variable,display_name,group,analysis_level,definition,formula,numerator,denominator,unit,token_rule,sentence_rule,method,preprocessing,missing_rule,zero_rule,conditional_sample,source_columns,source_dataset,source_scripts,validation_rule,interpretation,limitation,aliases
company_id,기업 안정 식별자,Identification,Firm-year identifier,CIK 기반으로 연도별 firm-year를 연결하는 안정 기업 식별자이다. 회사명과 ticker가 변해도 패널 결합의 우선 키로 사용한다.,company_id = stable identifier assigned from CIK,Not applicable,Not applicable,String identifier,Not applicable,Not applicable,SEC CIK identity mapping,String-preserved; no numeric arithmetic,"Missing identifier is a quality failure, not zero.",Not applicable,All firm-year observations,company_id,panel_2020_2025/firm_year_language_extended.csv,scripts/build_2020_2025_language_panel.py,company_id + report_year duplicate count = 0,Longitudinal firm key.,Corporate succession or legal issuer changes may require manual identity review.,
source_company_id,Source Company Id,Source / Derived,Firm-year,source_company_id is retained from the validated extended panel without remeasurement.,source_company_id = copied source value,Source-defined or not applicable,Source-defined or not applicable,Source value,Inherited from source measurement.,Inherited from source measurement.,Existing source measurement,No transformation beyond serialization.,Source missing remains null.,Source zero remains zero.,Source-defined sample,source_company_id,analysis/descriptive_2020_2025/firm_year_language_extended.csv,scripts/build_extended_language_panel.py,Source column exists; null semantics preserved.,Interpret according to the source variable dictionary.,This generated generic description must be supplemented before publication if the variable is used as a primary construct.,
sample_order,Sample Order,Source / Derived,Firm-year,sample_order is retained from the validated extended panel without remeasurement.,sample_order = copied source value,Source-defined or not applicable,Source-defined or not applicable,Source value,Inherited from source measurement.,Inherited from source measurement.,Existing source measurement,No transformation beyond serialization.,Source missing remains null.,Source zero remains zero.,Source-defined sample,sample_order,analysis/descriptive_2020_2025/firm_year_language_extended.csv,scripts/build_extended_language_panel.py,Source column exists; null semantics preserved.,Interpret according to the source variable dictionary.,This generated generic description must be supplemented before publication if the variable is used as a primary construct.,
batch_id,Batch Id,Source / Derived,Firm-year,batch_id is retained from the validated extended panel without remeasurement.,batch_id = copied source value,Source-defined or not applicable,Source-defined or not applicable,Source value,Inherited from source measurement.,Inherited from source measurement.,Existing source measurement,No transformation beyond serialization.,Source missing remains null.,Source zero remains zero.,Source-defined sample,batch_id,analysis/descriptive_2020_2025/firm_year_language_extended.csv,scripts/build_extended_language_panel.py,Source column exists; null semantics preserved.,Interpret according to the source variable dictionary.,This generated generic description must be supplemented before publication if the variable is used as a primary construct.,
report_date,Report Date,Source / Derived,Firm-year,report_date is retained from the validated extended panel without remeasurement.,report_date = copied source value,Source-defined or not applicable,Source-defined or not applicable,Source value,Inherited from source measurement.,Inherited from source measurement.,Existing source measurement,No transformation beyond serialization.,Source missing remains null.,Source zero remains zero.,Source-defined sample,report_date,analysis/descriptive_2020_2025/firm_year_language_extended.csv,scripts/build_extended_language_panel.py,Source column exists; null semantics preserved.,Interpret according to the source variable dictionary.,This generated generic description must be supplemented before publication if the variable is used as a primary construct.,
form,Form,Source / Derived,Firm-year,form is retained from the validated extended panel without remeasurement.,form = copied source value,Source-defined or not applicable,Source-defined or not applicable,Source value,Inherited from source measurement.,Inherited from source measurement.,Existing source measurement,No transformation beyond serialization.,Source missing remains null.,Source zero remains zero.,Source-defined sample,form,analysis/descriptive_2020_2025/firm_year_language_extended.csv,scripts/build_extended_language_panel.py,Source column exists; null semantics preserved.,Interpret according to the source variable dictionary.,This generated generic description must be supplemented before publication if the variable is used as a primary construct.,
r2_object_key,R2 Object Key,Source / Derived,Firm-year,r2_object_key is retained from the validated extended panel without remeasurement.,r2_object_key = copied source value,Source-defined or not applicable,Source-defined or not applicable,Source value,Inherited from source measurement.,Inherited from source measurement.,Existing source measurement,No transformation beyond serialization.,Source missing remains null.,Source zero remains zero.,Source-defined sample,r2_object_key,analysis/descriptive_2020_2025/firm_year_language_extended.csv,scripts/build_extended_language_panel.py,Source column exists; null semantics preserved.,Interpret according to the source variable dictionary.,This generated generic description must be supplemented before publication if the variable is used as a primary construct.,
cik,Cik,Source / Derived,Firm-year,cik is retained from the validated extended panel without remeasurement.,cik = copied source value,Source-defined or not applicable,Source-defined or not applicable,Source value,Inherited from source measurement.,Inherited from source measurement.,Existing source measurement,No transformation beyond serialization.,Source missing remains null.,Source zero remains zero.,Source-defined sample,cik,analysis/descriptive_2020_2025/firm_year_language_extended.csv,scripts/build_extended_language_panel.py,Source column exists; null semantics preserved.,Interpret according to the source variable dictionary.,This generated generic description must be supplemented before publication if the variable is used as a primary construct.,
ticker,Ticker,Source / Derived,Firm-year,ticker is retained from the validated extended panel without remeasurement.,ticker = copied source value,Source-defined or not applicable,Source-defined or not applicable,Source value,Inherited from source measurement.,Inherited from source measurement.,Existing source measurement,No transformation beyond serialization.,Source missing remains null.,Source zero remains zero.,Source-defined sample,ticker,analysis/descriptive_2020_2025/firm_year_language_extended.csv,scripts/build_extended_language_panel.py,Source column exists; null semantics preserved.,Interpret according to the source variable dictionary.,This generated generic description must be supplemented before publication if the variable is used as a primary construct.,
company_name,Company Name,Source / Derived,Firm-year,company_name is retained from the validated extended panel without remeasurement.,company_name = copied source value,Source-defined or not applicable,Source-defined or not applicable,Source value,Inherited from source measurement.,Inherited from source measurement.,Existing source measurement,No transformation beyond serialization.,Source missing remains null.,Source zero remains zero.,Source-defined sample,company_name,analysis/descriptive_2020_2025/firm_year_language_extended.csv,scripts/build_extended_language_panel.py,Source column exists; null semantics preserved.,Interpret according to the source variable dictionary.,This generated generic description must be supplemented before publication if the variable is used as a primary construct.,
accession_number,Accession Number,Source / Derived,Firm-year,accession_number is retained from the validated extended panel without remeasurement.,accession_number = copied source value,Source-defined or not applicable,Source-defined or not applicable,Source value,Inherited from source measurement.,Inherited from source measurement.,Existing source measurement,No transformation beyond serialization.,Source missing remains null.,Source zero remains zero.,Source-defined sample,accession_number,analysis/descriptive_2020_2025/firm_year_language_extended.csv,scripts/build_extended_language_panel.py,Source column exists; null semantics preserved.,Interpret according to the source variable dictionary.,This generated generic description must be supplemented before publication if the variable is used as a primary construct.,
report_year,보고연도,Identification,Firm-year identifier,10-K의 reportDate 연도이며 filing year와 구분되는 연구 시간축이다.,report_year = year(report_date),Not applicable,Not applicable,Calendar year,Not applicable,Not applicable,SEC filing metadata,Integer cast after date validation,Missing report year is invalid.,Zero is invalid.,All firm-year observations,report_year,panel_2020_2025/firm_year_language_extended.csv,scripts/build_2020_2025_language_panel.py,Values must be in 2020–2025.,Research year.,It is not necessarily the SEC filing submission year.,
filing_date,Filing Date,Source / Derived,Firm-year,filing_date is retained from the validated extended panel without remeasurement.,filing_date = copied source value,Source-defined or not applicable,Source-defined or not applicable,Source value,Inherited from source measurement.,Inherited from source measurement.,Existing source measurement,No transformation beyond serialization.,Source missing remains null.,Source zero remains zero.,Source-defined sample,filing_date,analysis/descriptive_2020_2025/firm_year_language_extended.csv,scripts/build_extended_language_panel.py,Source column exists; null semantics preserved.,Interpret according to the source variable dictionary.,This generated generic description must be supplemented before publication if the variable is used as a primary construct.,
parser_version,Parser Version,Source / Derived,Firm-year,parser_version is retained from the validated extended panel without remeasurement.,parser_version = copied source value,Source-defined or not applicable,Source-defined or not applicable,Source value,Inherited from source measurement.,Inherited from source measurement.,Existing source measurement,No transformation beyond serialization.,Source missing remains null.,Source zero remains zero.,Source-defined sample,parser_version,analysis/descriptive_2020_2025/firm_year_language_extended.csv,scripts/build_extended_language_panel.py,Source column exists; null semantics preserved.,Interpret according to the source variable dictionary.,This generated generic description must be supplemented before publication if the variable is used as a primary construct.,
language_measurement_version,Language Measurement Version,Source / Derived,Firm-year,language_measurement_version is retained from the validated extended panel without remeasurement.,language_measurement_version = copied source value,Source-defined or not applicable,Source-defined or not applicable,Source value,Inherited from source measurement.,Inherited from source measurement.,Existing source measurement,No transformation beyond serialization.,Source missing remains null.,Source zero remains zero.,Source-defined sample,language_measurement_version,analysis/descriptive_2020_2025/firm_year_language_extended.csv,scripts/build_extended_language_panel.py,Source column exists; null semantics preserved.,Interpret according to the source variable dictionary.,This generated generic description must be supplemented before publication if the variable is used as a primary construct.,
ai_disclosure_binary,Ai Disclosure Binary,Source / Derived,Firm-year,ai_disclosure_binary is retained from the validated extended panel without remeasurement.,ai_disclosure_binary = copied source value,Source-defined or not applicable,Source-defined or not applicable,Source value,Inherited from source measurement.,Inherited from source measurement.,Existing source measurement,No transformation beyond serialization.,Source missing remains null.,Source zero remains zero.,Source-defined sample,ai_disclosure_binary,analysis/descriptive_2020_2025/firm_year_language_extended.csv,scripts/build_extended_language_panel.py,Source column exists; null semantics preserved.,Interpret according to the source variable dictionary.,This generated generic description must be supplemented before publication if the variable is used as a primary construct.,
ai_term_count,Ai Term Count,Source / Derived,Firm-year,ai_term_count is retained from the validated extended panel without remeasurement.,ai_term_count = source-defined eligible unit count,Source-defined or not applicable,Source-defined or not applicable,Count,Inherited from source measurement.,Inherited from source measurement.,Existing source measurement,No transformation beyond serialization.,Source missing remains null.,Source zero remains zero.,Source-defined sample,ai_term_count,analysis/descriptive_2020_2025/firm_year_language_extended.csv,scripts/build_extended_language_panel.py,Source column exists; null semantics preserved.,Interpret according to the source variable dictionary.,This generated generic description must be supplemented before publication if the variable is used as a primary construct.,
ai_terms_per_1000_words,Ai Terms Per 1000 Words,Source / Derived,Firm-year,ai_terms_per_1000_words is retained from the validated extended panel without remeasurement.,ai_terms_per_1000_words = copied source value,Source-defined or not applicable,Source-defined or not applicable,Source value,Inherited from source measurement.,Inherited from source measurement.,Existing source measurement,No transformation beyond serialization.,Source missing remains null.,Source zero remains zero.,Source-defined sample,ai_terms_per_1000_words,analysis/descriptive_2020_2025/firm_year_language_extended.csv,scripts/build_extended_language_panel.py,Source column exists; null semantics preserved.,Interpret according to the source variable dictionary.,This generated generic description must be supplemented before publication if the variable is used as a primary construct.,
total_analysis_word_count,Total Analysis Word Count,Source / Derived,Firm-year,total_analysis_word_count is retained from the validated extended panel without remeasurement.,total_analysis_word_count = source-defined eligible unit count,Source-defined or not applicable,Source-defined or not applicable,Count,Inherited from source measurement.,Inherited from source measurement.,Existing source measurement,No transformation beyond serialization.,Source missing remains null.,Source zero remains zero.,Source-defined sample,total_analysis_word_count,analysis/descriptive_2020_2025/firm_year_language_extended.csv,scripts/build_extended_language_panel.py,Source column exists; null semantics preserved.,Interpret according to the source variable dictionary.,This generated generic description must be supplemented before publication if the variable is used as a primary construct.,
total_analysis_sentence_count,Total Analysis Sentence Count,Source / Derived,Firm-year,total_analysis_sentence_count is retained from the validated extended panel without remeasurement.,total_analysis_sentence_count = source-defined eligible unit count,Source-defined or not applicable,Source-defined or not applicable,Count,Inherited from source measurement.,Inherited from source measurement.,Existing source measurement,No transformation beyond serialization.,Source missing remains null.,Source zero remains zero.,Source-defined sample,total_analysis_sentence_count,analysis/descriptive_2020_2025/firm_year_language_extended.csv,scripts/build_extended_language_panel.py,Source column exists; null semantics preserved.,Interpret according to the source variable dictionary.,This generated generic description must be supplemented before publication if the variable is used as a primary construct.,
ai_sentence_count,AI 직접 문장 수,AI Communication,Firm-year and AI direct sentences,기존 AI matcher가 추출한 비중복 AI 관련 문장의 firm-year별 개수이다. 전체 표본 평균은 미공시 firm-year의 0을 포함한다.,AI Sentence Countᵢₜ = Σₛ 1(sentence s contains a non-overlapping AI match),Count of matched AI direct sentences,해당 없음,Sentences,Existing AI dictionary and word-boundary matcher,Existing sentence segmentation; each qualifying sentence counted once regardless of multiple matches.,scripts/run_language_full_sample.py,Cleaned analysis text; overlapping term matches are resolved by existing matcher.,Source missing remains missing.,No qualifying sentence = 0.,All firm-year observations,ai_sentence_count,analysis/descriptive_2020_2025/firm_year_language_extended.csv,scripts/language_measurement_common.py|scripts/run_language_full_sample.py,Non-negative integer; sum agrees with AI sentence detail files where available.,"Textual AI communication intensity, not adoption.","Counts depend on dictionary coverage, sentence extraction and reporting style.",log1p_ai_sentence_count|ai_sentence_count_lag1|ai_sentence_count_change
ai_sentence_ratio,AI 문장 비율,AI Communication,Firm-year,AI 직접 문장 수를 전체 유효 분석 문장 수로 나눈 비율이다.,AI Sentence Ratioᵢₜ = AI Direct Sentence Countᵢₜ / Total Eligible Sentence Countᵢₜ,ai_sentence_count,total_analysis_sentence_count,Proportion,Not applicable beyond source sentence count,Eligible analysis sentences from existing extraction pipeline,Existing full-sample language pipeline,No remeasurement; source ratio copied,Missing when source denominator is unavailable.,Zero AI sentences yield zero when denominator is positive.,All firm-year observations,ai_sentence_ratio|ai_sentence_count|total_analysis_sentence_count,analysis/descriptive_2020_2025/firm_year_language_extended.csv,scripts/run_language_full_sample.py,"Non-negative and within [0, 1] when non-missing.",Relative AI sentence intensity.,Sensitive to section extraction and total sentence denominator.,
ai_detection_status,Ai Detection Status,Source / Derived,Firm-year,ai_detection_status is retained from the validated extended panel without remeasurement.,ai_detection_status = copied source value,Source-defined or not applicable,Source-defined or not applicable,Source value,Inherited from source measurement.,Inherited from source measurement.,Existing source measurement,No transformation beyond serialization.,Source missing remains null.,Source zero remains zero.,Source-defined sample,ai_detection_status,analysis/descriptive_2020_2025/firm_year_language_extended.csv,scripts/build_extended_language_panel.py,Source column exists; null semantics preserved.,Interpret according to the source variable dictionary.,This generated generic description must be supplemented before publication if the variable is used as a primary construct.,
ai_uncertainty_count,Ai Uncertainty Count,Source / Derived,Firm-year,ai_uncertainty_count is retained from the validated extended panel without remeasurement.,ai_uncertainty_count = source-defined eligible unit count,Source-defined or not applicable,Source-defined or not applicable,Count,Inherited from source measurement.,Inherited from source measurement.,Existing source measurement,No transformation beyond serialization.,Source missing remains null.,Source zero remains zero.,Source-defined sample,ai_uncertainty_count,analysis/descriptive_2020_2025/firm_year_language_extended.csv,scripts/build_extended_language_panel.py,Source column exists; null semantics preserved.,Interpret according to the source variable dictionary.,This generated generic description must be supplemented before publication if the variable is used as a primary construct.,
ai_uncertainty_ratio,Ai Uncertainty Ratio,Source / Derived,Firm-year,ai_uncertainty_ratio is retained from the validated extended panel without remeasurement.,ai_uncertainty_ratio = source-defined numerator / source-defined denominator,Source-defined or not applicable,Source-defined or not applicable,Proportion,Inherited from source measurement.,Inherited from source measurement.,Existing source measurement,No transformation beyond serialization.,Source missing remains null.,Source zero remains zero.,Source-defined sample,ai_uncertainty_ratio,analysis/descriptive_2020_2025/firm_year_language_extended.csv,scripts/build_extended_language_panel.py,Source column exists; null semantics preserved.,Interpret according to the source variable dictionary.,This generated generic description must be supplemented before publication if the variable is used as a primary construct.,
ai_litigious_count,Ai Litigious Count,Source / Derived,Firm-year,ai_litigious_count is retained from the validated extended panel without remeasurement.,ai_litigious_count = source-defined eligible unit count,Source-defined or not applicable,Source-defined or not applicable,Count,Inherited from source measurement.,Inherited from source measurement.,Existing source measurement,No transformation beyond serialization.,Source missing remains null.,Source zero remains zero.,Source-defined sample,ai_litigious_count,analysis/descriptive_2020_2025/firm_year_language_extended.csv,scripts/build_extended_language_panel.py,Source column exists; null semantics preserved.,Interpret according to the source variable dictionary.,This generated generic description must be supplemented before publication if the variable is used as a primary construct.,
ai_litigious_ratio,Ai Litigious Ratio,Source / Derived,Firm-year,ai_litigious_ratio is retained from the validated extended panel without remeasurement.,ai_litigious_ratio = source-defined numerator / source-defined denominator,Source-defined or not applicable,Source-defined or not applicable,Proportion,Inherited from source measurement.,Inherited from source measurement.,Existing source measurement,No transformation beyond serialization.,Source missing remains null.,Source zero remains zero.,Source-defined sample,ai_litigious_ratio,analysis/descriptive_2020_2025/firm_year_language_extended.csv,scripts/build_extended_language_panel.py,Source column exists; null semantics preserved.,Interpret according to the source variable dictionary.,This generated generic description must be supplemented before publication if the variable is used as a primary construct.,
ai_weak_modal_count,Ai Weak Modal Count,Source / Derived,Firm-year,ai_weak_modal_count is retained from the validated extended panel without remeasurement.,ai_weak_modal_count = source-defined eligible unit count,Source-defined or not applicable,Source-defined or not applicable,Count,Inherited from source measurement.,Inherited from source measurement.,Existing source measurement,No transformation beyond serialization.,Source missing remains null.,Source zero remains zero.,Source-defined sample,ai_weak_modal_count,analysis/descriptive_2020_2025/firm_year_language_extended.csv,scripts/build_extended_language_panel.py,Source column exists; null semantics preserved.,Interpret according to the source variable dictionary.,This generated generic description must be supplemented before publication if the variable is used as a primary construct.,
ai_weak_modal_ratio,Ai Weak Modal Ratio,Source / Derived,Firm-year,ai_weak_modal_ratio is retained from the validated extended panel without remeasurement.,ai_weak_modal_ratio = source-defined numerator / source-defined denominator,Source-defined or not applicable,Source-defined or not applicable,Proportion,Inherited from source measurement.,Inherited from source measurement.,Existing source measurement,No transformation beyond serialization.,Source missing remains null.,Source zero remains zero.,Source-defined sample,ai_weak_modal_ratio,analysis/descriptive_2020_2025/firm_year_language_extended.csv,scripts/build_extended_language_panel.py,Source column exists; null semantics preserved.,Interpret according to the source variable dictionary.,This generated generic description must be supplemented before publication if the variable is used as a primary construct.,
ai_strong_modal_count,Ai Strong Modal Count,Source / Derived,Firm-year,ai_strong_modal_count is retained from the validated extended panel without remeasurement.,ai_strong_modal_count = source-defined eligible unit count,Source-defined or not applicable,Source-defined or not applicable,Count,Inherited from source measurement.,Inherited from source measurement.,Existing source measurement,No transformation beyond serialization.,Source missing remains null.,Source zero remains zero.,Source-defined sample,ai_strong_modal_count,analysis/descriptive_2020_2025/firm_year_language_extended.csv,scripts/build_extended_language_panel.py,Source column exists; null semantics preserved.,Interpret according to the source variable dictionary.,This generated generic description must be supplemented before publication if the variable is used as a primary construct.,
ai_strong_modal_ratio,Ai Strong Modal Ratio,Source / Derived,Firm-year,ai_strong_modal_ratio is retained from the validated extended panel without remeasurement.,ai_strong_modal_ratio = source-defined numerator / source-defined denominator,Source-defined or not applicable,Source-defined or not applicable,Proportion,Inherited from source measurement.,Inherited from source measurement.,Existing source measurement,No transformation beyond serialization.,Source missing remains null.,Source zero remains zero.,Source-defined sample,ai_strong_modal_ratio,analysis/descriptive_2020_2025/firm_year_language_extended.csv,scripts/build_extended_language_panel.py,Source column exists; null semantics preserved.,Interpret according to the source variable dictionary.,This generated generic description must be supplemented before publication if the variable is used as a primary construct.,
ai_constraining_count,Ai Constraining Count,Source / Derived,Firm-year,ai_constraining_count is retained from the validated extended panel without remeasurement.,ai_constraining_count = source-defined eligible unit count,Source-defined or not applicable,Source-defined or not applicable,Count,Inherited from source measurement.,Inherited from source measurement.,Existing source measurement,No transformation beyond serialization.,Source missing remains null.,Source zero remains zero.,Source-defined sample,ai_constraining_count,analysis/descriptive_2020_2025/firm_year_language_extended.csv,scripts/build_extended_language_panel.py,Source column exists; null semantics preserved.,Interpret according to the source variable dictionary.,This generated generic description must be supplemented before publication if the variable is used as a primary construct.,
ai_constraining_ratio,Ai Constraining Ratio,Source / Derived,Firm-year,ai_constraining_ratio is retained from the validated extended panel without remeasurement.,ai_constraining_ratio = source-defined numerator / source-defined denominator,Source-defined or not applicable,Source-defined or not applicable,Proportion,Inherited from source measurement.,Inherited from source measurement.,Existing source measurement,No transformation beyond serialization.,Source missing remains null.,Source zero remains zero.,Source-defined sample,ai_constraining_ratio,analysis/descriptive_2020_2025/firm_year_language_extended.csv,scripts/build_extended_language_panel.py,Source column exists; null semantics preserved.,Interpret according to the source variable dictionary.,This generated generic description must be supplemented before publication if the variable is used as a primary construct.,
ai_total_eligible_word_count,Ai Total Eligible Word Count,Source / Derived,Firm-year,ai_total_eligible_word_count is retained from the validated extended panel without remeasurement.,ai_total_eligible_word_count = source-defined eligible unit count,Source-defined or not applicable,Source-defined or not applicable,Count,Inherited from source measurement.,Inherited from source measurement.,Existing source measurement,No transformation beyond serialization.,Source missing remains null.,Source zero remains zero.,Source-defined sample,ai_total_eligible_word_count,analysis/descriptive_2020_2025/firm_year_language_extended.csv,scripts/build_extended_language_panel.py,Source column exists; null semantics preserved.,Interpret according to the source variable dictionary.,This generated generic description must be supplemented before publication if the variable is used as a primary construct.,
uncertainty_status,Uncertainty Status,Source / Derived,Firm-year,uncertainty_status is retained from the validated extended panel without remeasurement.,uncertainty_status = copied source value,Source-defined or not applicable,Source-defined or not applicable,Source value,Inherited from source measurement.,Inherited from source measurement.,Existing source measurement,No transformation beyond serialization.,Source missing remains null.,Source zero remains zero.,Source-defined sample,uncertainty_status,analysis/descriptive_2020_2025/firm_year_language_extended.csv,scripts/build_extended_language_panel.py,Source column exists; null semantics preserved.,Interpret according to the source variable dictionary.,This generated generic description must be supplemented before publication if the variable is used as a primary construct.,
ai_positive_count,Ai Positive Count,Source / Derived,Firm-year,ai_positive_count is retained from the validated extended panel without remeasurement.,ai_positive_count = source-defined eligible unit count,Source-defined or not applicable,Source-defined or not applicable,Count,Inherited from source measurement.,Inherited from source measurement.,Existing source measurement,No transformation beyond serialization.,Source missing remains null.,Source zero remains zero.,Source-defined sample,ai_positive_count,analysis/descriptive_2020_2025/firm_year_language_extended.csv,scripts/build_extended_language_panel.py,Source column exists; null semantics preserved.,Interpret according to the source variable dictionary.,This generated generic description must be supplemented before publication if the variable is used as a primary construct.,
ai_negative_count,Ai Negative Count,Source / Derived,Firm-year,ai_negative_count is retained from the validated extended panel without remeasurement.,ai_negative_count = source-defined eligible unit count,Source-defined or not applicable,Source-defined or not applicable,Count,Inherited from source measurement.,Inherited from source measurement.,Existing source measurement,No transformation beyond serialization.,Source missing remains null.,Source zero remains zero.,Source-defined sample,ai_negative_count,analysis/descriptive_2020_2025/firm_year_language_extended.csv,scripts/build_extended_language_panel.py,Source column exists; null semantics preserved.,Interpret according to the source variable dictionary.,This generated generic description must be supplemented before publication if the variable is used as a primary construct.,
ai_positive_ratio,Ai Positive Ratio,Source / Derived,Firm-year,ai_positive_ratio is retained from the validated extended panel without remeasurement.,ai_positive_ratio = source-defined numerator / source-defined denominator,Source-defined or not applicable,Source-defined or not applicable,Proportion,Inherited from source measurement.,Inherited from source measurement.,Existing source measurement,No transformation beyond serialization.,Source missing remains null.,Source zero remains zero.,Source-defined sample,ai_positive_ratio,analysis/descriptive_2020_2025/firm_year_language_extended.csv,scripts/build_extended_language_panel.py,Source column exists; null semantics preserved.,Interpret according to the source variable dictionary.,This generated generic description must be supplemented before publication if the variable is used as a primary construct.,
ai_negative_ratio,Ai Negative Ratio,Source / Derived,Firm-year,ai_negative_ratio is retained from the validated extended panel without remeasurement.,ai_negative_ratio = source-defined numerator / source-defined denominator,Source-defined or not applicable,Source-defined or not applicable,Proportion,Inherited from source measurement.,Inherited from source measurement.,Existing source measurement,No transformation beyond serialization.,Source missing remains null.,Source zero remains zero.,Source-defined sample,ai_negative_ratio,analysis/descriptive_2020_2025/firm_year_language_extended.csv,scripts/build_extended_language_panel.py,Source column exists; null semantics preserved.,Interpret according to the source variable dictionary.,This generated generic description must be supplemented before publication if the variable is used as a primary construct.,
ai_net_tone,Ai Net Tone,Source / Derived,Firm-year,ai_net_tone is retained from the validated extended panel without remeasurement.,ai_net_tone = copied source value,Source-defined or not applicable,Source-defined or not applicable,Source value,Inherited from source measurement.,Inherited from source measurement.,Existing source measurement,No transformation beyond serialization.,Source missing remains null.,Source zero remains zero.,Source-defined sample,ai_net_tone,analysis/descriptive_2020_2025/firm_year_language_extended.csv,scripts/build_extended_language_panel.py,Source column exists; null semantics preserved.,Interpret according to the source variable dictionary.,This generated generic description must be supplemented before publication if the variable is used as a primary construct.,
ai_sentiment_word_coverage,Ai Sentiment Word Coverage,Source / Derived,Firm-year,ai_sentiment_word_coverage is retained from the validated extended panel without remeasurement.,ai_sentiment_word_coverage = source-defined numerator / source-defined denominator,Source-defined or not applicable,Source-defined or not applicable,Proportion,Inherited from source measurement.,Inherited from source measurement.,Existing source measurement,No transformation beyond serialization.,Source missing remains null.,Source zero remains zero.,Source-defined sample,ai_sentiment_word_coverage,analysis/descriptive_2020_2025/firm_year_language_extended.csv,scripts/build_extended_language_panel.py,Source column exists; null semantics preserved.,Interpret according to the source variable dictionary.,This generated generic description must be supplemented before publication if the variable is used as a primary construct.,
ai_net_tone_by_words,Ai Net Tone By Words,Source / Derived,Firm-year,ai_net_tone_by_words is retained from the validated extended panel without remeasurement.,ai_net_tone_by_words = copied source value,Source-defined or not applicable,Source-defined or not applicable,Source value,Inherited from source measurement.,Inherited from source measurement.,Existing source measurement,No transformation beyond serialization.,Source missing remains null.,Source zero remains zero.,Source-defined sample,ai_net_tone_by_words,analysis/descriptive_2020_2025/firm_year_language_extended.csv,scripts/build_extended_language_panel.py,Source column exists; null semantics preserved.,Interpret according to the source variable dictionary.,This generated generic description must be supplemented before publication if the variable is used as a primary construct.,
ai_total_lm_matched_word_count,Ai Total Lm Matched Word Count,Source / Derived,Firm-year,ai_total_lm_matched_word_count is retained from the validated extended panel without remeasurement.,ai_total_lm_matched_word_count = source-defined eligible unit count,Source-defined or not applicable,Source-defined or not applicable,Count,Inherited from source measurement.,Inherited from source measurement.,Existing source measurement,No transformation beyond serialization.,Source missing remains null.,Source zero remains zero.,Source-defined sample,ai_total_lm_matched_word_count,analysis/descriptive_2020_2025/firm_year_language_extended.csv,scripts/build_extended_language_panel.py,Source column exists; null semantics preserved.,Interpret according to the source variable dictionary.,This generated generic description must be supplemented before publication if the variable is used as a primary construct.,
sentiment_status,Sentiment Status,Source / Derived,Firm-year,sentiment_status is retained from the validated extended panel without remeasurement.,sentiment_status = copied source value,Source-defined or not applicable,Source-defined or not applicable,Source value,Inherited from source measurement.,Inherited from source measurement.,Existing source measurement,No transformation beyond serialization.,Source missing remains null.,Source zero remains zero.,Source-defined sample,sentiment_status,analysis/descriptive_2020_2025/firm_year_language_extended.csv,scripts/build_extended_language_panel.py,Source column exists; null semantics preserved.,Interpret according to the source variable dictionary.,This generated generic description must be supplemented before publication if the variable is used as a primary construct.,
ai_concreteness_mean,Ai Concreteness Mean,Source / Derived,Firm-year,ai_concreteness_mean is retained from the validated extended panel without remeasurement.,ai_concreteness_mean = copied source value,Source-defined or not applicable,Source-defined or not applicable,Source value,Inherited from source measurement.,Inherited from source measurement.,Existing source measurement,No transformation beyond serialization.,Source missing remains null.,Source zero remains zero.,Source-defined sample,ai_concreteness_mean,analysis/descriptive_2020_2025/firm_year_language_extended.csv,scripts/build_extended_language_panel.py,Source column exists; null semantics preserved.,Interpret according to the source variable dictionary.,This generated generic description must be supplemented before publication if the variable is used as a primary construct.,
ai_concreteness_median,Ai Concreteness Median,Source / Derived,Firm-year,ai_concreteness_median is retained from the validated extended panel without remeasurement.,ai_concreteness_median = copied source value,Source-defined or not applicable,Source-defined or not applicable,Source value,Inherited from source measurement.,Inherited from source measurement.,Existing source measurement,No transformation beyond serialization.,Source missing remains null.,Source zero remains zero.,Source-defined sample,ai_concreteness_median,analysis/descriptive_2020_2025/firm_year_language_extended.csv,scripts/build_extended_language_panel.py,Source column exists; null semantics preserved.,Interpret according to the source variable dictionary.,This generated generic description must be supplemented before publication if the variable is used as a primary construct.,
ai_concreteness_standard_deviation,Ai Concreteness Standard Deviation,Source / Derived,Firm-year,ai_concreteness_standard_deviation is retained from the validated extended panel without remeasurement.,ai_concreteness_standard_deviation = copied source value,Source-defined or not applicable,Source-defined or not applicable,Source value,Inherited from source measurement.,Inherited from source measurement.,Existing source measurement,No transformation beyond serialization.,Source missing remains null.,Source zero remains zero.,Source-defined sample,ai_concreteness_standard_deviation,analysis/descriptive_2020_2025/firm_year_language_extended.csv,scripts/build_extended_language_panel.py,Source column exists; null semantics preserved.,Interpret according to the source variable dictionary.,This generated generic description must be supplemented before publication if the variable is used as a primary construct.,
ai_concreteness_min,Ai Concreteness Min,Source / Derived,Firm-year,ai_concreteness_min is retained from the validated extended panel without remeasurement.,ai_concreteness_min = copied source value,Source-defined or not applicable,Source-defined or not applicable,Source value,Inherited from source measurement.,Inherited from source measurement.,Existing source measurement,No transformation beyond serialization.,Source missing remains null.,Source zero remains zero.,Source-defined sample,ai_concreteness_min,analysis/descriptive_2020_2025/firm_year_language_extended.csv,scripts/build_extended_language_panel.py,Source column exists; null semantics preserved.,Interpret according to the source variable dictionary.,This generated generic description must be supplemented before publication if the variable is used as a primary construct.,
ai_concreteness_max,Ai Concreteness Max,Source / Derived,Firm-year,ai_concreteness_max is retained from the validated extended panel without remeasurement.,ai_concreteness_max = copied source value,Source-defined or not applicable,Source-defined or not applicable,Source value,Inherited from source measurement.,Inherited from source measurement.,Existing source measurement,No transformation beyond serialization.,Source missing remains null.,Source zero remains zero.,Source-defined sample,ai_concreteness_max,analysis/descriptive_2020_2025/firm_year_language_extended.csv,scripts/build_extended_language_panel.py,Source column exists; null semantics preserved.,Interpret according to the source variable dictionary.,This generated generic description must be supplemented before publication if the variable is used as a primary construct.,
ai_concreteness_matched_token_count,Ai Concreteness Matched Token Count,Source / Derived,Firm-year,ai_concreteness_matched_token_count is retained from the validated extended panel without remeasurement.,ai_concreteness_matched_token_count = source-defined eligible unit count,Source-defined or not applicable,Source-defined or not applicable,Count,Inherited from source measurement.,Inherited from source measurement.,Existing source measurement,No transformation beyond serialization.,Source missing remains null.,Source zero remains zero.,Source-defined sample,ai_concreteness_matched_token_count,analysis/descriptive_2020_2025/firm_year_language_extended.csv,scripts/build_extended_language_panel.py,Source column exists; null semantics preserved.,Interpret according to the source variable dictionary.,This generated generic description must be supplemented before publication if the variable is used as a primary construct.,
ai_concreteness_eligible_token_count,Ai Concreteness Eligible Token Count,Source / Derived,Firm-year,ai_concreteness_eligible_token_count is retained from the validated extended panel without remeasurement.,ai_concreteness_eligible_token_count = source-defined eligible unit count,Source-defined or not applicable,Source-defined or not applicable,Count,Inherited from source measurement.,Inherited from source measurement.,Existing source measurement,No transformation beyond serialization.,Source missing remains null.,Source zero remains zero.,Source-defined sample,ai_concreteness_eligible_token_count,analysis/descriptive_2020_2025/firm_year_language_extended.csv,scripts/build_extended_language_panel.py,Source column exists; null semantics preserved.,Interpret according to the source variable dictionary.,This generated generic description must be supplemented before publication if the variable is used as a primary construct.,
ai_concreteness_unmatched_token_count,Ai Concreteness Unmatched Token Count,Source / Derived,Firm-year,ai_concreteness_unmatched_token_count is retained from the validated extended panel without remeasurement.,ai_concreteness_unmatched_token_count = source-defined eligible unit count,Source-defined or not applicable,Source-defined or not applicable,Count,Inherited from source measurement.,Inherited from source measurement.,Existing source measurement,No transformation beyond serialization.,Source missing remains null.,Source zero remains zero.,Source-defined sample,ai_concreteness_unmatched_token_count,analysis/descriptive_2020_2025/firm_year_language_extended.csv,scripts/build_extended_language_panel.py,Source column exists; null semantics preserved.,Interpret according to the source variable dictionary.,This generated generic description must be supplemented before publication if the variable is used as a primary construct.,
ai_concreteness_coverage,Ai Concreteness Coverage,Source / Derived,Firm-year,ai_concreteness_coverage is retained from the validated extended panel without remeasurement.,ai_concreteness_coverage = source-defined numerator / source-defined denominator,Source-defined or not applicable,Source-defined or not applicable,Proportion,Inherited from source measurement.,Inherited from source measurement.,Existing source measurement,No transformation beyond serialization.,Source missing remains null.,Source zero remains zero.,Source-defined sample,ai_concreteness_coverage,analysis/descriptive_2020_2025/firm_year_language_extended.csv,scripts/build_extended_language_panel.py,Source column exists; null semantics preserved.,Interpret according to the source variable dictionary.,This generated generic description must be supplemented before publication if the variable is used as a primary construct.,
ai_concreteness_unique_dictionary_entries,Ai Concreteness Unique Dictionary Entries,Source / Derived,Firm-year,ai_concreteness_unique_dictionary_entries is retained from the validated extended panel without remeasurement.,ai_concreteness_unique_dictionary_entries = copied source value,Source-defined or not applicable,Source-defined or not applicable,Source value,Inherited from source measurement.,Inherited from source measurement.,Existing source measurement,No transformation beyond serialization.,Source missing remains null.,Source zero remains zero.,Source-defined sample,ai_concreteness_unique_dictionary_entries,analysis/descriptive_2020_2025/firm_year_language_extended.csv,scripts/build_extended_language_panel.py,Source column exists; null semantics preserved.,Interpret according to the source variable dictionary.,This generated generic description must be supplemented before publication if the variable is used as a primary construct.,
ai_concreteness_stem_collision_count,Ai Concreteness Stem Collision Count,Source / Derived,Firm-year,ai_concreteness_stem_collision_count is retained from the validated extended panel without remeasurement.,ai_concreteness_stem_collision_count = source-defined eligible unit count,Source-defined or not applicable,Source-defined or not applicable,Count,Inherited from source measurement.,Inherited from source measurement.,Existing source measurement,No transformation beyond serialization.,Source missing remains null.,Source zero remains zero.,Source-defined sample,ai_concreteness_stem_collision_count,analysis/descriptive_2020_2025/firm_year_language_extended.csv,scripts/build_extended_language_panel.py,Source column exists; null semantics preserved.,Interpret according to the source variable dictionary.,This generated generic description must be supplemented before publication if the variable is used as a primary construct.,
ai_concreteness_status,Ai Concreteness Status,Source / Derived,Firm-year,ai_concreteness_status is retained from the validated extended panel without remeasurement.,ai_concreteness_status = copied source value,Source-defined or not applicable,Source-defined or not applicable,Source value,Inherited from source measurement.,Inherited from source measurement.,Existing source measurement,No transformation beyond serialization.,Source missing remains null.,Source zero remains zero.,Source-defined sample,ai_concreteness_status,analysis/descriptive_2020_2025/firm_year_language_extended.csv,scripts/build_extended_language_panel.py,Source column exists; null semantics preserved.,Interpret according to the source variable dictionary.,This generated generic description must be supplemented before publication if the variable is used as a primary construct.,
report_concreteness_mean,Report Concreteness Mean,Source / Derived,Firm-year,report_concreteness_mean is retained from the validated extended panel without remeasurement.,report_concreteness_mean = copied source value,Source-defined or not applicable,Source-defined or not applicable,Source value,Inherited from source measurement.,Inherited from source measurement.,Existing source measurement,No transformation beyond serialization.,Source missing remains null.,Source zero remains zero.,Source-defined sample,report_concreteness_mean,analysis/descriptive_2020_2025/firm_year_language_extended.csv,scripts/build_extended_language_panel.py,Source column exists; null semantics preserved.,Interpret according to the source variable dictionary.,This generated generic description must be supplemented before publication if the variable is used as a primary construct.,
report_concreteness_median,Report Concreteness Median,Source / Derived,Firm-year,report_concreteness_median is retained from the validated extended panel without remeasurement.,report_concreteness_median = copied source value,Source-defined or not applicable,Source-defined or not applicable,Source value,Inherited from source measurement.,Inherited from source measurement.,Existing source measurement,No transformation beyond serialization.,Source missing remains null.,Source zero remains zero.,Source-defined sample,report_concreteness_median,analysis/descriptive_2020_2025/firm_year_language_extended.csv,scripts/build_extended_language_panel.py,Source column exists; null semantics preserved.,Interpret according to the source variable dictionary.,This generated generic description must be supplemented before publication if the variable is used as a primary construct.,
report_concreteness_standard_deviation,Report Concreteness Standard Deviation,Source / Derived,Firm-year,report_concreteness_standard_deviation is retained from the validated extended panel without remeasurement.,report_concreteness_standard_deviation = copied source value,Source-defined or not applicable,Source-defined or not applicable,Source value,Inherited from source measurement.,Inherited from source measurement.,Existing source measurement,No transformation beyond serialization.,Source missing remains null.,Source zero remains zero.,Source-defined sample,report_concreteness_standard_deviation,analysis/descriptive_2020_2025/firm_year_language_extended.csv,scripts/build_extended_language_panel.py,Source column exists; null semantics preserved.,Interpret according to the source variable dictionary.,This generated generic description must be supplemented before publication if the variable is used as a primary construct.,
report_concreteness_min,Report Concreteness Min,Source / Derived,Firm-year,report_concreteness_min is retained from the validated extended panel without remeasurement.,report_concreteness_min = copied source value,Source-defined or not applicable,Source-defined or not applicable,Source value,Inherited from source measurement.,Inherited from source measurement.,Existing source measurement,No transformation beyond serialization.,Source missing remains null.,Source zero remains zero.,Source-defined sample,report_concreteness_min,analysis/descriptive_2020_2025/firm_year_language_extended.csv,scripts/build_extended_language_panel.py,Source column exists; null semantics preserved.,Interpret according to the source variable dictionary.,This generated generic description must be supplemented before publication if the variable is used as a primary construct.,
report_concreteness_max,Report Concreteness Max,Source / Derived,Firm-year,report_concreteness_max is retained from the validated extended panel without remeasurement.,report_concreteness_max = copied source value,Source-defined or not applicable,Source-defined or not applicable,Source value,Inherited from source measurement.,Inherited from source measurement.,Existing source measurement,No transformation beyond serialization.,Source missing remains null.,Source zero remains zero.,Source-defined sample,report_concreteness_max,analysis/descriptive_2020_2025/firm_year_language_extended.csv,scripts/build_extended_language_panel.py,Source column exists; null semantics preserved.,Interpret according to the source variable dictionary.,This generated generic description must be supplemented before publication if the variable is used as a primary construct.,
report_concreteness_matched_token_count,Report Concreteness Matched Token Count,Source / Derived,Firm-year,report_concreteness_matched_token_count is retained from the validated extended panel without remeasurement.,report_concreteness_matched_token_count = source-defined eligible unit count,Source-defined or not applicable,Source-defined or not applicable,Count,Inherited from source measurement.,Inherited from source measurement.,Existing source measurement,No transformation beyond serialization.,Source missing remains null.,Source zero remains zero.,Source-defined sample,report_concreteness_matched_token_count,analysis/descriptive_2020_2025/firm_year_language_extended.csv,scripts/build_extended_language_panel.py,Source column exists; null semantics preserved.,Interpret according to the source variable dictionary.,This generated generic description must be supplemented before publication if the variable is used as a primary construct.,
report_concreteness_eligible_token_count,Report Concreteness Eligible Token Count,Source / Derived,Firm-year,report_concreteness_eligible_token_count is retained from the validated extended panel without remeasurement.,report_concreteness_eligible_token_count = source-defined eligible unit count,Source-defined or not applicable,Source-defined or not applicable,Count,Inherited from source measurement.,Inherited from source measurement.,Existing source measurement,No transformation beyond serialization.,Source missing remains null.,Source zero remains zero.,Source-defined sample,report_concreteness_eligible_token_count,analysis/descriptive_2020_2025/firm_year_language_extended.csv,scripts/build_extended_language_panel.py,Source column exists; null semantics preserved.,Interpret according to the source variable dictionary.,This generated generic description must be supplemented before publication if the variable is used as a primary construct.,
report_concreteness_unmatched_token_count,Report Concreteness Unmatched Token Count,Source / Derived,Firm-year,report_concreteness_unmatched_token_count is retained from the validated extended panel without remeasurement.,report_concreteness_unmatched_token_count = source-defined eligible unit count,Source-defined or not applicable,Source-defined or not applicable,Count,Inherited from source measurement.,Inherited from source measurement.,Existing source measurement,No transformation beyond serialization.,Source missing remains null.,Source zero remains zero.,Source-defined sample,report_concreteness_unmatched_token_count,analysis/descriptive_2020_2025/firm_year_language_extended.csv,scripts/build_extended_language_panel.py,Source column exists; null semantics preserved.,Interpret according to the source variable dictionary.,This generated generic description must be supplemented before publication if the variable is used as a primary construct.,
report_concreteness_coverage,Report Concreteness Coverage,Source / Derived,Firm-year,report_concreteness_coverage is retained from the validated extended panel without remeasurement.,report_concreteness_coverage = source-defined numerator / source-defined denominator,Source-defined or not applicable,Source-defined or not applicable,Proportion,Inherited from source measurement.,Inherited from source measurement.,Existing source measurement,No transformation beyond serialization.,Source missing remains null.,Source zero remains zero.,Source-defined sample,report_concreteness_coverage,analysis/descriptive_2020_2025/firm_year_language_extended.csv,scripts/build_extended_language_panel.py,Source column exists; null semantics preserved.,Interpret according to the source variable dictionary.,This generated generic description must be supplemented before publication if the variable is used as a primary construct.,
report_concreteness_unique_dictionary_entries,Report Concreteness Unique Dictionary Entries,Source / Derived,Firm-year,report_concreteness_unique_dictionary_entries is retained from the validated extended panel without remeasurement.,report_concreteness_unique_dictionary_entries = copied source value,Source-defined or not applicable,Source-defined or not applicable,Source value,Inherited from source measurement.,Inherited from source measurement.,Existing source measurement,No transformation beyond serialization.,Source missing remains null.,Source zero remains zero.,Source-defined sample,report_concreteness_unique_dictionary_entries,analysis/descriptive_2020_2025/firm_year_language_extended.csv,scripts/build_extended_language_panel.py,Source column exists; null semantics preserved.,Interpret according to the source variable dictionary.,This generated generic description must be supplemented before publication if the variable is used as a primary construct.,
report_concreteness_stem_collision_count,Report Concreteness Stem Collision Count,Source / Derived,Firm-year,report_concreteness_stem_collision_count is retained from the validated extended panel without remeasurement.,report_concreteness_stem_collision_count = source-defined eligible unit count,Source-defined or not applicable,Source-defined or not applicable,Count,Inherited from source measurement.,Inherited from source measurement.,Existing source measurement,No transformation beyond serialization.,Source missing remains null.,Source zero remains zero.,Source-defined sample,report_concreteness_stem_collision_count,analysis/descriptive_2020_2025/firm_year_language_extended.csv,scripts/build_extended_language_panel.py,Source column exists; null semantics preserved.,Interpret according to the source variable dictionary.,This generated generic description must be supplemented before publication if the variable is used as a primary construct.,
report_concreteness_status,Report Concreteness Status,Source / Derived,Firm-year,report_concreteness_status is retained from the validated extended panel without remeasurement.,report_concreteness_status = copied source value,Source-defined or not applicable,Source-defined or not applicable,Source value,Inherited from source measurement.,Inherited from source measurement.,Existing source measurement,No transformation beyond serialization.,Source missing remains null.,Source zero remains zero.,Source-defined sample,report_concreteness_status,analysis/descriptive_2020_2025/firm_year_language_extended.csv,scripts/build_extended_language_panel.py,Source column exists; null semantics preserved.,Interpret according to the source variable dictionary.,This generated generic description must be supplemented before publication if the variable is used as a primary construct.,
report_word_count,보고서 유효 단어 수,Document Controls,Whole 10-K report,hidden metadata와 제외된 table block을 처리한 분석 텍스트에서 WORD_RE로 추출한 alphabetic-containing token의 수이다.,Wordsᵢₜ = Σₖ 1(token k matches WORD_RE and contains alphabetic character),Count of eligible word tokens,해당 없음,Words,WORD_RE tokenization; alphabetic-containing tokens,All included analysis sentences,language_measurement_common.tokens(),"Cleaned analysis text, tables handled by extraction pipeline",Missing when source text control is missing.,Empty valid text = 0 only when source explicitly records it.,All firm-year observations,report_word_count,analysis/descriptive_2020_2025/firm_year_language_extended.csv,scripts/measure_report_level_controls.py|scripts/language_measurement_common.py,Non-negative integer.,Report length in eligible tokens.,"Length is affected by filing structure, regulation and extraction choices.",log_report_word_count
log_report_word_count,Log Report Word Count,Source / Derived,Firm-year,log_report_word_count is retained from the validated extended panel without remeasurement.,log_report_word_count = source-defined eligible unit count,Source-defined or not applicable,Source-defined or not applicable,Count,Inherited from source measurement.,Inherited from source measurement.,Existing source measurement,No transformation beyond serialization.,Source missing remains null.,Source zero remains zero.,Source-defined sample,log_report_word_count,analysis/descriptive_2020_2025/firm_year_language_extended.csv,scripts/build_extended_language_panel.py,Source column exists; null semantics preserved.,Interpret according to the source variable dictionary.,This generated generic description must be supplemented before publication if the variable is used as a primary construct.,
report_sentence_count,Report Sentence Count,Source / Derived,Firm-year,report_sentence_count is retained from the validated extended panel without remeasurement.,report_sentence_count = source-defined eligible unit count,Source-defined or not applicable,Source-defined or not applicable,Count,Inherited from source measurement.,Inherited from source measurement.,Existing source measurement,No transformation beyond serialization.,Source missing remains null.,Source zero remains zero.,Source-defined sample,report_sentence_count,analysis/descriptive_2020_2025/firm_year_language_extended.csv,scripts/build_extended_language_panel.py,Source column exists; null semantics preserved.,Interpret according to the source variable dictionary.,This generated generic description must be supplemented before publication if the variable is used as a primary construct.,
report_paragraph_count,Report Paragraph Count,Source / Derived,Firm-year,report_paragraph_count is retained from the validated extended panel without remeasurement.,report_paragraph_count = source-defined eligible unit count,Source-defined or not applicable,Source-defined or not applicable,Count,Inherited from source measurement.,Inherited from source measurement.,Existing source measurement,No transformation beyond serialization.,Source missing remains null.,Source zero remains zero.,Source-defined sample,report_paragraph_count,analysis/descriptive_2020_2025/firm_year_language_extended.csv,scripts/build_extended_language_panel.py,Source column exists; null semantics preserved.,Interpret according to the source variable dictionary.,This generated generic description must be supplemented before publication if the variable is used as a primary construct.,
report_mean_sentence_length,Report Mean Sentence Length,Source / Derived,Firm-year,report_mean_sentence_length is retained from the validated extended panel without remeasurement.,report_mean_sentence_length = copied source value,Source-defined or not applicable,Source-defined or not applicable,Source value,Inherited from source measurement.,Inherited from source measurement.,Existing source measurement,No transformation beyond serialization.,Source missing remains null.,Source zero remains zero.,Source-defined sample,report_mean_sentence_length,analysis/descriptive_2020_2025/firm_year_language_extended.csv,scripts/build_extended_language_panel.py,Source column exists; null semantics preserved.,Interpret according to the source variable dictionary.,This generated generic description must be supplemented before publication if the variable is used as a primary construct.,
report_fog_index,Report Fog Index,Source / Derived,Firm-year,report_fog_index is retained from the validated extended panel without remeasurement.,report_fog_index = copied source value,Source-defined or not applicable,Source-defined or not applicable,Source value,Inherited from source measurement.,Inherited from source measurement.,Existing source measurement,No transformation beyond serialization.,Source missing remains null.,Source zero remains zero.,Source-defined sample,report_fog_index,analysis/descriptive_2020_2025/firm_year_language_extended.csv,scripts/build_extended_language_panel.py,Source column exists; null semantics preserved.,Interpret according to the source variable dictionary.,This generated generic description must be supplemented before publication if the variable is used as a primary construct.,
report_numeric_token_ratio,Report Numeric Token Ratio,Source / Derived,Firm-year,report_numeric_token_ratio is retained from the validated extended panel without remeasurement.,report_numeric_token_ratio = source-defined numerator / source-defined denominator,Source-defined or not applicable,Source-defined or not applicable,Proportion,Inherited from source measurement.,Inherited from source measurement.,Existing source measurement,No transformation beyond serialization.,Source missing remains null.,Source zero remains zero.,Source-defined sample,report_numeric_token_ratio,analysis/descriptive_2020_2025/firm_year_language_extended.csv,scripts/build_extended_language_panel.py,Source column exists; null semantics preserved.,Interpret according to the source variable dictionary.,This generated generic description must be supplemented before publication if the variable is used as a primary construct.,
report_ai_term_count,Report Ai Term Count,Source / Derived,Firm-year,report_ai_term_count is retained from the validated extended panel without remeasurement.,report_ai_term_count = source-defined eligible unit count,Source-defined or not applicable,Source-defined or not applicable,Count,Inherited from source measurement.,Inherited from source measurement.,Existing source measurement,No transformation beyond serialization.,Source missing remains null.,Source zero remains zero.,Source-defined sample,report_ai_term_count,analysis/descriptive_2020_2025/firm_year_language_extended.csv,scripts/build_extended_language_panel.py,Source column exists; null semantics preserved.,Interpret according to the source variable dictionary.,This generated generic description must be supplemented before publication if the variable is used as a primary construct.,
report_ai_terms_per_1000_words,Report Ai Terms Per 1000 Words,Source / Derived,Firm-year,report_ai_terms_per_1000_words is retained from the validated extended panel without remeasurement.,report_ai_terms_per_1000_words = copied source value,Source-defined or not applicable,Source-defined or not applicable,Source value,Inherited from source measurement.,Inherited from source measurement.,Existing source measurement,No transformation beyond serialization.,Source missing remains null.,Source zero remains zero.,Source-defined sample,report_ai_terms_per_1000_words,analysis/descriptive_2020_2025/firm_year_language_extended.csv,scripts/build_extended_language_panel.py,Source column exists; null semantics preserved.,Interpret according to the source variable dictionary.,This generated generic description must be supplemented before publication if the variable is used as a primary construct.,
report_table_text_word_count,Report Table Text Word Count,Source / Derived,Firm-year,report_table_text_word_count is retained from the validated extended panel without remeasurement.,report_table_text_word_count = source-defined eligible unit count,Source-defined or not applicable,Source-defined or not applicable,Count,Inherited from source measurement.,Inherited from source measurement.,Existing source measurement,No transformation beyond serialization.,Source missing remains null.,Source zero remains zero.,Source-defined sample,report_table_text_word_count,analysis/descriptive_2020_2025/firm_year_language_extended.csv,scripts/build_extended_language_panel.py,Source column exists; null semantics preserved.,Interpret according to the source variable dictionary.,This generated generic description must be supplemented before publication if the variable is used as a primary construct.,
report_table_text_ratio,Report Table Text Ratio,Source / Derived,Firm-year,report_table_text_ratio is retained from the validated extended panel without remeasurement.,report_table_text_ratio = source-defined numerator / source-defined denominator,Source-defined or not applicable,Source-defined or not applicable,Proportion,Inherited from source measurement.,Inherited from source measurement.,Existing source measurement,No transformation beyond serialization.,Source missing remains null.,Source zero remains zero.,Source-defined sample,report_table_text_ratio,analysis/descriptive_2020_2025/firm_year_language_extended.csv,scripts/build_extended_language_panel.py,Source column exists; null semantics preserved.,Interpret according to the source variable dictionary.,This generated generic description must be supplemented before publication if the variable is used as a primary construct.,
source_html_bytes,Source Html Bytes,Source / Derived,Firm-year,source_html_bytes is retained from the validated extended panel without remeasurement.,source_html_bytes = source-defined eligible unit count,Source-defined or not applicable,Source-defined or not applicable,Count,Inherited from source measurement.,Inherited from source measurement.,Existing source measurement,No transformation beyond serialization.,Source missing remains null.,Source zero remains zero.,Source-defined sample,source_html_bytes,analysis/descriptive_2020_2025/firm_year_language_extended.csv,scripts/build_extended_language_panel.py,Source column exists; null semantics preserved.,Interpret according to the source variable dictionary.,This generated generic description must be supplemented before publication if the variable is used as a primary construct.,
analysis_text_bytes,Analysis Text Bytes,Source / Derived,Firm-year,analysis_text_bytes is retained from the validated extended panel without remeasurement.,analysis_text_bytes = source-defined eligible unit count,Source-defined or not applicable,Source-defined or not applicable,Count,Inherited from source measurement.,Inherited from source measurement.,Existing source measurement,No transformation beyond serialization.,Source missing remains null.,Source zero remains zero.,Source-defined sample,analysis_text_bytes,analysis/descriptive_2020_2025/firm_year_language_extended.csv,scripts/build_extended_language_panel.py,Source column exists; null semantics preserved.,Interpret according to the source variable dictionary.,This generated generic description must be supplemented before publication if the variable is used as a primary construct.,
analysis_text_to_html_ratio,Analysis Text To Html Ratio,Source / Derived,Firm-year,analysis_text_to_html_ratio is retained from the validated extended panel without remeasurement.,analysis_text_to_html_ratio = source-defined numerator / source-defined denominator,Source-defined or not applicable,Source-defined or not applicable,Proportion,Inherited from source measurement.,Inherited from source measurement.,Existing source measurement,No transformation beyond serialization.,Source missing remains null.,Source zero remains zero.,Source-defined sample,analysis_text_to_html_ratio,analysis/descriptive_2020_2025/firm_year_language_extended.csv,scripts/build_extended_language_panel.py,Source column exists; null semantics preserved.,Interpret according to the source variable dictionary.,This generated generic description must be supplemented before publication if the variable is used as a primary construct.,
report_control_status,Report Control Status,Source / Derived,Firm-year,report_control_status is retained from the validated extended panel without remeasurement.,report_control_status = copied source value,Source-defined or not applicable,Source-defined or not applicable,Source value,Inherited from source measurement.,Inherited from source measurement.,Existing source measurement,No transformation beyond serialization.,Source missing remains null.,Source zero remains zero.,Source-defined sample,report_control_status,analysis/descriptive_2020_2025/firm_year_language_extended.csv,scripts/build_extended_language_panel.py,Source column exists; null semantics preserved.,Interpret according to the source variable dictionary.,This generated generic description must be supplemented before publication if the variable is used as a primary construct.,
report_positive_count,Report Positive Count,Source / Derived,Firm-year,report_positive_count is retained from the validated extended panel without remeasurement.,report_positive_count = source-defined eligible unit count,Source-defined or not applicable,Source-defined or not applicable,Count,Inherited from source measurement.,Inherited from source measurement.,Existing source measurement,No transformation beyond serialization.,Source missing remains null.,Source zero remains zero.,Source-defined sample,report_positive_count,analysis/descriptive_2020_2025/firm_year_language_extended.csv,scripts/build_extended_language_panel.py,Source column exists; null semantics preserved.,Interpret according to the source variable dictionary.,This generated generic description must be supplemented before publication if the variable is used as a primary construct.,
report_negative_count,Report Negative Count,Source / Derived,Firm-year,report_negative_count is retained from the validated extended panel without remeasurement.,report_negative_count = source-defined eligible unit count,Source-defined or not applicable,Source-defined or not applicable,Count,Inherited from source measurement.,Inherited from source measurement.,Existing source measurement,No transformation beyond serialization.,Source missing remains null.,Source zero remains zero.,Source-defined sample,report_negative_count,analysis/descriptive_2020_2025/firm_year_language_extended.csv,scripts/build_extended_language_panel.py,Source column exists; null semantics preserved.,Interpret according to the source variable dictionary.,This generated generic description must be supplemented before publication if the variable is used as a primary construct.,
report_net_tone,Report Net Tone,Source / Derived,Firm-year,report_net_tone is retained from the validated extended panel without remeasurement.,report_net_tone = copied source value,Source-defined or not applicable,Source-defined or not applicable,Source value,Inherited from source measurement.,Inherited from source measurement.,Existing source measurement,No transformation beyond serialization.,Source missing remains null.,Source zero remains zero.,Source-defined sample,report_net_tone,analysis/descriptive_2020_2025/firm_year_language_extended.csv,scripts/build_extended_language_panel.py,Source column exists; null semantics preserved.,Interpret according to the source variable dictionary.,This generated generic description must be supplemented before publication if the variable is used as a primary construct.,
report_uncertainty_count,Report Uncertainty Count,Source / Derived,Firm-year,report_uncertainty_count is retained from the validated extended panel without remeasurement.,report_uncertainty_count = source-defined eligible unit count,Source-defined or not applicable,Source-defined or not applicable,Count,Inherited from source measurement.,Inherited from source measurement.,Existing source measurement,No transformation beyond serialization.,Source missing remains null.,Source zero remains zero.,Source-defined sample,report_uncertainty_count,analysis/descriptive_2020_2025/firm_year_language_extended.csv,scripts/build_extended_language_panel.py,Source column exists; null semantics preserved.,Interpret according to the source variable dictionary.,This generated generic description must be supplemented before publication if the variable is used as a primary construct.,
report_uncertainty_ratio,Report Uncertainty Ratio,Source / Derived,Firm-year,report_uncertainty_ratio is retained from the validated extended panel without remeasurement.,report_uncertainty_ratio = source-defined numerator / source-defined denominator,Source-defined or not applicable,Source-defined or not applicable,Proportion,Inherited from source measurement.,Inherited from source measurement.,Existing source measurement,No transformation beyond serialization.,Source missing remains null.,Source zero remains zero.,Source-defined sample,report_uncertainty_ratio,analysis/descriptive_2020_2025/firm_year_language_extended.csv,scripts/build_extended_language_panel.py,Source column exists; null semantics preserved.,Interpret according to the source variable dictionary.,This generated generic description must be supplemented before publication if the variable is used as a primary construct.,
report_weak_modal_count,Report Weak Modal Count,Source / Derived,Firm-year,report_weak_modal_count is retained from the validated extended panel without remeasurement.,report_weak_modal_count = source-defined eligible unit count,Source-defined or not applicable,Source-defined or not applicable,Count,Inherited from source measurement.,Inherited from source measurement.,Existing source measurement,No transformation beyond serialization.,Source missing remains null.,Source zero remains zero.,Source-defined sample,report_weak_modal_count,analysis/descriptive_2020_2025/firm_year_language_extended.csv,scripts/build_extended_language_panel.py,Source column exists; null semantics preserved.,Interpret according to the source variable dictionary.,This generated generic description must be supplemented before publication if the variable is used as a primary construct.,
report_weak_modal_ratio,Report Weak Modal Ratio,Source / Derived,Firm-year,report_weak_modal_ratio is retained from the validated extended panel without remeasurement.,report_weak_modal_ratio = source-defined numerator / source-defined denominator,Source-defined or not applicable,Source-defined or not applicable,Proportion,Inherited from source measurement.,Inherited from source measurement.,Existing source measurement,No transformation beyond serialization.,Source missing remains null.,Source zero remains zero.,Source-defined sample,report_weak_modal_ratio,analysis/descriptive_2020_2025/firm_year_language_extended.csv,scripts/build_extended_language_panel.py,Source column exists; null semantics preserved.,Interpret according to the source variable dictionary.,This generated generic description must be supplemented before publication if the variable is used as a primary construct.,
report_strong_modal_count,Report Strong Modal Count,Source / Derived,Firm-year,report_strong_modal_count is retained from the validated extended panel without remeasurement.,report_strong_modal_count = source-defined eligible unit count,Source-defined or not applicable,Source-defined or not applicable,Count,Inherited from source measurement.,Inherited from source measurement.,Existing source measurement,No transformation beyond serialization.,Source missing remains null.,Source zero remains zero.,Source-defined sample,report_strong_modal_count,analysis/descriptive_2020_2025/firm_year_language_extended.csv,scripts/build_extended_language_panel.py,Source column exists; null semantics preserved.,Interpret according to the source variable dictionary.,This generated generic description must be supplemented before publication if the variable is used as a primary construct.,
report_strong_modal_ratio,Report Strong Modal Ratio,Source / Derived,Firm-year,report_strong_modal_ratio is retained from the validated extended panel without remeasurement.,report_strong_modal_ratio = source-defined numerator / source-defined denominator,Source-defined or not applicable,Source-defined or not applicable,Proportion,Inherited from source measurement.,Inherited from source measurement.,Existing source measurement,No transformation beyond serialization.,Source missing remains null.,Source zero remains zero.,Source-defined sample,report_strong_modal_ratio,analysis/descriptive_2020_2025/firm_year_language_extended.csv,scripts/build_extended_language_panel.py,Source column exists; null semantics preserved.,Interpret according to the source variable dictionary.,This generated generic description must be supplemented before publication if the variable is used as a primary construct.,
report_litigious_count,Report Litigious Count,Source / Derived,Firm-year,report_litigious_count is retained from the validated extended panel without remeasurement.,report_litigious_count = source-defined eligible unit count,Source-defined or not applicable,Source-defined or not applicable,Count,Inherited from source measurement.,Inherited from source measurement.,Existing source measurement,No transformation beyond serialization.,Source missing remains null.,Source zero remains zero.,Source-defined sample,report_litigious_count,analysis/descriptive_2020_2025/firm_year_language_extended.csv,scripts/build_extended_language_panel.py,Source column exists; null semantics preserved.,Interpret according to the source variable dictionary.,This generated generic description must be supplemented before publication if the variable is used as a primary construct.,
report_litigious_ratio,Report Litigious Ratio,Source / Derived,Firm-year,report_litigious_ratio is retained from the validated extended panel without remeasurement.,report_litigious_ratio = source-defined numerator / source-defined denominator,Source-defined or not applicable,Source-defined or not applicable,Proportion,Inherited from source measurement.,Inherited from source measurement.,Existing source measurement,No transformation beyond serialization.,Source missing remains null.,Source zero remains zero.,Source-defined sample,report_litigious_ratio,analysis/descriptive_2020_2025/firm_year_language_extended.csv,scripts/build_extended_language_panel.py,Source column exists; null semantics preserved.,Interpret according to the source variable dictionary.,This generated generic description must be supplemented before publication if the variable is used as a primary construct.,
report_constraining_count,Report Constraining Count,Source / Derived,Firm-year,report_constraining_count is retained from the validated extended panel without remeasurement.,report_constraining_count = source-defined eligible unit count,Source-defined or not applicable,Source-defined or not applicable,Count,Inherited from source measurement.,Inherited from source measurement.,Existing source measurement,No transformation beyond serialization.,Source missing remains null.,Source zero remains zero.,Source-defined sample,report_constraining_count,analysis/descriptive_2020_2025/firm_year_language_extended.csv,scripts/build_extended_language_panel.py,Source column exists; null semantics preserved.,Interpret according to the source variable dictionary.,This generated generic description must be supplemented before publication if the variable is used as a primary construct.,
report_constraining_ratio,Report Constraining Ratio,Source / Derived,Firm-year,report_constraining_ratio is retained from the validated extended panel without remeasurement.,report_constraining_ratio = source-defined numerator / source-defined denominator,Source-defined or not applicable,Source-defined or not applicable,Proportion,Inherited from source measurement.,Inherited from source measurement.,Existing source measurement,No transformation beyond serialization.,Source missing remains null.,Source zero remains zero.,Source-defined sample,report_constraining_ratio,analysis/descriptive_2020_2025/firm_year_language_extended.csv,scripts/build_extended_language_panel.py,Source column exists; null semantics preserved.,Interpret according to the source variable dictionary.,This generated generic description must be supplemented before publication if the variable is used as a primary construct.,
report_forward_looking_count,Report Forward Looking Count,Source / Derived,Firm-year,report_forward_looking_count is retained from the validated extended panel without remeasurement.,report_forward_looking_count = source-defined eligible unit count,Source-defined or not applicable,Source-defined or not applicable,Count,Inherited from source measurement.,Inherited from source measurement.,Existing source measurement,No transformation beyond serialization.,Source missing remains null.,Source zero remains zero.,Source-defined sample,report_forward_looking_count,analysis/descriptive_2020_2025/firm_year_language_extended.csv,scripts/build_extended_language_panel.py,Source column exists; null semantics preserved.,Interpret according to the source variable dictionary.,This generated generic description must be supplemented before publication if the variable is used as a primary construct.,
report_forward_looking_ratio,Report Forward Looking Ratio,Source / Derived,Firm-year,report_forward_looking_ratio is retained from the validated extended panel without remeasurement.,report_forward_looking_ratio = source-defined numerator / source-defined denominator,Source-defined or not applicable,Source-defined or not applicable,Proportion,Inherited from source measurement.,Inherited from source measurement.,Existing source measurement,No transformation beyond serialization.,Source missing remains null.,Source zero remains zero.,Source-defined sample,report_forward_looking_ratio,analysis/descriptive_2020_2025/firm_year_language_extended.csv,scripts/build_extended_language_panel.py,Source column exists; null semantics preserved.,Interpret according to the source variable dictionary.,This generated generic description must be supplemented before publication if the variable is used as a primary construct.,
report_positive_ratio,Report Positive Ratio,Source / Derived,Firm-year,report_positive_ratio is retained from the validated extended panel without remeasurement.,report_positive_ratio = source-defined numerator / source-defined denominator,Source-defined or not applicable,Source-defined or not applicable,Proportion,Inherited from source measurement.,Inherited from source measurement.,Existing source measurement,No transformation beyond serialization.,Source missing remains null.,Source zero remains zero.,Source-defined sample,report_positive_ratio,analysis/descriptive_2020_2025/firm_year_language_extended.csv,scripts/build_extended_language_panel.py,Source column exists; null semantics preserved.,Interpret according to the source variable dictionary.,This generated generic description must be supplemented before publication if the variable is used as a primary construct.,
report_negative_ratio,Report Negative Ratio,Source / Derived,Firm-year,report_negative_ratio is retained from the validated extended panel without remeasurement.,report_negative_ratio = source-defined numerator / source-defined denominator,Source-defined or not applicable,Source-defined or not applicable,Proportion,Inherited from source measurement.,Inherited from source measurement.,Existing source measurement,No transformation beyond serialization.,Source missing remains null.,Source zero remains zero.,Source-defined sample,report_negative_ratio,analysis/descriptive_2020_2025/firm_year_language_extended.csv,scripts/build_extended_language_panel.py,Source column exists; null semantics preserved.,Interpret according to the source variable dictionary.,This generated generic description must be supplemented before publication if the variable is used as a primary construct.,
report_net_tone_by_words,Report Net Tone By Words,Source / Derived,Firm-year,report_net_tone_by_words is retained from the validated extended panel without remeasurement.,report_net_tone_by_words = copied source value,Source-defined or not applicable,Source-defined or not applicable,Source value,Inherited from source measurement.,Inherited from source measurement.,Existing source measurement,No transformation beyond serialization.,Source missing remains null.,Source zero remains zero.,Source-defined sample,report_net_tone_by_words,analysis/descriptive_2020_2025/firm_year_language_extended.csv,scripts/build_extended_language_panel.py,Source column exists; null semantics preserved.,Interpret according to the source variable dictionary.,This generated generic description must be supplemented before publication if the variable is used as a primary construct.,
report_sentiment_word_coverage,Report Sentiment Word Coverage,Source / Derived,Firm-year,report_sentiment_word_coverage is retained from the validated extended panel without remeasurement.,report_sentiment_word_coverage = source-defined numerator / source-defined denominator,Source-defined or not applicable,Source-defined or not applicable,Proportion,Inherited from source measurement.,Inherited from source measurement.,Existing source measurement,No transformation beyond serialization.,Source missing remains null.,Source zero remains zero.,Source-defined sample,report_sentiment_word_coverage,analysis/descriptive_2020_2025/firm_year_language_extended.csv,scripts/build_extended_language_panel.py,Source column exists; null semantics preserved.,Interpret according to the source variable dictionary.,This generated generic description must be supplemented before publication if the variable is used as a primary construct.,
report_total_lm_matched_word_count,Report Total Lm Matched Word Count,Source / Derived,Firm-year,report_total_lm_matched_word_count is retained from the validated extended panel without remeasurement.,report_total_lm_matched_word_count = source-defined eligible unit count,Source-defined or not applicable,Source-defined or not applicable,Count,Inherited from source measurement.,Inherited from source measurement.,Existing source measurement,No transformation beyond serialization.,Source missing remains null.,Source zero remains zero.,Source-defined sample,report_total_lm_matched_word_count,analysis/descriptive_2020_2025/firm_year_language_extended.csv,scripts/build_extended_language_panel.py,Source column exists; null semantics preserved.,Interpret according to the source variable dictionary.,This generated generic description must be supplemented before publication if the variable is used as a primary construct.,
report_total_eligible_word_count,Report Total Eligible Word Count,Source / Derived,Firm-year,report_total_eligible_word_count is retained from the validated extended panel without remeasurement.,report_total_eligible_word_count = source-defined eligible unit count,Source-defined or not applicable,Source-defined or not applicable,Count,Inherited from source measurement.,Inherited from source measurement.,Existing source measurement,No transformation beyond serialization.,Source missing remains null.,Source zero remains zero.,Source-defined sample,report_total_eligible_word_count,analysis/descriptive_2020_2025/firm_year_language_extended.csv,scripts/build_extended_language_panel.py,Source column exists; null semantics preserved.,Interpret according to the source variable dictionary.,This generated generic description must be supplemented before publication if the variable is used as a primary construct.,
concreteness_status,Concreteness Status,Source / Derived,Firm-year,concreteness_status is retained from the validated extended panel without remeasurement.,concreteness_status = copied source value,Source-defined or not applicable,Source-defined or not applicable,Source value,Inherited from source measurement.,Inherited from source measurement.,Existing source measurement,No transformation beyond serialization.,Source missing remains null.,Source zero remains zero.,Source-defined sample,concreteness_status,analysis/descriptive_2020_2025/firm_year_language_extended.csv,scripts/build_extended_language_panel.py,Source column exists; null semantics preserved.,Interpret according to the source variable dictionary.,This generated generic description must be supplemented before publication if the variable is used as a primary construct.,
lm_ai_status,Lm Ai Status,Source / Derived,Firm-year,lm_ai_status is retained from the validated extended panel without remeasurement.,lm_ai_status = copied source value,Source-defined or not applicable,Source-defined or not applicable,Source value,Inherited from source measurement.,Inherited from source measurement.,Existing source measurement,No transformation beyond serialization.,Source missing remains null.,Source zero remains zero.,Source-defined sample,lm_ai_status,analysis/descriptive_2020_2025/firm_year_language_extended.csv,scripts/build_extended_language_panel.py,Source column exists; null semantics preserved.,Interpret according to the source variable dictionary.,This generated generic description must be supplemented before publication if the variable is used as a primary construct.,
lm_report_status,Lm Report Status,Source / Derived,Firm-year,lm_report_status is retained from the validated extended panel without remeasurement.,lm_report_status = copied source value,Source-defined or not applicable,Source-defined or not applicable,Source value,Inherited from source measurement.,Inherited from source measurement.,Existing source measurement,No transformation beyond serialization.,Source missing remains null.,Source zero remains zero.,Source-defined sample,lm_report_status,analysis/descriptive_2020_2025/firm_year_language_extended.csv,scripts/build_extended_language_panel.py,Source column exists; null semantics preserved.,Interpret according to the source variable dictionary.,This generated generic description must be supplemented before publication if the variable is used as a primary construct.,
matching_strategy_version,Matching Strategy Version,Source / Derived,Firm-year,matching_strategy_version is retained from the validated extended panel without remeasurement.,matching_strategy_version = copied source value,Source-defined or not applicable,Source-defined or not applicable,Source value,Inherited from source measurement.,Inherited from source measurement.,Existing source measurement,No transformation beyond serialization.,Source missing remains null.,Source zero remains zero.,Source-defined sample,matching_strategy_version,analysis/descriptive_2020_2025/firm_year_language_extended.csv,scripts/build_extended_language_panel.py,Source column exists; null semantics preserved.,Interpret according to the source variable dictionary.,This generated generic description must be supplemented before publication if the variable is used as a primary construct.,
concreteness_preprocessing_version,Concreteness Preprocessing Version,Source / Derived,Firm-year,concreteness_preprocessing_version is retained from the validated extended panel without remeasurement.,concreteness_preprocessing_version = copied source value,Source-defined or not applicable,Source-defined or not applicable,Source value,Inherited from source measurement.,Inherited from source measurement.,Existing source measurement,No transformation beyond serialization.,Source missing remains null.,Source zero remains zero.,Source-defined sample,concreteness_preprocessing_version,analysis/descriptive_2020_2025/firm_year_language_extended.csv,scripts/build_extended_language_panel.py,Source column exists; null semantics preserved.,Interpret according to the source variable dictionary.,This generated generic description must be supplemented before publication if the variable is used as a primary construct.,
warning_count,Warning Count,Source / Derived,Firm-year,warning_count is retained from the validated extended panel without remeasurement.,warning_count = source-defined eligible unit count,Source-defined or not applicable,Source-defined or not applicable,Count,Inherited from source measurement.,Inherited from source measurement.,Existing source measurement,No transformation beyond serialization.,Source missing remains null.,Source zero remains zero.,Source-defined sample,warning_count,analysis/descriptive_2020_2025/firm_year_language_extended.csv,scripts/build_extended_language_panel.py,Source column exists; null semantics preserved.,Interpret according to the source variable dictionary.,This generated generic description must be supplemented before publication if the variable is used as a primary construct.,
has_single_ai_sentence_warning,Has Single Ai Sentence Warning,Source / Derived,Firm-year,has_single_ai_sentence_warning is retained from the validated extended panel without remeasurement.,has_single_ai_sentence_warning = source-defined indicator,Source-defined or not applicable,Source-defined or not applicable,Binary indicator,Inherited from source measurement.,Inherited from source measurement.,Existing source measurement,No transformation beyond serialization.,Source missing remains null.,Source zero remains zero.,Source-defined sample,has_single_ai_sentence_warning,analysis/descriptive_2020_2025/firm_year_language_extended.csv,scripts/build_extended_language_panel.py,Source column exists; null semantics preserved.,Interpret according to the source variable dictionary.,This generated generic description must be supplemented before publication if the variable is used as a primary construct.,
has_stem_collision_warning,Has Stem Collision Warning,Source / Derived,Firm-year,has_stem_collision_warning is retained from the validated extended panel without remeasurement.,has_stem_collision_warning = source-defined indicator,Source-defined or not applicable,Source-defined or not applicable,Binary indicator,Inherited from source measurement.,Inherited from source measurement.,Existing source measurement,No transformation beyond serialization.,Source missing remains null.,Source zero remains zero.,Source-defined sample,has_stem_collision_warning,analysis/descriptive_2020_2025/firm_year_language_extended.csv,scripts/build_extended_language_panel.py,Source column exists; null semantics preserved.,Interpret according to the source variable dictionary.,This generated generic description must be supplemented before publication if the variable is used as a primary construct.,
has_denominator_zero_warning,Has Denominator Zero Warning,Source / Derived,Firm-year,has_denominator_zero_warning is retained from the validated extended panel without remeasurement.,has_denominator_zero_warning = source-defined indicator,Source-defined or not applicable,Source-defined or not applicable,Binary indicator,Inherited from source measurement.,Inherited from source measurement.,Existing source measurement,No transformation beyond serialization.,Source missing remains null.,Source zero remains zero.,Source-defined sample,has_denominator_zero_warning,analysis/descriptive_2020_2025/firm_year_language_extended.csv,scripts/build_extended_language_panel.py,Source column exists; null semantics preserved.,Interpret according to the source variable dictionary.,This generated generic description must be supplemented before publication if the variable is used as a primary construct.,
has_extraction_warning,Has Extraction Warning,Source / Derived,Firm-year,has_extraction_warning is retained from the validated extended panel without remeasurement.,has_extraction_warning = source-defined indicator,Source-defined or not applicable,Source-defined or not applicable,Binary indicator,Inherited from source measurement.,Inherited from source measurement.,Existing source measurement,No transformation beyond serialization.,Source missing remains null.,Source zero remains zero.,Source-defined sample,has_extraction_warning,analysis/descriptive_2020_2025/firm_year_language_extended.csv,scripts/build_extended_language_panel.py,Source column exists; null semantics preserved.,Interpret according to the source variable dictionary.,This generated generic description must be supplemented before publication if the variable is used as a primary construct.,
has_any_warning,Has Any Warning,Source / Derived,Firm-year,has_any_warning is retained from the validated extended panel without remeasurement.,has_any_warning = source-defined indicator,Source-defined or not applicable,Source-defined or not applicable,Binary indicator,Inherited from source measurement.,Inherited from source measurement.,Existing source measurement,No transformation beyond serialization.,Source missing remains null.,Source zero remains zero.,Source-defined sample,has_any_warning,analysis/descriptive_2020_2025/firm_year_language_extended.csv,scripts/build_extended_language_panel.py,Source column exists; null semantics preserved.,Interpret according to the source variable dictionary.,This generated generic description must be supplemented before publication if the variable is used as a primary construct.,
has_failed_status,Has Failed Status,Source / Derived,Firm-year,has_failed_status is retained from the validated extended panel without remeasurement.,has_failed_status = source-defined indicator,Source-defined or not applicable,Source-defined or not applicable,Binary indicator,Inherited from source measurement.,Inherited from source measurement.,Existing source measurement,No transformation beyond serialization.,Source missing remains null.,Source zero remains zero.,Source-defined sample,has_failed_status,analysis/descriptive_2020_2025/firm_year_language_extended.csv,scripts/build_extended_language_panel.py,Source column exists; null semantics preserved.,Interpret according to the source variable dictionary.,This generated generic description must be supplemented before publication if the variable is used as a primary construct.,
ai_disclosure_flag,Ai Disclosure Flag,Source / Derived,Firm-year,ai_disclosure_flag is retained from the validated extended panel without remeasurement.,ai_disclosure_flag = source-defined indicator,Source-defined or not applicable,Source-defined or not applicable,Binary indicator,Inherited from source measurement.,Inherited from source measurement.,Existing source measurement,No transformation beyond serialization.,Source missing remains null.,Source zero remains zero.,Source-defined sample,ai_disclosure_flag,analysis/descriptive_2020_2025/firm_year_language_extended.csv,scripts/build_extended_language_panel.py,Source column exists; null semantics preserved.,Interpret according to the source variable dictionary.,This generated generic description must be supplemented before publication if the variable is used as a primary construct.,
panel_start_year,Panel Start Year,Source / Derived,Firm-year,panel_start_year is retained from the validated extended panel without remeasurement.,panel_start_year = copied source value,Source-defined or not applicable,Source-defined or not applicable,Source value,Inherited from source measurement.,Inherited from source measurement.,Existing source measurement,No transformation beyond serialization.,Source missing remains null.,Source zero remains zero.,Source-defined sample,panel_start_year,analysis/descriptive_2020_2025/firm_year_language_extended.csv,scripts/build_extended_language_panel.py,Source column exists; null semantics preserved.,Interpret according to the source variable dictionary.,This generated generic description must be supplemented before publication if the variable is used as a primary construct.,
panel_end_year,Panel End Year,Source / Derived,Firm-year,panel_end_year is retained from the validated extended panel without remeasurement.,panel_end_year = copied source value,Source-defined or not applicable,Source-defined or not applicable,Source value,Inherited from source measurement.,Inherited from source measurement.,Existing source measurement,No transformation beyond serialization.,Source missing remains null.,Source zero remains zero.,Source-defined sample,panel_end_year,analysis/descriptive_2020_2025/firm_year_language_extended.csv,scripts/build_extended_language_panel.py,Source column exists; null semantics preserved.,Interpret according to the source variable dictionary.,This generated generic description must be supplemented before publication if the variable is used as a primary construct.,
panel_year_count,Panel Year Count,Source / Derived,Firm-year,panel_year_count is retained from the validated extended panel without remeasurement.,panel_year_count = source-defined eligible unit count,Source-defined or not applicable,Source-defined or not applicable,Count,Inherited from source measurement.,Inherited from source measurement.,Existing source measurement,No transformation beyond serialization.,Source missing remains null.,Source zero remains zero.,Source-defined sample,panel_year_count,analysis/descriptive_2020_2025/firm_year_language_extended.csv,scripts/build_extended_language_panel.py,Source column exists; null semantics preserved.,Interpret according to the source variable dictionary.,This generated generic description must be supplemented before publication if the variable is used as a primary construct.,
is_balanced_2020_2025,Is Balanced 2020 2025,Source / Derived,Firm-year,is_balanced_2020_2025 is retained from the validated extended panel without remeasurement.,is_balanced_2020_2025 = source-defined indicator,Source-defined or not applicable,Source-defined or not applicable,Binary indicator,Inherited from source measurement.,Inherited from source measurement.,Existing source measurement,No transformation beyond serialization.,Source missing remains null.,Source zero remains zero.,Source-defined sample,is_balanced_2020_2025,analysis/descriptive_2020_2025/firm_year_language_extended.csv,scripts/build_extended_language_panel.py,Source column exists; null semantics preserved.,Interpret according to the source variable dictionary.,This generated generic description must be supplemented before publication if the variable is used as a primary construct.,
has_gap_within_observed_period,Has Gap Within Observed Period,Source / Derived,Firm-year,has_gap_within_observed_period is retained from the validated extended panel without remeasurement.,has_gap_within_observed_period = source-defined indicator,Source-defined or not applicable,Source-defined or not applicable,Binary indicator,Inherited from source measurement.,Inherited from source measurement.,Existing source measurement,No transformation beyond serialization.,Source missing remains null.,Source zero remains zero.,Source-defined sample,has_gap_within_observed_period,analysis/descriptive_2020_2025/firm_year_language_extended.csv,scripts/build_extended_language_panel.py,Source column exists; null semantics preserved.,Interpret according to the source variable dictionary.,This generated generic description must be supplemented before publication if the variable is used as a primary construct.,
ticker_changed_within_panel,Ticker Changed Within Panel,Source / Derived,Firm-year,ticker_changed_within_panel is retained from the validated extended panel without remeasurement.,ticker_changed_within_panel = copied source value,Source-defined or not applicable,Source-defined or not applicable,Source value,Inherited from source measurement.,Inherited from source measurement.,Existing source measurement,No transformation beyond serialization.,Source missing remains null.,Source zero remains zero.,Source-defined sample,ticker_changed_within_panel,analysis/descriptive_2020_2025/firm_year_language_extended.csv,scripts/build_extended_language_panel.py,Source column exists; null semantics preserved.,Interpret according to the source variable dictionary.,This generated generic description must be supplemented before publication if the variable is used as a primary construct.,
company_name_changed_within_panel,Company Name Changed Within Panel,Source / Derived,Firm-year,company_name_changed_within_panel is retained from the validated extended panel without remeasurement.,company_name_changed_within_panel = copied source value,Source-defined or not applicable,Source-defined or not applicable,Source value,Inherited from source measurement.,Inherited from source measurement.,Existing source measurement,No transformation beyond serialization.,Source missing remains null.,Source zero remains zero.,Source-defined sample,company_name_changed_within_panel,analysis/descriptive_2020_2025/firm_year_language_extended.csv,scripts/build_extended_language_panel.py,Source column exists; null semantics preserved.,Interpret according to the source variable dictionary.,This generated generic description must be supplemented before publication if the variable is used as a primary construct.,
cik_changed_within_panel,Cik Changed Within Panel,Source / Derived,Firm-year,cik_changed_within_panel is retained from the validated extended panel without remeasurement.,cik_changed_within_panel = copied source value,Source-defined or not applicable,Source-defined or not applicable,Source value,Inherited from source measurement.,Inherited from source measurement.,Existing source measurement,No transformation beyond serialization.,Source missing remains null.,Source zero remains zero.,Source-defined sample,cik_changed_within_panel,analysis/descriptive_2020_2025/firm_year_language_extended.csv,scripts/build_extended_language_panel.py,Source column exists; null semantics preserved.,Interpret according to the source variable dictionary.,This generated generic description must be supplemented before publication if the variable is used as a primary construct.,
first_observed_year,First Observed Year,Source / Derived,Firm-year,first_observed_year is retained from the validated extended panel without remeasurement.,first_observed_year = copied source value,Source-defined or not applicable,Source-defined or not applicable,Source value,Inherited from source measurement.,Inherited from source measurement.,Existing source measurement,No transformation beyond serialization.,Source missing remains null.,Source zero remains zero.,Source-defined sample,first_observed_year,analysis/descriptive_2020_2025/firm_year_language_extended.csv,scripts/build_extended_language_panel.py,Source column exists; null semantics preserved.,Interpret according to the source variable dictionary.,This generated generic description must be supplemented before publication if the variable is used as a primary construct.,
last_observed_year,Last Observed Year,Source / Derived,Firm-year,last_observed_year is retained from the validated extended panel without remeasurement.,last_observed_year = copied source value,Source-defined or not applicable,Source-defined or not applicable,Source value,Inherited from source measurement.,Inherited from source measurement.,Existing source measurement,No transformation beyond serialization.,Source missing remains null.,Source zero remains zero.,Source-defined sample,last_observed_year,analysis/descriptive_2020_2025/firm_year_language_extended.csv,scripts/build_extended_language_panel.py,Source column exists; null semantics preserved.,Interpret according to the source variable dictionary.,This generated generic description must be supplemented before publication if the variable is used as a primary construct.,
ai_disclosure_flag_lag1,Ai Disclosure Flag Lag1,Source / Derived,Firm-year,ai_disclosure_flag_lag1 is retained from the validated extended panel without remeasurement.,ai_disclosure_flag_lag1 = copied source value,Source-defined or not applicable,Source-defined or not applicable,Source value,Inherited from source measurement.,Inherited from source measurement.,Existing source measurement,No transformation beyond serialization.,Source missing remains null.,Source zero remains zero.,Source-defined sample,ai_disclosure_flag_lag1,analysis/descriptive_2020_2025/firm_year_language_extended.csv,scripts/build_extended_language_panel.py,Source column exists; null semantics preserved.,Interpret according to the source variable dictionary.,This generated generic description must be supplemented before publication if the variable is used as a primary construct.,
ai_disclosure_flag_change,Ai Disclosure Flag Change,Source / Derived,Firm-year,ai_disclosure_flag_change is retained from the validated extended panel without remeasurement.,ai_disclosure_flag_change = copied source value,Source-defined or not applicable,Source-defined or not applicable,Source value,Inherited from source measurement.,Inherited from source measurement.,Existing source measurement,No transformation beyond serialization.,Source missing remains null.,Source zero remains zero.,Source-defined sample,ai_disclosure_flag_change,analysis/descriptive_2020_2025/firm_year_language_extended.csv,scripts/build_extended_language_panel.py,Source column exists; null semantics preserved.,Interpret according to the source variable dictionary.,This generated generic description must be supplemented before publication if the variable is used as a primary construct.,
ai_sentence_count_lag1,Ai Sentence Count Lag1,Source / Derived,Firm-year,ai_sentence_count_lag1 is retained from the validated extended panel without remeasurement.,ai_sentence_count_lag1 = copied source value,Source-defined or not applicable,Source-defined or not applicable,Source value,Inherited from source measurement.,Inherited from source measurement.,Existing source measurement,No transformation beyond serialization.,Source missing remains null.,Source zero remains zero.,Source-defined sample,ai_sentence_count_lag1,analysis/descriptive_2020_2025/firm_year_language_extended.csv,scripts/build_extended_language_panel.py,Source column exists; null semantics preserved.,Interpret according to the source variable dictionary.,This generated generic description must be supplemented before publication if the variable is used as a primary construct.,
ai_sentence_count_change,Ai Sentence Count Change,Source / Derived,Firm-year,ai_sentence_count_change is retained from the validated extended panel without remeasurement.,ai_sentence_count_change = copied source value,Source-defined or not applicable,Source-defined or not applicable,Source value,Inherited from source measurement.,Inherited from source measurement.,Existing source measurement,No transformation beyond serialization.,Source missing remains null.,Source zero remains zero.,Source-defined sample,ai_sentence_count_change,analysis/descriptive_2020_2025/firm_year_language_extended.csv,scripts/build_extended_language_panel.py,Source column exists; null semantics preserved.,Interpret according to the source variable dictionary.,This generated generic description must be supplemented before publication if the variable is used as a primary construct.,
ai_concreteness_mean_lag1,Ai Concreteness Mean Lag1,Source / Derived,Firm-year,ai_concreteness_mean_lag1 is retained from the validated extended panel without remeasurement.,ai_concreteness_mean_lag1 = copied source value,Source-defined or not applicable,Source-defined or not applicable,Source value,Inherited from source measurement.,Inherited from source measurement.,Existing source measurement,No transformation beyond serialization.,Source missing remains null.,Source zero remains zero.,Source-defined sample,ai_concreteness_mean_lag1,analysis/descriptive_2020_2025/firm_year_language_extended.csv,scripts/build_extended_language_panel.py,Source column exists; null semantics preserved.,Interpret according to the source variable dictionary.,This generated generic description must be supplemented before publication if the variable is used as a primary construct.,
ai_concreteness_mean_change,Ai Concreteness Mean Change,Source / Derived,Firm-year,ai_concreteness_mean_change is retained from the validated extended panel without remeasurement.,ai_concreteness_mean_change = copied source value,Source-defined or not applicable,Source-defined or not applicable,Source value,Inherited from source measurement.,Inherited from source measurement.,Existing source measurement,No transformation beyond serialization.,Source missing remains null.,Source zero remains zero.,Source-defined sample,ai_concreteness_mean_change,analysis/descriptive_2020_2025/firm_year_language_extended.csv,scripts/build_extended_language_panel.py,Source column exists; null semantics preserved.,Interpret according to the source variable dictionary.,This generated generic description must be supplemented before publication if the variable is used as a primary construct.,
report_concreteness_mean_lag1,Report Concreteness Mean Lag1,Source / Derived,Firm-year,report_concreteness_mean_lag1 is retained from the validated extended panel without remeasurement.,report_concreteness_mean_lag1 = copied source value,Source-defined or not applicable,Source-defined or not applicable,Source value,Inherited from source measurement.,Inherited from source measurement.,Existing source measurement,No transformation beyond serialization.,Source missing remains null.,Source zero remains zero.,Source-defined sample,report_concreteness_mean_lag1,analysis/descriptive_2020_2025/firm_year_language_extended.csv,scripts/build_extended_language_panel.py,Source column exists; null semantics preserved.,Interpret according to the source variable dictionary.,This generated generic description must be supplemented before publication if the variable is used as a primary construct.,
report_concreteness_mean_change,Report Concreteness Mean Change,Source / Derived,Firm-year,report_concreteness_mean_change is retained from the validated extended panel without remeasurement.,report_concreteness_mean_change = copied source value,Source-defined or not applicable,Source-defined or not applicable,Source value,Inherited from source measurement.,Inherited from source measurement.,Existing source measurement,No transformation beyond serialization.,Source missing remains null.,Source zero remains zero.,Source-defined sample,report_concreteness_mean_change,analysis/descriptive_2020_2025/firm_year_language_extended.csv,scripts/build_extended_language_panel.py,Source column exists; null semantics preserved.,Interpret according to the source variable dictionary.,This generated generic description must be supplemented before publication if the variable is used as a primary construct.,
ai_positive_count_lag1,Ai Positive Count Lag1,Source / Derived,Firm-year,ai_positive_count_lag1 is retained from the validated extended panel without remeasurement.,ai_positive_count_lag1 = copied source value,Source-defined or not applicable,Source-defined or not applicable,Source value,Inherited from source measurement.,Inherited from source measurement.,Existing source measurement,No transformation beyond serialization.,Source missing remains null.,Source zero remains zero.,Source-defined sample,ai_positive_count_lag1,analysis/descriptive_2020_2025/firm_year_language_extended.csv,scripts/build_extended_language_panel.py,Source column exists; null semantics preserved.,Interpret according to the source variable dictionary.,This generated generic description must be supplemented before publication if the variable is used as a primary construct.,
ai_positive_count_change,Ai Positive Count Change,Source / Derived,Firm-year,ai_positive_count_change is retained from the validated extended panel without remeasurement.,ai_positive_count_change = copied source value,Source-defined or not applicable,Source-defined or not applicable,Source value,Inherited from source measurement.,Inherited from source measurement.,Existing source measurement,No transformation beyond serialization.,Source missing remains null.,Source zero remains zero.,Source-defined sample,ai_positive_count_change,analysis/descriptive_2020_2025/firm_year_language_extended.csv,scripts/build_extended_language_panel.py,Source column exists; null semantics preserved.,Interpret according to the source variable dictionary.,This generated generic description must be supplemented before publication if the variable is used as a primary construct.,
ai_negative_count_lag1,Ai Negative Count Lag1,Source / Derived,Firm-year,ai_negative_count_lag1 is retained from the validated extended panel without remeasurement.,ai_negative_count_lag1 = copied source value,Source-defined or not applicable,Source-defined or not applicable,Source value,Inherited from source measurement.,Inherited from source measurement.,Existing source measurement,No transformation beyond serialization.,Source missing remains null.,Source zero remains zero.,Source-defined sample,ai_negative_count_lag1,analysis/descriptive_2020_2025/firm_year_language_extended.csv,scripts/build_extended_language_panel.py,Source column exists; null semantics preserved.,Interpret according to the source variable dictionary.,This generated generic description must be supplemented before publication if the variable is used as a primary construct.,
ai_negative_count_change,Ai Negative Count Change,Source / Derived,Firm-year,ai_negative_count_change is retained from the validated extended panel without remeasurement.,ai_negative_count_change = copied source value,Source-defined or not applicable,Source-defined or not applicable,Source value,Inherited from source measurement.,Inherited from source measurement.,Existing source measurement,No transformation beyond serialization.,Source missing remains null.,Source zero remains zero.,Source-defined sample,ai_negative_count_change,analysis/descriptive_2020_2025/firm_year_language_extended.csv,scripts/build_extended_language_panel.py,Source column exists; null semantics preserved.,Interpret according to the source variable dictionary.,This generated generic description must be supplemented before publication if the variable is used as a primary construct.,
ai_uncertainty_count_lag1,Ai Uncertainty Count Lag1,Source / Derived,Firm-year,ai_uncertainty_count_lag1 is retained from the validated extended panel without remeasurement.,ai_uncertainty_count_lag1 = copied source value,Source-defined or not applicable,Source-defined or not applicable,Source value,Inherited from source measurement.,Inherited from source measurement.,Existing source measurement,No transformation beyond serialization.,Source missing remains null.,Source zero remains zero.,Source-defined sample,ai_uncertainty_count_lag1,analysis/descriptive_2020_2025/firm_year_language_extended.csv,scripts/build_extended_language_panel.py,Source column exists; null semantics preserved.,Interpret according to the source variable dictionary.,This generated generic description must be supplemented before publication if the variable is used as a primary construct.,
ai_uncertainty_count_change,Ai Uncertainty Count Change,Source / Derived,Firm-year,ai_uncertainty_count_change is retained from the validated extended panel without remeasurement.,ai_uncertainty_count_change = copied source value,Source-defined or not applicable,Source-defined or not applicable,Source value,Inherited from source measurement.,Inherited from source measurement.,Existing source measurement,No transformation beyond serialization.,Source missing remains null.,Source zero remains zero.,Source-defined sample,ai_uncertainty_count_change,analysis/descriptive_2020_2025/firm_year_language_extended.csv,scripts/build_extended_language_panel.py,Source column exists; null semantics preserved.,Interpret according to the source variable dictionary.,This generated generic description must be supplemented before publication if the variable is used as a primary construct.,
report_positive_count_lag1,Report Positive Count Lag1,Source / Derived,Firm-year,report_positive_count_lag1 is retained from the validated extended panel without remeasurement.,report_positive_count_lag1 = copied source value,Source-defined or not applicable,Source-defined or not applicable,Source value,Inherited from source measurement.,Inherited from source measurement.,Existing source measurement,No transformation beyond serialization.,Source missing remains null.,Source zero remains zero.,Source-defined sample,report_positive_count_lag1,analysis/descriptive_2020_2025/firm_year_language_extended.csv,scripts/build_extended_language_panel.py,Source column exists; null semantics preserved.,Interpret according to the source variable dictionary.,This generated generic description must be supplemented before publication if the variable is used as a primary construct.,
report_positive_count_change,Report Positive Count Change,Source / Derived,Firm-year,report_positive_count_change is retained from the validated extended panel without remeasurement.,report_positive_count_change = copied source value,Source-defined or not applicable,Source-defined or not applicable,Source value,Inherited from source measurement.,Inherited from source measurement.,Existing source measurement,No transformation beyond serialization.,Source missing remains null.,Source zero remains zero.,Source-defined sample,report_positive_count_change,analysis/descriptive_2020_2025/firm_year_language_extended.csv,scripts/build_extended_language_panel.py,Source column exists; null semantics preserved.,Interpret according to the source variable dictionary.,This generated generic description must be supplemented before publication if the variable is used as a primary construct.,
report_negative_count_lag1,Report Negative Count Lag1,Source / Derived,Firm-year,report_negative_count_lag1 is retained from the validated extended panel without remeasurement.,report_negative_count_lag1 = copied source value,Source-defined or not applicable,Source-defined or not applicable,Source value,Inherited from source measurement.,Inherited from source measurement.,Existing source measurement,No transformation beyond serialization.,Source missing remains null.,Source zero remains zero.,Source-defined sample,report_negative_count_lag1,analysis/descriptive_2020_2025/firm_year_language_extended.csv,scripts/build_extended_language_panel.py,Source column exists; null semantics preserved.,Interpret according to the source variable dictionary.,This generated generic description must be supplemented before publication if the variable is used as a primary construct.,
report_negative_count_change,Report Negative Count Change,Source / Derived,Firm-year,report_negative_count_change is retained from the validated extended panel without remeasurement.,report_negative_count_change = copied source value,Source-defined or not applicable,Source-defined or not applicable,Source value,Inherited from source measurement.,Inherited from source measurement.,Existing source measurement,No transformation beyond serialization.,Source missing remains null.,Source zero remains zero.,Source-defined sample,report_negative_count_change,analysis/descriptive_2020_2025/firm_year_language_extended.csv,scripts/build_extended_language_panel.py,Source column exists; null semantics preserved.,Interpret according to the source variable dictionary.,This generated generic description must be supplemented before publication if the variable is used as a primary construct.,
report_uncertainty_count_lag1,Report Uncertainty Count Lag1,Source / Derived,Firm-year,report_uncertainty_count_lag1 is retained from the validated extended panel without remeasurement.,report_uncertainty_count_lag1 = copied source value,Source-defined or not applicable,Source-defined or not applicable,Source value,Inherited from source measurement.,Inherited from source measurement.,Existing source measurement,No transformation beyond serialization.,Source missing remains null.,Source zero remains zero.,Source-defined sample,report_uncertainty_count_lag1,analysis/descriptive_2020_2025/firm_year_language_extended.csv,scripts/build_extended_language_panel.py,Source column exists; null semantics preserved.,Interpret according to the source variable dictionary.,This generated generic description must be supplemented before publication if the variable is used as a primary construct.,
report_uncertainty_count_change,Report Uncertainty Count Change,Source / Derived,Firm-year,report_uncertainty_count_change is retained from the validated extended panel without remeasurement.,report_uncertainty_count_change = copied source value,Source-defined or not applicable,Source-defined or not applicable,Source value,Inherited from source measurement.,Inherited from source measurement.,Existing source measurement,No transformation beyond serialization.,Source missing remains null.,Source zero remains zero.,Source-defined sample,report_uncertainty_count_change,analysis/descriptive_2020_2025/firm_year_language_extended.csv,scripts/build_extended_language_panel.py,Source column exists; null semantics preserved.,Interpret according to the source variable dictionary.,This generated generic description must be supplemented before publication if the variable is used as a primary construct.,
past_tense_count,Past Tense Count,Source / Derived,Firm-year,past_tense_count is retained from the validated extended panel without remeasurement.,past_tense_count = source-defined eligible unit count,Source-defined or not applicable,Source-defined or not applicable,Count,Inherited from source measurement.,Inherited from source measurement.,Existing source measurement,No transformation beyond serialization.,Source missing remains null.,Source zero remains zero.,Source-defined sample,past_tense_count,analysis/descriptive_2020_2025/firm_year_language_extended.csv,scripts/build_extended_language_panel.py,Source column exists; null semantics preserved.,Interpret according to the source variable dictionary.,This generated generic description must be supplemented before publication if the variable is used as a primary construct.,
present_tense_count,Present Tense Count,Source / Derived,Firm-year,present_tense_count is retained from the validated extended panel without remeasurement.,present_tense_count = source-defined eligible unit count,Source-defined or not applicable,Source-defined or not applicable,Count,Inherited from source measurement.,Inherited from source measurement.,Existing source measurement,No transformation beyond serialization.,Source missing remains null.,Source zero remains zero.,Source-defined sample,present_tense_count,analysis/descriptive_2020_2025/firm_year_language_extended.csv,scripts/build_extended_language_panel.py,Source column exists; null semantics preserved.,Interpret according to the source variable dictionary.,This generated generic description must be supplemented before publication if the variable is used as a primary construct.,
future_tense_count,Future Tense Count,Source / Derived,Firm-year,future_tense_count is retained from the validated extended panel without remeasurement.,future_tense_count = source-defined eligible unit count,Source-defined or not applicable,Source-defined or not applicable,Count,Inherited from source measurement.,Inherited from source measurement.,Existing source measurement,No transformation beyond serialization.,Source missing remains null.,Source zero remains zero.,Source-defined sample,future_tense_count,analysis/descriptive_2020_2025/firm_year_language_extended.csv,scripts/build_extended_language_panel.py,Source column exists; null semantics preserved.,Interpret according to the source variable dictionary.,This generated generic description must be supplemented before publication if the variable is used as a primary construct.,
finite_verb_count,Finite Verb Count,Source / Derived,Firm-year,finite_verb_count is retained from the validated extended panel without remeasurement.,finite_verb_count = source-defined eligible unit count,Source-defined or not applicable,Source-defined or not applicable,Count,Inherited from source measurement.,Inherited from source measurement.,Existing source measurement,No transformation beyond serialization.,Source missing remains null.,Source zero remains zero.,Source-defined sample,finite_verb_count,analysis/descriptive_2020_2025/firm_year_language_extended.csv,scripts/build_extended_language_panel.py,Source column exists; null semantics preserved.,Interpret according to the source variable dictionary.,This generated generic description must be supplemented before publication if the variable is used as a primary construct.,
past_tense_share,과거 시제 비율,Tense,Whole 10-K report,"spaCy POS 결과에서 VBD로 분류된 동사 수를 past, present, future 시제 count 합으로 나눈 비율이다.",Past Shareᵢₜ = Past Countᵢₜ / (Past + Present + Future Count)ᵢₜ,past_tense_count (VBD),finite_verb_count,Proportion,spaCy token/POS output,spaCy sentence segmentation over analysis text,spaCy 3.8.7 with en_core_web_sm 3.8.0,"Existing cleaned text, chunked NLP processing",Denominator zero => missing.,Zero count retained when denominator is positive.,All firm-year observations with finite-verb denominator,past_tense_share|past_tense_count|finite_verb_count,analysis/descriptive_2020_2025/firm_year_language_extended.csv,scripts/measure_extended_language_features.py,"Share within [0, 1]; tense counts non-negative.","Relative past-tense marker share, not narrative temporality in full.",POS tagging and finite-verb rules can misclassify complex constructions.,ai_past_tense_share
present_tense_share,현재 시제 비율,Tense,Whole 10-K report,spaCy POS 결과에서 VBP 또는 VBZ로 분류된 동사 수를 세 시제 count 합으로 나눈 비율이다.,Present Shareᵢₜ = Present Countᵢₜ / (Past + Present + Future Count)ᵢₜ,present_tense_count (VBP + VBZ),finite_verb_count,Proportion,spaCy POS tokens,spaCy sentence segmentation,spaCy 3.8.7 en_core_web_sm 3.8.0,Existing cleaned text and chunk processing,Denominator zero => missing.,Zero count retained when denominator is positive.,All firm-year observations with finite-verb denominator,present_tense_share|present_tense_count|finite_verb_count,analysis/descriptive_2020_2025/firm_year_language_extended.csv,scripts/measure_extended_language_features.py,"Share within [0, 1].",Relative present-tense marker share.,Not a comprehensive measure of present-oriented managerial language.,ai_present_tense_share
future_tense_share,미래 시제 비율,Tense,Whole 10-K report,"will, shall, 'll 미래 보조 표지 count를 세 시제 count 합으로 나눈 제한적 미래 시제 지표이다. plan to, intend to, expect to, aim to, anticipate, be going to는 포함하지 않는다.",Future Shareᵢₜ = Future Marker Countᵢₜ / (Past + Present + Future Count)ᵢₜ,future_tense_count (will/shall/'ll markers),finite_verb_count,Proportion,Lowercase/lemma rule implemented in measurement script,spaCy sentence segmentation,spaCy 3.8.7 en_core_web_sm 3.8.0,Existing cleaned text and marker matching,Denominator zero => missing.,Zero marker count retained when denominator is positive.,All firm-year observations with finite-verb denominator,future_tense_share|future_tense_count|finite_verb_count,analysis/descriptive_2020_2025/firm_year_language_extended.csv,scripts/measure_extended_language_features.py,"Share within [0, 1].","Limited future-modal marker usage, not all future orientation.",Other future-oriented constructions are omitted.,ai_future_tense_share
passive_voice_sentence_count,Passive Voice Sentence Count,Source / Derived,Firm-year,passive_voice_sentence_count is retained from the validated extended panel without remeasurement.,passive_voice_sentence_count = source-defined eligible unit count,Source-defined or not applicable,Source-defined or not applicable,Count,Inherited from source measurement.,Inherited from source measurement.,Existing source measurement,No transformation beyond serialization.,Source missing remains null.,Source zero remains zero.,Source-defined sample,passive_voice_sentence_count,analysis/descriptive_2020_2025/firm_year_language_extended.csv,scripts/build_extended_language_panel.py,Source column exists; null semantics preserved.,Interpret according to the source variable dictionary.,This generated generic description must be supplemented before publication if the variable is used as a primary construct.,
passive_voice_sentence_share,수동태 문장 비율,Passive Voice,Whole 10-K report,spaCy dependency parse에서 auxpass 또는 nsubjpass 관계가 하나 이상 있는 문장을 수동태로 표시하고 전체 spaCy 문장 수로 나눈다. 한 문장에 여러 관계가 있어도 한 문장으로 센다.,Passive Shareᵢₜ = Passive Sentence Countᵢₜ / Parsed Sentence Countᵢₜ,passive_voice_sentence_count,spacy_sentence_count,Proportion,spaCy dependency tokens,spaCy sentence boundaries,spaCy dependency parser; auxpass/nsubjpass,Existing cleaned text and chunked processing,Sentence denominator zero => missing.,No passive relation with positive denominator = 0.,All parsed report observations,passive_voice_sentence_share|passive_voice_sentence_count|spacy_sentence_count,analysis/descriptive_2020_2025/firm_year_language_extended.csv,scripts/measure_extended_language_features.py,"Share within [0, 1].",Parser-defined passive sentence prevalence.,"Parser errors, reduced clauses and complex coordination can cause false negatives or positives.",ai_passive_voice_sentence_share
spacy_sentence_count,Spacy Sentence Count,Source / Derived,Firm-year,spacy_sentence_count is retained from the validated extended panel without remeasurement.,spacy_sentence_count = source-defined eligible unit count,Source-defined or not applicable,Source-defined or not applicable,Count,Inherited from source measurement.,Inherited from source measurement.,Existing source measurement,No transformation beyond serialization.,Source missing remains null.,Source zero remains zero.,Source-defined sample,spacy_sentence_count,analysis/descriptive_2020_2025/firm_year_language_extended.csv,scripts/build_extended_language_panel.py,Source column exists; null semantics preserved.,Interpret according to the source variable dictionary.,This generated generic description must be supplemented before publication if the variable is used as a primary construct.,
ai_past_tense_count,Ai Past Tense Count,Source / Derived,Firm-year,ai_past_tense_count is retained from the validated extended panel without remeasurement.,ai_past_tense_count = source-defined eligible unit count,Source-defined or not applicable,Source-defined or not applicable,Count,Inherited from source measurement.,Inherited from source measurement.,Existing source measurement,No transformation beyond serialization.,Source missing remains null.,Source zero remains zero.,Source-defined sample,ai_past_tense_count,analysis/descriptive_2020_2025/firm_year_language_extended.csv,scripts/build_extended_language_panel.py,Source column exists; null semantics preserved.,Interpret according to the source variable dictionary.,This generated generic description must be supplemented before publication if the variable is used as a primary construct.,
ai_present_tense_count,Ai Present Tense Count,Source / Derived,Firm-year,ai_present_tense_count is retained from the validated extended panel without remeasurement.,ai_present_tense_count = source-defined eligible unit count,Source-defined or not applicable,Source-defined or not applicable,Count,Inherited from source measurement.,Inherited from source measurement.,Existing source measurement,No transformation beyond serialization.,Source missing remains null.,Source zero remains zero.,Source-defined sample,ai_present_tense_count,analysis/descriptive_2020_2025/firm_year_language_extended.csv,scripts/build_extended_language_panel.py,Source column exists; null semantics preserved.,Interpret according to the source variable dictionary.,This generated generic description must be supplemented before publication if the variable is used as a primary construct.,
ai_future_tense_count,Ai Future Tense Count,Source / Derived,Firm-year,ai_future_tense_count is retained from the validated extended panel without remeasurement.,ai_future_tense_count = source-defined eligible unit count,Source-defined or not applicable,Source-defined or not applicable,Count,Inherited from source measurement.,Inherited from source measurement.,Existing source measurement,No transformation beyond serialization.,Source missing remains null.,Source zero remains zero.,Source-defined sample,ai_future_tense_count,analysis/descriptive_2020_2025/firm_year_language_extended.csv,scripts/build_extended_language_panel.py,Source column exists; null semantics preserved.,Interpret according to the source variable dictionary.,This generated generic description must be supplemented before publication if the variable is used as a primary construct.,
ai_finite_verb_count,Ai Finite Verb Count,Source / Derived,Firm-year,ai_finite_verb_count is retained from the validated extended panel without remeasurement.,ai_finite_verb_count = source-defined eligible unit count,Source-defined or not applicable,Source-defined or not applicable,Count,Inherited from source measurement.,Inherited from source measurement.,Existing source measurement,No transformation beyond serialization.,Source missing remains null.,Source zero remains zero.,Source-defined sample,ai_finite_verb_count,analysis/descriptive_2020_2025/firm_year_language_extended.csv,scripts/build_extended_language_panel.py,Source column exists; null semantics preserved.,Interpret according to the source variable dictionary.,This generated generic description must be supplemented before publication if the variable is used as a primary construct.,
ai_past_tense_share,Ai Past Tense Share,Source / Derived,Firm-year,ai_past_tense_share is retained from the validated extended panel without remeasurement.,ai_past_tense_share = source-defined numerator / source-defined denominator,Source-defined or not applicable,Source-defined or not applicable,Proportion,Inherited from source measurement.,Inherited from source measurement.,Existing source measurement,No transformation beyond serialization.,Source missing remains null.,Source zero remains zero.,Source-defined sample,ai_past_tense_share,analysis/descriptive_2020_2025/firm_year_language_extended.csv,scripts/build_extended_language_panel.py,Source column exists; null semantics preserved.,Interpret according to the source variable dictionary.,This generated generic description must be supplemented before publication if the variable is used as a primary construct.,
ai_present_tense_share,Ai Present Tense Share,Source / Derived,Firm-year,ai_present_tense_share is retained from the validated extended panel without remeasurement.,ai_present_tense_share = source-defined numerator / source-defined denominator,Source-defined or not applicable,Source-defined or not applicable,Proportion,Inherited from source measurement.,Inherited from source measurement.,Existing source measurement,No transformation beyond serialization.,Source missing remains null.,Source zero remains zero.,Source-defined sample,ai_present_tense_share,analysis/descriptive_2020_2025/firm_year_language_extended.csv,scripts/build_extended_language_panel.py,Source column exists; null semantics preserved.,Interpret according to the source variable dictionary.,This generated generic description must be supplemented before publication if the variable is used as a primary construct.,
ai_future_tense_share,Ai Future Tense Share,Source / Derived,Firm-year,ai_future_tense_share is retained from the validated extended panel without remeasurement.,ai_future_tense_share = source-defined numerator / source-defined denominator,Source-defined or not applicable,Source-defined or not applicable,Proportion,Inherited from source measurement.,Inherited from source measurement.,Existing source measurement,No transformation beyond serialization.,Source missing remains null.,Source zero remains zero.,Source-defined sample,ai_future_tense_share,analysis/descriptive_2020_2025/firm_year_language_extended.csv,scripts/build_extended_language_panel.py,Source column exists; null semantics preserved.,Interpret according to the source variable dictionary.,This generated generic description must be supplemented before publication if the variable is used as a primary construct.,
ai_passive_voice_sentence_count,Ai Passive Voice Sentence Count,Source / Derived,Firm-year,ai_passive_voice_sentence_count is retained from the validated extended panel without remeasurement.,ai_passive_voice_sentence_count = source-defined eligible unit count,Source-defined or not applicable,Source-defined or not applicable,Count,Inherited from source measurement.,Inherited from source measurement.,Existing source measurement,No transformation beyond serialization.,Source missing remains null.,Source zero remains zero.,Source-defined sample,ai_passive_voice_sentence_count,analysis/descriptive_2020_2025/firm_year_language_extended.csv,scripts/build_extended_language_panel.py,Source column exists; null semantics preserved.,Interpret according to the source variable dictionary.,This generated generic description must be supplemented before publication if the variable is used as a primary construct.,
ai_passive_voice_sentence_share,Ai Passive Voice Sentence Share,Source / Derived,Firm-year,ai_passive_voice_sentence_share is retained from the validated extended panel without remeasurement.,ai_passive_voice_sentence_share = source-defined numerator / source-defined denominator,Source-defined or not applicable,Source-defined or not applicable,Proportion,Inherited from source measurement.,Inherited from source measurement.,Existing source measurement,No transformation beyond serialization.,Source missing remains null.,Source zero remains zero.,Source-defined sample,ai_passive_voice_sentence_share,analysis/descriptive_2020_2025/firm_year_language_extended.csv,scripts/build_extended_language_panel.py,Source column exists; null semantics preserved.,Interpret according to the source variable dictionary.,This generated generic description must be supplemented before publication if the variable is used as a primary construct.,
ai_spacy_sentence_count,Ai Spacy Sentence Count,Source / Derived,Firm-year,ai_spacy_sentence_count is retained from the validated extended panel without remeasurement.,ai_spacy_sentence_count = source-defined eligible unit count,Source-defined or not applicable,Source-defined or not applicable,Count,Inherited from source measurement.,Inherited from source measurement.,Existing source measurement,No transformation beyond serialization.,Source missing remains null.,Source zero remains zero.,Source-defined sample,ai_spacy_sentence_count,analysis/descriptive_2020_2025/firm_year_language_extended.csv,scripts/build_extended_language_panel.py,Source column exists; null semantics preserved.,Interpret according to the source variable dictionary.,This generated generic description must be supplemented before publication if the variable is used as a primary construct.,
report_character_count,Report Character Count,Source / Derived,Firm-year,report_character_count is retained from the validated extended panel without remeasurement.,report_character_count = source-defined eligible unit count,Source-defined or not applicable,Source-defined or not applicable,Count,Inherited from source measurement.,Inherited from source measurement.,Existing source measurement,No transformation beyond serialization.,Source missing remains null.,Source zero remains zero.,Source-defined sample,report_character_count,analysis/descriptive_2020_2025/firm_year_language_extended.csv,scripts/build_extended_language_panel.py,Source column exists; null semantics preserved.,Interpret according to the source variable dictionary.,This generated generic description must be supplemented before publication if the variable is used as a primary construct.,
average_word_length,Average Word Length,Source / Derived,Firm-year,average_word_length is retained from the validated extended panel without remeasurement.,average_word_length = copied source value,Source-defined or not applicable,Source-defined or not applicable,Source value,Inherited from source measurement.,Inherited from source measurement.,Existing source measurement,No transformation beyond serialization.,Source missing remains null.,Source zero remains zero.,Source-defined sample,average_word_length,analysis/descriptive_2020_2025/firm_year_language_extended.csv,scripts/build_extended_language_panel.py,Source column exists; null semantics preserved.,Interpret according to the source variable dictionary.,This generated generic description must be supplemented before publication if the variable is used as a primary construct.,
lexical_density,Lexical Density,Source / Derived,Firm-year,lexical_density is retained from the validated extended panel without remeasurement.,lexical_density = copied source value,Source-defined or not applicable,Source-defined or not applicable,Source value,Inherited from source measurement.,Inherited from source measurement.,Existing source measurement,No transformation beyond serialization.,Source missing remains null.,Source zero remains zero.,Source-defined sample,lexical_density,analysis/descriptive_2020_2025/firm_year_language_extended.csv,scripts/build_extended_language_panel.py,Source column exists; null semantics preserved.,Interpret according to the source variable dictionary.,This generated generic description must be supplemented before publication if the variable is used as a primary construct.,
root_type_token_ratio,Root Type Token Ratio,Source / Derived,Firm-year,root_type_token_ratio is retained from the validated extended panel without remeasurement.,root_type_token_ratio = source-defined numerator / source-defined denominator,Source-defined or not applicable,Source-defined or not applicable,Proportion,Inherited from source measurement.,Inherited from source measurement.,Existing source measurement,No transformation beyond serialization.,Source missing remains null.,Source zero remains zero.,Source-defined sample,root_type_token_ratio,analysis/descriptive_2020_2025/firm_year_language_extended.csv,scripts/build_extended_language_panel.py,Source column exists; null semantics preserved.,Interpret according to the source variable dictionary.,This generated generic description must be supplemented before publication if the variable is used as a primary construct.,
type_token_ratio,Type Token Ratio,Source / Derived,Firm-year,type_token_ratio is retained from the validated extended panel without remeasurement.,type_token_ratio = source-defined numerator / source-defined denominator,Source-defined or not applicable,Source-defined or not applicable,Proportion,Inherited from source measurement.,Inherited from source measurement.,Existing source measurement,No transformation beyond serialization.,Source missing remains null.,Source zero remains zero.,Source-defined sample,type_token_ratio,analysis/descriptive_2020_2025/firm_year_language_extended.csv,scripts/build_extended_language_panel.py,Source column exists; null semantics preserved.,Interpret according to the source variable dictionary.,This generated generic description must be supplemented before publication if the variable is used as a primary construct.,
percentage_expression_count,Percentage Expression Count,Source / Derived,Firm-year,percentage_expression_count is retained from the validated extended panel without remeasurement.,percentage_expression_count = source-defined eligible unit count,Source-defined or not applicable,Source-defined or not applicable,Count,Inherited from source measurement.,Inherited from source measurement.,Existing source measurement,No transformation beyond serialization.,Source missing remains null.,Source zero remains zero.,Source-defined sample,percentage_expression_count,analysis/descriptive_2020_2025/firm_year_language_extended.csv,scripts/build_extended_language_panel.py,Source column exists; null semantics preserved.,Interpret according to the source variable dictionary.,This generated generic description must be supplemented before publication if the variable is used as a primary construct.,
currency_expression_count,Currency Expression Count,Source / Derived,Firm-year,currency_expression_count is retained from the validated extended panel without remeasurement.,currency_expression_count = source-defined eligible unit count,Source-defined or not applicable,Source-defined or not applicable,Count,Inherited from source measurement.,Inherited from source measurement.,Existing source measurement,No transformation beyond serialization.,Source missing remains null.,Source zero remains zero.,Source-defined sample,currency_expression_count,analysis/descriptive_2020_2025/firm_year_language_extended.csv,scripts/build_extended_language_panel.py,Source column exists; null semantics preserved.,Interpret according to the source variable dictionary.,This generated generic description must be supplemented before publication if the variable is used as a primary construct.,
ai_word_count,Ai Word Count,Source / Derived,Firm-year,ai_word_count is retained from the validated extended panel without remeasurement.,ai_word_count = source-defined eligible unit count,Source-defined or not applicable,Source-defined or not applicable,Count,Inherited from source measurement.,Inherited from source measurement.,Existing source measurement,No transformation beyond serialization.,Source missing remains null.,Source zero remains zero.,Source-defined sample,ai_word_count,analysis/descriptive_2020_2025/firm_year_language_extended.csv,scripts/build_extended_language_panel.py,Source column exists; null semantics preserved.,Interpret according to the source variable dictionary.,This generated generic description must be supplemented before publication if the variable is used as a primary construct.,
log_ai_word_count,Log Ai Word Count,Source / Derived,Firm-year,log_ai_word_count is retained from the validated extended panel without remeasurement.,log_ai_word_count = source-defined eligible unit count,Source-defined or not applicable,Source-defined or not applicable,Count,Inherited from source measurement.,Inherited from source measurement.,Existing source measurement,No transformation beyond serialization.,Source missing remains null.,Source zero remains zero.,Source-defined sample,log_ai_word_count,analysis/descriptive_2020_2025/firm_year_language_extended.csv,scripts/build_extended_language_panel.py,Source column exists; null semantics preserved.,Interpret according to the source variable dictionary.,This generated generic description must be supplemented before publication if the variable is used as a primary construct.,
ai_fog_index,Ai Fog Index,Source / Derived,Firm-year,ai_fog_index is retained from the validated extended panel without remeasurement.,ai_fog_index = copied source value,Source-defined or not applicable,Source-defined or not applicable,Source value,Inherited from source measurement.,Inherited from source measurement.,Existing source measurement,No transformation beyond serialization.,Source missing remains null.,Source zero remains zero.,Source-defined sample,ai_fog_index,analysis/descriptive_2020_2025/firm_year_language_extended.csv,scripts/build_extended_language_panel.py,Source column exists; null semantics preserved.,Interpret according to the source variable dictionary.,This generated generic description must be supplemented before publication if the variable is used as a primary construct.,
ai_average_sentence_length,Ai Average Sentence Length,Source / Derived,Firm-year,ai_average_sentence_length is retained from the validated extended panel without remeasurement.,ai_average_sentence_length = copied source value,Source-defined or not applicable,Source-defined or not applicable,Source value,Inherited from source measurement.,Inherited from source measurement.,Existing source measurement,No transformation beyond serialization.,Source missing remains null.,Source zero remains zero.,Source-defined sample,ai_average_sentence_length,analysis/descriptive_2020_2025/firm_year_language_extended.csv,scripts/build_extended_language_panel.py,Source column exists; null semantics preserved.,Interpret according to the source variable dictionary.,This generated generic description must be supplemented before publication if the variable is used as a primary construct.,
ai_complex_word_share,Ai Complex Word Share,Source / Derived,Firm-year,ai_complex_word_share is retained from the validated extended panel without remeasurement.,ai_complex_word_share = source-defined numerator / source-defined denominator,Source-defined or not applicable,Source-defined or not applicable,Proportion,Inherited from source measurement.,Inherited from source measurement.,Existing source measurement,No transformation beyond serialization.,Source missing remains null.,Source zero remains zero.,Source-defined sample,ai_complex_word_share,analysis/descriptive_2020_2025/firm_year_language_extended.csv,scripts/build_extended_language_panel.py,Source column exists; null semantics preserved.,Interpret according to the source variable dictionary.,This generated generic description must be supplemented before publication if the variable is used as a primary construct.,
tense_measurement_status,Tense Measurement Status,Source / Derived,Firm-year,tense_measurement_status is retained from the validated extended panel without remeasurement.,tense_measurement_status = copied source value,Source-defined or not applicable,Source-defined or not applicable,Source value,Inherited from source measurement.,Inherited from source measurement.,Existing source measurement,No transformation beyond serialization.,Source missing remains null.,Source zero remains zero.,Source-defined sample,tense_measurement_status,analysis/descriptive_2020_2025/firm_year_language_extended.csv,scripts/build_extended_language_panel.py,Source column exists; null semantics preserved.,Interpret according to the source variable dictionary.,This generated generic description must be supplemented before publication if the variable is used as a primary construct.,
passive_voice_measurement_status,Passive Voice Measurement Status,Source / Derived,Firm-year,passive_voice_measurement_status is retained from the validated extended panel without remeasurement.,passive_voice_measurement_status = copied source value,Source-defined or not applicable,Source-defined or not applicable,Source value,Inherited from source measurement.,Inherited from source measurement.,Existing source measurement,No transformation beyond serialization.,Source missing remains null.,Source zero remains zero.,Source-defined sample,passive_voice_measurement_status,analysis/descriptive_2020_2025/firm_year_language_extended.csv,scripts/build_extended_language_panel.py,Source column exists; null semantics preserved.,Interpret according to the source variable dictionary.,This generated generic description must be supplemented before publication if the variable is used as a primary construct.,
dependency_model,Dependency Model,Source / Derived,Firm-year,dependency_model is retained from the validated extended panel without remeasurement.,dependency_model = copied source value,Source-defined or not applicable,Source-defined or not applicable,Source value,Inherited from source measurement.,Inherited from source measurement.,Existing source measurement,No transformation beyond serialization.,Source missing remains null.,Source zero remains zero.,Source-defined sample,dependency_model,analysis/descriptive_2020_2025/firm_year_language_extended.csv,scripts/build_extended_language_panel.py,Source column exists; null semantics preserved.,Interpret according to the source variable dictionary.,This generated generic description must be supplemented before publication if the variable is used as a primary construct.,
dependency_model_version,Dependency Model Version,Source / Derived,Firm-year,dependency_model_version is retained from the validated extended panel without remeasurement.,dependency_model_version = copied source value,Source-defined or not applicable,Source-defined or not applicable,Source value,Inherited from source measurement.,Inherited from source measurement.,Existing source measurement,No transformation beyond serialization.,Source missing remains null.,Source zero remains zero.,Source-defined sample,dependency_model_version,analysis/descriptive_2020_2025/firm_year_language_extended.csv,scripts/build_extended_language_panel.py,Source column exists; null semantics preserved.,Interpret according to the source variable dictionary.,This generated generic description must be supplemented before publication if the variable is used as a primary construct.,
extended_measurement_version,Extended Measurement Version,Source / Derived,Firm-year,extended_measurement_version is retained from the validated extended panel without remeasurement.,extended_measurement_version = copied source value,Source-defined or not applicable,Source-defined or not applicable,Source value,Inherited from source measurement.,Inherited from source measurement.,Existing source measurement,No transformation beyond serialization.,Source missing remains null.,Source zero remains zero.,Source-defined sample,extended_measurement_version,analysis/descriptive_2020_2025/firm_year_language_extended.csv,scripts/build_extended_language_panel.py,Source column exists; null semantics preserved.,Interpret according to the source variable dictionary.,This generated generic description must be supplemented before publication if the variable is used as a primary construct.,
log1p_ai_sentence_count,Log1P Ai Sentence Count,Source / Derived,Firm-year,log1p_ai_sentence_count is retained from the validated extended panel without remeasurement.,log1p_ai_sentence_count = source-defined eligible unit count,Source-defined or not applicable,Source-defined or not applicable,Count,Inherited from source measurement.,Inherited from source measurement.,Existing source measurement,No transformation beyond serialization.,Source missing remains null.,Source zero remains zero.,Source-defined sample,log1p_ai_sentence_count,analysis/descriptive_2020_2025/firm_year_language_extended.csv,scripts/build_extended_language_panel.py,Source column exists; null semantics preserved.,Interpret according to the source variable dictionary.,This generated generic description must be supplemented before publication if the variable is used as a primary construct.,
ai_disclosure,AI 공시 여부,AI Communication,Firm-year,10-K 분석 본문에서 AI 관련 직접 문장이 한 개 이상 확인된 firm-year를 1로 표시하는 이진 변수이다. AI adoption 자체가 아니라 text-based AI communication proxy이다.,AI Disclosureᵢₜ = 1(ai_sentence_countᵢₜ ≥ 1),AI direct sentence count ≥ 1,해당 없음,Binary indicator,AI dictionary boundary matching in cleaned analysis text,A sentence is direct AI-related when the existing AI matcher finds a non-overlapping dictionary match.,Existing AI matcher and full-sample language pipeline,Existing cleaned sentence text and case-insensitive boundary matching,Source missing remains missing.,No AI direct sentence = 0.,All firm-year observations; AI-level measures are conditional on ai_disclosure = 1.,ai_disclosure|ai_disclosure_flag|ai_sentence_count,analysis/descriptive_2020_2025/firm_year_language_extended.csv,scripts/language_measurement_common.py|scripts/run_language_full_sample.py|scripts/build_extended_language_panel.py,"ai_disclosure equals 1 exactly when ai_sentence_count >= 1, subject to source missing.",Presence of AI-related communication in the filing.,Keyword matching does not establish actual AI implementation or adoption.,ai_disclosure_flag|ai_disclosure_binary
whole_report_concreteness,전체 보고서 구체성,Concreteness,Whole 10-K report,SMART stopword 제거 후 Brysbaert concreteness lexicon에 유효하게 매칭된 전체 보고서 token의 평균 점수이다. exact match를 우선하고 unique Porter stem fallback을 사용하며 ambiguous collision은 제외한다.,Concretenessᵢₜ = Σⱼ Ratingⱼ / Matched Eligible Token Countᵢₜ,Matched token concreteness ratings summed over valid matches,report_concreteness_matched_token_count,Brysbaert rating score,Alphabetic eligible tokens after SMART stopword removal,All included analysis sentences,Brysbaert lexicon; Porter stemming; exact then unique-stem fallback,"Lowercase, SMART removal, Porter stemming; collision stems excluded",Missing when no valid matched token denominator exists.,"No valid matched token is structural missing, not zero score.",All firm-year observations with valid report matches,whole_report_concreteness|report_concreteness_mean|report_concreteness_matched_token_count|report_concreteness_coverage,analysis/descriptive_2020_2025/firm_year_language_extended.csv,scripts/measure_brysbaert_concreteness.py|scripts/build_extended_language_panel.py,"Coverage is within [0, 1]; collision counts retained.",Higher score indicates more concrete matched vocabulary under the lexicon.,Lexicon coverage and contextual meaning may not capture document-level abstraction.,report_concreteness_mean
ai_concreteness,AI 직접 문장 구체성,Concreteness,AI direct sentences,AI 직접 문장에 포함된 유효 token 중 Brysbaert 점수가 매칭된 token의 평균이다. AI 문장이 없는 firm-year에는 유효한 AI 분모가 없으므로 결측이다.,AI Concretenessᵢₜ = Σⱼ AI Matched Ratingⱼ / AI Matched Token Countᵢₜ,AI matched token ratings,ai_concreteness_matched_token_count,Brysbaert rating score,AI sentence eligible alphabetic tokens after SMART removal,Existing AI direct sentence rows only,Brysbaert lexicon with exact and unique-stem fallback,Same as whole-report concreteness; collision excluded,AI sentence count zero or valid denominator zero => missing.,No AI sentence is not treated as zero concreteness.,AI disclosure firm-years only,ai_concreteness|ai_concreteness_mean|ai_concreteness_matched_token_count|ai_concreteness_coverage,analysis/descriptive_2020_2025/firm_year_language_extended.csv,scripts/measure_brysbaert_concreteness.py,"AI coverage within [0, 1]; N reflects valid AI-level observations.",Higher score indicates more concrete matched AI vocabulary.,Conditional sample and sparse AI text can make the mean unstable.,ai_concreteness_mean
fog_index,Gunning Fog Index,Readability,Whole 10-K report,정제된 분석 텍스트의 유효 단어·문장 수와 결정론적 음절 휴리스틱으로 복잡 단어 비율을 계산해 문장 길이와 결합한 가독성 지수이다.,Fogᵢₜ = 0.4 × [(Wordsᵢₜ / Sentencesᵢₜ) + 100 × (ComplexWordsᵢₜ / Wordsᵢₜ)],Eligible words; words with count_syllables(word) >= 3,Eligible non-empty sentences; eligible words,Index score,language_measurement_common.WORD_RE tokens containing alphabetic characters,Non-empty extracted analysis sentences,scripts/language_measurement_common.py readability(),HTML extraction output; punctuation excluded by WORD_RE; deterministic vowel-group syllable heuristic; terminal e rule,Missing when sentence or word denominator is zero.,Zero complex words with positive words = zero complex-word ratio.,All firm-year observations with valid report text,fog_index|report_fog_index,analysis/descriptive_2020_2025/firm_year_language_extended.csv,scripts/language_measurement_common.py|scripts/measure_report_level_controls.py,Finite numeric index; source status valid.,Higher values indicate greater surface complexity under this heuristic.,Does not directly measure information quality; financial/legal terminology can be treated as complex.,report_fog_index|ai_fog_index
lm_positive_share,Lm Positive Share,Source / Derived,Firm-year,lm_positive_share is retained from the validated extended panel without remeasurement.,lm_positive_share = source-defined numerator / source-defined denominator,Source-defined or not applicable,Source-defined or not applicable,Proportion,Inherited from source measurement.,Inherited from source measurement.,Existing source measurement,No transformation beyond serialization.,Source missing remains null.,Source zero remains zero.,Source-defined sample,lm_positive_share,analysis/descriptive_2020_2025/firm_year_language_extended.csv,scripts/build_extended_language_panel.py,Source column exists; null semantics preserved.,Interpret according to the source variable dictionary.,This generated generic description must be supplemented before publication if the variable is used as a primary construct.,
lm_negative_share,Lm Negative Share,Source / Derived,Firm-year,lm_negative_share is retained from the validated extended panel without remeasurement.,lm_negative_share = source-defined numerator / source-defined denominator,Source-defined or not applicable,Source-defined or not applicable,Proportion,Inherited from source measurement.,Inherited from source measurement.,Existing source measurement,No transformation beyond serialization.,Source missing remains null.,Source zero remains zero.,Source-defined sample,lm_negative_share,analysis/descriptive_2020_2025/firm_year_language_extended.csv,scripts/build_extended_language_panel.py,Source column exists; null semantics preserved.,Interpret according to the source variable dictionary.,This generated generic description must be supplemented before publication if the variable is used as a primary construct.,
lm_uncertainty_share,LM uncertainty 비율,Loughran–McDonald,Whole 10-K report,Loughran–McDonald financial dictionary의 Uncertainty 범주에 일치한 유효 token 수를 전체 유효 LM token 수로 나눈 상대 비중이다. 심리 상태가 아니라 금융공시 어휘의 비중이다.,LM Uncertainty Shareᵢₜ = Uncertainty Token Countᵢₜ / Eligible LM Token Countᵢₜ,report_uncertainty_count,report_total_eligible_word_count,Proportion,Existing LM eligible tokenization and normalization,All included report sentences,Loughran–McDonald Master Dictionary,Existing lowercase/token normalization; category active rules,Source missing or denominator zero remains missing.,Zero category matches with positive denominator = 0.,All valid report-level observations,lm_uncertainty_share|report_uncertainty_ratio|report_uncertainty_count|report_total_eligible_word_count,analysis/descriptive_2020_2025/firm_year_language_extended.csv,scripts/run_language_full_sample.py|scripts/build_extended_language_panel.py,"Non-missing proportion within [0, 1].",Relative use of LM uncertainty vocabulary.,"Dictionary matching ignores local syntax, negation and polysemy.",ai_lm_uncertainty_share
lm_litigious_share,Lm Litigious Share,Source / Derived,Firm-year,lm_litigious_share is retained from the validated extended panel without remeasurement.,lm_litigious_share = source-defined numerator / source-defined denominator,Source-defined or not applicable,Source-defined or not applicable,Proportion,Inherited from source measurement.,Inherited from source measurement.,Existing source measurement,No transformation beyond serialization.,Source missing remains null.,Source zero remains zero.,Source-defined sample,lm_litigious_share,analysis/descriptive_2020_2025/firm_year_language_extended.csv,scripts/build_extended_language_panel.py,Source column exists; null semantics preserved.,Interpret according to the source variable dictionary.,This generated generic description must be supplemented before publication if the variable is used as a primary construct.,
lm_strong_modal_share,Lm Strong Modal Share,Source / Derived,Firm-year,lm_strong_modal_share is retained from the validated extended panel without remeasurement.,lm_strong_modal_share = source-defined numerator / source-defined denominator,Source-defined or not applicable,Source-defined or not applicable,Proportion,Inherited from source measurement.,Inherited from source measurement.,Existing source measurement,No transformation beyond serialization.,Source missing remains null.,Source zero remains zero.,Source-defined sample,lm_strong_modal_share,analysis/descriptive_2020_2025/firm_year_language_extended.csv,scripts/build_extended_language_panel.py,Source column exists; null semantics preserved.,Interpret according to the source variable dictionary.,This generated generic description must be supplemented before publication if the variable is used as a primary construct.,
lm_weak_modal_share,Lm Weak Modal Share,Source / Derived,Firm-year,lm_weak_modal_share is retained from the validated extended panel without remeasurement.,lm_weak_modal_share = source-defined numerator / source-defined denominator,Source-defined or not applicable,Source-defined or not applicable,Proportion,Inherited from source measurement.,Inherited from source measurement.,Existing source measurement,No transformation beyond serialization.,Source missing remains null.,Source zero remains zero.,Source-defined sample,lm_weak_modal_share,analysis/descriptive_2020_2025/firm_year_language_extended.csv,scripts/build_extended_language_panel.py,Source column exists; null semantics preserved.,Interpret according to the source variable dictionary.,This generated generic description must be supplemented before publication if the variable is used as a primary construct.,
lm_constraining_share,Lm Constraining Share,Source / Derived,Firm-year,lm_constraining_share is retained from the validated extended panel without remeasurement.,lm_constraining_share = source-defined numerator / source-defined denominator,Source-defined or not applicable,Source-defined or not applicable,Proportion,Inherited from source measurement.,Inherited from source measurement.,Existing source measurement,No transformation beyond serialization.,Source missing remains null.,Source zero remains zero.,Source-defined sample,lm_constraining_share,analysis/descriptive_2020_2025/firm_year_language_extended.csv,scripts/build_extended_language_panel.py,Source column exists; null semantics preserved.,Interpret according to the source variable dictionary.,This generated generic description must be supplemented before publication if the variable is used as a primary construct.,
ai_lm_positive_share,Ai Lm Positive Share,Source / Derived,Firm-year,ai_lm_positive_share is retained from the validated extended panel without remeasurement.,ai_lm_positive_share = source-defined numerator / source-defined denominator,Source-defined or not applicable,Source-defined or not applicable,Proportion,Inherited from source measurement.,Inherited from source measurement.,Existing source measurement,No transformation beyond serialization.,Source missing remains null.,Source zero remains zero.,Source-defined sample,ai_lm_positive_share,analysis/descriptive_2020_2025/firm_year_language_extended.csv,scripts/build_extended_language_panel.py,Source column exists; null semantics preserved.,Interpret according to the source variable dictionary.,This generated generic description must be supplemented before publication if the variable is used as a primary construct.,
ai_lm_negative_share,Ai Lm Negative Share,Source / Derived,Firm-year,ai_lm_negative_share is retained from the validated extended panel without remeasurement.,ai_lm_negative_share = source-defined numerator / source-defined denominator,Source-defined or not applicable,Source-defined or not applicable,Proportion,Inherited from source measurement.,Inherited from source measurement.,Existing source measurement,No transformation beyond serialization.,Source missing remains null.,Source zero remains zero.,Source-defined sample,ai_lm_negative_share,analysis/descriptive_2020_2025/firm_year_language_extended.csv,scripts/build_extended_language_panel.py,Source column exists; null semantics preserved.,Interpret according to the source variable dictionary.,This generated generic description must be supplemented before publication if the variable is used as a primary construct.,
ai_lm_uncertainty_share,Ai Lm Uncertainty Share,Source / Derived,Firm-year,ai_lm_uncertainty_share is retained from the validated extended panel without remeasurement.,ai_lm_uncertainty_share = source-defined numerator / source-defined denominator,Source-defined or not applicable,Source-defined or not applicable,Proportion,Inherited from source measurement.,Inherited from source measurement.,Existing source measurement,No transformation beyond serialization.,Source missing remains null.,Source zero remains zero.,Source-defined sample,ai_lm_uncertainty_share,analysis/descriptive_2020_2025/firm_year_language_extended.csv,scripts/build_extended_language_panel.py,Source column exists; null semantics preserved.,Interpret according to the source variable dictionary.,This generated generic description must be supplemented before publication if the variable is used as a primary construct.,
ai_lm_litigious_share,Ai Lm Litigious Share,Source / Derived,Firm-year,ai_lm_litigious_share is retained from the validated extended panel without remeasurement.,ai_lm_litigious_share = source-defined numerator / source-defined denominator,Source-defined or not applicable,Source-defined or not applicable,Proportion,Inherited from source measurement.,Inherited from source measurement.,Existing source measurement,No transformation beyond serialization.,Source missing remains null.,Source zero remains zero.,Source-defined sample,ai_lm_litigious_share,analysis/descriptive_2020_2025/firm_year_language_extended.csv,scripts/build_extended_language_panel.py,Source column exists; null semantics preserved.,Interpret according to the source variable dictionary.,This generated generic description must be supplemented before publication if the variable is used as a primary construct.,
ai_lm_strong_modal_share,Ai Lm Strong Modal Share,Source / Derived,Firm-year,ai_lm_strong_modal_share is retained from the validated extended panel without remeasurement.,ai_lm_strong_modal_share = source-defined numerator / source-defined denominator,Source-defined or not applicable,Source-defined or not applicable,Proportion,Inherited from source measurement.,Inherited from source measurement.,Existing source measurement,No transformation beyond serialization.,Source missing remains null.,Source zero remains zero.,Source-defined sample,ai_lm_strong_modal_share,analysis/descriptive_2020_2025/firm_year_language_extended.csv,scripts/build_extended_language_panel.py,Source column exists; null semantics preserved.,Interpret according to the source variable dictionary.,This generated generic description must be supplemented before publication if the variable is used as a primary construct.,
ai_lm_weak_modal_share,Ai Lm Weak Modal Share,Source / Derived,Firm-year,ai_lm_weak_modal_share is retained from the validated extended panel without remeasurement.,ai_lm_weak_modal_share = source-defined numerator / source-defined denominator,Source-defined or not applicable,Source-defined or not applicable,Proportion,Inherited from source measurement.,Inherited from source measurement.,Existing source measurement,No transformation beyond serialization.,Source missing remains null.,Source zero remains zero.,Source-defined sample,ai_lm_weak_modal_share,analysis/descriptive_2020_2025/firm_year_language_extended.csv,scripts/build_extended_language_panel.py,Source column exists; null semantics preserved.,Interpret according to the source variable dictionary.,This generated generic description must be supplemented before publication if the variable is used as a primary construct.,
ai_lm_constraining_share,Ai Lm Constraining Share,Source / Derived,Firm-year,ai_lm_constraining_share is retained from the validated extended panel without remeasurement.,ai_lm_constraining_share = source-defined numerator / source-defined denominator,Source-defined or not applicable,Source-defined or not applicable,Proportion,Inherited from source measurement.,Inherited from source measurement.,Existing source measurement,No transformation beyond serialization.,Source missing remains null.,Source zero remains zero.,Source-defined sample,ai_lm_constraining_share,analysis/descriptive_2020_2025/firm_year_language_extended.csv,scripts/build_extended_language_panel.py,Source column exists; null semantics preserved.,Interpret according to the source variable dictionary.,This generated generic description must be supplemented before publication if the variable is used as a primary construct.,
numeric_token_share,숫자 token 비율,Lexical Controls,Whole 10-K report,"정규식 token 중 integer, decimal, comma-number 또는 percentage 형태로 분류된 numeric token의 비율이다.",Numeric Shareᵢₜ = Numeric Token Countᵢₜ / All Token Countᵢₜ,Tokens matching numeric pattern,All WORD_RE tokens,Proportion,"WORD_RE with numeric pattern ""\d+(?:[.,]\d+)*%?""",All included analysis sentences,language_measurement_common.numeric_token_ratio(),Existing cleaned text; no external numeric parser,Zero total tokens => missing.,No numeric token with positive total tokens = 0.,All valid report observations,numeric_token_share|report_numeric_token_ratio,analysis/descriptive_2020_2025/firm_year_language_extended.csv,scripts/measure_report_level_controls.py|scripts/language_measurement_common.py,"Share within [0, 1].",Relative prevalence of numeric token forms.,"Regex categories do not capture all dates, currencies or context.",report_numeric_token_ratio
