company_id,cik,ticker,company_name,accession_number,report_year,filing_date,parser_version,language_measurement_version,report_positive_count,report_negative_count,report_net_tone,report_uncertainty_count,report_uncertainty_ratio,report_weak_modal_count,report_weak_modal_ratio,report_strong_modal_count,report_strong_modal_ratio,report_litigious_count,report_litigious_ratio,report_constraining_count,report_constraining_ratio,report_positive_ratio,report_negative_ratio,report_net_tone_by_words,report_sentiment_word_coverage,report_total_lm_matched_word_count,report_total_eligible_word_count,lm_report_status
S2021-001,0000066740,MMM,3M,0000066740-22-000010,2021,2022-02-09,1.0.3,0.3.0,270,1595,-0.710455764075067,818,0.013965955848457428,251,0.0042853972102234895,90,0.0015365966092434824,1440,0.024585545747895718,339,0.0057878472281504495,0.004609789827730447,0.02723190657492616,-0.022622116747195713,0.031841696402656605,3979,58571,success
S2021-002,0000091142,AOS,A. O. Smith,0000091142-22-000028,2021,2022-02-11,1.0.3,0.3.0,106,384,-0.5673469387755102,463,0.018851023981108262,155,0.006310817963437971,62,0.002524327185375188,202,0.008224420829770774,150,0.0061072431904238425,0.004315785187899515,0.015634542567485036,-0.011318757379585521,0.019950327755384554,1293,24561,success
S2021-003,0000874761,AES,AES Corporation,0000874761-22-000022,2021,2022-02-28,1.0.3,0.3.0,551,1694,-0.5091314031180401,1546,0.01546541289451308,594,0.005942079727904766,281,0.002810983844345521,1401,0.014014905216825888,894,0.008943130095533436,0.005511929175211324,0.016945931075876556,-0.011434001900665233,0.02245786025108788,5952,99965,success
S2021-004,0001841666,APA,APA Corporation,0001784031-22-000009,2021,2022-02-22,1.0.3,0.3.0,252,1044,-0.6111111111111112,1000,0.01646253127880943,397,0.006535624917687344,144,0.002370604504148558,544,0.00895561701567233,589,0.009696430923218754,0.004148557882259977,0.017186882655077045,-0.013038324772817068,0.02133544053733702,3337,60744,success
S2021-005,0000732717,T,AT&T,0000732717-22-000015,2021,2022-02-16,1.0.3,0.3.0,281,725,-0.441351888667992,704,0.013178831501900074,314,0.005878058368745203,159,0.0029764690465939087,584,0.010932439768621651,428,0.008012130515359704,0.005260300642093637,0.013571950055223797,-0.00831164941313016,0.018832250697317435,2736,53419,success
S2021-006,0001551152,ABBV,AbbVie,0001551152-22-000007,2021,2022-02-18,1.0.3,0.3.0,377,878,-0.399203187250996,792,0.017516698367762196,353,0.007807316317954616,132,0.002919449727960366,657,0.014530897509620914,348,0.00769673110098642,0.008338125359401954,0.019418764099615165,-0.011080638740213209,0.02775688945901712,2968,45214,success
S2021-007,0000001800,ABT,Abbott Laboratories,0001104659-22-025141,2021,2022-02-18,1.0.3,0.3.0,192,613,-0.5229813664596273,632,0.01726775956284153,192,0.005245901639344262,85,0.0023224043715846993,424,0.011584699453551913,305,0.008333333333333333,0.005245901639344262,0.01674863387978142,-0.011502732240437158,0.021994535519125682,2085,36600,success
S2021-008,0001467373,ACN,Accenture,0001467373-21-000229,2021,2021-10-15,1.0.3,0.3.0,404,833,-0.3468067906224737,808,0.021760792868492633,447,0.012038458430960653,78,0.0021006705986911208,520,0.014004470657940804,282,0.007594732164498667,0.010880396434246317,0.02243408472704748,-0.011553688292801163,0.0333144811612938,2802,37131,success
S2021-009,0000796343,ADBE,Adobe Inc.,0000796343-22-000032,2021,2022-01-21,1.0.3,0.3.0,575,871,-0.20470262793914246,817,0.017377802356744798,414,0.00880588760794657,91,0.0019355936529544392,434,0.009231292806398094,317,0.0067426723954566725,0.012230399455481347,0.018526396392563916,-0.006295996937082571,0.030756795848045262,2959,47014,success
S2021-010,0001158449,AAP,Advance Auto Parts,0001158449-21-000036,2021,2021-02-22,1.0.3,0.3.0,168,514,-0.5073313782991202,478,0.01782916822081313,263,0.009809772472957851,51,0.0019022752704214846,241,0.008989183140619172,200,0.007459903021260724,0.006266318537859008,0.01917195076464006,-0.012905632226781052,0.025438269302499067,1531,26810,success
S2021-011,0000002488,AMD,Advanced Micro Devices,0000002488-22-000016,2021,2022-02-03,1.0.3,0.3.0,329,1205,-0.5710560625814863,879,0.019850948509485093,530,0.011969286359530262,137,0.003093947606142728,473,0.010682023486901535,364,0.008220415537488708,0.007429990966576332,0.027213188798554652,-0.01978319783197832,0.03464317976513098,3154,44280,success
S2021-012,0000004977,AFL,Aflac,0000004977-22-000058,2021,2022-02-23,1.0.3,0.3.0,430,1232,-0.4825511432009627,1232,0.01637557487306271,392,0.00521041018688359,212,0.002817874896988064,653,0.008679586357232103,433,0.0057553765584709045,0.005715500970305979,0.01637557487306271,-0.010660073902756733,0.02209107584336869,3954,75234,success
S2021-013,0001090872,A,Agilent Technologies,0001090872-21-000027,2021,2021-12-17,1.0.3,0.3.0,393,944,-0.4121166791323859,964,0.01644686332383601,428,0.0073021343387985604,134,0.002286182246259362,579,0.009878354631225154,498,0.008496408646545987,0.006704997184924846,0.01610564209305103,-0.009400644908126183,0.022810639277975876,3330,58613,success
S2021-014,0000002969,APD,Air Products,0000002969-21-000055,2021,2021-11-18,1.0.3,0.3.0,226,769,-0.5457286432160804,789,0.017374262309521712,294,0.006474059719897824,69,0.0015194221791596935,540,0.011891130097771515,346,0.007619131507090637,0.0049766581520303,0.01693385008367832,-0.011957191931648023,0.021910508235708625,2584,45412,success
S2021-015,0001086222,AKAM,Akamai Technologies,0001086222-22-000058,2021,2022-02-28,1.0.3,0.3.0,338,779,-0.39480752014324083,779,0.017795138888888888,377,0.00861202485380117,105,0.002398574561403509,401,0.009160270467836257,347,0.00792671783625731,0.007721125730994152,0.017795138888888888,-0.010074013157894737,0.02551626461988304,2640,43776,success
S2021-016,0000766421,ALK,Alaska Air Group,0000766421-22-000009,2021,2022-02-11,1.0.3,0.3.0,244,562,-0.3945409429280397,570,0.01587478415863644,234,0.0065170166545981175,87,0.002422993371581351,282,0.00785384058374645,284,0.007909541580794295,0.006795521639837353,0.01565198017044505,-0.008856458530607698,0.022447501810282405,1913,35906,success
S2021-017,0000915913,ALB,Albemarle Corporation,0000915913-22-000027,2021,2022-02-22,1.0.3,0.3.0,354,1083,-0.5073068893528184,1171,0.01783511278310005,501,0.007630564905493702,138,0.002101832249417427,668,0.010174086540658269,501,0.007630564905493702,0.005391656639809921,0.01649481395738459,-0.011103157317574669,0.02188647059719451,3733,65657,success
S2021-018,0001035443,ARE,Alexandria Real Estate Equities,0001035443-22-000040,2021,2022-01-31,1.0.3,0.3.0,752,1966,-0.44665194996320823,1715,0.018376837683768375,1030,0.011036817967511037,218,0.002335947880502336,636,0.006814967211006815,800,0.008572285800008572,0.008057948652008057,0.021066392353521066,-0.013008443701513009,0.029124341005529124,5817,93324,success
S2021-019,0001097149,ALGN,Align Technology,0001097149-22-000011,2021,2022-02-25,1.0.3,0.3.0,395,1315,-0.5380116959064327,1061,0.02047155977463919,554,0.010689202747549587,131,0.00252759126340974,608,0.011731110596588717,473,0.009126340973990893,0.007621362969823261,0.025372385583082503,-0.017751022613259244,0.032993748552905766,3720,51828,success
S2021-020,0001579241,ALLE,Allegion,0001579241-22-000019,2021,2022-02-15,1.0.3,0.3.0,290,854,-0.493006993006993,758,0.01911534775810763,327,0.008246330761083371,95,0.0023957230039844657,369,0.009305492510213346,338,0.008523730266807888,0.007313259696373632,0.021536288898976144,-0.014223029202602511,0.028849548595349776,2532,39654,success
S2021-021,0000352541,LNT,Alliant Energy,0000352541-22-000020,2021,2022-02-18,1.0.3,0.3.0,155,553,-0.5621468926553672,675,0.014048159170846428,312,0.006493371350080127,82,0.0017065911881620846,661,0.013756789943599242,456,0.009490311973194032,0.00322587358737955,0.011509084476263814,-0.008283210888884264,0.014734958063643364,2512,48049,success
S2021-022,0000899051,ALL,Allstate,0000899051-22-000015,2021,2022-02-18,1.0.3,0.3.0,464,3130,-0.7417918753478019,1805,0.01771413990735652,605,0.005937426395540551,190,0.0018646463060375284,2012,0.019745622988144775,710,0.006967888827824448,0.004553662557902175,0.030717594409986653,-0.026163931852084477,0.035271256967888825,7473,101896,success
S2021-023,0001652044,GOOGL|GOOG,Alphabet Inc. (Class A)|Alphabet Inc. (Class C),0001652044-22-000019,2021,2022-02-02,1.0.3,0.3.0,278,1002,-0.565625,787,0.019199336439706276,443,0.010807250372032885,105,0.0025615378985630994,572,0.013954282647410407,280,0.006830767729501598,0.006781976531433729,0.024444390232002147,-0.017662413700568418,0.031226366763435875,2845,40991,success
S2021-024,0000764180,MO,Altria,0000764180-22-000019,2021,2022-02-25,1.0.3,0.3.0,355,1864,-0.6800360522757999,991,0.01563338065941,373,0.005884208865751696,119,0.0018772677078403533,1440,0.022716516800757217,572,0.009023505284745229,0.005600252405742231,0.029405268969869065,-0.023805016564126834,0.0350055213756113,4701,63390,success
S2021-025,0001018724,AMZN,Amazon,0001018724-22-000005,2021,2022-02-04,1.0.3,0.3.0,176,642,-0.5696821515892421,528,0.017604107625112525,234,0.007801820424765779,45,0.0015003500816857267,312,0.010402427233021039,270,0.00900210049011436,0.005868035875037508,0.021404994498716367,-0.015536958623678859,0.027273030373753875,1856,29993,success
S2021-026,0001748790,AMCR,Amcor,0001748790-21-000031,2021,2021-08-24,1.0.3,0.3.0,226,845,-0.5779645191409897,793,0.020135080235628683,323,0.008201300020312817,86,0.002183627869185456,382,0.009699370302660978,341,0.00865833841153768,0.0057383709120455,0.021455413365833842,-0.01571704245378834,0.027193784277879343,2491,39384,success
S2021-027,0001002910,AEE,Ameren,0001002910-22-000038,2021,2022-02-23,1.0.3,0.3.0,246,991,-0.6022635408245756,996,0.01202549985511446,439,0.005300396020477156,225,0.0027166038829324834,1163,0.014041823626002125,700,0.008451656524678837,0.0029701535786728485,0.011965130879938182,-0.008994977301265333,0.014935284458611031,4175,82824,success
S2021-028,0000006201,AAL,American Airlines Group,0000006201-22-000026,2021,2022-02-22,1.0.3,0.3.0,392,1723,-0.6293144208037825,1477,0.01400597411218055,692,0.006562040680859135,348,0.0032999857759233794,956,0.009065478166042388,1184,0.011227537812337016,0.0037172253567872553,0.01633872267791949,-0.012621497321132236,0.02005594803470675,5806,105455,success
S2021-029,0000004904,AEP,American Electric Power,0000004904-22-000024,2021,2022-02-24,1.0.3,0.3.0,360,1640,-0.64,1466,0.012352544657903607,507,0.0042719919110212334,234,0.0019716885743174925,1936,0.01631277384563532,861,0.007254802831142568,0.003033367037411527,0.013818672059319177,-0.010785305021907651,0.016852039096730706,6163,118680,success
S2021-030,0000004962,AXP,American Express,0000004962-22-000008,2021,2022-02-11,1.0.3,0.3.0,341,1593,-0.6473629782833505,1377,0.01987070333920171,546,0.007879015267395885,116,0.0016739299835493088,845,0.012193714104303154,587,0.00847066293399521,0.004920776934399261,0.02298767641201766,-0.0180668994776184,0.027908453346416923,4640,69298,success
S2021-031,0000005272,AIG,American International Group,0001104659-22-024701,2021,2022-02-17,1.0.3,0.3.0,955,4479,-0.6485093853514906,3727,0.022644008481630222,1111,0.006750065313413249,348,0.0021143318893499644,2232,0.013560887290313565,1185,0.007199664623217551,0.005802261363014988,0.027212909575857733,-0.021410648212842744,0.03301517093887272,12232,164591,success
S2021-032,0001053507,AMT,American Tower,0001053507-22-000017,2021,2022-02-25,1.0.3,0.3.0,270,935,-0.5518672199170125,1024,0.015630724142141898,512,0.007815362071070949,152,0.002320185614849188,443,0.006762119916961778,608,0.009280742459396751,0.00412138234216632,0.014272194407131518,-0.010150812064965197,0.018393576749297837,3281,65512,success
S2021-033,0001410636,AWK,American Water Works,0001410636-22-000048,2021,2022-02-16,1.0.3,0.3.0,424,1411,-0.5378746594005449,1146,0.015895252229635073,538,0.007462169022289415,168,0.002330194044134985,1295,0.017961912423540508,654,0.009071112528954048,0.0058809659209121045,0.01957085593020514,-0.013689890009293037,0.025451821851117246,4904,72097,success
S2021-034,0000820027,AMP,Ameriprise Financial,0000820027-22-000016,2021,2022-02-25,1.0.3,0.3.0,361,1353,-0.5787631271878646,1743,0.021243403332155176,517,0.006301112749698351,197,0.00240100427793148,1040,0.012675352533242331,571,0.006959256054309011,0.004399809869712001,0.016490146132189302,-0.0120903362624773,0.020889956001901303,4964,82049,success
S2021-035,0001140859,ABC,AmerisourceBergen,0001140859-21-000058,2021,2021-11-23,1.0.3,0.3.0,310,1127,-0.5685455810716771,818,0.017034923676044898,389,0.008100960036652158,92,0.0019159082863033383,870,0.018117828359607655,389,0.008100960036652158,0.006455777921239509,0.023469876507215895,-0.017014098585976384,0.029925654428455403,3273,48019,success
S2021-036,0001037868,AME,Ametek,0001037868-22-000009,2021,2022-02-22,1.0.3,0.3.0,241,446,-0.29839883551673946,487,0.01584873730799271,203,0.006606352512366571,75,0.002440770632647748,289,0.009405102837802656,279,0.009079666753449622,0.007843009632908097,0.014514449362145274,-0.006671439729237178,0.022357458995053373,1711,30728,success
S2021-037,0000318154,AMGN,Amgen,0000318154-22-000010,2021,2022-02-16,1.0.3,0.3.0,451,1607,-0.5617103984450923,1178,0.016269145248387587,608,0.008396978192716174,146,0.002016379631803555,1330,0.01836838979656663,571,0.007885977875067328,0.006228679547557557,0.02219398676923502,-0.015965307221677463,0.028422666316792574,4914,72407,success
S2021-038,0000820313,APH,Amphenol,0001558370-22-000961,2021,2022-02-09,1.0.3,0.3.0,204,864,-0.6179775280898876,1068,0.01661610268378063,364,0.005663166083236095,113,0.0017580707895760404,665,0.010346168805912097,439,0.006830027226760016,0.0031738623103850644,0.013442240373395566,-0.010268378063010501,0.01661610268378063,3187,64275,success
S2021-039,0000006281,ADI,Analog Devices,0000006281-21-000294,2021,2021-12-03,1.0.3,0.3.0,260,785,-0.5023923444976076,827,0.018639139940048233,405,0.009127994771123983,114,0.002569361491131195,378,0.008519461786382384,409,0.009218147805900516,0.005859947260474656,0.017692533074894632,-0.011832585814419977,0.02355248033536929,2609,44369,success
S2021-040,0001156039,ANTM,Anthem,0001156039-22-000009,2021,2022-02-16,1.0.3,0.3.0,457,1441,-0.5184404636459431,1162,0.016450069367762395,459,0.0064979189671281745,154,0.0021801296752456184,1182,0.016733203091820265,688,0.009739800107590815,0.0064696055947223875,0.020399784818369716,-0.013930179223647329,0.026869390413092102,4573,70638,success
S2021-041,0000315293,AON,Aon plc,0001628280-22-003180,2021,2022-02-18,1.0.3,0.3.0,304,1023,-0.5418236623963828,943,0.020076644666808603,428,0.009112199276133702,74,0.0015754737066212476,657,0.013987651692569726,356,0.007579305939961678,0.006472216308281882,0.02177985948477752,-0.015307643176495635,0.0282520757930594,3153,46970,success
S2021-042,0000320193,AAPL,Apple Inc.,0000320193-21-000105,2021,2021-10-29,1.0.3,0.3.0,120,629,-0.6795727636849133,470,0.017923880710853483,228,0.008694988940584241,48,0.0018305239874914195,271,0.010334833346045305,239,0.009114484021051026,0.0045763099687285485,0.02398749141941881,-0.01941118145069026,0.028563801388147358,1671,26222,success
S2021-043,0000006951,AMAT,Applied Materials,0000006951-21-000043,2021,2021-12-17,1.0.3,0.3.0,222,701,-0.5189599133261105,692,0.018126571668063706,330,0.0086441743503772,68,0.0017812238055322715,333,0.008722757753562448,379,0.009927703269069572,0.005815171835708299,0.018362321877619447,-0.012547150041911148,0.024177493713327745,2249,38176,success
S2021-044,0001521332,APTV,Aptiv,0001521332-22-000010,2021,2022-02-07,1.0.3,0.3.0,528,1087,-0.3461300309597523,1182,0.01900474314655519,407,0.0065439343998713725,173,0.002781574081517807,501,0.008055309912372377,435,0.0069941313610418845,0.008489428410643943,0.017477289171155236,-0.008987860760511295,0.02596671758179918,3685,62195,success
S2021-045,0000007084,ADM,Archer Daniels Midland,0000007084-22-000008,2021,2022-02-17,1.0.3,0.3.0,337,560,-0.24860646599777034,540,0.01305388353035028,169,0.004085382067831846,50,0.0012086929194768778,375,0.009065196896076582,291,0.007034592791355428,0.008146590277274155,0.013537360698141031,-0.005390770420866875,0.021683950975415187,2008,41367,success
S2021-046,0001596532,ANET,Arista Networks,0001596532-22-000026,2021,2022-02-15,1.0.3,0.3.0,361,1574,-0.6268733850129199,1348,0.024324665716296445,826,0.014905173502715773,150,0.0027067506360863997,598,0.010790912535864446,522,0.00941949221358067,0.006514246530847935,0.02840283667466662,-0.021888590143818682,0.03491708320551455,4301,55417,success
S2021-047,0000354190,AJG,Arthur J. Gallagher & Co.,0001564590-22-005714,2021,2022-02-18,1.0.3,0.3.0,195,997,-0.6728187919463087,1332,0.02328589909443726,500,0.008740953113527499,144,0.0025173944966959197,660,0.011538058109856298,501,0.008758435019754554,0.0034089717142757247,0.017429460508373833,-0.014020488794098108,0.02083843222264956,3608,57202,success
S2021-048,0001267238,AIZ,Assurant,0001267238-22-000006,2021,2022-02-22,1.0.3,0.3.0,555,2002,-0.5658975361752053,1630,0.020866136692397303,655,0.008384858609521616,183,0.0023426398863243595,1114,0.014260660291613861,627,0.008026421905603133,0.007104727524098468,0.02562822433017141,-0.01852349680607294,0.03273295185426988,5659,78117,success
S2021-049,0000731802,ATO,Atmos Energy,0000731802-21-000040,2021,2021-11-12,1.0.3,0.3.0,134,370,-0.46825396825396826,462,0.013858891288696905,187,0.005609551235901128,77,0.002309815214782817,390,0.01169906407487401,251,0.007529397648188145,0.004019678425725942,0.011099112071034317,-0.007079433645308376,0.01511879049676026,1618,33336,success
S2021-050,0000866787,AZO,AutoZone,0001558370-21-013446,2021,2021-10-25,1.0.3,0.3.0,188,611,-0.5294117647058824,585,0.014920424403183023,214,0.0054580697816772085,92,0.0023464599061416035,337,0.008595184656192613,270,0.006886349724546011,0.004794939808202408,0.015583554376657824,-0.010788614568455417,0.020378494184860232,1953,39208,success
S2021-051,0000769397,ADSK,Autodesk,0000769397-21-000014,2021,2021-03-19,1.0.3,0.3.0,359,1045,-0.4886039886039886,928,0.01890020366598778,430,0.008757637474541752,128,0.0026069246435845212,459,0.00934826883910387,435,0.008859470468431772,0.007311608961303462,0.021283095723014258,-0.013971486761710795,0.02859470468431772,3151,49100,success
S2021-052,0000008670,ADP,Automatic Data Processing,0000008670-21-000027,2021,2021-08-04,1.0.3,0.3.0,236,566,-0.4114713216957606,495,0.013927576601671309,215,0.006049351453251175,53,0.0014912354745223826,345,0.009707098843589093,331,0.009313187586168087,0.006640218339382685,0.01592526940716356,-0.009285051067780872,0.022565487746546244,1906,35541,success
S2021-053,0000915912,AVB,AvalonBay Communities,0000915912-22-000005,2021,2022-02-25,1.0.3,0.3.0,296,638,-0.36616702355460384,755,0.016646455738066366,390,0.008598831440855473,143,0.003152904861647007,285,0.006283761437548231,353,0.0077830448682614925,0.006526292580751846,0.014066806305809722,-0.007540513725057877,0.02059309888656157,2365,45355,success
S2021-054,0000008818,AVY,Avery Dennison,0001193125-21-055146,2021,2021-02-25,1.0.3,0.3.0,103,321,-0.5141509433962265,306,0.03102189781021898,185,0.01875506893755069,24,0.0024330900243309003,153,0.01551094890510949,89,0.009022708840227088,0.010442011354420114,0.03254257907542579,-0.022100567721005677,0.042984590429845905,946,9864,success
S2021-055,0001037540,BXP,"BXP, Inc.",0001656423-22-000013,2021,2022-02-25,1.0.3,0.3.0,519,1138,-0.37356668678334337,1794,0.021756530597395036,684,0.008295132067234229,253,0.003068228673991608,448,0.005433068956317156,617,0.007482597200999297,0.0062941133668049185,0.01380096533993063,-0.007506851973125712,0.02009507870673555,4589,82458,success
S2021-056,0001701605,BKR,Baker Hughes,0001701605-22-000050,2021,2022-02-11,1.0.3,0.3.0,288,1006,-0.5548686244204019,719,0.015819233900244218,344,0.007568590350047304,98,0.0021561681811181274,675,0.014851158390354448,392,0.00862467272447251,0.006336494246551231,0.022133726430661593,-0.01579723218411036,0.02847022067721282,2937,45451,success
S2021-057,0000009389,BLL,Ball Corporation,0001558370-22-001251,2021,2022-02-16,1.0.3,0.3.0,246,596,-0.4156769596199525,801,0.016941624365482234,259,0.005478003384094755,127,0.0026861252115059223,742,0.015693739424703892,390,0.008248730964467006,0.0052030456852791875,0.01260575296108291,-0.007402707275803722,0.017808798646362096,2777,47280,success
S2021-058,0000070858,BAC,Bank of America,0000070858-22-000062,2021,2022-02-22,1.0.3,0.3.0,428,2976,-0.7485311398354877,2591,0.021315629267650592,763,0.006277045592905211,153,0.0012586998371094328,1267,0.01042335093867746,991,0.008152755154087895,0.003521068825378021,0.024482945851226616,-0.020961877025848594,0.028004014676604638,7991,121554,success
S2021-059,0001390777,BK,Bank of New York Mellon,0001390777-22-000043,2021,2022-02-25,1.0.3,0.3.0,12,96,-0.7777777777777778,98,0.019279952783789103,53,0.010426913240212473,3,0.0005902026362384419,63,0.01239425536100728,34,0.006688963210702341,0.0023608105449537675,0.01888648435963014,-0.016525673814676373,0.021247294904583908,299,5083,success
S2021-060,0000701985,BBWI,"Bath & Body Works, Inc.",0000701985-21-000011,2021,2021-03-19,1.0.3,0.3.0,245,1142,-0.6467195385724586,691,0.01458729153472662,334,0.0070508760819083804,75,0.0015832805573147563,421,0.008887481528393498,440,0.009288579269579903,0.005172049820561537,0.02410808528604602,-0.018936035465484485,0.02928013510660756,2790,47370,success
S2021-061,0000010456,BAX,Baxter International,0001628280-22-003432,2021,2022-02-23,1.0.3,0.3.0,324,1119,-0.5509355509355509,1011,0.019460645608361724,429,0.008257781370907201,89,0.0017131527785798155,610,0.011741833650940309,382,0.007353082712556062,0.0062366460703355085,0.021539527631806894,-0.015302881561471386,0.027776173702142404,3305,51951,success
S2021-062,0000010795,BDX,Becton Dickinson,0000010795-21-000091,2021,2021-11-24,1.0.3,0.3.0,288,927,-0.5259259259259259,712,0.016470805959100582,317,0.0073332099565096695,85,0.001966318127139817,684,0.01582307763486629,341,0.007888405662996206,0.006662348477838438,0.021444434163042474,-0.014782085685204035,0.02810678264088091,2789,43228,success
S2021-063,0001067983,BRK-B,Berkshire Hathaway,0001564590-22-007322,2021,2022-02-28,1.0.3,0.3.0,268,1210,-0.6373477672530447,810,0.014927573624267443,219,0.00403597360952416,82,0.0015111864656665807,799,0.014724853488629243,302,0.005565589178430578,0.004938999668276141,0.022299214920201982,-0.01736021525192584,0.027238214588478124,3240,54262,success
S2021-064,0000764478,BBY,Best Buy,0000764478-21-000024,2021,2021-03-19,1.0.3,0.3.0,354,647,-0.29270729270729273,621,0.0165054220710185,296,0.007867318732723793,178,0.004731022751435254,252,0.006697852434616202,281,0.007468637040187114,0.009408887943865617,0.017196470338082075,-0.007787582394216458,0.026605358281947693,2090,37624,success
S2021-065,0000012208,BIO,Bio-Rad Laboratories,0000012208-22-000011,2021,2022-02-11,1.0.3,0.3.0,146,736,-0.6689342403628118,654,0.018009583080905434,313,0.008619265297130583,98,0.002698683703254943,432,0.011896238365368728,352,0.009693231260670815,0.00402048796607369,0.020267665363220798,-0.016247177397147105,0.024288153329294487,2285,36314,success
S2021-066,0000842023,TECH,Bio-Techne,0001437749-21-020980,2021,2021-08-25,1.0.3,0.3.0,190,706,-0.5758928571428571,648,0.017391304347826087,234,0.006280193236714976,80,0.0021470746108427268,399,0.0107085346215781,341,0.009151905528717122,0.005099302200751476,0.018947933440687063,-0.013848631239935587,0.02404723564143854,2192,37260,success
S2021-067,0000875045,BIIB,Biogen,0000875045-22-000007,2021,2022-02-03,1.0.3,0.3.0,756,1330,-0.2751677852348993,1492,0.017917617389215806,647,0.007769905127897202,218,0.002617989672150835,840,0.010087666626636243,620,0.007445658700612466,0.009078899963972618,0.015972138825507385,-0.006893238861534767,0.025051038789480003,4947,83270,success
S2021-068,0000012927,BA,Boeing,0000012927-22-000010,2021,2022-01-31,1.0.3,0.3.0,292,1012,-0.5521472392638037,824,0.016050176279241903,336,0.006544732075030678,154,0.0029996688677223944,605,0.011784413408909407,462,0.008999006603167183,0.005687683827109994,0.019712109702175733,-0.014024425875065739,0.025399793529285727,3210,51339,success
S2021-069,0001075531,BKNG,Booking Holdings,0001075531-22-000008,2021,2022-02-23,1.0.3,0.3.0,471,1393,-0.4946351931330472,1248,0.01839053359072221,664,0.00978470697455092,150,0.0022104006719618043,641,0.009445778871516777,589,0.008679506638570018,0.006940658109960065,0.02052725424028529,-0.013586596130325224,0.027467912350245354,4216,67861,success
S2021-070,0000908255,BWA,BorgWarner,0000908255-22-000009,2021,2022-02-15,1.0.3,0.3.0,251,785,-0.5154440154440154,845,0.018983644859813083,324,0.0072789360172537745,107,0.002403846153846154,355,0.007975377426312005,319,0.007166606757728253,0.005638928828181165,0.01763569374550683,-0.011996764917325665,0.023274622573687995,2523,44512,success
S2021-071,0000885725,BSX,Boston Scientific,0000885725-22-000006,2021,2022-02-23,1.0.3,0.3.0,479,1565,-0.5313111545988258,1184,0.017667686338879357,452,0.00674475863612624,138,0.0020592404685518166,896,0.013370141013205999,545,0.008132507647541596,0.007147653510408117,0.023352980675968065,-0.01620532716555995,0.030500634186376184,4425,67015,success
S2021-072,0000014272,BMY,Bristol Myers Squibb,0000014272-22-000051,2021,2022-02-09,1.0.3,0.3.0,606,1557,-0.43966712898751736,1023,0.016224188790560472,449,0.007120880515114029,139,0.0022044596694896436,1200,0.01903130649919117,441,0.006994005138452755,0.00961080978209154,0.02469312018270054,-0.015082310400609002,0.03430392996479208,4543,63054,success
S2021-073,0001730168,AVGO,Broadcom,0001730168-21-000153,2021,2021-12-17,1.0.3,0.3.0,290,1145,-0.5958188153310104,1082,0.021307601417881055,600,0.011815675462780622,108,0.002126821583300512,540,0.01063410791650256,459,0.009038991729027177,0.005710909807010634,0.02254824734147302,-0.01683733753446239,0.028259157148483656,3438,50780,success
S2021-074,0001383312,BR,Broadridge Financial Solutions,0001383312-21-000047,2021,2021-08-12,1.0.3,0.3.0,316,613,-0.31969860064585576,690,0.015016648893338267,331,0.007203638816949226,97,0.0021110361487736403,498,0.0108381031143224,352,0.007660667261529087,0.006877189927963612,0.013340877929878779,-0.006463688001915167,0.02021806785784239,2440,45949,success
S2021-075,0000079282,BRO,Brown & Brown,0000950170-22-001654,2021,2022-02-23,1.0.3,0.3.0,288,964,-0.5399361022364217,912,0.01538357735645368,378,0.006376087983266986,113,0.0019060792119290197,575,0.009699075635922002,463,0.007809864381620673,0.004857971796774847,0.016260711153093584,-0.011402739356318737,0.02111868294986843,3081,59284,success
S2021-076,0000014693,BF-B,Brown–Forman,0000014693-21-000091,2021,2021-06-21,1.0.3,0.3.0,278,680,-0.4196242171189979,638,0.01793343827299303,261,0.007336406566224421,79,0.0022205981560602652,229,0.006436923768832921,286,0.008039127501686531,0.007814256802338656,0.019114009444569372,-0.011299752642230718,0.026928266246908028,2084,35576,success
S2021-077,0001043277,CHRW,C.H. Robinson,0001043277-22-000006,2021,2022-02-23,1.0.3,0.3.0,278,420,-0.2034383954154728,485,0.015491248243260508,225,0.007186661556151782,52,0.0016609173374217453,330,0.010540436949022614,219,0.006995017247987735,0.00887951961160087,0.013415101571483326,-0.004535581959882459,0.022294621183084194,1691,31308,success
S2021-078,0001138118,CBRE,CBRE Group,0001138118-22-000010,2021,2022-03-01,1.0.3,0.3.0,266,931,-0.5555555555555556,969,0.01714831790751588,407,0.007202647459606774,117,0.002070539933105633,482,0.008529916647495,438,0.0077512520572672414,0.004707381386376909,0.016475834852319182,-0.011768453465942273,0.021183216238696092,3027,56507,success
S2021-079,0001402057,CDW,CDW Corporation,0001402057-22-000020,2021,2022-02-28,1.0.3,0.3.0,209,533,-0.4366576819407008,644,0.017990334385563037,297,0.008296784646758109,78,0.0021789535435930386,271,0.007570466798893762,283,0.007905690420984999,0.005838478084755706,0.014889515881219097,-0.009051037796463391,0.020727993965974804,1898,35797,success
S2021-080,0001324404,CF,CF Industries,0001324404-22-000008,2021,2022-02-24,1.0.3,0.3.0,251,1143,-0.6398852223816356,907,0.014711129853699679,411,0.006666234145392027,94,0.001524637493106692,567,0.009196483602037175,574,0.009310020436630227,0.004071106497550848,0.018538943134265417,-0.014467836636714568,0.022610049631816266,3249,61654,success
S2021-081,0001156375,CME,CME Group,0001156375-22-000076,2021,2022-02-25,1.0.3,0.3.0,327,815,-0.4273204903677758,875,0.019678841309823676,375,0.008433789132781576,109,0.0024514213745951783,548,0.012324577186038143,399,0.008973551637279597,0.007354264123785534,0.018329435048578625,-0.01097517092479309,0.02568369917236416,2902,44464,success
S2021-082,0000811156,CMS,CMS Energy,0000811156-22-000048,2021,2022-02-10,1.0.3,0.3.0,194,708,-0.5698447893569845,693,0.013653558200015762,342,0.00673811963117661,133,0.0026203798565686814,738,0.014540152888328474,470,0.009259988966821656,0.003822208211837024,0.013949089762786665,-0.01012688155094964,0.01777129797462369,2823,50756,success
S2021-083,0000277948,CSX,CSX Corporation,0000277948-22-000009,2021,2022-02-16,1.0.3,0.3.0,160,471,-0.4928684627575277,438,0.012547986019595486,180,0.0051567065833954045,63,0.0018048473041883918,324,0.009282071850111729,238,0.006818312038045035,0.00458373918524036,0.013493382226551309,-0.00890964304131095,0.01807712141179167,1585,34906,success
S2021-084,0000064803,CVS,CVS Health,0000064803-22-000008,2021,2022-02-09,1.0.3,0.3.0,566,2202,-0.5910404624277457,1625,0.01649595468434356,744,0.007552609406247145,211,0.0021419362697824565,1608,0.016323381619953507,927,0.00941030768762245,0.005745667908515973,0.02235328751687663,-0.016607619608360658,0.028098955425392605,6570,98509,success
S2021-085,0000813672,CDNS,Cadence Design Systems,0000813672-21-000009,2021,2021-02-22,1.0.3,0.3.0,234,717,-0.5078864353312302,856,0.019961290021686916,430,0.010027283538931512,81,0.0018888603875661684,361,0.008418254319893664,431,0.010050602802975537,0.0054567077863022645,0.016719912319567196,-0.01126320453326493,0.02217662010586946,2574,42883,success
S2021-086,0001590895,CZR,Caesars Entertainment,0001590895-22-000061,2021,2022-02-24,1.0.3,0.3.0,326,976,-0.49923195084485406,914,0.01436068252521761,400,0.006284762593093046,143,0.002246802627030764,596,0.009364296263708638,579,0.009097193853502184,0.0051220815133708325,0.015334820727147033,-0.0102127392137762,0.020456902240517865,3364,63646,success
S2021-087,0000016732,CPB,Campbell's,0000016732-21-000103,2021,2021-09-23,1.0.3,0.3.0,222,733,-0.5350785340314136,693,0.019129906696847568,255,0.007039143156848672,75,0.002070336222602551,341,0.009413128692099596,294,0.008115717992601999,0.00612819521890355,0.02023408601556893,-0.014105890796665379,0.026362281234472477,2190,36226,success
S2021-088,0000927628,COF,Capital One,0000927628-22-000106,2021,2022-02-25,1.0.3,0.3.0,357,1844,-0.6756019990913221,1585,0.019369661122584904,563,0.006880201395593249,130,0.0015886788302435567,876,0.010705251194564275,682,0.008334453555585429,0.004362756479976537,0.022534798176685526,-0.01817204169670899,0.026897554656662062,5271,81829,success
S2021-089,0001170010,KMX,CarMax,0001170010-21-000053,2021,2021-04-20,1.0.3,0.3.0,250,741,-0.4954591321897074,568,0.014368106850146717,248,0.006273398765557017,72,0.0018213093190326823,274,0.00693109379742993,258,0.006526358393200446,0.006323990691085702,0.018744308408378024,-0.01242031771729232,0.025068299099463724,2065,39532,success
S2021-090,0000721371,CAH,Cardinal Health,0000721371-21-000080,2021,2021-08-16,1.0.3,0.3.0,229,1544,-0.7416807670614777,969,0.016875653082549635,346,0.0060257749912922326,111,0.0019331243469174503,1069,0.01861720654824103,445,0.007749912922326715,0.003988157436433298,0.026889585510275166,-0.022901428073841868,0.030877742946708465,3906,57420,success
S2021-091,0000815097,CCL,Carnival Corporation,0000815097-22-000009,2021,2022-01-27,1.0.3,0.3.0,226,351,-0.21663778162911612,320,0.014569958566680327,192,0.008741975140008195,69,0.0031416473159404453,235,0.010699813322405865,294,0.01338614943313755,0.01029003323771798,0.015981423302827483,-0.005691390065109502,0.02627145654054546,1446,21963,success
S2021-092,0001783180,CARR,Carrier Global,0001783180-22-000010,2021,2022-02-08,1.0.3,0.3.0,406,1050,-0.4423076923076923,916,0.019465754297979046,447,0.00949911809082602,107,0.00227383811122681,661,0.01404679431327964,428,0.00909535244490724,0.008627834328580232,0.02231336464287991,-0.01368553031429968,0.030941198971460145,3311,47057,success
S2021-093,0000018230,CAT,Caterpillar Inc.,0000018230-22-000050,2021,2022-02-16,1.0.3,0.3.0,217,816,-0.579864472410455,777,0.01646814463142724,298,0.006315967953880717,70,0.0014836166334619135,428,0.009071255987452842,348,0.007375694120639227,0.0045992115637319315,0.017294731041498878,-0.012695519477766945,0.02189394260523081,2527,47182,success
S2021-094,0001374310,CBOE,Cboe Global Markets,0001558370-22-001386,2021,2022-02-18,1.0.3,0.3.0,366,1505,-0.6087653661143774,1296,0.01674916318802745,645,0.008335810382930329,161,0.0020807216614756323,1137,0.014694289000607416,667,0.008620132597541906,0.004730087752174419,0.019450224226837433,-0.014720136474663014,0.02418031197901185,4795,77377,success
S2021-095,0001306830,CE,Celanese,0001306830-22-000017,2021,2022-02-10,1.0.3,0.3.0,248,795,-0.5244487056567594,813,0.01806104767405696,345,0.007664282223308304,82,0.0018216554849602347,502,0.011152086017683388,386,0.00857510996578842,0.0055093970764651,0.017661172079797397,-0.012151775003332296,0.023170569156262494,2709,45014,success
S2021-096,0001071739,CNC,Centene Corporation,0001071739-22-000071,2021,2022-02-22,1.0.3,0.3.0,423,1329,-0.5171232876712328,975,0.01712358840162279,465,0.008166634468466253,124,0.002177769191591001,1019,0.017896345211542177,442,0.0077626934087356644,0.007429002968088657,0.023340768190519678,-0.015911765222431023,0.030769771158608336,3939,56939,success
S2021-097,0001130310,CNP,CenterPoint Energy,0001130310-22-000023,2021,2022-02-22,1.0.3,0.3.0,374,1473,-0.595018949648078,1254,0.015020482476103778,633,0.007582109575258127,163,0.0019524231607694702,1249,0.01496059219509858,748,0.008959586038377692,0.004479793019188846,0.017643676784131472,-0.013163883764942624,0.022123469803320316,5016,83486,success
S2021-098,0001100682,CRL,Charles River Laboratories,0001100682-22-000007,2021,2022-02-16,1.0.3,0.3.0,497,944,-0.3102012491325468,1061,0.017548502340351633,474,0.007839764476273962,137,0.0022659234878682124,681,0.011263459089330312,518,0.00856750632639222,0.008220174988835779,0.015613370602537173,-0.007393195613701394,0.02383354559137295,3692,60461,success
S2021-099,0000316709,SCHW,Charles Schwab Corporation,0000316709-22-000009,2021,2022-02-24,1.0.3,0.3.0,258,908,-0.5574614065180102,831,0.014607136579363683,303,0.0053260678502373,88,0.0015468447881877307,504,0.008859201968711549,513,0.009017402003867112,0.004535067674459483,0.015960625769027948,-0.011425558094568465,0.020495693443487433,2938,56890,success
S2021-100,0001091667,CHTR,Charter Communications,0001091667-22-000024,2021,2022-01-28,1.0.3,0.3.0,228,580,-0.43564356435643564,585,0.012378070713696282,272,0.005755273904487844,108,0.0022851822856054674,413,0.008738706332917205,446,0.009436956475741097,0.004824273714055987,0.012272275237510843,-0.007448001523454857,0.017096548951566832,2239,47261,success
S2021-101,0000093410,CVX,Chevron Corporation,0000093410-22-000019,2021,2022-02-24,1.0.3,0.3.0,229,608,-0.45280764635603343,614,0.013884177916468806,216,0.004884336205142121,46,0.0010401827103543404,421,0.009519933066503856,383,0.008660651697080704,0.005178300884155304,0.013748501910770414,-0.008570201026615109,0.01892680279492572,2134,44223,success
S2021-102,0001058090,CMG,Chipotle Mexican Grill,0001058090-22-000011,2021,2022-02-11,1.0.3,0.3.0,166,681,-0.6080283353010626,500,0.01793143021087362,276,0.009898149476402237,51,0.001829005881509109,283,0.010149189499354469,236,0.008463635059532348,0.0059532348300100416,0.02442260794720987,-0.018469373117199827,0.03037584277721991,1777,27884,success
S2021-103,0000896159,CB,Chubb Limited,0000896159-22-000005,2021,2022-02-24,1.0.3,0.3.0,467,2486,-0.683711479850999,1640,0.01979958952070506,500,0.006036460219727152,176,0.0021248339973439574,1074,0.012966316551973922,617,0.007448991911143305,0.00563805384522516,0.0300132802124834,-0.02437522636725824,0.03565133405770856,6114,82830,success
S2021-104,0000313927,CHD,Church & Dwight,0001564590-22-005528,2021,2022-02-17,1.0.3,0.3.0,238,814,-0.5475285171102662,746,0.01757734266393346,369,0.00869442284583304,83,0.001955656087274098,378,0.008906481939633844,323,0.0076105652552955864,0.005607784924954643,0.019179566928206215,-0.013571782003251574,0.024787351853160857,2442,42441,success
S2021-105,0001739940,CI,Cigna,0001739940-22-000007,2021,2022-02-24,1.0.3,0.3.0,522,1402,-0.4573804573804574,1147,0.015946723761591612,482,0.006701238755960905,144,0.0020020298358057473,1212,0.016850417784698375,547,0.007604932779067665,0.007257358154795834,0.01949198492916429,-0.012234626774368457,0.026749343083960125,4638,71927,success
S2021-106,0000020286,CINF,Cincinnati Financial,0000020286-22-000012,2021,2022-02-24,1.0.3,0.3.0,550,2161,-0.5942456658059757,1237,0.01937353171495693,369,0.005779169929522318,109,0.0017071260767423648,799,0.012513703993735317,351,0.005497259201252936,0.008613938919342208,0.03384494909945184,-0.02523101018010963,0.04245888801879405,4781,63850,success
S2021-107,0000723254,CTAS,Cintas,0000723254-21-000021,2021,2021-07-28,1.0.3,0.3.0,128,487,-0.583739837398374,524,0.018727662616154397,303,0.01082916368834882,51,0.0018227305218012867,286,0.010221586847748392,258,0.009220872051465332,0.0045746962115796996,0.01740528949249464,-0.012830593280914938,0.021979985704074338,1615,27980,success
S2021-108,0000858877,CSCO,Cisco,0000858877-21-000013,2021,2021-09-09,1.0.3,0.3.0,393,1106,-0.47565043362241494,1004,0.01966622267491969,459,0.008990832876283005,118,0.0023113688004387685,557,0.010910444252918592,415,0.008128966543916007,0.007698033377732508,0.021664185536315914,-0.013966152158583406,0.029362218914048423,3360,51052,success
S2021-109,0000831001,C,Citigroup,0000831001-22-000036,2021,2022-02-28,1.0.3,0.3.0,573,3800,-0.7379373427852732,3302,0.019921688818635406,788,0.004754176495785797,317,0.0019125303923402254,2505,0.015113213352720077,1138,0.00686580311193431,0.003457034431580281,0.022926231832469578,-0.019469197400889298,0.026383266264049857,10747,165749,success
S2021-110,0000759944,CFG,Citizens Financial Group,0000759944-22-000025,2021,2022-02-23,1.0.3,0.3.0,323,1196,-0.5747202106649111,1321,0.020576003489042226,465,0.007242877836793819,112,0.0017445211133782963,728,0.011339387236958926,605,0.00942352922851669,0.005031074282332051,0.01862899331786109,-0.013597919035529041,0.023660067600193145,4103,64201,success
S2021-111,0000021076,CLX,Clorox,0000021076-21-000016,2021,2021-08-10,1.0.3,0.3.0,177,533,-0.5014084507042254,453,0.024379742747968353,317,0.01706043808191163,23,0.0012378235832301815,242,0.013024056832247995,137,0.007373123082718906,0.009525859749206179,0.028685216080942898,-0.01915935633173672,0.03821107583014908,1466,18581,success
S2021-112,0000021344,KO,Coca-Cola Company (The),0000021344-22-000009,2021,2022-02-22,1.0.3,0.3.0,490,1329,-0.4612424409015943,1158,0.015832216783790435,517,0.007068442208307129,139,0.0019004128954636188,689,0.009420032266003117,523,0.007150474419622105,0.006699297257389735,0.018170134806267262,-0.011470837548877526,0.024869432063656997,4052,73142,success
S2021-113,0001058290,CTSH,Cognizant,0001058290-22-000023,2021,2022-02-16,1.0.3,0.3.0,293,769,-0.448210922787194,591,0.01572603177137383,266,0.00707804475665895,63,0.0016763790213139619,533,0.014182698704132407,274,0.007290918283175009,0.007796492908650648,0.020462467736356137,-0.01266597482770549,0.028258960645006784,2363,37581,success
S2021-114,0000021665,CL,Colgate-Palmolive,0000021665-22-000003,2021,2022-02-17,1.0.3,0.3.0,253,698,-0.4679284963196635,651,0.01633216256899147,256,0.006422478675363773,53,0.0013296537882589061,364,0.009131961866532865,285,0.007150025087807326,0.006347215253386854,0.017511289513296537,-0.011164074259909684,0.023858504766683393,2171,39860,success
S2021-115,0001166691,CMCSA,Comcast,0001166691-22-000009,2021,2022-02-02,1.0.3,0.3.0,189,631,-0.5390243902439025,546,0.010884082527658726,298,0.005940396690919964,87,0.0017342768862752915,455,0.009070068773048938,386,0.00769460779427888,0.0037675670288049436,0.012578490979766769,-0.008810923950961827,0.016346058008571713,2180,50165,success
S2021-116,0000023217,CAG,Conagra Brands,0001564590-21-037738,2021,2021-07-23,1.0.3,0.3.0,233,869,-0.5771324863883848,1007,0.024200913242009132,536,0.012881518865657294,89,0.0021389089161259313,359,0.008627733717856285,350,0.008411439557798606,0.005599615477048786,0.020884402787791398,-0.01528478731074261,0.026484018264840183,2690,41610,success
S2021-117,0001163165,COP,ConocoPhillips,0001562762-22-000031,2021,2022-02-17,1.0.3,0.3.0,148,476,-0.5256410256410257,345,0.010044837826821173,70,0.002038083037326035,38,0.001106387934548419,347,0.010103068770744773,270,0.007861177429686136,0.004309089850346474,0.013858964653817038,-0.009549874803470564,0.018168054504163512,1519,34346,success
S2021-118,0001047862,ED,Consolidated Edison,0001047862-22-000039,2021,2022-02-17,1.0.3,0.3.0,190,1025,-0.6872427983539094,762,0.009820220375024164,307,0.003956440492299761,131,0.0016882531090920807,850,0.010954314066628005,600,0.007732456988208003,0.002448611379599201,0.013209614021522006,-0.010761002641922804,0.015658225401121207,3363,77595,success
S2021-119,0000016918,STZ,Constellation Brands,0000016918-21-000060,2021,2021-04-20,1.0.3,0.3.0,265,888,-0.5403295750216826,749,0.01668671746201488,324,0.0072182863253575725,113,0.0025174887492759434,328,0.007307400971349642,322,0.007173729002361538,0.005903845296974557,0.019783451410239274,-0.013879606113264715,0.02568729670721383,2522,44886,success
S2021-120,0000711404,COO,Cooper Companies (The),0000711404-21-000038,2021,2021-12-10,1.0.3,0.3.0,294,1238,-0.6161879895561357,1092,0.018217610356678123,559,0.009325681492109038,242,0.004037235994794969,899,0.0149978312368623,705,0.011761369323679556,0.004904741249874879,0.02065329818824864,-0.01574855693837376,0.025558039438123518,4247,59942,success
S2021-121,0000900075,CPRT,Copart,0000900075-21-000022,2021,2021-09-27,1.0.3,0.3.0,243,739,-0.505091649694501,706,0.01642013210531212,372,0.008651967624895339,117,0.0027211833658945016,436,0.010140478184017117,300,0.006977393245883338,0.005651688529165504,0.01718764536235929,-0.011535956833193785,0.02283933389152479,2415,42996,success
S2021-122,0000024741,GLW,Corning Inc.,0001437749-22-003247,2021,2022-02-14,1.0.3,0.3.0,262,601,-0.3928157589803013,617,0.01594686102711225,213,0.005505156237884779,88,0.0022744307461683598,338,0.0087358817296012,303,0.007831278591920602,0.006771600630637616,0.015533328164172546,-0.00876172753353493,0.022304928794810164,2058,38691,success
S2021-123,0001755672,CTVA,Corteva,0001755672-22-000005,2021,2022-02-10,1.0.3,0.3.0,355,1349,-0.5833333333333334,1135,0.015902372045451363,440,0.00616479621145251,127,0.0017793843610328837,979,0.013716671570481835,530,0.00742577725470416,0.004973869670603729,0.018900704748294174,-0.013926835077690443,0.0238745744188979,4134,71373,success
S2021-124,0000909832,COST,Costco,0000909832-21-000014,2021,2021-10-06,1.0.3,0.3.0,132,629,-0.6530880420499343,469,0.018010061057563073,205,0.007872201528359126,30,0.001152029491954994,307,0.011789101801006105,156,0.005990553358165969,0.0050689297646019735,0.024154218347989708,-0.019085288583387736,0.029223148112591683,1594,26041,success
S2021-125,0001051470,CCI,Crown Castle,0001051470-22-000019,2021,2022-02-22,1.0.3,0.3.0,188,596,-0.5204081632653061,798,0.01767363571934798,346,0.007663004961020552,125,0.0027684266477675406,407,0.009013997165131113,414,0.009169029057406094,0.004163713678242381,0.013199858256555634,-0.009036144578313253,0.017363571934798015,2441,45152,success
S2021-126,0000026172,CMI,Cummins,0000026172-22-000008,2021,2022-02-08,1.0.3,0.3.0,283,690,-0.4182939362795478,669,0.014993948630597517,249,0.005580707337845712,95,0.0021291855305033843,381,0.008539154601281993,327,0.007328880720785334,0.00634273163297324,0.015464610695235107,-0.009121879062261867,0.021807342328208346,2312,44618,success
S2021-127,0000882184,DHI,D. R. Horton,0000882184-21-000190,2021,2021-11-18,1.0.3,0.3.0,201,713,-0.5601750547045952,672,0.014847875560661968,334,0.0073797476744956805,67,0.0014803685454826663,452,0.009986963918778586,457,0.010097439183366844,0.004441105636447999,0.01575377273028569,-0.01131266709383769,0.020194878366733688,2376,45259,success
S2021-128,0000936340,DTE,DTE Energy,0000936340-22-000077,2021,2022-02-10,1.0.3,0.3.0,229,645,-0.4759725400457666,855,0.014896248932871056,303,0.005279021551649041,132,0.00229977176507483,688,0.01198668919978396,458,0.007979511124274788,0.003989755562137394,0.011237521124797463,-0.007247765562660069,0.015227276686934858,2868,57397,success
S2021-129,0001688568,DXC,DXC Technology,0001688568-21-000029,2021,2021-05-28,1.0.3,0.3.0,352,1522,-0.624332977588047,1084,0.018956682930241504,544,0.009513316894881345,105,0.001836210062431142,1013,0.017715055173740446,471,0.008236713708619694,0.0061556756378644,0.026616302047811412,-0.020460626409947013,0.032771977685675815,4232,57183,success
S2021-130,0000927066,DVA,DaVita,0000927066-22-000012,2021,2022-02-11,1.0.3,0.3.0,439,1937,-0.6304713804713805,1578,0.020622868120809754,854,0.011160918488701857,153,0.0019995556542990447,1236,0.016153273128847186,743,0.009710260464994708,0.005737287138805756,0.025314635963249996,-0.01957734882444424,0.03105192310205575,5750,76517,success
S2021-131,0000313616,DHR,Danaher Corporation,0000313616-22-000061,2021,2022-02-23,1.0.3,0.3.0,366,1460,-0.5991237677984665,1059,0.016623759889488887,415,0.00651450458369961,113,0.0017738289589350747,889,0.013955167650383021,589,0.009245887228431495,0.005745322114780862,0.022918498053497424,-0.017173175938716565,0.028663820168278287,4204,63704,success
S2021-132,0000940944,DRI,Darden Restaurants,0000940944-21-000041,2021,2021-07-23,1.0.3,0.3.0,264,794,-0.500945179584121,782,0.01992813638796157,465,0.011849850921230346,64,0.0016309472235671873,305,0.007772482862312378,334,0.00851150582299126,0.006727657297214648,0.020233938992380417,-0.01350628169516577,0.026961596289595068,2379,39241,success
S2021-133,0000315189,DE,Deere & Company,0001558370-21-016864,2021,2021-12-16,1.0.3,0.3.0,284,1077,-0.582659808963997,894,0.014104060833622567,324,0.005111538825608179,85,0.0013409901240021456,425,0.006704950620010728,534,0.008424573249613479,0.004480484649607169,0.016991133688827185,-0.012510649039220017,0.021471618338434355,3114,63386,success
S2021-134,0000027904,DAL,Delta Air Lines,0000027904-22-000003,2021,2022-02-11,1.0.3,0.3.0,349,807,-0.3961937716262976,767,0.013912570288409214,310,0.005623072737166697,119,0.002158534373299474,392,0.007110466170868856,529,0.009595501541810266,0.006330491565390894,0.014638128060946854,-0.00830763649555596,0.020968619626337746,2819,55130,success
S2021-135,0000818479,XRAY,Dentsply Sirona,0000818479-22-000015,2021,2022-03-01,1.0.3,0.3.0,305,1100,-0.5658362989323843,1062,0.02207578938616002,447,0.009291787058016504,118,0.0024528654873511133,553,0.011495208597501402,485,0.010081692892926186,0.006340033674932962,0.0228656952210697,-0.016525661546136737,0.02920572889600266,3326,48107,success
S2021-136,0001090012,DVN,Devon Energy,0001564590-22-005321,2021,2022-02-16,1.0.3,0.3.0,173,624,-0.5658720200752823,635,0.01734546149853861,210,0.005736294353847414,57,0.001556994181758584,361,0.009860963151137698,401,0.010953590647108635,0.004725613920074299,0.017044988937146604,-0.012319375017072304,0.021770602857220902,2081,36609,success
S2021-137,0001093557,DXCM,Dexcom,0001093557-22-000014,2021,2022-02-14,1.0.3,0.3.0,473,2036,-0.6229573535273017,1682,0.023064476318459808,1107,0.015179771274991087,270,0.0037023832378027042,1140,0.01563228478183364,727,0.00996900968104654,0.006486026931409922,0.027918712119134464,-0.021432685187724544,0.034404739050544385,6001,72926,success
S2021-138,0001539838,FANG,Diamondback Energy,0001539838-22-000008,2021,2022-02-24,1.0.3,0.3.0,314,1236,-0.5948387096774194,1274,0.019217425408030894,614,0.009261773312818656,172,0.0025945032732977344,672,0.010136663951488822,756,0.011403746945424925,0.004736476905904004,0.01864422119648837,-0.013907744290584367,0.023380698102392374,4207,66294,success
S2021-139,0001297996,DLR,Digital Realty,0001558370-22-002195,2021,2022-02-25,1.0.3,0.3.0,471,948,-0.3361522198731501,1256,0.018998351257733206,649,0.009816823221551634,166,0.0025109285897959494,455,0.006882364508175644,541,0.008183207030600052,0.007124381721649952,0.014339519898352771,-0.007215138176702818,0.021463901620002723,3696,66111,success
S2021-140,0000029534,DG,Dollar General,0001558370-21-003245,2021,2021-03-19,1.0.3,0.3.0,258,738,-0.4819277108433735,744,0.018982981654887352,327,0.008343326614446457,105,0.002679049830326844,414,0.010563110759574414,299,0.007628913326359299,0.006582808154517388,0.01882989309315439,-0.012247084938637002,0.025412701247671778,2364,39193,success
S2021-141,0000935703,DLTR,Dollar Tree,0000935703-21-000014,2021,2021-03-16,1.0.3,0.3.0,211,726,-0.5496264674493063,592,0.016563610419406283,270,0.007554349346688677,70,0.0019585350158081755,230,0.006435186480512577,303,0.00847765871128396,0.005903584119078929,0.02031280602109622,-0.01440922190201729,0.02621639014017515,1946,35741,success
S2021-142,0000715957,D,Dominion Energy,0001564590-22-006589,2021,2022-02-24,1.0.3,0.3.0,353,1274,-0.5660725261216963,1252,0.014684494487450152,514,0.00602861834388928,178,0.0020877316443818905,1378,0.016162326999765424,747,0.00876143560872625,0.0041402768003753225,0.014942528735632184,-0.010802251935256862,0.019082805536007507,4896,85260,success
S2021-143,0001286681,DPZ,Domino's,0001193125-21-055734,2021,2021-02-25,1.0.3,0.3.0,138,428,-0.5123674911660777,465,0.019313037338538855,220,0.009137350998878599,50,0.0020766706815633176,220,0.009137350998878599,218,0.009054284171616064,0.005731611081114757,0.017776301034182,-0.012044689953067242,0.023507912115296757,1437,24077,success
S2021-144,0000029905,DOV,Dover Corporation,0000029905-22-000009,2021,2022-02-11,1.0.3,0.3.0,454,627,-0.16003700277520813,648,0.015336189146332805,207,0.0048990604217452015,61,0.0014436844721084894,283,0.006697749272241024,296,0.007005419733510047,0.010744799185856626,0.014839183016590539,-0.004094383830733912,0.025583982202447165,2247,42253,success
S2021-145,0001751788,DOW,Dow Inc.,0001751788-22-000011,2021,2022-02-04,1.0.3,0.3.0,475,1034,-0.3704440026507621,730,0.01053938553938554,218,0.003147378147378147,140,0.0020212520212520213,635,0.009167821667821667,530,0.007651882651882652,0.006857819357819358,0.014928389928389928,-0.00807057057057057,0.021786209286209286,3255,69264,success
S2021-146,0001666700,DD,DuPont,0001666700-22-000009,2021,2022-02-11,1.0.3,0.3.0,256,1094,-0.6207407407407407,847,0.014165063968559244,313,0.0052345513838949745,104,0.0017392758591855506,662,0.011071159795969563,490,0.008194665105778076,0.004281294422610586,0.01829584413412493,-0.01401454971151434,0.022577138556735512,3151,59795,success
S2021-147,0001326160,DUK,Duke Energy,0001326160-22-000072,2021,2022-02-24,1.0.3,0.3.0,598,1348,-0.3854059609455293,1283,0.013211821645556586,458,0.004716301101843271,158,0.0016270209041293379,1719,0.017701575532900835,832,0.00856760374832664,0.006157965194109772,0.013881165688394604,-0.007723200494284831,0.020039130882504377,5708,97110,success
S2021-148,0000821189,EOG,EOG Resources,0000821189-22-000017,2021,2022-02-24,1.0.3,0.3.0,165,777,-0.6496815286624203,759,0.015683438371732618,338,0.006984192581878293,79,0.0016324000413265834,554,0.011447463580948445,398,0.008223990081620003,0.0034094431242896995,0.01605537762165513,-0.012645934497365431,0.019464820745944827,2593,48395,success
S2021-149,0001352010,EPAM,EPAM Systems,0001352010-22-000020,2021,2022-02-25,1.0.3,0.3.0,319,792,-0.42574257425742573,864,0.02082178575732016,372,0.008964935534401735,73,0.0017592481021809856,325,0.007832268948066032,299,0.007205687432220749,0.0076876732136401974,0.019086636944210145,-0.011398963730569948,0.026774310157850343,2538,41495,success
S2021-150,0000915389,EMN,Eastman Chemical Co.,0000915389-22-000010,2021,2022-02-25,1.0.3,0.3.0,343,630,-0.2949640287769784,619,0.014190412874532909,162,0.0037138075697485157,96,0.0022007748561472685,331,0.007588088306091103,311,0.007129593544393755,0.007863185163109512,0.01444258499346645,-0.006579399830356938,0.02230577015657596,2147,43621,success
S2021-151,0001551182,ETN,Eaton Corporation,0001551182-22-000004,2021,2022-02-23,1.0.3,0.3.0,205,438,-0.36236391912908245,419,0.013025771753660584,118,0.003668355768334007,71,0.002207231013150123,282,0.008766748531103305,255,0.007927378990891286,0.006372990953461622,0.013616439207883857,-0.007243448254422234,0.019989430161345478,1571,32167,success
S2021-152,0000031462,ECL,Ecolab,0001558370-22-002059,2021,2022-02-25,1.0.3,0.3.0,415,862,-0.3500391542678152,880,0.013838436256702993,257,0.004041452406787124,101,0.0015882750703715934,568,0.008932081583871931,394,0.00619584532402384,0.0065260807346951616,0.01355537733327043,-0.00702929659857527,0.02008145806796559,3049,63591,success
S2021-153,0000827052,EIX,Edison International,0000827052-22-000006,2021,2022-02-24,1.0.3,0.3.0,251,1693,-0.7417695473251029,1258,0.01481795587594379,449,0.005288761675913165,240,0.0028269550160783066,1323,0.015583589526131666,770,0.0090698140099179,0.0029565237876485622,0.01994181184258572,-0.01698528805493716,0.022898335630234284,5096,84897,success
S2021-154,0001099800,EW,Edwards Lifesciences,0001099800-22-000005,2021,2022-02-14,1.0.3,0.3.0,245,708,-0.4858342077649528,781,0.0208005965856127,384,0.010227181931978586,66,0.0017577968945588197,451,0.012011612112818601,345,0.009188483767012012,0.006525155138892588,0.01885636668708552,-0.012331211548192932,0.025381521825978106,2465,37547,success
S2021-155,0000712515,EA,Electronic Arts,0000712515-21-000064,2021,2021-05-26,1.0.3,0.3.0,270,701,-0.44387229660144184,716,0.016883208752859064,371,0.008748143082836191,106,0.0024994694522389115,306,0.007215449550802896,351,0.008276545072979792,0.006366573133061378,0.016529510245466766,-0.010162937112405386,0.022896083378528144,2346,42409,success
S2021-156,0000032604,EMR,Emerson Electric,0000032604-21-000038,2021,2021-11-15,1.0.3,0.3.0,219,465,-0.35964912280701755,464,0.015565246561556525,180,0.0060382422006038244,47,0.0015766521301576652,276,0.009258638040925863,214,0.00717879906071788,0.0073465280107346525,0.015598792351559879,-0.008252264340825226,0.022945320362294533,1591,29810,success
S2021-157,0001463101,ENPH,Enphase Energy,0001463101-22-000016,2021,2022-02-11,1.0.3,0.3.0,329,1345,-0.6069295101553166,1464,0.02138974928408626,777,0.011352346443808076,219,0.00319969610192274,616,0.009000058441937934,562,0.008211092279819998,0.004806849395125943,0.01965110163053007,-0.014844252235404126,0.02445795102565601,4299,68444,success
S2021-158,0000065984,ETR,Entergy,0000065984-22-000017,2021,2022-02-25,1.0.3,0.3.0,635,2948,-0.6455484231091264,2377,0.011814937421092919,971,0.004826379569154911,351,0.0017446542005904984,2782,0.013827999960235801,1440,0.007157555694730249,0.0031562832403845198,0.014653107075044983,-0.011496823834660464,0.017809390315429503,10062,201186,success
S2021-159,0000033185,EFX,Equifax,0000033185-22-000014,2021,2022-02-24,1.0.3,0.3.0,278,1166,-0.6149584487534626,848,0.015389641029363726,377,0.006841856919894015,128,0.0023229646836775437,866,0.01571630793800588,533,0.009672970128126021,0.005045188922362165,0.021160756415375123,-0.016115567493012958,0.026205945337737287,3564,55102,success
S2021-160,0001101239,EQIX,Equinix,0001628280-22-003171,2021,2022-02-18,1.0.3,0.3.0,393,1105,-0.4753004005340454,1270,0.02072860220669844,689,0.01124567474048443,156,0.0025461905072794934,511,0.008340406084742444,539,0.00879741463733107,0.006414441470261801,0.018035516093229745,-0.011621074622967945,0.024449957563491546,3787,61268,success
S2021-161,0000906107,EQR,Equity Residential,0001564590-22-005566,2021,2022-02-17,1.0.3,0.3.0,161,471,-0.49050632911392406,587,0.01787563188988367,309,0.00940983007491321,83,0.0025275595346854252,233,0.00709543821182776,327,0.00995797551617029,0.00490285644679944,0.014343139046226932,-0.009440282599427493,0.01924599549302637,1773,32838,success
S2021-162,0000920522,ESS,Essex Property Trust,0000920522-22-000019,2021,2022-02-25,1.0.3,0.3.0,286,959,-0.5405622489959839,1044,0.019357709708521843,662,0.012274716309426685,124,0.002299191574575391,360,0.006675072313283394,447,0.008288214788993548,0.005302974115552918,0.017781650967885487,-0.012478676852332567,0.023084625083438403,3043,53932,success
S2021-163,0001001250,EL,Estée Lauder Companies (The),0001001250-21-000127,2021,2021-08-27,1.0.3,0.3.0,446,714,-0.23103448275862068,879,0.015787205000179605,263,0.004723589209382521,120,0.0021552498293760554,297,0.0053342433277057365,339,0.006088580767987356,0.008010345199181005,0.012823736484787528,-0.004813391285606523,0.020834081683968532,2608,55678,success
S2021-164,0001370637,ETSY,Etsy,0001370637-22-000024,2021,2022-02-25,1.0.3,0.3.0,538,1404,-0.44593202883625127,1613,0.022803743602793563,970,0.013713348601803942,160,0.002261995645658382,745,0.010532417225096841,577,0.00815732179715554,0.0076059603585263095,0.019849011790652304,-0.012243051432125993,0.02745497214917861,4782,70734,success
S2021-165,0001711269,EVRG,Evergy,0001711269-22-000008,2021,2022-02-25,1.0.3,0.3.0,175,706,-0.6027241770715096,802,0.014192429524500522,362,0.006406059211806969,108,0.001911199985842963,707,0.012511281388805324,470,0.008317259197649932,0.0030968518289122087,0.01249358509264011,-0.009396733263727901,0.01559043692155232,2866,56509,success
S2021-166,0000072741,ES,Eversource Energy,0000072741-22-000015,2021,2022-02-17,1.0.3,0.3.0,510,1186,-0.39858490566037735,1009,0.01014947592894361,406,0.0040839318405858326,186,0.00187096384815016,1395,0.014032228861126199,658,0.006618786086466695,0.005130062164282696,0.01192990926831231,-0.006799847104029613,0.017059971432595005,4779,99414,success
S2021-167,0001109357,EXC,Exelon,0001109357-22-000039,2021,2022-02-25,1.0.3,0.3.0,364,1320,-0.5676959619952494,1366,0.012797571646727063,451,0.004225259745734924,210,0.0019674158461293434,1771,0.0165918736356908,974,0.009125062067285621,0.0034101874666241953,0.012366613889955873,-0.008956426423331679,0.015776801356580068,5687,106739,success
S2021-168,0001324424,EXPE,Expedia Group,0001324424-22-000009,2021,2022-02-11,1.0.3,0.3.0,316,1182,-0.5781041388518025,1006,0.01753407466796807,486,0.00847073587339213,115,0.002004392233415833,794,0.013839021159410186,442,0.007703837975389549,0.005507721267473072,0.020601666259978387,-0.015093944992505316,0.02610938752745146,3563,57374,success
S2021-169,0000746515,EXPD,Expeditors International,0001564590-22-010381,2021,2022-03-15,1.0.3,0.3.0,191,534,-0.4731034482758621,519,0.01725628408032983,230,0.007647293523074877,80,0.0026599281819390877,284,0.009442745045883761,223,0.007414549807155207,0.006350578534379572,0.01775502061444341,-0.011404442080063838,0.02410559914882298,1757,30076,success
S2021-170,0001289490,EXR,Extra Space Storage,0001628280-22-004274,2021,2022-02-28,1.0.3,0.3.0,165,535,-0.5285714285714286,607,0.017301333941397788,310,0.008835936609280583,101,0.002878805153346255,264,0.007524797628548626,266,0.007581803671189146,0.004702998517842892,0.015249116406339072,-0.01054611788849618,0.019952114924181964,1828,35084,success
S2021-171,0000034088,XOM,ExxonMobil,0000034088-22-000011,2021,2022-02-23,1.0.3,0.3.0,304,521,-0.263030303030303,491,0.01265561770239967,202,0.005206588138258113,89,0.0022939918034899608,235,0.006057169368765626,349,0.008995540892337036,0.007835657396190427,0.01342887336649741,-0.005593215970306983,0.021264530762687837,1844,38797,success
S2021-172,0001048695,FFIV,"F5, Inc.",0001048695-21-000044,2021,2021-11-16,1.0.3,0.3.0,260,865,-0.5377777777777778,743,0.017784479869787928,368,0.008808463784767103,98,0.002345732203552109,384,0.009191440471061324,343,0.008210062712432381,0.0062233711522811045,0.020704677102781368,-0.014481305950500263,0.026928048255062474,2526,41778,success
S2021-173,0000037785,FMC,FMC Corporation,0000037785-22-000025,2021,2022-02-25,1.0.3,0.3.0,287,873,-0.5051724137931034,878,0.01736310241857338,307,0.006071153123578619,120,0.0023730891688255188,520,0.010283386398243914,416,0.00822670911859513,0.005675638262107699,0.01726422370320565,-0.01158858544109795,0.022939861965313346,2925,50567,success
S2021-174,0001326801,FB,Facebook,0001326801-22-000018,2021,2022-02-03,1.0.3,0.3.0,264,1627,-0.7207826546800634,1198,0.020746744250484898,670,0.01160293710169022,167,0.0028920753671377113,899,0.015568717096148517,474,0.008208645054031587,0.00457190357439734,0.028176087558880576,-0.023604183984483235,0.032747991133277914,4386,57744,success
S2021-175,0001013237,FDS,FactSet,0001013237-21-000142,2021,2021-10-22,1.0.3,0.3.0,338,605,-0.2831389183457052,724,0.017485388591025455,240,0.005796261411389654,109,0.0026324687243394675,283,0.006834758247596967,339,0.008187219243587885,0.008163068154373763,0.014611408974544752,-0.00644834082017099,0.022774477128918513,2234,41406,success
S2021-176,0000815556,FAST,Fastenal,0000815556-22-000009,2021,2022-02-07,1.0.3,0.3.0,337,559,-0.24776785714285715,552,0.015300607034953017,240,0.006652437841283921,76,0.0021066053164065747,157,0.004351803087839898,153,0.004240929123818499,0.009341131468802838,0.015494636471990465,-0.0061535050031876265,0.024835767940793303,1766,36077,success
S2021-177,0001048911,FDX,FedEx,0001564590-21-037031,2021,2021-07-19,1.0.3,0.3.0,391,768,-0.3252804141501294,990,0.017624125469531626,496,0.008829864881704733,130,0.0023142791020597086,554,0.009862389404162142,455,0.00809997685720898,0.006960639453118046,0.013672048849091201,-0.006711409395973154,0.020632688302209247,3105,56173,success
S2021-178,0000034903,FRT,Federal Realty Investment Trust,0000034903-22-000023,2021,2022-02-10,1.0.3,0.3.0,217,567,-0.44642857142857145,761,0.019215230784769215,381,0.00962024037975962,103,0.0026007473992526006,232,0.005857994142005858,368,0.009291990708009292,0.005479244520755479,0.014316735683264317,-0.008837491162508837,0.019795980204019795,2157,39604,success
S2021-179,0001136893,FIS,Fidelity National Information Services,0001136893-22-000038,2021,2022-02-23,1.0.3,0.3.0,266,982,-0.5737179487179487,891,0.018148487626031166,407,0.008290049903248803,109,0.0022201853549241265,667,0.013585904878297179,478,0.009736225684896628,0.005418067012934107,0.020002036867298095,-0.014583969854363988,0.025420103880232203,3202,49095,success
S2021-180,0000035527,FITB,Fifth Third Bancorp,0000035527-22-000119,2021,2022-02-25,1.0.3,0.3.0,418,2424,-0.7058409570724842,1953,0.018054245937101338,736,0.006803853051565071,175,0.0016177639728585428,1248,0.011536968217871207,860,0.007950154380904838,0.003864144803742119,0.022408342115480616,-0.018544197311738495,0.026272486919222734,6680,108174,success
S2021-181,0001031296,FE,FirstEnergy,0001031296-22-000013,2021,2022-02-16,1.0.3,0.3.0,397,1627,-0.607707509881423,1236,0.016808779731549102,559,0.007602029020983776,203,0.0027606652795343586,1546,0.021024574000788762,684,0.009301946065032027,0.005398936531897243,0.022126120245332028,-0.016727183713434783,0.02752505677722927,5374,73533,success
S2021-182,0000798354,FISV,Fiserv,0000798354-22-000004,2021,2022-02-24,1.0.3,0.3.0,430,834,-0.31962025316455694,879,0.015510852302805717,407,0.00718193047467796,98,0.0017293100405858478,550,0.009705311452267513,482,0.008505382036350803,0.0075877889535909656,0.014716781365802012,-0.007128992412211046,0.022304570319392977,3127,56670,success
S2021-183,0000037996,F,Ford Motor Company,0000037996-22-000013,2021,2022-02-04,1.0.3,0.3.0,363,1317,-0.5678571428571428,1034,0.01566619193357777,400,0.006060422411442078,126,0.0019090330596042543,604,0.009151237841277537,550,0.008333080815732856,0.005499833338383686,0.01995394078967304,-0.014454107451289356,0.025453774128056727,3777,66002,success
S2021-184,0001262039,FTNT,Fortinet,0001262039-22-000008,2021,2022-02-25,1.0.3,0.3.0,358,1743,-0.6592099000475964,1288,0.02114734180540505,805,0.013217088628378157,119,0.001953830492890684,684,0.011230420648212,484,0.00794667192066463,0.005877910222309789,0.028617870160575314,-0.022739959938265525,0.0344957803828851,4429,60906,success
S2021-185,0001659166,FTV,Fortive,0001659166-22-000054,2021,2022-03-01,1.0.3,0.3.0,318,1097,-0.550530035335689,941,0.017845967114870374,420,0.007965256310569137,106,0.0020102789736198296,654,0.012403041969314799,428,0.008116975478389502,0.006030836920859489,0.020804490887367483,-0.014773653966507993,0.02683532780822697,3321,52729,success
S2021-186,0001754301,FOXA|FOX,Fox Corporation (Class A)|Fox Corporation (Class B),0001564590-21-043103,2021,2021-08-10,1.0.3,0.3.0,245,809,-0.5351043643263758,769,0.01596031713087875,372,0.007720725582167615,95,0.0019716906728653853,477,0.009899962641650408,317,0.006579220455771865,0.0050848864721265204,0.016790502677348388,-0.011705616205221868,0.021875389149474907,2563,48182,success
S2021-187,0000038777,BEN,Franklin Resources,0000038777-21-000205,2021,2021-11-19,1.0.3,0.3.0,191,843,-0.6305609284332688,864,0.01906190707320302,410,0.009045580902793098,77,0.0016988042183294356,618,0.013634558531527159,398,0.008780832193443057,0.0042139169571548335,0.018598596831840446,-0.014384679874685611,0.02281251378899528,2814,45326,success
S2021-188,0000831259,FCX,Freeport-McMoRan,0000831259-22-000009,2021,2022-02-15,1.0.3,0.3.0,393,1365,-0.552901023890785,1422,0.0169971671388102,496,0.005928688397222123,223,0.0026655191785897848,1019,0.012180107816067223,633,0.007566249506938717,0.004697529314734464,0.01631584609316169,-0.011618316778427224,0.02101337540789615,4803,83661,success
S2021-189,0000040545,GE,GE Aerospace,0000040545-22-000008,2021,2022-02-11,1.0.3,0.3.0,346,1133,-0.5321162947937795,871,0.01612783764766878,278,0.005147576195237567,137,0.002536755175350887,659,0.012202347887271784,353,0.006536310780283672,0.006406695552346036,0.020979150464763174,-0.014572454912417139,0.027385846017109212,3288,54006,success
S2021-190,0001121788,GRMN,Garmin,0000950170-22-001303,2021,2022-02-16,1.0.3,0.3.0,239,968,-0.603976801988401,843,0.01707168894289186,379,0.007675172134467396,114,0.0023086269744835965,418,0.00846496557310652,391,0.00791818550020251,0.004840016200891049,0.01960307816929931,-0.014763061968408263,0.02444309437019036,2784,49380,success
S2021-191,0000749251,IT,Gartner,0000749251-22-000006,2021,2022-02-23,1.0.3,0.3.0,239,619,-0.4428904428904429,631,0.016805603643433562,285,0.007590486590140357,93,0.002476895624151064,425,0.01131914666950755,311,0.008282952033451408,0.006365355421205423,0.01648600420805923,-0.01012064878685381,0.022851359629264656,2199,37547,success
S2021-192,0001474735,GNRC,Generac,0001437749-22-004080,2021,2022-02-22,1.0.3,0.3.0,248,543,-0.3729456384323641,615,0.015294702810246207,241,0.005993533946779408,74,0.0018403382243223079,282,0.007013180800795822,247,0.006142750559562298,0.006167619995026113,0.013504103456851529,-0.007336483461825417,0.01967172345187764,1913,40210,success
S2021-193,0000040533,GD,General Dynamics,0000040533-22-000007,2021,2022-02-09,1.0.3,0.3.0,223,361,-0.2363013698630137,444,0.013571341239760362,143,0.0043709499938867835,54,0.001650568529160044,506,0.015466438439907079,262,0.008008313974813547,0.006816236703753515,0.011034356278273627,-0.004218119574520112,0.017850592982027142,1761,32716,success
S2021-194,0000040704,GIS,General Mills,0001193125-21-204830,2021,2021-06-30,1.0.3,0.3.0,284,708,-0.4274193548387097,824,0.02005939919178149,383,0.009323725595209114,58,0.00141194800136326,229,0.005574760212279079,311,0.007570962559034033,0.006913676420468377,0.01723550318905497,-0.010321826768586591,0.024149179609523345,2258,41078,success
S2021-195,0001467858,GM,General Motors,0001467858-22-000034,2021,2022-02-02,1.0.3,0.3.0,321,918,-0.48184019370460046,833,0.017500735325013655,356,0.007479305853187109,117,0.002458086474221606,444,0.009328123030379427,407,0.008550779444514475,0.006743980839531072,0.019286524643892602,-0.012542543804361529,0.02603050548342367,2861,47598,success
S2021-196,0000040987,GPC,Genuine Parts Company,0000040987-22-000013,2021,2022-02-17,1.0.3,0.3.0,222,637,-0.4831199068684517,667,0.019315976948249398,238,0.006892357591729171,62,0.0017954881121311286,248,0.0071819524485245145,261,0.007558425762358461,0.006429005820856621,0.01844719237786337,-0.012018186557006748,0.02487619819871999,1957,34531,success
S2021-197,0000882095,GILD,Gilead Sciences,0000882095-22-000007,2021,2022-02-23,1.0.3,0.3.0,414,1058,-0.4375,1035,0.019212919992574715,446,0.008279190644143309,137,0.0025431594579543343,816,0.01514757750139224,384,0.007128271765361054,0.007685167997029887,0.01963987377018749,-0.011954705773157602,0.027325041767217374,3558,53870,success
S2021-198,0001123360,GPN,Global Payments,0001123360-22-000007,2021,2022-02-18,1.0.3,0.3.0,287,854,-0.49693251533742333,904,0.017310049019607844,437,0.008367800245098039,89,0.0017041973039215686,551,0.010550704656862746,460,0.008808210784313725,0.005495557598039216,0.01635263480392157,-0.010857077205882353,0.021848192401960783,3018,52224,success
S2021-199,0000320335,GL,Globe Life,0000320335-22-000006,2021,2022-02-24,1.0.3,0.3.0,226,642,-0.4792626728110599,504,0.012987682317167449,179,0.004612688759470185,97,0.0024996134618357987,363,0.009354223573674174,298,0.007679224862134721,0.005823841673967943,0.01654383342782044,-0.010719991753852498,0.022367675101788383,1977,38806,success
S2021-200,0000886982,GS,Goldman Sachs,0001193125-22-052682,2021,2022-02-25,1.0.3,0.3.0,572,2761,-0.6567656765676567,2037,0.018232756305830544,586,0.005245162098780903,173,0.0015484864216537477,1935,0.017319775872254344,1045,0.009353574049873794,0.005119851058878288,0.024713127226508657,-0.019593276167630368,0.029832978285386943,7812,111722,success
S2021-201,0000860730,HCA,HCA Healthcare,0001193125-22-046707,2021,2022-02-18,1.0.3,0.3.0,162,854,-0.6811023622047244,556,0.0165176316805799,325,0.009655090460770625,75,0.0022280977986393747,573,0.017022667181604823,339,0.010071002049849976,0.00481269124506105,0.02537060693384035,-0.0205579156887793,0.030183298178901398,2403,33661,success
S2021-202,0000047217,HPQ,HP Inc.,0000047217-21-000060,2021,2021-12-09,1.0.3,0.3.0,377,1344,-0.5618826263800116,1191,0.022038006772384953,605,0.011194789334418889,86,0.0015913254260496272,748,0.01384083044982699,412,0.007623559017819144,0.006975926576984993,0.02486908572803138,-0.01789315915104639,0.03184501230501638,3894,54043,success
S2021-203,0000045012,HAL,Halliburton,0000045012-22-000013,2021,2022-02-04,1.0.3,0.3.0,148,550,-0.5759312320916905,504,0.017971117846318416,218,0.007773221608129792,43,0.0015332501337136744,259,0.009235157782135853,284,0.010126582278481013,0.005277233018363345,0.01961133891959351,-0.014334105901230167,0.024888571937956856,1685,28045,success
S2021-204,0000874766,HIG,Hartford (The),0000874766-22-000019,2021,2022-02-18,1.0.3,0.3.0,745,4116,-0.6934787080847562,2476,0.019044835357552168,752,0.005784214938965764,250,0.0019229437961987247,1852,0.014245167642240153,892,0.00686106346483705,0.0057303725126722,0.0316593466606158,-0.025928974147943602,0.037389719173288004,9594,130009,success
S2021-205,0000046080,HAS,Hasbro,0000046080-22-000023,2021,2022-02-23,1.0.3,0.3.0,431,973,-0.38603988603988604,869,0.013601715475277434,391,0.00611998935654025,133,0.0020817355100252,343,0.005368686315328147,446,0.006980857424595783,0.0067460752242170016,0.015229538731236988,-0.008483463507019989,0.02197561395545399,3011,63889,success
S2021-206,0000765880,PEAK,Healthpeak Properties,0001628280-22-002117,2021,2022-02-09,1.0.3,0.3.0,353,1506,-0.6202259279182356,1059,0.016265532124041963,611,0.00938455158431505,123,0.0018891977821125225,623,0.009568863563057736,673,0.010336830141152257,0.005421844041347321,0.023131153332206982,-0.017709309290859662,0.028552997373554302,4070,65107,success
S2021-207,0001000228,HSIC,Henry Schein,0001000228-22-000016,2021,2022-02-15,1.0.3,0.3.0,320,1004,-0.5166163141993958,887,0.017045236173565473,408,0.007840424305315346,99,0.0019024558976132827,883,0.0169683692686114,528,0.010146431453937507,0.0061493523963257616,0.01929359314347208,-0.013144240747146317,0.02544294553979784,3510,52038,success
S2021-208,0000047111,HSY,Hershey Company (The),0000047111-22-000017,2021,2022-02-18,1.0.3,0.3.0,273,484,-0.27873183619550856,621,0.01564862413063199,195,0.00491381917145449,62,0.0015623425057957867,263,0.0066273561132950305,276,0.006954944058058663,0.006879346840036287,0.012196351174276787,-0.0053170043342405,0.019075698014313074,1871,39684,success
S2021-209,0001645590,HPE,Hewlett Packard Enterprise,0001645590-21-000068,2021,2021-12-10,1.0.3,0.3.0,434,1233,-0.4793041391721656,1191,0.01829352584286921,520,0.007987097765148606,100,0.001535980339451655,728,0.011181936871208048,463,0.007111588971661162,0.006666154673220182,0.018938637585438907,-0.012272482912218724,0.02560479225865909,3887,65105,success
S2021-210,0001585689,HLT,Hilton Worldwide,0001585689-22-000013,2021,2022-02-16,1.0.3,0.3.0,479,1117,-0.39974937343358397,942,0.016737442476146478,499,0.008866224836090333,117,0.002078854320285709,555,0.009861232032124518,511,0.009079440663811944,0.00851086512322098,0.019846839963753308,-0.011335974840532328,0.02835770508697429,3533,56281,success
S2021-211,0000354950,HD,Home Depot (The),0000354950-21-000089,2021,2021-03-24,1.0.3,0.3.0,284,644,-0.3879310344827586,569,0.01590140569544197,235,0.006567364390911885,60,0.0016767738870413324,237,0.006623256853813263,232,0.006483525696559819,0.007936729731995641,0.017997373054243634,-0.010060643322247995,0.025934102786239276,1907,35783,success
S2021-212,0000773840,HON,Honeywell Technologies,0000773840-22-000018,2021,2022-02-11,1.0.3,0.3.0,248,771,-0.5132482826300294,623,0.015958809365233875,209,0.005353757876940417,75,0.0019212049797633075,621,0.015907577232440188,364,0.009324248168451253,0.006352784466417337,0.0197499871919668,-0.013397202725549465,0.02610277165838414,2516,39038,success
S2021-213,0000048465,HRL,Hormel Foods,0000048465-21-000067,2021,2021-12-10,1.0.3,0.3.0,181,447,-0.42356687898089174,479,0.01647463456577816,166,0.005709372312983663,49,0.0016852966466036113,218,0.007497850386930353,240,0.00825451418744626,0.006225279449699054,0.01537403267411866,-0.009148753224419605,0.021599312123817712,1504,29075,success
S2021-214,0001070750,HST,Host Hotels & Resorts,0000950170-22-001965,2021,2022-02-24,1.0.3,0.3.0,376,926,-0.42242703533026116,1000,0.013638657410564504,420,0.005728236112437092,213,0.0029050340284502395,499,0.006805690047871687,679,0.009260648381773299,0.005128135186372253,0.012629396762182731,-0.007501261575810477,0.017757531948554985,3514,73321,success
S2021-215,0000004281,HWM,Howmet Aerospace,0000004281-22-000004,2021,2022-02-14,1.0.3,0.3.0,238,1011,-0.6188951160928743,683,0.01495707778556412,329,0.007204800280308339,67,0.0014672389628591451,515,0.01127803083391731,403,0.008825332866152768,0.005211983181499649,0.02213997897687456,-0.016927995795374913,0.02735196215837421,2708,45664,success
S2021-216,0000049071,HUM,Humana,0000049071-22-000017,2021,2022-02-17,1.0.3,0.3.0,400,1015,-0.43462897526501765,903,0.016134219554030875,331,0.005914093767867353,86,0.0015365923384791308,925,0.016527301315037164,428,0.007647226986849628,0.00714694110920526,0.018135363064608348,-0.010988421955403088,0.025282304173813608,3423,55968,success
S2021-217,0000049196,HBAN,Huntington Bancshares,0000049196-22-000023,2021,2022-02-18,1.0.3,0.3.0,313,1265,-0.6032953105196451,1318,0.019730538922155687,459,0.00687125748502994,135,0.0020209580838323354,590,0.008832335329341317,673,0.010074850299401198,0.00468562874251497,0.018937125748502995,-0.014251497005988024,0.023622754491017965,4122,66800,success
S2021-218,0001501585,HII,Huntington Ingalls Industries,0001501585-22-000007,2021,2022-02-10,1.0.3,0.3.0,302,1139,-0.5808466342817488,992,0.017880639521260296,402,0.007245984967284918,106,0.0019106328520701527,970,0.017484093080264603,488,0.008796121054813533,0.005443501144577228,0.020530290740640604,-0.015086789596063375,0.02597379188521783,3792,55479,success
S2021-219,0000051143,IBM,IBM,0001558370-22-001584,2021,2022-02-22,1.0.3,0.3.0,77,244,-0.5202492211838006,235,0.024931041799278592,124,0.013155102906853384,24,0.002546148949713558,125,0.013261192446424782,58,0.0061531932951410994,0.008168894546997665,0.025885847655421176,-0.01771695310842351,0.034054742202418845,739,9426,success
S2021-220,0000832101,IEX,IDEX Corporation,0000832101-22-000008,2021,2022-02-24,1.0.3,0.3.0,199,449,-0.38580246913580246,460,0.014484995434077526,157,0.004943791919891677,61,0.0019208363510407154,211,0.006644204427370344,257,0.008092703970778097,0.006266334981263973,0.01413861510848002,-0.007872280127216047,0.020404950089743995,1534,31757,success
S2021-221,0001111928,IPGP,IPG Photonics,0001111928-22-000025,2021,2022-02-22,1.0.3,0.3.0,247,834,-0.5430157261794635,751,0.01860246216343415,406,0.010056723885957741,72,0.001783458423125511,324,0.008025562904064799,331,0.008198954695202001,0.006118253201555572,0.020658393401203835,-0.014540140199648263,0.026776646602759406,2407,40371,success
S2021-222,0001478242,IQV,IQVIA,0001478242-22-000041,2021,2022-02-16,1.0.3,0.3.0,390,1181,-0.5035009548058561,1241,0.022260089686098654,637,0.011426008968609866,115,0.0020627802690582958,844,0.015139013452914797,514,0.009219730941704037,0.006995515695067265,0.02118385650224215,-0.014188340807174888,0.028179372197309416,4089,55750,success
S2021-223,0000874716,IDXX,Idexx Laboratories,0000874716-22-000007,2021,2022-02-16,1.0.3,0.3.0,394,828,-0.35515548281505727,1010,0.0176953939415176,400,0.007008076808521822,142,0.0024878672670252465,521,0.009128020043099672,525,0.00919810081118489,0.006902955656393994,0.01450671899364017,-0.007603763337246176,0.021409674650034165,3250,57077,success
S2021-224,0000049826,ITW,Illinois Tool Works,0000049826-22-000006,2021,2022-02-11,1.0.3,0.3.0,301,468,-0.21716514954486346,475,0.015459723352318959,169,0.005500406834825061,50,0.0016273393002441008,136,0.0044263628966639545,151,0.004914564686737185,0.009796582587469488,0.015231895850284784,-0.005435313262815297,0.02502847843775427,1515,30725,success
S2021-225,0001110803,ILMN,"Illumina, Inc.",0001110803-21-000015,2021,2021-02-17,1.0.3,0.3.0,268,719,-0.4569402228976697,865,0.0217637438671531,443,0.011146056107686502,135,0.0033966536671279405,402,0.010114479808780979,318,0.00800100641590137,0.006742986539187319,0.01809032582714807,-0.01134733928796075,0.02483331236633539,2587,39745,success
S2021-226,0000879169,INCY,Incyte,0001558370-22-000902,2021,2022-02-08,1.0.3,0.3.0,880,1253,-0.1748710736052508,1296,0.016767365738165164,749,0.009690398871825393,226,0.002923938778414604,753,0.009742150000646889,520,0.006727646746794665,0.011385248340729431,0.016211041103334066,-0.004825792762604635,0.027596289444063497,4729,77293,success
S2021-227,0001699150,IR,Ingersoll Rand,0001628280-22-003991,2021,2022-02-25,1.0.3,0.3.0,280,876,-0.5155709342560554,869,0.017256101193431163,342,0.006791238904664509,110,0.0021843166067634385,523,0.010385432593975258,381,0.007565678428880637,0.005560078635397843,0.01739510315931611,-0.011835024523918268,0.022955181794713952,2861,50359,success
S2021-228,0000050863,INTC,Intel,0000050863-22-000007,2021,2022-01-27,1.0.3,0.3.0,459,1403,-0.5069817400644469,754,0.015309955532092022,324,0.006578813783020975,134,0.0027208674287802796,647,0.013137322585230158,345,0.007005218380068631,0.009319986192613048,0.028487888078945766,-0.019167901886332717,0.037807874271558815,3453,49249,success
S2021-229,0001571949,ICE,Intercontinental Exchange,0001571949-22-000006,2021,2022-02-03,1.0.3,0.3.0,434,1221,-0.4755287009063444,1287,0.018236952855989003,576,0.008161992886596477,139,0.0019696475889529694,866,0.012271329582973176,536,0.007595187825027277,0.0061498349180258175,0.017301724504399825,-0.011151889586374007,0.023451559422425643,4230,70571,success
S2021-230,0000051253,IFF,International Flavors & Fragrances,0000051253-22-000007,2021,2022-02-28,1.0.3,0.3.0,334,1084,-0.5289139633286318,1049,0.01941190621588112,473,0.008752937693147542,98,0.001813505061159533,575,0.010640463369048279,381,0.007050463554099817,0.006180721330890653,0.02005958659486667,-0.013878865263976017,0.026240307925757322,3316,54039,success
S2021-231,0000051434,IP,International Paper,0000051434-22-000016,2021,2022-02-18,1.0.3,0.3.0,240,912,-0.5833333333333334,920,0.016904617533028316,341,0.006265733237785495,116,0.00213145177590357,578,0.01062050971096779,423,0.007772449148338019,0.004409900226007387,0.01675762085882807,-0.012347720632820683,0.021167521084835456,2991,54423,success
S2021-232,0000896878,INTU,Intuit,0000896878-21-000233,2021,2021-09-08,1.0.3,0.3.0,301,997,-0.5362095531587057,918,0.017990123069687232,481,0.009426197381829584,102,0.0019989025632985813,373,0.007309712314807556,387,0.007584071490162264,0.005898722270126206,0.019538292702045934,-0.013639570431919731,0.025437014972172142,2889,51028,success
S2021-233,0001035267,ISRG,Intuitive Surgical,0001035267-22-000014,2021,2022-02-03,1.0.3,0.3.0,462,1897,-0.6083086053412463,1606,0.02096058470373271,856,0.011172017749934742,242,0.0031584442704254766,949,0.01238580005220569,599,0.007817802140433308,0.0060297572435395455,0.024758548681806318,-0.01872879143826677,0.030788305925345864,5466,76620,success
S2021-234,0000914208,IVZ,Invesco,0000914208-22-000319,2021,2022-02-18,1.0.3,0.3.0,301,912,-0.5037098103874691,805,0.016539963016231764,361,0.0074173001849188415,112,0.0023012122457365934,439,0.009019930141771111,413,0.008485720156153688,0.006184507910417095,0.018738442572426545,-0.012553934662009452,0.02492295048284364,2821,48670,success
S2021-235,0001020569,IRM,Iron Mountain,0001020569-22-000035,2021,2022-02-24,1.0.3,0.3.0,271,733,-0.4601593625498008,881,0.017135410588555645,360,0.00700198389543704,122,0.0023728945423425528,355,0.006904734119111526,457,0.00888862955615202,0.005270937876842883,0.014256817209320418,-0.008985879332477536,0.019527755086163303,2678,51414,success
S2021-236,0000728535,JBHT,J.B. Hunt,0001437749-22-004457,2021,2022-02-25,1.0.3,0.3.0,73,431,-0.7103174603174603,305,0.013962644204358176,129,0.005905511811023622,32,0.0014649331624244644,253,0.011582127815418421,148,0.006775315876213148,0.0033418787767808093,0.019730818531404504,-0.016388939754623695,0.023072697308185314,1134,21844,success
S2021-237,0000091419,SJM,J.M. Smucker Company (The),0000091419-21-000048,2021,2021-06-17,1.0.3,0.3.0,241,826,-0.5482661668228679,701,0.01893877992111093,300,0.008105041335710812,61,0.0016480250715945317,345,0.009320797536067434,295,0.007969957313448964,0.006511049873021019,0.0223158804776571,-0.015804830604636083,0.028826930350678123,2284,37014,success
S2021-238,0000019617,JPM,JPMorgan Chase,0000019617-22-000272,2021,2022-02-22,1.0.3,0.3.0,577,3433,-0.712219451371571,3216,0.02060904337127038,835,0.005350917666359069,209,0.0013393314877473599,1644,0.010535219932328515,1260,0.008074438634266379,0.0036975802317235724,0.021999641136060698,-0.018302060904337128,0.02569722136778427,9849,156048,success
S2021-239,0000779152,JKHY,Jack Henry & Associates,0000779152-21-000073,2021,2021-08-25,1.0.3,0.3.0,204,483,-0.40611353711790393,459,0.015403718370360427,200,0.006711859856366199,50,0.0016779649640915498,263,0.008826095711121551,281,0.00943016309819451,0.006846097053493523,0.01620914155312437,-0.009363044499630848,0.023055238606617894,1647,29798,success
S2021-240,0000052988,J,Jacobs Solutions,0000052988-21-000065,2021,2021-11-23,1.0.3,0.3.0,415,1499,-0.5663531870428422,1231,0.019869259946735534,622,0.010039544830925671,123,0.0019853119199418935,902,0.014558954079573885,580,0.00936163344362844,0.006698410136389315,0.024194980227584536,-0.01749657009119522,0.03089339036397385,4443,61955,success
S2021-241,0000200406,JNJ,Johnson & Johnson,0000200406-21-000008,2021,2021-02-22,1.0.3,0.3.0,311,1653,-0.6832993890020367,743,0.014127086739932312,239,0.004544244590637715,77,0.0014640453283644521,1308,0.02486975700650264,207,0.003935810168460281,0.005913222040536944,0.031429440620603113,-0.02551621858006617,0.03734266266114005,3811,52594,success
S2021-242,0000833444,JCI,Johnson Controls,0000833444-21-000046,2021,2021-11-15,1.0.3,0.3.0,293,1305,-0.6332916145181476,1011,0.01817136078508906,447,0.008034221830796053,116,0.002084943472868774,868,0.01560112874525945,513,0.009220482772255872,0.005266279634056474,0.02345561406977371,-0.018189334435717238,0.028721893703830183,3733,55637,success
S2021-243,0000319201,KLAC,KLA Corporation,0000319201-21-000029,2021,2021-08-06,1.0.3,0.3.0,348,1217,-0.5552715654952076,1141,0.01896672096811729,531,0.008826756208650553,154,0.002559925529439144,578,0.00960803218192094,532,0.00884337910169886,0.005784766780810532,0.020230060839788556,-0.014445294058978025,0.02601482762059909,3735,60158,success
S2021-244,0000091576,KEY,KeyCorp,0000091576-22-000029,2021,2022-02-22,1.0.3,0.3.0,323,1390,-0.6228838295388208,1490,0.019582331217390163,470,0.006176976961190185,152,0.0019976606342572514,685,0.009002615358330376,679,0.008923760333293906,0.004245028847796659,0.018268080800115653,-0.014023051952318994,0.022513109647912314,4563,76089,success
S2021-245,0001601046,KEYS,Keysight Technologies,0001601046-21-000197,2021,2021-12-17,1.0.3,0.3.0,393,915,-0.39908256880733944,916,0.017452605506335143,422,0.008040392493093265,134,0.0025531104124988093,564,0.01074592740783081,521,0.00992664570829761,0.007487853672477851,0.0174335524435553,-0.009945698771077451,0.024921406116033152,3273,52485,success
S2021-246,0000055785,KMB,Kimberly-Clark,0000055785-22-000010,2021,2022-02-10,1.0.3,0.3.0,163,450,-0.46818923327895595,439,0.016205241786637136,145,0.005352528608342562,34,0.0012550756736803249,209,0.007715023994093762,161,0.005943152454780362,0.006016980435585087,0.016611295681063124,-0.010594315245478035,0.02262827611664821,1353,27090,success
S2021-247,0000879101,KIM,Kimco Realty,0001437749-22-004700,2021,2022-03-01,1.0.3,0.3.0,267,638,-0.40994475138121544,726,0.015514478042525912,342,0.007308473127470884,134,0.002863553798482744,238,0.0050860134629768135,359,0.007671759803397799,0.005705737792499199,0.013633935249492466,-0.00792819745699327,0.019339673041991665,2209,46795,success
S2021-248,0001506307,KMI,Kinder Morgan,0001506307-22-000018,2021,2022-02-07,1.0.3,0.3.0,238,1258,-0.6818181818181818,1092,0.0185226019845645,471,0.007989144262573149,129,0.002188109575099652,876,0.01485879060300229,628,0.010652192350097532,0.004036977355610211,0.021338308879653975,-0.017301331524043763,0.025375286235264184,3924,58955,success
S2021-249,0001637459,KHC,Kraft Heinz,0001637459-22-000018,2021,2022-02-17,1.0.3,0.3.0,306,1499,-0.6609418282548476,1086,0.01842770603906131,407,0.006906147659206217,103,0.0017477474420104185,548,0.00929869512836611,614,0.010418610964994145,0.005192337060729982,0.025435664228870072,-0.02024332716814009,0.030628001289600054,3721,58933,success
S2021-250,0000056873,KR,Kroger,0001558370-21-003706,2021,2021-03-30,1.0.3,0.3.0,214,557,-0.44487678339818415,624,0.014920020084642422,204,0.004877698873825407,82,0.001960643664969036,229,0.005475456088754991,355,0.008488152452000096,0.0051168017597972406,0.013318030748631136,-0.008201228988833895,0.018434832508428377,1912,41823,success
S2021-251,0001065696,LKQ,LKQ Corporation,0001065696-22-000006,2021,2022-02-25,1.0.3,0.3.0,332,1108,-0.5388888888888889,873,0.015485312899106003,480,0.008514261387824606,115,0.002039875124166312,518,0.009188307081027388,486,0.008620689655172414,0.005889030793245353,0.019653753370228465,-0.013764722576983114,0.02554278416347382,3260,56376,success
S2021-252,0000920148,LH,Labcorp,0000920148-22-000015,2021,2022-02-25,1.0.3,0.3.0,470,1685,-0.5638051044083526,980,0.01588536601180056,493,0.007991311677364974,137,0.0022207093302210983,1209,0.019597354600272322,521,0.008445179277702133,0.007618491862802309,0.02731310380600402,-0.019694611943201712,0.034931595668806326,4649,61692,success
S2021-253,0000707549,LRCX,Lam Research,0000707549-21-000136,2021,2021-08-17,1.0.3,0.3.0,292,744,-0.4362934362934363,784,0.018829406537454667,370,0.008886327064870187,107,0.002569829718759757,477,0.011456156783629944,411,0.009871028172058505,0.007012993251194851,0.017868722530441673,-0.010855729279246823,0.024881715781636525,2673,41637,success
S2021-254,0001679273,LW,Lamb Weston,0001558370-21-009330,2021,2021-07-27,1.0.3,0.3.0,220,677,-0.5094760312151616,826,0.020810763145297423,501,0.012622508881106548,90,0.0022675165654682423,297,0.007482804666045199,328,0.008263838149706482,0.005542818271144592,0.017056763498022223,-0.011513945226877629,0.022599581769166814,2324,39691,success
S2021-255,0001300514,LVS,Las Vegas Sands,0001300514-22-000007,2021,2022-02-04,1.0.3,0.3.0,256,1083,-0.6176250933532487,908,0.014616399987122115,440,0.007082836998164901,211,0.0033965422877563502,804,0.012942274878464955,576,0.009272077524870416,0.004120923344386852,0.017433437429574063,-0.013312514085187212,0.021554360773960914,3657,62122,success
S2021-256,0000920760,LEN,Lennar,0001628280-22-001450,2021,2022-01-28,1.0.3,0.3.0,234,631,-0.45895953757225433,612,0.013949035875461549,296,0.006746592514929115,97,0.002210876601176095,383,0.008729543693303551,391,0.008911884031544878,0.005333454893558827,0.014382094178784702,-0.009048639285225875,0.01971554907234353,2200,43874,success
S2021-257,0000059478,LLY,Lilly (Eli),0000059478-22-000068,2021,2022-02-23,1.0.3,0.3.0,405,1238,-0.5069993913572732,917,0.018288426636883987,338,0.006740990407052113,104,0.002074150894477573,951,0.01896651442930935,318,0.006342115235037195,0.008077222233302088,0.02469037314772342,-0.01661315091442133,0.032767595381025506,3583,50141,success
S2021-258,0000059558,LNC,Lincoln National Corporation,0000059558-22-000008,2021,2022-02-17,1.0.3,0.3.0,547,1877,-0.5486798679867987,2036,0.02252262218190668,715,0.007909467023606717,183,0.0020243810703776633,1347,0.01490077214097657,660,0.007301046483329277,0.006051018827850174,0.02076373371092281,-0.014712714883072634,0.026814752538772982,6200,90398,success
S2021-259,0001707925,LIN,Linde plc,0001628280-22-004180,2021,2022-02-28,1.0.3,0.3.0,152,503,-0.5358778625954198,621,0.01742179828868004,221,0.006200028054425585,76,0.002132136344508346,373,0.010464300743442278,284,0.007967456866320662,0.004264272689016692,0.014111376069574976,-0.009847103380558282,0.018375648758591667,1900,35645,success
S2021-260,0001335258,LYV,Live Nation Entertainment,0001335258-22-000019,2021,2022-02-23,1.0.3,0.3.0,321,937,-0.48966613672496023,959,0.018190785105939036,443,0.008403042546330544,161,0.0030539274265445095,477,0.009047971319638082,492,0.0093324987196267,0.006088886359756444,0.017773478252622394,-0.011684591892865949,0.02386236461237884,3140,52719,success
S2021-261,0000936468,LMT,Lockheed Martin,0000936468-22-000008,2021,2022-01-25,1.0.3,0.3.0,329,1038,-0.5186539868324799,1201,0.019237546051577768,519,0.008313310908217204,120,0.0019221528111484864,1162,0.018612846387954508,640,0.010251481659458593,0.005269902290565434,0.016626621816434407,-0.011356719525868973,0.02189652410699984,4294,62430,success
S2021-262,0000060086,L,Loews Corporation,0000060086-22-000007,2021,2022-02-08,1.0.3,0.3.0,306,1830,-0.7134831460674157,1487,0.022725188739798882,620,0.009475196381086286,150,0.002292386221230553,1063,0.016245377021120517,599,0.009154262310114007,0.004676467891310328,0.027967111899012746,-0.023290644007702418,0.03264357979032308,5065,65434,success
S2021-263,0000060667,LOW,Lowe's,0000060667-21-000026,2021,2021-03-22,1.0.3,0.3.0,258,556,-0.36609336609336607,453,0.013794573525381406,190,0.00578580346539176,48,0.0014616766649410762,220,0.006699351380979933,229,0.006973415755656384,0.007856512074058285,0.016931088035567466,-0.009074575961509181,0.02478760010962575,1657,32839,success
S2021-264,0000018926,LUMN,Lumen Technologies,0000018926-22-000007,2021,2022-02-24,1.0.3,0.3.0,317,1157,-0.5698778833107191,947,0.016228536175754874,352,0.006032148610206669,129,0.0022106453713541486,680,0.011653014360626521,594,0.010179250779723755,0.005432361106350893,0.019827261198889536,-0.014394900092538644,0.02525962230524043,3592,58354,success
S2021-265,0001489393,LYB,LyondellBasell,0001489393-22-000009,2021,2022-02-24,1.0.3,0.3.0,217,726,-0.5397667020148462,768,0.016792758123059432,352,0.007696680806402239,82,0.001792976778764158,421,0.00920540516902086,352,0.007696680806402239,0.004744828792583198,0.015874404163204618,-0.01112957537062142,0.020619232955787818,2406,45734,success
S2021-266,0000036270,MTB,M&T Bank,0001564590-22-005400,2021,2022-02-16,1.0.3,0.3.0,268,1508,-0.6981981981981982,1246,0.01696715507380576,493,0.006713328612669535,131,0.0017838662236505257,746,0.01015850536521597,574,0.007816329865461082,0.0036494362438041286,0.020534887521106816,-0.016885451277302687,0.024184323764910944,4308,73436,success
S2021-267,0000789570,MGM,MGM Resorts,0000789570-22-000005,2021,2022-02-25,1.0.3,0.3.0,316,997,-0.5186595582635186,928,0.015254878108921144,495,0.008137030887840482,199,0.003271250801374254,569,0.009353475909457037,526,0.00864662272122039,0.005194549011227459,0.016389130899347393,-0.011194581888119936,0.021583679910574853,3377,60833,success
S2021-268,0001408198,MSCI,MSCI Inc.,0001564590-22-004803,2021,2022-02-11,1.0.3,0.3.0,269,712,-0.45158002038735984,781,0.018619620932173085,389,0.00927404935033973,89,0.0021218262009774706,335,0.007986649183454524,308,0.00734294910001192,0.006413160090594826,0.016974609607819765,-0.010561449517224937,0.02338776969841459,2357,41945,success
S2021-269,0001510295,MPC,Marathon Petroleum,0001510295-22-000011,2021,2022-02-24,1.0.3,0.3.0,235,1092,-0.6458176337603617,1038,0.016605608792333904,446,0.007134972563950791,133,0.0021276936121198547,625,0.009998560207330144,627,0.010030555599993602,0.0037594586379561343,0.01746948439424723,-0.013710025756291095,0.02122894303220336,3443,62509,success
S2021-270,0001278021,MKTX,MarketAxess,0000950170-22-001811,2021,2022-02-23,1.0.3,0.3.0,405,909,-0.3835616438356164,930,0.01767422413956936,424,0.008057925844276783,160,0.0030407267336893516,636,0.012086888766415173,407,0.007734848628822288,0.007696839544651172,0.01727512875577263,-0.009578289211121457,0.0249719683004238,3300,52619,success
S2021-271,0001048286,MAR,Marriott International,0001628280-22-002666,2021,2022-02-15,1.0.3,0.3.0,215,783,-0.5691382765531062,595,0.017732610120998988,294,0.0087619955891995,69,0.002056386719914168,334,0.009954103832628002,244,0.00727186028491387,0.006407581808428205,0.023335518865112953,-0.016927937056684748,0.02974310067354116,2097,33554,success
S2021-272,0000062709,MMC,Marsh & McLennan,0000062709-22-000009,2021,2022-02-16,1.0.3,0.3.0,318,1088,-0.5476529160739687,1169,0.020154129958795234,449,0.007740978914883713,84,0.0014482009551230108,750,0.012930365670741168,380,0.0065513852731755255,0.005482475044394255,0.018757650466355188,-0.013275175421960933,0.024240125510749444,3546,58003,success
S2021-273,0000916076,MLM,Martin Marietta Materials,0001564590-22-005965,2021,2022-02-22,1.0.3,0.3.0,315,745,-0.4056603773584906,935,0.017349513842499813,379,0.007032583685890299,113,0.0020967861649224375,408,0.007570696949454465,466,0.008646923476582795,0.00584502338009352,0.013823944184665628,-0.007978920804572107,0.019668967564759148,2810,53892,success
S2021-274,0000062996,MAS,Masco,0000062996-22-000011,2021,2022-02-08,1.0.3,0.3.0,184,573,-0.5138705416116248,572,0.018430803931045594,227,0.007314322539068793,50,0.0016110842597067826,236,0.007604317705816014,235,0.007572096020621879,0.0059287900757209605,0.01846302561623973,-0.01253423554051877,0.02439181569196069,1747,31035,success
S2021-275,0001141391,MA,Mastercard,0001141391-22-000023,2021,2022-02-11,1.0.3,0.3.0,363,1011,-0.47161572052401746,849,0.01725048764629389,466,0.009468465539661899,48,0.0009752925877763329,895,0.018185143042912875,339,0.006888003901170351,0.007375650195058517,0.02054210013003901,-0.013166449934980494,0.02791775032509753,3245,49216,success
S2021-276,0000891103,MTCH,Match Group,0000891103-22-000020,2021,2022-02-24,1.0.3,0.3.0,238,886,-0.5765124555160143,654,0.014059376142055593,317,0.006814712900659973,109,0.0023432293570092655,605,0.013005997807253263,335,0.007201668207322054,0.005116409054754176,0.019046800094589075,-0.0139303910398349,0.02416320914934325,2603,46517,success
S2021-277,0000063754,MKC,McCormick & Company,0000063754-22-000005,2021,2022-01-27,1.0.3,0.3.0,276,701,-0.43500511770726713,796,0.017852336951646182,286,0.006414281869561317,75,0.0016820669238360097,269,0.006033013366825155,310,0.00695254328518884,0.006190006279716516,0.01572171884812057,-0.009531712568404054,0.021911725127837085,2285,44588,success
S2021-278,0000063908,MCD,McDonald's,0000063908-22-000011,2021,2022-02-24,1.0.3,0.3.0,299,455,-0.20689655172413793,505,0.01657803164598516,245,0.008042807432210622,56,0.0018383559845052853,215,0.007057973869082791,198,0.006499901516643687,0.00981550784584072,0.014936642374105443,-0.005121134528264723,0.024752150219946163,1608,30462,success
S2021-279,0000927653,MCK,McKesson Corporation,0000927653-21-000039,2021,2021-05-12,1.0.3,0.3.0,320,1840,-0.7037037037037037,1172,0.01681082089017026,486,0.006971040061964801,77,0.0011044651950026536,1224,0.01755669348939283,574,0.00823328599911069,0.004589985225985054,0.02639241504941406,-0.021802429823429007,0.030982400275399113,4639,69717,success
S2021-280,0001613103,MDT,Medtronic,0001613103-21-000027,2021,2021-06-25,1.0.3,0.3.0,330,1083,-0.5329087048832272,860,0.015306304061509984,414,0.007368383583098993,106,0.001886590965720998,735,0.013081550564197486,378,0.006727654575872993,0.005873349232904994,0.01927526430071548,-0.013401915067810487,0.025148613533620474,3277,56186,success
S2021-281,0000310158,MRK,Merck & Co.,0000310158-22-000003,2021,2022-02-25,1.0.3,0.3.0,576,1413,-0.42081447963800905,1175,0.016082451649991104,409,0.005598061893486265,217,0.0029701208579132506,897,0.012277412025567676,421,0.005762308208209578,0.007883823106719043,0.019340003558670153,-0.01145618045195111,0.027223826665389195,4331,73061,success
S2021-282,0001099219,MET,MetLife,0001099219-22-000014,2021,2022-02-18,1.0.3,0.3.0,702,2585,-0.5728627928202008,2794,0.021650690822865734,923,0.0071523219862222875,212,0.0016427868484064194,1790,0.013870700276639105,1020,0.007903974459313904,0.005439794186704275,0.02003115095816318,-0.014591356771458903,0.025470945144867453,8551,129049,success
S2021-283,0001037646,MTD,Mettler Toledo,0001037646-22-000008,2021,2022-02-11,1.0.3,0.3.0,256,571,-0.3808948004836759,689,0.019200222934373692,341,0.009502577678695834,96,0.0026752124843249267,248,0.006910965584506061,282,0.007858436672704472,0.007133899958199805,0.015911940922390972,-0.008778040964191167,0.023045840880590775,2071,35885,success
S2021-284,0000827054,MCHP,Microchip Technology,0000827054-21-000106,2021,2021-05-18,1.0.3,0.3.0,237,1077,-0.639269406392694,951,0.01933712891419276,445,0.009048393655957707,176,0.003578690524603497,624,0.012688084587230582,448,0.009109394062627084,0.004819032126880846,0.02189914599430663,-0.01708011386742578,0.026718178121187475,3295,49180,success
S2021-285,0000723125,MU,Micron Technology,0000723125-21-000065,2021,2021-10-08,1.0.3,0.3.0,258,1123,-0.6263577118030412,807,0.019968327807195527,480,0.011877072301677637,76,0.0018805364477656257,507,0.012545157618647003,418,0.010342950462710943,0.0063839263621517294,0.02778740040579997,-0.02140347404364824,0.0341713267679517,2970,40414,success
S2021-286,0000789019,MSFT,Microsoft,0001564590-21-039151,2021,2021-07-29,1.0.3,0.3.0,337,701,-0.35067437379576105,622,0.016232156371512825,363,0.009473107335786424,65,0.001696286437537514,391,0.010203815339648738,284,0.007411466896317754,0.008794592760771418,0.0182937968109815,-0.009499204050210078,0.027088389571752917,2234,38319,success
S2021-287,0000912595,MAA,Mid-America Apartment Communities,0000950170-22-001423,2021,2022-02-17,1.0.3,0.3.0,319,913,-0.48214285714285715,919,0.01569437803128629,492,0.008402213265933465,122,0.002083475647243664,517,0.00882915499692602,407,0.006950611380558781,0.005447776487464991,0.015591912015848077,-0.010144135528383086,0.02103968850331307,3050,58556,success
S2021-288,0001682852,MRNA,Moderna,0001682852-22-000012,2021,2022-02-25,1.0.3,0.3.0,1011,2091,-0.3481624758220503,1804,0.019268152009057314,1099,0.011738192382457864,301,0.003214918932775084,1049,0.011204152692628117,713,0.007615405976972208,0.010798282528357508,0.02233353982868007,-0.01153525730032256,0.03313182235703758,6679,93626,success
S2021-289,0000851968,MHK,Mohawk Industries,0000851968-22-000026,2021,2022-02-23,1.0.3,0.3.0,232,735,-0.5201654601861427,639,0.01872966556262274,248,0.007269103379546854,76,0.0022276284550224227,383,0.011226074977284051,244,0.007151859776650936,0.006800128967963185,0.021543512032124748,-0.014743383064161562,0.028343641000087932,2114,34117,success
S2021-290,0000024545,TAP,Molson Coors Beverage Company,0000024545-22-000005,2021,2022-02-23,1.0.3,0.3.0,365,1437,-0.5948945615982242,1462,0.019926128851998747,598,0.008150359133717682,107,0.0014583418516852709,595,0.008109471044418094,631,0.008600128116013139,0.004974717531449756,0.019585394774502187,-0.014610677243052431,0.024560112305951943,4318,73371,success
S2021-291,0001103982,MDLZ,Mondelez International,0001103982-22-000003,2021,2022-02-04,1.0.3,0.3.0,541,1201,-0.3788748564867968,1051,0.018003049041607426,411,0.007040202812655235,95,0.001627297487110091,448,0.007673992360266535,408,0.006988814470957022,0.00926703095291115,0.020572466126518096,-0.011305435173606947,0.029839497079429247,3510,58379,success
S2021-292,0001280452,MPWR,Monolithic Power Systems,0001437749-22-004460,2021,2022-02-25,1.0.3,0.3.0,232,810,-0.5547024952015355,829,0.02375290106300679,485,0.013896449958453912,130,0.0037248216383484714,373,0.010687372854645999,300,0.008595742242342627,0.006647374000744964,0.02320850405432509,-0.016561130053580127,0.029855878055070055,2505,34901,success
S2021-293,0000865752,MNST,Monster Beverage,0001104659-22-028182,2021,2022-02-28,1.0.3,0.3.0,206,852,-0.610586011342155,827,0.016897552204650404,386,0.007886886518736463,92,0.0018797760614605043,408,0.008336398185607453,359,0.007335213109394794,0.004209063789791999,0.0174083609170038,-0.013199297127211802,0.0216174247067958,2585,48942,success
S2021-294,0001059556,MCO,Moody's Corporation,0001059556-22-000012,2021,2022-02-22,1.0.3,0.3.0,241,824,-0.5474178403755868,940,0.020937277263007842,324,0.007216678545972915,102,0.0022719173200285102,560,0.012473271560940842,377,0.008397184604419102,0.0053679615110477545,0.018353528153955807,-0.012985566642908054,0.023721489665003564,2872,44896,success
S2021-295,0000895421,MS,Morgan Stanley,0000895421-22-000400,2021,2022-02-24,1.0.3,0.3.0,367,2288,-0.7235404896421845,2494,0.02142446030805178,657,0.00564389351338814,180,0.0015462721954488056,1599,0.013736051336236888,1243,0.010677868549682584,0.003152677198498398,0.019654837684371484,-0.016502160485873087,0.022807514882869882,7752,116409,success
S2021-296,0001285785,MOS,Mosaic Company (The),0001618034-22-000004,2021,2022-02-23,1.0.3,0.3.0,336,1106,-0.5339805825242718,1098,0.014019944584189896,432,0.005516043770828811,110,0.0014045481823869658,779,0.009946754855267694,596,0.0076100974245693785,0.004290256266200186,0.014122093542908947,-0.009831837276708761,0.018412349809109132,3822,78317,success
S2021-297,0000068505,MSI,Motorola Solutions,0000068505-22-000010,2021,2022-02-16,1.0.3,0.3.0,329,838,-0.4361610968294773,839,0.016328993207605925,398,0.007746053988828556,108,0.0021019442984760903,630,0.012261341741110527,407,0.007921216013701562,0.0064031451314688305,0.016309530760397813,-0.009906385628928982,0.022712675891866645,3004,51381,success
S2021-298,0001013871,NRG,NRG Energy,0001013871-22-000010,2021,2022-02-24,1.0.3,0.3.0,297,1217,-0.607661822985469,1221,0.01755899736830752,483,0.006945942447905432,135,0.0019414124854394063,867,0.012468182406488632,689,0.00990839409235371,0.004271107467966694,0.017501474035405612,-0.013230366567438917,0.021772581503372305,4164,69537,success
S2021-299,0000906163,NVR,"NVR, Inc.",0000906163-22-000008,2021,2022-02-16,1.0.3,0.3.0,146,489,-0.5401574803149606,503,0.018107203283055547,175,0.006299722812196263,62,0.002231901796320962,308,0.011087512149465423,293,0.010547535908420029,0.005255768746175169,0.017603225458079845,-0.012347456711904676,0.022858994204255013,1696,27779,success
S2021-300,0001413447,NXPI,NXP Semiconductors,0001413447-22-000008,2021,2022-02-24,1.0.3,0.3.0,302,1008,-0.5389312977099237,846,0.018683332965261368,382,0.00843620944767121,107,0.002363022018064972,427,0.009430003754334048,353,0.007795764227821824,0.00666946401360394,0.02226099246924759,-0.015591528455643648,0.028930456482851526,2841,45281,success
S2021-301,0001120193,NDAQ,"Nasdaq, Inc.",0001120193-22-000007,2021,2022-02-23,1.0.3,0.3.0,440,1499,-0.5461578133058278,1280,0.015543034777540314,515,0.006253642898775986,162,0.001967165339032446,949,0.011523703128035748,779,0.009459393821643677,0.005342918204779484,0.018202350884010104,-0.01285943267923062,0.023545269088789587,4800,82352,success
S2021-302,0001002047,NTAP,NetApp,0001564590-21-033645,2021,2021-06-21,1.0.3,0.3.0,248,855,-0.5503173164097914,843,0.01947556890377729,435,0.010049670786646644,83,0.0019175233914751069,452,0.010442416541527088,338,0.0078087097146817604,0.0057294674829617654,0.019752801201339956,-0.014023333718378191,0.025482268684301722,2667,43285,success
S2021-303,0001065280,NFLX,Netflix,0001065280-22-000036,2021,2022-01-27,1.0.3,0.3.0,166,559,-0.5420689655172414,577,0.022141212586339217,349,0.013392171910974674,49,0.0018802762854950115,264,0.010130468150422104,271,0.010399079048349961,0.00636991557943208,0.021450498848810437,-0.015080583269378358,0.027820414428242516,1798,26060,success
S2021-304,0000814453,NWL,Newell Brands,0000814453-22-000017,2021,2022-02-14,1.0.3,0.3.0,334,1177,-0.5579086697551291,1003,0.019412402260586825,404,0.007819153054114732,122,0.0023612293876287063,509,0.00985135867461485,473,0.009154602461871952,0.006464349307114655,0.02278005728884416,-0.016315707981729505,0.029244406595958814,3333,51668,success
S2021-305,0001164727,NEM,Newmont,0001164727-22-000007,2021,2022-02-24,1.0.3,0.3.0,400,1679,-0.6151996151996152,1514,0.01616209061018831,645,0.006885434903283659,174,0.0018574661599555916,942,0.010055937486656135,676,0.007216362782356206,0.004270037149323199,0.017923480934284128,-0.013653443784960929,0.02219351808360733,5077,93676,success
S2021-306,0001564708,NWSA|NWS,News Corp (Class A)|News Corp (Class B),0001564708-21-000029,2021,2021-08-10,1.0.3,0.3.0,345,1095,-0.5208333333333334,1114,0.016811034316240606,437,0.0065946337488304715,135,0.002037243835451061,525,0.007922614915643014,540,0.008148975341804244,0.005206289801708267,0.016524311109769717,-0.011318021308061449,0.021730600911477983,3502,66266,success
S2021-307,0000753308,NEE,NextEra Energy,0000753308-22-000014,2021,2022-02-18,1.0.3,0.3.0,211,889,-0.6163636363636363,1076,0.017866927917905118,369,0.006127227139132889,102,0.001693705062849742,808,0.013416800890025405,541,0.008983278813742258,0.003503644786875446,0.01476180196934726,-0.011258157182471813,0.018265446756222707,3484,60223,success
S2021-308,0001111711,NI,NiSource,0001111711-22-000007,2021,2022-02-23,1.0.3,0.3.0,263,1059,-0.6021180030257186,1010,0.0177435789325744,447,0.007852851270159165,154,0.002705456589719265,837,0.014704332244123538,527,0.009258283264818524,0.004620357682442641,0.018604406029303258,-0.013984048346860616,0.023224763711745897,3680,56922,success
S2021-309,0000320187,NKE,"Nike, Inc.",0000320187-21-000028,2021,2021-07-20,1.0.3,0.3.0,285,957,-0.5410628019323671,1139,0.02391249580114209,579,0.012155693651326838,85,0.001784514612025529,429,0.009006550218340612,309,0.006487235471951629,0.005983372522673833,0.020091535102452134,-0.0141081625797783,0.026074907625125966,3061,47632,success
S2021-310,0000702165,NSC,Norfolk Southern,0000702165-22-000007,2021,2022-02-04,1.0.3,0.3.0,118,482,-0.6066666666666667,356,0.015014761703922396,168,0.007085617882749895,58,0.0024462252214255587,288,0.012146773513285533,154,0.00649514972585407,0.0049768030366933785,0.020328975115984818,-0.015352172079291439,0.025305778152678194,1350,23710,success
S2021-311,0000073124,NTRS,Northern Trust,0000073124-22-000071,2021,2022-02-28,1.0.3,0.3.0,369,1533,-0.61198738170347,1680,0.020473822755191575,453,0.0055206200643463,125,0.0015233499073803256,809,0.009859120600565468,687,0.00837233109096227,0.004496928926586721,0.018682363264112312,-0.014185434337525593,0.023179292190699034,5000,82056,success
S2021-312,0001133421,NOC,Northrop Grumman,0001133421-22-000004,2021,2022-01-27,1.0.3,0.3.0,274,995,-0.5681639085894405,812,0.018201380794405093,357,0.008002331211333273,70,0.0015690845512418184,736,0.01649780328162826,376,0.008428225589527482,0.00614184524343226,0.02230341612122299,-0.01616157087779073,0.02844526136465525,3117,44612,success
S2021-313,0000849399,NLOK,NortonLifeLock,0000849399-21-000010,2021,2021-05-21,1.0.3,0.3.0,235,1006,-0.621273166800967,731,0.019131618205134916,419,0.0109660027742155,81,0.002119919390719464,514,0.013452327985553143,264,0.00690936690308566,0.006150383417519433,0.026328875395849147,-0.020178491978329712,0.03247925881336858,2646,38209,success
S2021-314,0001513761,NCLH,Norwegian Cruise Line Holdings,0001558370-22-002516,2021,2022-03-01,1.0.3,0.3.0,419,1193,-0.4801488833746898,1124,0.01630971037204713,566,0.00821289685994544,222,0.0032213129026641128,795,0.011535782691972836,716,0.010389459632015787,0.006079865343316501,0.01731092924719949,-0.011231063903882989,0.02339079459051599,4255,68916,success
S2021-315,0000073309,NUE,Nucor,0001564590-22-007679,2021,2022-02-28,1.0.3,0.3.0,244,512,-0.3544973544973545,546,0.015729430744411153,156,0.0044941230698317585,91,0.0026215717907351922,241,0.006942843973265729,281,0.00809518322194054,0.00702926941691634,0.014749942383037565,-0.007720672966121226,0.021779211799953905,1754,34712,success
S2021-316,0001045810,NVDA,Nvidia,0001045810-21-000010,2021,2021-02-26,1.0.3,0.3.0,211,746,-0.5590386624869383,703,0.01814380839312445,356,0.009188045217570846,99,0.0025551024621896456,375,0.00967841841738502,249,0.006426469829143654,0.005445723429515305,0.019253600371651268,-0.013807876942135963,0.024699323801166573,2260,38746,success
S2021-317,0000797468,OXY,Occidental Petroleum,0000797468-22-000008,2021,2022-02-24,1.0.3,0.3.0,354,981,-0.4696629213483146,902,0.01625020267713982,329,0.0059271803556308214,99,0.001783558830417785,633,0.011403967067216747,444,0.007998991118237339,0.0063775739996757164,0.01767344659232169,-0.011295872592645972,0.024051020591997405,3157,55507,success
S2021-318,0000878927,ODFL,Old Dominion,0001564590-22-006303,2021,2022-02-23,1.0.3,0.3.0,133,497,-0.5777777777777777,508,0.021065726726104083,274,0.0113622226829774,47,0.0019489944018245904,258,0.010698735227037114,196,0.008127721335268505,0.0055152394775036286,0.020609579100145138,-0.01509433962264151,0.026124818577648767,1559,24115,success
S2021-319,0000029989,OMC,Omnicom Group,0000029989-22-000012,2021,2022-02-09,1.0.3,0.3.0,162,393,-0.41621621621621624,457,0.01463899032609392,170,0.005445576270100583,38,0.0012172464603754244,232,0.007431609968607854,276,0.008841053238516241,0.005189313857389967,0.012588891024408995,-0.007399577167019027,0.017778204881798963,1475,31218,success
S2021-320,0001039684,OKE,Oneok,0001039684-22-000015,2021,2022-03-01,1.0.3,0.3.0,215,728,-0.5440084835630965,871,0.018229766215282866,416,0.008706754013269428,89,0.0018627430461081228,531,0.01111366918520689,419,0.008769543104711276,0.00449988488666569,0.0152368195232215,-0.01073693463655581,0.019736704409887187,2712,47779,success
S2021-321,0001341439,ORCL,Oracle Corporation,0001564590-21-033616,2021,2021-06-21,1.0.3,0.3.0,310,849,-0.46505608283002586,1011,0.02073590942653212,519,0.010644843711543195,96,0.0019689884321929607,622,0.012757404216916892,307,0.0062966609237837395,0.006358191812289769,0.017413241447206497,-0.011055049634916728,0.023771433259496266,2989,48756,success
S2021-322,0001821825,OGN,Organon & Co.,0001821825-22-000002,2021,2022-03-21,1.0.3,0.3.0,378,1083,-0.48254620123203285,958,0.016144525522843324,460,0.007752068622659634,199,0.0033536122954549285,822,0.013852609582230911,568,0.009572119516675373,0.00637017812905509,0.018251065909435614,-0.011880887780380526,0.024621244038490708,3772,59339,success
S2021-323,0001781335,OTIS,Otis Worldwide,0001781335-22-000007,2021,2022-02-04,1.0.3,0.3.0,215,810,-0.5804878048780487,800,0.0174569576886988,361,0.007877452157025334,82,0.0017893381630916271,642,0.014009208545180788,355,0.007746524974360094,0.004691557378837803,0.017675169659807536,-0.012983612280969734,0.02236672703864534,2768,45827,success
S2021-324,0000898173,ORLY,O’Reilly Automotive,0000898173-22-000012,2021,2022-02-28,1.0.3,0.3.0,279,464,-0.2489905787348587,501,0.01396905060644082,200,0.005576467307960407,80,0.002230586923184163,222,0.006189878711836052,273,0.0076118778753659555,0.0077791718946047675,0.012937404154468144,-0.005158232259863377,0.020716576049072913,1694,35865,success
S2021-325,0000713676,PNC,PNC Financial Services,0000713676-22-000019,2021,2022-02-25,1.0.3,0.3.0,467,2106,-0.6369996113486203,1980,0.019755944244335133,557,0.00555760653742155,173,0.0017261506839747363,1021,0.01018728236033645,757,0.007553156461091766,0.004659609071769953,0.02101314069624737,-0.016353531624477415,0.02567274976801732,6229,100223,success
S2021-326,0000079879,PPG,PPG Industries,0000079879-22-000009,2021,2022-02-17,1.0.3,0.3.0,210,701,-0.5389681668496158,523,0.014950545995083185,164,0.004688125321593963,76,0.0021725458807386657,436,0.012463552684237609,242,0.006917843462352067,0.00600308730204105,0.020038877136813217,-0.014035789834772168,0.026041964438854266,1973,34982,success
S2021-327,0000922224,PPL,PPL Corporation,0000922224-22-000005,2021,2022-02-18,1.0.3,0.3.0,203,969,-0.6535836177474402,996,0.013385657456187507,390,0.005241371895495108,126,0.0016933663046984195,1273,0.0171083754435007,609,0.008184603806042362,0.002728201268680787,0.013022793248037845,-0.010294591979357058,0.015750994516718634,3981,74408,success
S2021-328,0000857005,PTC,PTC Inc.,0001564590-21-057806,2021,2021-11-22,1.0.3,0.3.0,189,598,-0.5196950444726811,664,0.01999156981995544,271,0.00815920997169868,90,0.002709700728608418,314,0.009453844764256036,309,0.009303305834888902,0.005690371530077678,0.01800445595230927,-0.01231408442223159,0.023694827482386945,2061,33214,success
S2021-329,0000078239,PVH,PVH,0000078239-21-000017,2021,2021-03-31,1.0.3,0.3.0,374,1347,-0.5653689715281813,992,0.013410660934690621,370,0.005001960227656785,121,0.0016357761825580295,373,0.005042516661935083,693,0.009368536318286897,0.005056035473361182,0.018209838990955914,-0.013153803517594733,0.023265874464317098,3530,73971,success
S2021-330,0000075362,PCAR,Paccar,0001564590-22-006237,2021,2022-02-23,1.0.3,0.3.0,88,399,-0.6386036960985626,297,0.011541151783632549,97,0.0037693324007150074,49,0.0019040957488147975,247,0.009598196937903163,179,0.006955778347711199,0.0034196005284837182,0.015504779668920493,-0.012085179140436777,0.018924380197404212,1185,25734,success
S2021-331,0000075677,PKG,Packaging Corporation of America,0000950170-22-001913,2021,2022-02-24,1.0.3,0.3.0,171,843,-0.6627218934911243,766,0.0137143266373044,274,0.004905646865040999,111,0.0019873240949618647,368,0.006588606008522219,582,0.010420023633043292,0.003061553335481792,0.015092920829304973,-0.012031367493823181,0.018154474164786764,2653,55854,success
S2021-332,0000076334,PH,Parker Hannifin,0000076334-21-000187,2021,2021-08-25,1.0.3,0.3.0,197,432,-0.37360890302066774,485,0.017534979572652664,194,0.007013991829061065,60,0.0021692758234209478,272,0.009834050399508297,197,0.007122455620232113,0.007122455620232113,0.015618785928630825,-0.008496330308398713,0.022741241548862937,1561,27659,success
S2021-333,0001633917,PYPL,PayPal,0001633917-22-000027,2021,2022-02-03,1.0.3,0.3.0,359,1477,-0.6089324618736384,1087,0.019048119721024777,515,0.009024638138296008,101,0.001769880489258052,775,0.013580766130445449,467,0.008183506816668419,0.006290961343006343,0.02588231170924894,-0.019591350366242596,0.032173273052255286,4082,57066,success
S2021-334,0000723531,PAYX,Paychex,0000723531-21-000035,2021,2021-07-16,1.0.3,0.3.0,221,655,-0.4954337899543379,737,0.02122879281043869,384,0.011060863553878503,79,0.0022755422415531297,329,0.00947662528444278,289,0.008324451997580437,0.006365757409914451,0.018866837572370884,-0.012501080162456433,0.025232594982285337,2134,34717,success
S2021-335,0001590955,PAYC,Paycom,0001564590-22-005562,2021,2022-02-17,1.0.3,0.3.0,263,616,-0.40159271899886234,707,0.018629776021080367,403,0.01061923583662714,97,0.0025559947299077733,354,0.009328063241106719,352,0.00927536231884058,0.006930171277997365,0.016231884057971015,-0.00930171277997365,0.02316205533596838,2268,37950,success
S2021-336,0000921738,PENN,Penn Entertainment,0000921738-22-000011,2021,2022-02-28,1.0.3,0.3.0,346,1088,-0.5174337517433751,1071,0.016969293659093068,564,0.008936210666413157,170,0.002693538676046519,531,0.008413347276357069,564,0.008936210666413157,0.005482143423012327,0.017238647526697723,-0.011756504103685395,0.022720790949710048,3570,63114,success
S2021-337,0000077360,PNR,Pentair,0000077360-22-000006,2021,2022-02-22,1.0.3,0.3.0,201,706,-0.5567805953693495,728,0.019877675840978593,383,0.010457623416339013,67,0.001829401485364788,437,0.011932066404543468,355,0.009693097422455221,0.0054882044560943645,0.019276976845784187,-0.013788772389689822,0.02476518130187855,2340,36624,success
S2021-338,0000077476,PEP,PepsiCo,0000077476-22-000010,2021,2022-02-10,1.0.3,0.3.0,283,840,-0.4959928762243989,700,0.015256195104940827,206,0.004489680273739729,80,0.0017435651548503802,431,0.009393457271756424,328,0.007148617134886559,0.006167861735283221,0.018307434125928994,-0.012139572390645772,0.024475295861212214,2521,45883,success
S2021-339,0000031791,PKI,PerkinElmer,0000031791-21-000003,2021,2021-03-02,1.0.3,0.3.0,314,906,-0.4852459016393443,886,0.015174091010293034,298,0.005103701039579373,109,0.0018667899775642672,447,0.007655551559369059,446,0.007638425045813424,0.005377725256469541,0.015516621281405744,-0.010138896024936204,0.020894346537875284,2952,58389,success
S2021-340,0000078003,PFE,Pfizer,0000078003-22-000027,2021,2022-02-24,1.0.3,0.3.0,598,1540,-0.44059869036482696,1212,0.017311070801136932,493,0.007041549426535072,123,0.0017568165912044905,1127,0.01609701055518261,425,0.006070301229771614,0.008541270906831589,0.021995915044348908,-0.013454644137517319,0.030537185951180493,4590,70013,success
S2021-341,0001413329,PM,Philip Morris International,0001413329-22-000011,2021,2022-02-11,1.0.3,0.3.0,369,1403,-0.5835214446952596,980,0.016823456705349172,325,0.005579207580855593,118,0.002025681521664492,1048,0.017990798599189728,396,0.006798049852365584,0.0063345464533406575,0.02408500995673968,-0.017750463503399025,0.03041955641008034,3906,58252,success
S2021-342,0001534701,PSX,Phillips 66,0001534701-22-000078,2021,2022-02-18,1.0.3,0.3.0,248,848,-0.5474452554744526,801,0.01515495515949597,351,0.006640935406970144,97,0.001835244257766678,526,0.009951943088507966,550,0.010406024141976009,0.004692170885836455,0.016044197222537557,-0.0113520263367011,0.020736368108374013,2836,52854,success
S2021-343,0000764622,PNW,Pinnacle West Capital,0000764622-22-000014,2021,2022-02-25,1.0.3,0.3.0,329,1004,-0.5063765941485371,1078,0.014386568976791981,405,0.005404972574768787,221,0.0029493800963553136,1211,0.01616153527912346,591,0.007887256275773712,0.004390706116293656,0.013398993740908303,-0.009008287624614645,0.017789699857201958,4229,74931,success
S2021-344,0000945841,POOL,Pool Corporation,0000945841-22-000023,2021,2022-02-25,1.0.3,0.3.0,292,542,-0.2997601918465228,659,0.018076089639849687,226,0.0061990838522094525,85,0.0023315138382203693,216,0.005924788106536467,298,0.00817401322105494,0.00800943577365115,0.014866829415475766,-0.006857393641824615,0.022876265189126915,1948,36457,success
S2021-345,0001126328,PFG,Principal Financial Group,0001104659-22-020401,2021,2022-02-11,1.0.3,0.3.0,535,2080,-0.5908221797323135,2223,0.019369341895459576,725,0.006317036830503011,270,0.002352551647221811,1333,0.01161463461387657,755,0.0065784314579721,0.004661537523198773,0.018123360837856914,-0.01346182331465814,0.022784898361055687,6743,114769,success
S2021-346,0000080424,PG,Procter & Gamble,0000080424-21-000100,2021,2021-08-06,1.0.3,0.3.0,317,672,-0.358948432760364,733,0.01807555730913395,256,0.006312882225290984,56,0.0013809429867824028,261,0.006436180706253699,274,0.006756756756756757,0.007817123693036101,0.016571315841388833,-0.008754192148352732,0.024388439534424936,2152,40552,success
S2021-347,0000080661,PGR,Progressive Corporation,0000080661-22-000046,2021,2022-02-28,1.0.3,0.3.0,167,618,-0.5745222929936306,529,0.024233817398873057,292,0.013376700719226716,41,0.0018782353749599158,341,0.015621421045398324,199,0.00911631316139081,0.007650373356544047,0.02831096248110312,-0.02066058912455907,0.035961335837647164,1751,21829,success
S2021-348,0001045609,PLD,Prologis,0001564590-22-004436,2021,2022-02-09,1.0.3,0.3.0,231,456,-0.32751091703056767,597,0.015510925199407622,290,0.007534620281119281,75,0.0019486086933929174,198,0.005144326950557302,236,0.006131622021876381,0.006001714775650186,0.011847540855828937,-0.005845826080178753,0.017849255631479124,1751,38489,success
S2021-349,0001137774,PRU,Prudential Financial,0001137774-22-000038,2021,2022-02-17,1.0.3,0.3.0,741,2395,-0.5274234693877551,2682,0.01912081331185034,681,0.004855061098199136,310,0.0022100865498410165,1858,0.013246260676143899,827,0.005895940570059744,0.005282819785265139,0.017074700925384625,-0.011791881140119488,0.022357520710649767,8221,140266,success
S2021-350,0000788784,PEG,Public Service Enterprise Group,0001628280-22-003860,2021,2022-02-24,1.0.3,0.3.0,371,1257,-0.5442260442260443,1254,0.0151615906370528,565,0.006831179194525384,218,0.0026357470166487322,1090,0.01317873508324366,772,0.009333929802077163,0.004485606161360916,0.015197862384988332,-0.010712256223627417,0.01968346854634925,4748,82709,success
S2021-351,0001393311,PSA,Public Storage,0001393311-22-000010,2021,2022-02-22,1.0.3,0.3.0,214,444,-0.3495440729483283,550,0.018172806872625145,220,0.0072691227490500575,55,0.0018172806872625144,249,0.00822732529324302,246,0.00812820089211961,0.007070873946803238,0.014670411366264662,-0.007599537419461424,0.0217412853130679,1660,30265,success
S2021-352,0000822416,PHM,PulteGroup,0000822416-22-000007,2021,2022-02-07,1.0.3,0.3.0,183,691,-0.5812356979405034,521,0.01598748005400761,245,0.007518104823861544,51,0.0015649932490487295,384,0.011783478581072787,312,0.00957407634712164,0.0056155640112925,0.021204124217503374,-0.015588560206210874,0.026819688228795876,1964,32588,success
S2021-353,0001604778,QRVO,Qorvo,0001604778-21-000032,2021,2021-05-24,1.0.3,0.3.0,252,716,-0.4793388429752066,675,0.017213240169327283,332,0.008466364053654307,95,0.002422604171979395,285,0.007267812515938186,394,0.010047432039577702,0.006426276329882185,0.018258785127760493,-0.011832508797878309,0.02468506145764268,2293,39214,success
S2021-354,0000804328,QCOM,Qualcomm,0001728949-21-000076,2021,2021-11-03,1.0.3,0.3.0,448,1274,-0.4796747967479675,1076,0.019267615722087923,630,0.011281224818694601,81,0.0014504431909750201,632,0.011317038230817441,440,0.0078789506670248,0.008022204315516162,0.022813143522249082,-0.014790939206732922,0.03083534783776524,3714,55845,success
S2021-355,0001050915,PWR,Quanta Services,0001050915-22-000008,2021,2022-02-25,1.0.3,0.3.0,425,2208,-0.6771743258640335,1703,0.020583542835041577,785,0.009488010056081997,153,0.0018492554631599303,1096,0.013246954167472442,778,0.009403403596983176,0.005136820730999807,0.02668729452717076,-0.021550473796170953,0.03182411525817057,5966,82736,success
S2021-356,0001022079,DGX,Quest Diagnostics,0001022079-22-000027,2021,2022-02-28,1.0.3,0.3.0,487,825,-0.2576219512195122,715,0.015071987183540969,294,0.00619743249225321,78,0.0016442167836590146,376,0.007925968085330635,281,0.005923396361643373,0.01026581504669154,0.01739075444254727,-0.00712493939585573,0.02765656948923881,2588,47439,success
S2021-357,0000101829,RTX,RTX Corporation,0000101829-22-000005,2021,2022-02-11,1.0.3,0.3.0,381,1621,-0.6193806193806194,1278,0.01851878686006579,538,0.007795858631232702,104,0.0015070061294576228,1027,0.014881685528394023,602,0.00872324701859124,0.005520858993493791,0.023489008998565448,-0.017968150005071654,0.02900986799205924,4753,69011,success
S2021-358,0001037038,RL,Ralph Lauren Corporation,0001037038-21-000022,2021,2021-05-20,1.0.3,0.3.0,444,1388,-0.5152838427947598,1030,0.01508273539317616,402,0.00588665983306487,124,0.001815785620149363,398,0.005828086103382633,525,0.007687802020793674,0.006501683994728364,0.02032508419973642,-0.013823400205008054,0.026826768194464782,3673,68290,success
S2021-359,0000720005,RJF,Raymond James Financial,0000720005-21-000106,2021,2021-11-23,1.0.3,0.3.0,309,1387,-0.6356132075471698,1334,0.017700054400467048,550,0.007297623628378468,111,0.0014727931322727453,703,0.009327689837727388,654,0.008677537914471851,0.004099937638488994,0.01840327995011079,-0.014303342311621798,0.022503217588599786,4308,75367,success
S2021-360,0000726728,O,Realty Income,0000726728-22-000046,2021,2022-02-23,1.0.3,0.3.0,300,790,-0.44954128440366975,968,0.016971142045653774,440,0.00771415547529717,130,0.0022791822995196186,330,0.0057856166064728775,463,0.008117395420596795,0.005259651460429889,0.013850415512465374,-0.008590764052035484,0.019110066972895263,2835,57038,success
S2021-361,0000910606,REG,Regency Centers,0000950170-22-001418,2021,2022-02-17,1.0.3,0.3.0,367,758,-0.34755555555555556,1089,0.016217423678332094,487,0.007252419955323902,149,0.0022189128816083397,313,0.00466120625465376,496,0.007386448250186151,0.005465376023827253,0.011288160833953835,-0.005822784810126582,0.01675353685778109,3005,67150,success
S2021-362,0000872589,REGN,Regeneron Pharmaceuticals,0001804220-22-000007,2021,2022-02-07,1.0.3,0.3.0,800,1788,-0.38176197836166925,1414,0.018527496429460555,854,0.011189874081159344,240,0.00314469529212909,1231,0.016129666269212122,748,0.00980096699380233,0.010482317640430299,0.023427979926361718,-0.01294566228593142,0.033910297566792015,5872,76319,success
S2021-363,0001281761,RF,Regions Financial Corporation,0001281761-22-000016,2021,2022-02-24,1.0.3,0.3.0,340,1696,-0.6660117878192534,1671,0.02050935869898742,640,0.007855170297637312,226,0.002773857011353176,763,0.009364835839214483,742,0.009107088063823258,0.004173059220619822,0.020816201288738876,-0.016643142068119055,0.0249892605093587,5194,81475,success
S2021-364,0001060391,RSG,Republic Services,0001060391-22-000007,2021,2022-02-11,1.0.3,0.3.0,353,961,-0.4627092846270928,1065,0.01844954525768731,484,0.008384582070160242,169,0.002927674317886531,624,0.010809874404504115,601,0.010411433521004765,0.006115201385881334,0.01664789952360329,-0.010532698137721957,0.022763100909484624,3601,57725,success
S2021-365,0000943819,RMD,ResMed,0000943819-21-000017,2021,2021-08-17,1.0.3,0.3.0,286,1209,-0.6173913043478261,823,0.016232421451253427,501,0.009881461904104456,145,0.002859904143902487,715,0.014102285950967436,485,0.009565886274432457,0.005640914380386975,0.023845683517090394,-0.01820476913670342,0.029486597897477367,3436,50701,success
S2021-366,0000315213,RHI,Robert Half,0000315213-22-000018,2021,2022-02-14,1.0.3,0.3.0,151,559,-0.5746478873239437,450,0.017758484609313337,188,0.007419100236779795,58,0.0022888713496448305,410,0.01617995264404104,188,0.007419100236779795,0.005958958168902921,0.022059984214680348,-0.016101026045777428,0.028018942383583267,1655,25340,success
S2021-367,0001024478,ROK,Rockwell Automation,0001024478-21-000083,2021,2021-11-09,1.0.3,0.3.0,206,547,-0.45285524568393093,656,0.017863464313917707,207,0.005636794379544155,47,0.0012798518639544698,338,0.009204041064183209,266,0.0072434169321678515,0.00560956348882172,0.014895297225172235,-0.009285733736350516,0.020504860713993954,1923,36723,success
S2021-368,0000084839,ROL,"Rollins, Inc.",0000084839-22-000011,2021,2022-02-25,1.0.3,0.3.0,154,656,-0.6197530864197531,580,0.018484288354898338,224,0.007138759640512461,78,0.0024858180891070177,432,0.013767607878131175,255,0.008126712983619095,0.004907897252852317,0.020906367518643637,-0.01599847026579132,0.025814264771495954,1992,31378,success
S2021-369,0000882835,ROP,Roper Technologies,0000882835-22-000012,2021,2022-02-22,1.0.3,0.3.0,127,556,-0.6281112737920937,486,0.01757240481614058,200,0.007231442311168962,56,0.0020248038471273096,245,0.00885851683118198,269,0.009726289908522255,0.004591965867592291,0.020103409625049716,-0.015511443757457425,0.02469537549264201,1606,27657,success
S2021-370,0000745732,ROST,Ross Stores,0000745732-21-000017,2021,2021-03-30,1.0.3,0.3.0,155,519,-0.5400593471810089,449,0.0163635701009512,238,0.008673785487809322,44,0.0016035569809395387,196,0.0071431174605488534,204,0.007434673275265134,0.00564889391012792,0.01891468347971865,-0.013265789569590729,0.024563577389846568,1505,27439,success
S2021-371,0000884887,RCL,Royal Caribbean Group,0000884887-22-000008,2021,2022-03-01,1.0.3,0.3.0,379,1180,-0.5137908915971777,1193,0.017045048649112028,461,0.006586561129288051,223,0.0031861239302195996,536,0.007658127473532311,698,0.009972710777099913,0.00541498192624766,0.016859310482776356,-0.011444328556528697,0.022274292409024017,3912,69991,success
S2021-372,0000064040,SPGI,S&P Global,0000064040-22-000055,2021,2022-02-08,1.0.3,0.3.0,407,958,-0.40366300366300367,923,0.017501279887749105,401,0.007603481294677563,120,0.0022753559984072507,651,0.012343806291359335,408,0.007736210394584653,0.007717249094597926,0.018164925387284554,-0.010447676292686626,0.02588217448188248,3255,52739,success
S2021-373,0001034054,SBAC,SBA Communications,0001034054-22-000002,2021,2022-03-01,1.0.3,0.3.0,204,642,-0.5177304964539007,825,0.016321766311874333,401,0.00793336762552922,191,0.003778736200688482,373,0.007379416768883789,486,0.009615004154631426,0.004035927669845289,0.012701301784513118,-0.008665374114667827,0.016737229454358408,2623,50546,success
S2021-374,0001108524,CRM,Salesforce,0001108524-22-000008,2021,2021-03-17,1.0.3,0.3.0,441,1223,-0.4699519230769231,1320,0.023452907627525187,691,0.012277241795924168,94,0.0016701313007480055,671,0.011921894710658635,465,0.008261819732423644,0.007835403230105006,0.021729474263987348,-0.013894071033882344,0.029564877494092354,3942,56283,success
S2021-375,0000087347,SLB,Schlumberger,0001564590-22-002421,2021,2022-01-26,1.0.3,0.3.0,169,407,-0.4131944444444444,361,0.01790585784435296,142,0.007043301423540499,32,0.0015872228560091265,163,0.008084916422796488,176,0.008729725708050196,0.008382520708298199,0.020187490699866077,-0.011804969991567878,0.028570011408164276,1227,20161,success
S2021-376,0001137789,STX,Seagate Technology,0001137789-21-000049,2021,2021-08-06,1.0.3,0.3.0,269,1217,-0.6379542395693136,997,0.020057940691264636,542,0.010904116203275258,167,0.0033597553615257714,478,0.009616545286283347,415,0.008349092664869433,0.005411821510481632,0.024483965718424334,-0.019072144207942704,0.029895787228905967,3369,49706,success
S2021-377,0001032208,SRE,Sempra,0001032208-22-000007,2021,2022-02-25,1.0.3,0.3.0,415,2043,-0.6623270951993491,1820,0.016266411647465746,883,0.007891890925666074,228,0.0020377702503418626,1694,0.01514027545648735,830,0.007418198718349763,0.0037090993591748817,0.018259493953721166,-0.014550394594546283,0.021968593312896047,6659,111887,success
S2021-378,0001373715,NOW,ServiceNow,0001373715-22-000024,2021,2022-02-03,1.0.3,0.3.0,316,902,-0.48111658456486045,936,0.021093433091449947,548,0.01234957407490873,146,0.0032902149907603553,509,0.01147068102943165,320,0.007211430116735025,0.007121287240275837,0.02032721864154685,-0.013205931401271015,0.02744850588182269,2976,44374,success
S2021-379,0000089800,SHW,Sherwin-Williams,0000089800-22-000007,2021,2022-02-17,1.0.3,0.3.0,170,997,-0.7086546700942588,687,0.016564994092542137,269,0.006486147614110385,76,0.0018325175415330455,694,0.016733778602946496,290,0.006992501145323463,0.004099052395534444,0.024039736696163768,-0.019940684300629324,0.028138789091698212,2605,41473,success
S2021-380,0001063761,SPG,Simon Property Group,0001558370-22-001845,2021,2022-02-24,1.0.3,0.3.0,332,807,-0.4170324846356453,829,0.013200636942675158,408,0.006496815286624204,121,0.001926751592356688,266,0.004235668789808917,481,0.007659235668789809,0.005286624203821656,0.01285031847133758,-0.007563694267515924,0.018136942675159237,2688,62800,success
S2021-381,0000004127,SWKS,Skyworks Solutions,0000004127-21-000058,2021,2021-11-24,1.0.3,0.3.0,219,686,-0.5160220994475138,705,0.021465761349450416,393,0.011966020156502147,64,0.0019486648600919526,319,0.009712876412020826,314,0.009560636969826142,0.00666808756812715,0.020887251469110617,-0.014219163900983467,0.027555339037237767,2180,32843,success
S2021-382,0000091440,SNA,Snap-on,0000091440-21-000005,2021,2021-02-11,1.0.3,0.3.0,260,770,-0.49514563106796117,769,0.016227394543037413,267,0.005634218911561755,58,0.0012239127223617294,363,0.0076600054865053075,272,0.005739728629006732,0.0054865053071387875,0.01624849648652641,-0.010761991179387621,0.021735001793665196,2361,47389,success
S2021-383,0001419612,SEDG,SolarEdge,0001178913-22-000760,2021,2022-02-22,1.0.3,0.3.0,335,942,-0.4753328112764291,779,0.015894715364211387,376,0.0076719036931238525,109,0.0022240359110385637,553,0.011283411548663538,334,0.006814935727402571,0.006835339726586411,0.01922056723117731,-0.012385227504590899,0.026055906957763723,2863,49010,success
S2021-384,0000092122,SO,Southern Company,0000092122-22-000003,2021,2022-02-17,1.0.3,0.3.0,369,1363,-0.5739030023094688,1463,0.011138774049625788,547,0.004164668082806088,224,0.0017054582276939006,1678,0.012775709402099846,892,0.0067913782995667835,0.0028094378840136133,0.010377408769405298,-0.007567970885391685,0.013186846653418911,5700,131343,success
S2021-385,0000092380,LUV,Southwest Airlines,0000092380-22-000007,2021,2022-02-07,1.0.3,0.3.0,375,1121,-0.49866310160427807,887,0.014172725093872334,352,0.005624350882799393,154,0.0024606535112247346,661,0.010561636174802269,543,0.008676200367500199,0.005991851082527762,0.017911640169369657,-0.011919789086841895,0.02390349125189742,3522,62585,success
S2021-386,0000093556,SWK,Stanley Black & Decker,0000093556-21-000008,2021,2021-02-18,1.0.3,0.3.0,446,1060,-0.4077025232403719,1078,0.017855663955741806,431,0.007138952843158366,155,0.0025673728322263265,633,0.01048481937289848,383,0.006343895449952793,0.007387408278535107,0.017557517433289715,-0.010170109154754609,0.02494492571182482,3588,60373,success
S2021-387,0000829224,SBUX,Starbucks,0000829224-21-000086,2021,2021-11-19,1.0.3,0.3.0,281,785,-0.4727954971857411,716,0.017732867721722764,306,0.007578571959283751,71,0.0017584268271540729,336,0.008321569210193922,331,0.008197736335042227,0.006959407583525274,0.01944176139881616,-0.012482353815290883,0.026401168982341433,2310,40377,success
S2021-388,0000093751,STT,State Street Corporation,0000093751-22-000424,2021,2022-02-17,1.0.3,0.3.0,572,2258,-0.5957597173144876,2867,0.02553119489910414,897,0.007987960175966658,192,0.0017097974958590841,1246,0.011095873332502181,969,0.008629134236913815,0.005093771706413522,0.020107930966926105,-0.015014159260512583,0.025201702673339627,7761,112294,success
S2021-389,0001757898,STE,Steris,0001757898-21-000017,2021,2021-05-28,1.0.3,0.3.0,227,934,-0.6089577950043066,865,0.018702702702702703,387,0.008367567567567567,126,0.0027243243243243245,547,0.011827027027027027,385,0.008324324324324324,0.004908108108108108,0.020194594594594596,-0.015286486486486487,0.025102702702702703,2922,46250,success
S2021-390,0000310764,SYK,Stryker Corporation,0000310764-22-000028,2021,2022-02-11,1.0.3,0.3.0,192,561,-0.4900398406374502,499,0.01774411492781452,217,0.007716378635943389,65,0.0023113576559277435,341,0.01212573785648247,211,0.007503022544626982,0.006827394922125027,0.019948794538084062,-0.013121399615959036,0.02677618946020909,1732,28122,success
S2021-391,0001601712,SYF,Synchrony Financial,0001601712-22-000053,2021,2022-02-10,1.0.3,0.3.0,352,1520,-0.6239316239316239,1407,0.020216388637441268,634,0.009109588056956478,180,0.00258631837579206,860,0.01235685446211762,661,0.009497535813325287,0.005057689268215584,0.02184002184002184,-0.016782332571806256,0.026897711108237424,4764,69597,success
S2021-392,0000883241,SNPS,Synopsys,0000883241-21-000022,2021,2021-12-13,1.0.3,0.3.0,258,746,-0.4860557768924303,744,0.018423594086620608,356,0.00881559071886685,66,0.0016343510883292474,487,0.012059530000247629,355,0.008790827823589134,0.006388826981650695,0.01847311987717604,-0.012084292895525345,0.024861946858826735,2532,40383,success
S2021-393,0000096021,SYY,Sysco,0000096021-21-000093,2021,2021-08-30,1.0.3,0.3.0,298,899,-0.5020885547201337,866,0.01706000551593712,401,0.007899609944446634,143,0.002817067885426106,490,0.009652889957054489,424,0.008352704779165518,0.005870533075922934,0.017710098104881604,-0.01183956502895867,0.02358063118080454,3002,50762,success
S2021-394,0001283699,TMUS,T-Mobile US,0001283699-22-000018,2021,2022-02-11,1.0.3,0.3.0,231,1089,-0.65,920,0.015371505906334062,417,0.006967302133631853,136,0.0022723095687624266,690,0.011528629429750548,574,0.009590483032864947,0.003859584635177357,0.018195184708693257,-0.014335600073515899,0.02205476934387061,3470,59851,success
S2021-395,0001113169,TROW,T. Rowe Price,0001113169-22-000005,2021,2022-02-24,1.0.3,0.3.0,212,513,-0.41517241379310343,574,0.01509970011048561,243,0.006392381754090598,113,0.0029725890461408957,283,0.0074446256642289686,272,0.007155258588940916,0.005576892723733361,0.013495028147524596,-0.007918135423791235,0.019071920871257957,1872,38014,success
S2021-396,0001385157,TEL,TE Connectivity,0001558370-21-015228,2021,2021-11-09,1.0.3,0.3.0,212,821,-0.5895450145208132,818,0.01855338066184309,306,0.006940506702352061,150,0.0034022091678196377,516,0.011703599537299552,406,0.009208646147565152,0.004808455623851755,0.018621424845199484,-0.013812969221347728,0.02342988046905124,2747,44089,success
S2021-397,0000109198,TJX,TJX Companies,0000109198-21-000006,2021,2021-03-31,1.0.3,0.3.0,176,680,-0.5887850467289719,663,0.01765786880443178,308,0.008203052174607825,49,0.0013050310277785177,267,0.007111087437078861,243,0.006471888566330199,0.004687458385490186,0.01811063467121208,-0.013423176285721896,0.022798093056702266,1989,37547,success
S2021-398,0000946581,TTWO,Take-Two Interactive,0001628280-21-010627,2021,2021-05-19,1.0.3,0.3.0,285,836,-0.4915254237288136,837,0.02010762504204103,473,0.011363090376207178,90,0.0021621102195743046,374,0.008984769134675443,331,0.00795176091865661,0.006846682361985297,0.020083601595156875,-0.013236919233171576,0.02693028395714217,2608,41626,success
S2021-399,0001116132,TPR,"Tapestry, Inc.",0001116132-21-000020,2021,2021-08-19,1.0.3,0.3.0,329,834,-0.4342218400687876,845,0.01751513141530553,366,0.00758643561893707,107,0.0022178923803996354,384,0.007959539010032336,411,0.008519194096675235,0.0068195008705745795,0.01728712378741398,-0.010467622916839399,0.02410662465798856,2693,48244,success
S2021-400,0000027419,TGT,Target Corporation,0000027419-21-000010,2021,2021-03-10,1.0.3,0.3.0,122,450,-0.5734265734265734,369,0.016923500275178867,183,0.008392955421023666,36,0.001651073197578426,170,0.007796734544120345,173,0.00793432397725188,0.005595303614015777,0.020638414969730325,-0.015043111355714548,0.026233718583746103,1230,21804,success
S2021-401,0001094285,TDY,Teledyne Technologies,0001094285-21-000066,2021,2021-02-26,1.0.3,0.3.0,215,752,-0.5553257497414684,840,0.01918158567774936,365,0.008334855681402995,130,0.0029685787358421627,500,0.011417610522469857,359,0.008197844355133358,0.004909572524662039,0.017172086225794667,-0.012262513701132627,0.022081658750456704,2653,43792,success
S2021-402,0000096943,TFX,Teleflex,0000096943-22-000016,2021,2022-03-01,1.0.3,0.3.0,246,1031,-0.6147220046985121,802,0.017953482124868483,397,0.008887197510689261,133,0.0029773230955205837,439,0.009827404804011551,465,0.010409437890353921,0.005506928432316268,0.023079850462268587,-0.01757292202995232,0.028586778894584854,2937,44671,success
S2021-403,0000097210,TER,Teradyne,0001193125-22-049828,2021,2022-02-23,1.0.3,0.3.0,168,481,-0.48228043143297383,522,0.01794677851887506,252,0.008663962043594856,65,0.0022347521144193082,280,0.009626624492883174,263,0.009042150862958124,0.005775974695729905,0.01653716564670288,-0.010761190950972976,0.022313140342432786,1676,29086,success
S2021-404,0001318605,TSLA,"Tesla, Inc.",0000950170-22-000796,2021,2022-02-07,1.0.3,0.3.0,442,1515,-0.5482881962187021,1114,0.012652189714701072,571,0.0064850990368889696,206,0.002339632927494094,1043,0.011845811375613302,636,0.007223332727603125,0.00501998909685626,0.017206523714337636,-0.012186534617481374,0.022226512811193894,4555,88048,success
S2021-405,0000097476,TXN,Texas Instruments,0000097476-22-000009,2021,2022-02-04,1.0.3,0.3.0,150,295,-0.3258426966292135,323,0.015526606739412585,158,0.007595058405037735,53,0.0025477094649810125,166,0.007979618324280152,139,0.006681728596836994,0.007210498485795318,0.014180647022064126,-0.006970148536268808,0.021391145507859442,1053,20803,success
S2021-406,0000217346,TXT,Textron,0000217346-21-000019,2021,2021-02-19,1.0.3,0.3.0,190,732,-0.5878524945770065,590,0.01714468369511522,228,0.0066254031906546945,66,0.0019178798709789905,563,0.016360096475169266,289,0.008397989132014064,0.005521169325545579,0.02127103129631244,-0.01574986197076686,0.02679220062185802,2297,34413,success
S2021-407,0000097745,TMO,Thermo Fisher Scientific,0000097745-22-000011,2021,2022-02-24,1.0.3,0.3.0,277,699,-0.4323770491803279,679,0.016411669446257222,289,0.0069852319145336335,88,0.0021269910327991687,452,0.010924999395741184,342,0.008266260604742223,0.006695187682788292,0.016895076499166124,-0.01019988881637783,0.023590264181954413,2389,41373,success
S2021-408,0000916365,TSCO,Tractor Supply,0000916365-22-000049,2021,2022-02-17,1.0.3,0.3.0,305,761,-0.4277673545966229,706,0.01842476120883136,324,0.008455556135497677,99,0.0025836421525131793,282,0.007359465525340571,357,0.009316770186335404,0.007959705621378986,0.019860117960227568,-0.011900412338848584,0.027819823581606555,2288,38318,success
S2021-409,0001466258,TT,Trane Technologies,0001466258-22-000031,2021,2022-02-07,1.0.3,0.3.0,287,886,-0.5106564364876386,761,0.017039475157296074,269,0.0060231521909495985,117,0.0026197353395580034,694,0.0155392848346432,322,0.007209869908869035,0.006426188397035445,0.019838337699558898,-0.013412149302523454,0.026264526096594343,2854,44661,success
S2021-410,0001260221,TDG,TransDigm Group,0001260221-21-000134,2021,2021-11-16,1.0.3,0.3.0,254,814,-0.5243445692883895,828,0.0174676174001097,282,0.0059491160710518545,123,0.002594827222480064,465,0.009809712670351462,420,0.008860385637736804,0.005358423695202734,0.01717227121218514,-0.011813847516982405,0.022530694907387874,2769,47402,success
S2021-411,0000086312,TRV,Travelers Companies (The),0000086312-22-000013,2021,2022-02-17,1.0.3,0.3.0,491,2969,-0.7161849710982658,1836,0.019535240040858017,707,0.0075225570309839975,130,0.0013832141641130404,2069,0.022014385427306774,673,0.0071607933265236635,0.005224293496765407,0.0315904834865509,-0.026366189989785495,0.03681477698331631,7339,93984,success
S2021-412,0000092230,TFC,Truist Financial,0000092230-22-000008,2021,2022-02-23,1.0.3,0.3.0,412,1446,-0.5565123789020452,1459,0.02201632739289864,526,0.007937346270503553,156,0.002354041859693069,763,0.011513679095806485,665,0.010034857927537763,0.00621708491149708,0.02182015723792422,-0.015603072326427138,0.0280372421494213,4691,66269,success
S2021-413,0000860731,TYL,Tyler Technologies,0000860731-22-000011,2021,2022-02-23,1.0.3,0.3.0,256,647,-0.4330011074197121,705,0.016930022573363433,306,0.007348350223332213,95,0.0022813505595312427,447,0.010734354738004898,336,0.008068776715815762,0.006147639402526295,0.015537198021228568,-0.009389558618702271,0.021684837423754863,2326,41642,success
S2021-414,0000100493,TSN,Tyson Foods,0000100493-21-000122,2021,2021-11-15,1.0.3,0.3.0,310,1181,-0.5841716968477532,1060,0.021589474112998493,359,0.007311906798647603,89,0.0018127011283555338,658,0.013401767892785858,393,0.008004399364536233,0.0063139028066316345,0.02405393295042568,-0.017740030143794043,0.030367835757057315,3321,49098,success
S2021-415,0000036104,USB,U.S. Bancorp,0001193125-22-048709,2021,2022-02-22,1.0.3,0.3.0,22,54,-0.42105263157894735,68,0.010056196391600119,33,0.0048802129547471165,11,0.001626737651582372,80,0.011830819284235433,67,0.009908311150547175,0.003253475303164744,0.007985803016858917,-0.004732327713694173,0.011239278320023662,298,6762,success
S2021-416,0000074208,UDR,"UDR, Inc.",0000074208-22-000010,2021,2022-02-15,1.0.3,0.3.0,327,1047,-0.5240174672489083,1296,0.018509261771804796,569,0.008126365700738372,187,0.0026707036661477597,448,0.006398263328525115,506,0.007226609920164527,0.004670160956311858,0.014953084162870079,-0.01028292320655822,0.019623245119181936,3639,70019,success
S2021-417,0001403568,ULTA,Ulta Beauty,0001558370-21-003523,2021,2021-03-26,1.0.3,0.3.0,277,640,-0.39585605234460197,571,0.015445790954338888,291,0.00787167279809565,63,0.0017041765851547284,240,0.006492101276779918,342,0.009251244319411383,0.007492966890283489,0.017312270071413113,-0.009819303181129625,0.024805236961696602,1989,36968,success
S2021-418,0001336917,UAA|UA,Under Armour (Class A)|Under Armour (Class C),0001336917-22-000010,2021,2022-02-23,1.0.3,0.3.0,361,1260,-0.554595928439235,883,0.017450248018813858,441,0.008715242781763206,93,0.0018379083417323768,552,0.010908875318669591,433,0.008557143139463647,0.007134246358767613,0.02490069366218059,-0.017766447303412976,0.0320349400209482,3319,50601,success
S2021-419,0000100885,UNP,Union Pacific Corporation,0001437749-22-002494,2021,2022-02-04,1.0.3,0.3.0,184,512,-0.47126436781609193,445,0.015335309118478186,191,0.0065821214418636705,61,0.0021021434971397065,328,0.011303328968226618,161,0.005548280377696602,0.006340891860224688,0.017644220828451306,-0.011303328968226618,0.023985112688675994,1577,29018,success
S2021-420,0000100517,UAL,United Airlines Holdings,0000100517-22-000009,2021,2022-02-18,1.0.3,0.3.0,319,949,-0.4968454258675079,939,0.018144226310094297,463,0.008946514144380894,118,0.0022801051167104652,404,0.007806461586025661,520,0.010047920853300356,0.0061640129850054105,0.01833745555727315,-0.012173442572267738,0.02450146854227856,3088,51752,success
S2021-421,0001090727,UPS,United Parcel Service,0001090727-22-000007,2021,2022-02-22,1.0.3,0.3.0,296,738,-0.4274661508704062,830,0.01645225871672382,327,0.006481793494420108,127,0.002517393803643283,480,0.009514559257864378,421,0.008345061349085215,0.0058673115423497,0.014628634858966481,-0.008761323316616781,0.02049594640131618,2701,50449,success
S2021-422,0001067701,URI,United Rentals,0001067701-22-000008,2021,2022-01-26,1.0.3,0.3.0,275,809,-0.492619926199262,773,0.01685307519567445,347,0.007565351995988402,105,0.002289227549218392,329,0.007172912987550963,479,0.010443238057862951,0.005995595962238647,0.017637953212549327,-0.011642357250310681,0.023633549174787973,2602,45867,success
S2021-423,0000731766,UNH,UnitedHealth Group,0000731766-22-000008,2021,2022-02-15,1.0.3,0.3.0,273,675,-0.4240506329113924,648,0.01783502600941293,336,0.009247791264140038,55,0.0015137753557372085,625,0.017201992678831917,328,0.00902760575785099,0.007513830402113781,0.01857815209313847,-0.011064321691024689,0.02609198249525225,2432,36333,success
S2021-424,0000352915,UHS,Universal Health Services,0001564590-22-006717,2021,2022-02-24,1.0.3,0.3.0,278,1343,-0.6570018507094386,907,0.014258316040998554,410,0.00644532478148777,225,0.003537068477645727,1167,0.018345595170722505,589,0.009259259259259259,0.0043702446079356095,0.021112368735458718,-0.016742124127523107,0.025482613343394328,4199,63612,success
S2021-425,0000103379,VFC,VF Corporation,0000103379-21-000006,2021,2021-05-27,1.0.3,0.3.0,381,1070,-0.47484493452791177,1138,0.016650084859834963,408,0.005969450459413589,99,0.0014484695967694739,479,0.007008251887399778,529,0.007739802188798502,0.005574413296658278,0.0156551764499327,-0.010080763153274419,0.021229589746590977,3474,68348,success
S2021-426,0001035002,VLO,Valero Energy,0001035002-22-000007,2021,2022-02-22,1.0.3,0.3.0,216,680,-0.5178571428571429,710,0.015070150489249251,323,0.006855857194404942,63,0.001337210536370004,430,0.009126992549827012,374,0.007938360961942564,0.004584721838982871,0.014433383567168298,-0.009848661728185427,0.01901810540615117,2374,47113,success
S2021-427,0000740260,VTR,Ventas,0000740260-22-000057,2021,2022-02-18,1.0.3,0.3.0,410,1230,-0.5,1257,0.01998219565701205,707,0.01123899151114361,119,0.0018917114424697168,587,0.009331383333863224,622,0.009887769052236671,0.006517661272374654,0.01955298381712396,-0.013035322544749308,0.026070645089498617,4010,62906,success
S2021-428,0001014473,VRSN,Verisign,0001014473-22-000007,2021,2022-02-18,1.0.3,0.3.0,130,584,-0.6358543417366946,488,0.016950918753690647,299,0.010385911285560457,58,0.0020146583764632324,320,0.011115356559797144,207,0.007190246274618778,0.00451561360241759,0.02028552572162979,-0.0157699121192122,0.02480113932404738,1697,28789,success
S2021-429,0001442145,VRSK,Verisk Analytics,0001437749-22-004083,2021,2022-02-22,1.0.3,0.3.0,341,920,-0.4591593973037272,701,0.015274993462912926,289,0.006297393881286499,65,0.0014163688660332955,547,0.011919288764926348,304,0.0066242482349864905,0.0074304889741131355,0.020047067026932798,-0.012616578052819663,0.027477556001045934,2606,45892,success
S2021-430,0000732712,VZ,Verizon,0000732712-22-000008,2021,2022-02-11,1.0.3,0.3.0,284,618,-0.37028824833702884,706,0.012600617537346731,224,0.003997929643577433,94,0.0016777026182869586,413,0.0073711827803458925,415,0.007406878580734976,0.0050688036552499595,0.011030002320227026,-0.005961198664977066,0.016098805975476985,2383,56029,success
S2021-431,0000875320,VRTX,Vertex Pharmaceuticals,0000875320-22-000007,2021,2022-02-09,1.0.3,0.3.0,619,1243,-0.3351235230934479,1230,0.018484010579466217,706,0.010609521519596057,196,0.002945419572012503,853,0.012818586198605434,545,0.008190069728300073,0.009302115893243567,0.01867937004087521,-0.009377254147631643,0.02798148593411878,4456,66544,success
S2021-432,0000813828,VIAC,ViacomCBS,0000813828-22-000005,2021,2022-02-15,1.0.3,0.3.0,298,1112,-0.577304964539007,636,0.011048188166626133,244,0.004238613070215057,120,0.0020845638050237987,708,0.012298926449640413,421,0.007313344682625161,0.005176666782475767,0.019316957926553868,-0.014140291144078101,0.024493624709029636,2953,57566,success
S2021-433,0001792044,VTRS,Viatris,0001792044-22-000010,2021,2022-02-28,1.0.3,0.3.0,448,1904,-0.6190476190476191,1592,0.021051796411144758,784,0.010367216323076313,195,0.0025785805905610727,1223,0.01617232852439073,589,0.00778863573251524,0.005924123613186464,0.025177525356042472,-0.01925340174285601,0.03110164896922894,5506,75623,success
S2021-434,0001403161,V,Visa Inc.,0001403161-21-000060,2021,2021-11-18,1.0.3,0.3.0,249,1010,-0.6044479745830024,729,0.015493167279450833,362,0.007693452064693006,79,0.0016789577710241642,979,0.020806324782691857,392,0.008331030965081929,0.005291904873228062,0.021465156313093745,-0.01617325143986568,0.026757061186321807,3083,47053,success
S2021-435,0000899689,VNO,Vornado Realty Trust,0000899689-22-000006,2021,2022-02-14,1.0.3,0.3.0,207,683,-0.5348314606741573,774,0.016813659469088065,437,0.009492983447017421,90,0.0019550766824521005,239,0.005191814745622801,344,0.007472737541816918,0.0044966763696398316,0.014836859712386496,-0.010340183342746665,0.01933353608202633,2223,46034,success
S2021-436,0001396009,VMC,Vulcan Materials Company,0001396009-22-000010,2021,2022-02-25,1.0.3,0.3.0,321,670,-0.3521695257315843,647,0.013568492576126164,199,0.004173307608422112,104,0.0021810250817884407,480,0.010066269608254342,376,0.0078852445264659,0.0067318178005200905,0.014050834661521685,-0.007319016861001594,0.020782652462041775,2397,47684,success
S2021-437,0000011544,WRB,W. R. Berkley Corporation,0000011544-22-000007,2021,2022-02-24,1.0.3,0.3.0,288,1456,-0.6697247706422018,956,0.01968820149515003,330,0.006796136499371872,122,0.002512511069464753,751,0.01546635912432811,290,0.005972362378235888,0.005931173672179088,0.029985378009349837,-0.02405420433717075,0.03591655168152892,3601,48557,success
S2021-438,0000277135,GWW,W. W. Grainger,0000277135-22-000012,2021,2022-02-23,1.0.3,0.3.0,137,658,-0.6553459119496855,514,0.019096448209243572,235,0.00873086639916778,39,0.0014489522960321,246,0.009139545251894783,219,0.008136424431564869,0.00508990934759994,0.024446425917669788,-0.019356516570069846,0.029536335265269727,1685,26916,success
S2021-439,0000783325,WEC,WEC Energy Group,0000107815-22-000116,2021,2022-02-24,1.0.3,0.3.0,303,887,-0.4907563025210084,1020,0.013684846045481988,438,0.005876433890118736,190,0.002549137988864292,914,0.01226269537801033,651,0.008734151740792916,0.004065204266452002,0.011900449453276984,-0.007835245186824982,0.015965653719728988,3828,74535,success
S2021-440,0000943452,WAB,Wabtec,0001628280-22-002997,2021,2022-02-17,1.0.3,0.3.0,333,667,-0.334,671,0.018386584096015783,255,0.006987449991779471,94,0.0025757658793226284,356,0.009755028223817614,271,0.00742587822655779,0.009124787636323779,0.018276977037321205,-0.009152189400997424,0.027401764673644982,2267,36494,success
S2021-441,0000104169,WMT,Walmart,0000104169-21-000033,2021,2021-03-19,1.0.3,0.3.0,249,831,-0.5388888888888889,636,0.015559633027522935,295,0.007217125382262997,101,0.0024709480122324158,541,0.013235474006116209,264,0.006458715596330275,0.006091743119266055,0.0203302752293578,-0.014238532110091743,0.026422018348623854,2413,40875,success
S2021-442,0001744489,DIS,Walt Disney Company (The),0001744489-21-000220,2021,2021-11-24,1.0.3,0.3.0,242,760,-0.5169660678642715,771,0.014808128145046671,324,0.006222870971459302,78,0.0014980985672031653,365,0.007010333038835324,398,0.007644143971113586,0.0046479468367072565,0.01459685783428725,-0.009948910997579994,0.019244804670994507,2421,52066,success
S2021-443,0000823768,WM,Waste Management,0001558370-22-001179,2021,2022-02-15,1.0.3,0.3.0,364,1270,-0.554467564259486,1069,0.014789092871076187,434,0.006004178022494915,135,0.0018676590622968055,716,0.009905510285959354,827,0.011441141070514506,0.005035762212415091,0.01756982969716254,-0.012534067484747452,0.022605591909577633,4074,72283,success
S2021-444,0001000697,WAT,Waters Corporation,0001193125-22-051509,2021,2022-02-24,1.0.3,0.3.0,125,388,-0.5126705653021443,432,0.016202835496211838,171,0.006413622383917185,35,0.001312729727702348,236,0.00885154902107869,232,0.008701522766484135,0.004688320456079814,0.014552546695671742,-0.009864226239591928,0.019240867151751558,1379,26662,success
S2021-445,0000072971,WFC,Wells Fargo,0000072971-22-000096,2021,2022-02-22,1.0.3,0.3.0,44,75,-0.2605042016806723,80,0.00990957512696643,49,0.006069614765266939,12,0.0014864362690449647,127,0.01573145051405921,109,0.013501796110491763,0.005450266319831538,0.00929022668153103,-0.0038399603616994923,0.014740493001362567,436,8073,success
S2021-446,0000766704,WELL,Welltower,0000766704-22-000013,2021,2022-02-16,1.0.3,0.3.0,410,1098,-0.4562334217506631,1122,0.017147048934804537,636,0.009719717578017545,274,0.00418742549744781,810,0.012378885594644985,530,0.008099764648347954,0.0062658556713635115,0.016780267139407647,-0.010514411468044136,0.023046122810771157,4081,65434,success
S2021-447,0000105770,WST,West Pharmaceutical Services,0001628280-22-003342,2021,2022-02-22,1.0.3,0.3.0,188,530,-0.4763231197771588,513,0.015894162845457926,226,0.007002106828603296,59,0.0018279836410955508,306,0.009480728714834552,302,0.009356797620522989,0.00582476143264345,0.01642086999628207,-0.010596108563638617,0.02224563142892552,1797,32276,success
S2021-448,0001732845,WRK,WestRock,0001564590-21-057778,2021,2021-11-19,1.0.3,0.3.0,264,915,-0.5521628498727735,1107,0.019522776572668113,455,0.008024266793644074,130,0.002292647655326879,432,0.007618644516163166,484,0.008535703578293917,0.004655838315433046,0.01613671234326226,-0.011480874027829215,0.020792550658695307,3146,56703,success
S2021-449,0000106040,WDC,Western Digital,0000106040-21-000040,2021,2021-08-27,1.0.3,0.3.0,270,851,-0.5182872435325602,849,0.019946902239033903,435,0.010220144256748819,83,0.0019500505133566712,442,0.010384606348236732,390,0.009162887954326527,0.00634353781453375,0.01999389140803045,-0.013650353593496698,0.0263374292225642,2706,42563,success
S2021-450,0000106535,WY,Weyerhaeuser,0001564590-22-005707,2021,2022-02-18,1.0.3,0.3.0,224,520,-0.3978494623655914,581,0.01525935653315824,297,0.007800393959290873,94,0.002468811556139199,310,0.008141825344714379,305,0.008010505581089953,0.005883125410374261,0.01365725541694025,-0.007774130006565988,0.01954038082731451,1958,38075,success
S2021-451,0000106640,WHR,Whirlpool Corporation,0000106640-22-000015,2021,2022-02-10,1.0.3,0.3.0,315,898,-0.4806265457543281,930,0.020931802835921675,337,0.00758496511366194,71,0.0015980193562907946,439,0.009880711231150124,371,0.008350213819491335,0.0070898041863605675,0.020211568759846952,-0.013121764573486383,0.027301372946207516,2838,44430,success
S2021-452,0000107263,WMB,Williams Companies,0000107263-22-000007,2021,2022-02-28,1.0.3,0.3.0,269,1093,-0.604992657856094,947,0.017476839035913336,403,0.007437345439781493,92,0.001697855534639944,796,0.01469014136492821,489,0.009024471265640571,0.004964381943675488,0.020171261949581073,-0.015206880005905584,0.02513564389325656,3444,54186,success
S2021-453,0001174922,WYNN,Wynn Resorts,0001174922-22-000031,2021,2022-02-28,1.0.3,0.3.0,218,1102,-0.6696969696969697,814,0.015184017608983566,442,0.008244884254509505,162,0.003021880654367737,624,0.011639836594601653,504,0.00940140648025518,0.00406648137439609,0.020556249883415097,-0.01648976850901901,0.024622731257811187,3241,53609,success
S2021-454,0000072903,XEL,Xcel Energy,0000072903-22-000010,2021,2022-02-23,1.0.3,0.3.0,188,786,-0.6139630390143738,979,0.018533242465545965,396,0.007496592457973648,119,0.002252763895199152,928,0.017567772224746328,482,0.00912464031500833,0.003558988338633954,0.014879600181735574,-0.011320611843101621,0.018438588520369528,3371,52824,success
S2021-455,0001524472,XYL,Xylem Inc.,0001524472-22-000009,2021,2022-02-25,1.0.3,0.3.0,380,940,-0.42424242424242425,878,0.018361670535583578,330,0.006901311249137336,108,0.002258610954263128,450,0.009410878976096368,464,0.009703661877574921,0.0079469644687036,0.019658280527845746,-0.011711316059142145,0.027605244996549344,3009,47817,success
S2021-456,0001041061,YUM,Yum! Brands,0001041061-22-000009,2021,2022-02-23,1.0.3,0.3.0,268,933,-0.5537052456286428,873,0.017528008673653776,394,0.007910693490744088,97,0.001947556519294864,415,0.008332329438220295,379,0.00760952495683251,0.005380877805886841,0.018732682809300086,-0.013351805003413243,0.024113560615186925,2776,49806,success
S2021-457,0000877212,ZBRA,Zebra Technologies,0000877212-22-000026,2021,2022-02-10,1.0.3,0.3.0,279,654,-0.40192926045016075,739,0.01959224793870463,352,0.009332166812481774,71,0.0018823404650176304,377,0.009994962750868263,304,0.008059598610779713,0.007396802672393224,0.017338741748190566,-0.009941939075797343,0.02473554442058379,2299,37719,success
S2021-458,0001136869,ZBH,Zimmer Biomet,0001564590-22-007160,2021,2022-02-25,1.0.3,0.3.0,254,1177,-0.6450034940600978,847,0.018068176970007253,388,0.008276803617901788,111,0.002367848457698707,781,0.016660267076240454,367,0.007828832288066898,0.0054183198941934385,0.02510772643884125,-0.01968940654464781,0.030526046333034684,3255,46878,success
S2021-459,0000109380,ZION,Zions Bancorporation,0000109380-22-000072,2021,2022-02-25,1.0.3,0.3.0,244,898,-0.5726795096322241,899,0.018426284613334974,286,0.005861977084998668,69,0.0014142532128143639,428,0.00877246920412388,431,0.008833958474246244,0.0050011273032855765,0.018405788189960852,-0.013404660886675275,0.02340691549324643,2827,48789,success
S2021-460,0001555280,ZTS,Zoetis,0001555280-22-000078,2021,2022-02-15,1.0.3,0.3.0,376,1483,-0.5954814416352878,1494,0.023034582710186713,730,0.011255184322915864,124,0.0019118395288240644,869,0.013398294762484775,541,0.008341170847530797,0.005797190829337486,0.02286498404230716,-0.017067793212969674,0.028662174871644644,4574,64859,success
S2021-461,0001065088,EBAY,eBay Inc.,0001065088-22-000006,2021,2022-02-24,1.0.3,0.3.0,283,1151,-0.6052998605299861,936,0.019231164348379938,490,0.010067596720839926,87,0.001787512070843007,588,0.01208111606500791,356,0.007314417209426558,0.005814550759178977,0.023648579236095417,-0.01783402847691644,0.029463129995274392,3200,48671,success
S2021-462,0001140536,WLTW,Willis Towers Watson,0000950170-22-001932,2021,2022-02-24,1.0.3,0.3.0,489,1815,-0.5755208333333334,1887,0.01869482944807157,740,0.0073313056659104195,264,0.002615492832162636,1115,0.011046494347959618,762,0.007549263401923972,0.004844606041392156,0.017981513221118125,-0.013136907179725968,0.02282611926251028,5956,100937,success
