company_id,cik,ticker,company_name,accession_number,report_year,filing_date,parser_version,language_measurement_version,report_positive_count,report_negative_count,report_net_tone,report_uncertainty_count,report_uncertainty_ratio,report_weak_modal_count,report_weak_modal_ratio,report_strong_modal_count,report_strong_modal_ratio,report_litigious_count,report_litigious_ratio,report_constraining_count,report_constraining_ratio,report_positive_ratio,report_negative_ratio,report_net_tone_by_words,report_sentiment_word_coverage,report_total_lm_matched_word_count,report_total_eligible_word_count,lm_report_status
S2024-001,0000066740,MMM,3M,0000066740-25-000006,2024,2025-02-05,1.0.3,0.3.0,209,1689,-0.779768177028451,918,0.01496527664569137,352,0.005738319585275994,87,0.0014182778520426462,1477,0.02407811939617228,427,0.006960972906002413,0.003407127253757621,0.027534152782758958,-0.024127025529001336,0.03094128003651658,4252,61342,success
S2024-002,0000091142,AOS,A. O. Smith,0000091142-25-000036,2024,2025-02-11,1.0.3,0.3.0,144,457,-0.5207986688851913,479,0.018050949653301177,165,0.006217968043412722,52,0.0019596020500452214,205,0.0077253542357552,180,0.006783237865541152,0.005426590292432921,0.017221887247512814,-0.011795296955079892,0.022648477539945734,1428,26536,success
S2024-003,0000874761,AES,AES Corporation,0000874761-25-000013,2024,2025-03-11,1.0.3,0.3.0,549,1810,-0.5345485375158966,1667,0.016212956749238953,645,0.006273159630029469,264,0.0025676188253143874,1408,0.0136939670683434,946,0.009200634124043221,0.005339480057187874,0.01760375027961758,-0.012264270222429707,0.022943230336805454,6201,102819,success
S2024-004,0001841666,APA,APA Corporation,0002040266-25-000007,2024,2025-02-28,1.0.3,0.3.0,228,945,-0.6112531969309463,840,0.014780665481867291,327,0.00575390191972691,104,0.0018299871548978551,520,0.009149935774489274,551,0.00969541271489152,0.004011894916506836,0.016628248667100703,-0.012616353750593867,0.020640143583607537,3023,56831,success
S2024-005,0000732717,T,AT&T,0000732717-25-000013,2024,2025-02-12,1.0.3,0.3.0,225,641,-0.48036951501154734,540,0.013424821002386634,242,0.006016308671439936,86,0.002138027048528242,416,0.010342084327764518,350,0.008701272871917264,0.005593675417661098,0.015935759745425618,-0.010342084327764518,0.021529435163086714,2148,40224,success
S2024-006,0001551152,ABBV,AbbVie,0001551152-25-000020,2024,2025-02-14,1.0.3,0.3.0,381,914,-0.4115830115830116,881,0.01880349177213839,365,0.00779032292489275,122,0.0026038887584573026,612,0.01306213049324483,394,0.008409280088788338,0.008131816532559281,0.019507822337950613,-0.01137600580539133,0.02763963887050989,3088,46853,success
S2024-007,0000001800,ABT,Abbott Laboratories,0001628280-25-007110,2024,2025-02-21,1.0.3,0.3.0,200,711,-0.5609220636663008,565,0.01627444767693061,213,0.006135322752541982,84,0.0024195639024109225,451,0.01299075380937293,270,0.007777169686320823,0.00576086643431172,0.020479880173978168,-0.014719013739666446,0.026240746608289886,2113,34717,success
S2024-008,0001467373,ACN,Accenture,0001467373-24-000278,2024,2024-10-10,1.0.3,0.3.0,411,903,-0.3744292237442922,885,0.02143116600072648,462,0.011187795132582638,101,0.0024458166848286716,596,0.014432740041167211,302,0.007313234047705533,0.00995277878677806,0.021867054122775155,-0.011914275335997095,0.03181983290955322,3066,41295,success
S2024-009,0000796343,ADBE,Adobe Inc.,0000796343-25-000004,2024,2025-01-13,1.0.3,0.3.0,535,920,-0.2646048109965636,735,0.015854184641932702,376,0.008110440034512511,86,0.0018550474547023297,518,0.011173425366695426,312,0.006729939603106126,0.011540120793787748,0.01984469370146678,-0.008304572907679034,0.03138481449525453,2953,46360,success
S2024-010,0000002488,AMD,Advanced Micro Devices,0000002488-25-000012,2024,2025-02-05,1.0.3,0.3.0,302,1104,-0.5704125177809388,1010,0.022058181182842668,589,0.012863632392766665,128,0.0027954922687166944,396,0.008648554206342272,400,0.00873591333973967,0.006595614571503451,0.02411112081768149,-0.017515506246178036,0.03070673538918494,3145,45788,success
S2024-011,0000004977,AFL,Aflac,0000004977-25-000047,2024,2025-02-26,1.0.3,0.3.0,425,1249,-0.4922341696535245,1211,0.016228893058161352,373,0.004998659876708657,173,0.0023184132940230503,614,0.008228357008844814,437,0.005856338783168051,0.005695523988206915,0.016738139908871616,-0.011042615920664701,0.022433663897078533,3908,74620,success
S2024-012,0001090872,A,Agilent Technologies,0001090872-24-000049,2024,2024-12-20,1.0.3,0.3.0,360,1096,-0.5054945054945055,962,0.016146086839764356,425,0.007133146472868867,130,0.002181903626995183,610,0.01023816317282355,520,0.008727614507980732,0.006042194659371276,0.018395125962974775,-0.012352931303603498,0.024437320622346048,3484,59581,success
S2024-013,0000002969,APD,Air Products,0000002969-24-000056,2024,2024-11-21,1.0.3,0.3.0,273,841,-0.5098743267504489,902,0.018384151312571335,337,0.0068685798141203324,73,0.0014878526006848198,531,0.010822599054296429,375,0.007643078428175444,0.005564161095711724,0.01714087722158813,-0.011576716125876406,0.022705038317299853,2839,49064,success
S2024-014,0001559720,ABNB,Airbnb,0001559720-25-000010,2024,2025-02-13,1.0.3,0.3.0,290,1599,-0.6929592376919005,1217,0.021786609380594343,742,0.013283208020050126,135,0.0024167561761546724,993,0.017776584317937702,566,0.010132474042248478,0.0051915503043322596,0.028625134264232008,-0.02343358395989975,0.033816684568564265,4559,55860,success
S2024-015,0001086222,AKAM,Akamai Technologies,0001086222-25-000028,2024,2025-02-24,1.0.3,0.3.0,371,1008,-0.4619289340101523,876,0.018835469166594995,420,0.009030704394942806,102,0.0021931710673432528,434,0.009331727874774232,376,0.008084630601186893,0.007977122215532812,0.021673690547862733,-0.013696568332329922,0.029650812763395543,3022,46508,success
S2024-016,0000915913,ALB,Albemarle Corporation,0000915913-25-000026,2024,2025-02-12,1.0.3,0.3.0,479,1453,-0.5041407867494824,1454,0.018704092002521322,685,0.00881176273846431,154,0.0019810386302532897,718,0.009236271016375728,631,0.008117112829154715,0.006161801973320298,0.018691228115311886,-0.012529426141991587,0.024853030088632183,4664,77737,success
S2024-017,0001035443,ARE,Alexandria Real Estate Equities,0001035443-25-000067,2024,2025-01-27,1.0.3,0.3.0,792,2214,-0.47305389221556887,1884,0.019433499061333112,1110,0.011449673013842757,201,0.0020733191673715265,695,0.007168939409568214,856,0.008829657747612072,0.008169496420687806,0.022837455903286365,-0.01466795948259856,0.03100695232397417,6306,96946,success
S2024-018,0001097149,ALGN,Align Technology,0001097149-25-000012,2024,2025-02-28,1.0.3,0.3.0,416,1127,-0.4607906675307842,950,0.018883301198592696,500,0.009938579578206683,110,0.0021864875072054703,651,0.0129400306108251,442,0.008785704347134708,0.00826889820906796,0.022401558369277864,-0.014132660160209903,0.03067045657834582,3451,50309,success
S2024-019,0001579241,ALLE,Allegion,0001579241-25-000008,2024,2025-02-18,1.0.3,0.3.0,276,764,-0.46923076923076923,816,0.021334448860071114,350,0.009150805270863836,94,0.0024576448441748586,382,0.009987450324199959,354,0.009255385902530852,0.0072160635850240535,0.019974900648399917,-0.012758837063375862,0.02719096423342397,2520,38248,success
S2024-020,0000352541,LNT,Alliant Energy,0000352541-25-000014,2024,2025-02-21,1.0.3,0.3.0,191,633,-0.5364077669902912,764,0.014288920475798609,358,0.006695593626094112,99,0.0018515747736964165,711,0.01329767337472881,440,0.008229221216428518,0.0035722301189496522,0.011838856886361935,-0.008266626767412284,0.015411087005311588,2759,53468,success
S2024-021,0000899051,ALL,Allstate,0000899051-25-000015,2024,2025-02-24,1.0.3,0.3.0,429,2238,-0.6782902137232846,1461,0.01850280518230519,513,0.0064968782056964835,153,0.0019376654297691266,1512,0.0191486936588949,578,0.007320069401350033,0.005433061891313433,0.0283431060903484,-0.022910044199034967,0.03377616798166183,5825,78961,success
S2024-022,0001652044,GOOGL|GOOG,Alphabet Inc. (Class A)|Alphabet Inc. (Class C),0001652044-25-000014,2024,2025-02-05,1.0.3,0.3.0,289,1055,-0.5699404761904762,839,0.019312662569343737,476,0.010956886034574039,118,0.0027162028405036485,669,0.015399488985567296,282,0.006491264415440922,0.006652395092419953,0.024284694887553807,-0.017632299795133855,0.03093708997997376,3062,43443,success
S2024-023,0000764180,MO,Altria,0000764180-25-000019,2024,2025-02-26,1.0.3,0.3.0,405,1879,-0.6453590192644484,1063,0.0162309900445856,422,0.006443535088255054,118,0.0018017467782324558,1338,0.02042997618029683,570,0.008703353081292371,0.006183961399865633,0.028690527087277835,-0.022506565687412203,0.03487448848714347,4830,65492,success
S2024-024,0001018724,AMZN,Amazon,0001018724-25-000004,2024,2025-02-07,1.0.3,0.3.0,208,765,-0.5724563206577595,579,0.017297006632012904,249,0.007438609069725757,58,0.0017326880564019836,402,0.012009320666786163,281,0.008394574893947541,0.006213777857441596,0.022853557985302024,-0.01663978012786043,0.02906733584274362,2142,33474,success
S2024-025,0001748790,AMCR,Amcor,0001748790-24-000022,2024,2024-08-16,1.0.3,0.3.0,274,995,-0.5681639085894405,839,0.020121834228702992,363,0.008705871066768995,77,0.0018466999232540293,417,0.010000959324635456,379,0.00908960092095165,0.006571373752877974,0.023863200306983884,-0.01729182655410591,0.030434574059861857,2792,41696,success
S2024-026,0001002910,AEE,Ameren,0001002910-25-000055,2024,2025-02-18,1.0.3,0.3.0,215,962,-0.6346644010195412,1040,0.012433944668946224,407,0.0048659764233279935,201,0.0024030989215944143,1258,0.015040290763013798,745,0.008907008440735515,0.002570478945984075,0.011501398818775257,-0.008930919872791182,0.014071877764759332,4266,83642,success
S2024-027,0000004904,AEP,American Electric Power,0000004904-25-000027,2024,2025-02-13,1.0.3,0.3.0,334,1836,-0.6921658986175115,1596,0.013980133494507805,559,0.004896550515933498,175,0.0015329093743977856,2135,0.018701494367652984,985,0.00862808990732468,0.0029256670345649163,0.016082409207967625,-0.013156742173402708,0.01900807624253254,6709,114162,success
S2024-028,0000004962,AXP,American Express,0000004962-25-000016,2024,2025-02-07,1.0.3,0.3.0,410,1739,-0.6184271754304328,1516,0.02019529220562964,588,0.00783300251775081,127,0.0016918219723713482,981,0.013068325629104666,678,0.009031931474549403,0.005461787469860258,0.023165971731919484,-0.017704184262059226,0.028627759201779745,5211,75067,success
S2024-029,0000005272,AIG,American International Group,0000005272-25-000012,2024,2025-02-13,1.0.3,0.3.0,608,2678,-0.6299452221545953,1907,0.022015446600708834,648,0.007480864917283338,139,0.0016046917029357776,1080,0.012468108195472229,649,0.007492409461908775,0.007019083132265848,0.030916290506920956,-0.023897207374655106,0.0379353736391868,6740,86621,success
S2024-030,0001053507,AMT,American Tower,0001053507-25-000025,2024,2025-02-25,1.0.3,0.3.0,317,1104,-0.553835327234342,1010,0.015140158896717134,505,0.007570079448358567,145,0.0021735871683405787,482,0.007225303552690751,644,0.009653725078698846,0.0047519112576825066,0.016549242992055162,-0.011797331734372658,0.02130115424973767,3482,66710,success
S2024-031,0001410636,AWK,American Water Works,0001410636-25-000022,2024,2025-02-19,1.0.3,0.3.0,416,1916,-0.6432246998284734,1266,0.016004652221182778,573,0.007243811787312583,187,0.0023640363075522744,1694,0.02141538772723825,704,0.008899901393137974,0.005259032641399711,0.024221890723369825,-0.018962858081970114,0.029480923364769537,5873,79102,success
S2024-032,0000820027,AMP,Ameriprise Financial,0000820027-25-000013,2024,2025-02-20,1.0.3,0.3.0,344,1207,-0.556415215989684,1610,0.021081852584163733,479,0.006272178501748092,145,0.0018986761644122615,1006,0.013172884285508517,568,0.007437572837145963,0.0045044455210884,0.01580484227893517,-0.01130039675784677,0.02030928780002357,4647,76369,success
S2024-033,0001037868,AME,Ametek,0001037868-25-000012,2024,2025-02-20,1.0.3,0.3.0,240,398,-0.2476489028213166,466,0.01607839078080254,187,0.006452058103025912,70,0.002415208915571197,262,0.009039781941137909,265,0.009143290894662388,0.00828071628195839,0.013732187834247662,-0.005451471552289273,0.02201290411620605,1596,28983,success
S2024-034,0000318154,AMGN,Amgen,0000318154-25-000010,2024,2025-02-14,1.0.3,0.3.0,485,1913,-0.5954962468723937,1261,0.016311377865162725,634,0.008200962384229316,137,0.0017721322502198995,1339,0.017320329073317122,571,0.007386040254566151,0.006273606871216433,0.02474517514358152,-0.018471568272365086,0.031018782014797953,5330,77308,success
S2024-035,0000820313,APH,Amphenol,0001558370-25-000714,2024,2025-02-07,1.0.3,0.3.0,254,794,-0.5152671755725191,1008,0.016058115083158096,403,0.006420059899318167,116,0.0018479576881412095,624,0.009940737908621678,483,0.007694513477346588,0.004046390110240235,0.012648951761932072,-0.008602561651691838,0.016695341872172306,3136,62772,success
S2024-036,0000006281,ADI,Analog Devices,0000006281-24-000204,2024,2024-11-26,1.0.3,0.3.0,249,853,-0.5480943738656987,810,0.019293523569063668,441,0.010504251720934664,108,0.0025724698092084892,463,0.011028273348736394,386,0.009194197651430341,0.005930972060119572,0.020317747659767047,-0.014386775599647477,0.02624871971988662,2716,41983,success
S2024-037,0000315293,AON,Aon plc,0001628280-25-006093,2024,2025-02-18,1.0.3,0.3.0,374,1040,-0.471004243281471,1172,0.02202759087320979,482,0.009059128669698905,97,0.001823102657595008,702,0.013194000676615419,394,0.007405179866932301,0.0070292824117580725,0.01954666766905988,-0.012517385257301807,0.026575950080817954,3553,53206,success
S2024-038,0001858681,APO,Apollo Global Management,0001858681-25-000034,2024,2025-02-24,1.0.3,0.3.0,664,1929,-0.48785190898573083,2319,0.020244611476311448,801,0.00699264070397821,208,0.0018158168120193106,1316,0.011488533291429869,958,0.008363233201512017,0.005796645976830876,0.01683995495377524,-0.011043308976944364,0.022636600930606116,7059,114549,success
S2024-039,0000320193,AAPL,Apple Inc.,0000320193-24-000123,2024,2024-11-01,1.0.3,0.3.0,104,619,-0.7123098201936376,423,0.01810477657935285,202,0.00864577983222051,56,0.002396849854476973,264,0.011299435028248588,235,0.010058209210751583,0.004451292586885807,0.026493751070022255,-0.02204245848313645,0.030945043656908065,1597,23364,success
S2024-040,0000006951,AMAT,Applied Materials,0000006951-24-000044,2024,2024-12-13,1.0.3,0.3.0,234,738,-0.5185185185185185,685,0.019000332852546323,335,0.009292133584821925,79,0.002191279263286364,374,0.010373904360368356,370,0.010262953511594364,0.006490624653278597,0.02047043159880173,-0.013979806945523133,0.02696105625208033,2338,36052,success
S2024-041,0001521332,APTV,Aptiv,0001521332-25-000010,2024,2025-02-07,1.0.3,0.3.0,507,1182,-0.3996447602131439,1317,0.018591453860161776,451,0.006366549499569447,171,0.0024139245330961757,516,0.007284123152500741,512,0.007227657081551123,0.0071570744928641005,0.016685723965612163,-0.009528649472748063,0.023842798458476262,3973,70839,success
S2024-042,0000947484,ACGL,Arch Capital Group,0000947484-25-000017,2024,2025-02-27,1.0.3,0.3.0,512,2467,-0.6562604900973481,1898,0.018855366030538143,706,0.007013639840653282,282,0.002801482202640546,1377,0.013679577989489475,944,0.009378011345009487,0.005086379034581417,0.02450800210607882,-0.0194216230714974,0.029594381140660236,7145,100661,success
S2024-043,0000007084,ADM,Archer Daniels Midland,0000007084-25-000011,2024,2025-02-20,1.0.3,0.3.0,293,841,-0.48324514991181655,683,0.015800309991440536,241,0.005575219191708886,62,0.0014342887547134893,408,0.009438545353598445,319,0.0073796469798968235,0.006778171050500844,0.019455432947000716,-0.012677261896499873,0.02623360399750156,2429,43227,success
S2024-044,0001596532,ANET,Arista Networks,0001596532-25-000028,2024,2025-02-19,1.0.3,0.3.0,450,1832,-0.6056091148115688,1524,0.02460763417942259,946,0.01527481754182006,167,0.0026965058451204546,699,0.011286572369695795,603,0.009736485177291223,0.007266033714396435,0.029580830588387265,-0.02231479687399083,0.0368468643027837,4992,61932,success
S2024-045,0000354190,AJG,Arthur J. Gallagher & Co.,0000950170-25-021775,2024,2025-02-18,1.0.3,0.3.0,319,1624,-0.6716417910447762,1934,0.021291821254389925,698,0.00768443186947475,252,0.0027743221076040646,1141,0.012561513987207293,810,0.008917463917298779,0.003511939493355939,0.017878964693448417,-0.014367025200092478,0.021390904186804355,5728,90833,success
S2024-046,0001267238,AIZ,Assurant,0001267238-25-000008,2024,2025-02-20,1.0.3,0.3.0,525,1889,-0.5650372825186413,1602,0.022713416795451646,641,0.00908820235073939,153,0.002169258907430775,1113,0.015780295189349366,568,0.008053196466801832,0.007443535466674228,0.026782549517233557,-0.01933901405055933,0.034226084983907785,5397,70531,success
S2024-047,0000731802,ATO,Atmos Energy,0000731802-24-000030,2024,2024-11-18,1.0.3,0.3.0,136,371,-0.4635108481262327,475,0.014611338398597311,184,0.005659971084930327,59,0.0018148820326678765,403,0.01239656710449414,270,0.008305392352886893,0.004183456888861546,0.011412224307114954,-0.007228767418253406,0.015595681195976499,1652,32509,success
S2024-048,0000866787,AZO,AutoZone,0001558370-24-013758,2024,2024-10-28,1.0.3,0.3.0,191,663,-0.5526932084309133,579,0.01488393614560037,223,0.005732500449859901,92,0.0023649777640677616,312,0.008020359373795019,297,0.007634765173131796,0.004909899488445027,0.017043263669314412,-0.012133364180869386,0.021953163157759442,2029,38901,success
S2024-049,0000769397,ADSK,Autodesk,0000769397-24-000090,2024,2024-06-10,1.0.3,0.3.0,547,1373,-0.43020833333333336,1144,0.016560269828172724,532,0.007701104500513889,189,0.0027359187041299344,663,0.009597429104963738,530,0.007672152979835266,0.007918240905603566,0.019875218945875132,-0.011956978040271566,0.0277934598514787,4183,69081,success
S2024-050,0000008670,ADP,Automatic Data Processing,0000008670-24-000024,2024,2024-08-07,1.0.3,0.3.0,291,653,-0.3834745762711864,565,0.015276050397447683,264,0.007137835937922457,62,0.0016763099551181527,361,0.009760449899962147,356,0.00962526361325907,0.007867841886119073,0.017655329043421836,-0.009787487157302764,0.025523170929540907,2159,36986,success
S2024-051,0000915912,AVB,AvalonBay Communities,0000915912-25-000005,2024,2025-02-27,1.0.3,0.3.0,303,819,-0.45989304812834225,861,0.018339439379739288,469,0.009989775922297009,142,0.0030246229871347024,437,0.00930817074209764,383,0.008157962000511203,0.00645394905001278,0.017444832580727612,-0.010990883530714833,0.023898781630740395,2781,46948,success
S2024-052,0000008818,AVY,Avery Dennison,0000008818-25-000003,2024,2025-02-26,1.0.3,0.3.0,256,711,-0.4705274043433299,820,0.02089704383282365,306,0.007798165137614679,56,0.0014271151885830785,390,0.009938837920489297,285,0.007262996941896025,0.006523955147808359,0.018119266055045873,-0.011595310907237514,0.02464322120285423,2378,39240,success
S2024-053,0001069183,AXON,Axon Enterprise,0001069183-25-000019,2024,2025-02-28,1.0.3,0.3.0,331,1508,-0.6400217509516042,1258,0.0229248291571754,731,0.013321184510250569,138,0.0025148063781321186,793,0.014451025056947607,476,0.008674259681093394,0.006031890660592255,0.027480637813211844,-0.02144874715261959,0.0335125284738041,4286,54875,success
S2024-054,0001037540,BXP,"BXP, Inc.",0001656423-25-000009,2024,2025-02-27,1.0.3,0.3.0,504,1179,-0.40106951871657753,1701,0.02069041015910086,663,0.008064516129032258,255,0.003101736972704715,511,0.0062156376198121924,645,0.007845569989782513,0.006130491898992848,0.014340972120858268,-0.008210480221865421,0.020471464019851116,4552,82212,success
S2024-055,0001701605,BKR,Baker Hughes,0001701605-25-000035,2024,2025-02-04,1.0.3,0.3.0,336,1054,-0.516546762589928,801,0.017405475880052153,393,0.008539765319426336,103,0.0022381573229030855,664,0.014428509343763581,401,0.008713602781399392,0.007301173402868318,0.02290308561495002,-0.015601912212081704,0.03020425901781834,3155,46020,success
S2024-056,0000009389,BALL,Ball Corporation,0001558370-25-001190,2024,2025-02-20,1.0.3,0.3.0,239,586,-0.4206060606060606,770,0.016959605303731112,247,0.0054402889740540064,107,0.0023567243733756222,478,0.01052817056517334,346,0.007620809655962292,0.00526408528258667,0.01290692039998238,-0.007642835117395709,0.01817100568256905,2416,45402,success
S2024-057,0000070858,BAC,Bank of America,0000070858-25-000139,2024,2025-02-25,1.0.3,0.3.0,327,2441,-0.763728323699422,2261,0.022864481681110764,644,0.00651248394632257,117,0.0011831686672666782,1014,0.010254128449644543,824,0.008332743434425152,0.00330680473671969,0.024684741169213344,-0.021377936432493656,0.027991545905933033,6677,98887,success
S2024-058,0001390777,BK,Bank of New York Mellon,0001390777-25-000046,2024,2025-02-27,1.0.3,0.3.0,29,113,-0.5915492957746479,119,0.019582030607207503,62,0.010202402501234161,5,0.0008227743952608195,69,0.011354286654599309,39,0.0064176402830343916,0.004772091492512753,0.01859470133289452,-0.013822609840381767,0.023366792825407275,364,6077,success
S2024-059,0000010456,BAX,Baxter International,0001628280-25-007201,2024,2025-02-21,1.0.3,0.3.0,401,1701,-0.6184586108468125,1240,0.019268122135032244,575,0.008934814699712532,106,0.0016471136663817885,776,0.012058115142568566,594,0.009230052055007381,0.0062310620775386525,0.026431512702975682,-0.02020045062543703,0.032662574780514333,4431,64355,success
S2024-060,0000010795,BDX,Becton Dickinson,0000010795-24-000084,2024,2024-11-27,1.0.3,0.3.0,352,1042,-0.4949784791965567,857,0.017631205381940872,395,0.00812640154710227,89,0.00183101199415722,702,0.014442364268520995,373,0.007673791840681383,0.007241755302734174,0.02143724154957105,-0.014195486246836876,0.028678996852305225,3169,48607,success
S2024-061,0001067983,BRK-B,Berkshire Hathaway,0000950170-25-025210,2024,2025-02-24,1.0.3,0.3.0,323,2126,-0.736218864842793,1086,0.013518560011950108,328,0.0040829536684342865,93,0.0011576667413548435,1529,0.01903303707023178,471,0.00586302188363582,0.004020713521049618,0.026464510667961263,-0.022443797146911644,0.030485224189010878,5184,80334,success
S2024-062,0000764478,BBY,Best Buy,0000764478-24-000010,2024,2024-03-15,1.0.3,0.3.0,364,676,-0.3,607,0.01705056179775281,287,0.00806179775280899,153,0.004297752808988764,275,0.007724719101123595,271,0.0076123595505617975,0.010224719101123596,0.01898876404494382,-0.008764044943820225,0.029213483146067417,2126,35600,success
S2024-063,0000842023,TECH,Bio-Techne,0001558370-24-012430,2024,2024-08-22,1.0.3,0.3.0,319,1153,-0.5665760869565217,822,0.017054649570521597,299,0.006203576911905058,106,0.002199261380140255,582,0.012075189841902154,460,0.009543964479853936,0.006618531889290012,0.023922154446242582,-0.017303622556952572,0.030540686335532596,3168,48198,success
S2024-064,0000875045,BIIB,Biogen,0000875045-25-000009,2024,2025-02-12,1.0.3,0.3.0,740,1374,-0.29990539262062443,1645,0.019414611117667888,647,0.007636020299775758,219,0.0025846807506196153,864,0.010197096659978757,596,0.007034108344152012,0.008733624454148471,0.016216216216216217,-0.007482591762067744,0.02494984067036469,5161,84730,success
S2024-065,0002012383,BLK,BlackRock,0000950170-25-026584,2024,2025-02-25,1.0.3,0.3.0,449,1533,-0.5469223007063572,2043,0.020115989405381986,740,0.007286261458630774,189,0.0018609505617313733,1105,0.01088016069160406,887,0.008733667451088509,0.004420988371520564,0.015094376778487805,-0.010673388406967242,0.01951536515000837,5900,101561,success
S2024-066,0001393818,BX,Blackstone Inc.,0001193125-25-042469,2024,2025-02-28,1.0.3,0.3.0,356,1118,-0.5169606512890095,1069,0.016560035939460597,573,0.008876427121899835,131,0.002029340232057379,661,0.010239648041144486,564,0.008737006800613449,0.005514848264217,0.017319102133130915,-0.011804253868913915,0.022833950397347917,3696,64553,success
S2024-067,0000012927,BA,Boeing,0000012927-25-000015,2024,2025-02-03,1.0.3,0.3.0,270,1055,-0.5924528301886792,800,0.016554235815089188,310,0.00641476637834706,124,0.0025659065513388237,597,0.012353598477010305,454,0.009394528825063113,0.005587054587592601,0.021830898481148865,-0.016243843893556265,0.027417953068741466,3184,48326,success
S2024-068,0001075531,BKNG,Booking Holdings,0001075531-25-000010,2024,2025-02-20,1.0.3,0.3.0,305,979,-0.5249221183800623,965,0.020710821135768553,536,0.011503627076447611,86,0.0018457312100270422,523,0.011224621195862127,390,0.008370176417564493,0.006545907198351719,0.021011289007168307,-0.014465381808816586,0.027557196205520024,3087,46594,success
S2024-069,0000908255,BWA,BorgWarner,0000908255-25-000007,2024,2025-02-06,1.0.3,0.3.0,266,933,-0.5562969140950792,911,0.01874485596707819,336,0.006913580246913581,98,0.002016460905349794,322,0.006625514403292181,307,0.0063168724279835395,0.005473251028806584,0.01919753086419753,-0.013724279835390946,0.024670781893004114,2677,48600,success
S2024-070,0000885725,BSX,Boston Scientific,0000885725-25-000011,2024,2025-02-18,1.0.3,0.3.0,409,1312,-0.5246949447995352,1118,0.018970695535608234,455,0.0077206319040266065,129,0.002188926407954796,712,0.012081516298169108,560,0.009502316189571208,0.0069400845027404005,0.022262569358423974,-0.015322484855683573,0.029202653861164374,3943,58933,success
S2024-071,0000014272,BMY,Bristol Myers Squibb,0000014272-25-000039,2024,2025-02-12,1.0.3,0.3.0,523,1202,-0.3936231884057971,968,0.01688499712187549,434,0.00757033961869211,124,0.0021629541767691743,921,0.016065167716164595,443,0.007727328228296325,0.009122782535889341,0.02096670097158506,-0.011843918435695721,0.030089483507474403,3935,57329,success
S2024-072,0001730168,AVGO,Broadcom,0001730168-24-000139,2024,2024-12-20,1.0.3,0.3.0,324,1042,-0.5256222547584187,933,0.020404592673592126,478,0.01045379989065063,78,0.0017058501913613997,485,0.01060688901038819,369,0.008069983597594314,0.007085839256424276,0.02278840896664844,-0.015702569710224167,0.029874248223072716,3071,45725,success
S2024-073,0001383312,BR,Broadridge Financial Solutions,0001383312-24-000039,2024,2024-08-06,1.0.3,0.3.0,299,702,-0.4025974025974026,698,0.01571611915430167,331,0.007452772836782023,88,0.001981401841803076,575,0.01294665976178146,348,0.007835543647130344,0.006732263076126359,0.015806182874383626,-0.009073919798257267,0.022538445950509987,2571,44413,success
S2024-074,0000079282,BRO,Brown & Brown,0000950170-25-019039,2024,2025-02-13,1.0.3,0.3.0,300,1140,-0.5833333333333334,1118,0.018683779538086167,475,0.00793809953541228,102,0.0017046024265516895,629,0.01051171496373542,441,0.007369898726561717,0.0050135365486814396,0.01905143888498947,-0.014037902336308031,0.02406497543367091,3493,59838,success
S2024-075,0000014693,BF-B,Brown–Forman,0000014693-24-000086,2024,2024-06-14,1.0.3,0.3.0,271,698,-0.4406604747162023,636,0.018490522153738805,269,0.007820676822886383,62,0.001802535178509129,207,0.006018141644377253,261,0.007588091638562624,0.007878823118967322,0.020293057332247937,-0.012414234213280613,0.028171880451215256,2030,34396,success
S2024-076,0001316835,BLDR,Builders FirstSource,0000950170-25-023953,2024,2025-02-20,1.0.3,0.3.0,348,861,-0.42431761786600497,806,0.015243498817966904,395,0.007470449172576832,103,0.0019479905437352245,450,0.00851063829787234,450,0.00851063829787234,0.006581560283687943,0.01628368794326241,-0.009702127659574468,0.022865248226950356,2840,52875,success
S2024-077,0001996862,BG,Bunge Global,0001996862-25-000008,2024,2025-02-20,1.0.3,0.3.0,336,1160,-0.5508021390374331,1232,0.018076443401071087,462,0.006778666275401658,159,0.0023329176142616098,647,0.00949306727312743,537,0.007879099112317512,0.004929939109383024,0.01702002787763187,-0.012090088768248845,0.02194996698701489,3814,68155,success
S2024-078,0001043277,CHRW,C.H. Robinson,0001043277-25-000012,2024,2025-02-14,1.0.3,0.3.0,254,630,-0.4253393665158371,548,0.016128557553639226,254,0.007475645289460518,49,0.001442152044029785,381,0.011213467934190776,245,0.007210760220148924,0.007475645289460518,0.01854195485181152,-0.011066309562351002,0.026017600141272038,2017,33977,success
S2024-079,0001138118,CBRE,CBRE Group,0001138118-25-000005,2024,2025-02-14,1.0.3,0.3.0,284,941,-0.5363265306122449,1014,0.01902938858236685,429,0.008050895169462897,120,0.0022519986488008107,521,0.009777427466876853,463,0.008688961453289795,0.005329730135495252,0.01765942273767969,-0.01232969260218444,0.022989152873174944,3167,53286,success
S2024-080,0001402057,CDW,CDW Corporation,0001402057-25-000018,2024,2025-02-21,1.0.3,0.3.0,203,592,-0.48930817610062893,633,0.0187527773663161,307,0.009094948896459783,64,0.0018960154051251667,288,0.00853206932306325,295,0.008739446007998815,0.0060139238631313876,0.01753814249740779,-0.011524218634276403,0.02355206636053918,1953,33755,success
S2024-081,0001324404,CF,CF Industries,0001324404-25-000006,2024,2025-02-20,1.0.3,0.3.0,250,1020,-0.6062992125984252,961,0.01605654040868156,423,0.007067551085194901,83,0.001386777163288834,502,0.008387495614108368,491,0.008203705869576115,0.004177039648460343,0.0170423217657182,-0.012865282117257857,0.021219361414178545,3127,59851,success
S2024-082,0001156375,CME,CME Group,0001156375-25-000021,2024,2025-02-27,1.0.3,0.3.0,352,821,-0.3998294970161978,861,0.018505781713450544,366,0.007866569230107897,106,0.002278296006533981,570,0.0122512143747582,442,0.009500064480075657,0.0075656622103769935,0.017646047371362248,-0.010080385160985255,0.025211709581739242,3000,46526,success
S2024-083,0000811156,CMS,CMS Energy,0000811156-25-000036,2024,2025-02-11,1.0.3,0.3.0,213,736,-0.5511064278187566,719,0.013869331224320519,373,0.007195077255454177,144,0.0027777241951351247,775,0.0149495573002064,485,0.00935552940722594,0.004108717038637372,0.014197256997357304,-0.010088539958719932,0.018305974035994675,2963,51841,success
S2024-084,0000277948,CSX,CSX Corporation,0000277948-25-000008,2024,2025-02-27,1.0.3,0.3.0,156,579,-0.5755102040816327,488,0.013065945540710595,192,0.005140699884869742,49,0.0013119494497844655,346,0.009263969584192348,269,0.007202334734531045,0.004176818656456666,0.015502423090310316,-0.01132560443385365,0.01967924174676698,1766,37349,success
S2024-085,0000064803,CVS,CVS Health,0000064803-25-000007,2024,2025-02-12,1.0.3,0.3.0,688,2340,-0.5455746367239102,1734,0.01691558789959906,775,0.007560311777502464,200,0.001951048200645797,1757,0.017139958442673325,969,0.009452828532128886,0.006711605810221542,0.022827263947555826,-0.016115658137334284,0.029538869757777367,7084,102509,success
S2024-086,0000813672,CDNS,Cadence Design Systems,0000813672-25-000024,2024,2025-02-21,1.0.3,0.3.0,302,976,-0.5273865414710485,1103,0.021675051092595505,563,0.011063512026410942,100,0.0019650998270712154,562,0.01104386102814023,489,0.009609338154378243,0.00593460147775507,0.019179374312215062,-0.01324477283445999,0.02511397578997013,3388,50888,success
S2024-087,0001590895,CZR,Caesars Entertainment,0001590895-25-000068,2024,2025-02-25,1.0.3,0.3.0,293,1050,-0.5636634400595681,801,0.015442750004819835,432,0.008328674159902832,131,0.0025255933216372013,611,0.011779675721529237,519,0.010005976594883264,0.005648846131600763,0.020243305249763827,-0.014594459118163065,0.02589215138136459,3200,51869,success
S2024-088,0000906345,CPT,Camden Property Trust,0000906345-25-000008,2024,2025-02-20,1.0.3,0.3.0,177,427,-0.4139072847682119,654,0.023749863819588192,261,0.009478156661945746,42,0.0015252206122671314,169,0.0061371972255510766,229,0.008316083814504122,0.0064277154374114825,0.01550640955804917,-0.009078694120637687,0.021934124995460654,1582,27537,success
S2024-089,0000016732,CPB,Campbell's,0000016732-24-000130,2024,2024-09-19,1.0.3,0.3.0,276,769,-0.4717703349282297,821,0.02068739605906365,304,0.007660132036486418,84,0.002116615431134405,375,0.009449176031850023,360,0.009071208990576021,0.0069545935594416165,0.019377110315980446,-0.01242251675653883,0.026331703875422063,2505,39686,success
S2024-090,0000927628,COF,Capital One,0000927628-25-000092,2024,2025-02-20,1.0.3,0.3.0,354,2234,-0.7264296754250387,1970,0.0217910711915402,737,0.008152294146276714,154,0.0017034644484757312,1023,0.011315870979160213,762,0.008428830582717579,0.003915755940002655,0.024711295960355737,-0.02079554002035308,0.028627051900358393,6273,90404,success
S2024-091,0001170010,KMX,CarMax,0001170010-24-000034,2024,2024-04-15,1.0.3,0.3.0,261,703,-0.45850622406639,581,0.014966512107161257,259,0.00667181865018032,78,0.002009273570324575,305,0.007856774858320453,275,0.00708397733127254,0.006723338485316847,0.018109222050489437,-0.011385883565172592,0.024832560535806285,2098,38820,success
S2024-092,0000721371,CAH,Cardinal Health,0000721371-24-000056,2024,2024-08-14,1.0.3,0.3.0,191,1258,-0.7363699102829537,863,0.018169186070992462,345,0.007263463724788412,63,0.0013263716367004927,747,0.015726977978020126,445,0.009368815529074908,0.004021221946187208,0.026485325697924122,-0.022464103751736915,0.030506547644111332,3189,47498,success
S2024-093,0000815097,CCL,Carnival Corporation,0000815097-25-000007,2024,2025-01-27,1.0.3,0.3.0,291,588,-0.3378839590443686,562,0.014049297535123243,248,0.006199690015499225,109,0.0027248637568121595,373,0.009324533773311335,383,0.009574521273936303,0.00727463626818659,0.014699265036748163,-0.007424628768561572,0.02197390130493475,2194,40002,success
S2024-094,0001783180,CARR,Carrier Global,0001783180-25-000008,2024,2025-02-11,1.0.3,0.3.0,333,1098,-0.5345911949685535,938,0.019286918616605666,436,0.008964921659744211,121,0.002487971378048279,656,0.013488505983468355,367,0.007546161121848912,0.006847061726364272,0.02257679812476868,-0.015729736398404408,0.029423859851132952,3264,48634,success
S2024-095,0000018230,CAT,Caterpillar Inc.,0000018230-25-000008,2024,2025-02-14,1.0.3,0.3.0,229,825,-0.5654648956356736,806,0.017564504881450487,303,0.006603033472803347,68,0.0014818688981868898,436,0.00950139470013947,341,0.007431136680613668,0.004990411436541144,0.017978556485355648,-0.012988145048814504,0.02296896792189679,2570,45888,success
S2024-096,0001374310,CBOE,Cboe Global Markets,0001628280-25-006984,2024,2025-02-21,1.0.3,0.3.0,433,1302,-0.500864553314121,1259,0.01592260022764639,579,0.007322625521689642,145,0.0018338181358290122,917,0.011597318831415201,657,0.008309093208549386,0.0054761603642342225,0.01646642215758189,-0.010990261793347667,0.021942582521816113,4462,79070,success
S2024-097,0001306830,CE,Celanese,0001306830-25-000027,2024,2025-02-21,1.0.3,0.3.0,288,1042,-0.5669172932330827,969,0.01860563353238225,398,0.007641942359017684,100,0.0019200860198536895,609,0.01169332386090897,464,0.00890919913212112,0.0055298477371786255,0.020007296326875444,-0.014477448589696818,0.02553714406405407,3295,52081,success
S2024-098,0001140859,COR,Cencora,0001140859-24-000177,2024,2024-11-26,1.0.3,0.3.0,291,1265,-0.6259640102827764,888,0.019278782484097177,432,0.009378867154425654,90,0.0019539306571720112,881,0.019126810099650463,379,0.00822821910075769,0.006317709124856169,0.02746358090358438,-0.021145871778728207,0.03378129002844055,3452,46061,success
S2024-099,0001071739,CNC,Centene Corporation,0001071739-25-000027,2024,2025-02-18,1.0.3,0.3.0,476,1469,-0.5105398457583548,1033,0.01924832765013882,527,0.009819814783759108,121,0.0022546443810908005,1007,0.018763858609573855,495,0.009223545195371457,0.00886951012726629,0.027372500791920547,-0.018502990664654256,0.036242010919186836,4231,53667,success
S2024-100,0001130310,CNP,CenterPoint Energy,0001130310-25-000040,2024,2025-02-20,1.0.3,0.3.0,290,1995,-0.7461706783369803,1494,0.016770500084189257,805,0.00903631363304709,191,0.002144019756412415,1536,0.017241959925913455,733,0.008228096761519896,0.003255317954762306,0.02239434248189931,-0.019139024527137005,0.025649660436661614,5909,89085,success
S2024-101,0001100682,CRL,Charles River Laboratories,0001100682-25-000011,2024,2025-02-19,1.0.3,0.3.0,545,1206,-0.37749857224443173,1064,0.01747556869508089,504,0.00827790096082779,129,0.002118748460211875,744,0.012219758561221976,557,0.009148394514248172,0.008951301634228463,0.019807834441980785,-0.01085653280775232,0.02875913607620925,3983,60885,success
S2024-102,0000316709,SCHW,Charles Schwab Corporation,0000316709-25-000010,2024,2025-02-26,1.0.3,0.3.0,276,1030,-0.5773353751914242,859,0.013655078131209563,308,0.004896116489420891,96,0.0015260622824169012,549,0.008727168677571654,620,0.00985581890727582,0.004387429061948591,0.01637337657176467,-0.011985947509816079,0.02076080563371326,3241,62907,success
S2024-103,0001091667,CHTR,Charter Communications,0001091667-25-000034,2024,2025-01-31,1.0.3,0.3.0,285,636,-0.3811074918566775,623,0.01235620785402618,305,0.006049186830622769,139,0.002756842522808409,480,0.009520031733439112,460,0.009123363744545815,0.005652518841729472,0.012614042046806823,-0.00696152320507735,0.018266560888536294,2523,50420,success
S2024-104,0000093410,CVX,Chevron Corporation,0000093410-25-000009,2024,2025-02-21,1.0.3,0.3.0,257,714,-0.470648815653965,720,0.014930325149303252,260,0.005391506303915063,59,0.001223457199734572,477,0.009891340411413404,455,0.00943513603185136,0.005329296615792966,0.014805905773059057,-0.009476609157266091,0.020135202388852025,2515,48224,success
S2024-105,0001058090,CMG,Chipotle Mexican Grill,0001058090-25-000014,2024,2025-02-05,1.0.3,0.3.0,222,744,-0.5403726708074534,535,0.017910947438901908,274,0.009173083361232005,55,0.0018413123535319718,305,0.01021091396049548,234,0.007833947104117844,0.007432206226983595,0.0249079343823234,-0.017475728155339806,0.032340140609307,1934,29870,success
S2024-106,0000896159,CB,Chubb Limited,0000896159-25-000004,2024,2025-02-27,1.0.3,0.3.0,423,2334,-0.6931447225244831,1749,0.02030344891633679,520,0.006036474234702762,190,0.0022056348165260093,1060,0.012305120555355629,625,0.007255377685940819,0.004910439617844747,0.027094482430377397,-0.02218404281253265,0.03200492204822214,6028,86143,success
S2024-107,0000313927,CHD,Church & Dwight,0000950170-25-019801,2024,2025-02-13,1.0.3,0.3.0,338,1220,-0.5661103979460848,1078,0.017841478955992123,460,0.007613247049866768,111,0.001837109614206981,514,0.008506976051372867,541,0.008953840552125917,0.005594081527945582,0.020191655219211863,-0.014597573691266281,0.025785736747157444,3556,60421,success
S2024-108,0001739940,CI,Cigna,0001739940-25-000009,2024,2025-02-27,1.0.3,0.3.0,402,1356,-0.5426621160409556,1123,0.018415572063429593,471,0.007723717223397451,104,0.0017054492382873353,1103,0.018087601056066643,506,0.008297666486282612,0.006592217247995277,0.02223643429920795,-0.01564421705121267,0.028828651547203227,4266,60981,success
S2024-109,0000020286,CINF,Cincinnati Financial,0000020286-25-000009,2024,2025-02-24,1.0.3,0.3.0,546,2025,-0.5752625437572929,1222,0.019602496029772695,348,0.00558238021142463,95,0.0015239256324291375,697,0.011180801745295883,351,0.005630504178764498,0.008758562055855885,0.03248367795441056,-0.023725115898554677,0.04124224001026645,4584,62339,success
S2024-110,0000723254,CTAS,Cintas,0000723254-24-000036,2024,2024-07-25,1.0.3,0.3.0,152,473,-0.5136,565,0.02013255416191562,318,0.011331242873432155,54,0.0019241733181299887,325,0.011580672748004561,248,0.008836944127708095,0.005416191562143672,0.016854332953249715,-0.011438141391106044,0.022270524515393388,1704,28064,success
S2024-111,0000858877,CSCO,Cisco,0000858877-24-000017,2024,2024-09-05,1.0.3,0.3.0,336,1104,-0.5333333333333333,1039,0.020350602291646265,455,0.00891195769268436,96,0.0018803251395553815,542,0.010616002350406424,446,0.008735677210851042,0.006581137988443835,0.021623739104886887,-0.015042601116443052,0.02820487709333072,3374,51055,success
S2024-112,0000831001,C,Citigroup,0000831001-25-000067,2024,2025-02-21,1.0.3,0.3.0,548,2949,-0.6865885044323706,2986,0.021840896456888734,602,0.004403288569004359,193,0.0014116855379033909,1865,0.01364141724450686,940,0.006875566868545013,0.004008309195704965,0.021570262441850258,-0.017561953246145293,0.025578571637555225,8991,136716,success
S2024-113,0000759944,CFG,Citizens Financial Group,0000759944-25-000013,2024,2025-02-13,1.0.3,0.3.0,281,1184,-0.616382252559727,1246,0.02026510531023827,423,0.006879726762625031,85,0.0013824510043099942,726,0.011807757989753599,622,0.010116288525656665,0.004570220378954217,0.0192567292835651,-0.01468650890461088,0.023826949662519314,3972,61485,success
S2024-114,0000021076,CLX,Clorox,0000021076-24-000030,2024,2024-08-08,1.0.3,0.3.0,207,632,-0.5065554231227652,518,0.02478231748158071,332,0.015883647497847098,29,0.0013874270404745958,270,0.012917424169935892,146,0.006984977514113482,0.009903358530284184,0.030236341019998086,-0.020332982489713904,0.04013969955028227,1692,20902,success
S2024-115,0001057352,CSGP,CoStar Group,0001057352-25-000016,2024,2025-02-20,1.0.3,0.3.0,243,947,-0.5915966386554622,932,0.021227167129777253,502,0.011433517059171868,105,0.0023914726916594545,381,0.008677629481164306,359,0.008176559012435658,0.00553455108641188,0.0215688060857286,-0.01603425499931672,0.02710335717214048,2804,43906,success
S2024-116,0000021344,KO,Coca-Cola Company (The),0000021344-25-000011,2024,2025-02-20,1.0.3,0.3.0,477,1359,-0.4803921568627451,1111,0.015662005187774896,499,0.007034509980827788,144,0.002029998872222849,808,0.011390549227472652,525,0.0074010375549791365,0.006724371264238187,0.019158114356603136,-0.012433743092364948,0.025882485620841323,4146,70936,success
S2024-117,0001058290,CTSH,Cognizant,0001058290-25-000017,2024,2025-02-12,1.0.3,0.3.0,307,878,-0.48185654008438816,746,0.01913900148801888,339,0.008697213812920108,86,0.0022063728256965466,581,0.014905844322438298,279,0.0071578839345271695,0.007876237877777208,0.02252552722048335,-0.014649289342706142,0.030401765098260557,2715,38978,success
S2024-118,0000021665,CL,Colgate-Palmolive,0000021665-25-000008,2024,2025-02-13,1.0.3,0.3.0,226,754,-0.5387755102040817,711,0.017465425335920805,282,0.006927215112137365,68,0.001670392296543762,453,0.011127760446093002,317,0.007786975853005478,0.005551597926748385,0.01852170281755877,-0.012970104890810385,0.024073300744307156,2390,40709,success
S2024-119,0001166691,CMCSA,Comcast,0001166691-25-000011,2024,2025-01-31,1.0.3,0.3.0,158,614,-0.5906735751295337,553,0.012266536533427975,297,0.006587995208730758,83,0.0018410895701166763,401,0.008894902621889002,332,0.007364358280466705,0.0035047247238365643,0.013619626458453485,-0.01011490173461692,0.01712435118229005,2014,45082,success
S2024-120,0000023217,CAG,Conagra Brands,0001558370-24-009764,2024,2024-07-11,1.0.3,0.3.0,259,1127,-0.6262626262626263,1236,0.025129101776928394,668,0.013581100313097222,99,0.002012767860773391,388,0.007888423535152279,456,0.009270930752653193,0.005265726019599073,0.0229130240312284,-0.017647298011629325,0.02817875005082747,3276,49186,success
S2024-121,0001163165,COP,ConocoPhillips,0001163165-25-000012,2024,2025-02-18,1.0.3,0.3.0,293,882,-0.5012765957446809,946,0.016105691472155542,316,0.005379913853278172,107,0.0018216796908252038,600,0.010215026303692733,456,0.0077634199908064765,0.004988337844969951,0.015016088666428316,-0.010027750821458365,0.020004426511398266,3125,58737,success
S2024-122,0001047862,ED,Consolidated Edison,0001047862-25-000011,2024,2025-02-20,1.0.3,0.3.0,206,766,-0.5761316872427984,752,0.010721872905884198,312,0.00444843663116472,123,0.0017537105949783994,787,0.011220896245918701,447,0.006373240942726378,0.0029371088013459374,0.010921482241898,-0.007984373440552063,0.013858591043243936,2998,70137,success
S2024-123,0000016918,STZ,Constellation Brands,0000016918-24-000054,2024,2024-04-23,1.0.3,0.3.0,311,902,-0.4872217642209398,763,0.017406182274438235,338,0.007710733432188891,92,0.002098779514086917,386,0.008805748830842933,367,0.008372305235542376,0.00709478727044599,0.020577164366373902,-0.013482377095927912,0.027671951636819892,2637,43835,success
S2024-124,0001868275,CEG,Constellation Energy,0001868275-25-000023,2024,2025-02-18,1.0.3,0.3.0,301,1084,-0.5653429602888087,1279,0.017606166976392043,527,0.007254456604033312,181,0.002491568586964003,854,0.01175579874733292,754,0.010379241516966068,0.004143437263404226,0.01492188037717668,-0.010778443113772455,0.019065317640580906,4225,72645,success
S2024-125,0000711404,COO,Cooper Companies (The),0000711404-24-000074,2024,2024-12-06,1.0.3,0.3.0,262,1032,-0.5950540958268934,842,0.01897251013970257,438,0.009869310500225327,151,0.0034024335286164937,677,0.015254619197836864,511,0.011514195583596214,0.005903560162235241,0.023253717890941866,-0.017350157728706624,0.029157278053177107,3329,44380,success
S2024-126,0000900075,CPRT,Copart,0000900075-24-000024,2024,2024-09-30,1.0.3,0.3.0,248,741,-0.49848331648129424,674,0.0170240711272764,349,0.00881513475284787,99,0.0025005683109797683,432,0.01091157081154808,264,0.006668182162612715,0.006264049910333157,0.01871637493369705,-0.012452325023363896,0.024980424844030208,2342,39591,success
S2024-127,0000024741,GLW,Corning Inc.,0001628280-25-005347,2024,2025-02-13,1.0.3,0.3.0,269,669,-0.42643923240938164,599,0.015582726326742976,233,0.006061394380853278,85,0.0022112382934443287,358,0.00931321540062435,279,0.007258064516129033,0.006997918834547347,0.017403746097814775,-0.01040582726326743,0.02440166493236212,2136,38440,success
S2024-128,0001175454,CPAY,Corpay,0001628280-25-008746,2024,2025-02-27,1.0.3,0.3.0,332,1425,-0.6220830961866819,1179,0.019713081861958266,549,0.009179373996789727,107,0.0017890583199571964,859,0.01436262707330123,573,0.009580658105939005,0.005551096843231675,0.023826243980738362,-0.01827514713750669,0.029377340823970036,4194,59808,success
S2024-129,0001755672,CTVA,Corteva,0001755672-25-000005,2024,2025-02-14,1.0.3,0.3.0,339,1464,-0.6239600665557404,1073,0.015655320328572055,405,0.005909044485621325,123,0.0017945986956331432,1076,0.015699091028465544,525,0.007659872481360977,0.004946089087964517,0.021360101548023754,-0.016414012460059236,0.02630619063598827,4269,68539,success
S2024-130,0000909832,COST,Costco,0000909832-24-000049,2024,2024-10-09,1.0.3,0.3.0,138,595,-0.6234652114597544,472,0.01838578996572141,203,0.007907447803053911,31,0.0012075412901215333,281,0.010945777500779059,173,0.006738859457775008,0.005375506388282954,0.02317700218136491,-0.017801495793081958,0.028552508569647864,1587,25672,success
S2024-131,0001535527,CRWD,CrowdStrike,0001535527-24-000007,2024,2024-03-07,1.0.3,0.3.0,489,1809,-0.5744125326370757,1248,0.02038982469325404,762,0.012449556423284918,179,0.0029245020994330714,742,0.012122796412175079,538,0.008789844298854706,0.007989282271635598,0.029555443004885062,-0.021566160733249466,0.03754472527652066,4718,61207,success
S2024-132,0001051470,CCI,Crown Castle,0001051470-25-000089,2024,2025-03-14,1.0.3,0.3.0,247,950,-0.5873015873015873,1011,0.01891275067345106,465,0.008698742891349896,149,0.002787339120023945,474,0.008867105656988925,462,0.008642621969470219,0.004620622568093385,0.017771625261897635,-0.01315100269380425,0.02239224782999102,3165,53456,success
S2024-133,0000026172,CMI,Cummins,0000026172-25-000007,2024,2025-02-11,1.0.3,0.3.0,322,852,-0.4514480408858603,803,0.01584263899301582,296,0.005839876889081798,86,0.0016967209880440358,484,0.009548987886201317,391,0.007714161701456023,0.006352839048257902,0.016809375369924634,-0.010456536321666732,0.023162214418182534,2767,50686,success
S2024-134,0000882184,DHI,D. R. Horton,0000882184-24-000057,2024,2024-11-19,1.0.3,0.3.0,184,745,-0.6038751345532831,691,0.015502658560114868,347,0.0077849819397393044,66,0.0014807170260022883,454,0.010185538330379378,523,0.011733560675745406,0.004128059587642743,0.016714154308662195,-0.012586094721019452,0.02084221389630494,2478,44573,success
S2024-135,0000936340,DTE,DTE Energy,0000936340-25-000065,2024,2025-02-13,1.0.3,0.3.0,244,655,-0.457174638487208,840,0.015408320493066256,298,0.005466285127302076,126,0.0023112480739599386,674,0.012363342871817447,474,0.008694695135373102,0.004475750238462103,0.012014821336855235,-0.007539071098393133,0.016490571575317338,2873,54516,success
S2024-136,0000927066,DVA,DaVita,0000927066-25-000012,2024,2025-02-13,1.0.3,0.3.0,485,1792,-0.5740008783487044,1466,0.019163398692810456,718,0.00938562091503268,144,0.0018823529411764706,1286,0.016810457516339868,700,0.009150326797385621,0.0063398692810457515,0.02342483660130719,-0.01708496732026144,0.02976470588235294,5547,76500,success
S2024-137,0000313616,DHR,Danaher Corporation,0000313616-25-000043,2024,2025-02-20,1.0.3,0.3.0,309,1428,-0.6442141623488774,1021,0.017570427988779707,387,0.00665989777831317,102,0.0017553218950592852,847,0.014576055344266809,559,0.009619852346452356,0.0053175927997384225,0.02457450653082999,-0.01925691373109157,0.029892099330568415,3970,58109,success
S2024-138,0000940944,DRI,Darden Restaurants,0000940944-24-000035,2024,2024-07-19,1.0.3,0.3.0,267,827,-0.5118829981718465,805,0.02026023708252586,482,0.012130974253139708,74,0.0018624317318098305,321,0.008078926836634536,291,0.00732388694536028,0.006719855032340875,0.020813933002793647,-0.014094077970452772,0.027533788035134524,2422,39733,success
S2024-139,0000910521,DECK,Deckers Brands,0000910521-24-000017,2024,2024-05-24,1.0.3,0.3.0,337,985,-0.49016641452344933,916,0.01922511858288209,454,0.009528606808546362,97,0.002035847710196029,346,0.007261889770389959,345,0.007240901649666289,0.007072996683876925,0.020673298912815347,-0.01360030222893842,0.027746295596692273,2857,47646,success
S2024-140,0000315189,DE,Deere & Company,0001558370-24-016169,2024,2024-12-12,1.0.3,0.3.0,214,816,-0.5844660194174758,682,0.015358630784821529,275,0.0061929962842022295,51,0.0011485193108884135,316,0.007116315730210562,303,0.006823555905866457,0.004819277108433735,0.018376308974214616,-0.01355703186578088,0.02319558608264835,2260,44405,success
S2024-141,0001571996,DELL,Dell Technologies,0001571996-24-000036,2024,2024-03-25,1.0.3,0.3.0,403,1016,-0.4319943622269204,936,0.015394230452945627,420,0.00690766751093714,133,0.0021874280451300945,552,0.009078648728660241,412,0.006776092891681195,0.006628071445018256,0.01670997664550508,-0.010081905200486825,0.02333804809052334,3256,60802,success
S2024-142,0000027904,DAL,Delta Air Lines,0000027904-25-000004,2024,2025-02-11,1.0.3,0.3.0,304,634,-0.35181236673773986,660,0.015386408672339433,278,0.00648094183471267,71,0.001655204569297121,351,0.008182771884835063,440,0.010257605781559622,0.007087073085441193,0.01478027742161091,-0.0076932043361697166,0.021867350507052102,2347,42895,success
S2024-143,0001090012,DVN,Devon Energy,0000950170-25-022844,2024,2025-02-19,1.0.3,0.3.0,225,935,-0.6120689655172413,921,0.016664254179633783,258,0.004668162408627053,87,0.0015741477889556345,563,0.010186726496345081,595,0.01076572338423681,0.0040710718679887094,0.016917565318086414,-0.012846493450097706,0.020988637186075125,3111,55268,success
S2024-144,0001093557,DXCM,Dexcom,0001093557-25-000036,2024,2025-02-18,1.0.3,0.3.0,450,2158,-0.6549079754601227,1630,0.02253061675835568,1055,0.014582699803721007,212,0.002930362425013131,1278,0.017665109335692368,731,0.010104221380587732,0.006220108921018439,0.02982887789235065,-0.023608768971332208,0.036048986813369086,6074,72346,success
S2024-145,0001539838,FANG,Diamondback Energy,0001539838-25-000021,2024,2025-02-26,1.0.3,0.3.0,317,1231,-0.5904392764857881,1394,0.020603928640052026,636,0.00940035768656606,153,0.0022614068019569298,687,0.010154159953885038,738,0.010907962221204014,0.004685398406668933,0.01819471747195412,-0.01350931906528519,0.022880115878623056,4325,67657,success
S2024-146,0001297996,DLR,Digital Realty,0001558370-25-001424,2024,2025-02-25,1.0.3,0.3.0,491,1018,-0.3492379058979457,1425,0.018955013434781454,657,0.00873925882572029,205,0.0027268615818457527,435,0.005786267259038549,575,0.007648514192981989,0.006531166032615925,0.013541195562531591,-0.007010029529915667,0.020072361595147515,3996,75178,success
S2024-147,0000029534,DG,Dollar General,0001558370-24-003813,2024,2024-03-25,1.0.3,0.3.0,251,753,-0.5,737,0.019618282002821626,327,0.008704448052812308,84,0.0022360050043921526,295,0.00785263662256768,309,0.008225304123299705,0.006681395905981313,0.02004418771794394,-0.013362791811962626,0.026725583623925252,2271,37567,success
S2024-148,0000935703,DLTR,Dollar Tree,0000935703-24-000011,2024,2024-03-20,1.0.3,0.3.0,238,975,-0.6075845012366035,716,0.019096898087643026,320,0.008534926519616995,63,0.0016803136585495958,330,0.008801642973355027,370,0.00986850878830715,0.00634785159896514,0.02600485423945803,-0.01965700264049289,0.032352705838423174,2439,37493,success
S2024-149,0000715957,D,Dominion Energy,0000950170-25-028387,2024,2025-02-27,1.0.3,0.3.0,683,2036,-0.4976094152261861,2154,0.013081501275355277,789,0.004791691971334872,332,0.0020162759625895785,2315,0.014059273654803838,1274,0.007737155350419045,0.0041479412121948256,0.012364873071784284,-0.008216931859589457,0.016512814283979108,8345,164660,success
S2024-150,0001286681,DPZ,Domino's,0000950170-25-025223,2024,2025-02-24,1.0.3,0.3.0,355,828,-0.39983093829247673,1081,0.017580666146239918,448,0.007285974499089253,126,0.0020491803278688526,410,0.006667967733541504,538,0.00874967473328129,0.0057734842570908145,0.013466042154566744,-0.00769255789747593,0.01923952641165756,3167,61488,success
S2024-151,0000029905,DOV,Dover Corporation,0000029905-25-000006,2024,2025-02-14,1.0.3,0.3.0,385,666,-0.26736441484300666,706,0.017036679536679537,211,0.005091698841698842,59,0.0014237451737451738,264,0.006370656370656371,245,0.0059121621621621625,0.009290540540540541,0.01607142857142857,-0.0067808880308880305,0.025361969111969113,2222,41440,success
S2024-152,0001751788,DOW,Dow Inc.,0001751788-25-000012,2024,2025-02-04,1.0.3,0.3.0,425,928,-0.37176644493717664,799,0.01368150684931507,237,0.004058219178082191,131,0.0022431506849315067,576,0.009863013698630137,493,0.008441780821917808,0.007277397260273972,0.01589041095890411,-0.008613013698630137,0.023167808219178083,3139,58400,success
S2024-153,0001666700,DD,DuPont,0001666700-25-000005,2024,2025-02-14,1.0.3,0.3.0,263,1234,-0.648630594522378,861,0.014523311517441469,333,0.005617029890020916,146,0.002462721813642804,704,0.01187504216989407,449,0.0075737129748330075,0.004436272856082586,0.020815059712570003,-0.016378786856487415,0.025251332568652588,3390,59284,success
S2024-154,0001326160,DUK,Duke Energy,0001326160-25-000072,2024,2025-02-27,1.0.3,0.3.0,678,1339,-0.32771442736737727,1290,0.013035174762284895,478,0.004830088012691612,151,0.0015258227822519527,1697,0.017147822923718966,901,0.009104412760324566,0.006851045340177642,0.013530309307518971,-0.00667926396734133,0.020381354647696612,5840,98963,success
S2024-155,0000821189,EOG,EOG Resources,0000821189-25-000011,2024,2025-02-27,1.0.3,0.3.0,206,689,-0.5396648044692738,755,0.015834067362946184,328,0.006878906086154104,101,0.0021181997399437945,553,0.011597667883058596,394,0.008263076213246089,0.004320288578499224,0.0144498972358542,-0.010129608657354976,0.018770185814353423,2579,47682,success
S2024-156,0001352010,EPAM,EPAM Systems,0001352010-25-000007,2024,2025-02-28,1.0.3,0.3.0,342,937,-0.4652071931196247,881,0.01969551317877982,383,0.00856229460553084,79,0.001766112986519416,377,0.008428159441997719,349,0.007802195345509825,0.007645704321387852,0.020947441371755606,-0.013301737050367754,0.028593145693143456,2805,44731,success
S2024-157,0000033213,EQT,EQT Corporation,0000033213-25-000011,2024,2025-02-19,1.0.3,0.3.0,292,1589,-0.6895268474215842,1560,0.020210395398248433,758,0.009820179302482251,134,0.0017360211431828782,1138,0.01474322433538892,774,0.010027465409130952,0.0037829714463388092,0.020586101466549205,-0.016803130020210395,0.024369072912888014,5218,77188,success
S2024-158,0000915389,EMN,Eastman Chemical Co.,0000915389-25-000012,2024,2025-02-14,1.0.3,0.3.0,358,697,-0.32132701421800947,684,0.01594851706771125,214,0.004989740720014923,79,0.001842007088229808,366,0.008533855623950756,320,0.007461294534601754,0.008347323260585711,0.016251632158179444,-0.007904308897593732,0.024598955418765157,2344,42888,success
S2024-159,0001551182,ETN,Eaton Corporation,0001551182-25-000006,2024,2025-02-27,1.0.3,0.3.0,187,473,-0.43333333333333335,436,0.014369047226707973,143,0.004712783838117523,70,0.002306957123554032,290,0.00955739379758099,235,0.007744784629074251,0.006162871172922915,0.01558843884915796,-0.009425567676235046,0.021751310022080875,1585,30343,success
S2024-160,0000031462,ECL,Ecolab,0001558370-25-001263,2024,2025-02-21,1.0.3,0.3.0,378,901,-0.40891321344800624,781,0.01410689449632426,245,0.004425338222278417,96,0.0017340100789335839,625,0.011289128118057186,394,0.00711666636562325,0.006827664685800986,0.016274407094991238,-0.009446742409190254,0.023102071780792224,2957,55363,success
S2024-161,0000827052,EIX,Edison International,0000827052-25-000022,2024,2025-02-27,1.0.3,0.3.0,193,1613,-0.7862679955703211,1178,0.01671016795279165,393,0.005574784384929641,200,0.002837040399455288,1164,0.01651157512482978,641,0.0090927144802542,0.002737743985474353,0.0228807308216069,-0.020142986836132547,0.02561847480708125,4577,70496,success
S2024-162,0001099800,EW,Edwards Lifesciences,0001099800-25-000005,2024,2025-02-28,1.0.3,0.3.0,279,836,-0.49955156950672647,871,0.019547994703413604,394,0.00884260610005162,90,0.002019884642143771,542,0.012164194178243598,357,0.008012209080503624,0.00626164239064569,0.018762484009246582,-0.012500841618600893,0.025024126399892273,2835,44557,success
S2024-163,0000712515,EA,Electronic Arts,0000712515-24-000023,2024,2024-05-22,1.0.3,0.3.0,203,609,-0.5,591,0.017025321925503413,303,0.00872871834759312,68,0.001958920289228819,299,0.008613487742344366,338,0.009736986143519718,0.005847953216374269,0.017543859649122806,-0.011695906432748537,0.023391812865497075,2013,34713,success
S2024-164,0001156039,ELV,Elevance Health,0001156039-25-000010,2024,2025-02-20,1.0.3,0.3.0,533,1479,-0.4701789264413519,1244,0.017508057365628476,476,0.006699224522539513,153,0.0021533221679591293,1195,0.01681843131183764,707,0.009950318776124864,0.0075014425851125215,0.020815447623604915,-0.013314005038492394,0.028316890208717437,4820,71053,success
S2024-165,0000032604,EMR,Emerson Electric,0000032604-24-000041,2024,2024-11-12,1.0.3,0.3.0,242,576,-0.4083129584352078,561,0.01620216606498195,190,0.005487364620938628,51,0.0014729241877256317,293,0.008462093862815885,224,0.006469314079422383,0.006989169675090253,0.01663537906137184,-0.009646209386281588,0.023624548736462095,1851,34625,success
S2024-166,0001463101,ENPH,Enphase Energy,0001463101-25-000024,2024,2025-02-10,1.0.3,0.3.0,294,1359,-0.6442831215970962,1186,0.019994605165553982,677,0.0114134466248567,147,0.00247825207363949,575,0.009693843145188482,513,0.008648593971272506,0.00495650414727898,0.02291118753793243,-0.01795468339065345,0.02786769168521141,3840,59316,success
S2024-167,0000065984,ETR,Entergy,0000065984-25-000012,2024,2025-02-18,1.0.3,0.3.0,733,2868,-0.5928908636489864,2415,0.01126304694568553,941,0.0043886240893954796,369,0.0017209376078500872,3275,0.015273904243113917,1511,0.007046982995830574,0.003418556277924428,0.013375742708168157,-0.00995718643024373,0.016794298986092585,10779,214418,success
S2024-168,0000033185,EFX,Equifax,0000033185-25-000025,2024,2025-02-20,1.0.3,0.3.0,249,1079,-0.625,876,0.016575212866603597,366,0.006925260170293283,111,0.0021002838221381268,712,0.0134720908230842,488,0.00923368022705771,0.004711447492904447,0.0204162724692526,-0.015704824976348154,0.025127719962157048,3318,52850,success
S2024-169,0001101239,EQIX,Equinix,0001628280-25-005126,2024,2025-02-12,1.0.3,0.3.0,441,1295,-0.49193548387096775,1347,0.02148770877534417,714,0.011389921355304927,140,0.002233317912804888,594,0.009475648858615024,533,0.008502560339464322,0.0070349514253353965,0.02065819069344521,-0.013623239268109816,0.027693142118780607,4123,62687,success
S2024-170,0000906107,EQR,Equity Residential,0000950170-25-019894,2024,2025-02-13,1.0.3,0.3.0,344,885,-0.4401952807160293,1038,0.016417816019233204,472,0.007465519423003922,170,0.0026888523345564973,414,0.006548146273567,521,0.008240541566493736,0.005440971782867266,0.013997848918132355,-0.00855687713526509,0.019438820700999622,3167,63224,success
S2024-171,0000922621,ERIE,Erie Indemnity,0000922621-25-000004,2024,2025-02-27,1.0.3,0.3.0,205,716,-0.5548317046688382,645,0.018542475204829666,227,0.006525801351157108,60,0.0017248814144027599,469,0.013482823055914906,268,0.007704470317665661,0.005893344832542763,0.0205835848785396,-0.014690240045996839,0.026476929711082363,2182,34785,success
S2024-172,0000920522,ESS,Essex Property Trust,0000920522-25-000024,2024,2025-02-21,1.0.3,0.3.0,243,860,-0.5593834995466909,914,0.018973677655069333,564,0.011708046167898363,88,0.001826787345345844,332,0.006891970439259321,364,0.007556256746657809,0.005044424146807274,0.017852694511334387,-0.012808270364527112,0.02289711865814166,2683,48172,success
S2024-173,0001001250,EL,Estée Lauder Companies (The),0001001250-24-000116,2024,2024-08-19,1.0.3,0.3.0,359,785,-0.3723776223776224,790,0.015265995478173491,244,0.00471506695781561,102,0.0019710525807261976,346,0.006686119538541807,314,0.006067750101451236,0.006937332122359852,0.01516937525362809,-0.008232043131268237,0.022106707375987942,2518,51749,success
S2024-174,0001095073,EG,Everest Group,0001095073-25-000015,2024,2025-02-27,1.0.3,0.3.0,303,1646,-0.6890713186249359,1099,0.018347551712048615,462,0.007712983522262475,156,0.0026043840464782383,829,0.013839963939297819,419,0.006995108432528089,0.005058515167198117,0.027479590644251158,-0.022421075477053038,0.032538105811449274,4201,59899,success
S2024-175,0001711269,EVRG,Evergy,0001711269-25-000004,2024,2025-02-27,1.0.3,0.3.0,182,857,-0.6496631376323387,917,0.015374555697136342,405,0.006790289048353565,111,0.0018610421836228288,750,0.012574609348802897,536,0.008986654147944471,0.003051438535309503,0.01436858694923211,-0.011317148413922607,0.017420025484541614,3235,59644,success
S2024-176,0000072741,ES,Eversource Energy,0000072741-25-000007,2024,2025-02-14,1.0.3,0.3.0,340,1215,-0.5627009646302251,1055,0.011972853965227655,400,0.004539470697716646,167,0.0018952290162967,1283,0.014560352262926143,717,0.008137001225657088,0.0038585500930591494,0.013788642244314312,-0.009930092151255164,0.01764719233737346,4576,88116,success
S2024-177,0001109357,EXC,Exelon,0001109357-25-000043,2024,2025-02-12,1.0.3,0.3.0,281,992,-0.558523173605656,921,0.0114492429327963,353,0.004388254891723229,160,0.0019890107157952315,1325,0.01647149499017926,717,0.00891325427015738,0.0034932000696153752,0.012331866437930434,-0.00883866636831506,0.01582506650754581,4229,80442,success
S2024-178,0001324424,EXPE,Expedia Group,0001324424-25-000008,2024,2025-02-07,1.0.3,0.3.0,303,960,-0.5201900237529691,918,0.01854620388702574,435,0.008788233868035072,99,0.0020000808113459128,676,0.013657117459291284,420,0.008485191320861448,0.006121459452907188,0.019394723019111885,-0.013273263566204695,0.02551618247201907,3136,49498,success
S2024-179,0000746515,EXPD,Expeditors International,0000950170-25-024750,2024,2025-02-21,1.0.3,0.3.0,253,682,-0.4588235294117647,718,0.017119694802098236,311,0.0074153552694325225,102,0.0024320457796852646,438,0.01044349070100143,312,0.007439198855507869,0.00603242727706247,0.01626132570338579,-0.010228898426323319,0.02229375298044826,2408,41940,success
S2024-180,0001289490,EXR,Extra Space Storage,0001628280-25-009060,2024,2025-02-28,1.0.3,0.3.0,172,596,-0.5520833333333334,632,0.017997494019820023,319,0.009084178152409158,87,0.002477503132475225,255,0.007261647112427384,279,0.007945096252420548,0.004898052169951019,0.016972320309830275,-0.012074268139879257,0.021870372479781297,1911,35116,success
S2024-181,0000034088,XOM,ExxonMobil,0000034088-25-000010,2024,2025-02-19,1.0.3,0.3.0,357,591,-0.2468354430379747,562,0.01332006067500948,219,0.0051905574516496016,94,0.002227910504361016,271,0.0064230185817216534,339,0.008034698521046643,0.0084613196814562,0.014007394766780432,-0.005546075085324232,0.022468714448236633,2068,42192,success
S2024-182,0001048695,FFIV,"F5, Inc.",0001048695-24-000185,2024,2024-11-18,1.0.3,0.3.0,311,893,-0.4833887043189369,808,0.020518029456576943,401,0.010182833925850685,74,0.0018791264601320467,371,0.009421025901472828,325,0.008252920264093449,0.007897409852717115,0.022676485525647536,-0.014779075672930422,0.030573895378364652,2638,39380,success
S2024-183,0000037785,FMC,FMC Corporation,0000037785-25-000030,2024,2025-02-28,1.0.3,0.3.0,305,997,-0.5314900153609831,885,0.017372698362844018,321,0.006301283812963763,106,0.002080797770012956,587,0.011522908405637784,425,0.008342821247693455,0.005987201130697656,0.019571277138706763,-0.013584076008009108,0.02555847826940442,3124,50942,success
S2024-184,0001013237,FDS,FactSet,0001013237-24-000141,2024,2024-10-29,1.0.3,0.3.0,262,731,-0.47230614300100704,835,0.019207324086214433,284,0.006532790467646586,86,0.0019782393669634025,319,0.007337887884434017,379,0.008718054884641042,0.006026729234237343,0.016815034619188922,-0.010788305384951579,0.022841763853426265,2438,43473,success
S2024-185,0000814547,FICO,Fair Isaac,0001628280-24-045719,2024,2024-11-06,1.0.3,0.3.0,299,762,-0.4363807728557964,795,0.018603018603018603,370,0.008658008658008658,94,0.0021996021996021995,539,0.012612612612612612,365,0.008541008541008541,0.006996606996606996,0.01783081783081783,-0.010834210834210834,0.024827424827424827,2731,42735,success
S2024-186,0000815556,FAST,Fastenal,0000815556-25-000065,2024,2025-02-06,1.0.3,0.3.0,323,545,-0.2557603686635945,580,0.015495591771306438,244,0.006518835158963399,78,0.0020838899278653486,204,0.005450173657493989,155,0.004141063318193962,0.008629441624365483,0.014560512957520704,-0.0059310713331552235,0.023189954581886187,1809,37430,success
S2024-187,0001048911,FDX,FedEx,0000950170-24-083577,2024,2024-07-15,1.0.3,0.3.0,600,1318,-0.3743482794577685,1379,0.016574320020192063,703,0.008449417675268326,200,0.002403817261811757,901,0.010829196764461965,661,0.007944616050287857,0.007211451785435271,0.015841155755339478,-0.008629703969904208,0.02305260754077475,4727,83201,success
S2024-188,0000034903,FRT,Federal Realty Investment Trust,0000034903-25-000016,2024,2025-02-13,1.0.3,0.3.0,214,542,-0.43386243386243384,795,0.019635447540011855,389,0.009607785022722783,111,0.002741553052756372,247,0.006100573009286702,337,0.00832345386287295,0.005285516696305078,0.013386682473819403,-0.008101165777514326,0.01867219917012448,2168,40488,success
S2024-189,0001136893,FIS,Fidelity National Information Services,0001136893-25-000014,2024,2025-02-13,1.0.3,0.3.0,244,1133,-0.6456063907044299,883,0.01721348226991832,388,0.007563795153712693,92,0.0017934772013957932,686,0.013373101740842544,471,0.009181823498450202,0.004756613447180147,0.022087061621537323,-0.017330448174357176,0.02684367506871747,3340,51297,success
S2024-190,0000035527,FITB,Fifth Third Bancorp,0000035527-25-000079,2024,2025-02-24,1.0.3,0.3.0,368,2069,-0.6979893311448502,1853,0.019383250695621246,683,0.00714450093098182,179,0.0018724241092909894,1081,0.011307767944936086,692,0.007238645159940584,0.0038494529174250506,0.021642712190631602,-0.017793259273206553,0.025492165108056655,5901,95598,success
S2024-191,0001274494,FSLR,First Solar,0001274494-25-000010,2024,2025-02-25,1.0.3,0.3.0,408,1304,-0.5233644859813084,1245,0.020662528628804726,675,0.011202575762604972,116,0.001925183390314336,794,0.013177548378530886,547,0.009078235469844325,0.006771334683174561,0.021641716732499088,-0.014870382049324527,0.02841305141567365,4182,60254,success
S2024-192,0001031296,FE,FirstEnergy,0001031296-25-000006,2024,2025-02-27,1.0.3,0.3.0,438,1738,-0.5974264705882353,1458,0.01631310418904404,675,0.007552363050483351,208,0.002327246688148944,1654,0.01850608664518439,842,0.009420873612602935,0.004900644468313641,0.01944593626924454,-0.014545291800930898,0.02434658073755818,6008,89376,success
S2024-193,0000798354,FI,Fiserv,0000798354-25-000047,2024,2025-02-20,1.0.3,0.3.0,401,814,-0.339917695473251,803,0.0158745848489641,357,0.007057567610311561,82,0.0016210659497074174,534,0.010556697770045864,441,0.008718171753914282,0.007927407876008223,0.016092044915388265,-0.008164637039380042,0.02401945279139649,2953,50584,success
S2024-194,0000037996,F,Ford Motor Company,0000037996-25-000013,2024,2025-02-06,1.0.3,0.3.0,401,1551,-0.5891393442622951,1304,0.01755425125195197,577,0.007767486942006354,150,0.00201927736793926,746,0.01004253944321792,685,0.009221366646922621,0.005398201496957622,0.02087932798449195,-0.015481126487534328,0.026277529481449572,4598,74284,success
S2024-195,0001262039,FTNT,Fortinet,0001262039-25-000011,2024,2025-02-21,1.0.3,0.3.0,415,2026,-0.659975419909873,1485,0.022688382325979344,914,0.013964431950131395,122,0.001863961376275744,731,0.011168489885717777,574,0.008769785491658008,0.006340524353724867,0.0309539815437267,-0.024613457190001832,0.03729450589745157,5094,65452,success
S2024-196,0001659166,FTV,Fortive,0001659166-25-000024,2024,2025-02-25,1.0.3,0.3.0,301,1182,-0.5940660822656777,942,0.020416124837451234,447,0.009687906371911574,114,0.00247074122236671,679,0.014716081491114,418,0.00905938448201127,0.006523623753792804,0.025617685305591678,-0.019094061551798873,0.03214130905938448,3440,46140,success
S2024-197,0001754301,FOXA|FOX,Fox Corporation (Class A)|Fox Corporation (Class B),0001628280-24-036123,2024,2024-08-08,1.0.3,0.3.0,270,864,-0.5238095238095238,730,0.015680041240656414,353,0.007582266517742074,95,0.0020405533121402183,560,0.012028524787352866,337,0.0072385943809605635,0.005799467308187989,0.018558295386201563,-0.012758828078013575,0.02435776269438955,2672,46556,success
S2024-198,0000038777,BEN,Franklin Resources,0000038777-24-000206,2024,2024-11-12,1.0.3,0.3.0,172,854,-0.6647173489278753,874,0.019728228973861225,402,0.009074082434201616,70,0.0015800641054579928,624,0.014085142882939822,430,0.009706108076384813,0.0038824432305539255,0.019276782086587514,-0.015394338856033588,0.023159225317141437,2860,44302,success
S2024-199,0000831259,FCX,Freeport-McMoRan,0000831259-25-000006,2024,2025-02-14,1.0.3,0.3.0,418,1463,-0.5555555555555556,1557,0.017964071856287425,582,0.006714893911598767,231,0.002665189851510851,1104,0.012737530718909002,708,0.008168633830604687,0.004822724493210111,0.01687953572623539,-0.012056811233025279,0.0217022602194455,5223,86673,success
S2024-200,0000040545,GE,GE Aerospace,0000040545-25-000015,2024,2025-02-03,1.0.3,0.3.0,253,988,-0.5922643029814666,774,0.01670948381943395,277,0.005980009067161763,101,0.0021804365190734223,652,0.01407568921223635,367,0.007922972301979664,0.005461885537876989,0.021329418622223182,-0.015867533084346193,0.02679130416010017,2959,46321,success
S2024-201,0001932393,GEHC,GE HealthCare,0001932393-25-000005,2024,2025-02-13,1.0.3,0.3.0,393,1460,-0.5758229897463573,1201,0.020232479784366576,627,0.01056266846361186,132,0.002223719676549865,936,0.015768194070080864,568,0.009568733153638815,0.006620619946091645,0.024595687331536387,-0.017975067385444743,0.031216307277628034,4443,59360,success
S2024-202,0001996810,GEV,GE Vernova,0001996810-25-000011,2024,2025-02-06,1.0.3,0.3.0,448,1613,-0.5652595827268316,1393,0.02186401305876444,769,0.012069939728779507,174,0.0027310396785534905,1017,0.015962456052235056,695,0.010908463083877449,0.007031642390758413,0.02531705173279759,-0.018285409342039177,0.032348694123556,5087,63712,success
S2024-203,0001121788,GRMN,Garmin,0000950170-25-022760,2024,2025-02-19,1.0.3,0.3.0,275,982,-0.5624502784407319,894,0.018021650170338865,367,0.007398149454714053,104,0.002096478319591993,462,0.009313201765879815,405,0.008164170379180357,0.0055435724796903665,0.01979559336383978,-0.014252020884149414,0.025339165843530145,2939,49607,success
S2024-204,0000749251,IT,Gartner,0000749251-25-000008,2024,2025-02-13,1.0.3,0.3.0,247,617,-0.42824074074074076,627,0.017595061035498807,297,0.008334502595762593,78,0.002188859267574014,447,0.012543847341097236,305,0.00855900098218044,0.006931387680651046,0.017314438052476497,-0.010383050371825452,0.024245825733127543,2212,35635,success
S2024-205,0000849399,GEN,Gen Digital,0000849399-24-000036,2024,2024-05-16,1.0.3,0.3.0,255,1061,-0.6124620060790273,879,0.021122191517481678,480,0.011534302535143579,104,0.002499098882614442,562,0.013504745884897272,316,0.007593415835636189,0.006127598221795026,0.02549561456205695,-0.019368016340261925,0.031623212783851974,2973,41615,success
S2024-206,0001474735,GNRC,Generac,0001437749-25-004353,2024,2025-02-19,1.0.3,0.3.0,305,949,-0.5135566188197768,765,0.016763081777544046,345,0.0075598211937943725,105,0.002300815145937418,500,0.010956262599701989,308,0.006749057761416426,0.006683320185818214,0.020794986414234377,-0.014111666228416163,0.02747830660005259,2736,45636,success
S2024-207,0000040533,GD,General Dynamics,0000040533-25-000008,2024,2025-02-07,1.0.3,0.3.0,222,391,-0.27569331158238175,435,0.013096492548547342,139,0.00418485623965076,60,0.0018064127653168748,485,0.014601836519644739,266,0.008008429926238146,0.006683727231672437,0.011771789853981635,-0.005088062622309198,0.018455517085654072,1775,33215,success
S2024-208,0000040704,GIS,General Mills,0001193125-24-168943,2024,2024-06-26,1.0.3,0.3.0,161,494,-0.5083969465648855,571,0.021278974435417753,305,0.0113661772378326,18,0.0006707907878065141,180,0.006707907878065141,224,0.008347618692703286,0.005999850935380488,0.018409480509801,-0.012409629574420511,0.024409331445181485,1533,26834,success
S2024-209,0001467858,GM,General Motors,0001467858-25-000032,2024,2025-01-28,1.0.3,0.3.0,320,1101,-0.5496129486277269,913,0.017575267575267575,382,0.007353507353507353,103,0.0019827519827519827,493,0.00949025949025949,441,0.00848925848925849,0.00616000616000616,0.021194271194271194,-0.015034265034265035,0.027354277354277354,3154,51948,success
S2024-210,0000040987,GPC,Genuine Parts Company,0000040987-25-000026,2024,2025-02-21,1.0.3,0.3.0,275,663,-0.4136460554371002,669,0.01830219133860422,244,0.0066752386944984,66,0.0018055973517905506,285,0.007796897655459196,282,0.007714825048559626,0.007523322299127295,0.018138046124805077,-0.010614723825677783,0.025661368423932372,2099,36553,success
S2024-211,0000882095,GILD,Gilead Sciences,0000882095-25-000006,2024,2025-02-28,1.0.3,0.3.0,380,1136,-0.49868073878627966,980,0.01941055300269371,450,0.008913009031849153,117,0.0023173823482807794,816,0.01616225637775313,417,0.008259388369513548,0.007526540960228173,0.022500396133734748,-0.014973855173506577,0.03002693709396292,3566,50488,success
S2024-212,0001123360,GPN,Global Payments,0001123360-25-000011,2024,2025-02-14,1.0.3,0.3.0,322,1068,-0.5366906474820143,1088,0.01801771963235903,538,0.00890949739173636,105,0.0017388424277552373,581,0.009621594766912312,531,0.008793574563219343,0.005332450111782728,0.017686511550881842,-0.012354061439099114,0.02301896166266457,3546,60385,success
S2024-213,0000320335,GL,Globe Life,0000320335-25-000013,2024,2025-02-26,1.0.3,0.3.0,255,863,-0.5438282647584973,628,0.013827725911573014,219,0.0048220891315835825,101,0.002223885855205214,466,0.010260701074511186,345,0.007596441782631672,0.005614761317597323,0.019002113792496035,-0.013387352474898714,0.024616875110093358,2454,45416,success
S2024-214,0001609711,GDDY,GoDaddy,0001609711-25-000023,2024,2025-02-20,1.0.3,0.3.0,498,1621,-0.5299669655497876,1381,0.02204943160045983,863,0.013778898965385106,128,0.0020436837399412443,919,0.014673010601609401,520,0.008302465193511304,0.007951207050708902,0.02588133861284966,-0.01793013156214076,0.03383254566355856,4762,62632,success
S2024-215,0000886982,GS,Goldman Sachs,0000886982-25-000005,2024,2025-02-27,1.0.3,0.3.0,612,3166,-0.676019057702488,2824,0.020546699359007006,850,0.006184381889219531,177,0.001287806581637479,2036,0.014813413560530547,1405,0.010222419475709931,0.004452754960238062,0.023035003601492982,-0.01858224864125492,0.027487758561731045,9582,137443,success
S2024-216,0000860730,HCA,HCA Healthcare,0000950170-25-020134,2024,2025-02-14,1.0.3,0.3.0,373,1675,-0.6357421875,1256,0.017922374429223745,704,0.01004566210045662,139,0.0019834474885844747,1115,0.01591038812785388,700,0.009988584474885844,0.005322488584474886,0.023901255707762557,-0.01857876712328767,0.029223744292237442,4939,70080,success
S2024-217,0000047217,HPQ,HP Inc.,0000047217-24-000080,2024,2024-12-13,1.0.3,0.3.0,360,1305,-0.5675675675675675,1065,0.02180277192048642,556,0.011382479988535631,90,0.0018424877679284297,689,0.014105267467807645,387,0.007922697402092248,0.007369951071713719,0.02671607263496223,-0.01934612156324851,0.03408602370667595,3680,48847,success
S2024-218,0000045012,HAL,Halliburton,0000045012-25-000010,2024,2025-02-12,1.0.3,0.3.0,125,592,-0.6513249651324965,540,0.018346753643869125,229,0.007780382563788944,50,0.0016987734855434377,287,0.009750959807019332,287,0.009750959807019332,0.004246933713858594,0.0201134780688343,-0.01586654435497571,0.024360411782692895,1783,29433,success
S2024-219,0000874766,HIG,Hartford (The),0000874766-25-000023,2024,2025-02-21,1.0.3,0.3.0,593,3017,-0.6714681440443213,2011,0.02093875596093376,609,0.0063409758230774035,171,0.0017804710439182857,1321,0.013754399117052956,678,0.0070594115074654835,0.006174382041190312,0.03141333999708461,-0.025238957955894297,0.03758772203827492,7295,96042,success
S2024-220,0000046080,HAS,Hasbro,0000046080-25-000027,2024,2025-02-27,1.0.3,0.3.0,386,848,-0.37439222042139386,754,0.016547788873038517,357,0.007834961044661472,89,0.001953253593767146,328,0.007198507626467683,357,0.007834961044661472,0.008471414462855261,0.01861077581477011,-0.010139361351914847,0.02708219027762537,2617,45565,success
S2024-221,0000765880,DOC,Healthpeak Properties,0001628280-25-003748,2024,2025-02-04,1.0.3,0.3.0,343,1438,-0.6148231330713082,1283,0.018060247747747747,696,0.009797297297297298,102,0.0014358108108108109,694,0.009769144144144145,703,0.009895833333333333,0.004828265765765766,0.02024211711711712,-0.015413851351351352,0.025070382882882884,4331,71040,success
S2024-222,0001000228,HSIC,Henry Schein,0001000228-25-000014,2024,2025-02-25,1.0.3,0.3.0,140,527,-0.5802098950524738,529,0.014026993344470077,133,0.0035266353777212104,48,0.0012727706626362262,448,0.011879192851271444,268,0.007106302866385596,0.0037122477660223264,0.013973961233526901,-0.010261713467504574,0.017686208999549227,1817,37713,success
S2024-223,0000047111,HSY,Hershey Company (The),0000047111-25-000014,2024,2025-02-18,1.0.3,0.3.0,284,496,-0.2717948717948718,649,0.01622256661500775,214,0.005349197620356946,67,0.0016747487876818477,280,0.006998950157476379,273,0.006823976403539469,0.007098935159726041,0.012398140278958157,-0.005299205119232115,0.019497075438684196,1941,40006,success
S2024-224,0001645590,HPE,Hewlett Packard Enterprise,0001645590-24-000139,2024,2024-12-19,1.0.3,0.3.0,472,1526,-0.5275275275275275,1536,0.02048737545516386,738,0.00984354367572326,139,0.0018540007736118336,775,0.010337054673015619,566,0.007549384445066891,0.006295599749243061,0.020353994104544304,-0.014058394355301242,0.026649593853787363,4761,74973,success
S2024-225,0001585689,HLT,Hilton Worldwide,0001585689-25-000008,2024,2025-02-06,1.0.3,0.3.0,433,1046,-0.41446923597025015,899,0.01723906498686456,462,0.008859230282459874,99,0.0018984064890985445,557,0.01068093347906959,475,0.009108515983048572,0.008303131411915856,0.020057910985829066,-0.01175477957391321,0.028361042397744923,3334,52149,success
S2024-226,0000354950,HD,Home Depot (The),0000354950-24-000062,2024,2024-03-13,1.0.3,0.3.0,308,685,-0.3796576032225579,567,0.015757003112494443,253,0.007030902623388172,54,0.0015006669630947087,261,0.007253223654957759,228,0.0063361493997332145,0.00855935971542908,0.019036238328145844,-0.010476878612716763,0.027595598043574924,2005,35984,success
S2024-227,0000773840,HON,Honeywell Technologies,0000773840-25-000010,2024,2025-02-14,1.0.3,0.3.0,240,766,-0.5228628230616302,710,0.017264437689969606,241,0.005860182370820669,83,0.0020182370820668693,547,0.013300911854103344,356,0.008656534954407295,0.005835866261398176,0.01862613981762918,-0.012790273556231004,0.024462006079027356,2547,41125,success
S2024-228,0000048465,HRL,Hormel Foods,0000048465-24-000051,2024,2024-12-05,1.0.3,0.3.0,192,720,-0.5789473684210527,570,0.018086625416468348,177,0.005616373155640171,44,0.0013961605584642235,352,0.011169284467713788,255,0.00809138505473584,0.0060923369823893386,0.02284626368396002,-0.016753926701570682,0.028938600666349356,1923,31515,success
S2024-229,0001070750,HST,Host Hotels & Resorts,0001070750-25-000071,2024,2025-02-26,1.0.3,0.3.0,340,810,-0.40869565217391307,829,0.01430296756383713,386,0.006659765355417529,156,0.002691511387163561,416,0.007177363699102829,477,0.008229813664596273,0.005866114561766736,0.013975155279503106,-0.00810904071773637,0.01984126984126984,2887,57960,success
S2024-230,0000004281,HWM,Howmet Aerospace,0000004281-25-000011,2024,2025-02-14,1.0.3,0.3.0,224,813,-0.5679845708775313,654,0.01577804583835947,280,0.006755126658624849,69,0.0016646562123039806,477,0.011507840772014475,307,0.007406513872135103,0.005404101326899879,0.019613992762364293,-0.014209891435464415,0.025018094089264174,2401,41450,success
S2024-231,0000048898,HUBB,Hubbell Incorporated,0001628280-25-005311,2024,2025-02-13,1.0.3,0.3.0,181,673,-0.5761124121779859,732,0.01878801878801879,266,0.006827340160673494,72,0.001848001848001848,279,0.007161007161007161,376,0.009650676317342984,0.004645671312337979,0.017273683940350608,-0.012628012628012627,0.021919355252688587,2149,38961,success
S2024-232,0000049071,HUM,Humana,0000049071-25-000007,2024,2025-02-20,1.0.3,0.3.0,366,987,-0.458980044345898,875,0.016233465056306934,316,0.0058625999517634185,83,0.0015398601139125433,891,0.01653030556019369,423,0.007847720821506095,0.006790226526409529,0.01831134858351422,-0.011521122057104692,0.025101575109923748,3307,53901,success
S2024-233,0000049196,HBAN,Huntington Bancshares,0000049196-25-000020,2024,2025-02-14,1.0.3,0.3.0,303,1330,-0.6289038579301899,1306,0.020525232205440915,445,0.006993666409970296,113,0.0017759197850036933,626,0.00983828128683462,636,0.0099954423297553,0.0047619796004966285,0.02090241870845055,-0.01614043910795392,0.02566439830894718,4129,63629,success
S2024-234,0001501585,HII,Huntington Ingalls Industries,0001501585-25-000006,2024,2025-02-06,1.0.3,0.3.0,296,1165,-0.594798083504449,957,0.01928036102828592,434,0.008743653799661535,89,0.0017930534289628496,993,0.020005641066967523,428,0.008622773793214602,0.005963413651382061,0.02347086791844629,-0.017507454267064227,0.02943428156982835,3726,49636,success
S2024-235,0000051143,IBM,IBM,0000051143-25-000015,2024,2025-02-25,1.0.3,0.3.0,86,301,-0.5555555555555556,264,0.02502844141069397,129,0.012229806598407281,27,0.002559726962457338,132,0.012514220705346985,58,0.005498672734167614,0.008153204398938187,0.028536215396283655,-0.020383010997345467,0.03668941979522184,841,10548,success
S2024-236,0000832101,IEX,IDEX Corporation,0000832101-25-000010,2024,2025-02-20,1.0.3,0.3.0,239,588,-0.42200725513905685,487,0.014868413018257313,185,0.005648165109604934,42,0.0012822861329913904,277,0.00845698235330036,279,0.008518043597728522,0.0072968187091652925,0.017952005861879464,-0.010655187152714173,0.025248824571044756,1790,32754,success
S2024-237,0001478242,IQV,IQVIA,0001478242-25-000045,2024,2025-02-13,1.0.3,0.3.0,418,1194,-0.4813895781637717,1281,0.021851491735325725,671,0.011446019480408713,121,0.0020640362997458336,818,0.013953567712331338,574,0.009791378810364532,0.0071303072173037885,0.020367432577657232,-0.013237125360353446,0.02749773979496102,4221,58623,success
S2024-238,0000874716,IDXX,Idexx Laboratories,0000874716-25-000037,2024,2025-02-21,1.0.3,0.3.0,389,918,-0.404743687834736,990,0.017064258135686707,437,0.007532404853833425,134,0.002309707666850524,598,0.01030750137892995,546,0.009411196911196911,0.006705046883618312,0.015823221180364038,-0.009118174296745725,0.02252826806398235,3432,58016,success
S2024-239,0000049826,ITW,Illinois Tool Works,0000049826-25-000007,2024,2025-02-14,1.0.3,0.3.0,302,507,-0.25339925834363414,482,0.01493786221216723,195,0.0060433259986983606,45,0.001394613692007314,147,0.004555738060557226,148,0.004586729475935166,0.009359407444137973,0.015712647596615736,-0.0063532401524777635,0.025072055040753712,1567,32267,success
S2024-240,0000879169,INCY,Incyte,0001628280-25-004633,2024,2025-02-10,1.0.3,0.3.0,719,1408,-0.3239304184297132,1329,0.019611604639494733,797,0.011761060118643567,158,0.002331552696042263,752,0.011097010300150518,478,0.007053684738659504,0.010610040433255615,0.020777380987515862,-0.01016734055426025,0.03138742142077148,4632,67766,success
S2024-241,0001699150,IR,Ingersoll Rand,0001628280-25-006391,2024,2025-02-19,1.0.3,0.3.0,279,781,-0.47358490566037736,789,0.0177899032716286,336,0.0075759283894387955,98,0.0022096457802529817,388,0.008748393497328132,337,0.007598475795359744,0.006290726251944714,0.017609524024261008,-0.011318797772316294,0.023900250276205723,2551,44351,success
S2024-242,0001145197,PODD,Insulet Corporation,0001145197-25-000007,2024,2025-02-21,1.0.3,0.3.0,263,994,-0.5815433571996818,706,0.0178553363682347,399,0.010091047040971168,69,0.0017450682852807283,544,0.01375821952453212,357,0.009028831562974203,0.0066514921598381386,0.025139099645928174,-0.018487607486090036,0.031790591805766315,2792,39540,success
S2024-243,0000050863,INTC,Intel,0000050863-25-000009,2024,2025-01-31,1.0.3,0.3.0,456,1397,-0.5078251484079871,800,0.014576993859441337,352,0.006413877298154188,118,0.002150106594267597,483,0.008800860042637706,467,0.008509320165448881,0.008308886499881561,0.025455075527049436,-0.01714618902716787,0.033763962026930994,3471,54881,success
S2024-244,0001571949,ICE,Intercontinental Exchange,0001571949-25-000003,2024,2025-02-06,1.0.3,0.3.0,444,1379,-0.5128908392759188,1426,0.019008264462809916,635,0.008464409490802453,140,0.0018661690215942416,931,0.012410023993601707,601,0.008011197014129565,0.0059184217541988805,0.01838176486270328,-0.012463343108504398,0.02430018661690216,4677,75020,success
S2024-245,0000051253,IFF,International Flavors & Fragrances,0000051253-25-000013,2024,2025-02-28,1.0.3,0.3.0,374,1406,-0.5797752808988764,1050,0.019295440762996857,463,0.00850837054596909,96,0.001764154584045427,670,0.012312328867817043,473,0.008692136648473823,0.006872852233676976,0.025837514012165316,-0.01896466177848834,0.03271036624584229,3783,54417,success
S2024-246,0000051434,IP,International Paper,0000051434-25-000013,2024,2025-02-21,1.0.3,0.3.0,262,1109,-0.6177972283005105,1063,0.020309902749383824,462,0.008827069680353083,123,0.002350064005808288,651,0.012438143640497525,449,0.00857868893177172,0.005005827394485947,0.021188788475133266,-0.016182961080647318,0.026194615869619214,3479,52339,success
S2024-247,0000896878,INTU,Intuit,0000896878-24-000039,2024,2024-09-04,1.0.3,0.3.0,313,1134,-0.5673807878369039,937,0.017746884351679988,500,0.009470055683927421,87,0.0016477896890033713,416,0.007879086329027615,452,0.008560930338270389,0.005928254858138566,0.02147808629114739,-0.015549831433008827,0.02740634114928596,3165,52798,success
S2024-248,0001035267,ISRG,Intuitive Surgical,0001035267-25-000017,2024,2025-01-31,1.0.3,0.3.0,495,2125,-0.6221374045801527,1763,0.02162526832260043,975,0.011959521619135235,228,0.002796688132474701,1135,0.013922109782275375,701,0.008598589389757744,0.0060717571297148115,0.026065624041705,-0.019993866911990187,0.03213738117141981,6119,81525,success
S2024-249,0000914208,IVZ,Invesco,0000914208-25-000114,2024,2025-02-25,1.0.3,0.3.0,221,1083,-0.661042944785276,937,0.02186391637110323,443,0.010336942318461826,94,0.0021933918237819674,459,0.010710285607616204,413,0.009636923651297367,0.005156804181444838,0.025270673884636923,-0.020113869703192084,0.030427478066081762,3020,42856,success
S2024-250,0001687229,INVH,Invitation Homes,0001687229-25-000008,2024,2025-02-27,1.0.3,0.3.0,578,1541,-0.4544596507786692,1363,0.02037917526389761,845,0.01263419156125714,171,0.002556741724230735,619,0.009255106007595467,664,0.009927932777129871,0.008642086062019676,0.02304057893005592,-0.014398492868036242,0.031682664992075595,4726,66882,success
S2024-251,0001020569,IRM,Iron Mountain,0001020569-25-000040,2024,2025-02-14,1.0.3,0.3.0,279,730,-0.44697720515361744,877,0.01761680928849785,336,0.006749427503917079,125,0.0025109477321120085,330,0.006628902012775702,436,0.008758185689606686,0.0056044353380740024,0.014663934755534128,-0.009059499417460126,0.020268370093608132,2641,49782,success
S2024-252,0000728535,JBHT,J.B. Hunt,0001437749-25-004736,2024,2025-02-21,1.0.3,0.3.0,99,458,-0.644524236983842,333,0.015277331742900399,133,0.006101757122539799,28,0.001284580446850484,271,0.012432903610588613,160,0.00734045969628848,0.004541909437078497,0.021012065880625774,-0.01647015644354728,0.025553975317704272,1217,21797,success
S2024-253,0000091419,SJM,J.M. Smucker Company (The),0000091419-24-000054,2024,2024-06-18,1.0.3,0.3.0,334,1172,-0.5564409030544488,897,0.0190227764346609,350,0.007422488017983628,91,0.0019298468846757433,396,0.008398015014632904,334,0.007083174280018662,0.007083174280018662,0.02485473130593375,-0.017771557025915086,0.031937905585952414,3017,47154,success
S2024-254,0000019617,JPM,JPMorgan Chase,0000019617-25-000270,2024,2025-02-14,1.0.3,0.3.0,489,3002,-0.7198510455456889,2867,0.0215550944304102,762,0.005728978708047636,167,0.0012555635751233009,1396,0.01049560928665945,1131,0.008503247924936846,0.003676470588235294,0.022570070973174546,-0.01889360038493925,0.02624654156140984,8686,133008,success
S2024-255,0000898293,JBL,Jabil,0001628280-24-043960,2024,2024-10-28,1.0.3,0.3.0,263,832,-0.5196347031963471,766,0.018573749424116777,344,0.008341213840595524,93,0.0022550374627191387,376,0.00911714070948813,333,0.00807448897941369,0.006377148953711113,0.02017409859120778,-0.013796949637496666,0.02655124754491889,2542,41241,success
S2024-256,0000779152,JKHY,Jack Henry & Associates,0000779152-24-000079,2024,2024-08-26,1.0.3,0.3.0,207,531,-0.43902439024390244,471,0.016060833390165723,213,0.007263179431221442,50,0.001704971697469822,316,0.010775421128009275,234,0.007979267544158767,0.007058582827525063,0.01810679942712951,-0.011048216599604447,0.025165382254654572,1737,29326,success
S2024-257,0000052988,J,Jacobs Solutions,0000052988-24-000065,2024,2024-11-25,1.0.3,0.3.0,420,1458,-0.5527156549520766,1263,0.021043336276845667,647,0.010779919692097503,122,0.0020326896482780452,874,0.014562055349139439,564,0.009397024275646046,0.006997784035055566,0.024292307435978606,-0.01729452340092304,0.03129009147103417,4437,60019,success
S2024-258,0000200406,JNJ,Johnson & Johnson,0000200406-25-000038,2024,2025-02-13,1.0.3,0.3.0,345,1442,-0.6138780078343593,774,0.01593215454601593,275,0.005660649225005661,80,0.0016467343200016467,1053,0.021675140487021675,248,0.005104876392005105,0.007101541755007101,0.02968238611802968,-0.02258084436302258,0.03678392787303678,3571,48581,success
S2024-259,0000833444,JCI,Johnson Controls,0000833444-24-000064,2024,2024-11-19,1.0.3,0.3.0,363,1491,-0.6084142394822006,1044,0.018814539818702805,482,0.008686406314765088,112,0.0020184180648416803,871,0.015696804772116997,466,0.008398060876930563,0.006541837120870803,0.02687019048820487,-0.020328353367334066,0.033412027609075676,3992,55489,success
S2024-260,0001404912,KKR,KKR & Co.,0001404912-25-000015,2024,2025-02-28,1.0.3,0.3.0,1113,3660,-0.5336266499057196,3990,0.01943809769714567,2005,0.009767765885407786,503,0.002450466952798063,2316,0.011282865730974779,2104,0.010250064550073806,0.005422206199730108,0.017830435481592268,-0.01240822928186216,0.023252641681322374,13038,205267,success
S2024-261,0000319201,KLAC,KLA Corporation,0000319201-24-000021,2024,2024-08-05,1.0.3,0.3.0,387,1274,-0.5340156532209512,1176,0.020322814778972107,589,0.010178688694570214,159,0.002747727508381433,568,0.009815781287802855,576,0.009954031728476134,0.006687865067569903,0.022016382677219785,-0.01532851760964988,0.028704247744789687,3912,57866,success
S2024-262,0001944048,KVUE,Kenvue,0001944048-25-000033,2024,2025-02-24,1.0.3,0.3.0,462,1843,-0.5991323210412147,1474,0.018784966928772604,815,0.010386531917876305,174,0.0022174927039392356,1234,0.01572635630264952,630,0.008028852893573095,0.005887825455286936,0.023487580766436846,-0.01759975531114991,0.02937540622172378,5445,78467,success
S2024-263,0001418135,KDP,Keurig Dr Pepper,0001418135-25-000013,2024,2025-02-25,1.0.3,0.3.0,241,960,-0.5986677768526228,814,0.018460142873341648,350,0.007937407869372944,61,0.0013833768000907133,413,0.009366141285860075,387,0.008776505272706656,0.0054654722757682276,0.021771175870280077,-0.01630570359451185,0.027236648146048304,2656,44095,success
S2024-264,0000091576,KEY,KeyCorp,0000091576-25-000038,2024,2025-02-21,1.0.3,0.3.0,346,1678,-0.658102766798419,1796,0.02291985706993364,562,0.007172026544155182,129,0.0016462480857580399,749,0.009558448187850944,683,0.008716181725370087,0.0044155181214905566,0.02141398672792241,-0.016998468606431852,0.025829504849412967,5165,78360,success
S2024-265,0001601046,KEYS,Keysight Technologies,0001601046-24-000159,2024,2024-12-17,1.0.3,0.3.0,378,1014,-0.45689655172413796,1020,0.01938721204287995,446,0.00847715350110241,125,0.0023758838287843078,627,0.011917433285182088,502,0.00954154945639778,0.007184672698243746,0.019273169619098304,-0.012088496920854558,0.02645784231734205,3476,52612,success
S2024-266,0000055785,KMB,Kimberly-Clark,0000055785-25-000013,2024,2025-02-13,1.0.3,0.3.0,241,588,-0.41857659831121835,557,0.016815601980437144,210,0.006339814032121725,45,0.001358531578311798,276,0.008332327013645694,228,0.006883226663446444,0.007275691341625408,0.01775147928994083,-0.010475787948315421,0.025027170631566235,1789,33124,success
S2024-267,0000879101,KIM,Kimco Realty,0000950170-25-024723,2024,2025-02-21,1.0.3,0.3.0,467,1038,-0.37940199335548175,1201,0.013427245793504388,437,0.004885683939851305,181,0.0020235899155905865,387,0.0043266812007378835,581,0.00649561182849796,0.005221085583319358,0.011604896863994633,-0.006383811280675275,0.01682598244731399,3644,89445,success
S2024-268,0001506307,KMI,Kinder Morgan,0001506307-25-000008,2024,2025-02-13,1.0.3,0.3.0,208,1083,-0.6777691711851278,990,0.018705008785685946,429,0.008105503807130576,96,0.0018138190337634856,912,0.017231280820753113,547,0.010334989702798194,0.0039299412398208855,0.02046214597464432,-0.016532204734823436,0.024392087214465206,3633,52927,success
S2024-269,0001637459,KHC,Kraft Heinz,0001637459-25-000011,2024,2025-02-13,1.0.3,0.3.0,384,1507,-0.5938656795346378,1118,0.01895107977082415,434,0.007356680340373597,95,0.0016103332542292436,566,0.00959419601993423,598,0.010136624063464082,0.006509136522358206,0.025544970674983895,-0.01903583415262569,0.0320541071973421,3846,58994,success
S2024-270,0000056873,KR,Kroger,0001558370-24-004603,2024,2024-04-02,1.0.3,0.3.0,248,765,-0.510365251727542,816,0.017371311789500576,269,0.005726572146293694,102,0.002171413973687572,411,0.008749521011623452,405,0.008621790777877123,0.005279516328181548,0.01628560480265679,-0.011006088474475241,0.021565121130838336,2545,46974,success
S2024-271,0001065696,LKQ,LKQ Corporation,0001065696-25-000015,2024,2025-02-20,1.0.3,0.3.0,276,974,-0.5584,786,0.01611117943672365,431,0.008834501701307753,85,0.0017423031197474686,423,0.008670520231213872,412,0.008445045709834788,0.005657360718238839,0.019964743983929816,-0.014307383265690976,0.025622104702168656,2815,48786,success
S2024-272,0000920148,LH,Labcorp,0000920148-25-000032,2024,2025-02-25,1.0.3,0.3.0,393,1536,-0.5925349922239502,927,0.016080070773127026,441,0.007649742406633246,121,0.0020989089142916615,1184,0.020538083921663862,510,0.0088466408784194,0.0068171173827820085,0.026644000763239604,-0.019826883380457596,0.033461118146021616,4359,57649,success
S2024-273,0000707549,LRCX,Lam Research,0000707549-24-000106,2024,2024-08-29,1.0.3,0.3.0,314,834,-0.4529616724738676,806,0.019590685917067717,383,0.009309221719896942,97,0.0023576880073890426,426,0.010354382382966312,356,0.008652958047737106,0.007632103446599582,0.0202712556511594,-0.012639152204559818,0.02790335909775898,2699,41142,success
S2024-274,0001679273,LW,Lamb Weston,0001679273-24-000036,2024,2024-07-24,1.0.3,0.3.0,238,787,-0.535609756097561,783,0.020038387715930903,468,0.011976967370441459,73,0.0018682021753039027,312,0.00798464491362764,281,0.007191298784388995,0.006090850927703135,0.020140754958413307,-0.014049904030710172,0.026231605886116442,2372,39075,success
S2024-275,0001300514,LVS,Las Vegas Sands,0001300514-25-000040,2024,2025-02-07,1.0.3,0.3.0,269,914,-0.5452240067624683,961,0.015476037103839217,436,0.007021386240659623,205,0.0033013398608606028,710,0.01143390878639526,546,0.008792836897706777,0.004332002061324401,0.014719144550373615,-0.010387142489049215,0.019051146611698017,3428,62096,success
S2024-276,0000920760,LEN,Lennar,0001628280-25-002404,2024,2025-01-23,1.0.3,0.3.0,268,793,-0.4948162111215834,722,0.014466328718267247,352,0.007052836161814503,134,0.002684886493418021,433,0.00867578993768659,439,0.008796008735899337,0.005369772986836042,0.015888917830451422,-0.01051914484361538,0.021258690817287464,2620,49909,success
S2024-277,0001069202,LII,Lennox International,0001628280-25-004859,2024,2025-02-11,1.0.3,0.3.0,224,609,-0.46218487394957986,504,0.016241299303944315,217,0.006992781644753802,61,0.001965712812580562,309,0.009957463263727765,244,0.007862851250322248,0.007218355246197474,0.01962490332559938,-0.012406548079401909,0.026843258571796855,1808,31032,success
S2024-278,0000059478,LLY,Lilly (Eli),0000059478-25-000067,2024,2025-02-19,1.0.3,0.3.0,366,1309,-0.5629850746268656,984,0.020271105434469118,424,0.008734703967698076,96,0.001977668822875036,863,0.017778418688970375,373,0.007684067405545713,0.007539862387211075,0.026966338428577315,-0.01942647604136624,0.03450620081578839,3715,48542,success
S2024-279,0001707925,LIN,Linde plc,0001628280-25-007990,2024,2025-02-26,1.0.3,0.3.0,159,555,-0.5546218487394958,616,0.016916570549788543,214,0.005876860548140825,82,0.0022518811446147085,428,0.01175372109628165,282,0.007744274180260339,0.0043664524633382764,0.015241390673916626,-0.010874938210578349,0.0196078431372549,1988,36414,success
S2024-280,0001335258,LYV,Live Nation Entertainment,0001335258-25-000028,2024,2025-02-21,1.0.3,0.3.0,286,958,-0.5401929260450161,830,0.017468903247532256,399,0.008397701681645024,145,0.0030517963504725024,499,0.010502388819901922,440,0.009260623408330351,0.006019405215414729,0.020162902784501086,-0.014143497569086356,0.026182307999915812,2937,47513,success
S2024-281,0000936468,LMT,Lockheed Martin,0000936468-25-000009,2024,2025-01-28,1.0.3,0.3.0,347,985,-0.47897897897897895,1084,0.019223607441167603,482,0.008547766408342053,94,0.0016669917891787406,1033,0.018319175725762117,550,0.009753675362216035,0.006153682455798117,0.017467945875968716,-0.011314263420170601,0.023621628331766835,3925,56389,success
S2024-282,0000060086,L,Loews Corporation,0000060086-25-000036,2024,2025-02-11,1.0.3,0.3.0,315,1893,-0.7146739130434783,1577,0.02347704400643125,679,0.010108378491037932,114,0.0016971357113082831,1140,0.01697135711308283,589,0.00876853450842613,0.004689453939141309,0.028181385100934913,-0.023491931161793603,0.03287083904007622,5244,67172,success
S2024-283,0000060667,LOW,Lowe's,0000060667-24-000033,2024,2024-03-25,1.0.3,0.3.0,260,626,-0.41309255079006774,509,0.015602967322665686,221,0.006774569309055239,59,0.0018085954263993623,227,0.006958494267672123,217,0.006651952669977316,0.007970081540064986,0.01918950401569493,-0.011219422475629943,0.027159585555759917,1801,32622,success
S2024-284,0001397187,LULU,Lululemon Athletica,0001397187-24-000010,2024,2024-03-21,1.0.3,0.3.0,225,811,-0.5656370656370656,759,0.01982551457527949,389,0.010160902726987775,49,0.0012799080555845783,254,0.006634625430989447,332,0.008672030090899592,0.00587712882666388,0.02118378434855292,-0.01530665552188904,0.027060913175216802,2273,38284,success
S2024-285,0001489393,LYB,LyondellBasell,0001489393-25-000008,2024,2025-02-27,1.0.3,0.3.0,238,869,-0.5700090334236676,837,0.01830028204735772,380,0.00830837177777292,91,0.0019896363994140413,427,0.009335986181865886,390,0.008527013140345891,0.005203664429236723,0.018999934407591228,-0.013796269978354505,0.02420359883682795,2636,45737,success
S2024-286,0000036270,MTB,M&T Bank,0001628280-25-006267,2024,2025-02-19,1.0.3,0.3.0,234,1477,-0.7264757451782583,1269,0.01902006924564217,520,0.007793881802784814,94,0.0014088940181957164,687,0.01029691692021763,611,0.009157811118272156,0.003507246811253166,0.022137621966756095,-0.01863037515550293,0.025644868778009262,4214,66719,success
S2024-287,0000789570,MGM,MGM Resorts,0000789570-25-000008,2024,2025-02-18,1.0.3,0.3.0,338,935,-0.46897093479968577,910,0.01841508823053262,476,0.009632507689817063,118,0.002387890561761373,607,0.012283470940586044,447,0.009045653229723167,0.00683988991419783,0.018920997247854947,-0.012081107333657115,0.025760887162052777,3179,49416,success
S2024-288,0001408198,MSCI,MSCI Inc.,0001408198-25-000053,2024,2025-02-07,1.0.3,0.3.0,350,918,-0.4479495268138801,994,0.02077542062911485,478,0.009990594628487824,89,0.0018601734768523357,435,0.009091859128435574,379,0.007921412895809384,0.0073152889539136795,0.01918695788483645,-0.011871668930922771,0.026502246838750132,3010,47845,success
S2024-289,0001510295,MPC,Marathon Petroleum,0001510295-25-000012,2024,2025-02-27,1.0.3,0.3.0,423,1006,-0.4079776067179846,1031,0.01618092502785756,430,0.006748591427719447,120,0.0018833278402937991,690,0.010829135081689345,598,0.009385250404130767,0.006638730637035642,0.015788565061129682,-0.00914983442409404,0.022427295698165324,3643,63717,success
S2024-290,0001278021,MKTX,MarketAxess,0000950170-25-025606,2024,2025-02-24,1.0.3,0.3.0,468,1217,-0.44451038575667656,1138,0.018475225664004155,513,0.008328462887200468,186,0.0030196766023767776,729,0.011835184102863822,473,0.007679070069485031,0.007597895967270602,0.019757776478992142,-0.01215988051172154,0.027355672446262743,4031,61596,success
S2024-291,0001048286,MAR,Marriott International,0001628280-25-004818,2024,2025-02-11,1.0.3,0.3.0,184,672,-0.5700934579439252,562,0.01842622950819672,284,0.009311475409836066,62,0.0020327868852459017,266,0.008721311475409835,209,0.006852459016393443,0.006032786885245902,0.022032786885245903,-0.016,0.028065573770491802,1851,30500,success
S2024-292,0000062709,MMC,Marsh & McLennan,0000062709-25-000015,2024,2025-02-10,1.0.3,0.3.0,319,1260,-0.5959468017732742,1274,0.02095670482958284,500,0.008224766416633767,67,0.0011021186998289249,815,0.013406369259113041,396,0.006514015001973944,0.005247400973812343,0.020726411369917094,-0.015479010396104751,0.02597381234372944,3879,60792,success
S2024-293,0000916076,MLM,Martin Marietta Materials,0000950170-25-024770,2024,2025-02-21,1.0.3,0.3.0,378,1016,-0.45767575322812054,1090,0.016141213404611353,399,0.005908572613247642,129,0.0019102903937567564,509,0.007537502406373558,611,0.009047964578181225,0.005597595107287239,0.015045387907417555,-0.009447792800130314,0.020642983014704793,3524,67529,success
S2024-294,0000062996,MAS,Masco,0000062996-25-000004,2024,2025-02-11,1.0.3,0.3.0,156,481,-0.5102040816326531,547,0.019981005260081824,218,0.007963179427235534,46,0.0016803039158386909,192,0.0070134424313267095,235,0.00858416130917592,0.0056984219754529514,0.017570134424313266,-0.011871712448860315,0.02326855639976622,1563,27376,success
S2024-295,0001141391,MA,Mastercard,0001141391-25-000011,2024,2025-02-12,1.0.3,0.3.0,371,1098,-0.4948944860449285,905,0.017897047481559118,485,0.009591235390669804,46,0.0009096841813831155,902,0.01783772025233848,343,0.006783079874226274,0.0073368006802855615,0.021713765894753496,-0.014376965214467933,0.029050566575039058,3400,50567,success
S2024-296,0000891103,MTCH,Match Group,0000891103-25-000027,2024,2025-02-27,1.0.3,0.3.0,274,1021,-0.5768339768339769,844,0.018138445337516924,410,0.008811330081021255,112,0.0024069974855472696,507,0.010895961831897016,396,0.008510455395327845,0.00588854741999957,0.021942361006640734,-0.016053813586641163,0.027830908426640304,2900,46531,success
S2024-297,0000063754,MKC,McCormick & Company,0000063754-25-000005,2024,2025-01-23,1.0.3,0.3.0,249,730,-0.491317671092952,759,0.01897120575884823,303,0.007573485302939412,56,0.0013997200559888023,301,0.007523495300939812,295,0.007373525294941011,0.00622375524895021,0.01824635072985403,-0.012022595480903819,0.024470105978804238,2260,40008,success
S2024-298,0000063908,MCD,McDonald's,0000063908-25-000012,2024,2025-02-25,1.0.3,0.3.0,317,544,-0.26364692218350755,527,0.01619445639481286,242,0.007436543543728105,59,0.0018130416077684224,202,0.006207362792698666,201,0.00617663327392293,0.009741257451908304,0.016716858214000367,-0.006975600762092066,0.026458115665908673,1721,32542,success
S2024-299,0000927653,MCK,McKesson Corporation,0000927653-24-000035,2024,2024-05-08,1.0.3,0.3.0,299,1545,-0.675704989154013,982,0.016354945622304017,407,0.0067784754259447395,72,0.001199140615891944,909,0.015139150275635794,463,0.007711140349416252,0.004979764502106823,0.025731559049347968,-0.020751794547241145,0.03071132355145479,3866,60043,success
S2024-300,0001613103,MDT,Medtronic,0001613103-24-000072,2024,2024-06-20,1.0.3,0.3.0,301,1045,-0.5527488855869243,878,0.016500037585507027,419,0.007874163722468616,116,0.002179959407652409,702,0.013192512966999925,372,0.0069909043072991055,0.005656618807787717,0.01963842742238593,-0.013981808614598211,0.025295046230173646,3180,53212,success
S2024-301,0000310158,MRK,Merck & Co.,0001628280-25-007732,2024,2025-02-25,1.0.3,0.3.0,617,1377,-0.3811434302908726,1176,0.01610407394727833,435,0.005956864087641219,236,0.003231769941800753,859,0.011763094830537488,445,0.00609380349195481,0.008449161246148579,0.018856555973981514,-0.010407394727832933,0.02730571722013009,4371,73025,success
S2024-302,0001099219,MET,MetLife,0001099219-25-000044,2024,2025-02-21,1.0.3,0.3.0,588,2197,-0.577737881508079,2566,0.022596581452486417,826,0.007273880077846368,191,0.0016819746911242812,1613,0.014204320297295632,883,0.007775830640119059,0.005178016326602499,0.019347112023036888,-0.014169095696434389,0.024525128349639387,7534,113557,success
S2024-303,0001326801,META,Meta Platforms,0001326801-25-000017,2024,2025-01-30,1.0.3,0.3.0,337,2148,-0.7287726358148894,1282,0.018744060238321515,709,0.010366254843190292,193,0.002821843702025002,1467,0.021448936325754807,607,0.00887491775714599,0.00492726076467578,0.031405804517874114,-0.026478543753198334,0.03633306528254989,5647,68395,success
S2024-304,0001037646,MTD,Mettler Toledo,0001037646-25-000012,2024,2025-02-07,1.0.3,0.3.0,261,646,-0.4244762954796031,709,0.019557541652874325,353,0.009737393798962816,71,0.001958512633785722,257,0.007089264040604656,277,0.007640957740262606,0.007199602780536246,0.01781970649895178,-0.010620103718415536,0.02501930927948803,2147,36252,success
S2024-305,0000827054,MCHP,Microchip Technology,0000827054-24-000098,2024,2024-05-23,1.0.3,0.3.0,291,1345,-0.6442542787286064,1172,0.02108823952785375,620,0.011155894630775874,178,0.00320282136173888,681,0.012253490715416726,545,0.009806391248020728,0.005236073125089967,0.024201093997408954,-0.018965020872318987,0.02943716712249892,3992,55576,success
S2024-306,0000723125,MU,Micron Technology,0000723125-24-000027,2024,2024-10-04,1.0.3,0.3.0,258,1040,-0.6024653312788906,846,0.021250941974378296,505,0.012685254961065059,82,0.0020597839738759104,370,0.009294147199196181,393,0.00987189148455162,0.006480783722682743,0.026124089424767648,-0.019643305702084904,0.03260487314745039,2813,39810,success
S2024-307,0000789019,MSFT,Microsoft,0000950170-24-087843,2024,2024-07-30,1.0.3,0.3.0,381,993,-0.44541484716157204,928,0.01606926406926407,492,0.008519480519480519,89,0.001541125541125541,576,0.009974025974025974,440,0.007619047619047619,0.0065974025974025975,0.017194805194805193,-0.010597402597402597,0.02379220779220779,3170,57750,success
S2024-308,0000912595,MAA,Mid-America Apartment Communities,0000950170-25-016287,2024,2025-02-07,1.0.3,0.3.0,394,974,-0.4239766081871345,1043,0.01654662563061205,500,0.007932227052067139,109,0.0017292254973506362,523,0.008297109496462226,404,0.006409239458070248,0.006250594917028905,0.015451978297426786,-0.00920138338039788,0.021702573214455692,3279,63034,success
S2024-309,0001682852,MRNA,Moderna,0001682852-25-000022,2024,2025-02-21,1.0.3,0.3.0,796,2062,-0.4429671098670399,1698,0.0207769960232487,1019,0.012468644845518507,236,0.002887733251758948,998,0.012211685530743347,703,0.008602018966044662,0.009739981645763231,0.025230957479351484,-0.015490975833588253,0.03497093912511472,6212,81725,success
S2024-310,0000851968,MHK,Mohawk Industries,0000851968-25-000023,2024,2025-02-20,1.0.3,0.3.0,235,768,-0.5314057826520439,647,0.01866758994777691,270,0.007790184367696702,86,0.0024813179837848754,356,0.010271502351481578,286,0.00825182492281947,0.006780345653365648,0.022158746645892843,-0.015378400992527193,0.02893909229925849,2192,34659,success
S2024-311,0001179929,MOH,Molina Healthcare,0001179929-25-000023,2024,2025-02-11,1.0.3,0.3.0,313,1091,-0.5541310541310541,875,0.01890257074962195,404,0.008727586951825449,130,0.0028083819399438324,871,0.018816158997623678,396,0.008554763447828904,0.006761719593864766,0.023568805357528623,-0.016807085763663857,0.03033052495139339,3402,46290,success
S2024-312,0000024545,TAP,Molson Coors Beverage Company,0000024545-25-000007,2024,2025-02-18,1.0.3,0.3.0,324,1272,-0.5939849624060151,1288,0.020094230709226498,556,0.008674217604293426,97,0.0015133077475116229,607,0.009469874255046959,499,0.0077849542887453585,0.005054759898904802,0.019844612936441075,-0.014789853037536273,0.024899372835345875,3856,64098,success
S2024-313,0001103982,MDLZ,Mondelez International,0001103982-25-000030,2024,2025-02-05,1.0.3,0.3.0,499,1177,-0.4045346062052506,1017,0.019403583080533457,403,0.007688932135157308,90,0.0017171312460649076,493,0.009406063381222216,378,0.007211951233472611,0.009520538797626543,0.022456260851315513,-0.01293572205368897,0.03197679964894205,3427,52413,success
S2024-314,0001280452,MPWR,Monolithic Power Systems,0001437749-25-005903,2024,2025-03-03,1.0.3,0.3.0,275,937,-0.5462046204620462,920,0.02457724467715652,546,0.01458606042796463,138,0.003686586701573478,438,0.01170090561803756,337,0.009002751582827985,0.0073464590067587425,0.02503138941575615,-0.01768493040899741,0.03237784842251489,2872,37433,success
S2024-315,0000865752,MNST,Monster Beverage,0001410578-25-000248,2024,2025-02-28,1.0.3,0.3.0,226,1033,-0.6409849086576648,1016,0.01777124766052719,470,0.00822095118154309,89,0.0015567333088453937,482,0.008430847807454829,469,0.008203459796050446,0.003953053121337741,0.018068601213902153,-0.014115548092564411,0.022021654335239893,3110,57171,success
S2024-316,0001059556,MCO,Moody's Corporation,0001059556-25-000025,2024,2025-02-14,1.0.3,0.3.0,242,859,-0.5603996366939146,862,0.021012090483619343,299,0.007288416536661467,94,0.0022913416536661465,539,0.01313865054602184,382,0.009311622464898596,0.0058989859594383775,0.02093896255850234,-0.015039976599063963,0.02683794851794072,2804,41024,success
S2024-317,0000895421,MS,Morgan Stanley,0000895421-25-000304,2024,2025-02-21,1.0.3,0.3.0,311,1879,-0.7159817351598173,2138,0.02408606996000676,563,0.006342589984791303,121,0.0013631498901594096,1228,0.013834281529882274,993,0.011186841660564412,0.00350363318875683,0.02116825325297133,-0.017664620064214497,0.024671886441728158,6345,88765,success
S2024-318,0001285785,MOS,Mosaic Company (The),0001618034-25-000003,2024,2025-03-03,1.0.3,0.3.0,337,981,-0.48861911987860396,1060,0.014701395245624254,431,0.005977642783834013,98,0.0013591855981803557,674,0.009347868297689384,565,0.007836121050733683,0.004673934148844692,0.013605725222601315,-0.008931791073756622,0.018279659371446006,3539,72102,success
S2024-319,0000068505,MSI,Motorola Solutions,0000068505-25-000012,2024,2025-02-14,1.0.3,0.3.0,314,976,-0.5131782945736434,900,0.01688998986600608,411,0.007713095372142776,111,0.00208309875014075,770,0.014450324663138536,428,0.008032128514056224,0.005892729797695455,0.01831625567691326,-0.012423525879217806,0.024208985474608716,3321,53286,success
S2024-320,0001013871,NRG,NRG Energy,0001013871-25-000006,2024,2025-02-26,1.0.3,0.3.0,341,1265,-0.5753424657534246,1265,0.01833731970718272,549,0.007958251793868233,126,0.0018264840182648401,1058,0.015336667391461912,668,0.009683264477785026,0.00494310357324056,0.01833731970718272,-0.013394216133942162,0.02328042328042328,4473,68985,success
S2024-321,0000906163,NVR,"NVR, Inc.",0000906163-25-000011,2024,2025-02-12,1.0.3,0.3.0,128,495,-0.5890850722311396,509,0.01818571581692808,182,0.006502554575011612,65,0.0023223409196470044,305,0.010897138161420558,302,0.01078995319589839,0.004573225195612562,0.017685519311157954,-0.013112294115545393,0.02225874450677052,1694,27989,success
S2024-322,0001413447,NXPI,NXP Semiconductors,0001413447-25-000019,2024,2025-02-20,1.0.3,0.3.0,273,934,-0.5476387738193869,834,0.018821511588544605,385,0.00868858748392047,100,0.0022567759698494732,443,0.009997517546433165,356,0.008034122452664124,0.006160998397689061,0.02107828755839408,-0.014917289160705017,0.027239285956083138,2770,44311,success
S2024-323,0001120193,NDAQ,"Nasdaq, Inc.",0001120193-25-000008,2024,2025-02-21,1.0.3,0.3.0,420,1208,-0.48402948402948404,1049,0.01652879539903884,451,0.0071062790514456785,122,0.0019223193886394076,835,0.013156858110769715,620,0.009769164106200268,0.006617820846135665,0.0190341132907902,-0.012416292444654534,0.025651934136925864,4021,63465,success
S2024-324,0001002047,NTAP,NetApp,0000950170-24-071327,2024,2024-06-10,1.0.3,0.3.0,339,1151,-0.5449664429530201,1194,0.019764612405025576,553,0.009153962026783202,129,0.002135372697025376,677,0.011206568340202944,534,0.00883944976908179,0.005611560808462035,0.019052821506017115,-0.013441260697555081,0.02466438231447915,3810,60411,success
S2024-325,0001065280,NFLX,Netflix,0001065280-25-000044,2024,2025-01-27,1.0.3,0.3.0,191,657,-0.5495283018867925,667,0.022577260264698914,378,0.01279490911552652,51,0.0017262972616186576,287,0.00971465321734421,276,0.009342314592289206,0.006465152489591443,0.022238770605558,-0.01577361811596656,0.028703923095149443,2043,29543,success
S2024-326,0001164727,NEM,Newmont,0001164727-25-000011,2024,2025-02-21,1.0.3,0.3.0,482,2313,-0.6550983899821109,1958,0.017354771232561024,834,0.007392175284962153,230,0.002038609491056709,1146,0.01015759337717821,850,0.007533991597383489,0.004272216411692755,0.020501320664409423,-0.016229104252716668,0.02477353707610218,6548,112822,success
S2024-327,0001564708,NWSA|NWS,News Corp (Class A)|News Corp (Class B),0001564708-24-000408,2024,2024-08-13,1.0.3,0.3.0,346,1074,-0.5126760563380282,988,0.01562870746792793,399,0.0063115934005093565,113,0.0017874938703196924,529,0.008368002277868295,541,0.00855782463577835,0.005473211319739943,0.016989101032949996,-0.011515889713210055,0.02246231235268994,3383,63217,success
S2024-328,0000753308,NEE,NextEra Energy,0000753308-25-000011,2024,2025-02-14,1.0.3,0.3.0,223,1023,-0.6420545746388443,1098,0.018163471241170535,392,0.006484590825627368,84,0.0013895551769201502,836,0.013829382475062447,559,0.009247158855932905,0.0036889381482523033,0.01692279697606326,-0.013233858827810955,0.02061173512431556,3643,60451,success
S2024-329,0001111711,NI,NiSource,0001111711-25-000008,2024,2025-02-12,1.0.3,0.3.0,282,809,-0.4830430797433547,974,0.018230141498839558,421,0.007879763419929625,92,0.0017219435501983978,701,0.013120461181403009,503,0.009414539192932544,0.005278131316912481,0.015141873175114172,-0.009863741858201693,0.020420004492026654,3229,53428,success
S2024-330,0000320187,NKE,"Nike, Inc.",0000320187-24-000044,2024,2024-07-25,1.0.3,0.3.0,276,986,-0.5625990491283677,1118,0.02480916030534351,568,0.012604296112195988,85,0.0018862062843955263,457,0.010141132611397125,298,0.006612817326469022,0.006124622758743121,0.021879992898988107,-0.015755370140244983,0.028004615657731227,3087,45064,success
S2024-331,0000072331,NDSN,Nordson Corporation,0000072331-24-000177,2024,2024-12-18,1.0.3,0.3.0,226,570,-0.4321608040201005,581,0.018306131451257167,249,0.007845484907681643,60,0.001890478291007625,340,0.010712710315709875,273,0.008601676224084693,0.007120801562795387,0.017959543764572438,-0.01083874220177705,0.025080345327367824,1955,31738,success
S2024-332,0000702165,NSC,Norfolk Southern,0000702165-25-000008,2024,2025-02-10,1.0.3,0.3.0,160,987,-0.7210113339145597,557,0.016637295020759283,253,0.0075569760148152575,80,0.0023895576331431643,504,0.015054213088801935,211,0.006302458257415096,0.0047791152662863285,0.02948116729890379,-0.024702052032617463,0.03426028256519012,2326,33479,success
S2024-333,0000073124,NTRS,Northern Trust,0000073124-25-000105,2024,2025-02-24,1.0.3,0.3.0,395,1829,-0.6447841726618705,1924,0.02292550402745341,560,0.006672703874934465,139,0.0016562604260998046,1034,0.012320671083361136,772,0.009198798913302511,0.00470663934035556,0.021793527477241312,-0.017086888136885754,0.026500166817596874,5871,83924,success
S2024-334,0001133421,NOC,Northrop Grumman,0001133421-25-000006,2024,2025-01-30,1.0.3,0.3.0,261,941,-0.5657237936772047,771,0.018155701031413365,313,0.0073706023642443365,67,0.001577732774454858,670,0.01577732774454858,363,0.00854801488249423,0.006146093345264447,0.022158903593463005,-0.016012810248198558,0.028304996938727452,2929,42466,success
S2024-335,0001513761,NCLH,Norwegian Cruise Line Holdings,0001558370-25-001743,2024,2025-02-27,1.0.3,0.3.0,370,1105,-0.49830508474576274,962,0.016591928251121078,507,0.00874439461883408,183,0.0031562607795791653,690,0.011900655398413246,613,0.010572611245256986,0.006381510865815798,0.01905829596412556,-0.012676785098309763,0.025439806829941358,3735,57980,success
S2024-336,0000073309,NUE,Nucor,0000950170-25-028427,2024,2025-02-27,1.0.3,0.3.0,277,587,-0.3587962962962963,763,0.015165669535489257,202,0.004015026534952595,136,0.0027031861819482817,329,0.006539325396036652,351,0.006976605513704756,0.005505754208821133,0.011667428594144422,-0.0061616743853232896,0.017173182802965554,2283,50311,success
S2024-337,0001045810,NVDA,Nvidia,0001045810-24-000029,2024,2024-02-21,1.0.3,0.3.0,255,1071,-0.6153846153846154,908,0.02073864285224859,566,0.012927391910102094,78,0.0017815133727702532,486,0.01110019870726081,436,0.009958202955485006,0.005824178334056598,0.024461549003037708,-0.01863737066898111,0.030285727337094306,3084,43783,success
S2024-338,0001097864,ON,ON Semiconductor,0001628280-25-004557,2024,2025-02-10,1.0.3,0.3.0,277,1029,-0.5758039816232772,974,0.021470296484073625,481,0.01060288768874683,81,0.001785517469414747,508,0.011198060178551747,424,0.00934641243249201,0.006106028876887468,0.022682684889231787,-0.01657665601234432,0.028788713766119255,3089,45365,success
S2024-339,0000797468,OXY,Occidental Petroleum,0000797468-25-000029,2024,2025-02-18,1.0.3,0.3.0,309,1016,-0.5335849056603773,1012,0.018484693504785564,386,0.00705048586249726,105,0.001917878278658581,803,0.014667202454884197,479,0.008749178052166288,0.005644041791480967,0.018557755534448748,-0.01291371374296778,0.024201797325929714,3453,54748,success
S2024-340,0000878927,ODFL,Old Dominion,0000950170-25-026661,2024,2025-02-25,1.0.3,0.3.0,190,766,-0.602510460251046,750,0.020556956474070825,391,0.01071702664181559,69,0.001891239995614516,323,0.008853195921499836,331,0.009072470123889924,0.005207762306764609,0.020995504878851004,-0.015787742572086393,0.026203267185615612,2312,36484,success
S2024-341,0000029989,OMC,Omnicom Group,0000029989-25-000009,2024,2025-02-05,1.0.3,0.3.0,197,631,-0.5241545893719807,642,0.016502583348327892,270,0.006940338791352852,79,0.0020306917204328716,324,0.008328406549623423,330,0.008482636300542374,0.005063876821838933,0.01621982880497648,-0.011155951983137548,0.021283705626815412,2101,38903,success
S2024-342,0001039684,OKE,Oneok,0001039684-25-000036,2024,2025-02-25,1.0.3,0.3.0,212,835,-0.5950334288443171,999,0.01722889072847682,464,0.008002207505518763,117,0.002017798013245033,574,0.009899282560706402,462,0.00796771523178808,0.0036561810154525387,0.014400524282560707,-0.010744343267108167,0.018056705298013245,3065,57984,success
S2024-343,0001341439,ORCL,Oracle Corporation,0000950170-24-075605,2024,2024-06-20,1.0.3,0.3.0,434,1277,-0.49269433080070135,1500,0.01969124133585381,743,0.009753728208359588,169,0.0022185465238395295,922,0.012103549674438142,548,0.0071938668346985925,0.005697332493173703,0.016763810123923546,-0.011066477630749843,0.022461142617097248,4529,76176,success
S2024-344,0001781335,OTIS,Otis Worldwide,0001781335-25-000010,2024,2025-02-04,1.0.3,0.3.0,214,871,-0.6055299539170507,845,0.0187137352172565,352,0.007795544137839394,75,0.0016609824157328254,699,0.015480356114629933,349,0.007729104841210081,0.004739336492890996,0.019289542454710547,-0.014550205961819551,0.024028878947601542,2895,45154,success
S2024-345,0000898173,ORLY,O’Reilly Automotive,0000898173-25-000008,2024,2025-02-28,1.0.3,0.3.0,303,554,-0.2928821470245041,539,0.013811659192825112,209,0.00535554131966688,80,0.0020499679692504804,252,0.006457399103139014,297,0.007610506085842409,0.007764253683536195,0.014196028187059577,-0.006431774503523382,0.02196028187059577,1900,39025,success
S2024-346,0001004980,PCG,PG&E Corporation,0001004980-25-000010,2024,2025-02-13,1.0.3,0.3.0,311,1637,-0.6806981519507187,1325,0.016212115650503494,568,0.006949797501498856,198,0.00242264067833939,1210,0.014805026367629604,679,0.008307944548446695,0.003805258843250254,0.02002961005273526,-0.016224351209485004,0.023834868895985514,5030,81729,success
S2024-347,0000713676,PNC,PNC Financial Services,0000713676-25-000027,2024,2025-02-21,1.0.3,0.3.0,467,2035,-0.6266986410871302,1995,0.020366910661235492,568,0.005798699376231458,174,0.0017763621328596368,1047,0.010688799730482987,794,0.008105928353393974,0.004767592620950864,0.020775269772237707,-0.016007677151286842,0.02554286239318857,6233,97953,success
S2024-348,0000079879,PPG,PPG Industries,0000079879-25-000034,2024,2025-02-20,1.0.3,0.3.0,209,774,-0.5747711088504578,544,0.014837847421105747,174,0.004745929138368382,70,0.0019092818372746366,450,0.012273954668194092,280,0.007637127349098547,0.005700570057005701,0.021111202029293837,-0.015410631972288138,0.026811772086299538,2104,36663,success
S2024-349,0000922224,PPL,PPL Corporation,0000922224-25-000009,2024,2025-02-13,1.0.3,0.3.0,235,848,-0.5660203139427517,1002,0.013465027212255594,373,0.005012430289592152,148,0.0019888463347443393,1301,0.017483034334475577,622,0.008358529866290399,0.00315796546395216,0.011395551972048647,-0.008237586508096487,0.014553517436000807,4014,74415,success
S2024-350,0000857005,PTC,PTC Inc.,0000950170-24-127231,2024,2024-11-14,1.0.3,0.3.0,255,700,-0.46596858638743455,825,0.017018730918392608,303,0.006250515719118739,117,0.0024135654756993153,478,0.009860549550292929,400,0.008251505899826718,0.0052603350111395325,0.014440135324696757,-0.009179800313557224,0.01970047033583629,2637,48476,success
S2024-351,0000075362,PCAR,Paccar,0000950170-25-023145,2024,2025-02-19,1.0.3,0.3.0,130,607,-0.6472184531886025,452,0.010254316114249417,130,0.0029492502098504955,64,0.0014519385648494748,444,0.01007282379364323,271,0.006148052360534495,0.0029492502098504955,0.013770729825994237,-0.010821479616143742,0.016719980035844732,1883,44079,success
S2024-352,0000075677,PKG,Packaging Corporation of America,0000950170-25-028533,2024,2025-02-27,1.0.3,0.3.0,224,697,-0.5135722041259501,658,0.013085673375228701,222,0.00441492323601941,100,0.0019887041603691034,386,0.007676398059024739,488,0.009704876302601225,0.004454697319226792,0.013861267997772651,-0.00940657067854586,0.018315965316999444,2415,50284,success
S2024-353,0001321655,PLTR,Palantir Technologies,0001321655-25-000022,2024,2025-02-18,1.0.3,0.3.0,522,2179,-0.613476490188819,1738,0.023238711575231653,1175,0.015710866571287223,245,0.0032758828169918036,1235,0.016513123587693378,629,0.008410327721991202,0.006979636042733557,0.0291353006458169,-0.022155664603083342,0.03611493668855045,6239,74789,success
S2024-354,0001327567,PANW,Palo Alto Networks,0001327567-24-000029,2024,2024-09-06,1.0.3,0.3.0,354,1363,-0.5876528829353523,1182,0.022525870447658795,639,0.012177691384140415,168,0.00320164656108856,531,0.010119490023440626,384,0.007318049282488137,0.006746326682293751,0.02597526346883159,-0.019228936786537837,0.03272159015112534,3775,52473,success
S2024-355,0000813828,PARA,Paramount Global,0000813828-25-000005,2024,2025-02-26,1.0.3,0.3.0,280,1486,-0.6828992072480181,914,0.013664224846763343,430,0.006428464643444461,229,0.0034235311705785617,916,0.013694124682314247,567,0.008476603378681417,0.004185976977126625,0.02221557781432202,-0.018029600837195396,0.026401554791448647,3936,66890,success
S2024-356,0000076334,PH,Parker Hannifin,0000076334-24-000044,2024,2024-08-22,1.0.3,0.3.0,238,497,-0.3523809523809524,524,0.017560321715817694,203,0.006802949061662199,63,0.002111260053619303,296,0.009919571045576408,203,0.006802949061662199,0.007975871313672922,0.01665549597855228,-0.008679624664879357,0.0246313672922252,1734,29840,success
S2024-357,0001633917,PYPL,PayPal,0001633917-25-000019,2024,2025-02-04,1.0.3,0.3.0,304,1565,-0.6746923488496522,1071,0.018702196765969337,537,0.009377291935878183,87,0.0015192260678238397,834,0.01456361540879405,472,0.008242237977159221,0.0053085600530856005,0.02732860685223344,-0.022020046799147836,0.03263716690531904,4136,57266,success
S2024-358,0000723531,PAYX,Paychex,0000950170-24-082958,2024,2024-07-11,1.0.3,0.3.0,245,907,-0.5746527777777778,1025,0.020078354554358472,526,0.01030362389813908,110,0.0021547502448579824,510,0.00999020568070519,412,0.008070519098922625,0.0047992164544564155,0.017766895200783544,-0.01296767874632713,0.02256611165523996,2942,51050,success
S2024-359,0001590955,PAYC,Paycom,0000950170-25-024136,2024,2025-02-20,1.0.3,0.3.0,396,1106,-0.47270306258322237,951,0.015434803778362061,496,0.008050118479566333,96,0.0015580874476579997,686,0.01113383321972279,563,0.009137533677410978,0.006427110721589249,0.01795046580322654,-0.01152335508163729,0.02437757652481579,3601,61614,success
S2024-360,0000077360,PNR,Pentair,0000077360-25-000006,2024,2025-02-25,1.0.3,0.3.0,239,743,-0.5132382892057027,780,0.019521473620983082,365,0.00913504855340875,77,0.0019271198318149966,461,0.011537691460606667,380,0.009510461507658424,0.005981579737711483,0.01859545500050055,-0.012613875262789068,0.024577034738212034,2498,39956,success
S2024-361,0000077476,PEP,PepsiCo,0000077476-25-000007,2024,2025-02-04,1.0.3,0.3.0,293,1102,-0.5799283154121864,772,0.015716292420756905,231,0.004702672991185033,82,0.001669347122412003,533,0.01085075629567802,404,0.008224588261639625,0.005964862278862401,0.02243439669387838,-0.01646953441501598,0.028399258972740784,2966,49121,success
S2024-362,0000078003,PFE,Pfizer,0000078003-25-000054,2024,2025-02-27,1.0.3,0.3.0,625,1653,-0.45127304653204564,1383,0.018763991588087645,588,0.007977749135065463,125,0.001695950071229903,1146,0.01554847025303575,485,0.006580286276372024,0.008479750356149516,0.022427243741944238,-0.013947493385794723,0.030906994098093752,5010,73705,success
S2024-363,0001413329,PM,Philip Morris International,0001413329-25-000013,2024,2025-02-06,1.0.3,0.3.0,378,1982,-0.6796610169491526,1326,0.01823883799620368,453,0.0062309152430469585,131,0.0018018761519628071,1349,0.01855519793128112,553,0.007606393221644522,0.005199306759098787,0.02726197353580369,-0.022062666776704903,0.03246128029490248,5178,72702,success
S2024-364,0001534701,PSX,Phillips 66,0001534701-25-000074,2024,2025-02-21,1.0.3,0.3.0,300,1092,-0.5689655172413793,989,0.016098577335026207,456,0.0074225998632678975,96,0.0015626526027932416,726,0.01181756030862389,532,0.008659699840479214,0.00488328938372888,0.017775173356773123,-0.012891883973044242,0.022658462740502,3513,61434,success
S2024-365,0000764622,PNW,Pinnacle West Capital,0000764622-25-000023,2024,2025-02-25,1.0.3,0.3.0,350,960,-0.46564885496183206,1159,0.015251404734646612,462,0.0060795073230429115,201,0.0026449804587264617,1122,0.014764517784532786,634,0.008342873685734213,0.0046056873659416,0.012632742489439817,-0.008027055123498217,0.017238429855381418,4247,75993,success
S2024-366,0000945841,POOL,Pool Corporation,0000945841-25-000032,2024,2025-02-27,1.0.3,0.3.0,315,571,-0.28893905191873587,656,0.018061674008810574,229,0.0063050660792951544,73,0.002009911894273128,228,0.006277533039647577,266,0.0073237885462555065,0.008672907488986784,0.01572136563876652,-0.007048458149779736,0.024394273127753306,1982,36320,success
S2024-367,0001126328,PFG,Principal Financial Group,0001410578-25-000160,2024,2025-02-19,1.0.3,0.3.0,531,2093,-0.5952743902439024,2211,0.018995498127083406,659,0.005661706587855253,217,0.0018643252345441424,1311,0.011263273652015533,670,0.005756211553661638,0.004562012440290045,0.01798171758479673,-0.013419705144506685,0.022543730025086774,6652,116396,success
S2024-368,0000080424,PG,Procter & Gamble,0000080424-24-000083,2024,2024-08-05,1.0.3,0.3.0,273,678,-0.42586750788643535,614,0.017620386844975033,206,0.005911725879584457,48,0.0013774895253400676,237,0.006801354531366584,248,0.007117029214257016,0.007834471675371634,0.019457039545428458,-0.011622567870056822,0.02729151122080009,1967,34846,success
S2024-369,0000080661,PGR,Progressive Corporation,0000080661-25-000007,2024,2025-03-03,1.0.3,0.3.0,181,658,-0.5685339690107271,546,0.02342844883072302,288,0.012357863119502252,49,0.0021025531001930917,342,0.014674962454408925,201,0.008624758635485947,0.0077665736966316245,0.02823428448830723,-0.020467710791675607,0.03600085818493885,1859,23305,success
S2024-370,0001045609,PLD,Prologis,0000950170-25-021272,2024,2025-02-14,1.0.3,0.3.0,444,688,-0.21554770318021202,958,0.01303082238363394,413,0.005617671862673087,121,0.0016458554367637858,333,0.00452950297886232,397,0.005400038085910933,0.006039337305149759,0.0093582524007726,-0.0033189150956228408,0.015397589705922358,2850,73518,success
S2024-371,0001137774,PRU,Prudential Financial,0001137774-25-000044,2024,2025-02-13,1.0.3,0.3.0,671,2294,-0.5473861720067453,2557,0.019381930916340096,642,0.004866327590258249,251,0.0019025673289015895,1858,0.014083546203582284,743,0.005631902491529406,0.005086146126266799,0.017388404193228072,-0.012302258066961273,0.02247455031949487,7844,131927,success
S2024-372,0000788784,PEG,Public Service Enterprise Group,0000950170-25-026874,2024,2025-02-25,1.0.3,0.3.0,402,1479,-0.5725677830940988,1607,0.01520067348347979,627,0.005930816598719246,227,0.0021472015437149425,1374,0.012996717713939784,956,0.009042839981460287,0.0038025331302793254,0.013989916665878413,-0.010187383535599089,0.01779244979615774,5831,105719,success
S2024-373,0001393311,PSA,Public Storage,0001393311-25-000036,2024,2025-02-24,1.0.3,0.3.0,236,612,-0.44339622641509435,637,0.01777988667764535,269,0.0075083037932285705,50,0.001395595500600106,291,0.008122365813492616,269,0.0075083037932285705,0.006587210762832501,0.017082088927345297,-0.010494878164512798,0.023669299690177798,1998,35827,success
S2024-374,0000822416,PHM,PulteGroup,0000822416-25-000007,2024,2025-02-06,1.0.3,0.3.0,187,711,-0.5835189309576837,533,0.0163597298956415,257,0.007888275015346839,50,0.001534683855125844,376,0.011540822590546347,290,0.008901166359729895,0.005739717618170657,0.021823204419889504,-0.016083486801718845,0.02756292203806016,1976,32580,success
S2024-375,0000804328,QCOM,Qualcomm,0000804328-24-000075,2024,2024-11-06,1.0.3,0.3.0,408,1367,-0.540281690140845,1085,0.020796197266785502,660,0.01265022137887413,73,0.0013991911525118356,644,0.012343549345446878,424,0.008126808885822168,0.007820136852394917,0.026201291855940813,-0.018381155003545896,0.03402142870833573,3753,52173,success
S2024-376,0001050915,PWR,Quanta Services,0001050915-25-000005,2024,2025-02-20,1.0.3,0.3.0,349,1750,-0.6674606955693188,1467,0.021018998767802388,699,0.010015187551938563,135,0.0019342636902885636,1012,0.014499813737570566,692,0.009914892397627302,0.00500042983637562,0.025073788577814712,-0.020073358741439094,0.03007421841419033,5106,69794,success
S2024-377,0001022079,DGX,Quest Diagnostics,0001022079-25-000044,2024,2025-02-20,1.0.3,0.3.0,479,921,-0.3157142857142857,829,0.016220552555372934,315,0.006163418642873914,85,0.001663144713156453,457,0.008941848634264695,319,0.0062416842764342175,0.009372309618846365,0.01802066212725992,-0.008648352508413556,0.027392971746106286,2872,51108,success
S2024-378,0000101829,RTX,RTX Corporation,0000101829-25-000005,2024,2025-02-03,1.0.3,0.3.0,418,1689,-0.6032273374466065,1254,0.017585684635665004,532,0.007460593481797274,128,0.0017950300106579907,1293,0.01813260784203736,660,0.009255623492455265,0.005861894878555001,0.02368598193751052,-0.017824087058955516,0.029547876816065518,5145,71308,success
S2024-379,0001037038,RL,Ralph Lauren Corporation,0001037038-24-000014,2024,2024-05-23,1.0.3,0.3.0,514,1242,-0.4145785876993166,1019,0.015521942451522492,427,0.006504287955642889,153,0.002330576246401316,398,0.006062544745540678,514,0.00782951758594952,0.00782951758594952,0.018918795411963625,-0.011089277826014106,0.026748312997913144,3617,65649,success
S2024-380,0000720005,RJF,Raymond James Financial,0000720005-24-000069,2024,2024-11-26,1.0.3,0.3.0,298,1474,-0.6636568848758465,1431,0.017883476217850983,588,0.007348346622010048,104,0.0012997075657976956,842,0.010522632407708265,708,0.008848009197930466,0.0037241620635357045,0.0184208553075558,-0.014696693244020096,0.022145017371091504,4656,80018,success
S2024-381,0000726728,O,Realty Income,0000726728-25-000055,2024,2025-02-25,1.0.3,0.3.0,229,733,-0.5239085239085239,897,0.02006352330679073,460,0.010288986311174734,86,0.0019235930929587545,340,0.00760490292565089,377,0.008432495302854075,0.005122125794041335,0.016395276013241478,-0.011273150219200143,0.021517401807282812,2554,44708,success
S2024-382,0000910606,REG,Regency Centers,0000950170-25-021359,2024,2025-02-14,1.0.3,0.3.0,412,924,-0.38323353293413176,1158,0.016110631904059657,535,0.007443167589526698,176,0.0024485934500125214,411,0.005718022204290603,497,0.00691449400372854,0.005731934667074765,0.012855115612565736,-0.007123180945490971,0.018587050279640503,3409,71878,success
S2024-383,0000872589,REGN,Regeneron Pharmaceuticals,0001804220-25-000011,2024,2025-02-05,1.0.3,0.3.0,712,1705,-0.4108398841539098,1385,0.020323413746551625,806,0.01182719962434701,184,0.0027000058695779774,1186,0.017403298702823266,643,0.009435346598579562,0.010447848799671304,0.025019076128426364,-0.014571227328755062,0.03546692492809767,5471,68148,success
S2024-384,0001281761,RF,Regions Financial Corporation,0001281761-25-000010,2024,2025-02-21,1.0.3,0.3.0,353,1988,-0.6984194788551901,1901,0.022797318526868695,768,0.009210068715747059,188,0.002254548071042249,955,0.011452624509815679,795,0.009533860194035041,0.004233273771691031,0.023840646623574418,-0.019607372851883388,0.028073920395265448,5922,83387,success
S2024-385,0001060391,RSG,Republic Services,0001060391-25-000091,2024,2025-02-14,1.0.3,0.3.0,396,942,-0.4080717488789238,973,0.017192027705138172,456,0.008057106509293943,133,0.002349989398544067,693,0.012244681602940137,579,0.010230404975616652,0.006996960915965793,0.01664428581525196,-0.009647324899286169,0.023641246731217754,3565,56596,success
S2024-386,0000943819,RMD,ResMed,0000943819-24-000013,2024,2024-08-09,1.0.3,0.3.0,345,1421,-0.609286523216308,968,0.01778496362166532,597,0.010968619093113838,134,0.0024619681046520172,810,0.014882046005732343,542,0.009958109796428308,0.006338649224663776,0.026107885647093407,-0.019769236422429632,0.032446534871757186,3979,54428,success
S2024-387,0000031791,RVTY,Revvity,0000031791-25-000009,2024,2025-02-25,1.0.3,0.3.0,243,629,-0.4426605504587156,567,0.015282195029917525,220,0.005929599482507681,60,0.0016171634952293677,289,0.007789337502021454,287,0.007735432052180476,0.006549512155678939,0.01695326397498787,-0.010403751819308932,0.02350277613066681,1972,37102,success
S2024-388,0001024478,ROK,Rockwell Automation,0001024478-24-000107,2024,2024-11-12,1.0.3,0.3.0,190,547,-0.4843962008141113,627,0.01834996634376189,195,0.0057069273317919755,54,0.0015803798764962393,327,0.009570078141005004,276,0.008077497146536335,0.005560595861746027,0.01600866282302672,-0.010448066961280693,0.021569258684772746,1858,34169,success
S2024-389,0000084839,ROL,"Rollins, Inc.",0000084839-25-000024,2024,2025-02-13,1.0.3,0.3.0,274,647,-0.40499457111834963,534,0.01594743915185904,228,0.0068090189637150965,86,0.002568314170524115,479,0.014304912647454085,246,0.007346573092429446,0.008182768403762879,0.019322084515454682,-0.011139316111691801,0.02750485291921756,2114,33485,success
S2024-390,0000882835,ROP,Roper Technologies,0000882835-25-000008,2024,2025-02-24,1.0.3,0.3.0,164,591,-0.5655629139072847,542,0.018025808168152187,210,0.00698416921644273,49,0.001629639483836637,259,0.008613808700279366,272,0.009046162032725822,0.005454303578555275,0.019655447651988827,-0.01420114407343355,0.0251097512305441,1761,30068,success
S2024-391,0000745732,ROST,Ross Stores,0000745732-24-000009,2024,2024-04-02,1.0.3,0.3.0,146,446,-0.5067567567567568,383,0.01722896986054881,207,0.00931174089068826,31,0.0013945119208277103,173,0.007782276203328835,141,0.006342780026990553,0.00656770130454341,0.0200629779577148,-0.01349527665317139,0.02663067926225821,1255,22230,success
S2024-392,0000884887,RCL,Royal Caribbean Group,0000884887-25-000050,2024,2025-02-14,1.0.3,0.3.0,318,858,-0.45918367346938777,961,0.017911059753233684,353,0.0065791926044656505,131,0.0024415700600141648,491,0.009151228240205762,460,0.008573452119133709,0.005926864725835912,0.01599135199612331,-0.010064487270287397,0.02191821672195922,3010,53654,success
S2024-393,0000064040,SPGI,S&P Global,0000064040-25-000052,2024,2025-02-11,1.0.3,0.3.0,409,1127,-0.4674479166666667,998,0.017157199834960803,441,0.007581488103424563,81,0.001392518223077981,789,0.013564158987759593,436,0.00749553018841975,0.007031357447393756,0.019374914042084995,-0.01234355659469124,0.02640627148947875,3632,58168,success
S2024-394,0001034054,SBAC,SBA Communications,0001034054-25-000002,2024,2025-02-26,1.0.3,0.3.0,208,637,-0.5076923076923077,810,0.016636542885310548,394,0.008092343082484391,178,0.0036559316464015775,345,0.00708593493263227,488,0.010023003614853762,0.004272099901413079,0.013083305948077556,-0.008811206046664476,0.017355405849490635,2556,48688,success
S2024-395,0001108524,CRM,Salesforce,0001108524-24-000005,2024,2024-03-06,1.0.3,0.3.0,425,1239,-0.4891826923076923,1148,0.02283986232417484,615,0.01223564053080795,77,0.0015319419851580686,650,0.01293197779678889,444,0.008833535602729642,0.008455523944054275,0.024650339215725285,-0.01619481527167101,0.03310586315977956,3739,50263,success
S2024-396,0000087347,SLB,Schlumberger,0000950170-25-007638,2024,2025-01-22,1.0.3,0.3.0,259,460,-0.2795549374130737,553,0.017586261726824613,192,0.006105899189060264,63,0.002003498171410399,239,0.007600572428048975,209,0.006646525679758308,0.008236603593576084,0.014628716807123548,-0.006392113213547464,0.022865320400699635,1704,31445,success
S2024-397,0001137789,STX,Seagate Technology,0001137789-24-000068,2024,2024-08-02,1.0.3,0.3.0,281,1233,-0.6287978863936592,968,0.020816756628889703,531,0.011419109266467388,133,0.002860153545085052,541,0.011634158405195587,447,0.009612696501150512,0.006042880798262403,0.026515558805186985,-0.020472678006924584,0.03255843960344939,3403,46501,success
S2024-398,0001032208,SRE,Sempra,0001032208-25-000012,2024,2025-02-25,1.0.3,0.3.0,363,1637,-0.637,1752,0.017096686053319803,810,0.007904289784925252,209,0.0020395019321597253,1463,0.014276513525118077,833,0.008128732581287325,0.0035422928295405754,0.015974472071509427,-0.012432179241968851,0.01951676490105,5972,102476,success
S2024-399,0001373715,NOW,ServiceNow,0001373715-25-000010,2024,2025-01-30,1.0.3,0.3.0,343,945,-0.4673913043478261,804,0.01931206764027671,431,0.01035261337432744,102,0.0024500384319754037,495,0.01188989239046887,317,0.007614335126825519,0.008238854727132974,0.022698885472713298,-0.014460030745580324,0.030937740199846273,2874,41632,success
S2024-400,0000089800,SHW,Sherwin-Williams,0000089800-25-000030,2024,2025-02-20,1.0.3,0.3.0,196,1050,-0.6853932584269663,762,0.01680042331775289,313,0.00690096128406385,63,0.001389011376664609,636,0.01402240056442367,347,0.007650586471470148,0.004321368727401006,0.023150189611076816,-0.01882882088367581,0.02747155833847782,2782,45356,success
S2024-401,0001063761,SPG,Simon Property Group,0001558370-25-001271,2024,2025-02-21,1.0.3,0.3.0,322,765,-0.40754369825206993,873,0.014778575297941495,448,0.007583965330444204,114,0.0019298483206933912,268,0.004536836403033586,436,0.007380823401950162,0.0054509750812567715,0.012950297941495124,-0.007499322860238353,0.018401273022751897,2671,59072,success
S2024-402,0000004127,SWKS,Skyworks Solutions,0000004127-24-000131,2024,2024-11-15,1.0.3,0.3.0,237,728,-0.5088082901554404,697,0.02097944195286398,389,0.011708755982301419,70,0.002106974084218764,363,0.01092616560816302,332,0.009993077085151852,0.007133612256569244,0.021912530475875148,-0.014778918219305902,0.02904614273244439,2295,33223,success
S2024-403,0002005951,SW,Smurfit Westrock,0002005951-25-000005,2024,2025-03-07,1.0.3,0.3.0,347,1163,-0.5403973509933775,1176,0.017546215478268654,519,0.007743610402399176,138,0.0020589946734703014,573,0.00854930397027886,516,0.0076988496486280825,0.005177327186189815,0.01735225221192725,-0.012174925025737433,0.022529579398117065,3664,67023,success
S2024-404,0000091440,SNA,Snap-on,0000091440-25-000010,2024,2025-02-13,1.0.3,0.3.0,274,741,-0.4600985221674877,727,0.016309956476869922,250,0.00560865078296765,56,0.0012563377753847535,366,0.00821106474626464,278,0.006236819670660026,0.0061470812581325435,0.016624040920716114,-0.010476959662583569,0.022771122178848656,2319,44574,success
S2024-405,0001964738,SOLV,Solventum,0001964738-25-000019,2024,2025-02-28,1.0.3,0.3.0,301,1272,-0.6172917991099809,974,0.01892107154651592,553,0.010742661771276493,143,0.0027779396623734873,947,0.01839656545641743,533,0.010354138741573907,0.005847271597023913,0.024710064689084446,-0.018862793092060532,0.03055733628610836,3930,51477,success
S2024-406,0000092122,SO,Southern Company,0000092122-25-000018,2024,2025-02-20,1.0.3,0.3.0,339,1404,-0.6110154905335629,1393,0.011276886834457244,543,0.004395800108478308,221,0.0017890825487545234,1699,0.013754078055809662,854,0.006913468310571778,0.0027443392942433638,0.01136593619208756,-0.008621596897844195,0.014110275486330924,5621,123527,success
S2024-407,0000092380,LUV,Southwest Airlines,0000092380-25-000024,2024,2025-02-07,1.0.3,0.3.0,554,1502,-0.46108949416342415,1173,0.015603176503451853,523,0.0069569150139005284,198,0.0026337842691248653,906,0.012051558322359232,606,0.008060976096412466,0.007369275177248361,0.01997951501124014,-0.012610239833991779,0.0273487901884885,4619,75177,success
S2024-408,0000093556,SWK,Stanley Black & Decker,0000093556-25-000007,2024,2025-02-18,1.0.3,0.3.0,379,1164,-0.508749189889825,949,0.017957839760814442,376,0.007115013435264731,97,0.0018355220830337205,625,0.011826817545320365,430,0.008136850471180412,0.007171782159482269,0.022026264996404647,-0.014854482836922379,0.029198047155886916,3438,52846,success
S2024-409,0000829224,SBUX,Starbucks,0000829224-24-000057,2024,2024-11-20,1.0.3,0.3.0,340,1052,-0.5114942528735632,948,0.021300020221538186,452,0.010155705844024535,89,0.0019996854427393445,422,0.009481654571191048,384,0.008627856292268633,0.007639247758779518,0.023636731300694273,-0.015997483541914756,0.03127597905947379,3002,44507,success
S2024-410,0000093751,STT,State Street Corporation,0000093751-25-000111,2024,2025-02-13,1.0.3,0.3.0,447,2073,-0.6452380952380953,2639,0.025900735113702167,839,0.008234451216519938,150,0.0014721903247651856,1163,0.01141438231801274,933,0.009157023820039455,0.004387127167800253,0.020345670288254864,-0.015958543120454614,0.024732797456055118,7130,101889,success
S2024-411,0001022671,STLD,Steel Dynamics,0001558370-25-001886,2024,2025-02-28,1.0.3,0.3.0,247,613,-0.4255813953488372,618,0.01542608956118017,250,0.0062403274923868,77,0.0019220208676551346,307,0.007663122160650991,385,0.009610104338275673,0.006165443562478159,0.015301283011332436,-0.009135839448854276,0.021466726573810595,2106,40062,success
S2024-412,0001757898,STE,Steris,0001757898-24-000008,2024,2024-05-29,1.0.3,0.3.0,255,1157,-0.6388101983002833,915,0.018240172235068974,400,0.007973845785822503,116,0.0023124152778885255,633,0.01261861095606411,447,0.008910772665656647,0.005083326688461845,0.02306434893549159,-0.017981022247029743,0.02814767562395343,3323,50164,success
S2024-413,0000310764,SYK,Stryker Corporation,0000310764-25-000023,2024,2025-02-12,1.0.3,0.3.0,215,680,-0.5195530726256983,633,0.020200408475874395,296,0.009446004595353587,73,0.0023295889711513916,390,0.012445749297932091,288,0.009190707173857544,0.0068611182027061525,0.021700280827163645,-0.014839162624457492,0.0285613990298698,2094,31336,success
S2024-414,0001375365,SMCI,Supermicro,0001375365-25-000004,2024,2025-02-25,1.0.3,0.3.0,540,1509,-0.47291361639824303,1356,0.013866306715341902,749,0.007659191541143868,249,0.002546246587109243,847,0.008661328752134654,738,0.007546706752155107,0.005521980550357395,0.015430867871276498,-0.009908887320919104,0.020952848421633894,5006,97791,success
S2024-415,0001601712,SYF,Synchrony Financial,0001601712-25-000044,2024,2025-02-07,1.0.3,0.3.0,349,1538,-0.6301006889242183,1500,0.0206711224419486,657,0.009053951629573486,205,0.0028250534003996415,832,0.011465582581134155,687,0.009467374078412458,0.004809481154826707,0.02119479087714463,-0.01638530972231792,0.026004272031971337,4893,72565,success
S2024-416,0000883241,SNPS,Synopsys,0000883241-24-000024,2024,2024-12-19,1.0.3,0.3.0,373,974,-0.4461766889383816,1006,0.020664722073867138,477,0.0097982827328376,119,0.0024444353149007847,485,0.009962614518713282,500,0.010270736617230188,0.00766196951645372,0.020007394930364405,-0.012345425413910685,0.027669364446818126,3309,48682,success
S2024-417,0000096021,SYY,Sysco,0000096021-24-000128,2024,2024-08-28,1.0.3,0.3.0,264,842,-0.5226039783001808,820,0.017828800034787904,362,0.007870762942186854,115,0.0025003804926836694,494,0.010740764899006371,406,0.008827430261126694,0.005740003913639032,0.01830713369425782,-0.01256712978061879,0.024047137607896854,2839,45993,success
S2024-418,0001283699,TMUS,T-Mobile US,0001283699-25-000012,2024,2025-01-31,1.0.3,0.3.0,270,999,-0.574468085106383,891,0.015649424782646876,368,0.006463511021340125,179,0.0031439360674453323,709,0.012452797049266707,477,0.008377974883639238,0.004742249934135418,0.017546324756301045,-0.012804074822165628,0.022288574690436463,3349,56935,success
S2024-419,0001113169,TROW,T. Rowe Price,0001113169-25-000007,2024,2025-02-14,1.0.3,0.3.0,219,805,-0.572265625,740,0.01902215824379209,329,0.008457148732712971,83,0.0021335663976145185,378,0.009716724075882989,356,0.0091512004524189,0.005629530615392525,0.020693023494935993,-0.015063492879543469,0.02632255411032852,2425,38902,success
S2024-420,0001385157,TEL,TE Connectivity,0001558370-24-015227,2024,2024-11-12,1.0.3,0.3.0,229,894,-0.5921638468388246,840,0.01840531124695984,341,0.007471679922872981,161,0.0035276846556673023,546,0.011963452310523894,422,0.009246477793115538,0.0050176384232783365,0.019588509827121542,-0.014570871403843205,0.024606148250399876,2932,45639,success
S2024-421,0000109198,TJX,TJX Companies,0000109198-24-000014,2024,2024-04-03,1.0.3,0.3.0,171,652,-0.5844471445929527,659,0.020266945503752,309,0.009503013900848813,50,0.0015377045147004552,284,0.008734161643498585,203,0.006243080329683848,0.005258949440275557,0.020051666871693935,-0.014792717431418379,0.025310616311969493,1940,32516,success
S2024-422,0000946581,TTWO,Take-Two Interactive,0001628280-24-024623,2024,2024-05-22,1.0.3,0.3.0,414,1339,-0.5276668568168853,1277,0.02191823143730047,758,0.01301019532456833,136,0.0023342830661494626,540,0.009268476880299338,508,0.008719233805911228,0.007105832274896159,0.02298238989392743,-0.015876557619031274,0.03008822216882359,4002,58262,success
S2024-423,0001116132,TPR,"Tapestry, Inc.",0001116132-24-000018,2024,2024-08-15,1.0.3,0.3.0,332,808,-0.41754385964912283,856,0.018723069183490454,364,0.00796167895185809,104,0.002274765414816597,417,0.009120934403639624,367,0.0080272971849778,0.007261751131914521,0.0176731774535751,-0.010411426321660578,0.02493492858548962,2703,45719,success
S2024-424,0001389170,TRGP,Targa Resources,0000950170-25-023983,2024,2025-02-20,1.0.3,0.3.0,383,1568,-0.6073808303434136,1749,0.0182329945269742,818,0.008527495439145166,185,0.0019285900443054469,1168,0.012176179306750065,842,0.008777690904352358,0.00399270263226479,0.01634610372686995,-0.01235340109460516,0.02033880635913474,5592,95925,success
S2024-425,0000027419,TGT,Target Corporation,0000027419-24-000032,2024,2024-03-13,1.0.3,0.3.0,131,474,-0.5669421487603306,393,0.018070627184108883,185,0.0085065293360309,39,0.001793268346514622,152,0.0069891484274416035,189,0.008690454294647784,0.006023542394702961,0.02179510759610079,-0.01577156520139783,0.027818649990803752,1292,21748,success
S2024-426,0001094285,TDY,Teledyne Technologies,0001094285-25-000053,2024,2025-02-21,1.0.3,0.3.0,202,858,-0.6188679245283019,807,0.020323360531882745,373,0.00939357308350962,82,0.0020650750478493,476,0.011987508814344716,388,0.009771330714213761,0.005087136093482421,0.021607736476276822,-0.0165206003827944,0.02669487256975924,2641,39708,success
S2024-427,0000096943,TFX,Teleflex,0000096943-25-000031,2024,2025-02-28,1.0.3,0.3.0,273,1118,-0.6074766355140186,848,0.017270524021914015,425,0.008655628194945112,161,0.00327895562208509,560,0.011405063033339442,560,0.011405063033339442,0.005559968228752979,0.022769393698702674,-0.017209425469949694,0.02832936192745565,3284,49101,success
S2024-428,0000097210,TER,Teradyne,0000950170-25-023784,2024,2025-02-20,1.0.3,0.3.0,359,944,-0.44896392939370683,908,0.015311714810880086,381,0.006424849496635807,147,0.0024788789396468862,509,0.008583329117552824,578,0.009746884538203403,0.006053860811790695,0.015918787204262996,-0.009864926392472302,0.02197264801605369,3256,59301,success
S2024-429,0001318605,TSLA,"Tesla, Inc.",0001628280-25-003063,2024,2025-01-30,1.0.3,0.3.0,298,1013,-0.5453852021357742,757,0.016130750708517123,428,0.009120160242067804,122,0.0025996718447015704,645,0.01374416671993863,369,0.007862941890941635,0.00635001811246777,0.021585799825267957,-0.015235781712800187,0.027935817937735728,2973,46929,success
S2024-430,0000097476,TXN,Texas Instruments,0000097476-25-000007,2024,2025-02-14,1.0.3,0.3.0,148,319,-0.36616702355460384,312,0.015195791934541203,152,0.007403078121955971,53,0.0025813364504188585,171,0.008328462887200468,125,0.006088057666082213,0.00720826027664134,0.015536723163841809,-0.008328462887200468,0.02274498344048315,1058,20532,success
S2024-431,0001811074,TPL,Texas Pacific Land Corporation,0001811074-25-000044,2024,2025-02-19,1.0.3,0.3.0,221,454,-0.3451851851851852,553,0.012068175370447156,191,0.004168212469720446,113,0.0024660105187351332,321,0.007005215721362634,240,0.005237544464570194,0.004822905527791721,0.00990768827881195,-0.00508478275102023,0.014730593806603671,1825,45823,success
S2024-432,0000217346,TXT,Textron,0000217346-25-000017,2024,2025-02-06,1.0.3,0.3.0,185,657,-0.5605700712589073,569,0.01708760022823508,221,0.00663683594101925,73,0.0021922580257665394,528,0.015856332021982642,273,0.008198444397729661,0.0055557223940658875,0.019730322231898856,-0.014174599837832967,0.025286044625964742,2179,33299,success
S2024-433,0000097745,TMO,Thermo Fisher Scientific,0000097745-25-000010,2024,2025-02-20,1.0.3,0.3.0,224,734,-0.5323590814196242,599,0.01824161768736486,266,0.008100618205073545,72,0.0021926485367116362,452,0.013764960258245272,311,0.009471023540518318,0.00682157322532509,0.02235283369369918,-0.01553126046837409,0.02917440691902427,2239,32837,success
S2024-434,0000916365,TSCO,Tractor Supply,0000916365-25-000076,2024,2025-02-20,1.0.3,0.3.0,311,711,-0.3913894324853229,674,0.017768170194817176,328,0.00864682466454011,96,0.0025307779505971055,267,0.007038726175098199,370,0.009754040017926343,0.008198666069121873,0.01874357419660981,-0.010544908127487939,0.026942240265731686,2250,37933,success
S2024-435,0001466258,TT,Trane Technologies,0001466258-25-000039,2024,2025-02-06,1.0.3,0.3.0,286,910,-0.5217391304347826,831,0.018920765027322404,313,0.007126593806921676,118,0.002686703096539162,696,0.015846994535519125,351,0.007991803278688524,0.00651183970856102,0.020719489981785064,-0.014207650273224045,0.027231329690346084,2990,43920,success
S2024-436,0001260221,TDG,TransDigm Group,0001260221-24-000083,2024,2024-11-07,1.0.3,0.3.0,277,647,-0.4004329004329004,845,0.018032052239602227,282,0.006017797315464885,115,0.0024540662811292973,482,0.01028573867395062,378,0.008066409167538037,0.005911098781502742,0.013806790294701351,-0.007895691513198608,0.019717889076204094,2634,46861,success
S2024-437,0000086312,TRV,Travelers Companies (The),0000086312-25-000012,2024,2025-02-13,1.0.3,0.3.0,472,2981,-0.7266145380828265,1883,0.019881954196538872,679,0.007169329208417363,127,0.0013409496457570031,2074,0.02189865799448838,676,0.007137653232533339,0.004983686872419728,0.03147536137009154,-0.026491674497671817,0.03645904824251127,7384,94709,success
S2024-438,0000092230,TFC,Truist Financial,0000092230-25-000020,2024,2025-02-25,1.0.3,0.3.0,358,1864,-0.6777677767776777,1672,0.022815037183598282,616,0.008405540015009892,132,0.0018011871460735485,851,0.011612198949307498,743,0.010138500375247323,0.004885037865866139,0.02543494575970526,-0.02054990789383912,0.0303199836255714,5363,73285,success
S2024-439,0000860731,TYL,Tyler Technologies,0000860731-25-000007,2024,2025-02-19,1.0.3,0.3.0,272,657,-0.41442411194833156,680,0.018606687462376183,322,0.008810813768948721,83,0.002271110381437093,362,0.009905324796147322,303,0.008290921031029387,0.007442674984950473,0.017977343621736988,-0.010534668636786516,0.025420018606687463,2244,36546,success
S2024-440,0000100493,TSN,Tyson Foods,0000100493-24-000119,2024,2024-11-12,1.0.3,0.3.0,266,1146,-0.623229461756374,1079,0.022103408718452965,346,0.007087840052441822,87,0.0017822025565388396,663,0.013581612586037364,417,0.00854228121927237,0.00544903310390036,0.02347590953785644,-0.01802687643395608,0.028924942641756803,3268,48816,success
S2024-441,0000036104,USB,U.S. Bancorp,0000036104-25-000016,2024,2025-02-21,1.0.3,0.3.0,81,263,-0.5290697674418605,301,0.017379756336970958,90,0.0051966048848085915,38,0.0021941220624747387,263,0.015185634274496217,242,0.013973093134707546,0.0046769443963277325,0.015185634274496217,-0.010508689878168486,0.01986257867082395,1154,17319,success
S2024-442,0000074208,UDR,"UDR, Inc.",0000074208-25-000010,2024,2025-02-18,1.0.3,0.3.0,362,1109,-0.5078178110129163,1103,0.01636085853716422,551,0.008173012741593367,177,0.002625450554014566,478,0.007090199801237077,468,0.006941869261462242,0.0053695655398489995,0.01644985686102912,-0.011080291321180118,0.021819422400878117,3505,67417,success
S2024-443,0001543151,UBER,Uber,0001543151-25-000008,2024,2025-02-14,1.0.3,0.3.0,549,2312,-0.6162181055574973,1752,0.021664131765404163,1056,0.013057832844901139,211,0.0026090934945777844,1311,0.01621100270801647,704,0.00870522189660076,0.006788589234707126,0.028588740092245674,-0.021800150857538548,0.035377329326952804,6425,80871,success
S2024-444,0001403568,ULTA,Ulta Beauty,0001558370-24-003941,2024,2024-03-26,1.0.3,0.3.0,304,573,-0.30672748004561,550,0.015630328521086735,278,0.007900420597931113,62,0.0017619643060134136,256,0.0072752074570876435,258,0.007332045015346141,0.008639308855291577,0.016283960441059453,-0.007644651585767876,0.02492326929635103,1904,35188,success
S2024-445,0000100885,UNP,Union Pacific Corporation,0000100885-25-000042,2024,2025-02-07,1.0.3,0.3.0,279,584,-0.35341830822711473,500,0.015222553735614687,206,0.006271692139073251,77,0.002344273275284662,348,0.010594897399987821,187,0.0056932350971198925,0.008494184984472995,0.017779942763197953,-0.009285757778724958,0.02627412774767095,1861,32846,success
S2024-446,0000100517,UAL,United Airlines Holdings,0000100517-25-000046,2024,2025-02-27,1.0.3,0.3.0,324,918,-0.4782608695652174,890,0.01865046102263202,446,0.009346186085498743,110,0.0023051131601005866,448,0.009388097233864207,497,0.010414920368818106,0.006789606035205365,0.019237217099748533,-0.012447611064543168,0.026026823134953896,3047,47720,success
S2024-447,0001090727,UPS,United Parcel Service,0001090727-25-000019,2024,2025-02-18,1.0.3,0.3.0,322,816,-0.43409490333919154,922,0.01695569818121632,369,0.0067859572981223675,135,0.0024826673041911103,509,0.009360575243209445,425,0.0078158044761572,0.005921621273700278,0.015006344594221822,-0.009084723320521544,0.0209279658679221,2936,54377,success
S2024-448,0001067701,URI,United Rentals,0001067701-25-000008,2024,2025-01-29,1.0.3,0.3.0,250,844,-0.5429616087751371,823,0.01718808738147947,378,0.0078944070840817,109,0.0022764295559918133,387,0.008082369157512218,511,0.010672068835888225,0.0052211687064032414,0.017626665552817344,-0.0124054968464141,0.022847834259220583,2772,47882,success
S2024-449,0000731766,UNH,UnitedHealth Group,0000731766-25-000063,2024,2025-02-27,1.0.3,0.3.0,260,732,-0.47580645161290325,619,0.017982685491836615,328,0.009528789727499855,60,0.001743071291615827,620,0.018011736680030213,313,0.009093021904595898,0.007553308930335251,0.02126546975771309,-0.013712160827377839,0.02881877868804834,2437,34422,success
S2024-450,0000352915,UHS,Universal Health Services,0000950170-25-027785,2024,2025-02-26,1.0.3,0.3.0,393,2129,-0.6883425852498017,1231,0.013036939761077691,495,0.005242311276794035,298,0.0031559772939083286,1620,0.01715665508768957,827,0.008758366516987207,0.004162077437939507,0.022547233754130307,-0.0183851563161908,0.026709311192069814,5943,94424,success
S2024-451,0001035002,VLO,Valero Energy,0001035002-25-000005,2024,2025-02-26,1.0.3,0.3.0,218,669,-0.5084554678692221,690,0.014708390177353342,248,0.005286493860845839,67,0.001428206002728513,527,0.011233799454297408,394,0.008398703956343793,0.00464699863574352,0.014260743519781719,-0.009613744884038199,0.01890774215552524,2449,46912,success
S2024-452,0000740260,VTR,Ventas,0000740260-25-000052,2024,2025-02-13,1.0.3,0.3.0,429,1386,-0.5272727272727272,1441,0.021354158948444748,808,0.01197374075665743,141,0.002089477037981061,655,0.009706435885656704,660,0.009780530816081564,0.006357345030453016,0.020539114713771282,-0.014181769683318267,0.0268964597442243,4474,67481,success
S2024-453,0001967680,VLTO,Veralto,0001967680-25-000008,2024,2025-02-25,1.0.3,0.3.0,314,1101,-0.5561837455830388,857,0.018159088019663518,338,0.007161927363647921,114,0.002415561300165275,631,0.013370343687756919,443,0.009386786455905412,0.006653388142560495,0.023329236767385686,-0.016675848624825188,0.02998262490994618,3237,47194,success
S2024-454,0001014473,VRSN,Verisign,0001014473-25-000006,2024,2025-02-13,1.0.3,0.3.0,141,620,-0.6294349540078844,508,0.017451047749914118,308,0.01058055650979045,52,0.001786327722432154,306,0.010511851597389214,215,0.007385778083132944,0.004843696324287186,0.021298522844383373,-0.016454826520096187,0.02614221916867056,1756,29110,success
S2024-455,0001442145,VRSK,Verisk Analytics,0001437749-25-005160,2024,2025-02-26,1.0.3,0.3.0,356,991,-0.47141796585003715,715,0.01603354711396152,299,0.006704937884020272,67,0.001502444275014576,569,0.012759564066914832,281,0.006301296138493968,0.007983136744853568,0.02222272054536485,-0.014239583800511279,0.030205857290218414,2701,44594,success
S2024-456,0000732712,VZ,Verizon,0000732712-25-000006,2024,2025-02-12,1.0.3,0.3.0,261,821,-0.5175600739371534,753,0.013683694052227007,252,0.004579403587199477,79,0.0014356066801141216,496,0.009013429282741826,466,0.008468262189027603,0.004742953715313743,0.01491940613131258,-0.010176452415998837,0.019662359846626325,2686,55029,success
S2024-457,0000875320,VRTX,Vertex Pharmaceuticals,0000875320-25-000053,2024,2025-02-13,1.0.3,0.3.0,610,1418,-0.398422090729783,1396,0.018423448985786493,760,0.010029957900571443,204,0.0026922518575218084,960,0.012669420505984982,578,0.007628046929645124,0.00805036094651129,0.018713789872381984,-0.010663428925870693,0.026764150818893273,4909,75773,success
S2024-458,0001792044,VTRS,Viatris,0001792044-25-000008,2024,2025-02-27,1.0.3,0.3.0,569,2100,-0.5736230798051705,1638,0.020384797272071084,753,0.009371033178186525,178,0.0022151977499564428,1227,0.015269930557284019,663,0.008250989372028773,0.007081165841152899,0.02613435547701421,-0.019053189635861313,0.03321552131816711,5884,80354,success
S2024-459,0001705696,VICI,Vici Properties,0001705696-25-000033,2024,2025-02-20,1.0.3,0.3.0,280,950,-0.5447154471544715,907,0.01565520574426954,514,0.008871858602595968,156,0.002692626346313173,461,0.007957056061861364,573,0.009890223695111848,0.004832919083126208,0.01639740403203535,-0.01156448494890914,0.021230323115161556,3223,57936,success
S2024-460,0001403161,V,Visa Inc.,0001403161-24-000058,2024,2024-11-13,1.0.3,0.3.0,297,1233,-0.611764705882353,806,0.016002859071595918,405,0.00804113886351904,87,0.0017273557558670533,1120,0.022237223523805742,410,0.008140412182821745,0.00589683516658063,0.02448080054004686,-0.018583965373466228,0.030377635706627486,3534,50366,success
S2024-461,0001692819,VST,Vistra Corp.,0001692819-25-000013,2024,2025-02-28,1.0.3,0.3.0,426,1708,-0.6007497656982193,1402,0.01828258459933494,674,0.008789202581991264,204,0.0026602334224424596,1073,0.01399230618765078,763,0.009949794614331356,0.0055551933233357245,0.02227293473299863,-0.016717741409662906,0.027828128056334354,5323,76685,success
S2024-462,0001396009,VMC,Vulcan Materials Company,0001396009-25-000005,2024,2025-02-20,1.0.3,0.3.0,327,737,-0.38533834586466165,668,0.013472902926524274,178,0.0035900849115588634,92,0.0018555495048506484,539,0.01087109981646195,403,0.008128113591900124,0.006595268348762631,0.01486456505516226,-0.008269296706399629,0.02145983340392489,2524,49581,success
S2024-463,0000011544,WRB,W. R. Berkley Corporation,0000011544-25-000005,2024,2025-02-24,1.0.3,0.3.0,311,1508,-0.6580538757559098,926,0.018997599655335123,299,0.006134214143569333,121,0.002482407730340767,793,0.016269002728596927,292,0.005990603779004165,0.006380403339966765,0.030937775680610548,-0.024557372340643785,0.03731817902057731,3676,48743,success
S2024-464,0000277135,GWW,W. W. Grainger,0000277135-25-000010,2024,2025-02-20,1.0.3,0.3.0,126,589,-0.6475524475524476,529,0.022162637730948093,252,0.010557627047635007,41,0.0017177091625120448,234,0.009803510829946793,208,0.008714231848841594,0.0052788135238175035,0.024676358456575474,-0.01939754493275797,0.029955171980392978,1631,23869,success
S2024-465,0000783325,WEC,WEC Energy Group,0000107815-25-000103,2024,2025-02-21,1.0.3,0.3.0,375,1104,-0.49290060851926976,1207,0.014166167857939274,550,0.006455171766252362,182,0.0021360750208326,1107,0.012992500264075208,747,0.008767296926164571,0.004401253476990247,0.012957290236259286,-0.00855603675926904,0.017358543713249533,4549,85203,success
S2024-466,0000943452,WAB,Wabtec,0001628280-25-005100,2024,2025-02-12,1.0.3,0.3.0,332,719,-0.368220742150333,681,0.018606049015054235,256,0.006994344416819212,93,0.0025409141826726045,380,0.010382229993716019,300,0.008196497363460014,0.009070790415562417,0.019644272014425836,-0.01057348159886342,0.028715062429988253,2370,36601,success
S2024-467,0000104169,WMT,Walmart,0000104169-24-000056,2024,2024-03-15,1.0.3,0.3.0,327,1152,-0.5578093306288032,747,0.016242308277706508,374,0.008132025831140876,103,0.002239568611250027,784,0.0170468135069905,278,0.006044660911917549,0.007110086756104455,0.025048379030679916,-0.01793829227457546,0.03215846578678437,3135,45991,success
S2024-468,0001744489,DIS,Walt Disney Company (The),0001744489-24-000276,2024,2024-11-14,1.0.3,0.3.0,251,785,-0.5154440154440154,692,0.013393721209305926,240,0.004645221228661015,97,0.0018774435799171602,549,0.010625943560562071,395,0.00764525993883792,0.0048581272016413116,0.01519374443541207,-0.010335617233770758,0.02005187163705338,2518,51666,success
S2024-469,0001437107,WBD,Warner Bros. Discovery,0001437107-25-000031,2024,2025-02-27,1.0.3,0.3.0,311,1037,-0.5385756676557863,941,0.016125991808476,457,0.00783164533100269,104,0.0017822562678868267,559,0.009579627439891693,520,0.008911281339434134,0.005329631724161568,0.017771151440371533,-0.012441519716209963,0.0231007831645331,3228,58353,success
S2024-470,0000823768,WM,Waste Management,0001558370-25-001132,2024,2025-02-19,1.0.3,0.3.0,383,1685,-0.6295938104448743,1464,0.016851992540921335,572,0.0065842484517807396,182,0.002094988143748417,1041,0.011982871745286276,897,0.010325298708474342,0.004408683840965076,0.019395906715472984,-0.014987222874507908,0.02380459055643806,5265,86874,success
S2024-471,0001000697,WAT,Waters Corporation,0001193125-25-034579,2024,2025-02-25,1.0.3,0.3.0,228,809,-0.5602700096432015,829,0.01689285568732934,326,0.006643028895137955,114,0.0023230223743733952,473,0.009638505114724702,392,0.007987936585564657,0.0046460447487467905,0.016485307902351552,-0.01183926315360476,0.02113135265109834,2713,49074,success
S2024-472,0000072971,WFC,Wells Fargo,0000072971-25-000066,2024,2025-02-25,1.0.3,0.3.0,45,159,-0.5588235294117647,130,0.012487992315081652,78,0.007492795389048991,25,0.0024015369836695487,166,0.015946205571565803,164,0.015754082612872238,0.004322766570605188,0.01527377521613833,-0.01095100864553314,0.019596541786743516,672,10410,success
S2024-473,0000766704,WELL,Welltower,0000766704-25-000009,2024,2025-02-12,1.0.3,0.3.0,503,1298,-0.4414214325374792,1252,0.016441450314514962,727,0.009547072187422028,299,0.003926512495239596,870,0.01142496946775401,629,0.008260121603698014,0.006605470853195708,0.01704552915993644,-0.010440058306740732,0.02365100001313215,4661,76149,success
S2024-474,0000105770,WST,West Pharmaceutical Services,0000105770-25-000013,2024,2025-02-18,1.0.3,0.3.0,169,589,-0.554089709762533,533,0.01662663380852856,235,0.007330692204510715,61,0.0019028605296815047,340,0.010606107870355928,308,0.009607885953145958,0.0052718595002651525,0.018373522163646006,-0.013101662663380852,0.02364538166391116,1890,32057,success
S2024-475,0000106040,WDC,Western Digital,0000106040-24-000031,2024,2024-08-20,1.0.3,0.3.0,326,1084,-0.5375886524822695,968,0.019833627013072164,506,0.010367577756833177,119,0.0024382248084251937,474,0.009711920665491947,441,0.009035774290046306,0.006679506618038766,0.022210383969184115,-0.015530877351145351,0.028889890587222883,3219,48806,success
S2024-476,0000106535,WY,Weyerhaeuser,0000950170-25-021254,2024,2025-02-14,1.0.3,0.3.0,300,758,-0.43289224952741023,912,0.015678454159432,366,0.006292011208719421,131,0.002252058656672798,460,0.00790799222953807,461,0.007925183516993587,0.005157386236655263,0.013030995891282298,-0.007873609654627035,0.018188382127937563,2899,58169,success
S2024-477,0000107263,WMB,Williams Companies,0000107263-25-000031,2024,2025-02-25,1.0.3,0.3.0,348,1156,-0.5372340425531915,1097,0.015612324770511634,463,0.006589340354372732,105,0.0014943428449441401,931,0.013249839891838042,528,0.007514409734576247,0.004952679143243436,0.016452003131004055,-0.01149932398776062,0.02140468227424749,3998,70265,success
S2024-478,0001140536,WTW,Willis Towers Watson,0000950170-25-026278,2024,2025-02-25,1.0.3,0.3.0,556,1951,-0.556441962504986,1985,0.01956301063399923,794,0.007825204253599692,223,0.0021977588772704427,1207,0.01189549311598845,868,0.008554505405698404,0.005479614061714646,0.019227926320872796,-0.01374831225915815,0.02470754038258744,6389,101467,success
S2024-479,0001327811,WDAY,"Workday, Inc.",0001327811-24-000044,2024,2024-03-08,1.0.3,0.3.0,322,1045,-0.528895391367959,997,0.022264403751674856,571,0.012751228226887004,97,0.0021661456007146048,490,0.01094238499330058,380,0.008485931219294328,0.007190710138454667,0.0233363108530594,-0.016145600714604733,0.030527020991514067,3168,44780,success
S2024-480,0001174922,WYNN,Wynn Resorts,0001174922-25-000039,2024,2025-02-13,1.0.3,0.3.0,225,1045,-0.6456692913385826,813,0.014872948795346029,404,0.0073907396227795765,139,0.0025428534840751514,635,0.011616632822933246,528,0.0096591844574941,0.004116129740409417,0.019117135905457074,-0.015001006165047655,0.02323326564586649,3204,54663,success
S2024-481,0000072903,XEL,Xcel Energy,0000072903-25-000029,2024,2025-02-27,1.0.3,0.3.0,155,819,-0.6817248459958932,1005,0.020933574954695996,386,0.008040159136828512,90,0.0018746485034056115,830,0.01728842508696286,402,0.008373429981878398,0.0032285613114207755,0.017059301380991064,-0.013830740069570288,0.02028786269241184,3168,48009,success
S2024-482,0001524472,XYL,Xylem Inc.,0001524472-25-000013,2024,2025-03-03,1.0.3,0.3.0,441,1077,-0.4189723320158103,985,0.018131615278416936,345,0.0063506672802577085,102,0.0018775885872066268,510,0.009387942936033134,487,0.008964565117349287,0.008117809479981593,0.019825126553152324,-0.011707317073170732,0.027942936033133917,3421,54325,success
S2024-483,0001041061,YUM,Yum! Brands,0001041061-25-000013,2024,2025-02-19,1.0.3,0.3.0,242,1053,-0.6262548262548262,890,0.017873998353182173,391,0.007852509388869921,87,0.0017472335468841002,443,0.00889683288815697,375,0.007531179081396984,0.004860120900528187,0.02114755086056273,-0.016287429960034544,0.026007671761090916,2914,49793,success
S2024-484,0000877212,ZBRA,Zebra Technologies,0000877212-25-000027,2024,2025-02-13,1.0.3,0.3.0,260,737,-0.47843530591775324,765,0.02200172562553926,396,0.011389128559102674,63,0.00181190681622088,346,0.009951107276387691,302,0.008685648547598504,0.007477710670117918,0.021196433707218867,-0.01371872303710095,0.028674144377336785,2349,34770,success
S2024-485,0001136869,ZBH,Zimmer Biomet,0000950170-25-026604,2024,2025-02-25,1.0.3,0.3.0,394,1385,-0.5570545250140528,1143,0.017687201151292884,470,0.007272952354424895,154,0.002383052473577519,779,0.012054531668291475,464,0.007180106154155641,0.006096900484347678,0.021431997895486127,-0.015335097411138449,0.027528898379833806,4066,64623,success
S2024-486,0001555280,ZTS,Zoetis,0001555280-25-000102,2024,2025-02-13,1.0.3,0.3.0,378,1270,-0.5412621359223301,1278,0.022303664921465967,573,0.01,106,0.001849912739965096,666,0.01162303664921466,491,0.00856893542757417,0.006596858638743455,0.022164048865619547,-0.01556719022687609,0.028760907504363,3921,57300,success
S2024-487,0001065088,EBAY,eBay Inc.,0001065088-25-000037,2024,2025-02-27,1.0.3,0.3.0,319,1347,-0.617046818727491,1028,0.02003820513820124,583,0.011364079373123856,80,0.001559393395968968,754,0.014697282757007523,461,0.008986004444271178,0.00621808116642626,0.0262562863046275,-0.02003820513820124,0.03247436747105376,3769,51302,success
