company_id,cik,ticker,company_name,accession_number,report_year,filing_date,parser_version,language_measurement_version,ai_uncertainty_count,ai_uncertainty_ratio,ai_litigious_count,ai_litigious_ratio,ai_weak_modal_count,ai_weak_modal_ratio,ai_strong_modal_count,ai_strong_modal_ratio,ai_constraining_count,ai_constraining_ratio,ai_total_eligible_word_count,uncertainty_status,ai_positive_count,ai_negative_count,ai_positive_ratio,ai_negative_ratio,ai_net_tone,ai_sentiment_word_coverage,ai_net_tone_by_words,ai_total_lm_matched_word_count,sentiment_status,lm_ai_status
S2024-001,0000066740,MMM,3M,0000066740-25-000006,2024,2025-02-05,1.0.3,0.3.0,8,0.025559105431309903,9,0.02875399361022364,5,0.01597444089456869,3,0.009584664536741214,0,0.0,313,success,3,7,0.009584664536741214,0.022364217252396165,-0.4,0.03194888178913738,-0.012779552715654952,28,success,success
S2024-002,0000091142,AOS,A. O. Smith,0000091142-25-000036,2024,2025-02-11,1.0.3,0.3.0,3,0.05555555555555555,0,0.0,2,0.037037037037037035,0,0.0,0,0.0,54,success,3,1,0.05555555555555555,0.018518518518518517,0.5,0.07407407407407407,0.037037037037037035,7,success,success
S2024-003,0000874761,AES,AES Corporation,0000874761-25-000013,2024,2025-03-11,1.0.3,0.3.0,0,0.0,0,0.0,0,0.0,0,0.0,0,0.0,253,success,5,1,0.019762845849802372,0.003952569169960474,0.6666666666666666,0.023715415019762844,0.015810276679841896,6,success,success
S2024-004,0001841666,APA,APA Corporation,0002040266-25-000007,2024,2025-02-28,1.0.3,0.3.0,,,,,,,,,,,0,warning_denominator_zero,,,,,,,,,warning_denominator_zero,warning_denominator_zero
S2024-005,0000732717,T,AT&T,0000732717-25-000013,2024,2025-02-12,1.0.3,0.3.0,3,0.013452914798206279,0,0.0,2,0.008968609865470852,2,0.008968609865470852,0,0.0,223,success,3,6,0.013452914798206279,0.026905829596412557,-0.3333333333333333,0.04035874439461883,-0.013452914798206279,14,success,success
S2024-006,0001551152,ABBV,AbbVie,0001551152-25-000020,2024,2025-02-14,1.0.3,0.3.0,9,0.08490566037735849,1,0.009433962264150943,7,0.0660377358490566,0,0.0,2,0.018867924528301886,106,success,4,8,0.03773584905660377,0.07547169811320754,-0.3333333333333333,0.11320754716981132,-0.03773584905660377,23,success,success
S2024-007,0000001800,ABT,Abbott Laboratories,0001628280-25-007110,2024,2025-02-21,1.0.3,0.3.0,,,,,,,,,,,0,warning_denominator_zero,,,,,,,,,warning_denominator_zero,warning_denominator_zero
S2024-008,0001467373,ACN,Accenture,0001467373-24-000278,2024,2024-10-10,1.0.3,0.3.0,38,0.0201805629314923,23,0.012214551248008496,21,0.011152416356877323,5,0.0026553372278279343,9,0.004779607010090282,1883,success,34,41,0.018056293149229952,0.02177376526818906,-0.09333333333333334,0.03983005841741901,-0.0037174721189591076,147,success,success
S2024-009,0000796343,ADBE,Adobe Inc.,0000796343-25-000004,2024,2025-01-13,1.0.3,0.3.0,42,0.010429600198659052,36,0.00893965731313633,28,0.006953066799106034,11,0.0027315619567916563,13,0.00322820958529923,4027,success,98,77,0.02433573379687112,0.019120933697541594,0.12,0.04345666749441272,0.005214800099329526,266,success,success
S2024-010,0000002488,AMD,Advanced Micro Devices,0000002488-25-000012,2024,2025-02-05,1.0.3,0.3.0,51,0.013492063492063493,26,0.0068783068783068784,31,0.0082010582010582,15,0.003968253968253968,21,0.005555555555555556,3780,success,44,50,0.01164021164021164,0.013227513227513227,-0.06382978723404255,0.02486772486772487,-0.0015873015873015873,198,success,success
S2024-011,0000004977,AFL,Aflac,0000004977-25-000047,2024,2025-02-26,1.0.3,0.3.0,4,0.024096385542168676,3,0.018072289156626505,1,0.006024096385542169,2,0.012048192771084338,0,0.0,166,success,3,2,0.018072289156626505,0.012048192771084338,0.2,0.030120481927710843,0.006024096385542169,13,success,success
S2024-012,0001090872,A,Agilent Technologies,0001090872-24-000049,2024,2024-12-20,1.0.3,0.3.0,27,0.045454545454545456,17,0.02861952861952862,18,0.030303030303030304,2,0.003367003367003367,3,0.005050505050505051,594,success,5,39,0.008417508417508417,0.06565656565656566,-0.7727272727272727,0.07407407407407407,-0.05723905723905724,92,success,success
S2024-013,0000002969,APD,Air Products,0000002969-24-000056,2024,2024-11-21,1.0.3,0.3.0,1,0.038461538461538464,0,0.0,1,0.038461538461538464,0,0.0,0,0.0,26,success,1,1,0.038461538461538464,0.038461538461538464,0.0,0.07692307692307693,0.0,3,success,success
S2024-014,0001559720,ABNB,Airbnb,0001559720-25-000010,2024,2025-02-13,1.0.3,0.3.0,50,0.0249500998003992,70,0.03493013972055888,38,0.018962075848303395,4,0.001996007984031936,21,0.010479041916167664,2004,success,15,91,0.0074850299401197605,0.045409181636726546,-0.7169811320754716,0.05289421157684631,-0.03792415169660679,242,success,success
S2024-015,0001086222,AKAM,Akamai Technologies,0001086222-25-000028,2024,2025-02-24,1.0.3,0.3.0,19,0.031096563011456628,5,0.008183306055646482,17,0.027823240589198037,1,0.0016366612111292963,7,0.011456628477905073,611,success,13,23,0.02127659574468085,0.03764320785597381,-0.2777777777777778,0.058919803600654665,-0.016366612111292964,66,success,success
S2024-016,0000915913,ALB,Albemarle Corporation,0000915913-25-000026,2024,2025-02-12,1.0.3,0.3.0,,,,,,,,,,,0,warning_denominator_zero,,,,,,,,,warning_denominator_zero,warning_denominator_zero
S2024-017,0001035443,ARE,Alexandria Real Estate Equities,0001035443-25-000067,2024,2025-01-27,1.0.3,0.3.0,3,0.025,0,0.0,1,0.008333333333333333,0,0.0,1,0.008333333333333333,120,success,1,2,0.008333333333333333,0.016666666666666666,-0.3333333333333333,0.025,-0.008333333333333333,7,success,success
S2024-018,0001097149,ALGN,Align Technology,0001097149-25-000012,2024,2025-02-28,1.0.3,0.3.0,12,0.018018018018018018,16,0.024024024024024024,8,0.012012012012012012,1,0.0015015015015015015,4,0.006006006006006006,666,success,11,19,0.016516516516516516,0.028528528528528527,-0.26666666666666666,0.04504504504504504,-0.012012012012012012,62,success,success
S2024-019,0001579241,ALLE,Allegion,0001579241-25-000008,2024,2025-02-18,1.0.3,0.3.0,1,0.009900990099009901,0,0.0,1,0.009900990099009901,0,0.0,0,0.0,101,success,2,1,0.019801980198019802,0.009900990099009901,0.3333333333333333,0.0297029702970297,0.009900990099009901,4,success,success
S2024-020,0000352541,LNT,Alliant Energy,0000352541-25-000014,2024,2025-02-21,1.0.3,0.3.0,1,0.043478260869565216,0,0.0,1,0.043478260869565216,0,0.0,0,0.0,23,success,0,5,0.0,0.21739130434782608,-1.0,0.21739130434782608,-0.21739130434782608,6,success,success
S2024-021,0000899051,ALL,Allstate,0000899051-25-000015,2024,2025-02-24,1.0.3,0.3.0,9,0.04186046511627907,2,0.009302325581395349,7,0.03255813953488372,0,0.0,3,0.013953488372093023,215,success,2,9,0.009302325581395349,0.04186046511627907,-0.6363636363636364,0.05116279069767442,-0.03255813953488372,25,success,success
S2024-022,0001652044,GOOGL|GOOG,Alphabet Inc. (Class A)|Alphabet Inc. (Class C),0001652044-25-000014,2024,2025-02-05,1.0.3,0.3.0,43,0.015259048970901348,44,0.015613910574875798,29,0.01029098651525905,11,0.0039034776437189495,14,0.0049680624556423,2818,success,37,64,0.01312987934705465,0.0227111426543648,-0.26732673267326734,0.03584102200141945,-0.00958126330731015,201,success,success
S2024-023,0000764180,MO,Altria,0000764180-25-000019,2024,2025-02-26,1.0.3,0.3.0,6,0.03,5,0.025,5,0.025,0,0.0,1,0.005,200,success,0,9,0.0,0.045,-1.0,0.045,-0.045,21,success,success
S2024-024,0001018724,AMZN,Amazon,0001018724-25-000004,2024,2025-02-07,1.0.3,0.3.0,3,0.003740648379052369,12,0.014962593516209476,2,0.0024937655860349127,2,0.0024937655860349127,2,0.0024937655860349127,802,success,10,13,0.012468827930174564,0.016209476309226933,-0.13043478260869565,0.028678304239401497,-0.003740648379052369,36,success,success
S2024-025,0001748790,AMCR,Amcor,0001748790-24-000022,2024,2024-08-16,1.0.3,0.3.0,2,0.2222222222222222,0,0.0,1,0.1111111111111111,0,0.0,0,0.0,9,success,0,0,0.0,0.0,,0.0,0.0,2,success,success
S2024-026,0001002910,AEE,Ameren,0001002910-25-000055,2024,2025-02-18,1.0.3,0.3.0,8,0.030534351145038167,2,0.007633587786259542,4,0.015267175572519083,0,0.0,0,0.0,262,success,1,13,0.003816793893129771,0.04961832061068702,-0.8571428571428571,0.05343511450381679,-0.04580152671755725,21,success,success
S2024-027,0000004904,AEP,American Electric Power,0000004904-25-000027,2024,2025-02-13,1.0.3,0.3.0,0,0.0,0,0.0,0,0.0,0,0.0,1,0.05263157894736842,19,success,0,4,0.0,0.21052631578947367,-1.0,0.21052631578947367,-0.21052631578947367,4,success,success
S2024-028,0000004962,AXP,American Express,0000004962-25-000016,2024,2025-02-07,1.0.3,0.3.0,25,0.015422578655151141,44,0.027143738433066007,11,0.006785934608266502,5,0.0030845157310302285,12,0.007402837754472548,1621,success,15,53,0.009253547193090685,0.03269586674892042,-0.5588235294117647,0.041949413942011106,-0.023442319555829736,148,success,success
S2024-029,0000005272,AIG,American International Group,0000005272-25-000012,2024,2025-02-13,1.0.3,0.3.0,18,0.024324324324324326,22,0.02972972972972973,9,0.012162162162162163,3,0.004054054054054054,6,0.008108108108108109,740,success,9,15,0.012162162162162163,0.02027027027027027,-0.25,0.032432432432432434,-0.008108108108108109,71,success,success
S2024-030,0001053507,AMT,American Tower,0001053507-25-000025,2024,2025-02-25,1.0.3,0.3.0,3,0.015151515151515152,1,0.005050505050505051,3,0.015151515151515152,1,0.005050505050505051,1,0.005050505050505051,198,success,0,11,0.0,0.05555555555555555,-1.0,0.05555555555555555,-0.05555555555555555,16,success,success
S2024-031,0001410636,AWK,American Water Works,0001410636-25-000022,2024,2025-02-19,1.0.3,0.3.0,,,,,,,,,,,0,warning_denominator_zero,,,,,,,,,warning_denominator_zero,warning_denominator_zero
S2024-032,0000820027,AMP,Ameriprise Financial,0000820027-25-000013,2024,2025-02-20,1.0.3,0.3.0,3,0.011494252873563218,10,0.038314176245210725,1,0.0038314176245210726,1,0.0038314176245210726,0,0.0,261,success,2,5,0.007662835249042145,0.019157088122605363,-0.42857142857142855,0.02681992337164751,-0.011494252873563218,20,success,success
S2024-033,0001037868,AME,Ametek,0001037868-25-000012,2024,2025-02-20,1.0.3,0.3.0,,,,,,,,,,,0,warning_denominator_zero,,,,,,,,,warning_denominator_zero,warning_denominator_zero
S2024-034,0000318154,AMGN,Amgen,0000318154-25-000010,2024,2025-02-14,1.0.3,0.3.0,10,0.018656716417910446,7,0.013059701492537313,6,0.011194029850746268,0,0.0,4,0.007462686567164179,536,success,3,21,0.005597014925373134,0.03917910447761194,-0.75,0.04477611940298507,-0.033582089552238806,44,success,success
S2024-035,0000820313,APH,Amphenol,0001558370-25-000714,2024,2025-02-07,1.0.3,0.3.0,2,0.00881057268722467,0,0.0,0,0.0,0,0.0,0,0.0,227,success,5,3,0.022026431718061675,0.013215859030837005,0.25,0.03524229074889868,0.00881057268722467,10,success,success
S2024-036,0000006281,ADI,Analog Devices,0000006281-24-000204,2024,2024-11-26,1.0.3,0.3.0,29,0.03593556381660471,28,0.03469640644361834,19,0.023543990086741014,2,0.0024783147459727386,4,0.004956629491945477,807,success,12,33,0.01486988847583643,0.040892193308550186,-0.4666666666666667,0.055762081784386616,-0.026022304832713755,100,success,success
S2024-037,0000315293,AON,Aon plc,0001628280-25-006093,2024,2025-02-18,1.0.3,0.3.0,11,0.02466367713004484,13,0.02914798206278027,9,0.020179372197309416,0,0.0,3,0.006726457399103139,446,success,8,17,0.017937219730941704,0.03811659192825112,-0.36,0.05605381165919283,-0.020179372197309416,52,success,success
S2024-038,0001858681,APO,Apollo Global Management,0001858681-25-000034,2024,2025-02-24,1.0.3,0.3.0,26,0.05148514851485148,17,0.033663366336633666,13,0.02574257425742574,1,0.0019801980198019802,1,0.0019801980198019802,505,success,2,21,0.0039603960396039604,0.041584158415841586,-0.8260869565217391,0.04554455445544554,-0.03762376237623762,66,success,success
S2024-039,0000320193,AAPL,Apple Inc.,0000320193-24-000123,2024,2024-11-01,1.0.3,0.3.0,3,0.016483516483516484,6,0.03296703296703297,1,0.005494505494505495,1,0.005494505494505495,1,0.005494505494505495,182,success,0,7,0.0,0.038461538461538464,-1.0,0.038461538461538464,-0.038461538461538464,17,success,success
S2024-040,0000006951,AMAT,Applied Materials,0000006951-24-000044,2024,2024-12-13,1.0.3,0.3.0,17,0.02122347066167291,6,0.00749063670411985,12,0.0149812734082397,2,0.0024968789013732834,3,0.003745318352059925,801,success,10,18,0.012484394506866416,0.02247191011235955,-0.2857142857142857,0.03495630461922597,-0.009987515605493134,54,success,success
S2024-041,0001521332,APTV,Aptiv,0001521332-25-000010,2024,2025-02-07,1.0.3,0.3.0,5,0.016556291390728478,0,0.0,0,0.0,0,0.0,0,0.0,302,success,2,0,0.006622516556291391,0.0,1.0,0.006622516556291391,0.006622516556291391,7,success,success
S2024-042,0000947484,ACGL,Arch Capital Group,0000947484-25-000017,2024,2025-02-27,1.0.3,0.3.0,24,0.018447348193697154,27,0.0207532667179093,11,0.008455034588777863,3,0.0023059185242121443,11,0.008455034588777863,1301,success,6,36,0.004611837048424289,0.027671022290545733,-0.7142857142857143,0.03228285933897002,-0.023059185242121444,103,success,success
S2024-043,0000007084,ADM,Archer Daniels Midland,0000007084-25-000011,2024,2025-02-20,1.0.3,0.3.0,14,0.040697674418604654,8,0.023255813953488372,7,0.020348837209302327,0,0.0,3,0.00872093023255814,344,success,4,20,0.011627906976744186,0.05813953488372093,-0.6666666666666666,0.06976744186046512,-0.046511627906976744,48,success,success
S2024-044,0001596532,ANET,Arista Networks,0001596532-25-000028,2024,2025-02-19,1.0.3,0.3.0,43,0.013412351840299439,25,0.007797878976918278,25,0.007797878976918278,10,0.0031191515907673115,27,0.00842170929507174,3206,success,33,45,0.010293200249532126,0.014036182158452901,-0.15384615384615385,0.024329382407985028,-0.0037429819089207735,177,success,success
S2024-045,0000354190,AJG,Arthur J. Gallagher & Co.,0000950170-25-021775,2024,2025-02-18,1.0.3,0.3.0,33,0.02907488986784141,37,0.03259911894273128,14,0.012334801762114538,3,0.0026431718061674008,11,0.009691629955947136,1135,success,9,32,0.007929515418502203,0.028193832599118944,-0.5609756097560976,0.03612334801762115,-0.02026431718061674,119,success,success
S2024-046,0001267238,AIZ,Assurant,0001267238-25-000008,2024,2025-02-20,1.0.3,0.3.0,9,0.011984021304926764,18,0.023968042609853527,6,0.007989347536617843,1,0.0013315579227696406,5,0.006657789613848202,751,success,18,9,0.023968042609853527,0.011984021304926764,0.3333333333333333,0.03595206391478029,0.011984021304926764,57,success,success
S2024-047,0000731802,ATO,Atmos Energy,0000731802-24-000030,2024,2024-11-18,1.0.3,0.3.0,,,,,,,,,,,0,warning_denominator_zero,,,,,,,,,warning_denominator_zero,warning_denominator_zero
S2024-048,0000866787,AZO,AutoZone,0001558370-24-013758,2024,2024-10-28,1.0.3,0.3.0,2,0.019230769230769232,0,0.0,1,0.009615384615384616,0,0.0,0,0.0,104,success,1,4,0.009615384615384616,0.038461538461538464,-0.6,0.04807692307692308,-0.028846153846153848,7,success,success
S2024-049,0000769397,ADSK,Autodesk,0000769397-24-000090,2024,2024-06-10,1.0.3,0.3.0,24,0.03305785123966942,9,0.012396694214876033,19,0.026170798898071626,4,0.005509641873278237,1,0.0013774104683195593,726,success,12,35,0.01652892561983471,0.048209366391184574,-0.48936170212765956,0.06473829201101929,-0.03168044077134986,82,success,success
S2024-050,0000008670,ADP,Automatic Data Processing,0000008670-24-000024,2024,2024-08-07,1.0.3,0.3.0,23,0.013723150357995227,20,0.011933174224343675,13,0.007756563245823389,5,0.0029832935560859188,19,0.011336515513126491,1676,success,29,28,0.017303102625298328,0.016706443914081145,0.017543859649122806,0.03400954653937947,0.0005966587112171838,119,success,success
S2024-051,0000915912,AVB,AvalonBay Communities,0000915912-25-000005,2024,2025-02-27,1.0.3,0.3.0,4,0.019417475728155338,0,0.0,3,0.014563106796116505,0,0.0,0,0.0,206,success,4,3,0.019417475728155338,0.014563106796116505,0.14285714285714285,0.03398058252427184,0.0048543689320388345,11,success,success
S2024-052,0000008818,AVY,Avery Dennison,0000008818-25-000003,2024,2025-02-26,1.0.3,0.3.0,6,0.02120141342756184,1,0.0035335689045936395,1,0.0035335689045936395,0,0.0,1,0.0035335689045936395,283,success,9,18,0.03180212014134275,0.0636042402826855,-0.3333333333333333,0.09540636042402827,-0.03180212014134275,35,success,success
S2024-053,0001069183,AXON,Axon Enterprise,0001069183-25-000019,2024,2025-02-28,1.0.3,0.3.0,43,0.044745057232049947,14,0.014568158168574402,29,0.030176899063475548,1,0.001040582726326743,9,0.009365244536940686,961,success,5,42,0.005202913631633715,0.043704474505723206,-0.7872340425531915,0.04890738813735692,-0.03850156087408949,111,success,success
S2024-054,0001037540,BXP,"BXP, Inc.",0001656423-25-000009,2024,2025-02-27,1.0.3,0.3.0,8,0.029850746268656716,6,0.022388059701492536,6,0.022388059701492536,1,0.0037313432835820895,2,0.007462686567164179,268,success,4,8,0.014925373134328358,0.029850746268656716,-0.3333333333333333,0.04477611940298507,-0.014925373134328358,29,success,success
S2024-055,0001701605,BKR,Baker Hughes,0001701605-25-000035,2024,2025-02-04,1.0.3,0.3.0,3,0.008333333333333333,7,0.019444444444444445,0,0.0,0,0.0,0,0.0,360,success,0,12,0.0,0.03333333333333333,-1.0,0.03333333333333333,-0.03333333333333333,20,success,success
S2024-056,0000009389,BALL,Ball Corporation,0001558370-25-001190,2024,2025-02-20,1.0.3,0.3.0,,,,,,,,,,,0,warning_denominator_zero,,,,,,,,,warning_denominator_zero,warning_denominator_zero
S2024-057,0000070858,BAC,Bank of America,0000070858-25-000139,2024,2025-02-25,1.0.3,0.3.0,39,0.02414860681114551,27,0.01671826625386997,14,0.0086687306501548,2,0.001238390092879257,11,0.006811145510835914,1615,success,7,86,0.0043343653250774,0.05325077399380805,-0.8494623655913979,0.057585139318885446,-0.04891640866873065,164,success,success
S2024-058,0001390777,BK,Bank of New York Mellon,0001390777-25-000046,2024,2025-02-27,1.0.3,0.3.0,2,0.11764705882352941,0,0.0,1,0.058823529411764705,0,0.0,0,0.0,17,success,0,2,0.0,0.11764705882352941,-1.0,0.11764705882352941,-0.11764705882352941,4,success,success
S2024-059,0000010456,BAX,Baxter International,0001628280-25-007201,2024,2025-02-21,1.0.3,0.3.0,34,0.034102306920762285,31,0.031093279839518557,18,0.01805416248746239,6,0.006018054162487462,6,0.006018054162487462,997,success,6,49,0.006018054162487462,0.04914744232698094,-0.7818181818181819,0.055165496489468405,-0.04312938816449348,126,success,success
S2024-060,0000010795,BDX,Becton Dickinson,0000010795-24-000084,2024,2024-11-27,1.0.3,0.3.0,3,0.005628517823639775,9,0.016885553470919325,1,0.001876172607879925,1,0.001876172607879925,2,0.00375234521575985,533,success,10,9,0.01876172607879925,0.016885553470919325,0.05263157894736842,0.03564727954971857,0.001876172607879925,32,success,success
S2024-061,0001067983,BRK-B,Berkshire Hathaway,0000950170-25-025210,2024,2025-02-24,1.0.3,0.3.0,,,,,,,,,,,0,warning_denominator_zero,,,,,,,,,warning_denominator_zero,warning_denominator_zero
S2024-062,0000764478,BBY,Best Buy,0000764478-24-000010,2024,2024-03-15,1.0.3,0.3.0,12,0.03582089552238806,7,0.020895522388059702,9,0.026865671641791045,0,0.0,2,0.005970149253731343,335,success,3,24,0.008955223880597015,0.07164179104477612,-0.7777777777777778,0.08059701492537313,-0.0626865671641791,47,success,success
S2024-063,0000842023,TECH,Bio-Techne,0001558370-24-012430,2024,2024-08-22,1.0.3,0.3.0,,,,,,,,,,,0,warning_denominator_zero,,,,,,,,,warning_denominator_zero,warning_denominator_zero
S2024-064,0000875045,BIIB,Biogen,0000875045-25-000009,2024,2025-02-12,1.0.3,0.3.0,10,0.04048582995951417,6,0.024291497975708502,7,0.02834008097165992,0,0.0,4,0.016194331983805668,247,success,0,17,0.0,0.06882591093117409,-1.0,0.06882591093117409,-0.06882591093117409,36,success,success
S2024-065,0002012383,BLK,BlackRock,0000950170-25-026584,2024,2025-02-25,1.0.3,0.3.0,32,0.0274442538593482,25,0.02144082332761578,14,0.012006861063464836,2,0.0017152658662092624,6,0.005145797598627788,1166,success,9,49,0.007718696397941681,0.04202401372212693,-0.6896551724137931,0.04974271012006861,-0.03430531732418525,118,success,success
S2024-066,0001393818,BX,Blackstone Inc.,0001193125-25-042469,2024,2025-02-28,1.0.3,0.3.0,12,0.018154311649016642,11,0.01664145234493192,7,0.01059001512859304,1,0.0015128593040847202,3,0.0045385779122541605,661,success,9,8,0.01361573373676248,0.012102874432677761,0.058823529411764705,0.025718608169440244,0.0015128593040847202,44,success,success
S2024-067,0000012927,BA,Boeing,0000012927-25-000015,2024,2025-02-03,1.0.3,0.3.0,0,0.0,0,0.0,0,0.0,0,0.0,0,0.0,22,success,0,1,0.0,0.045454545454545456,-1.0,0.045454545454545456,-0.045454545454545456,1,success,success
S2024-068,0001075531,BKNG,Booking Holdings,0001075531-25-000010,2024,2025-02-20,1.0.3,0.3.0,23,0.023046092184368736,18,0.018036072144288578,17,0.017034068136272545,1,0.001002004008016032,6,0.006012024048096192,998,success,15,23,0.01503006012024048,0.023046092184368736,-0.21052631578947367,0.03807615230460922,-0.008016032064128256,86,success,success
S2024-069,0000908255,BWA,BorgWarner,0000908255-25-000007,2024,2025-02-06,1.0.3,0.3.0,0,0.0,0,0.0,0,0.0,0,0.0,0,0.0,35,success,2,0,0.05714285714285714,0.0,1.0,0.05714285714285714,0.05714285714285714,2,success,success
S2024-070,0000885725,BSX,Boston Scientific,0000885725-25-000011,2024,2025-02-18,1.0.3,0.3.0,4,0.031496062992125984,0,0.0,2,0.015748031496062992,0,0.0,0,0.0,127,success,5,2,0.03937007874015748,0.015748031496062992,0.42857142857142855,0.05511811023622047,0.023622047244094488,11,success,success
S2024-071,0000014272,BMY,Bristol Myers Squibb,0000014272-25-000039,2024,2025-02-12,1.0.3,0.3.0,9,0.05389221556886228,2,0.011976047904191617,5,0.029940119760479042,0,0.0,3,0.017964071856287425,167,success,4,8,0.023952095808383235,0.04790419161676647,-0.3333333333333333,0.0718562874251497,-0.023952095808383235,25,success,success
S2024-072,0001730168,AVGO,Broadcom,0001730168-24-000139,2024,2024-12-20,1.0.3,0.3.0,19,0.014296463506395787,1,0.0007524454477050414,10,0.007524454477050414,0,0.0,4,0.0030097817908201654,1329,success,16,19,0.012039127163280662,0.014296463506395787,-0.08571428571428572,0.02633559066967645,-0.002257336343115124,55,success,success
S2024-073,0001383312,BR,Broadridge Financial Solutions,0001383312-24-000039,2024,2024-08-06,1.0.3,0.3.0,0,0.0,1,0.004651162790697674,0,0.0,0,0.0,1,0.004651162790697674,215,success,8,0,0.037209302325581395,0.0,1.0,0.037209302325581395,0.037209302325581395,10,success,success
S2024-074,0000079282,BRO,Brown & Brown,0000950170-25-019039,2024,2025-02-13,1.0.3,0.3.0,11,0.03767123287671233,10,0.03424657534246575,5,0.017123287671232876,2,0.00684931506849315,0,0.0,292,success,0,11,0.0,0.03767123287671233,-1.0,0.03767123287671233,-0.03767123287671233,33,success,success
S2024-075,0000014693,BF-B,Brown–Forman,0000014693-24-000086,2024,2024-06-14,1.0.3,0.3.0,1,0.027777777777777776,4,0.1111111111111111,1,0.027777777777777776,0,0.0,0,0.0,36,success,0,0,0.0,0.0,,0.0,0.0,5,success,success
S2024-076,0001316835,BLDR,Builders FirstSource,0000950170-25-023953,2024,2025-02-20,1.0.3,0.3.0,,,,,,,,,,,0,warning_denominator_zero,,,,,,,,,warning_denominator_zero,warning_denominator_zero
S2024-077,0001996862,BG,Bunge Global,0001996862-25-000008,2024,2025-02-20,1.0.3,0.3.0,7,0.03954802259887006,4,0.022598870056497175,5,0.02824858757062147,0,0.0,0,0.0,177,success,1,17,0.005649717514124294,0.096045197740113,-0.8888888888888888,0.1016949152542373,-0.0903954802259887,27,success,success
S2024-078,0001043277,CHRW,C.H. Robinson,0001043277-25-000012,2024,2025-02-14,1.0.3,0.3.0,39,0.05439330543933055,12,0.016736401673640166,12,0.016736401673640166,0,0.0,1,0.001394700139470014,717,success,11,18,0.015341701534170154,0.02510460251046025,-0.2413793103448276,0.040446304044630406,-0.009762900976290097,79,success,success
S2024-079,0001138118,CBRE,CBRE Group,0001138118-25-000005,2024,2025-02-14,1.0.3,0.3.0,5,0.05747126436781609,0,0.0,3,0.034482758620689655,0,0.0,2,0.022988505747126436,87,success,3,1,0.034482758620689655,0.011494252873563218,0.5,0.04597701149425287,0.022988505747126436,10,success,success
S2024-080,0001402057,CDW,CDW Corporation,0001402057-25-000018,2024,2025-02-21,1.0.3,0.3.0,15,0.025728987993138937,2,0.003430531732418525,10,0.017152658662092625,1,0.0017152658662092624,1,0.0017152658662092624,583,success,11,23,0.018867924528301886,0.03945111492281304,-0.35294117647058826,0.058319039451114926,-0.02058319039451115,53,success,success
S2024-081,0001324404,CF,CF Industries,0001324404-25-000006,2024,2025-02-20,1.0.3,0.3.0,,,,,,,,,,,0,warning_denominator_zero,,,,,,,,,warning_denominator_zero,warning_denominator_zero
S2024-082,0001156375,CME,CME Group,0001156375-25-000021,2024,2025-02-27,1.0.3,0.3.0,8,0.028368794326241134,4,0.014184397163120567,3,0.010638297872340425,0,0.0,1,0.0035460992907801418,282,success,1,25,0.0035460992907801418,0.08865248226950355,-0.9230769230769231,0.09219858156028368,-0.0851063829787234,37,success,success
S2024-083,0000811156,CMS,CMS Energy,0000811156-25-000036,2024,2025-02-11,1.0.3,0.3.0,1,0.021739130434782608,0,0.0,1,0.021739130434782608,0,0.0,0,0.0,46,success,1,0,0.021739130434782608,0.0,1.0,0.021739130434782608,0.021739130434782608,2,success,success
S2024-084,0000277948,CSX,CSX Corporation,0000277948-25-000008,2024,2025-02-27,1.0.3,0.3.0,1,0.023809523809523808,0,0.0,1,0.023809523809523808,0,0.0,0,0.0,42,success,1,4,0.023809523809523808,0.09523809523809523,-0.6,0.11904761904761904,-0.07142857142857142,6,success,success
S2024-085,0000064803,CVS,CVS Health,0000064803-25-000007,2024,2025-02-12,1.0.3,0.3.0,5,0.02577319587628866,6,0.030927835051546393,2,0.010309278350515464,0,0.0,1,0.005154639175257732,194,success,2,0,0.010309278350515464,0.0,1.0,0.010309278350515464,0.010309278350515464,14,success,success
S2024-086,0000813672,CDNS,Cadence Design Systems,0000813672-25-000024,2024,2025-02-21,1.0.3,0.3.0,41,0.02328222600795003,39,0.022146507666098807,25,0.014196479273140262,5,0.0028392958546280523,8,0.004542873367404884,1761,success,28,44,0.01590005678591709,0.02498580352072686,-0.2222222222222222,0.04088586030664395,-0.009085746734809767,157,success,success
S2024-087,0001590895,CZR,Caesars Entertainment,0001590895-25-000068,2024,2025-02-25,1.0.3,0.3.0,,,,,,,,,,,0,warning_denominator_zero,,,,,,,,,warning_denominator_zero,warning_denominator_zero
S2024-088,0000906345,CPT,Camden Property Trust,0000906345-25-000008,2024,2025-02-20,1.0.3,0.3.0,1,0.022727272727272728,1,0.022727272727272728,0,0.0,0,0.0,0,0.0,44,success,1,3,0.022727272727272728,0.06818181818181818,-0.5,0.09090909090909091,-0.045454545454545456,5,success,success
S2024-089,0000016732,CPB,Campbell's,0000016732-24-000130,2024,2024-09-19,1.0.3,0.3.0,5,0.043478260869565216,2,0.017391304347826087,4,0.034782608695652174,1,0.008695652173913044,0,0.0,115,success,4,5,0.034782608695652174,0.043478260869565216,-0.1111111111111111,0.0782608695652174,-0.008695652173913044,17,success,success
S2024-090,0000927628,COF,Capital One,0000927628-25-000092,2024,2025-02-20,1.0.3,0.3.0,35,0.03164556962025317,28,0.02531645569620253,16,0.014466546112115732,1,0.0009041591320072332,4,0.003616636528028933,1106,success,7,46,0.006329113924050633,0.04159132007233273,-0.7358490566037735,0.04792043399638336,-0.0352622061482821,116,success,success
S2024-091,0001170010,KMX,CarMax,0001170010-24-000034,2024,2024-04-15,1.0.3,0.3.0,4,0.02564102564102564,1,0.00641025641025641,3,0.019230769230769232,0,0.0,0,0.0,156,success,2,6,0.01282051282051282,0.038461538461538464,-0.5,0.05128205128205128,-0.02564102564102564,12,success,success
S2024-092,0000721371,CAH,Cardinal Health,0000721371-24-000056,2024,2024-08-14,1.0.3,0.3.0,3,0.016574585635359115,0,0.0,3,0.016574585635359115,0,0.0,0,0.0,181,success,3,4,0.016574585635359115,0.022099447513812154,-0.14285714285714285,0.03867403314917127,-0.0055248618784530384,10,success,success
S2024-093,0000815097,CCL,Carnival Corporation,0000815097-25-000007,2024,2025-01-27,1.0.3,0.3.0,4,0.030534351145038167,3,0.022900763358778626,3,0.022900763358778626,0,0.0,0,0.0,131,success,0,15,0.0,0.11450381679389313,-1.0,0.11450381679389313,-0.11450381679389313,20,success,success
S2024-094,0001783180,CARR,Carrier Global,0001783180-25-000008,2024,2025-02-11,1.0.3,0.3.0,,,,,,,,,,,0,warning_denominator_zero,,,,,,,,,warning_denominator_zero,warning_denominator_zero
S2024-095,0000018230,CAT,Caterpillar Inc.,0000018230-25-000008,2024,2025-02-14,1.0.3,0.3.0,0,0.0,0,0.0,0,0.0,0,0.0,0,0.0,34,success,1,0,0.029411764705882353,0.0,1.0,0.029411764705882353,0.029411764705882353,1,success,success
S2024-096,0001374310,CBOE,Cboe Global Markets,0001628280-25-006984,2024,2025-02-21,1.0.3,0.3.0,2,0.015873015873015872,0,0.0,1,0.007936507936507936,0,0.0,0,0.0,126,success,1,3,0.007936507936507936,0.023809523809523808,-0.5,0.031746031746031744,-0.015873015873015872,6,success,success
S2024-097,0001306830,CE,Celanese,0001306830-25-000027,2024,2025-02-21,1.0.3,0.3.0,3,0.03409090909090909,0,0.0,2,0.022727272727272728,1,0.011363636363636364,0,0.0,88,success,1,5,0.011363636363636364,0.056818181818181816,-0.6666666666666666,0.06818181818181818,-0.045454545454545456,10,success,success
S2024-098,0001140859,COR,Cencora,0001140859-24-000177,2024,2024-11-26,1.0.3,0.3.0,1,0.047619047619047616,0,0.0,1,0.047619047619047616,0,0.0,0,0.0,21,success,0,1,0.0,0.047619047619047616,-1.0,0.047619047619047616,-0.047619047619047616,2,success,success
S2024-099,0001071739,CNC,Centene Corporation,0001071739-25-000027,2024,2025-02-18,1.0.3,0.3.0,20,0.037243947858473,17,0.03165735567970205,11,0.020484171322160148,1,0.00186219739292365,5,0.00931098696461825,537,success,3,19,0.00558659217877095,0.035381750465549346,-0.7272727272727273,0.040968342644320296,-0.0297951582867784,63,success,success
S2024-100,0001130310,CNP,CenterPoint Energy,0001130310-25-000040,2024,2025-02-20,1.0.3,0.3.0,27,0.04631217838765009,12,0.02058319039451115,20,0.03430531732418525,0,0.0,2,0.003430531732418525,583,success,10,29,0.017152658662092625,0.04974271012006861,-0.48717948717948717,0.06689536878216124,-0.032590051457975985,78,success,success
S2024-101,0001100682,CRL,Charles River Laboratories,0001100682-25-000011,2024,2025-02-19,1.0.3,0.3.0,3,0.0297029702970297,0,0.0,2,0.019801980198019802,0,0.0,1,0.009900990099009901,101,success,1,3,0.009900990099009901,0.0297029702970297,-0.5,0.039603960396039604,-0.019801980198019802,8,success,success
S2024-102,0000316709,SCHW,Charles Schwab Corporation,0000316709-25-000010,2024,2025-02-26,1.0.3,0.3.0,2,0.024691358024691357,1,0.012345679012345678,0,0.0,0,0.0,0,0.0,81,success,0,1,0.0,0.012345679012345678,-1.0,0.012345679012345678,-0.012345679012345678,3,success,success
S2024-103,0001091667,CHTR,Charter Communications,0001091667-25-000034,2024,2025-01-31,1.0.3,0.3.0,11,0.046413502109704644,8,0.03375527426160337,8,0.03375527426160337,0,0.0,0,0.0,237,success,1,14,0.004219409282700422,0.05907172995780591,-0.8666666666666667,0.06329113924050633,-0.05485232067510549,34,success,success
S2024-104,0000093410,CVX,Chevron Corporation,0000093410-25-000009,2024,2025-02-21,1.0.3,0.3.0,0,0.0,0,0.0,0,0.0,0,0.0,0,0.0,106,success,2,1,0.018867924528301886,0.009433962264150943,0.3333333333333333,0.02830188679245283,0.009433962264150943,3,success,success
S2024-105,0001058090,CMG,Chipotle Mexican Grill,0001058090-25-000014,2024,2025-02-05,1.0.3,0.3.0,2,0.021505376344086023,3,0.03225806451612903,1,0.010752688172043012,0,0.0,0,0.0,93,success,0,1,0.0,0.010752688172043012,-1.0,0.010752688172043012,-0.010752688172043012,6,success,success
S2024-106,0000896159,CB,Chubb Limited,0000896159-25-000004,2024,2025-02-27,1.0.3,0.3.0,10,0.026737967914438502,12,0.03208556149732621,6,0.016042780748663103,3,0.008021390374331552,1,0.00267379679144385,374,success,3,8,0.008021390374331552,0.0213903743315508,-0.45454545454545453,0.029411764705882353,-0.013368983957219251,36,success,success
S2024-107,0000313927,CHD,Church & Dwight,0000950170-25-019801,2024,2025-02-13,1.0.3,0.3.0,7,0.03271028037383177,4,0.018691588785046728,4,0.018691588785046728,0,0.0,0,0.0,214,success,2,9,0.009345794392523364,0.04205607476635514,-0.6363636363636364,0.0514018691588785,-0.03271028037383177,20,success,success
S2024-108,0001739940,CI,Cigna,0001739940-25-000009,2024,2025-02-27,1.0.3,0.3.0,28,0.022435897435897436,41,0.032852564102564104,10,0.008012820512820512,0,0.0,11,0.008814102564102564,1248,success,15,38,0.01201923076923077,0.030448717948717948,-0.4339622641509434,0.04246794871794872,-0.01842948717948718,127,success,success
S2024-109,0000020286,CINF,Cincinnati Financial,0000020286-25-000009,2024,2025-02-24,1.0.3,0.3.0,3,0.013953488372093023,3,0.013953488372093023,3,0.013953488372093023,5,0.023255813953488372,0,0.0,215,success,7,6,0.03255813953488372,0.027906976744186046,0.07692307692307693,0.06046511627906977,0.004651162790697674,24,success,success
S2024-110,0000723254,CTAS,Cintas,0000723254-24-000036,2024,2024-07-25,1.0.3,0.3.0,6,0.0425531914893617,0,0.0,3,0.02127659574468085,0,0.0,0,0.0,141,success,3,9,0.02127659574468085,0.06382978723404255,-0.5,0.0851063829787234,-0.0425531914893617,18,success,success
S2024-111,0000858877,CSCO,Cisco,0000858877-24-000017,2024,2024-09-05,1.0.3,0.3.0,16,0.02346041055718475,19,0.02785923753665689,12,0.017595307917888565,0,0.0,6,0.008797653958944282,682,success,5,17,0.007331378299120235,0.024926686217008796,-0.5454545454545454,0.03225806451612903,-0.017595307917888565,63,success,success
S2024-112,0000831001,C,Citigroup,0000831001-25-000067,2024,2025-02-21,1.0.3,0.3.0,23,0.043233082706766915,5,0.009398496240601503,7,0.013157894736842105,1,0.0018796992481203006,1,0.0018796992481203006,532,success,1,27,0.0018796992481203006,0.05075187969924812,-0.9285714285714286,0.05263157894736842,-0.04887218045112782,57,success,success
S2024-113,0000759944,CFG,Citizens Financial Group,0000759944-25-000013,2024,2025-02-13,1.0.3,0.3.0,4,0.02185792349726776,1,0.00546448087431694,2,0.01092896174863388,0,0.0,1,0.00546448087431694,183,success,2,2,0.01092896174863388,0.01092896174863388,0.0,0.02185792349726776,0.0,8,success,success
S2024-114,0000021076,CLX,Clorox,0000021076-24-000030,2024,2024-08-08,1.0.3,0.3.0,7,0.02766798418972332,3,0.011857707509881422,5,0.019762845849802372,0,0.0,0,0.0,253,success,6,8,0.023715415019762844,0.03162055335968379,-0.14285714285714285,0.05533596837944664,-0.007905138339920948,23,success,success
S2024-115,0001057352,CSGP,CoStar Group,0001057352-25-000016,2024,2025-02-20,1.0.3,0.3.0,9,0.03125,2,0.006944444444444444,6,0.020833333333333332,2,0.006944444444444444,0,0.0,288,success,3,18,0.010416666666666666,0.0625,-0.7142857142857143,0.07291666666666667,-0.052083333333333336,33,success,success
S2024-116,0000021344,KO,Coca-Cola Company (The),0000021344-25-000011,2024,2025-02-20,1.0.3,0.3.0,6,0.018691588785046728,6,0.018691588785046728,6,0.018691588785046728,0,0.0,3,0.009345794392523364,321,success,8,3,0.024922118380062305,0.009345794392523364,0.45454545454545453,0.03426791277258567,0.01557632398753894,26,success,success
S2024-117,0001058290,CTSH,Cognizant,0001058290-25-000017,2024,2025-02-12,1.0.3,0.3.0,35,0.016658733936220846,29,0.013802950975725845,26,0.012375059495478343,8,0.0038077106139933364,15,0.007139457401237506,2101,success,29,30,0.013802950975725845,0.014278914802475012,-0.01694915254237288,0.028081865778200855,-0.00047596382674916705,143,success,success
S2024-118,0000021665,CL,Colgate-Palmolive,0000021665-25-000008,2024,2025-02-13,1.0.3,0.3.0,15,0.024154589371980676,9,0.014492753623188406,8,0.01288244766505636,1,0.001610305958132045,2,0.00322061191626409,621,success,11,14,0.017713365539452495,0.02254428341384863,-0.12,0.040257648953301126,-0.004830917874396135,49,success,success
S2024-119,0001166691,CMCSA,Comcast,0001166691-25-000011,2024,2025-01-31,1.0.3,0.3.0,7,0.03398058252427184,4,0.019417475728155338,6,0.02912621359223301,1,0.0048543689320388345,1,0.0048543689320388345,206,success,6,9,0.02912621359223301,0.043689320388349516,-0.2,0.07281553398058252,-0.014563106796116505,27,success,success
S2024-120,0000023217,CAG,Conagra Brands,0001558370-24-009764,2024,2024-07-11,1.0.3,0.3.0,4,0.04395604395604396,0,0.0,3,0.03296703296703297,0,0.0,0,0.0,91,success,1,2,0.01098901098901099,0.02197802197802198,-0.3333333333333333,0.03296703296703297,-0.01098901098901099,7,success,success
S2024-121,0001163165,COP,ConocoPhillips,0001163165-25-000012,2024,2025-02-18,1.0.3,0.3.0,3,0.08571428571428572,0,0.0,1,0.02857142857142857,0,0.0,0,0.0,35,success,1,1,0.02857142857142857,0.02857142857142857,0.0,0.05714285714285714,0.0,5,success,success
S2024-122,0001047862,ED,Consolidated Edison,0001047862-25-000011,2024,2025-02-20,1.0.3,0.3.0,0,0.0,1,0.023255813953488372,0,0.0,0,0.0,0,0.0,43,success,0,3,0.0,0.06976744186046512,-1.0,0.06976744186046512,-0.06976744186046512,3,success,success
S2024-123,0000016918,STZ,Constellation Brands,0000016918-24-000054,2024,2024-04-23,1.0.3,0.3.0,8,0.03125,3,0.01171875,5,0.01953125,0,0.0,0,0.0,256,success,2,5,0.0078125,0.01953125,-0.42857142857142855,0.02734375,-0.01171875,18,success,success
S2024-124,0001868275,CEG,Constellation Energy,0001868275-25-000023,2024,2025-02-18,1.0.3,0.3.0,1,0.02,0,0.0,1,0.02,0,0.0,0,0.0,50,success,0,2,0.0,0.04,-1.0,0.04,-0.04,3,success,success
S2024-125,0000711404,COO,Cooper Companies (The),0000711404-24-000074,2024,2024-12-06,1.0.3,0.3.0,0,0.0,1,0.02702702702702703,0,0.0,0,0.0,2,0.05405405405405406,37,success,0,0,0.0,0.0,,0.0,0.0,3,success,success
S2024-126,0000900075,CPRT,Copart,0000900075-24-000024,2024,2024-09-30,1.0.3,0.3.0,2,0.01680672268907563,0,0.0,2,0.01680672268907563,0,0.0,0,0.0,119,success,0,4,0.0,0.03361344537815126,-1.0,0.03361344537815126,-0.03361344537815126,6,success,success
S2024-127,0000024741,GLW,Corning Inc.,0001628280-25-005347,2024,2025-02-13,1.0.3,0.3.0,2,0.011049723756906077,0,0.0,1,0.0055248618784530384,0,0.0,0,0.0,181,success,4,2,0.022099447513812154,0.011049723756906077,0.3333333333333333,0.03314917127071823,0.011049723756906077,8,success,success
S2024-128,0001175454,CPAY,Corpay,0001628280-25-008746,2024,2025-02-27,1.0.3,0.3.0,2,0.041666666666666664,1,0.020833333333333332,1,0.020833333333333332,0,0.0,1,0.020833333333333332,48,success,1,1,0.020833333333333332,0.020833333333333332,0.0,0.041666666666666664,0.0,6,success,success
S2024-129,0001755672,CTVA,Corteva,0001755672-25-000005,2024,2025-02-14,1.0.3,0.3.0,2,0.02631578947368421,0,0.0,2,0.02631578947368421,0,0.0,1,0.013157894736842105,76,success,2,1,0.02631578947368421,0.013157894736842105,0.3333333333333333,0.039473684210526314,0.013157894736842105,6,success,success
S2024-130,0000909832,COST,Costco,0000909832-24-000049,2024,2024-10-09,1.0.3,0.3.0,2,0.017699115044247787,5,0.04424778761061947,2,0.017699115044247787,0,0.0,2,0.017699115044247787,113,success,1,3,0.008849557522123894,0.02654867256637168,-0.5,0.035398230088495575,-0.017699115044247787,12,success,success
S2024-131,0001535527,CRWD,CrowdStrike,0001535527-24-000007,2024,2024-03-07,1.0.3,0.3.0,23,0.012756516916250694,25,0.013865779256794232,17,0.009428729894620078,1,0.0005546311702717693,7,0.003882418191902385,1803,success,27,65,0.014975041597337771,0.036051026067665005,-0.41304347826086957,0.051026067665002776,-0.02107598447032723,141,success,success
S2024-132,0001051470,CCI,Crown Castle,0001051470-25-000089,2024,2025-03-14,1.0.3,0.3.0,1,0.00558659217877095,0,0.0,1,0.00558659217877095,1,0.00558659217877095,0,0.0,179,success,0,0,0.0,0.0,,0.0,0.0,2,success,success
S2024-133,0000026172,CMI,Cummins,0000026172-25-000007,2024,2025-02-11,1.0.3,0.3.0,9,0.04054054054054054,4,0.018018018018018018,7,0.03153153153153153,2,0.009009009009009009,1,0.0045045045045045045,222,success,4,8,0.018018018018018018,0.036036036036036036,-0.3333333333333333,0.05405405405405406,-0.018018018018018018,28,success,success
S2024-134,0000882184,DHI,D. R. Horton,0000882184-24-000057,2024,2024-11-19,1.0.3,0.3.0,1,0.017857142857142856,0,0.0,1,0.017857142857142856,0,0.0,0,0.0,56,success,0,4,0.0,0.07142857142857142,-1.0,0.07142857142857142,-0.07142857142857142,5,success,success
S2024-135,0000936340,DTE,DTE Energy,0000936340-25-000065,2024,2025-02-13,1.0.3,0.3.0,,,,,,,,,,,0,warning_denominator_zero,,,,,,,,,warning_denominator_zero,warning_denominator_zero
S2024-136,0000927066,DVA,DaVita,0000927066-25-000012,2024,2025-02-13,1.0.3,0.3.0,6,0.01910828025477707,9,0.028662420382165606,4,0.012738853503184714,1,0.0031847133757961785,0,0.0,314,success,2,2,0.006369426751592357,0.006369426751592357,0.0,0.012738853503184714,0.0,19,success,success
S2024-137,0000313616,DHR,Danaher Corporation,0000313616-25-000043,2024,2025-02-20,1.0.3,0.3.0,17,0.03944315545243619,9,0.02088167053364269,13,0.030162412993039442,1,0.002320185614849188,3,0.0069605568445475635,431,success,5,19,0.01160092807424594,0.04408352668213457,-0.5833333333333334,0.05568445475638051,-0.03248259860788863,54,success,success
S2024-138,0000940944,DRI,Darden Restaurants,0000940944-24-000035,2024,2024-07-19,1.0.3,0.3.0,2,0.08333333333333333,0,0.0,1,0.041666666666666664,0,0.0,0,0.0,24,success,0,0,0.0,0.0,,0.0,0.0,2,success,success
S2024-139,0000910521,DECK,Deckers Brands,0000910521-24-000017,2024,2024-05-24,1.0.3,0.3.0,6,0.028846153846153848,0,0.0,1,0.004807692307692308,2,0.009615384615384616,2,0.009615384615384616,208,success,6,9,0.028846153846153848,0.04326923076923077,-0.2,0.07211538461538461,-0.014423076923076924,24,success,success
S2024-140,0000315189,DE,Deere & Company,0001558370-24-016169,2024,2024-12-12,1.0.3,0.3.0,9,0.02631578947368421,3,0.008771929824561403,7,0.02046783625730994,0,0.0,1,0.0029239766081871343,342,success,4,10,0.011695906432748537,0.029239766081871343,-0.42857142857142855,0.04093567251461988,-0.017543859649122806,26,success,success
S2024-141,0001571996,DELL,Dell Technologies,0001571996-24-000036,2024,2024-03-25,1.0.3,0.3.0,9,0.013432835820895522,4,0.005970149253731343,6,0.008955223880597015,3,0.004477611940298508,4,0.005970149253731343,670,success,22,5,0.03283582089552239,0.007462686567164179,0.6296296296296297,0.04029850746268657,0.025373134328358207,47,success,success
S2024-142,0000027904,DAL,Delta Air Lines,0000027904-25-000004,2024,2025-02-11,1.0.3,0.3.0,,,,,,,,,,,0,warning_denominator_zero,,,,,,,,,warning_denominator_zero,warning_denominator_zero
S2024-143,0001090012,DVN,Devon Energy,0000950170-25-022844,2024,2025-02-19,1.0.3,0.3.0,1,0.02564102564102564,0,0.0,0,0.0,0,0.0,0,0.0,39,success,0,0,0.0,0.0,,0.0,0.0,1,success,success
S2024-144,0001093557,DXCM,Dexcom,0001093557-25-000036,2024,2025-02-18,1.0.3,0.3.0,2,0.007272727272727273,7,0.025454545454545455,0,0.0,3,0.01090909090909091,5,0.01818181818181818,275,success,5,0,0.01818181818181818,0.0,1.0,0.01818181818181818,0.01818181818181818,21,success,success
S2024-145,0001539838,FANG,Diamondback Energy,0001539838-25-000021,2024,2025-02-26,1.0.3,0.3.0,5,0.04504504504504504,0,0.0,4,0.036036036036036036,0,0.0,0,0.0,111,success,3,6,0.02702702702702703,0.05405405405405406,-0.3333333333333333,0.08108108108108109,-0.02702702702702703,14,success,success
S2024-146,0001297996,DLR,Digital Realty,0001558370-25-001424,2024,2025-02-25,1.0.3,0.3.0,4,0.027210884353741496,3,0.02040816326530612,2,0.013605442176870748,1,0.006802721088435374,0,0.0,147,success,1,5,0.006802721088435374,0.034013605442176874,-0.6666666666666666,0.04081632653061224,-0.027210884353741496,14,success,success
S2024-147,0000029534,DG,Dollar General,0001558370-24-003813,2024,2024-03-25,1.0.3,0.3.0,,,,,,,,,,,0,warning_denominator_zero,,,,,,,,,warning_denominator_zero,warning_denominator_zero
S2024-148,0000935703,DLTR,Dollar Tree,0000935703-24-000011,2024,2024-03-20,1.0.3,0.3.0,3,0.03896103896103896,2,0.025974025974025976,2,0.025974025974025976,0,0.0,1,0.012987012987012988,77,success,0,1,0.0,0.012987012987012988,-1.0,0.012987012987012988,-0.012987012987012988,7,success,success
S2024-149,0000715957,D,Dominion Energy,0000950170-25-028387,2024,2025-02-27,1.0.3,0.3.0,2,0.020833333333333332,0,0.0,2,0.020833333333333332,0,0.0,1,0.010416666666666666,96,success,1,0,0.010416666666666666,0.0,1.0,0.010416666666666666,0.010416666666666666,4,success,success
S2024-150,0001286681,DPZ,Domino's,0000950170-25-025223,2024,2025-02-24,1.0.3,0.3.0,7,0.08433734939759036,0,0.0,4,0.04819277108433735,0,0.0,1,0.012048192771084338,83,success,0,3,0.0,0.03614457831325301,-1.0,0.03614457831325301,-0.03614457831325301,10,success,success
S2024-151,0000029905,DOV,Dover Corporation,0000029905-25-000006,2024,2025-02-14,1.0.3,0.3.0,3,0.007731958762886598,2,0.005154639175257732,2,0.005154639175257732,1,0.002577319587628866,0,0.0,388,success,8,26,0.020618556701030927,0.06701030927835051,-0.5294117647058824,0.08762886597938144,-0.04639175257731959,39,success,success
S2024-152,0001751788,DOW,Dow Inc.,0001751788-25-000012,2024,2025-02-04,1.0.3,0.3.0,11,0.04583333333333333,0,0.0,6,0.025,0,0.0,0,0.0,240,success,2,11,0.008333333333333333,0.04583333333333333,-0.6923076923076923,0.05416666666666667,-0.0375,23,success,success
S2024-153,0001666700,DD,DuPont,0001666700-25-000005,2024,2025-02-14,1.0.3,0.3.0,0,0.0,0,0.0,0,0.0,0,0.0,0,0.0,82,success,3,0,0.036585365853658534,0.0,1.0,0.036585365853658534,0.036585365853658534,3,success,success
S2024-154,0001326160,DUK,Duke Energy,0001326160-25-000072,2024,2025-02-27,1.0.3,0.3.0,1,0.011235955056179775,0,0.0,0,0.0,0,0.0,0,0.0,89,success,2,1,0.02247191011235955,0.011235955056179775,0.3333333333333333,0.033707865168539325,0.011235955056179775,4,success,success
S2024-155,0000821189,EOG,EOG Resources,0000821189-25-000011,2024,2025-02-27,1.0.3,0.3.0,5,0.043478260869565216,0,0.0,4,0.034782608695652174,0,0.0,0,0.0,115,success,3,5,0.02608695652173913,0.043478260869565216,-0.25,0.06956521739130435,-0.017391304347826087,13,success,success
S2024-156,0001352010,EPAM,EPAM Systems,0001352010-25-000007,2024,2025-02-28,1.0.3,0.3.0,10,0.011210762331838564,11,0.01233183856502242,9,0.010089686098654708,2,0.002242152466367713,4,0.004484304932735426,892,success,16,19,0.017937219730941704,0.021300448430493273,-0.08571428571428572,0.03923766816143498,-0.0033632286995515697,60,success,success
S2024-157,0000033213,EQT,EQT Corporation,0000033213-25-000011,2024,2025-02-19,1.0.3,0.3.0,,,,,,,,,,,0,warning_denominator_zero,,,,,,,,,warning_denominator_zero,warning_denominator_zero
S2024-158,0000915389,EMN,Eastman Chemical Co.,0000915389-25-000012,2024,2025-02-14,1.0.3,0.3.0,,,,,,,,,,,0,warning_denominator_zero,,,,,,,,,warning_denominator_zero,warning_denominator_zero
S2024-159,0001551182,ETN,Eaton Corporation,0001551182-25-000006,2024,2025-02-27,1.0.3,0.3.0,,,,,,,,,,,0,warning_denominator_zero,,,,,,,,,warning_denominator_zero,warning_denominator_zero
S2024-160,0000031462,ECL,Ecolab,0001558370-25-001263,2024,2025-02-21,1.0.3,0.3.0,6,0.0375,2,0.0125,3,0.01875,3,0.01875,1,0.00625,160,success,3,4,0.01875,0.025,-0.14285714285714285,0.04375,-0.00625,19,success,success
S2024-161,0000827052,EIX,Edison International,0000827052-25-000022,2024,2025-02-27,1.0.3,0.3.0,2,0.05263157894736842,1,0.02631578947368421,1,0.02631578947368421,0,0.0,1,0.02631578947368421,38,success,0,6,0.0,0.15789473684210525,-1.0,0.15789473684210525,-0.15789473684210525,10,success,success
S2024-162,0001099800,EW,Edwards Lifesciences,0001099800-25-000005,2024,2025-02-28,1.0.3,0.3.0,0,0.0,0,0.0,0,0.0,0,0.0,0,0.0,30,success,0,1,0.0,0.03333333333333333,-1.0,0.03333333333333333,-0.03333333333333333,1,success,success
S2024-163,0000712515,EA,Electronic Arts,0000712515-24-000023,2024,2024-05-22,1.0.3,0.3.0,4,0.044444444444444446,2,0.022222222222222223,4,0.044444444444444446,0,0.0,0,0.0,90,success,2,4,0.022222222222222223,0.044444444444444446,-0.3333333333333333,0.06666666666666667,-0.022222222222222223,12,success,success
S2024-164,0001156039,ELV,Elevance Health,0001156039-25-000010,2024,2025-02-20,1.0.3,0.3.0,37,0.03696303696303696,26,0.025974025974025976,14,0.013986013986013986,4,0.003996003996003996,8,0.007992007992007992,1001,success,18,45,0.017982017982017984,0.04495504495504495,-0.42857142857142855,0.06293706293706294,-0.026973026973026972,131,success,success
S2024-165,0000032604,EMR,Emerson Electric,0000032604-24-000041,2024,2024-11-12,1.0.3,0.3.0,7,0.03910614525139665,6,0.0335195530726257,2,0.0111731843575419,1,0.00558659217877095,0,0.0,179,success,1,6,0.00558659217877095,0.0335195530726257,-0.7142857142857143,0.03910614525139665,-0.027932960893854747,18,success,success
S2024-166,0001463101,ENPH,Enphase Energy,0001463101-25-000024,2024,2025-02-10,1.0.3,0.3.0,7,0.035175879396984924,9,0.04522613065326633,7,0.035175879396984924,0,0.0,2,0.010050251256281407,199,success,0,7,0.0,0.035175879396984924,-1.0,0.035175879396984924,-0.035175879396984924,25,success,success
S2024-167,0000065984,ETR,Entergy,0000065984-25-000012,2024,2025-02-18,1.0.3,0.3.0,3,0.00964630225080386,2,0.006430868167202572,2,0.006430868167202572,0,0.0,0,0.0,311,success,5,4,0.01607717041800643,0.012861736334405145,0.1111111111111111,0.028938906752411574,0.003215434083601286,14,success,success
S2024-168,0000033185,EFX,Equifax,0000033185-25-000025,2024,2025-02-20,1.0.3,0.3.0,17,0.025835866261398176,16,0.0243161094224924,13,0.019756838905775075,0,0.0,6,0.00911854103343465,658,success,8,17,0.0121580547112462,0.025835866261398176,-0.36,0.037993920972644375,-0.013677811550151976,62,success,success
S2024-169,0001101239,EQIX,Equinix,0001628280-25-005126,2024,2025-02-12,1.0.3,0.3.0,24,0.028537455410225922,3,0.0035671819262782403,13,0.015457788347205707,3,0.0035671819262782403,3,0.0035671819262782403,841,success,8,18,0.009512485136741973,0.02140309155766944,-0.38461538461538464,0.030915576694411414,-0.011890606420927468,58,success,success
S2024-170,0000906107,EQR,Equity Residential,0000950170-25-019894,2024,2025-02-13,1.0.3,0.3.0,9,0.061224489795918366,3,0.02040816326530612,8,0.05442176870748299,0,0.0,1,0.006802721088435374,147,success,2,8,0.013605442176870748,0.05442176870748299,-0.6,0.06802721088435375,-0.04081632653061224,21,success,success
S2024-171,0000922621,ERIE,Erie Indemnity,0000922621-25-000004,2024,2025-02-27,1.0.3,0.3.0,4,0.029411764705882353,4,0.029411764705882353,2,0.014705882352941176,0,0.0,0,0.0,136,success,3,3,0.022058823529411766,0.022058823529411766,0.0,0.04411764705882353,0.0,14,success,success
S2024-172,0000920522,ESS,Essex Property Trust,0000920522-25-000024,2024,2025-02-21,1.0.3,0.3.0,8,0.03524229074889868,0,0.0,5,0.022026431718061675,0,0.0,0,0.0,227,success,0,11,0.0,0.048458149779735685,-1.0,0.048458149779735685,-0.048458149779735685,19,success,success
S2024-173,0001001250,EL,Estée Lauder Companies (The),0001001250-24-000116,2024,2024-08-19,1.0.3,0.3.0,3,0.017341040462427744,2,0.011560693641618497,2,0.011560693641618497,0,0.0,0,0.0,173,success,5,3,0.028901734104046242,0.017341040462427744,0.25,0.046242774566473986,0.011560693641618497,13,success,success
S2024-174,0001095073,EG,Everest Group,0001095073-25-000015,2024,2025-02-27,1.0.3,0.3.0,1,0.014084507042253521,5,0.07042253521126761,1,0.014084507042253521,1,0.014084507042253521,1,0.014084507042253521,71,success,0,1,0.0,0.014084507042253521,-1.0,0.014084507042253521,-0.014084507042253521,9,success,success
S2024-175,0001711269,EVRG,Evergy,0001711269-25-000004,2024,2025-02-27,1.0.3,0.3.0,14,0.016091954022988506,20,0.022988505747126436,8,0.009195402298850575,1,0.0011494252873563218,5,0.005747126436781609,870,success,2,32,0.0022988505747126436,0.0367816091954023,-0.8823529411764706,0.03908045977011494,-0.034482758620689655,69,success,success
S2024-176,0000072741,ES,Eversource Energy,0000072741-25-000007,2024,2025-02-14,1.0.3,0.3.0,0,0.0,0,0.0,0,0.0,0,0.0,0,0.0,19,success,0,0,0.0,0.0,,0.0,0.0,0,success,success
S2024-177,0001109357,EXC,Exelon,0001109357-25-000043,2024,2025-02-12,1.0.3,0.3.0,2,0.05,0,0.0,1,0.025,0,0.0,0,0.0,40,success,0,0,0.0,0.0,,0.0,0.0,2,success,success
S2024-178,0001324424,EXPE,Expedia Group,0001324424-25-000008,2024,2025-02-07,1.0.3,0.3.0,11,0.03170028818443804,7,0.020172910662824207,8,0.023054755043227664,2,0.005763688760806916,2,0.005763688760806916,347,success,4,5,0.011527377521613832,0.01440922190201729,-0.1111111111111111,0.025936599423631124,-0.002881844380403458,31,success,success
S2024-179,0000746515,EXPD,Expeditors International,0000950170-25-024750,2024,2025-02-21,1.0.3,0.3.0,0,0.0,0,0.0,0,0.0,0,0.0,0,0.0,16,success,0,0,0.0,0.0,,0.0,0.0,0,success,success
S2024-180,0001289490,EXR,Extra Space Storage,0001628280-25-009060,2024,2025-02-28,1.0.3,0.3.0,,,,,,,,,,,0,warning_denominator_zero,,,,,,,,,warning_denominator_zero,warning_denominator_zero
S2024-181,0000034088,XOM,ExxonMobil,0000034088-25-000010,2024,2025-02-19,1.0.3,0.3.0,,,,,,,,,,,0,warning_denominator_zero,,,,,,,,,warning_denominator_zero,warning_denominator_zero
S2024-182,0001048695,FFIV,"F5, Inc.",0001048695-24-000185,2024,2024-11-18,1.0.3,0.3.0,11,0.01726844583987441,17,0.026687598116169546,9,0.0141287284144427,0,0.0,4,0.006279434850863423,637,success,9,21,0.0141287284144427,0.03296703296703297,-0.4,0.04709576138147567,-0.018838304552590265,62,success,success
S2024-183,0000037785,FMC,FMC Corporation,0000037785-25-000030,2024,2025-02-28,1.0.3,0.3.0,,,,,,,,,,,0,warning_denominator_zero,,,,,,,,,warning_denominator_zero,warning_denominator_zero
S2024-184,0001013237,FDS,FactSet,0001013237-24-000141,2024,2024-10-29,1.0.3,0.3.0,30,0.039473684210526314,13,0.017105263157894738,18,0.02368421052631579,5,0.006578947368421052,4,0.005263157894736842,760,success,9,23,0.011842105263157895,0.030263157894736843,-0.4375,0.042105263157894736,-0.018421052631578946,81,success,success
S2024-185,0000814547,FICO,Fair Isaac,0001628280-24-045719,2024,2024-11-06,1.0.3,0.3.0,5,0.00819672131147541,12,0.019672131147540985,0,0.0,2,0.003278688524590164,4,0.006557377049180328,610,success,4,8,0.006557377049180328,0.013114754098360656,-0.3333333333333333,0.019672131147540985,-0.006557377049180328,34,success,success
S2024-186,0000815556,FAST,Fastenal,0000815556-25-000065,2024,2025-02-06,1.0.3,0.3.0,2,0.034482758620689655,0,0.0,1,0.017241379310344827,0,0.0,0,0.0,58,success,0,6,0.0,0.10344827586206896,-1.0,0.10344827586206896,-0.10344827586206896,8,success,success
S2024-187,0001048911,FDX,FedEx,0000950170-24-083577,2024,2024-07-15,1.0.3,0.3.0,17,0.018847006651884702,17,0.018847006651884702,10,0.011086474501108648,0,0.0,7,0.007760532150776054,902,success,10,27,0.011086474501108648,0.02993348115299335,-0.4594594594594595,0.041019955654102,-0.018847006651884702,71,success,success
S2024-188,0000034903,FRT,Federal Realty Investment Trust,0000034903-25-000016,2024,2025-02-13,1.0.3,0.3.0,,,,,,,,,,,0,warning_denominator_zero,,,,,,,,,warning_denominator_zero,warning_denominator_zero
S2024-189,0001136893,FIS,Fidelity National Information Services,0001136893-25-000014,2024,2025-02-13,1.0.3,0.3.0,31,0.03239289446185998,45,0.047021943573667714,18,0.018808777429467086,2,0.0020898641588296763,21,0.0219435736677116,957,success,11,41,0.011494252873563218,0.042842215256008356,-0.5769230769230769,0.054336468129571575,-0.03134796238244514,146,success,success
S2024-190,0000035527,FITB,Fifth Third Bancorp,0000035527-25-000079,2024,2025-02-24,1.0.3,0.3.0,12,0.02058319039451115,9,0.015437392795883362,4,0.00686106346483705,0,0.0,5,0.008576329331046312,583,success,1,38,0.0017152658662092624,0.06518010291595197,-0.9487179487179487,0.06689536878216124,-0.0634648370497427,62,success,success
S2024-191,0001274494,FSLR,First Solar,0001274494-25-000010,2024,2025-02-25,1.0.3,0.3.0,18,0.03592814371257485,6,0.011976047904191617,14,0.027944111776447105,0,0.0,7,0.013972055888223553,501,success,1,20,0.001996007984031936,0.03992015968063872,-0.9047619047619048,0.041916167664670656,-0.03792415169660679,51,success,success
S2024-192,0001031296,FE,FirstEnergy,0001031296-25-000006,2024,2025-02-27,1.0.3,0.3.0,1,0.03225806451612903,0,0.0,0,0.0,0,0.0,0,0.0,31,success,0,2,0.0,0.06451612903225806,-1.0,0.06451612903225806,-0.06451612903225806,3,success,success
S2024-193,0000798354,FI,Fiserv,0000798354-25-000047,2024,2025-02-20,1.0.3,0.3.0,14,0.03431372549019608,9,0.022058823529411766,11,0.02696078431372549,1,0.0024509803921568627,7,0.01715686274509804,408,success,8,15,0.0196078431372549,0.03676470588235294,-0.30434782608695654,0.056372549019607844,-0.01715686274509804,51,success,success
S2024-194,0000037996,F,Ford Motor Company,0000037996-25-000013,2024,2025-02-06,1.0.3,0.3.0,9,0.01910828025477707,15,0.03184713375796178,5,0.010615711252653927,0,0.0,9,0.01910828025477707,471,success,1,13,0.0021231422505307855,0.027600849256900213,-0.8571428571428571,0.029723991507430998,-0.025477707006369428,45,success,success
S2024-195,0001262039,FTNT,Fortinet,0001262039-25-000011,2024,2025-02-21,1.0.3,0.3.0,35,0.0258493353028065,11,0.00812407680945347,19,0.014032496307237814,1,0.0007385524372230429,4,0.0029542097488921715,1354,success,16,63,0.011816838995568686,0.0465288035450517,-0.5949367088607594,0.058345642540620385,-0.03471196454948301,124,success,success
S2024-196,0001659166,FTV,Fortive,0001659166-25-000024,2024,2025-02-25,1.0.3,0.3.0,14,0.041176470588235294,7,0.020588235294117647,11,0.03235294117647059,3,0.008823529411764706,2,0.0058823529411764705,340,success,4,17,0.011764705882352941,0.05,-0.6190476190476191,0.061764705882352944,-0.03823529411764706,46,success,success
S2024-197,0001754301,FOXA|FOX,Fox Corporation (Class A)|Fox Corporation (Class B),0001628280-24-036123,2024,2024-08-08,1.0.3,0.3.0,20,0.04073319755600815,9,0.018329938900203666,12,0.024439918533604887,1,0.002036659877800407,2,0.004073319755600814,491,success,9,25,0.018329938900203666,0.05091649694501019,-0.47058823529411764,0.06924643584521385,-0.032586558044806514,64,success,success
S2024-198,0000038777,BEN,Franklin Resources,0000038777-24-000206,2024,2024-11-12,1.0.3,0.3.0,3,0.06976744186046512,0,0.0,1,0.023255813953488372,0,0.0,0,0.0,43,success,1,1,0.023255813953488372,0.023255813953488372,0.0,0.046511627906976744,0.0,5,success,success
S2024-199,0000831259,FCX,Freeport-McMoRan,0000831259-25-000006,2024,2025-02-14,1.0.3,0.3.0,13,0.036619718309859155,1,0.0028169014084507044,6,0.016901408450704224,0,0.0,0,0.0,355,success,6,12,0.016901408450704224,0.03380281690140845,-0.3333333333333333,0.05070422535211268,-0.016901408450704224,31,success,success
S2024-200,0000040545,GE,GE Aerospace,0000040545-25-000015,2024,2025-02-03,1.0.3,0.3.0,6,0.02666666666666667,8,0.035555555555555556,3,0.013333333333333334,1,0.0044444444444444444,3,0.013333333333333334,225,success,1,8,0.0044444444444444444,0.035555555555555556,-0.7777777777777778,0.04,-0.03111111111111111,26,success,success
S2024-201,0001932393,GEHC,GE HealthCare,0001932393-25-000005,2024,2025-02-13,1.0.3,0.3.0,23,0.014781491002570694,23,0.014781491002570694,10,0.006426735218508998,1,0.0006426735218508997,11,0.007069408740359897,1556,success,27,43,0.017352185089974295,0.027634961439588688,-0.22857142857142856,0.04498714652956298,-0.010282776349614395,122,success,success
S2024-202,0001996810,GEV,GE Vernova,0001996810-25-000011,2024,2025-02-06,1.0.3,0.3.0,2,0.03773584905660377,1,0.018867924528301886,2,0.03773584905660377,0,0.0,0,0.0,53,success,2,0,0.03773584905660377,0.0,1.0,0.03773584905660377,0.03773584905660377,5,success,success
S2024-203,0001121788,GRMN,Garmin,0000950170-25-022760,2024,2025-02-19,1.0.3,0.3.0,,,,,,,,,,,0,warning_denominator_zero,,,,,,,,,warning_denominator_zero,warning_denominator_zero
S2024-204,0000749251,IT,Gartner,0000749251-25-000008,2024,2025-02-13,1.0.3,0.3.0,40,0.04073319755600815,18,0.018329938900203666,24,0.024439918533604887,2,0.002036659877800407,13,0.013238289205702648,982,success,8,29,0.008146639511201629,0.029531568228105907,-0.5675675675675675,0.03767820773930754,-0.021384928716904276,105,success,success
S2024-205,0000849399,GEN,Gen Digital,0000849399-24-000036,2024,2024-05-16,1.0.3,0.3.0,27,0.03873744619799139,18,0.02582496413199426,17,0.024390243902439025,0,0.0,6,0.00860832137733142,697,success,2,20,0.0028694404591104736,0.028694404591104734,-0.8181818181818182,0.03156384505021521,-0.02582496413199426,71,success,success
S2024-206,0001474735,GNRC,Generac,0001437749-25-004353,2024,2025-02-19,1.0.3,0.3.0,6,0.022222222222222223,2,0.007407407407407408,3,0.011111111111111112,2,0.007407407407407408,4,0.014814814814814815,270,success,3,9,0.011111111111111112,0.03333333333333333,-0.5,0.044444444444444446,-0.022222222222222223,24,success,success
S2024-207,0000040533,GD,General Dynamics,0000040533-25-000008,2024,2025-02-07,1.0.3,0.3.0,1,0.009009009009009009,0,0.0,0,0.0,1,0.009009009009009009,0,0.0,111,success,3,3,0.02702702702702703,0.02702702702702703,0.0,0.05405405405405406,0.0,7,success,success
S2024-208,0000040704,GIS,General Mills,0001193125-24-168943,2024,2024-06-26,1.0.3,0.3.0,,,,,,,,,,,0,warning_denominator_zero,,,,,,,,,warning_denominator_zero,warning_denominator_zero
S2024-209,0001467858,GM,General Motors,0001467858-25-000032,2024,2025-01-28,1.0.3,0.3.0,2,0.010752688172043012,0,0.0,1,0.005376344086021506,2,0.010752688172043012,1,0.005376344086021506,186,success,1,3,0.005376344086021506,0.016129032258064516,-0.5,0.021505376344086023,-0.010752688172043012,9,success,success
S2024-210,0000040987,GPC,Genuine Parts Company,0000040987-25-000026,2024,2025-02-21,1.0.3,0.3.0,2,0.009900990099009901,8,0.039603960396039604,2,0.009900990099009901,0,0.0,3,0.01485148514851485,202,success,2,4,0.009900990099009901,0.019801980198019802,-0.3333333333333333,0.0297029702970297,-0.009900990099009901,18,success,success
S2024-211,0000882095,GILD,Gilead Sciences,0000882095-25-000006,2024,2025-02-28,1.0.3,0.3.0,1,0.013333333333333334,1,0.013333333333333334,0,0.0,0,0.0,0,0.0,75,success,0,5,0.0,0.06666666666666667,-1.0,0.06666666666666667,-0.06666666666666667,6,success,success
S2024-212,0001123360,GPN,Global Payments,0001123360-25-000011,2024,2025-02-14,1.0.3,0.3.0,23,0.040998217468805706,27,0.0481283422459893,11,0.0196078431372549,0,0.0,7,0.012477718360071301,561,success,4,21,0.0071301247771836,0.0374331550802139,-0.68,0.044563279857397504,-0.030303030303030304,78,success,success
S2024-213,0000320335,GL,Globe Life,0000320335-25-000013,2024,2025-02-26,1.0.3,0.3.0,0,0.0,0,0.0,0,0.0,0,0.0,0,0.0,14,success,0,0,0.0,0.0,,0.0,0.0,0,success,success
S2024-214,0001609711,GDDY,GoDaddy,0001609711-25-000023,2024,2025-02-20,1.0.3,0.3.0,45,0.023784355179704016,55,0.029069767441860465,29,0.0153276955602537,3,0.0015856236786469344,13,0.006871035940803382,1892,success,28,42,0.014799154334038054,0.022198731501057084,-0.2,0.03699788583509514,-0.007399577167019027,180,success,success
S2024-215,0000886982,GS,Goldman Sachs,0000886982-25-000005,2024,2025-02-27,1.0.3,0.3.0,45,0.026346604215456676,22,0.01288056206088993,18,0.01053864168618267,0,0.0,8,0.00468384074941452,1708,success,21,43,0.012295081967213115,0.025175644028103045,-0.34375,0.03747072599531616,-0.01288056206088993,135,success,success
S2024-216,0000860730,HCA,HCA Healthcare,0000950170-25-020134,2024,2025-02-14,1.0.3,0.3.0,42,0.024489795918367346,34,0.019825072886297375,28,0.0163265306122449,2,0.0011661807580174927,22,0.01282798833819242,1715,success,14,68,0.00816326530612245,0.03965014577259475,-0.6585365853658537,0.0478134110787172,-0.0314868804664723,176,success,success
S2024-217,0000047217,HPQ,HP Inc.,0000047217-24-000080,2024,2024-12-13,1.0.3,0.3.0,32,0.02794759825327511,15,0.013100436681222707,21,0.01834061135371179,4,0.0034934497816593887,12,0.010480349344978166,1145,success,19,30,0.016593886462882096,0.026200873362445413,-0.22448979591836735,0.04279475982532751,-0.00960698689956332,108,success,success
S2024-218,0000045012,HAL,Halliburton,0000045012-25-000010,2024,2025-02-12,1.0.3,0.3.0,2,0.014705882352941176,0,0.0,2,0.014705882352941176,0,0.0,1,0.007352941176470588,136,success,1,2,0.007352941176470588,0.014705882352941176,-0.3333333333333333,0.022058823529411766,-0.007352941176470588,6,success,success
S2024-219,0000874766,HIG,Hartford (The),0000874766-25-000023,2024,2025-02-21,1.0.3,0.3.0,7,0.021406727828746176,2,0.0061162079510703364,3,0.009174311926605505,0,0.0,0,0.0,327,success,9,5,0.027522935779816515,0.01529051987767584,0.2857142857142857,0.04281345565749235,0.012232415902140673,23,success,success
S2024-220,0000046080,HAS,Hasbro,0000046080-25-000027,2024,2025-02-27,1.0.3,0.3.0,6,0.012658227848101266,4,0.008438818565400843,4,0.008438818565400843,2,0.004219409282700422,0,0.0,474,success,5,4,0.010548523206751054,0.008438818565400843,0.1111111111111111,0.0189873417721519,0.002109704641350211,21,success,success
S2024-221,0000765880,DOC,Healthpeak Properties,0001628280-25-003748,2024,2025-02-04,1.0.3,0.3.0,28,0.052336448598130844,5,0.009345794392523364,20,0.037383177570093455,0,0.0,3,0.005607476635514018,535,success,5,27,0.009345794392523364,0.05046728971962617,-0.6875,0.059813084112149535,-0.041121495327102804,67,success,success
S2024-222,0001000228,HSIC,Henry Schein,0001000228-25-000014,2024,2025-02-25,1.0.3,0.3.0,0,0.0,0,0.0,0,0.0,0,0.0,0,0.0,19,success,1,0,0.05263157894736842,0.0,1.0,0.05263157894736842,0.05263157894736842,1,success,success
S2024-223,0000047111,HSY,Hershey Company (The),0000047111-25-000014,2024,2025-02-18,1.0.3,0.3.0,1,0.038461538461538464,0,0.0,0,0.0,0,0.0,0,0.0,26,success,0,0,0.0,0.0,,0.0,0.0,1,success,success
S2024-224,0001645590,HPE,Hewlett Packard Enterprise,0001645590-24-000139,2024,2024-12-19,1.0.3,0.3.0,70,0.015891032917139614,50,0.011350737797956867,32,0.007264472190692395,10,0.0022701475595913734,21,0.004767309875141884,4405,success,50,78,0.011350737797956867,0.017707150964812714,-0.21875,0.02905788876276958,-0.006356413166855846,264,success,success
S2024-225,0001585689,HLT,Hilton Worldwide,0001585689-25-000008,2024,2025-02-06,1.0.3,0.3.0,11,0.052132701421800945,3,0.014218009478672985,8,0.037914691943127965,0,0.0,0,0.0,211,success,2,19,0.009478672985781991,0.09004739336492891,-0.8095238095238095,0.0995260663507109,-0.08056872037914692,33,success,success
S2024-226,0000354950,HD,Home Depot (The),0000354950-24-000062,2024,2024-03-13,1.0.3,0.3.0,1,0.005681818181818182,2,0.011363636363636364,1,0.005681818181818182,0,0.0,0,0.0,176,success,4,5,0.022727272727272728,0.028409090909090908,-0.1111111111111111,0.05113636363636364,-0.005681818181818182,12,success,success
S2024-227,0000773840,HON,Honeywell Technologies,0000773840-25-000010,2024,2025-02-14,1.0.3,0.3.0,13,0.023465703971119134,8,0.01444043321299639,10,0.018050541516245487,0,0.0,3,0.005415162454873646,554,success,7,29,0.01263537906137184,0.052346570397111915,-0.6111111111111112,0.06498194945848375,-0.039711191335740074,56,success,success
S2024-228,0000048465,HRL,Hormel Foods,0000048465-24-000051,2024,2024-12-05,1.0.3,0.3.0,,,,,,,,,,,0,warning_denominator_zero,,,,,,,,,warning_denominator_zero,warning_denominator_zero
S2024-229,0001070750,HST,Host Hotels & Resorts,0001070750-25-000071,2024,2025-02-26,1.0.3,0.3.0,10,0.038910505836575876,4,0.01556420233463035,7,0.027237354085603113,0,0.0,0,0.0,257,success,2,24,0.007782101167315175,0.0933852140077821,-0.8461538461538461,0.10116731517509728,-0.08560311284046693,38,success,success
S2024-230,0000004281,HWM,Howmet Aerospace,0000004281-25-000011,2024,2025-02-14,1.0.3,0.3.0,3,0.05454545454545454,2,0.03636363636363636,1,0.01818181818181818,0,0.0,0,0.0,55,success,0,5,0.0,0.09090909090909091,-1.0,0.09090909090909091,-0.09090909090909091,10,success,success
S2024-231,0000048898,HUBB,Hubbell Incorporated,0001628280-25-005311,2024,2025-02-13,1.0.3,0.3.0,1,0.047619047619047616,0,0.0,1,0.047619047619047616,0,0.0,0,0.0,21,success,0,0,0.0,0.0,,0.0,0.0,1,success,success
S2024-232,0000049071,HUM,Humana,0000049071-25-000007,2024,2025-02-20,1.0.3,0.3.0,4,0.013651877133105802,3,0.010238907849829351,3,0.010238907849829351,1,0.0034129692832764505,3,0.010238907849829351,293,success,5,26,0.017064846416382253,0.08873720136518772,-0.6774193548387096,0.10580204778156997,-0.07167235494880546,41,success,success
S2024-233,0000049196,HBAN,Huntington Bancshares,0000049196-25-000020,2024,2025-02-14,1.0.3,0.3.0,19,0.03374777975133215,23,0.04085257548845471,13,0.023090586145648313,1,0.0017761989342806395,1,0.0017761989342806395,563,success,7,31,0.012433392539964476,0.055062166962699825,-0.631578947368421,0.0674955595026643,-0.04262877442273535,80,success,success
S2024-234,0001501585,HII,Huntington Ingalls Industries,0001501585-25-000006,2024,2025-02-06,1.0.3,0.3.0,9,0.01282051282051282,17,0.024216524216524215,5,0.007122507122507123,1,0.0014245014245014246,0,0.0,702,success,11,17,0.01566951566951567,0.024216524216524215,-0.21428571428571427,0.039886039886039885,-0.008547008547008548,55,success,success
S2024-235,0000051143,IBM,IBM,0000051143-25-000015,2024,2025-02-25,1.0.3,0.3.0,26,0.022452504317789293,20,0.017271157167530225,15,0.012953367875647668,2,0.0017271157167530224,7,0.006044905008635579,1158,success,17,48,0.01468048359240069,0.04145077720207254,-0.47692307692307695,0.05613126079447323,-0.02677029360967185,117,success,success
S2024-236,0000832101,IEX,IDEX Corporation,0000832101-25-000010,2024,2025-02-20,1.0.3,0.3.0,15,0.05976095617529881,5,0.0199203187250996,12,0.04780876494023904,0,0.0,2,0.00796812749003984,251,success,3,13,0.01195219123505976,0.05179282868525897,-0.625,0.06374501992031872,-0.0398406374501992,38,success,success
S2024-237,0001478242,IQV,IQVIA,0001478242-25-000045,2024,2025-02-13,1.0.3,0.3.0,8,0.009248554913294798,12,0.013872832369942197,6,0.006936416184971098,1,0.0011560693641618498,10,0.011560693641618497,865,success,12,3,0.013872832369942197,0.003468208092485549,0.6,0.017341040462427744,0.010404624277456647,45,success,success
S2024-238,0000874716,IDXX,Idexx Laboratories,0000874716-25-000037,2024,2025-02-21,1.0.3,0.3.0,17,0.01454234388366125,21,0.017964071856287425,14,0.011976047904191617,6,0.0051325919589392645,5,0.00427715996578272,1169,success,20,22,0.01710863986313088,0.018819503849443968,-0.047619047619047616,0.03592814371257485,-0.001710863986313088,86,success,success
S2024-239,0000049826,ITW,Illinois Tool Works,0000049826-25-000007,2024,2025-02-14,1.0.3,0.3.0,4,0.02564102564102564,4,0.02564102564102564,3,0.019230769230769232,0,0.0,0,0.0,156,success,0,11,0.0,0.07051282051282051,-1.0,0.07051282051282051,-0.07051282051282051,19,success,success
S2024-240,0000879169,INCY,Incyte,0001628280-25-004633,2024,2025-02-10,1.0.3,0.3.0,7,0.04242424242424243,3,0.01818181818181818,6,0.03636363636363636,0,0.0,0,0.0,165,success,0,11,0.0,0.06666666666666667,-1.0,0.06666666666666667,-0.06666666666666667,19,success,success
S2024-241,0001699150,IR,Ingersoll Rand,0001628280-25-006391,2024,2025-02-19,1.0.3,0.3.0,13,0.042071197411003236,4,0.012944983818770227,11,0.03559870550161812,1,0.003236245954692557,4,0.012944983818770227,309,success,4,17,0.012944983818770227,0.05501618122977346,-0.6190476190476191,0.06796116504854369,-0.042071197411003236,43,success,success
S2024-242,0001145197,PODD,Insulet Corporation,0001145197-25-000007,2024,2025-02-21,1.0.3,0.3.0,4,0.01652892561983471,5,0.02066115702479339,1,0.004132231404958678,2,0.008264462809917356,3,0.012396694214876033,242,success,5,3,0.02066115702479339,0.012396694214876033,0.25,0.03305785123966942,0.008264462809917356,22,success,success
S2024-243,0000050863,INTC,Intel,0000050863-25-000009,2024,2025-01-31,1.0.3,0.3.0,29,0.012934879571810883,7,0.0031222123104371097,15,0.006690454950936664,8,0.003568242640499554,6,0.0026761819803746653,2242,success,39,26,0.017395182872435324,0.01159678858162355,0.2,0.028991971454058876,0.005798394290811775,115,success,success
S2024-244,0001571949,ICE,Intercontinental Exchange,0001571949-25-000003,2024,2025-02-06,1.0.3,0.3.0,26,0.05058365758754864,9,0.017509727626459144,18,0.03501945525291829,1,0.0019455252918287938,5,0.009727626459143969,514,success,5,18,0.009727626459143969,0.03501945525291829,-0.5652173913043478,0.04474708171206226,-0.02529182879377432,64,success,success
S2024-245,0000051253,IFF,International Flavors & Fragrances,0000051253-25-000013,2024,2025-02-28,1.0.3,0.3.0,31,0.040103492884864166,9,0.01164294954721863,21,0.027166882276843468,0,0.0,0,0.0,773,success,8,40,0.01034928848641656,0.0517464424320828,-0.6666666666666666,0.062095730918499355,-0.04139715394566624,84,success,success
S2024-246,0000051434,IP,International Paper,0000051434-25-000013,2024,2025-02-21,1.0.3,0.3.0,18,0.04295942720763723,9,0.021479713603818614,13,0.031026252983293555,0,0.0,10,0.02386634844868735,419,success,6,15,0.014319809069212411,0.03579952267303103,-0.42857142857142855,0.050119331742243436,-0.021479713603818614,58,success,success
S2024-247,0000896878,INTU,Intuit,0000896878-24-000039,2024,2024-09-04,1.0.3,0.3.0,35,0.022321428571428572,22,0.01403061224489796,27,0.01721938775510204,6,0.003826530612244898,8,0.00510204081632653,1568,success,25,34,0.01594387755102041,0.021683673469387755,-0.15254237288135594,0.03762755102040816,-0.005739795918367347,127,success,success
S2024-248,0001035267,ISRG,Intuitive Surgical,0001035267-25-000017,2024,2025-01-31,1.0.3,0.3.0,32,0.02618657937806874,35,0.028641571194762683,22,0.01800327332242226,7,0.0057283142389525366,14,0.011456628477905073,1222,success,8,24,0.006546644844517185,0.019639934533551555,-0.5,0.02618657937806874,-0.01309328968903437,115,success,success
S2024-249,0000914208,IVZ,Invesco,0000914208-25-000114,2024,2025-02-25,1.0.3,0.3.0,16,0.03755868544600939,8,0.018779342723004695,10,0.023474178403755867,0,0.0,4,0.009389671361502348,426,success,5,27,0.011737089201877934,0.06338028169014084,-0.6875,0.07511737089201878,-0.051643192488262914,58,success,success
S2024-250,0001687229,INVH,Invitation Homes,0001687229-25-000008,2024,2025-02-27,1.0.3,0.3.0,22,0.06285714285714286,2,0.005714285714285714,8,0.022857142857142857,0,0.0,4,0.011428571428571429,350,success,2,14,0.005714285714285714,0.04,-0.75,0.045714285714285714,-0.03428571428571429,41,success,success
S2024-251,0001020569,IRM,Iron Mountain,0001020569-25-000040,2024,2025-02-14,1.0.3,0.3.0,2,0.008771929824561403,1,0.0043859649122807015,1,0.0043859649122807015,0,0.0,1,0.0043859649122807015,228,success,6,1,0.02631578947368421,0.0043859649122807015,0.7142857142857143,0.03070175438596491,0.021929824561403508,11,success,success
S2024-252,0000728535,JBHT,J.B. Hunt,0001437749-25-004736,2024,2025-02-21,1.0.3,0.3.0,,,,,,,,,,,0,warning_denominator_zero,,,,,,,,,warning_denominator_zero,warning_denominator_zero
S2024-253,0000091419,SJM,J.M. Smucker Company (The),0000091419-24-000054,2024,2024-06-18,1.0.3,0.3.0,4,0.05555555555555555,0,0.0,3,0.041666666666666664,0,0.0,0,0.0,72,success,3,2,0.041666666666666664,0.027777777777777776,0.2,0.06944444444444445,0.013888888888888888,9,success,success
S2024-254,0000019617,JPM,JPMorgan Chase,0000019617-25-000270,2024,2025-02-14,1.0.3,0.3.0,5,0.01773049645390071,5,0.01773049645390071,3,0.010638297872340425,0,0.0,1,0.0035460992907801418,282,success,4,17,0.014184397163120567,0.06028368794326241,-0.6190476190476191,0.07446808510638298,-0.04609929078014184,31,success,success
S2024-255,0000898293,JBL,Jabil,0001628280-24-043960,2024,2024-10-28,1.0.3,0.3.0,0,0.0,4,0.017316017316017316,0,0.0,1,0.004329004329004329,1,0.004329004329004329,231,success,0,2,0.0,0.008658008658008658,-1.0,0.008658008658008658,-0.008658008658008658,8,success,success
S2024-256,0000779152,JKHY,Jack Henry & Associates,0000779152-24-000079,2024,2024-08-26,1.0.3,0.3.0,4,0.019704433497536946,1,0.0049261083743842365,2,0.009852216748768473,0,0.0,0,0.0,203,success,4,5,0.019704433497536946,0.024630541871921183,-0.1111111111111111,0.04433497536945813,-0.0049261083743842365,13,success,success
S2024-257,0000052988,J,Jacobs Solutions,0000052988-24-000065,2024,2024-11-25,1.0.3,0.3.0,18,0.03015075376884422,5,0.008375209380234505,14,0.023450586264656615,1,0.0016750418760469012,5,0.008375209380234505,597,success,12,18,0.020100502512562814,0.03015075376884422,-0.2,0.05025125628140704,-0.010050251256281407,57,success,success
S2024-258,0000200406,JNJ,Johnson & Johnson,0000200406-25-000038,2024,2025-02-13,1.0.3,0.3.0,8,0.04060913705583756,5,0.025380710659898477,4,0.02030456852791878,1,0.005076142131979695,5,0.025380710659898477,197,success,2,2,0.01015228426395939,0.01015228426395939,0.0,0.02030456852791878,0.0,23,success,success
S2024-259,0000833444,JCI,Johnson Controls,0000833444-24-000064,2024,2024-11-19,1.0.3,0.3.0,35,0.040183696900114814,12,0.013777267508610792,10,0.011481056257175661,2,0.002296211251435132,3,0.003444316877152698,871,success,15,52,0.01722158438576349,0.05970149253731343,-0.5522388059701493,0.07692307692307693,-0.04247990815154994,113,success,success
S2024-260,0001404912,KKR,KKR & Co.,0001404912-25-000015,2024,2025-02-28,1.0.3,0.3.0,39,0.036211699164345405,32,0.029712163416898793,24,0.022284122562674095,1,0.0009285051067780873,9,0.008356545961002786,1077,success,7,39,0.0064995357474466105,0.036211699164345405,-0.6956521739130435,0.04271123491179202,-0.029712163416898793,123,success,success
S2024-261,0000319201,KLAC,KLA Corporation,0000319201-24-000021,2024,2024-08-05,1.0.3,0.3.0,17,0.02866779089376054,7,0.011804384485666104,12,0.02023608768971332,1,0.0016863406408094434,4,0.006745362563237774,593,success,12,23,0.02023608768971332,0.0387858347386172,-0.3142857142857143,0.05902192242833052,-0.01854974704890388,61,success,success
S2024-262,0001944048,KVUE,Kenvue,0001944048-25-000033,2024,2025-02-24,1.0.3,0.3.0,22,0.041353383458646614,8,0.015037593984962405,14,0.02631578947368421,1,0.0018796992481203006,7,0.013157894736842105,532,success,2,19,0.0037593984962406013,0.03571428571428571,-0.8095238095238095,0.039473684210526314,-0.03195488721804511,59,success,success
S2024-263,0001418135,KDP,Keurig Dr Pepper,0001418135-25-000013,2024,2025-02-25,1.0.3,0.3.0,0,0.0,0,0.0,0,0.0,0,0.0,0,0.0,32,success,0,0,0.0,0.0,,0.0,0.0,0,success,success
S2024-264,0000091576,KEY,KeyCorp,0000091576-25-000038,2024,2025-02-21,1.0.3,0.3.0,4,0.02247191011235955,2,0.011235955056179775,2,0.011235955056179775,0,0.0,0,0.0,178,success,0,7,0.0,0.03932584269662921,-1.0,0.03932584269662921,-0.03932584269662921,13,success,success
S2024-265,0001601046,KEYS,Keysight Technologies,0001601046-24-000159,2024,2024-12-17,1.0.3,0.3.0,0,0.0,0,0.0,0,0.0,0,0.0,0,0.0,214,success,1,3,0.004672897196261682,0.014018691588785047,-0.5,0.018691588785046728,-0.009345794392523364,4,success,success
S2024-266,0000055785,KMB,Kimberly-Clark,0000055785-25-000013,2024,2025-02-13,1.0.3,0.3.0,6,0.05555555555555555,0,0.0,4,0.037037037037037035,0,0.0,0,0.0,108,success,5,2,0.046296296296296294,0.018518518518518517,0.42857142857142855,0.06481481481481481,0.027777777777777776,13,success,success
S2024-267,0000879101,KIM,Kimco Realty,0000950170-25-024723,2024,2025-02-21,1.0.3,0.3.0,34,0.038202247191011236,18,0.020224719101123594,16,0.017977528089887642,0,0.0,10,0.011235955056179775,890,success,6,46,0.006741573033707865,0.051685393258426963,-0.7692307692307693,0.058426966292134834,-0.0449438202247191,109,success,success
S2024-268,0001506307,KMI,Kinder Morgan,0001506307-25-000008,2024,2025-02-13,1.0.3,0.3.0,8,0.06451612903225806,2,0.016129032258064516,4,0.03225806451612903,0,0.0,1,0.008064516129032258,124,success,0,7,0.0,0.056451612903225805,-1.0,0.056451612903225805,-0.056451612903225805,17,success,success
S2024-269,0001637459,KHC,Kraft Heinz,0001637459-25-000011,2024,2025-02-13,1.0.3,0.3.0,4,0.05263157894736842,0,0.0,3,0.039473684210526314,1,0.013157894736842105,0,0.0,76,success,3,2,0.039473684210526314,0.02631578947368421,0.2,0.06578947368421052,0.013157894736842105,10,success,success
S2024-270,0000056873,KR,Kroger,0001558370-24-004603,2024,2024-04-02,1.0.3,0.3.0,1,0.03571428571428571,0,0.0,1,0.03571428571428571,0,0.0,0,0.0,28,success,0,1,0.0,0.03571428571428571,-1.0,0.03571428571428571,-0.03571428571428571,2,success,success
S2024-271,0001065696,LKQ,LKQ Corporation,0001065696-25-000015,2024,2025-02-20,1.0.3,0.3.0,,,,,,,,,,,0,warning_denominator_zero,,,,,,,,,warning_denominator_zero,warning_denominator_zero
S2024-272,0000920148,LH,Labcorp,0000920148-25-000032,2024,2025-02-25,1.0.3,0.3.0,23,0.03392330383480826,11,0.016224188790560472,17,0.025073746312684365,1,0.0014749262536873156,8,0.011799410029498525,678,success,4,36,0.0058997050147492625,0.05309734513274336,-0.8,0.058997050147492625,-0.0471976401179941,82,success,success
S2024-273,0000707549,LRCX,Lam Research,0000707549-24-000106,2024,2024-08-29,1.0.3,0.3.0,5,0.022935779816513763,0,0.0,4,0.01834862385321101,0,0.0,0,0.0,218,success,5,5,0.022935779816513763,0.022935779816513763,0.0,0.045871559633027525,0.0,15,success,success
S2024-274,0001679273,LW,Lamb Weston,0001679273-24-000036,2024,2024-07-24,1.0.3,0.3.0,5,0.02857142857142857,1,0.005714285714285714,3,0.017142857142857144,0,0.0,1,0.005714285714285714,175,success,3,16,0.017142857142857144,0.09142857142857143,-0.6842105263157895,0.10857142857142857,-0.07428571428571429,24,success,success
S2024-275,0001300514,LVS,Las Vegas Sands,0001300514-25-000040,2024,2025-02-07,1.0.3,0.3.0,1,0.023255813953488372,1,0.023255813953488372,0,0.0,0,0.0,0,0.0,43,success,0,2,0.0,0.046511627906976744,-1.0,0.046511627906976744,-0.046511627906976744,3,success,success
S2024-276,0000920760,LEN,Lennar,0001628280-25-002404,2024,2025-01-23,1.0.3,0.3.0,2,0.047619047619047616,1,0.023809523809523808,2,0.047619047619047616,0,0.0,0,0.0,42,success,0,2,0.0,0.047619047619047616,-1.0,0.047619047619047616,-0.047619047619047616,4,success,success
S2024-277,0001069202,LII,Lennox International,0001628280-25-004859,2024,2025-02-11,1.0.3,0.3.0,15,0.05952380952380952,2,0.007936507936507936,8,0.031746031746031744,0,0.0,0,0.0,252,success,6,20,0.023809523809523808,0.07936507936507936,-0.5384615384615384,0.10317460317460317,-0.05555555555555555,42,success,success
S2024-278,0000059478,LLY,Lilly (Eli),0000059478-25-000067,2024,2025-02-19,1.0.3,0.3.0,32,0.06177606177606178,12,0.023166023166023165,16,0.03088803088803089,0,0.0,5,0.009652509652509652,518,success,6,37,0.011583011583011582,0.07142857142857142,-0.7209302325581395,0.08301158301158301,-0.059845559845559844,89,success,success
S2024-279,0001707925,LIN,Linde plc,0001628280-25-007990,2024,2025-02-26,1.0.3,0.3.0,,,,,,,,,,,0,warning_denominator_zero,,,,,,,,,warning_denominator_zero,warning_denominator_zero
S2024-280,0001335258,LYV,Live Nation Entertainment,0001335258-25-000028,2024,2025-02-21,1.0.3,0.3.0,,,,,,,,,,,0,warning_denominator_zero,,,,,,,,,warning_denominator_zero,warning_denominator_zero
S2024-281,0000936468,LMT,Lockheed Martin,0000936468-25-000009,2024,2025-01-28,1.0.3,0.3.0,2,0.010050251256281407,0,0.0,1,0.005025125628140704,0,0.0,0,0.0,199,success,7,2,0.035175879396984924,0.010050251256281407,0.5555555555555556,0.04522613065326633,0.02512562814070352,11,success,success
S2024-282,0000060086,L,Loews Corporation,0000060086-25-000036,2024,2025-02-11,1.0.3,0.3.0,6,0.03125,3,0.015625,4,0.020833333333333332,0,0.0,0,0.0,192,success,3,4,0.015625,0.020833333333333332,-0.14285714285714285,0.036458333333333336,-0.005208333333333333,16,success,success
S2024-283,0000060667,LOW,Lowe's,0000060667-24-000033,2024,2024-03-25,1.0.3,0.3.0,3,0.024193548387096774,0,0.0,1,0.008064516129032258,1,0.008064516129032258,0,0.0,124,success,0,1,0.0,0.008064516129032258,-1.0,0.008064516129032258,-0.008064516129032258,5,success,success
S2024-284,0001397187,LULU,Lululemon Athletica,0001397187-24-000010,2024,2024-03-21,1.0.3,0.3.0,,,,,,,,,,,0,warning_denominator_zero,,,,,,,,,warning_denominator_zero,warning_denominator_zero
S2024-285,0001489393,LYB,LyondellBasell,0001489393-25-000008,2024,2025-02-27,1.0.3,0.3.0,4,0.03076923076923077,4,0.03076923076923077,2,0.015384615384615385,0,0.0,1,0.007692307692307693,130,success,3,2,0.023076923076923078,0.015384615384615385,0.2,0.038461538461538464,0.007692307692307693,14,success,success
S2024-286,0000036270,MTB,M&T Bank,0001628280-25-006267,2024,2025-02-19,1.0.3,0.3.0,18,0.03146853146853147,9,0.015734265734265736,8,0.013986013986013986,0,0.0,5,0.008741258741258742,572,success,1,25,0.0017482517482517483,0.043706293706293704,-0.9230769230769231,0.045454545454545456,-0.04195804195804196,54,success,success
S2024-287,0000789570,MGM,MGM Resorts,0000789570-25-000008,2024,2025-02-18,1.0.3,0.3.0,2,0.041666666666666664,0,0.0,0,0.0,0,0.0,0,0.0,48,success,0,2,0.0,0.041666666666666664,-1.0,0.041666666666666664,-0.041666666666666664,4,success,success
S2024-288,0001408198,MSCI,MSCI Inc.,0001408198-25-000053,2024,2025-02-07,1.0.3,0.3.0,28,0.030735455543358946,25,0.027442371020856202,19,0.020856201975850714,3,0.003293084522502744,6,0.006586169045005488,911,success,25,30,0.027442371020856202,0.03293084522502744,-0.09090909090909091,0.06037321624588365,-0.005488474204171241,116,success,success
S2024-289,0001510295,MPC,Marathon Petroleum,0001510295-25-000012,2024,2025-02-27,1.0.3,0.3.0,7,0.03723404255319149,0,0.0,3,0.015957446808510637,0,0.0,0,0.0,188,success,3,13,0.015957446808510637,0.06914893617021277,-0.625,0.0851063829787234,-0.05319148936170213,23,success,success
S2024-290,0001278021,MKTX,MarketAxess,0000950170-25-025606,2024,2025-02-24,1.0.3,0.3.0,20,0.02493765586034913,16,0.0199501246882793,14,0.017456359102244388,1,0.0012468827930174563,2,0.0024937655860349127,802,success,7,29,0.008728179551122194,0.03615960099750624,-0.6111111111111112,0.04488778054862843,-0.02743142144638404,72,success,success
S2024-291,0001048286,MAR,Marriott International,0001628280-25-004818,2024,2025-02-11,1.0.3,0.3.0,11,0.04602510460251046,4,0.016736401673640166,7,0.029288702928870293,0,0.0,0,0.0,239,success,0,24,0.0,0.100418410041841,-1.0,0.100418410041841,-0.100418410041841,38,success,success
S2024-292,0000062709,MMC,Marsh & McLennan,0000062709-25-000015,2024,2025-02-10,1.0.3,0.3.0,41,0.02567313713212273,68,0.042579837194740136,27,0.016906700062617408,2,0.0012523481527864746,14,0.008766437069505322,1597,success,13,104,0.008140262993112084,0.06512210394489668,-0.7777777777777778,0.07326236693800876,-0.056981840951784594,229,success,success
S2024-293,0000916076,MLM,Martin Marietta Materials,0000950170-25-024770,2024,2025-02-21,1.0.3,0.3.0,0,0.0,0,0.0,0,0.0,1,0.01639344262295082,0,0.0,61,success,1,3,0.01639344262295082,0.04918032786885246,-0.5,0.06557377049180328,-0.03278688524590164,5,success,success
S2024-294,0000062996,MAS,Masco,0000062996-25-000004,2024,2025-02-11,1.0.3,0.3.0,,,,,,,,,,,0,warning_denominator_zero,,,,,,,,,warning_denominator_zero,warning_denominator_zero
S2024-295,0001141391,MA,Mastercard,0001141391-25-000011,2024,2025-02-12,1.0.3,0.3.0,19,0.016421780466724288,37,0.03197925669835782,11,0.00950734658599827,2,0.001728608470181504,7,0.006050129645635264,1157,success,9,23,0.007778738115816767,0.019878997407087293,-0.4375,0.027657735522904063,-0.012100259291270527,93,success,success
S2024-296,0000891103,MTCH,Match Group,0000891103-25-000027,2024,2025-02-27,1.0.3,0.3.0,21,0.020771513353115726,23,0.02274975272007913,20,0.019782393669634024,5,0.004945598417408506,11,0.010880316518298714,1011,success,10,32,0.009891196834817012,0.03165182987141444,-0.5238095238095238,0.04154302670623145,-0.021760633036597428,99,success,success
S2024-297,0000063754,MKC,McCormick & Company,0000063754-25-000005,2024,2025-01-23,1.0.3,0.3.0,3,0.019867549668874173,3,0.019867549668874173,3,0.019867549668874173,1,0.006622516556291391,1,0.006622516556291391,151,success,4,4,0.026490066225165563,0.026490066225165563,0.0,0.052980132450331126,0.0,16,success,success
S2024-298,0000063908,MCD,McDonald's,0000063908-25-000012,2024,2025-02-25,1.0.3,0.3.0,3,0.045454545454545456,0,0.0,3,0.045454545454545456,0,0.0,0,0.0,66,success,1,6,0.015151515151515152,0.09090909090909091,-0.7142857142857143,0.10606060606060606,-0.07575757575757576,10,success,success
S2024-299,0000927653,MCK,McKesson Corporation,0000927653-24-000035,2024,2024-05-08,1.0.3,0.3.0,7,0.03167420814479638,1,0.004524886877828055,4,0.01809954751131222,0,0.0,0,0.0,221,success,5,7,0.02262443438914027,0.03167420814479638,-0.16666666666666666,0.05429864253393665,-0.00904977375565611,20,success,success
S2024-300,0001613103,MDT,Medtronic,0001613103-24-000072,2024,2024-06-20,1.0.3,0.3.0,3,0.0034562211981566822,11,0.012672811059907835,0,0.0,5,0.00576036866359447,0,0.0,868,success,12,8,0.013824884792626729,0.009216589861751152,0.2,0.02304147465437788,0.004608294930875576,38,success,success
S2024-301,0000310158,MRK,Merck & Co.,0001628280-25-007732,2024,2025-02-25,1.0.3,0.3.0,6,0.041379310344827586,5,0.034482758620689655,2,0.013793103448275862,0,0.0,0,0.0,145,success,2,12,0.013793103448275862,0.08275862068965517,-0.7142857142857143,0.09655172413793103,-0.06896551724137931,24,success,success
S2024-302,0001099219,MET,MetLife,0001099219-25-000044,2024,2025-02-21,1.0.3,0.3.0,7,0.01643192488262911,12,0.028169014084507043,3,0.007042253521126761,1,0.002347417840375587,1,0.002347417840375587,426,success,7,7,0.01643192488262911,0.01643192488262911,0.0,0.03286384976525822,0.0,34,success,success
S2024-303,0001326801,META,Meta Platforms,0001326801-25-000017,2024,2025-01-30,1.0.3,0.3.0,43,0.0137997432605905,74,0.02374839537869063,24,0.007702182284980745,13,0.00417201540436457,20,0.006418485237483954,3116,success,31,64,0.00994865211810013,0.02053915275994865,-0.3473684210526316,0.03048780487804878,-0.010590500641848523,233,success,success
S2024-304,0001037646,MTD,Mettler Toledo,0001037646-25-000012,2024,2025-02-07,1.0.3,0.3.0,6,0.025210084033613446,8,0.03361344537815126,5,0.02100840336134454,4,0.01680672268907563,2,0.008403361344537815,238,success,1,7,0.004201680672268907,0.029411764705882353,-0.75,0.03361344537815126,-0.025210084033613446,28,success,success
S2024-305,0000827054,MCHP,Microchip Technology,0000827054-24-000098,2024,2024-05-23,1.0.3,0.3.0,31,0.0446685878962536,19,0.027377521613832854,26,0.037463976945244955,2,0.002881844380403458,13,0.018731988472622477,694,success,5,39,0.007204610951008645,0.056195965417867436,-0.7727272727272727,0.06340057636887608,-0.04899135446685879,106,success,success
S2024-306,0000723125,MU,Micron Technology,0000723125-24-000027,2024,2024-10-04,1.0.3,0.3.0,19,0.017890772128060263,9,0.00847457627118644,13,0.01224105461393597,3,0.002824858757062147,11,0.010357815442561206,1062,success,23,13,0.021657250470809793,0.01224105461393597,0.2777777777777778,0.03389830508474576,0.009416195856873822,77,success,success
S2024-307,0000789019,MSFT,Microsoft,0000950170-24-087843,2024,2024-07-30,1.0.3,0.3.0,31,0.011131059245960502,17,0.006104129263913824,26,0.00933572710951526,7,0.0025134649910233393,14,0.005026929982046679,2785,success,45,53,0.01615798922800718,0.01903052064631957,-0.08163265306122448,0.03518850987432675,-0.002872531418312388,156,success,success
S2024-308,0000912595,MAA,Mid-America Apartment Communities,0000950170-25-016287,2024,2025-02-07,1.0.3,0.3.0,3,0.02912621359223301,1,0.009708737864077669,1,0.009708737864077669,0,0.0,0,0.0,103,success,0,5,0.0,0.04854368932038835,-1.0,0.04854368932038835,-0.04854368932038835,8,success,success
S2024-309,0001682852,MRNA,Moderna,0001682852-25-000022,2024,2025-02-21,1.0.3,0.3.0,14,0.019021739130434784,3,0.004076086956521739,8,0.010869565217391304,2,0.002717391304347826,2,0.002717391304347826,736,success,14,12,0.019021739130434784,0.016304347826086956,0.07692307692307693,0.035326086956521736,0.002717391304347826,47,success,success
S2024-310,0000851968,MHK,Mohawk Industries,0000851968-25-000023,2024,2025-02-20,1.0.3,0.3.0,0,0.0,0,0.0,0,0.0,0,0.0,0,0.0,35,success,0,0,0.0,0.0,,0.0,0.0,0,success,success
S2024-311,0001179929,MOH,Molina Healthcare,0001179929-25-000023,2024,2025-02-11,1.0.3,0.3.0,15,0.04451038575667656,6,0.017804154302670624,7,0.020771513353115726,2,0.005934718100890208,0,0.0,337,success,10,13,0.02967359050445104,0.03857566765578635,-0.13043478260869565,0.06824925816023739,-0.008902077151335312,45,success,success
S2024-312,0000024545,TAP,Molson Coors Beverage Company,0000024545-25-000007,2024,2025-02-18,1.0.3,0.3.0,17,0.04788732394366197,9,0.02535211267605634,10,0.028169014084507043,1,0.0028169014084507044,4,0.011267605633802818,355,success,0,12,0.0,0.03380281690140845,-1.0,0.03380281690140845,-0.03380281690140845,43,success,success
S2024-313,0001103982,MDLZ,Mondelez International,0001103982-25-000030,2024,2025-02-05,1.0.3,0.3.0,9,0.04433497536945813,2,0.009852216748768473,6,0.029556650246305417,0,0.0,1,0.0049261083743842365,203,success,4,5,0.019704433497536946,0.024630541871921183,-0.1111111111111111,0.04433497536945813,-0.0049261083743842365,20,success,success
S2024-314,0001280452,MPWR,Monolithic Power Systems,0001437749-25-005903,2024,2025-03-03,1.0.3,0.3.0,23,0.04500978473581213,7,0.0136986301369863,16,0.03131115459882583,2,0.003913894324853229,6,0.011741682974559686,511,success,3,22,0.005870841487279843,0.043052837573385516,-0.76,0.04892367906066536,-0.03718199608610567,61,success,success
S2024-315,0000865752,MNST,Monster Beverage,0001410578-25-000248,2024,2025-02-28,1.0.3,0.3.0,,,,,,,,,,,0,warning_denominator_zero,,,,,,,,,warning_denominator_zero,warning_denominator_zero
S2024-316,0001059556,MCO,Moody's Corporation,0001059556-25-000025,2024,2025-02-14,1.0.3,0.3.0,29,0.03629536921151439,15,0.01877346683354193,15,0.01877346683354193,4,0.0050062578222778474,4,0.0050062578222778474,799,success,5,16,0.006257822277847309,0.02002503128911139,-0.5238095238095238,0.026282853566958697,-0.01376720901126408,72,success,success
S2024-317,0000895421,MS,Morgan Stanley,0000895421-25-000304,2024,2025-02-21,1.0.3,0.3.0,7,0.02766798418972332,0,0.0,5,0.019762845849802372,2,0.007905138339920948,0,0.0,253,success,2,11,0.007905138339920948,0.043478260869565216,-0.6923076923076923,0.05138339920948617,-0.03557312252964427,22,success,success
S2024-318,0001285785,MOS,Mosaic Company (The),0001618034-25-000003,2024,2025-03-03,1.0.3,0.3.0,,,,,,,,,,,0,warning_denominator_zero,,,,,,,,,warning_denominator_zero,warning_denominator_zero
S2024-319,0000068505,MSI,Motorola Solutions,0000068505-25-000012,2024,2025-02-14,1.0.3,0.3.0,31,0.019732654360280075,35,0.022278803309993635,19,0.0120942075111394,6,0.0038192234245703373,12,0.0076384468491406746,1571,success,8,41,0.005092297899427116,0.026098026734563972,-0.673469387755102,0.031190324633991087,-0.021005728835136857,129,success,success
S2024-320,0001013871,NRG,NRG Energy,0001013871-25-000006,2024,2025-02-26,1.0.3,0.3.0,11,0.02564102564102564,8,0.018648018648018648,8,0.018648018648018648,0,0.0,2,0.004662004662004662,429,success,6,15,0.013986013986013986,0.03496503496503497,-0.42857142857142855,0.04895104895104895,-0.02097902097902098,41,success,success
S2024-321,0000906163,NVR,"NVR, Inc.",0000906163-25-000011,2024,2025-02-12,1.0.3,0.3.0,,,,,,,,,,,0,warning_denominator_zero,,,,,,,,,warning_denominator_zero,warning_denominator_zero
S2024-322,0001413447,NXPI,NXP Semiconductors,0001413447-25-000019,2024,2025-02-20,1.0.3,0.3.0,10,0.03355704697986577,5,0.016778523489932886,6,0.020134228187919462,1,0.003355704697986577,2,0.006711409395973154,298,success,2,10,0.006711409395973154,0.03355704697986577,-0.6666666666666666,0.040268456375838924,-0.026845637583892617,30,success,success
S2024-323,0001120193,NDAQ,"Nasdaq, Inc.",0001120193-25-000008,2024,2025-02-21,1.0.3,0.3.0,21,0.022058823529411766,14,0.014705882352941176,11,0.011554621848739496,1,0.0010504201680672268,2,0.0021008403361344537,952,success,22,33,0.023109243697478993,0.03466386554621849,-0.2,0.05777310924369748,-0.011554621848739496,86,success,success
S2024-324,0001002047,NTAP,NetApp,0000950170-24-071327,2024,2024-06-10,1.0.3,0.3.0,15,0.02508361204013378,14,0.023411371237458192,8,0.013377926421404682,0,0.0,6,0.010033444816053512,598,success,14,17,0.023411371237458192,0.028428093645484948,-0.0967741935483871,0.051839464882943144,-0.005016722408026756,63,success,success
S2024-325,0001065280,NFLX,Netflix,0001065280-25-000044,2024,2025-01-27,1.0.3,0.3.0,7,0.07142857142857142,1,0.01020408163265306,4,0.04081632653061224,0,0.0,0,0.0,98,success,0,2,0.0,0.02040816326530612,-1.0,0.02040816326530612,-0.02040816326530612,9,success,success
S2024-326,0001164727,NEM,Newmont,0001164727-25-000011,2024,2025-02-21,1.0.3,0.3.0,8,0.04,0,0.0,4,0.02,0,0.0,0,0.0,200,success,4,15,0.02,0.075,-0.5789473684210527,0.095,-0.055,27,success,success
S2024-327,0001564708,NWSA|NWS,News Corp (Class A)|News Corp (Class B),0001564708-24-000408,2024,2024-08-13,1.0.3,0.3.0,18,0.016498625114573784,18,0.016498625114573784,12,0.010999083409715857,0,0.0,5,0.00458295142071494,1091,success,12,29,0.010999083409715857,0.026581118240146653,-0.4146341463414634,0.03758020164986251,-0.015582034830430797,79,success,success
S2024-328,0000753308,NEE,NextEra Energy,0000753308-25-000011,2024,2025-02-14,1.0.3,0.3.0,1,0.030303030303030304,0,0.0,0,0.0,0,0.0,0,0.0,33,success,2,2,0.06060606060606061,0.06060606060606061,0.0,0.12121212121212122,0.0,5,success,success
S2024-329,0001111711,NI,NiSource,0001111711-25-000008,2024,2025-02-12,1.0.3,0.3.0,,,,,,,,,,,0,warning_denominator_zero,,,,,,,,,warning_denominator_zero,warning_denominator_zero
S2024-330,0000320187,NKE,"Nike, Inc.",0000320187-24-000044,2024,2024-07-25,1.0.3,0.3.0,4,0.05555555555555555,2,0.027777777777777776,2,0.027777777777777776,1,0.013888888888888888,0,0.0,72,success,1,4,0.013888888888888888,0.05555555555555555,-0.6,0.06944444444444445,-0.041666666666666664,11,success,success
S2024-331,0000072331,NDSN,Nordson Corporation,0000072331-24-000177,2024,2024-12-18,1.0.3,0.3.0,,,,,,,,,,,0,warning_denominator_zero,,,,,,,,,warning_denominator_zero,warning_denominator_zero
S2024-332,0000702165,NSC,Norfolk Southern,0000702165-25-000008,2024,2025-02-10,1.0.3,0.3.0,2,0.06666666666666667,0,0.0,1,0.03333333333333333,0,0.0,0,0.0,30,success,0,3,0.0,0.1,-1.0,0.1,-0.1,5,success,success
S2024-333,0000073124,NTRS,Northern Trust,0000073124-25-000105,2024,2025-02-24,1.0.3,0.3.0,19,0.027941176470588237,30,0.04411764705882353,9,0.013235294117647059,3,0.004411764705882353,3,0.004411764705882353,680,success,8,18,0.011764705882352941,0.026470588235294117,-0.38461538461538464,0.03823529411764706,-0.014705882352941176,78,success,success
S2024-334,0001133421,NOC,Northrop Grumman,0001133421-25-000006,2024,2025-01-30,1.0.3,0.3.0,3,0.030927835051546393,0,0.0,0,0.0,0,0.0,2,0.020618556701030927,97,success,3,4,0.030927835051546393,0.041237113402061855,-0.14285714285714285,0.07216494845360824,-0.010309278350515464,12,success,success
S2024-335,0001513761,NCLH,Norwegian Cruise Line Holdings,0001558370-25-001743,2024,2025-02-27,1.0.3,0.3.0,10,0.0684931506849315,2,0.0136986301369863,8,0.0547945205479452,0,0.0,1,0.00684931506849315,146,success,0,9,0.0,0.06164383561643835,-1.0,0.06164383561643835,-0.06164383561643835,21,success,success
S2024-336,0000073309,NUE,Nucor,0000950170-25-028427,2024,2025-02-27,1.0.3,0.3.0,,,,,,,,,,,0,warning_denominator_zero,,,,,,,,,warning_denominator_zero,warning_denominator_zero
S2024-337,0001045810,NVDA,Nvidia,0001045810-24-000029,2024,2024-02-21,1.0.3,0.3.0,41,0.011700913242009132,25,0.007134703196347032,35,0.009988584474885844,6,0.0017123287671232876,36,0.010273972602739725,3504,success,23,52,0.006563926940639269,0.014840182648401826,-0.38666666666666666,0.021404109589041095,-0.008276255707762557,181,success,success
S2024-338,0001097864,ON,ON Semiconductor,0001628280-25-004557,2024,2025-02-10,1.0.3,0.3.0,11,0.01936619718309859,1,0.0017605633802816902,9,0.01584507042253521,0,0.0,1,0.0017605633802816902,568,success,13,16,0.022887323943661973,0.028169014084507043,-0.10344827586206896,0.051056338028169015,-0.00528169014084507,41,success,success
S2024-339,0000797468,OXY,Occidental Petroleum,0000797468-25-000029,2024,2025-02-18,1.0.3,0.3.0,5,0.06666666666666667,0,0.0,3,0.04,0,0.0,0,0.0,75,success,1,2,0.013333333333333334,0.02666666666666667,-0.3333333333333333,0.04,-0.013333333333333334,8,success,success
S2024-340,0000878927,ODFL,Old Dominion,0000950170-25-026661,2024,2025-02-25,1.0.3,0.3.0,7,0.034482758620689655,3,0.014778325123152709,6,0.029556650246305417,1,0.0049261083743842365,2,0.009852216748768473,203,success,1,11,0.0049261083743842365,0.054187192118226604,-0.8333333333333334,0.059113300492610835,-0.04926108374384237,24,success,success
S2024-341,0000029989,OMC,Omnicom Group,0000029989-25-000009,2024,2025-02-05,1.0.3,0.3.0,13,0.030162412993039442,3,0.0069605568445475635,3,0.0069605568445475635,2,0.004640371229698376,3,0.0069605568445475635,431,success,11,16,0.025522041763341066,0.037122969837587005,-0.18518518518518517,0.06264501160092807,-0.01160092807424594,48,success,success
S2024-342,0001039684,OKE,Oneok,0001039684-25-000036,2024,2025-02-25,1.0.3,0.3.0,,,,,,,,,,,0,warning_denominator_zero,,,,,,,,,warning_denominator_zero,warning_denominator_zero
S2024-343,0001341439,ORCL,Oracle Corporation,0000950170-24-075605,2024,2024-06-20,1.0.3,0.3.0,19,0.020127118644067795,13,0.013771186440677966,9,0.009533898305084746,0,0.0,8,0.00847457627118644,944,success,12,21,0.012711864406779662,0.022245762711864406,-0.2727272727272727,0.034957627118644065,-0.009533898305084746,71,success,success
S2024-344,0001781335,OTIS,Otis Worldwide,0001781335-25-000010,2024,2025-02-04,1.0.3,0.3.0,1,0.03333333333333333,1,0.03333333333333333,0,0.0,0,0.0,0,0.0,30,success,0,1,0.0,0.03333333333333333,-1.0,0.03333333333333333,-0.03333333333333333,3,success,success
S2024-345,0000898173,ORLY,O’Reilly Automotive,0000898173-25-000008,2024,2025-02-28,1.0.3,0.3.0,,,,,,,,,,,0,warning_denominator_zero,,,,,,,,,warning_denominator_zero,warning_denominator_zero
S2024-346,0001004980,PCG,PG&E Corporation,0001004980-25-000010,2024,2025-02-13,1.0.3,0.3.0,3,0.06818181818181818,2,0.045454545454545456,2,0.045454545454545456,0,0.0,0,0.0,44,success,0,2,0.0,0.045454545454545456,-1.0,0.045454545454545456,-0.045454545454545456,6,success,success
S2024-347,0000713676,PNC,PNC Financial Services,0000713676-25-000027,2024,2025-02-21,1.0.3,0.3.0,8,0.03278688524590164,1,0.004098360655737705,2,0.00819672131147541,0,0.0,0,0.0,244,success,4,3,0.01639344262295082,0.012295081967213115,0.14285714285714285,0.028688524590163935,0.004098360655737705,15,success,success
S2024-348,0000079879,PPG,PPG Industries,0000079879-25-000034,2024,2025-02-20,1.0.3,0.3.0,1,0.03333333333333333,0,0.0,1,0.03333333333333333,0,0.0,0,0.0,30,success,0,1,0.0,0.03333333333333333,-1.0,0.03333333333333333,-0.03333333333333333,2,success,success
S2024-349,0000922224,PPL,PPL Corporation,0000922224-25-000009,2024,2025-02-13,1.0.3,0.3.0,11,0.02981029810298103,9,0.024390243902439025,8,0.02168021680216802,0,0.0,2,0.005420054200542005,369,success,3,11,0.008130081300813009,0.02981029810298103,-0.5714285714285714,0.037940379403794036,-0.02168021680216802,36,success,success
S2024-350,0000857005,PTC,PTC Inc.,0000950170-24-127231,2024,2024-11-14,1.0.3,0.3.0,0,0.0,0,0.0,0,0.0,0,0.0,0,0.0,96,success,4,0,0.041666666666666664,0.0,1.0,0.041666666666666664,0.041666666666666664,4,success,success
S2024-351,0000075362,PCAR,Paccar,0000950170-25-023145,2024,2025-02-19,1.0.3,0.3.0,,,,,,,,,,,0,warning_denominator_zero,,,,,,,,,warning_denominator_zero,warning_denominator_zero
S2024-352,0000075677,PKG,Packaging Corporation of America,0000950170-25-028533,2024,2025-02-27,1.0.3,0.3.0,,,,,,,,,,,0,warning_denominator_zero,,,,,,,,,warning_denominator_zero,warning_denominator_zero
S2024-353,0001321655,PLTR,Palantir Technologies,0001321655-25-000022,2024,2025-02-18,1.0.3,0.3.0,34,0.02063106796116505,33,0.020024271844660196,25,0.01516990291262136,6,0.0036407766990291263,11,0.006674757281553398,1648,success,27,42,0.016383495145631068,0.025485436893203883,-0.21739130434782608,0.041868932038834954,-0.009101941747572815,149,success,success
S2024-354,0001327567,PANW,Palo Alto Networks,0001327567-24-000029,2024,2024-09-06,1.0.3,0.3.0,38,0.021627774615822423,25,0.014228799089356859,24,0.013659647125782584,1,0.0005691519635742744,13,0.007398975526465566,1757,success,16,56,0.00910643141718839,0.03187250996015936,-0.5555555555555556,0.040978941377347755,-0.022766078542970972,142,success,success
S2024-355,0000813828,PARA,Paramount Global,0000813828-25-000005,2024,2025-02-26,1.0.3,0.3.0,5,0.015873015873015872,13,0.04126984126984127,3,0.009523809523809525,2,0.006349206349206349,4,0.012698412698412698,315,success,2,10,0.006349206349206349,0.031746031746031744,-0.6666666666666666,0.0380952380952381,-0.025396825396825397,34,success,success
S2024-356,0000076334,PH,Parker Hannifin,0000076334-24-000044,2024,2024-08-22,1.0.3,0.3.0,2,0.07407407407407407,0,0.0,1,0.037037037037037035,0,0.0,0,0.0,27,success,0,1,0.0,0.037037037037037035,-1.0,0.037037037037037035,-0.037037037037037035,3,success,success
S2024-357,0001633917,PYPL,PayPal,0001633917-25-000019,2024,2025-02-04,1.0.3,0.3.0,13,0.03359173126614987,10,0.025839793281653745,11,0.028423772609819122,1,0.002583979328165375,3,0.007751937984496124,387,success,3,11,0.007751937984496124,0.028423772609819122,-0.5714285714285714,0.03617571059431524,-0.020671834625323,41,success,success
S2024-358,0000723531,PAYX,Paychex,0000950170-24-082958,2024,2024-07-11,1.0.3,0.3.0,13,0.02813852813852814,12,0.025974025974025976,8,0.017316017316017316,1,0.0021645021645021645,5,0.010822510822510822,462,success,21,16,0.045454545454545456,0.03463203463203463,0.13513513513513514,0.08008658008658008,0.010822510822510822,66,success,success
S2024-359,0001590955,PAYC,Paycom,0000950170-25-024136,2024,2025-02-20,1.0.3,0.3.0,20,0.026490066225165563,23,0.030463576158940398,18,0.02384105960264901,2,0.0026490066225165563,16,0.02119205298013245,755,success,13,31,0.017218543046357615,0.04105960264900662,-0.4090909090909091,0.05827814569536424,-0.02384105960264901,102,success,success
S2024-360,0000077360,PNR,Pentair,0000077360-25-000006,2024,2025-02-25,1.0.3,0.3.0,2,0.045454545454545456,0,0.0,2,0.045454545454545456,1,0.022727272727272728,0,0.0,44,success,4,0,0.09090909090909091,0.0,1.0,0.09090909090909091,0.09090909090909091,7,success,success
S2024-361,0000077476,PEP,PepsiCo,0000077476-25-000007,2024,2025-02-04,1.0.3,0.3.0,10,0.014947683109118086,6,0.008968609865470852,7,0.01046337817638266,0,0.0,3,0.004484304932735426,669,success,15,21,0.02242152466367713,0.03139013452914798,-0.16666666666666666,0.053811659192825115,-0.008968609865470852,52,success,success
S2024-362,0000078003,PFE,Pfizer,0000078003-25-000054,2024,2025-02-27,1.0.3,0.3.0,9,0.03474903474903475,2,0.007722007722007722,5,0.019305019305019305,1,0.003861003861003861,0,0.0,259,success,3,14,0.011583011583011582,0.05405405405405406,-0.6470588235294118,0.06563706563706563,-0.04247104247104247,28,success,success
S2024-363,0001413329,PM,Philip Morris International,0001413329-25-000013,2024,2025-02-06,1.0.3,0.3.0,5,0.023255813953488372,14,0.06511627906976744,4,0.018604651162790697,0,0.0,3,0.013953488372093023,215,success,0,18,0.0,0.08372093023255814,-1.0,0.08372093023255814,-0.08372093023255814,38,success,success
S2024-364,0001534701,PSX,Phillips 66,0001534701-25-000074,2024,2025-02-21,1.0.3,0.3.0,1,0.013157894736842105,1,0.013157894736842105,0,0.0,0,0.0,0,0.0,76,success,1,2,0.013157894736842105,0.02631578947368421,-0.3333333333333333,0.039473684210526314,-0.013157894736842105,5,success,success
S2024-365,0000764622,PNW,Pinnacle West Capital,0000764622-25-000023,2024,2025-02-25,1.0.3,0.3.0,5,0.024509803921568627,1,0.004901960784313725,2,0.00980392156862745,0,0.0,0,0.0,204,success,5,7,0.024509803921568627,0.03431372549019608,-0.16666666666666666,0.058823529411764705,-0.00980392156862745,18,success,success
S2024-366,0000945841,POOL,Pool Corporation,0000945841-25-000032,2024,2025-02-27,1.0.3,0.3.0,1,0.0136986301369863,1,0.0136986301369863,0,0.0,0,0.0,0,0.0,73,success,0,3,0.0,0.0410958904109589,-1.0,0.0410958904109589,-0.0410958904109589,4,success,success
S2024-367,0001126328,PFG,Principal Financial Group,0001410578-25-000160,2024,2025-02-19,1.0.3,0.3.0,1,0.013513513513513514,3,0.04054054054054054,1,0.013513513513513514,1,0.013513513513513514,2,0.02702702702702703,74,success,0,1,0.0,0.013513513513513514,-1.0,0.013513513513513514,-0.013513513513513514,8,success,success
S2024-368,0000080424,PG,Procter & Gamble,0000080424-24-000083,2024,2024-08-05,1.0.3,0.3.0,16,0.016614745586708203,19,0.01973001038421599,5,0.005192107995846314,0,0.0,5,0.005192107995846314,963,success,26,47,0.02699896157840083,0.04880581516095535,-0.2876712328767123,0.07580477673935618,-0.021806853582554516,107,success,success
S2024-369,0000080661,PGR,Progressive Corporation,0000080661-25-000007,2024,2025-03-03,1.0.3,0.3.0,23,0.044145873320537425,15,0.028790786948176585,16,0.030710172744721688,1,0.0019193857965451055,16,0.030710172744721688,521,success,3,20,0.005758157389635317,0.03838771593090211,-0.7391304347826086,0.044145873320537425,-0.03262955854126679,76,success,success
S2024-370,0001045609,PLD,Prologis,0000950170-25-021272,2024,2025-02-14,1.0.3,0.3.0,,,,,,,,,,,0,warning_denominator_zero,,,,,,,,,warning_denominator_zero,warning_denominator_zero
S2024-371,0001137774,PRU,Prudential Financial,0001137774-25-000044,2024,2025-02-13,1.0.3,0.3.0,27,0.04522613065326633,17,0.02847571189279732,14,0.023450586264656615,1,0.0016750418760469012,7,0.011725293132328308,597,success,7,24,0.011725293132328308,0.04020100502512563,-0.5483870967741935,0.051926298157453935,-0.02847571189279732,80,success,success
S2024-372,0000788784,PEG,Public Service Enterprise Group,0000950170-25-026874,2024,2025-02-25,1.0.3,0.3.0,11,0.03426791277258567,10,0.03115264797507788,11,0.03426791277258567,0,0.0,4,0.012461059190031152,321,success,3,12,0.009345794392523364,0.037383177570093455,-0.6,0.04672897196261682,-0.028037383177570093,40,success,success
S2024-373,0001393311,PSA,Public Storage,0001393311-25-000036,2024,2025-02-24,1.0.3,0.3.0,10,0.05405405405405406,2,0.010810810810810811,5,0.02702702702702703,0,0.0,2,0.010810810810810811,185,success,7,18,0.03783783783783784,0.0972972972972973,-0.44,0.13513513513513514,-0.05945945945945946,38,success,success
S2024-374,0000822416,PHM,PulteGroup,0000822416-25-000007,2024,2025-02-06,1.0.3,0.3.0,19,0.025780189959294438,9,0.012211668928086838,7,0.009497964721845319,0,0.0,4,0.005427408412483039,737,success,1,45,0.0013568521031207597,0.06105834464043419,-0.9565217391304348,0.06241519674355495,-0.05970149253731343,74,success,success
S2024-375,0000804328,QCOM,Qualcomm,0000804328-24-000075,2024,2024-11-06,1.0.3,0.3.0,8,0.004456824512534819,5,0.002785515320334262,4,0.0022284122562674096,8,0.004456824512534819,3,0.001671309192200557,1795,success,36,6,0.020055710306406686,0.003342618384401114,0.7142857142857143,0.0233983286908078,0.016713091922005572,65,success,success
S2024-376,0001050915,PWR,Quanta Services,0001050915-25-000005,2024,2025-02-20,1.0.3,0.3.0,1,0.011111111111111112,0,0.0,0,0.0,0,0.0,0,0.0,90,success,0,7,0.0,0.07777777777777778,-1.0,0.07777777777777778,-0.07777777777777778,8,success,success
S2024-377,0001022079,DGX,Quest Diagnostics,0001022079-25-000044,2024,2025-02-20,1.0.3,0.3.0,26,0.03155339805825243,10,0.012135922330097087,12,0.014563106796116505,4,0.0048543689320388345,8,0.009708737864077669,824,success,29,17,0.03519417475728155,0.02063106796116505,0.2608695652173913,0.055825242718446605,0.014563106796116505,94,success,success
S2024-378,0000101829,RTX,RTX Corporation,0000101829-25-000005,2024,2025-02-03,1.0.3,0.3.0,7,0.0374331550802139,8,0.0427807486631016,3,0.016042780748663103,0,0.0,1,0.0053475935828877,187,success,1,11,0.0053475935828877,0.058823529411764705,-0.8333333333333334,0.06417112299465241,-0.053475935828877004,25,success,success
S2024-379,0001037038,RL,Ralph Lauren Corporation,0001037038-24-000014,2024,2024-05-23,1.0.3,0.3.0,5,0.013812154696132596,1,0.0027624309392265192,0,0.0,0,0.0,1,0.0027624309392265192,362,success,10,4,0.027624309392265192,0.011049723756906077,0.42857142857142855,0.03867403314917127,0.016574585635359115,21,success,success
S2024-380,0000720005,RJF,Raymond James Financial,0000720005-24-000069,2024,2024-11-26,1.0.3,0.3.0,7,0.029288702928870293,6,0.02510460251046025,4,0.016736401673640166,0,0.0,4,0.016736401673640166,239,success,1,7,0.0041841004184100415,0.029288702928870293,-0.75,0.03347280334728033,-0.02510460251046025,25,success,success
S2024-381,0000726728,O,Realty Income,0000726728-25-000055,2024,2025-02-25,1.0.3,0.3.0,,,,,,,,,,,0,warning_denominator_zero,,,,,,,,,warning_denominator_zero,warning_denominator_zero
S2024-382,0000910606,REG,Regency Centers,0000950170-25-021359,2024,2025-02-14,1.0.3,0.3.0,18,0.05341246290801187,9,0.026706231454005934,13,0.03857566765578635,0,0.0,8,0.02373887240356083,337,success,2,17,0.005934718100890208,0.050445103857566766,-0.7894736842105263,0.05637982195845697,-0.04451038575667656,54,success,success
S2024-383,0000872589,REGN,Regeneron Pharmaceuticals,0001804220-25-000011,2024,2025-02-05,1.0.3,0.3.0,12,0.04477611940298507,13,0.048507462686567165,8,0.029850746268656716,0,0.0,2,0.007462686567164179,268,success,1,16,0.0037313432835820895,0.05970149253731343,-0.8823529411764706,0.06343283582089553,-0.055970149253731345,39,success,success
S2024-384,0001281761,RF,Regions Financial Corporation,0001281761-25-000010,2024,2025-02-21,1.0.3,0.3.0,7,0.08235294117647059,1,0.011764705882352941,4,0.047058823529411764,0,0.0,0,0.0,85,success,1,4,0.011764705882352941,0.047058823529411764,-0.6,0.058823529411764705,-0.03529411764705882,12,success,success
S2024-385,0001060391,RSG,Republic Services,0001060391-25-000091,2024,2025-02-14,1.0.3,0.3.0,,,,,,,,,,,0,warning_denominator_zero,,,,,,,,,warning_denominator_zero,warning_denominator_zero
S2024-386,0000943819,RMD,ResMed,0000943819-24-000013,2024,2024-08-09,1.0.3,0.3.0,13,0.03823529411764706,12,0.03529411764705882,10,0.029411764705882353,0,0.0,4,0.011764705882352941,340,success,4,16,0.011764705882352941,0.047058823529411764,-0.6,0.058823529411764705,-0.03529411764705882,49,success,success
S2024-387,0000031791,RVTY,Revvity,0000031791-25-000009,2024,2025-02-25,1.0.3,0.3.0,0,0.0,0,0.0,0,0.0,0,0.0,0,0.0,100,success,3,0,0.03,0.0,1.0,0.03,0.03,3,success,success
S2024-388,0001024478,ROK,Rockwell Automation,0001024478-24-000107,2024,2024-11-12,1.0.3,0.3.0,3,0.02127659574468085,1,0.0070921985815602835,2,0.014184397163120567,0,0.0,1,0.0070921985815602835,141,success,4,4,0.028368794326241134,0.028368794326241134,0.0,0.05673758865248227,0.0,13,success,success
S2024-389,0000084839,ROL,"Rollins, Inc.",0000084839-25-000024,2024,2025-02-13,1.0.3,0.3.0,1,0.017857142857142856,0,0.0,1,0.017857142857142856,0,0.0,0,0.0,56,success,0,5,0.0,0.08928571428571429,-1.0,0.08928571428571429,-0.08928571428571429,6,success,success
S2024-390,0000882835,ROP,Roper Technologies,0000882835-25-000008,2024,2025-02-24,1.0.3,0.3.0,9,0.031578947368421054,6,0.021052631578947368,8,0.028070175438596492,2,0.007017543859649123,2,0.007017543859649123,285,success,2,18,0.007017543859649123,0.06315789473684211,-0.8,0.07017543859649122,-0.056140350877192984,36,success,success
S2024-391,0000745732,ROST,Ross Stores,0000745732-24-000009,2024,2024-04-02,1.0.3,0.3.0,1,0.041666666666666664,0,0.0,0,0.0,0,0.0,0,0.0,24,success,1,2,0.041666666666666664,0.08333333333333333,-0.3333333333333333,0.125,-0.041666666666666664,4,success,success
S2024-392,0000884887,RCL,Royal Caribbean Group,0000884887-25-000050,2024,2025-02-14,1.0.3,0.3.0,0,0.0,0,0.0,0,0.0,0,0.0,0,0.0,88,success,1,0,0.011363636363636364,0.0,1.0,0.011363636363636364,0.011363636363636364,1,success,success
S2024-393,0000064040,SPGI,S&P Global,0000064040-25-000052,2024,2025-02-11,1.0.3,0.3.0,25,0.022163120567375887,21,0.018617021276595744,20,0.01773049645390071,4,0.0035460992907801418,2,0.0017730496453900709,1128,success,17,44,0.015070921985815602,0.03900709219858156,-0.4426229508196721,0.054078014184397165,-0.023936170212765957,111,success,success
S2024-394,0001034054,SBAC,SBA Communications,0001034054-25-000002,2024,2025-02-26,1.0.3,0.3.0,0,0.0,0,0.0,0,0.0,0,0.0,0,0.0,31,success,1,0,0.03225806451612903,0.0,1.0,0.03225806451612903,0.03225806451612903,1,success,success
S2024-395,0001108524,CRM,Salesforce,0001108524-24-000005,2024,2024-03-06,1.0.3,0.3.0,64,0.024132730015082957,30,0.011312217194570135,28,0.010558069381598794,7,0.0026395173453996985,19,0.007164404223227752,2652,success,39,64,0.014705882352941176,0.024132730015082957,-0.24271844660194175,0.038838612368024134,-0.00942684766214178,213,success,success
S2024-396,0000087347,SLB,Schlumberger,0000950170-25-007638,2024,2025-01-22,1.0.3,0.3.0,2,0.006172839506172839,0,0.0,1,0.0030864197530864196,1,0.0030864197530864196,0,0.0,324,success,8,7,0.024691358024691357,0.021604938271604937,0.06666666666666667,0.046296296296296294,0.0030864197530864196,18,success,success
S2024-397,0001137789,STX,Seagate Technology,0001137789-24-000068,2024,2024-08-02,1.0.3,0.3.0,7,0.0171990171990172,0,0.0,4,0.009828009828009828,2,0.004914004914004914,0,0.0,407,success,4,8,0.009828009828009828,0.019656019656019656,-0.3333333333333333,0.029484029484029485,-0.009828009828009828,21,success,success
S2024-398,0001032208,SRE,Sempra,0001032208-25-000012,2024,2025-02-25,1.0.3,0.3.0,0,0.0,1,0.009259259259259259,0,0.0,0,0.0,1,0.009259259259259259,108,success,1,3,0.009259259259259259,0.027777777777777776,-0.5,0.037037037037037035,-0.018518518518518517,6,success,success
S2024-399,0001373715,NOW,ServiceNow,0001373715-25-000010,2024,2025-01-30,1.0.3,0.3.0,27,0.014933628318584071,20,0.011061946902654867,20,0.011061946902654867,5,0.0027654867256637168,6,0.00331858407079646,1808,success,34,24,0.018805309734513276,0.01327433628318584,0.1724137931034483,0.032079646017699116,0.0055309734513274336,110,success,success
S2024-400,0000089800,SHW,Sherwin-Williams,0000089800-25-000030,2024,2025-02-20,1.0.3,0.3.0,6,0.11538461538461539,1,0.019230769230769232,4,0.07692307692307693,0,0.0,0,0.0,52,success,1,1,0.019230769230769232,0.019230769230769232,0.0,0.038461538461538464,0.0,9,success,success
S2024-401,0001063761,SPG,Simon Property Group,0001558370-25-001271,2024,2025-02-21,1.0.3,0.3.0,17,0.04788732394366197,10,0.028169014084507043,15,0.04225352112676056,0,0.0,8,0.022535211267605635,355,success,1,16,0.0028169014084507044,0.04507042253521127,-0.8823529411764706,0.04788732394366197,-0.04225352112676056,52,success,success
S2024-402,0000004127,SWKS,Skyworks Solutions,0000004127-24-000131,2024,2024-11-15,1.0.3,0.3.0,14,0.03580562659846547,7,0.017902813299232736,8,0.020460358056265986,3,0.0076726342710997444,3,0.0076726342710997444,391,success,8,7,0.020460358056265986,0.017902813299232736,0.06666666666666667,0.03836317135549872,0.0025575447570332483,42,success,success
S2024-403,0002005951,SW,Smurfit Westrock,0002005951-25-000005,2024,2025-03-07,1.0.3,0.3.0,2,0.07407407407407407,0,0.0,1,0.037037037037037035,0,0.0,0,0.0,27,success,0,0,0.0,0.0,,0.0,0.0,2,success,success
S2024-404,0000091440,SNA,Snap-on,0000091440-25-000010,2024,2025-02-13,1.0.3,0.3.0,3,0.020689655172413793,5,0.034482758620689655,3,0.020689655172413793,0,0.0,1,0.006896551724137931,145,success,1,7,0.006896551724137931,0.04827586206896552,-0.75,0.05517241379310345,-0.041379310344827586,15,success,success
S2024-405,0001964738,SOLV,Solventum,0001964738-25-000019,2024,2025-02-28,1.0.3,0.3.0,3,0.012096774193548387,2,0.008064516129032258,1,0.004032258064516129,1,0.004032258064516129,2,0.008064516129032258,248,success,3,9,0.012096774193548387,0.036290322580645164,-0.5,0.04838709677419355,-0.024193548387096774,20,success,success
S2024-406,0000092122,SO,Southern Company,0000092122-25-000018,2024,2025-02-20,1.0.3,0.3.0,1,0.0196078431372549,0,0.0,1,0.0196078431372549,0,0.0,0,0.0,51,success,0,0,0.0,0.0,,0.0,0.0,1,success,success
S2024-407,0000092380,LUV,Southwest Airlines,0000092380-25-000024,2024,2025-02-07,1.0.3,0.3.0,10,0.021929824561403508,10,0.021929824561403508,5,0.010964912280701754,0,0.0,3,0.006578947368421052,456,success,9,10,0.019736842105263157,0.021929824561403508,-0.05263157894736842,0.041666666666666664,-0.0021929824561403508,41,success,success
S2024-408,0000093556,SWK,Stanley Black & Decker,0000093556-25-000007,2024,2025-02-18,1.0.3,0.3.0,8,0.029304029304029304,4,0.014652014652014652,8,0.029304029304029304,0,0.0,3,0.01098901098901099,273,success,1,19,0.003663003663003663,0.0695970695970696,-0.9,0.07326007326007326,-0.06593406593406594,33,success,success
S2024-409,0000829224,SBUX,Starbucks,0000829224-24-000057,2024,2024-11-20,1.0.3,0.3.0,5,0.05555555555555555,0,0.0,4,0.044444444444444446,0,0.0,0,0.0,90,success,1,5,0.011111111111111112,0.05555555555555555,-0.6666666666666666,0.06666666666666667,-0.044444444444444446,11,success,success
S2024-410,0000093751,STT,State Street Corporation,0000093751-25-000111,2024,2025-02-13,1.0.3,0.3.0,14,0.036939313984168866,2,0.005277044854881266,5,0.013192612137203167,1,0.002638522427440633,8,0.021108179419525065,379,success,9,5,0.023746701846965697,0.013192612137203167,0.2857142857142857,0.036939313984168866,0.010554089709762533,36,success,success
S2024-411,0001022671,STLD,Steel Dynamics,0001558370-25-001886,2024,2025-02-28,1.0.3,0.3.0,,,,,,,,,,,0,warning_denominator_zero,,,,,,,,,warning_denominator_zero,warning_denominator_zero
S2024-412,0001757898,STE,Steris,0001757898-24-000008,2024,2024-05-29,1.0.3,0.3.0,0,0.0,0,0.0,0,0.0,0,0.0,0,0.0,61,success,0,0,0.0,0.0,,0.0,0.0,0,success,success
S2024-413,0000310764,SYK,Stryker Corporation,0000310764-25-000023,2024,2025-02-12,1.0.3,0.3.0,16,0.0221606648199446,5,0.006925207756232687,11,0.015235457063711912,0,0.0,3,0.004155124653739612,722,success,3,13,0.004155124653739612,0.018005540166204988,-0.625,0.0221606648199446,-0.013850415512465374,40,success,success
S2024-414,0001375365,SMCI,Supermicro,0001375365-25-000004,2024,2025-02-25,1.0.3,0.3.0,36,0.024793388429752067,8,0.005509641873278237,17,0.011707988980716254,5,0.003443526170798898,22,0.015151515151515152,1452,success,11,40,0.007575757575757576,0.027548209366391185,-0.5686274509803921,0.03512396694214876,-0.01997245179063361,114,success,success
S2024-415,0001601712,SYF,Synchrony Financial,0001601712-25-000044,2024,2025-02-07,1.0.3,0.3.0,3,0.01948051948051948,1,0.006493506493506494,1,0.006493506493506494,0,0.0,0,0.0,154,success,2,3,0.012987012987012988,0.01948051948051948,-0.2,0.032467532467532464,-0.006493506493506494,8,success,success
S2024-416,0000883241,SNPS,Synopsys,0000883241-24-000024,2024,2024-12-19,1.0.3,0.3.0,30,0.02640845070422535,9,0.007922535211267605,21,0.018485915492957746,1,0.0008802816901408451,3,0.002640845070422535,1136,success,22,28,0.01936619718309859,0.02464788732394366,-0.12,0.04401408450704225,-0.00528169014084507,90,success,success
S2024-417,0000096021,SYY,Sysco,0000096021-24-000128,2024,2024-08-28,1.0.3,0.3.0,13,0.03316326530612245,4,0.01020408163265306,10,0.025510204081632654,0,0.0,2,0.00510204081632653,392,success,6,19,0.015306122448979591,0.04846938775510204,-0.52,0.06377551020408163,-0.03316326530612245,43,success,success
S2024-418,0001283699,TMUS,T-Mobile US,0001283699-25-000012,2024,2025-01-31,1.0.3,0.3.0,10,0.019569471624266144,17,0.033268101761252444,7,0.0136986301369863,3,0.005870841487279843,8,0.015655577299412915,511,success,8,20,0.015655577299412915,0.03913894324853229,-0.42857142857142855,0.0547945205479452,-0.023483365949119372,61,success,success
S2024-419,0001113169,TROW,T. Rowe Price,0001113169-25-000007,2024,2025-02-14,1.0.3,0.3.0,19,0.02936630602782071,21,0.03245749613601236,10,0.015455950540958269,0,0.0,7,0.010819165378670788,647,success,6,32,0.00927357032457496,0.04945904173106646,-0.6842105263157895,0.05873261205564142,-0.0401854714064915,81,success,success
S2024-420,0001385157,TEL,TE Connectivity,0001558370-24-015227,2024,2024-11-12,1.0.3,0.3.0,15,0.0539568345323741,7,0.025179856115107913,9,0.03237410071942446,0,0.0,0,0.0,278,success,4,16,0.014388489208633094,0.05755395683453238,-0.6,0.07194244604316546,-0.04316546762589928,41,success,success
S2024-421,0000109198,TJX,TJX Companies,0000109198-24-000014,2024,2024-04-03,1.0.3,0.3.0,,,,,,,,,,,0,warning_denominator_zero,,,,,,,,,warning_denominator_zero,warning_denominator_zero
S2024-422,0000946581,TTWO,Take-Two Interactive,0001628280-24-024623,2024,2024-05-22,1.0.3,0.3.0,6,0.030927835051546393,8,0.041237113402061855,3,0.015463917525773196,0,0.0,1,0.005154639175257732,194,success,0,4,0.0,0.020618556701030927,-1.0,0.020618556701030927,-0.020618556701030927,18,success,success
S2024-423,0001116132,TPR,"Tapestry, Inc.",0001116132-24-000018,2024,2024-08-15,1.0.3,0.3.0,0,0.0,0,0.0,0,0.0,1,0.012048192771084338,0,0.0,83,success,3,0,0.03614457831325301,0.0,1.0,0.03614457831325301,0.03614457831325301,4,success,success
S2024-424,0001389170,TRGP,Targa Resources,0000950170-25-023983,2024,2025-02-20,1.0.3,0.3.0,2,0.02127659574468085,2,0.02127659574468085,1,0.010638297872340425,0,0.0,0,0.0,94,success,2,3,0.02127659574468085,0.031914893617021274,-0.2,0.05319148936170213,-0.010638297872340425,7,success,success
S2024-425,0000027419,TGT,Target Corporation,0000027419-24-000032,2024,2024-03-13,1.0.3,0.3.0,6,0.043795620437956206,0,0.0,4,0.029197080291970802,0,0.0,1,0.0072992700729927005,137,success,0,9,0.0,0.06569343065693431,-1.0,0.06569343065693431,-0.06569343065693431,15,success,success
S2024-426,0001094285,TDY,Teledyne Technologies,0001094285-25-000053,2024,2025-02-21,1.0.3,0.3.0,24,0.03305785123966942,11,0.015151515151515152,13,0.01790633608815427,2,0.0027548209366391185,7,0.009641873278236915,726,success,9,39,0.012396694214876033,0.05371900826446281,-0.625,0.06611570247933884,-0.04132231404958678,89,success,success
S2024-427,0000096943,TFX,Teleflex,0000096943-25-000031,2024,2025-02-28,1.0.3,0.3.0,,,,,,,,,,,0,warning_denominator_zero,,,,,,,,,warning_denominator_zero,warning_denominator_zero
S2024-428,0000097210,TER,Teradyne,0000950170-25-023784,2024,2025-02-20,1.0.3,0.3.0,11,0.028350515463917526,8,0.020618556701030927,7,0.01804123711340206,3,0.007731958762886598,1,0.002577319587628866,388,success,9,10,0.023195876288659795,0.02577319587628866,-0.05263157894736842,0.04896907216494845,-0.002577319587628866,42,success,success
S2024-429,0001318605,TSLA,"Tesla, Inc.",0001628280-25-003063,2024,2025-01-30,1.0.3,0.3.0,11,0.012373453318335208,5,0.00562429696287964,6,0.006749156355455568,1,0.0011248593925759281,4,0.0044994375703037125,889,success,17,10,0.019122609673790775,0.01124859392575928,0.25925925925925924,0.030371203599550055,0.007874015748031496,47,success,success
S2024-430,0000097476,TXN,Texas Instruments,0000097476-25-000007,2024,2025-02-14,1.0.3,0.3.0,1,0.01818181818181818,1,0.01818181818181818,1,0.01818181818181818,0,0.0,1,0.01818181818181818,55,success,0,8,0.0,0.14545454545454545,-1.0,0.14545454545454545,-0.14545454545454545,10,success,success
S2024-431,0001811074,TPL,Texas Pacific Land Corporation,0001811074-25-000044,2024,2025-02-19,1.0.3,0.3.0,,,,,,,,,,,0,warning_denominator_zero,,,,,,,,,warning_denominator_zero,warning_denominator_zero
S2024-432,0000217346,TXT,Textron,0000217346-25-000017,2024,2025-02-06,1.0.3,0.3.0,3,0.04918032786885246,0,0.0,2,0.03278688524590164,0,0.0,1,0.01639344262295082,61,success,1,6,0.01639344262295082,0.09836065573770492,-0.7142857142857143,0.11475409836065574,-0.08196721311475409,10,success,success
S2024-433,0000097745,TMO,Thermo Fisher Scientific,0000097745-25-000010,2024,2025-02-20,1.0.3,0.3.0,2,0.015503875968992248,1,0.007751937984496124,0,0.0,0,0.0,1,0.007751937984496124,129,success,3,4,0.023255813953488372,0.031007751937984496,-0.14285714285714285,0.05426356589147287,-0.007751937984496124,11,success,success
S2024-434,0000916365,TSCO,Tractor Supply,0000916365-25-000076,2024,2025-02-20,1.0.3,0.3.0,3,0.020689655172413793,1,0.006896551724137931,2,0.013793103448275862,0,0.0,1,0.006896551724137931,145,success,5,4,0.034482758620689655,0.027586206896551724,0.1111111111111111,0.06206896551724138,0.006896551724137931,13,success,success
S2024-435,0001466258,TT,Trane Technologies,0001466258-25-000039,2024,2025-02-06,1.0.3,0.3.0,4,0.04040404040404041,1,0.010101010101010102,2,0.020202020202020204,0,0.0,0,0.0,99,success,0,6,0.0,0.06060606060606061,-1.0,0.06060606060606061,-0.06060606060606061,9,success,success
S2024-436,0001260221,TDG,TransDigm Group,0001260221-24-000083,2024,2024-11-07,1.0.3,0.3.0,5,0.03816793893129771,7,0.05343511450381679,3,0.022900763358778626,1,0.007633587786259542,0,0.0,131,success,1,0,0.007633587786259542,0.0,1.0,0.007633587786259542,0.007633587786259542,14,success,success
S2024-437,0000086312,TRV,Travelers Companies (The),0000086312-25-000012,2024,2025-02-13,1.0.3,0.3.0,12,0.021937842778793418,11,0.02010968921389397,5,0.009140767824497258,0,0.0,7,0.012797074954296161,547,success,7,14,0.012797074954296161,0.025594149908592323,-0.3333333333333333,0.038391224862888484,-0.012797074954296161,44,success,success
S2024-438,0000092230,TFC,Truist Financial,0000092230-25-000020,2024,2025-02-25,1.0.3,0.3.0,7,0.029288702928870293,2,0.008368200836820083,3,0.012552301255230125,0,0.0,1,0.0041841004184100415,239,success,3,9,0.012552301255230125,0.03765690376569038,-0.5,0.0502092050209205,-0.02510460251046025,20,success,success
S2024-439,0000860731,TYL,Tyler Technologies,0000860731-25-000007,2024,2025-02-19,1.0.3,0.3.0,18,0.03441682600382409,18,0.03441682600382409,10,0.019120458891013385,1,0.0019120458891013384,2,0.0038240917782026767,523,success,11,32,0.021032504780114723,0.06118546845124283,-0.4883720930232558,0.08221797323135756,-0.040152963671128104,76,success,success
S2024-440,0000100493,TSN,Tyson Foods,0000100493-24-000119,2024,2024-11-12,1.0.3,0.3.0,15,0.029239766081871343,17,0.03313840155945419,4,0.007797270955165692,0,0.0,2,0.003898635477582846,513,success,3,18,0.005847953216374269,0.03508771929824561,-0.7142857142857143,0.04093567251461988,-0.029239766081871343,49,success,success
S2024-441,0000036104,USB,U.S. Bancorp,0000036104-25-000016,2024,2025-02-21,1.0.3,0.3.0,,,,,,,,,,,0,warning_denominator_zero,,,,,,,,,warning_denominator_zero,warning_denominator_zero
S2024-442,0000074208,UDR,"UDR, Inc.",0000074208-25-000010,2024,2025-02-18,1.0.3,0.3.0,0,0.0,0,0.0,0,0.0,1,0.05263157894736842,0,0.0,19,success,0,0,0.0,0.0,,0.0,0.0,1,success,success
S2024-443,0001543151,UBER,Uber,0001543151-25-000008,2024,2025-02-14,1.0.3,0.3.0,28,0.055776892430278883,14,0.027888446215139442,16,0.03187250996015936,0,0.0,5,0.0099601593625498,502,success,1,27,0.00199203187250996,0.053784860557768925,-0.9285714285714286,0.055776892430278883,-0.05179282868525897,72,success,success
S2024-444,0001403568,ULTA,Ulta Beauty,0001558370-24-003941,2024,2024-03-26,1.0.3,0.3.0,0,0.0,0,0.0,0,0.0,0,0.0,0,0.0,97,success,1,0,0.010309278350515464,0.0,1.0,0.010309278350515464,0.010309278350515464,1,success,success
S2024-445,0000100885,UNP,Union Pacific Corporation,0000100885-25-000042,2024,2025-02-07,1.0.3,0.3.0,2,0.07407407407407407,0,0.0,1,0.037037037037037035,0,0.0,0,0.0,27,success,0,2,0.0,0.07407407407407407,-1.0,0.07407407407407407,-0.07407407407407407,4,success,success
S2024-446,0000100517,UAL,United Airlines Holdings,0000100517-25-000046,2024,2025-02-27,1.0.3,0.3.0,11,0.035830618892508145,3,0.009771986970684038,9,0.029315960912052116,0,0.0,3,0.009771986970684038,307,success,1,19,0.003257328990228013,0.06188925081433225,-0.9,0.06514657980456026,-0.05863192182410423,34,success,success
S2024-447,0001090727,UPS,United Parcel Service,0001090727-25-000019,2024,2025-02-18,1.0.3,0.3.0,2,0.11764705882352941,0,0.0,1,0.058823529411764705,0,0.0,0,0.0,17,success,0,0,0.0,0.0,,0.0,0.0,2,success,success
S2024-448,0001067701,URI,United Rentals,0001067701-25-000008,2024,2025-01-29,1.0.3,0.3.0,0,0.0,0,0.0,0,0.0,0,0.0,1,0.03225806451612903,31,success,2,5,0.06451612903225806,0.16129032258064516,-0.42857142857142855,0.22580645161290322,-0.0967741935483871,7,success,success
S2024-449,0000731766,UNH,UnitedHealth Group,0000731766-25-000063,2024,2025-02-27,1.0.3,0.3.0,11,0.0196078431372549,15,0.026737967914438502,9,0.016042780748663103,4,0.0071301247771836,6,0.0106951871657754,561,success,5,25,0.008912655971479501,0.044563279857397504,-0.6666666666666666,0.053475935828877004,-0.035650623885918005,63,success,success
S2024-450,0000352915,UHS,Universal Health Services,0000950170-25-027785,2024,2025-02-26,1.0.3,0.3.0,,,,,,,,,,,0,warning_denominator_zero,,,,,,,,,warning_denominator_zero,warning_denominator_zero
S2024-451,0001035002,VLO,Valero Energy,0001035002-25-000005,2024,2025-02-26,1.0.3,0.3.0,3,0.01948051948051948,2,0.012987012987012988,0,0.0,2,0.012987012987012988,5,0.032467532467532464,154,success,1,8,0.006493506493506494,0.05194805194805195,-0.7777777777777778,0.05844155844155844,-0.045454545454545456,19,success,success
S2024-452,0000740260,VTR,Ventas,0000740260-25-000052,2024,2025-02-13,1.0.3,0.3.0,1,0.02857142857142857,1,0.02857142857142857,1,0.02857142857142857,0,0.0,0,0.0,35,success,1,2,0.02857142857142857,0.05714285714285714,-0.3333333333333333,0.08571428571428572,-0.02857142857142857,4,success,success
S2024-453,0001967680,VLTO,Veralto,0001967680-25-000008,2024,2025-02-25,1.0.3,0.3.0,,,,,,,,,,,0,warning_denominator_zero,,,,,,,,,warning_denominator_zero,warning_denominator_zero
S2024-454,0001014473,VRSN,Verisign,0001014473-25-000006,2024,2025-02-13,1.0.3,0.3.0,2,0.038461538461538464,0,0.0,1,0.019230769230769232,0,0.0,0,0.0,52,success,2,0,0.038461538461538464,0.0,1.0,0.038461538461538464,0.038461538461538464,4,success,success
S2024-455,0001442145,VRSK,Verisk Analytics,0001437749-25-005160,2024,2025-02-26,1.0.3,0.3.0,9,0.02,4,0.008888888888888889,7,0.015555555555555555,2,0.0044444444444444444,0,0.0,450,success,6,14,0.013333333333333334,0.03111111111111111,-0.4,0.044444444444444446,-0.017777777777777778,34,success,success
S2024-456,0000732712,VZ,Verizon,0000732712-25-000006,2024,2025-02-12,1.0.3,0.3.0,6,0.024193548387096774,5,0.020161290322580645,3,0.012096774193548387,2,0.008064516129032258,2,0.008064516129032258,248,success,12,5,0.04838709677419355,0.020161290322580645,0.4117647058823529,0.06854838709677419,0.028225806451612902,31,success,success
S2024-457,0000875320,VRTX,Vertex Pharmaceuticals,0000875320-25-000053,2024,2025-02-13,1.0.3,0.3.0,4,0.08163265306122448,0,0.0,2,0.04081632653061224,0,0.0,0,0.0,49,success,0,3,0.0,0.061224489795918366,-1.0,0.061224489795918366,-0.061224489795918366,7,success,success
S2024-458,0001792044,VTRS,Viatris,0001792044-25-000008,2024,2025-02-27,1.0.3,0.3.0,5,0.030864197530864196,7,0.043209876543209874,5,0.030864197530864196,0,0.0,3,0.018518518518518517,162,success,1,2,0.006172839506172839,0.012345679012345678,-0.3333333333333333,0.018518518518518517,-0.006172839506172839,18,success,success
S2024-459,0001705696,VICI,Vici Properties,0001705696-25-000033,2024,2025-02-20,1.0.3,0.3.0,,,,,,,,,,,0,warning_denominator_zero,,,,,,,,,warning_denominator_zero,warning_denominator_zero
S2024-460,0001403161,V,Visa Inc.,0001403161-24-000058,2024,2024-11-13,1.0.3,0.3.0,30,0.02827521206409048,27,0.02544769085768143,10,0.00942507068803016,2,0.001885014137606032,16,0.015080113100848256,1061,success,13,43,0.012252591894439209,0.04052780395852969,-0.5357142857142857,0.0527803958529689,-0.02827521206409048,121,success,success
S2024-461,0001692819,VST,Vistra Corp.,0001692819-25-000013,2024,2025-02-28,1.0.3,0.3.0,5,0.013774104683195593,2,0.005509641873278237,3,0.008264462809917356,1,0.0027548209366391185,0,0.0,363,success,5,16,0.013774104683195593,0.0440771349862259,-0.5238095238095238,0.05785123966942149,-0.030303030303030304,27,success,success
S2024-462,0001396009,VMC,Vulcan Materials Company,0001396009-25-000005,2024,2025-02-20,1.0.3,0.3.0,2,0.1,0,0.0,1,0.05,0,0.0,0,0.0,20,success,0,0,0.0,0.0,,0.0,0.0,2,success,success
S2024-463,0000011544,WRB,W. R. Berkley Corporation,0000011544-25-000005,2024,2025-02-24,1.0.3,0.3.0,26,0.043333333333333335,18,0.03,10,0.016666666666666666,3,0.005,4,0.006666666666666667,600,success,3,19,0.005,0.03166666666666667,-0.7272727272727273,0.03666666666666667,-0.02666666666666667,72,success,success
S2024-464,0000277135,GWW,W. W. Grainger,0000277135-25-000010,2024,2025-02-20,1.0.3,0.3.0,35,0.03535353535353535,23,0.023232323232323233,19,0.01919191919191919,3,0.0030303030303030303,11,0.011111111111111112,990,success,10,64,0.010101010101010102,0.06464646464646465,-0.7297297297297297,0.07474747474747474,-0.05454545454545454,136,success,success
S2024-465,0000783325,WEC,WEC Energy Group,0000107815-25-000103,2024,2025-02-21,1.0.3,0.3.0,15,0.043859649122807015,12,0.03508771929824561,9,0.02631578947368421,1,0.0029239766081871343,3,0.008771929824561403,342,success,7,20,0.02046783625730994,0.05847953216374269,-0.48148148148148145,0.07894736842105263,-0.038011695906432746,56,success,success
S2024-466,0000943452,WAB,Wabtec,0001628280-25-005100,2024,2025-02-12,1.0.3,0.3.0,0,0.0,0,0.0,0,0.0,1,0.027777777777777776,0,0.0,36,success,1,0,0.027777777777777776,0.0,1.0,0.027777777777777776,0.027777777777777776,2,success,success
S2024-467,0000104169,WMT,Walmart,0000104169-24-000056,2024,2024-03-15,1.0.3,0.3.0,1,0.0125,0,0.0,1,0.0125,0,0.0,0,0.0,80,success,1,0,0.0125,0.0,1.0,0.0125,0.0125,2,success,success
S2024-468,0001744489,DIS,Walt Disney Company (The),0001744489-24-000276,2024,2024-11-14,1.0.3,0.3.0,9,0.03474903474903475,5,0.019305019305019305,7,0.02702702702702703,0,0.0,3,0.011583011583011582,259,success,0,6,0.0,0.023166023166023165,-1.0,0.023166023166023165,-0.023166023166023165,23,success,success
S2024-469,0001437107,WBD,Warner Bros. Discovery,0001437107-25-000031,2024,2025-02-27,1.0.3,0.3.0,9,0.04522613065326633,7,0.035175879396984924,7,0.035175879396984924,0,0.0,0,0.0,199,success,3,13,0.01507537688442211,0.06532663316582915,-0.625,0.08040201005025126,-0.05025125628140704,29,success,success
S2024-470,0000823768,WM,Waste Management,0001558370-25-001132,2024,2025-02-19,1.0.3,0.3.0,10,0.033783783783783786,9,0.030405405405405407,5,0.016891891891891893,1,0.0033783783783783786,0,0.0,296,success,4,15,0.013513513513513514,0.05067567567567568,-0.5789473684210527,0.06418918918918919,-0.037162162162162164,38,success,success
S2024-471,0001000697,WAT,Waters Corporation,0001193125-25-034579,2024,2025-02-25,1.0.3,0.3.0,13,0.04024767801857585,10,0.030959752321981424,5,0.015479876160990712,1,0.0030959752321981426,1,0.0030959752321981426,323,success,5,18,0.015479876160990712,0.05572755417956656,-0.5652173913043478,0.07120743034055728,-0.04024767801857585,48,success,success
S2024-472,0000072971,WFC,Wells Fargo,0000072971-25-000066,2024,2025-02-25,1.0.3,0.3.0,,,,,,,,,,,0,warning_denominator_zero,,,,,,,,,warning_denominator_zero,warning_denominator_zero
S2024-473,0000766704,WELL,Welltower,0000766704-25-000009,2024,2025-02-12,1.0.3,0.3.0,29,0.05390334572490706,14,0.026022304832713755,21,0.03903345724907063,0,0.0,5,0.00929368029739777,538,success,4,26,0.007434944237918215,0.048327137546468404,-0.7333333333333333,0.055762081784386616,-0.040892193308550186,74,success,success
S2024-474,0000105770,WST,West Pharmaceutical Services,0000105770-25-000013,2024,2025-02-18,1.0.3,0.3.0,,,,,,,,,,,0,warning_denominator_zero,,,,,,,,,warning_denominator_zero,warning_denominator_zero
S2024-475,0000106040,WDC,Western Digital,0000106040-24-000031,2024,2024-08-20,1.0.3,0.3.0,1,0.005376344086021506,0,0.0,0,0.0,1,0.005376344086021506,1,0.005376344086021506,186,success,2,0,0.010752688172043012,0.0,1.0,0.010752688172043012,0.010752688172043012,5,success,success
S2024-476,0000106535,WY,Weyerhaeuser,0000950170-25-021254,2024,2025-02-14,1.0.3,0.3.0,2,0.02564102564102564,0,0.0,1,0.01282051282051282,0,0.0,0,0.0,78,success,3,0,0.038461538461538464,0.0,1.0,0.038461538461538464,0.038461538461538464,5,success,success
S2024-477,0000107263,WMB,Williams Companies,0000107263-25-000031,2024,2025-02-25,1.0.3,0.3.0,4,0.044444444444444446,0,0.0,2,0.022222222222222223,0,0.0,0,0.0,90,success,2,2,0.022222222222222223,0.022222222222222223,0.0,0.044444444444444446,0.0,8,success,success
S2024-478,0001140536,WTW,Willis Towers Watson,0000950170-25-026278,2024,2025-02-25,1.0.3,0.3.0,17,0.032818532818532815,12,0.023166023166023165,7,0.013513513513513514,0,0.0,1,0.0019305019305019305,518,success,4,25,0.007722007722007722,0.04826254826254826,-0.7241379310344828,0.055984555984555984,-0.04054054054054054,57,success,success
S2024-479,0001327811,WDAY,"Workday, Inc.",0001327811-24-000044,2024,2024-03-08,1.0.3,0.3.0,13,0.01631116687578419,9,0.011292346298619825,9,0.011292346298619825,3,0.0037641154328732747,2,0.002509410288582183,797,success,17,17,0.02132998745294856,0.02132998745294856,0.0,0.04265997490589712,0.0,58,success,success
S2024-480,0001174922,WYNN,Wynn Resorts,0001174922-25-000039,2024,2025-02-13,1.0.3,0.3.0,,,,,,,,,,,0,warning_denominator_zero,,,,,,,,,warning_denominator_zero,warning_denominator_zero
S2024-481,0000072903,XEL,Xcel Energy,0000072903-25-000029,2024,2025-02-27,1.0.3,0.3.0,2,0.030303030303030304,0,0.0,0,0.0,0,0.0,0,0.0,66,success,0,2,0.0,0.030303030303030304,-1.0,0.030303030303030304,-0.030303030303030304,4,success,success
S2024-482,0001524472,XYL,Xylem Inc.,0001524472-25-000013,2024,2025-03-03,1.0.3,0.3.0,4,0.010471204188481676,8,0.020942408376963352,4,0.010471204188481676,0,0.0,4,0.010471204188481676,382,success,12,8,0.031413612565445025,0.020942408376963352,0.2,0.05235602094240838,0.010471204188481676,35,success,success
S2024-483,0001041061,YUM,Yum! Brands,0001041061-25-000013,2024,2025-02-19,1.0.3,0.3.0,12,0.021052631578947368,8,0.014035087719298246,7,0.012280701754385965,0,0.0,1,0.0017543859649122807,570,success,9,19,0.015789473684210527,0.03333333333333333,-0.35714285714285715,0.04912280701754386,-0.017543859649122806,48,success,success
S2024-484,0000877212,ZBRA,Zebra Technologies,0000877212-25-000027,2024,2025-02-13,1.0.3,0.3.0,13,0.024528301886792454,8,0.01509433962264151,10,0.018867924528301886,1,0.0018867924528301887,8,0.01509433962264151,530,success,3,14,0.005660377358490566,0.026415094339622643,-0.6470588235294118,0.03207547169811321,-0.020754716981132074,47,success,success
S2024-485,0001136869,ZBH,Zimmer Biomet,0000950170-25-026604,2024,2025-02-25,1.0.3,0.3.0,7,0.01282051282051282,6,0.01098901098901099,1,0.0018315018315018315,0,0.0,6,0.01098901098901099,546,success,3,9,0.005494505494505495,0.016483516483516484,-0.5,0.02197802197802198,-0.01098901098901099,31,success,success
S2024-486,0001555280,ZTS,Zoetis,0001555280-25-000102,2024,2025-02-13,1.0.3,0.3.0,3,0.023622047244094488,1,0.007874015748031496,2,0.015748031496062992,0,0.0,0,0.0,127,success,1,3,0.007874015748031496,0.023622047244094488,-0.5,0.031496062992125984,-0.015748031496062992,7,success,success
S2024-487,0001065088,EBAY,eBay Inc.,0001065088-25-000037,2024,2025-02-27,1.0.3,0.3.0,30,0.02159827213822894,25,0.017998560115190784,23,0.01655867530597552,4,0.0028797696184305254,13,0.009359251259899209,1389,success,12,49,0.008639308855291577,0.035277177825773935,-0.6065573770491803,0.043916486681065514,-0.02663786897048236,129,success,success
