company_id,cik,ticker,company_name,accession_number,report_year,filing_date,parser_version,language_measurement_version,report_concreteness_mean,report_concreteness_median,report_concreteness_standard_deviation,report_concreteness_min,report_concreteness_max,report_concreteness_matched_token_count,report_concreteness_eligible_token_count,report_concreteness_unmatched_token_count,report_concreteness_coverage,report_concreteness_unique_dictionary_entries,report_concreteness_stem_collision_count,report_concreteness_status
S2024-001,0000066740,MMM,3M,0000066740-25-000006,2024,2025-02-05,1.0.3,0.3.0,2.9344219629927593,2.82,0.8303616624646626,1.26,5.0,24860,34953,10093,0.7112408090864876,2272,6517,warning_stem_collisions
S2024-002,0000091142,AOS,A. O. Smith,0000091142-25-000036,2024,2025-02-11,1.0.3,0.3.0,2.96577161301579,2.87,0.8596707966268543,1.26,5.0,11463,14772,3309,0.7759951259138912,1615,2438,warning_stem_collisions
S2024-003,0000874761,AES,AES Corporation,0000874761-25-000013,2024,2025-03-11,1.0.3,0.3.0,2.9059662014984324,2.82,0.8065012487101997,1.19,5.0,41777,58306,16529,0.7165128803210647,2783,10050,warning_stem_collisions
S2024-004,0001841666,APA,APA Corporation,0002040266-25-000007,2024,2025-02-28,1.0.3,0.3.0,2.964869422599773,2.83,0.8462632460060737,1.19,5.0,23779,33114,9335,0.7180950655311953,2188,5906,warning_stem_collisions
S2024-005,0000732717,T,AT&T,0000732717-25-000013,2024,2025-02-12,1.0.3,0.3.0,2.898084145901047,2.81,0.8058681164511706,1.26,5.0,16614,22467,5853,0.7394845773801576,1986,4351,warning_stem_collisions
S2024-006,0001551152,ABBV,AbbVie,0001551152-25-000020,2024,2025-02-14,1.0.3,0.3.0,2.8785283443234677,2.75,0.8126262509041865,1.19,5.0,19563,27528,7965,0.7106582388840453,2280,4896,warning_stem_collisions
S2024-007,0000001800,ABT,Abbott Laboratories,0001628280-25-007110,2024,2025-02-21,1.0.3,0.3.0,2.9049673290670257,2.82,0.7869606043951393,1.3,5.0,14845,20798,5953,0.7137705548610443,1909,3789,warning_stem_collisions
S2024-008,0001467373,ACN,Accenture,0001467373-24-000278,2024,2024-10-10,1.0.3,0.3.0,2.8423434608726796,2.74,0.8118604263424402,1.19,5.0,16753,22138,5385,0.7567530942271208,2081,4061,warning_stem_collisions
S2024-009,0000796343,ADBE,Adobe Inc.,0000796343-25-000004,2024,2025-01-13,1.0.3,0.3.0,2.9261268317331988,2.82,0.8408816934128994,1.23,5.0,19790,26497,6707,0.7468770049439559,2325,5223,warning_stem_collisions
S2024-010,0000002488,AMD,Advanced Micro Devices,0000002488-25-000012,2024,2025-02-05,1.0.3,0.3.0,2.896921307704945,2.82,0.829397933333264,1.19,5.0,18261,25502,7241,0.7160614853736962,2093,4831,warning_stem_collisions
S2024-011,0000004977,AFL,Aflac,0000004977-25-000047,2024,2025-02-26,1.0.3,0.3.0,2.9141357400265537,2.76,0.8435610956875396,1.19,5.0,31634,43209,11575,0.7321159943530283,2179,7554,warning_stem_collisions
S2024-012,0001090872,A,Agilent Technologies,0001090872-24-000049,2024,2024-12-20,1.0.3,0.3.0,2.8898062227074237,2.81,0.7757111908207345,1.04,5.0,25648,34029,8381,0.753710070821946,2189,6182,warning_stem_collisions
S2024-013,0000002969,APD,Air Products,0000002969-24-000056,2024,2024-11-21,1.0.3,0.3.0,2.8943923703097156,2.79,0.810523125277483,1.04,5.0,20761,27384,6623,0.75814344142565,2021,4925,warning_stem_collisions
S2024-014,0001559720,ABNB,Airbnb,0001559720-25-000010,2024,2025-02-13,1.0.3,0.3.0,2.851622830089427,2.74,0.8195825835179443,1.19,5.0,22812,30538,7726,0.7470037330539001,2265,5929,warning_stem_collisions
S2024-015,0001086222,AKAM,Akamai Technologies,0001086222-25-000028,2024,2025-02-24,1.0.3,0.3.0,2.870869406297321,2.75,0.7990420555821569,1.19,5.0,19151,25585,6434,0.7485245260895056,2108,4818,warning_stem_collisions
S2024-016,0000915913,ALB,Albemarle Corporation,0000915913-25-000026,2024,2025-02-12,1.0.3,0.3.0,2.9186489974503447,2.8,0.8391045955289089,1.26,5.0,31769,42587,10818,0.7459788198276469,2683,7587,warning_stem_collisions
S2024-017,0001035443,ARE,Alexandria Real Estate Equities,0001035443-25-000067,2024,2025-01-27,1.0.3,0.3.0,2.892473220603665,2.76,0.820475447733683,1.26,5.0,40983,53720,12737,0.7629002233804915,2775,9388,warning_stem_collisions
S2024-018,0001097149,ALGN,Align Technology,0001097149-25-000012,2024,2025-02-28,1.0.3,0.3.0,2.884258551453868,2.82,0.8132847858738734,1.04,5.0,20669,28303,7634,0.7302759424795958,2503,5598,warning_stem_collisions
S2024-019,0001579241,ALLE,Allegion,0001579241-25-000008,2024,2025-02-18,1.0.3,0.3.0,2.8393494096960565,2.75,0.795807198354794,1.04,5.0,15924,21249,5325,0.7493999717633771,1986,4053,warning_stem_collisions
S2024-020,0000352541,LNT,Alliant Energy,0000352541-25-000014,2024,2025-02-21,1.0.3,0.3.0,2.917173001427552,2.86,0.8055675607801521,1.26,5.0,22416,32117,9701,0.697948127160071,1945,5638,warning_stem_collisions
S2024-021,0000899051,ALL,Allstate,0000899051-25-000015,2024,2025-02-24,1.0.3,0.3.0,2.825284545770971,2.74,0.767122845398128,1.19,5.0,34476,46203,11727,0.7461853126420362,2395,8294,warning_stem_collisions
S2024-022,0001652044,GOOGL|GOOG,Alphabet Inc. (Class A)|Alphabet Inc. (Class C),0001652044-25-000014,2024,2025-02-05,1.0.3,0.3.0,2.9061180349857487,2.82,0.8227753032359074,1.23,5.0,17893,23663,5770,0.7561594049782361,2122,4538,warning_stem_collisions
S2024-023,0000764180,MO,Altria,0000764180-25-000019,2024,2025-02-26,1.0.3,0.3.0,2.9258579770201543,2.82,0.8365442978103637,1.26,5.0,26545,36965,10420,0.7181117273096173,2277,6756,warning_stem_collisions
S2024-024,0001018724,AMZN,Amazon,0001018724-25-000004,2024,2025-02-07,1.0.3,0.3.0,2.9212360660364047,2.85,0.8116207867012801,1.19,5.0,14174,18867,4693,0.7512588116817724,1736,3779,warning_stem_collisions
S2024-025,0001748790,AMCR,Amcor,0001748790-24-000022,2024,2024-08-16,1.0.3,0.3.0,2.8747834912043304,2.76,0.8233221606866615,1.04,5.0,17736,23499,5763,0.7547555215115537,1976,4288,warning_stem_collisions
S2024-026,0001002910,AEE,Ameren,0001002910-25-000055,2024,2025-02-18,1.0.3,0.3.0,2.9069956420685648,2.85,0.7899868859992142,1.19,5.0,34420,49966,15546,0.6888684305327623,2120,8479,warning_stem_collisions
S2024-027,0000004904,AEP,American Electric Power,0000004904-25-000027,2024,2025-02-13,1.0.3,0.3.0,2.8740321612616153,2.79,0.7946501633401409,1.26,5.0,48319,67869,19550,0.7119450706508126,2548,11427,warning_stem_collisions
S2024-028,0000004962,AXP,American Express,0000004962-25-000016,2024,2025-02-07,1.0.3,0.3.0,2.844965813028344,2.72,0.8164629107067536,1.26,5.0,32176,42533,10357,0.7564949568570286,2491,7956,warning_stem_collisions
S2024-029,0000005272,AIG,American International Group,0000005272-25-000012,2024,2025-02-13,1.0.3,0.3.0,2.78414114018294,2.69,0.7700173016443391,1.19,5.0,37608,49712,12104,0.7565175410363695,2495,8785,warning_stem_collisions
S2024-030,0001053507,AMT,American Tower,0001053507-25-000025,2024,2025-02-25,1.0.3,0.3.0,2.9290698012955816,2.83,0.8070781978313499,1.19,5.0,27478,37509,10031,0.7325708496627477,2099,6761,warning_stem_collisions
S2024-031,0001410636,AWK,American Water Works,0001410636-25-000022,2024,2025-02-19,1.0.3,0.3.0,2.9548636073350973,2.85,0.8568416324183303,1.19,5.0,32883,44781,11898,0.734306960541301,2573,8082,warning_stem_collisions
S2024-032,0000820027,AMP,Ameriprise Financial,0000820027-25-000013,2024,2025-02-20,1.0.3,0.3.0,2.8707329098608594,2.74,0.7858209809386011,1.19,5.0,33060,43929,10869,0.7525780236290378,2286,7575,warning_stem_collisions
S2024-033,0001037868,AME,Ametek,0001037868-25-000012,2024,2025-02-20,1.0.3,0.3.0,2.902940433925049,2.86,0.8043181345342402,1.04,5.0,12675,16689,4014,0.7594822937264066,1709,2918,warning_stem_collisions
S2024-034,0000318154,AMGN,Amgen,0000318154-25-000010,2024,2025-02-14,1.0.3,0.3.0,2.8898510099326713,2.81,0.802395628862387,1.19,5.0,30002,42346,12344,0.7084966702876305,2711,7913,warning_stem_collisions
S2024-035,0000820313,APH,Amphenol,0001558370-25-000714,2024,2025-02-07,1.0.3,0.3.0,2.941610256801618,2.86,0.816599217925749,1.19,5.0,26207,34529,8322,0.758985200845666,1901,6257,warning_stem_collisions
S2024-036,0000006281,ADI,Analog Devices,0000006281-24-000204,2024,2024-11-26,1.0.3,0.3.0,2.8548227194492255,2.74,0.8011684597338049,1.04,5.0,17430,23065,5635,0.7556904400606981,2042,4504,warning_stem_collisions
S2024-037,0000315293,AON,Aon plc,0001628280-25-006093,2024,2025-02-18,1.0.3,0.3.0,2.8342441886912617,2.76,0.7738784409623408,1.19,4.97,21983,29335,7352,0.7493778762570309,2080,5380,warning_stem_collisions
S2024-038,0001858681,APO,Apollo Global Management,0001858681-25-000034,2024,2025-02-24,1.0.3,0.3.0,2.8429030576064735,2.72,0.7916274642269946,1.19,5.0,47946,64444,16498,0.7439947861709391,2696,11061,warning_stem_collisions
S2024-039,0000320193,AAPL,Apple Inc.,0000320193-24-000123,2024,2024-11-01,1.0.3,0.3.0,2.948264826175869,2.86,0.8672858878464987,1.26,5.0,9780,13357,3577,0.7322003443887101,1493,2580,warning_stem_collisions
S2024-040,0000006951,AMAT,Applied Materials,0000006951-24-000044,2024,2024-12-13,1.0.3,0.3.0,2.866465900182911,2.76,0.8161362254327041,1.29,5.0,15308,20236,4928,0.7564736113856494,1847,4101,warning_stem_collisions
S2024-041,0001521332,APTV,Aptiv,0001521332-25-000010,2024,2025-02-07,1.0.3,0.3.0,2.8749052495492124,2.77,0.8040135000956129,1.26,5.0,29393,39754,10361,0.7393721386527142,2279,6988,warning_stem_collisions
S2024-042,0000947484,ACGL,Arch Capital Group,0000947484-25-000017,2024,2025-02-27,1.0.3,0.3.0,2.8447657792114005,2.76,0.7907283589875738,1.19,5.0,41542,55560,14018,0.7476961843052555,2677,9430,warning_stem_collisions
S2024-043,0000007084,ADM,Archer Daniels Midland,0000007084-25-000011,2024,2025-02-20,1.0.3,0.3.0,2.9588566027545236,2.87,0.8409838603226987,1.04,5.0,18515,25546,7031,0.7247710013309324,2116,4756,warning_stem_collisions
S2024-044,0001596532,ANET,Arista Networks,0001596532-25-000028,2024,2025-02-19,1.0.3,0.3.0,2.8585636856368564,2.79,0.8047881951242352,1.19,5.0,24723,33497,8774,0.7380660954712362,2538,6820,warning_stem_collisions
S2024-045,0000354190,AJG,Arthur J. Gallagher & Co.,0000950170-25-021775,2024,2025-02-18,1.0.3,0.3.0,2.8365237370094305,2.74,0.7780561091846508,1.19,5.0,37431,48760,11329,0.7676579163248565,2171,8501,warning_stem_collisions
S2024-046,0001267238,AIZ,Assurant,0001267238-25-000008,2024,2025-02-20,1.0.3,0.3.0,2.819597030752916,2.74,0.7926620755963695,1.19,5.0,30176,39650,9474,0.7610592686002522,2347,7541,warning_stem_collisions
S2024-047,0000731802,ATO,Atmos Energy,0000731802-24-000030,2024,2024-11-18,1.0.3,0.3.0,2.877798282347931,2.79,0.7975796529309316,1.26,5.0,14089,18424,4335,0.7647090751194094,1645,3142,warning_stem_collisions
S2024-048,0000866787,AZO,AutoZone,0001558370-24-013758,2024,2024-10-28,1.0.3,0.3.0,2.940391148325359,2.86,0.8270782306617473,1.19,5.0,16720,22091,5371,0.7568693132950071,1795,3969,warning_stem_collisions
S2024-049,0000769397,ADSK,Autodesk,0000769397-24-000090,2024,2024-06-10,1.0.3,0.3.0,2.887319329484593,2.8,0.8096925743097938,1.26,5.0,28754,38962,10208,0.7380011293054771,2470,6980,warning_stem_collisions
S2024-050,0000008670,ADP,Automatic Data Processing,0000008670-24-000024,2024,2024-08-07,1.0.3,0.3.0,2.893795470584461,2.82,0.8072400563812686,1.23,4.97,15587,21165,5578,0.7364516891093786,2016,3820,warning_stem_collisions
S2024-051,0000915912,AVB,AvalonBay Communities,0000915912-25-000005,2024,2025-02-27,1.0.3,0.3.0,2.88642403051494,2.74,0.8183164491039595,1.19,5.0,18876,25033,6157,0.7540446610474174,1909,4631,warning_stem_collisions
S2024-052,0000008818,AVY,Avery Dennison,0000008818-25-000003,2024,2025-02-26,1.0.3,0.3.0,2.887331962006171,2.76,0.8149273493763718,1.26,4.97,16529,22109,5580,0.7476140938079515,1932,4230,warning_stem_collisions
S2024-053,0001069183,AXON,Axon Enterprise,0001069183-25-000019,2024,2025-02-28,1.0.3,0.3.0,2.8495766519823786,2.74,0.8083260244144185,1.19,5.0,22700,30463,7763,0.745166267275055,2477,5622,warning_stem_collisions
S2024-054,0001037540,BXP,"BXP, Inc.",0001656423-25-000009,2024,2025-02-27,1.0.3,0.3.0,2.907839365511527,2.79,0.8249283439031705,1.19,5.0,33791,45540,11749,0.7420070267896355,2332,7517,warning_stem_collisions
S2024-055,0001701605,BKR,Baker Hughes,0001701605-25-000035,2024,2025-02-04,1.0.3,0.3.0,2.906575887713418,2.82,0.8346851783731679,1.26,5.0,19094,25716,6622,0.742494944781459,2354,4793,warning_stem_collisions
S2024-056,0000009389,BALL,Ball Corporation,0001558370-25-001190,2024,2025-02-20,1.0.3,0.3.0,2.980555756979334,2.86,0.8696023770847813,1.19,5.0,19307,25548,6241,0.7557147330515109,1773,4544,warning_stem_collisions
S2024-057,0000070858,BAC,Bank of America,0000070858-25-000139,2024,2025-02-25,1.0.3,0.3.0,2.8464974701759274,2.72,0.8010716133893504,1.26,5.0,43086,57522,14436,0.7490351517680192,2547,10460,warning_stem_collisions
S2024-058,0001390777,BK,Bank of New York Mellon,0001390777-25-000046,2024,2025-02-27,1.0.3,0.3.0,2.921642800318218,2.76,0.8530261810558342,1.19,4.96,2514,3368,854,0.746437054631829,737,554,warning_stem_collisions
S2024-059,0000010456,BAX,Baxter International,0001628280-25-007201,2024,2025-02-21,1.0.3,0.3.0,2.872345353047676,2.76,0.8109998794010295,1.26,5.0,26512,35906,9394,0.7383724168662619,2255,7113,warning_stem_collisions
S2024-060,0000010795,BDX,Becton Dickinson,0000010795-24-000084,2024,2024-11-27,1.0.3,0.3.0,2.8695807724978764,2.77,0.796433142452212,1.19,5.0,20013,27564,7551,0.7260557248585111,2118,5261,warning_stem_collisions
S2024-061,0001067983,BRK-B,Berkshire Hathaway,0000950170-25-025210,2024,2025-02-24,1.0.3,0.3.0,2.9428332573772362,2.86,0.836663922489032,1.26,5.0,35108,48266,13158,0.7273857373720631,2535,8899,warning_stem_collisions
S2024-062,0000764478,BBY,Best Buy,0000764478-24-000010,2024,2024-03-15,1.0.3,0.3.0,2.8757510166601072,2.79,0.8115505744954379,1.19,5.0,15246,19841,4595,0.7684088503603649,1974,3580,warning_stem_collisions
S2024-063,0000842023,TECH,Bio-Techne,0001558370-24-012430,2024,2024-08-22,1.0.3,0.3.0,2.8648693937900442,2.79,0.7932627131534193,1.19,5.0,20290,26795,6505,0.7572308266467624,2055,4900,warning_stem_collisions
S2024-064,0000875045,BIIB,Biogen,0000875045-25-000009,2024,2025-02-12,1.0.3,0.3.0,2.8598275710131307,2.76,0.7768406148546528,1.04,5.0,34043,46277,12234,0.7356354128400717,2506,7537,warning_stem_collisions
S2024-065,0002012383,BLK,BlackRock,0000950170-25-026584,2024,2025-02-25,1.0.3,0.3.0,2.8826210786370208,2.78,0.7925823409591647,1.26,4.96,42906,59587,16681,0.7200563881383524,2260,10104,warning_stem_collisions
S2024-066,0001393818,BX,Blackstone Inc.,0001193125-25-042469,2024,2025-02-28,1.0.3,0.3.0,2.890446572769953,2.81,0.8117265616581729,1.26,5.0,26625,36078,9453,0.7379843672043905,2160,5989,warning_stem_collisions
S2024-067,0000012927,BA,Boeing,0000012927-25-000015,2024,2025-02-03,1.0.3,0.3.0,2.88794007863435,2.8,0.8067616887460891,1.26,5.0,20093,27228,7135,0.7379535771999413,2007,5428,warning_stem_collisions
S2024-068,0001075531,BKNG,Booking Holdings,0001075531-25-000010,2024,2025-02-20,1.0.3,0.3.0,2.8925718301061836,2.82,0.8111660954511445,1.23,5.0,19212,25611,6399,0.7501464214595291,1983,4946,warning_stem_collisions
S2024-069,0000908255,BWA,BorgWarner,0000908255-25-000007,2024,2025-02-06,1.0.3,0.3.0,2.91265172145497,2.86,0.8053974005713969,1.19,5.0,20564,27667,7103,0.7432681533957423,1935,5096,warning_stem_collisions
S2024-070,0000885725,BSX,Boston Scientific,0000885725-25-000011,2024,2025-02-18,1.0.3,0.3.0,2.8583620689655174,2.74,0.8040498414403664,1.19,5.0,24708,32862,8154,0.7518714624794596,2453,5844,warning_stem_collisions
S2024-071,0000014272,BMY,Bristol Myers Squibb,0000014272-25-000039,2024,2025-02-12,1.0.3,0.3.0,2.884596402815188,2.79,0.8034178093675737,1.26,5.0,23018,32271,9253,0.7132719779368474,2403,5973,warning_stem_collisions
S2024-072,0001730168,AVGO,Broadcom,0001730168-24-000139,2024,2024-12-20,1.0.3,0.3.0,2.8768577187451547,2.81,0.8041500884073186,1.19,5.0,19349,25845,6496,0.7486554459276455,2204,4719,warning_stem_collisions
S2024-073,0001383312,BR,Broadridge Financial Solutions,0001383312-24-000039,2024,2024-08-06,1.0.3,0.3.0,2.890415789473684,2.82,0.7954653426326252,1.28,4.96,19000,25522,6522,0.744455763654886,2054,4674,warning_stem_collisions
S2024-074,0000079282,BRO,Brown & Brown,0000950170-25-019039,2024,2025-02-13,1.0.3,0.3.0,2.877550507066997,2.82,0.7779319617883984,1.26,5.0,25046,33165,8119,0.7551937283280566,1986,5863,warning_stem_collisions
S2024-075,0000014693,BF-B,Brown–Forman,0000014693-24-000086,2024,2024-06-14,1.0.3,0.3.0,2.9389506856905387,2.82,0.8644649764152923,1.19,5.0,14438,19394,4956,0.7444570485717232,2070,3498,warning_stem_collisions
S2024-076,0001316835,BLDR,Builders FirstSource,0000950170-25-023953,2024,2025-02-20,1.0.3,0.3.0,2.910601428506437,2.82,0.8297763909477951,1.19,5.0,21981,29201,7220,0.7527481935550152,2011,5487,warning_stem_collisions
S2024-077,0001996862,BG,Bunge Global,0001996862-25-000008,2024,2025-02-20,1.0.3,0.3.0,2.8908289129358513,2.81,0.8181338913829839,1.26,5.0,28278,38718,10440,0.7303579730357973,2381,6721,warning_stem_collisions
S2024-078,0001043277,CHRW,C.H. Robinson,0001043277-25-000012,2024,2025-02-14,1.0.3,0.3.0,2.9542440063199837,2.86,0.8333345544979991,1.19,5.0,14557,19114,4557,0.7615883645495448,1938,3418,warning_stem_collisions
S2024-079,0001138118,CBRE,CBRE Group,0001138118-25-000005,2024,2025-02-14,1.0.3,0.3.0,2.856917198597501,2.74,0.7890923486895549,1.19,5.0,22246,29378,7132,0.7572333038328001,2062,5278,warning_stem_collisions
S2024-080,0001402057,CDW,CDW Corporation,0001402057-25-000018,2024,2025-02-21,1.0.3,0.3.0,2.8860369019222674,2.82,0.8008229168957715,1.26,5.0,14254,18796,4542,0.7583528410300063,1832,3543,warning_stem_collisions
S2024-081,0001324404,CF,CF Industries,0001324404-25-000006,2024,2025-02-20,1.0.3,0.3.0,2.95063370895432,2.86,0.8255282455788021,1.19,5.0,24759,33580,8821,0.7373138773079214,2160,6242,warning_stem_collisions
S2024-082,0001156375,CME,CME Group,0001156375-25-000021,2024,2025-02-27,1.0.3,0.3.0,2.941777766086179,2.86,0.8219608036609667,1.19,5.0,19007,25942,6935,0.7326728856680287,2120,4859,warning_stem_collisions
S2024-083,0000811156,CMS,CMS Energy,0000811156-25-000036,2024,2025-02-11,1.0.3,0.3.0,2.9221130466340046,2.89,0.7948711356082697,1.19,5.0,22044,31297,9253,0.7043486596159376,2042,6269,warning_stem_collisions
S2024-084,0000277948,CSX,CSX Corporation,0000277948-25-000008,2024,2025-02-27,1.0.3,0.3.0,3.014332760946891,2.9,0.8511820047745368,1.19,5.0,16306,22261,5955,0.7324918018058488,1934,3813,warning_stem_collisions
S2024-085,0000064803,CVS,CVS Health,0000064803-25-000007,2024,2025-02-12,1.0.3,0.3.0,2.880163776050053,2.79,0.8051997574215175,1.26,5.0,43474,59316,15842,0.7329219772068245,2742,11466,warning_stem_collisions
S2024-086,0000813672,CDNS,Cadence Design Systems,0000813672-25-000024,2024,2025-02-21,1.0.3,0.3.0,2.83735745088644,2.72,0.7873442396873641,1.26,5.0,20870,28262,7392,0.7384473851815159,2192,5625,warning_stem_collisions
S2024-087,0001590895,CZR,Caesars Entertainment,0001590895-25-000068,2024,2025-02-25,1.0.3,0.3.0,2.9239563508971265,2.86,0.8114541198121588,1.19,5.0,21123,28891,7768,0.7311273406943338,2251,5326,warning_stem_collisions
S2024-088,0000906345,CPT,Camden Property Trust,0000906345-25-000008,2024,2025-02-20,1.0.3,0.3.0,2.842424928192184,2.73,0.7761201290085996,1.3,5.0,11489,15070,3581,0.7623755806237558,1482,2784,warning_stem_collisions
S2024-089,0000016732,CPB,Campbell's,0000016732-24-000130,2024,2024-09-19,1.0.3,0.3.0,2.9027658716441986,2.82,0.8207126992009456,1.3,5.0,17358,22639,5281,0.7667299792393657,1850,4029,warning_stem_collisions
S2024-090,0000927628,COF,Capital One,0000927628-25-000092,2024,2025-02-20,1.0.3,0.3.0,2.846442773943608,2.72,0.8007374075750867,1.26,5.0,38977,51072,12095,0.7631774749373433,2501,8828,warning_stem_collisions
S2024-091,0001170010,KMX,CarMax,0001170010-24-000034,2024,2024-04-15,1.0.3,0.3.0,2.9201238352870456,2.86,0.8220945393408383,1.26,5.0,16635,21904,5269,0.7594503287070855,1945,3715,warning_stem_collisions
S2024-092,0000721371,CAH,Cardinal Health,0000721371-24-000056,2024,2024-08-14,1.0.3,0.3.0,2.8426441859323615,2.74,0.7835958862943426,1.26,4.97,20373,27016,6643,0.7541086763399467,1924,4936,warning_stem_collisions
S2024-093,0000815097,CCL,Carnival Corporation,0000815097-25-000007,2024,2025-01-27,1.0.3,0.3.0,2.976158865078415,2.865,0.8656522061608412,1.19,5.0,16706,22245,5539,0.7510002247696111,2253,3934,warning_stem_collisions
S2024-094,0001783180,CARR,Carrier Global,0001783180-25-000008,2024,2025-02-11,1.0.3,0.3.0,2.899763044873377,2.82,0.809799305672102,1.26,5.0,20257,27061,6804,0.7485680499611987,2080,4860,warning_stem_collisions
S2024-095,0000018230,CAT,Caterpillar Inc.,0000018230-25-000008,2024,2025-02-14,1.0.3,0.3.0,2.9165077621923827,2.8,0.829753219327244,1.19,5.0,20033,26477,6444,0.7566189522982211,2058,4860,warning_stem_collisions
S2024-096,0001374310,CBOE,Cboe Global Markets,0001628280-25-006984,2024,2025-02-21,1.0.3,0.3.0,2.9528887618684703,2.89,0.8254387549329594,1.26,5.0,31491,44935,13444,0.7008122844108157,2375,8102,warning_stem_collisions
S2024-097,0001306830,CE,Celanese,0001306830-25-000027,2024,2025-02-21,1.0.3,0.3.0,2.915011410740068,2.82,0.8306909578080868,1.19,5.0,21471,29292,7821,0.7329987709954936,2275,5457,warning_stem_collisions
S2024-098,0001140859,COR,Cencora,0001140859-24-000177,2024,2024-11-26,1.0.3,0.3.0,2.874492632894257,2.79,0.8047915298406357,1.26,5.0,19207,25894,6687,0.7417548466826291,2063,4837,warning_stem_collisions
S2024-099,0001071739,CNC,Centene Corporation,0001071739-25-000027,2024,2025-02-18,1.0.3,0.3.0,2.8179832893579597,2.74,0.7636454518622855,1.26,5.0,22740,30509,7769,0.7453538300173719,2254,5560,warning_stem_collisions
S2024-100,0001130310,CNP,CenterPoint Energy,0001130310-25-000040,2024,2025-02-20,1.0.3,0.3.0,2.8973991705402624,2.85,0.8072505890190672,1.19,5.0,35927,51324,15397,0.7000038968124075,2589,9379,warning_stem_collisions
S2024-101,0001100682,CRL,Charles River Laboratories,0001100682-25-000011,2024,2025-02-19,1.0.3,0.3.0,2.875878823300214,2.77,0.8121559602954254,1.04,5.0,25665,34229,8564,0.7498027987963423,2519,6163,warning_stem_collisions
S2024-102,0000316709,SCHW,Charles Schwab Corporation,0000316709-25-000010,2024,2025-02-26,1.0.3,0.3.0,2.9314002704777224,2.82,0.8025566273397275,1.19,5.0,27359,37505,10146,0.7294760698573524,2154,6391,warning_stem_collisions
S2024-103,0001091667,CHTR,Charter Communications,0001091667-25-000034,2024,2025-01-31,1.0.3,0.3.0,2.92135988186978,2.88,0.804916604311138,1.26,5.0,21671,28584,6913,0.7581514133781136,2299,4993,warning_stem_collisions
S2024-104,0000093410,CVX,Chevron Corporation,0000093410-25-000009,2024,2025-02-21,1.0.3,0.3.0,3.01173354168767,2.87,0.886195871957897,1.19,5.0,19838,28398,8560,0.6985703218536516,2213,5330,warning_stem_collisions
S2024-105,0001058090,CMG,Chipotle Mexican Grill,0001058090-25-000014,2024,2025-02-05,1.0.3,0.3.0,2.9312780602268282,2.83,0.8712452897029387,1.19,5.0,12785,16463,3678,0.7765899289315434,1974,2811,warning_stem_collisions
S2024-106,0000896159,CB,Chubb Limited,0000896159-25-000004,2024,2025-02-27,1.0.3,0.3.0,2.8206275734007913,2.72,0.7777640539554308,1.25,5.0,37159,49608,12449,0.7490525721657797,2601,8272,warning_stem_collisions
S2024-107,0000313927,CHD,Church & Dwight,0000950170-25-019801,2024,2025-02-13,1.0.3,0.3.0,2.963593725178713,2.86,0.8580406477142027,1.19,5.0,25180,33668,8488,0.7478911726268267,2280,6262,warning_stem_collisions
S2024-108,0001739940,CI,Cigna,0001739940-25-000009,2024,2025-02-27,1.0.3,0.3.0,2.8440555428918772,2.74,0.789352275169256,1.19,5.0,26322,35461,9139,0.7422802515439497,2347,6948,warning_stem_collisions
S2024-109,0000020286,CINF,Cincinnati Financial,0000020286-25-000009,2024,2025-02-24,1.0.3,0.3.0,2.8550643438362546,2.76,0.777790270876554,1.19,5.0,27897,36315,8418,0.7681949607600165,2305,6215,warning_stem_collisions
S2024-110,0000723254,CTAS,Cintas,0000723254-24-000036,2024,2024-07-25,1.0.3,0.3.0,2.8459121389270976,2.74,0.802334365135341,1.26,5.0,11632,15805,4173,0.7359696298639671,1628,3167,warning_stem_collisions
S2024-111,0000858877,CSCO,Cisco,0000858877-24-000017,2024,2024-09-05,1.0.3,0.3.0,2.858516178441509,2.76,0.7965114621643342,1.19,5.0,20892,27964,7072,0.7471034186811615,2107,5412,warning_stem_collisions
S2024-112,0000831001,C,Citigroup,0000831001-25-000067,2024,2025-02-21,1.0.3,0.3.0,2.849488162227139,2.72,0.8088265359079587,1.19,5.0,57401,80839,23438,0.7100656861168495,2864,14580,warning_stem_collisions
S2024-113,0000759944,CFG,Citizens Financial Group,0000759944-25-000013,2024,2025-02-13,1.0.3,0.3.0,2.8528385702914756,2.72,0.8073076841144204,1.19,5.0,26383,35152,8769,0.7505405097860719,2388,6292,warning_stem_collisions
S2024-114,0000021076,CLX,Clorox,0000021076-24-000030,2024,2024-08-08,1.0.3,0.3.0,2.9339463558171115,2.82,0.8538928572183365,1.19,5.0,8836,12148,3312,0.727362528811327,1614,2324,warning_stem_collisions
S2024-115,0001057352,CSGP,CoStar Group,0001057352-25-000016,2024,2025-02-20,1.0.3,0.3.0,2.893467658155175,2.82,0.7986872629749908,1.19,5.0,18289,24071,5782,0.759793942918865,2049,4329,warning_stem_collisions
S2024-116,0000021344,KO,Coca-Cola Company (The),0000021344-25-000011,2024,2025-02-20,1.0.3,0.3.0,2.9369528806376755,2.85,0.8337048268444669,1.26,5.0,29733,39267,9534,0.7572007028802812,2395,7089,warning_stem_collisions
S2024-117,0001058290,CTSH,Cognizant,0001058290-25-000017,2024,2025-02-12,1.0.3,0.3.0,2.833698468786808,2.72,0.7861564196431047,1.19,5.0,16131,21413,5282,0.7533274179236912,2055,3855,warning_stem_collisions
S2024-118,0000021665,CL,Colgate-Palmolive,0000021665-25-000008,2024,2025-02-13,1.0.3,0.3.0,2.9267485191787914,2.83,0.8293033964536879,1.26,5.0,17389,23061,5672,0.7540436234335024,1867,4058,warning_stem_collisions
S2024-119,0001166691,CMCSA,Comcast,0001166691-25-000011,2024,2025-01-31,1.0.3,0.3.0,2.9372376369954556,2.82,0.8444647694189608,1.19,5.0,18705,25307,6602,0.73912356265065,2055,5014,warning_stem_collisions
S2024-120,0000023217,CAG,Conagra Brands,0001558370-24-009764,2024,2024-07-11,1.0.3,0.3.0,2.858802457962178,2.74,0.8121229469307056,1.19,5.0,20993,27505,6512,0.7632430467187784,1920,4999,warning_stem_collisions
S2024-121,0001163165,COP,ConocoPhillips,0001163165-25-000012,2024,2025-02-18,1.0.3,0.3.0,2.941639591221856,2.82,0.8421592004813075,1.26,5.0,24561,33486,8925,0.733470704174879,2316,6038,warning_stem_collisions
S2024-122,0001047862,ED,Consolidated Edison,0001047862-25-000011,2024,2025-02-20,1.0.3,0.3.0,2.970531190411332,2.9,0.7986779654889269,1.26,5.0,29368,40071,10703,0.7328991040902398,2118,6878,warning_stem_collisions
S2024-123,0000016918,STZ,Constellation Brands,0000016918-24-000054,2024,2024-04-23,1.0.3,0.3.0,2.934514896867838,2.8,0.867633756580419,1.04,5.0,18326,24146,5820,0.7589662884121594,2067,4343,warning_stem_collisions
S2024-124,0001868275,CEG,Constellation Energy,0001868275-25-000023,2024,2025-02-18,1.0.3,0.3.0,2.8709026687598116,2.79,0.7961104648627224,1.26,5.0,30576,40991,10415,0.7459198360615745,2445,7200,warning_stem_collisions
S2024-125,0000711404,COO,Cooper Companies (The),0000711404-24-000074,2024,2024-12-06,1.0.3,0.3.0,2.861540485718985,2.74,0.8155286341673286,1.04,5.0,18241,24953,6712,0.7310143068969663,2242,4721,warning_stem_collisions
S2024-126,0000900075,CPRT,Copart,0000900075-24-000024,2024,2024-09-30,1.0.3,0.3.0,2.958443005024517,2.86,0.848383725720568,1.26,5.0,16519,21366,4847,0.7731442478704483,2037,3580,warning_stem_collisions
S2024-127,0000024741,GLW,Corning Inc.,0001628280-25-005347,2024,2025-02-13,1.0.3,0.3.0,2.9786633900743227,2.86,0.8674003049315606,1.19,5.0,16684,22465,5781,0.7426663699087469,2071,4107,warning_stem_collisions
S2024-128,0001175454,CPAY,Corpay,0001628280-25-008746,2024,2025-02-27,1.0.3,0.3.0,2.906674952888818,2.81,0.8156489997050335,1.19,5.0,24941,33320,8379,0.7485294117647059,2364,6012,warning_stem_collisions
S2024-129,0001755672,CTVA,Corteva,0001755672-25-000005,2024,2025-02-14,1.0.3,0.3.0,2.900532830447454,2.81,0.8060004887866945,1.19,5.0,29165,40182,11017,0.7258225075904634,2315,6785,warning_stem_collisions
S2024-130,0000909832,COST,Costco,0000909832-24-000049,2024,2024-10-09,1.0.3,0.3.0,2.9388837765712705,2.86,0.84591013744606,1.3,5.0,10867,14487,3620,0.7501207979567889,1738,2691,warning_stem_collisions
S2024-131,0001535527,CRWD,CrowdStrike,0001535527-24-000007,2024,2024-03-07,1.0.3,0.3.0,2.862776011445831,2.76,0.8186330767098673,1.19,5.0,25162,33287,8125,0.7559107158950942,2531,6135,warning_stem_collisions
S2024-132,0001051470,CCI,Crown Castle,0001051470-25-000089,2024,2025-03-14,1.0.3,0.3.0,2.9402306498114883,2.83,0.8376180413364827,1.19,5.0,22545,29584,7039,0.7620673336938886,1917,5267,warning_stem_collisions
S2024-133,0000026172,CMI,Cummins,0000026172-25-000007,2024,2025-02-11,1.0.3,0.3.0,2.927333797262816,2.85,0.819741507348105,1.19,5.0,21555,28587,7032,0.7540140623360269,2124,5065,warning_stem_collisions
S2024-134,0000882184,DHI,D. R. Horton,0000882184-24-000057,2024,2024-11-19,1.0.3,0.3.0,2.8984830680482854,2.86,0.7887850306294217,1.19,5.0,18722,25028,6306,0.7480421927441265,1750,4905,warning_stem_collisions
S2024-135,0000936340,DTE,DTE Energy,0000936340-25-000065,2024,2025-02-13,1.0.3,0.3.0,2.8934972631221623,2.82,0.7796131060027648,1.26,5.0,23567,32869,9302,0.7169977790623384,2021,5862,warning_stem_collisions
S2024-136,0000927066,DVA,DaVita,0000927066-25-000012,2024,2025-02-13,1.0.3,0.3.0,2.845274382398353,2.74,0.7861545696098954,1.19,5.0,31088,42045,10957,0.7393982637650137,2442,8143,warning_stem_collisions
S2024-137,0000313616,DHR,Danaher Corporation,0000313616-25-000043,2024,2025-02-20,1.0.3,0.3.0,2.858625755540631,2.76,0.7945232911688124,1.04,5.0,23824,32639,8815,0.7299243236618769,2290,6342,warning_stem_collisions
S2024-138,0000940944,DRI,Darden Restaurants,0000940944-24-000035,2024,2024-07-19,1.0.3,0.3.0,2.9581327187850857,2.82,0.9020848037081809,1.26,5.0,16923,22352,5429,0.757113457408733,2159,4013,warning_stem_collisions
S2024-139,0000910521,DECK,Deckers Brands,0000910521-24-000017,2024,2024-05-24,1.0.3,0.3.0,2.908923633480351,2.85,0.8322835589863926,1.26,5.0,20179,26737,6558,0.7547219209335378,2216,4680,warning_stem_collisions
S2024-140,0000315189,DE,Deere & Company,0001558370-24-016169,2024,2024-12-12,1.0.3,0.3.0,2.93214892501311,2.83,0.8336627547926827,1.25,5.0,19070,25356,6286,0.7520902350528474,1994,4779,warning_stem_collisions
S2024-141,0001571996,DELL,Dell Technologies,0001571996-24-000036,2024,2024-03-25,1.0.3,0.3.0,2.9084864969135804,2.82,0.815698971393163,1.19,4.97,25920,34238,8318,0.7570535662129797,2218,5945,warning_stem_collisions
S2024-142,0000027904,DAL,Delta Air Lines,0000027904-25-000004,2024,2025-02-11,1.0.3,0.3.0,2.9865711195240667,2.87,0.8487935066474472,1.19,5.0,18490,24319,5829,0.7603108680455611,2076,4306,warning_stem_collisions
S2024-143,0001090012,DVN,Devon Energy,0000950170-25-022844,2024,2025-02-19,1.0.3,0.3.0,2.927920792079208,2.8049999999999997,0.8535345349437852,1.04,5.0,23028,31792,8764,0.7243331655762456,2038,5881,warning_stem_collisions
S2024-144,0001093557,DXCM,Dexcom,0001093557-25-000036,2024,2025-02-18,1.0.3,0.3.0,2.8423945216821336,2.73,0.8025526188663675,1.19,5.0,28987,38442,9455,0.7540450548878831,2782,7036,warning_stem_collisions
S2024-145,0001539838,FANG,Diamondback Energy,0001539838-25-000021,2024,2025-02-26,1.0.3,0.3.0,2.9443470742841336,2.8,0.8800125946349239,1.19,5.0,28916,38009,9093,0.760767186718935,2361,6723,warning_stem_collisions
S2024-146,0001297996,DLR,Digital Realty,0001558370-25-001424,2024,2025-02-25,1.0.3,0.3.0,2.884836348787536,2.8,0.7841535107770127,1.19,5.0,31836,41068,9232,0.7752021038277978,2157,6759,warning_stem_collisions
S2024-147,0000029534,DG,Dollar General,0001558370-24-003813,2024,2024-03-25,1.0.3,0.3.0,2.9092396213574214,2.82,0.831678573996736,1.19,5.0,16163,21095,4932,0.7662005214505807,1937,3822,warning_stem_collisions
S2024-148,0000935703,DLTR,Dollar Tree,0000935703-24-000011,2024,2024-03-20,1.0.3,0.3.0,2.940961043733921,2.83,0.8754565292373646,1.26,5.0,16326,21105,4779,0.7735607675906183,2009,3819,warning_stem_collisions
S2024-149,0000715957,D,Dominion Energy,0000950170-25-028387,2024,2025-02-27,1.0.3,0.3.0,2.872326884404688,2.83,0.7819103537721137,1.19,5.0,72105,97954,25849,0.7361108275312902,2350,16485,warning_stem_collisions
S2024-150,0001286681,DPZ,Domino's,0000950170-25-025223,2024,2025-02-24,1.0.3,0.3.0,2.9479387090595672,2.87,0.8367347995409665,1.19,5.0,26105,34398,8293,0.7589104017675447,2018,5714,warning_stem_collisions
S2024-151,0000029905,DOV,Dover Corporation,0000029905-25-000006,2024,2025-02-14,1.0.3,0.3.0,2.9157547533755857,2.83,0.8109345546658433,1.04,5.0,18145,24118,5973,0.7523426486441662,1969,4535,warning_stem_collisions
S2024-152,0001751788,DOW,Dow Inc.,0001751788-25-000012,2024,2025-02-04,1.0.3,0.3.0,2.9350141068944966,2.86,0.815538139259111,1.04,5.0,25165,34597,9432,0.7273752059427118,2339,5996,warning_stem_collisions
S2024-153,0001666700,DD,DuPont,0001666700-25-000005,2024,2025-02-14,1.0.3,0.3.0,2.897892541906227,2.81,0.8082026540132705,1.26,5.0,24698,34263,9565,0.7208358871085427,2116,6057,warning_stem_collisions
S2024-154,0001326160,DUK,Duke Energy,0001326160-25-000072,2024,2025-02-27,1.0.3,0.3.0,2.9468628072957967,2.9,0.8063262782135797,1.19,5.0,44135,59668,15533,0.7396762083528859,2554,10471,warning_stem_collisions
S2024-155,0000821189,EOG,EOG Resources,0000821189-25-000011,2024,2025-02-27,1.0.3,0.3.0,2.943232945932289,2.82,0.8710017626541883,1.26,5.0,19790,27701,7911,0.7144146420706834,1957,5340,warning_stem_collisions
S2024-156,0001352010,EPAM,EPAM Systems,0001352010-25-000007,2024,2025-02-28,1.0.3,0.3.0,2.856107625743645,2.8,0.7883248447742248,1.19,5.0,18490,24664,6174,0.7496756406097956,2103,4637,warning_stem_collisions
S2024-157,0000033213,EQT,EQT Corporation,0000033213-25-000011,2024,2025-02-19,1.0.3,0.3.0,2.9165129271547845,2.82,0.8400942293974637,1.26,5.0,32219,43548,11329,0.7398502801506384,2562,7815,warning_stem_collisions
S2024-158,0000915389,EMN,Eastman Chemical Co.,0000915389-25-000012,2024,2025-02-14,1.0.3,0.3.0,2.9361008927611056,2.83,0.8271129933518078,1.26,5.0,18594,25811,7217,0.7203905311688815,1954,4779,warning_stem_collisions
S2024-159,0001551182,ETN,Eaton Corporation,0001551182-25-000006,2024,2025-02-27,1.0.3,0.3.0,2.9049402763681784,2.85,0.7980753929530585,1.04,5.0,12809,17386,4577,0.7367422063729437,1668,3293,warning_stem_collisions
S2024-160,0000031462,ECL,Ecolab,0001558370-25-001263,2024,2025-02-21,1.0.3,0.3.0,2.928346046275108,2.86,0.8089995471160185,1.19,5.0,23598,31542,7944,0.7481453300361423,2052,5888,warning_stem_collisions
S2024-161,0000827052,EIX,Edison International,0000827052-25-000022,2024,2025-02-27,1.0.3,0.3.0,2.9238124593307986,2.82,0.8155213743732085,1.26,5.0,29199,41844,12645,0.697806137080585,2293,7304,warning_stem_collisions
S2024-162,0001099800,EW,Edwards Lifesciences,0001099800-25-000005,2024,2025-02-28,1.0.3,0.3.0,2.8597038028923407,2.75,0.7972404555564757,1.26,5.0,18670,25033,6363,0.7458155235089682,2054,4449,warning_stem_collisions
S2024-163,0000712515,EA,Electronic Arts,0000712515-24-000023,2024,2024-05-22,1.0.3,0.3.0,2.8872451313327328,2.82,0.810959128962851,1.26,5.0,14429,19154,4725,0.7533152344157878,1742,3657,warning_stem_collisions
S2024-164,0001156039,ELV,Elevance Health,0001156039-25-000010,2024,2025-02-20,1.0.3,0.3.0,2.830930420168067,2.72,0.7806900857245229,1.26,5.0,29750,40341,10591,0.7374631268436578,2405,7937,warning_stem_collisions
S2024-165,0000032604,EMR,Emerson Electric,0000032604-24-000041,2024,2024-11-12,1.0.3,0.3.0,2.9371849865951742,2.83,0.813546639523982,1.26,5.0,14920,20241,5321,0.7371177313373846,1721,3528,warning_stem_collisions
S2024-166,0001463101,ENPH,Enphase Energy,0001463101-25-000024,2024,2025-02-10,1.0.3,0.3.0,2.8972485388482445,2.86,0.7886043721865504,1.25,5.0,24467,32618,8151,0.7501073027162917,2240,6040,warning_stem_collisions
S2024-167,0000065984,ETR,Entergy,0000065984-25-000012,2024,2025-02-18,1.0.3,0.3.0,2.945041317773236,2.9,0.776877815901033,1.17,5.0,91002,128183,37181,0.7099381353221565,3046,19219,warning_stem_collisions
S2024-168,0000033185,EFX,Equifax,0000033185-25-000025,2024,2025-02-20,1.0.3,0.3.0,2.8462699618021996,2.76,0.7660113087076906,1.19,4.96,21729,29181,7452,0.7446283540660018,2128,5312,warning_stem_collisions
S2024-169,0001101239,EQIX,Equinix,0001628280-25-005126,2024,2025-02-12,1.0.3,0.3.0,2.877236117166752,2.79,0.8067571947550232,1.19,5.0,25229,33988,8759,0.7422913969636342,2421,6207,warning_stem_collisions
S2024-170,0000906107,EQR,Equity Residential,0000950170-25-019894,2024,2025-02-13,1.0.3,0.3.0,2.8770161012735684,2.76,0.7991186341904182,1.25,5.0,26147,35114,8967,0.744631770803668,1983,6427,warning_stem_collisions
S2024-171,0000922621,ERIE,Erie Indemnity,0000922621-25-000004,2024,2025-02-27,1.0.3,0.3.0,2.8289112238845315,2.74,0.7688304566685715,1.26,4.97,15173,19691,4518,0.7705550759230105,1715,3542,warning_stem_collisions
S2024-172,0000920522,ESS,Essex Property Trust,0000920522-25-000024,2024,2025-02-21,1.0.3,0.3.0,2.8973425800291475,2.82,0.8109856703152983,1.19,5.0,19899,26782,6883,0.7429990291987155,1949,4723,warning_stem_collisions
S2024-173,0001001250,EL,Estée Lauder Companies (The),0001001250-24-000116,2024,2024-08-19,1.0.3,0.3.0,2.9151279581728122,2.82,0.8202153702954488,1.26,5.0,21804,29248,7444,0.7454868708971554,2079,5158,warning_stem_collisions
S2024-174,0001095073,EG,Everest Group,0001095073-25-000015,2024,2025-02-27,1.0.3,0.3.0,2.848955765625623,2.76,0.7820357252907129,1.26,5.0,25071,33506,8435,0.7482540440518116,2171,5479,warning_stem_collisions
S2024-175,0001711269,EVRG,Evergy,0001711269-25-000004,2024,2025-02-27,1.0.3,0.3.0,2.897166964140841,2.77,0.8090304386863705,1.26,5.0,24652,35653,11001,0.6914425153563515,2061,6029,warning_stem_collisions
S2024-176,0000072741,ES,Eversource Energy,0000072741-25-000007,2024,2025-02-14,1.0.3,0.3.0,2.944056007955065,2.89,0.7958741141411307,1.19,5.0,37209,52038,14829,0.7150351666090164,2281,8814,warning_stem_collisions
S2024-177,0001109357,EXC,Exelon,0001109357-25-000043,2024,2025-02-12,1.0.3,0.3.0,2.8878787699411013,2.82,0.7866283015184525,1.26,5.0,33787,47377,13590,0.7131519513688076,2238,9042,warning_stem_collisions
S2024-178,0001324424,EXPE,Expedia Group,0001324424-25-000008,2024,2025-02-07,1.0.3,0.3.0,2.9195282375851996,2.83,0.8302184614311936,1.26,5.0,20540,27292,6752,0.7526014949435732,2219,5007,warning_stem_collisions
S2024-179,0000746515,EXPD,Expeditors International,0000950170-25-024750,2024,2025-02-21,1.0.3,0.3.0,2.9279203413940253,2.82,0.8280142139253845,1.19,5.0,17575,23548,5973,0.7463478851707152,1862,4452,warning_stem_collisions
S2024-180,0001289490,EXR,Extra Space Storage,0001628280-25-009060,2024,2025-02-28,1.0.3,0.3.0,2.8859351826421316,2.76,0.8122032030461832,1.19,5.0,14564,18959,4395,0.7681839759480985,1746,3196,warning_stem_collisions
S2024-181,0000034088,XOM,ExxonMobil,0000034088-25-000010,2024,2025-02-19,1.0.3,0.3.0,2.9398838624046015,2.82,0.8181451012558468,1.26,5.0,18082,24945,6863,0.7248747243936661,2051,4899,warning_stem_collisions
S2024-182,0001048695,FFIV,"F5, Inc.",0001048695-24-000185,2024,2024-11-18,1.0.3,0.3.0,2.9006744779018945,2.83,0.8046800412766262,1.26,5.0,16472,22019,5547,0.7480812025977565,2045,4166,warning_stem_collisions
S2024-183,0000037785,FMC,FMC Corporation,0000037785-25-000030,2024,2025-02-28,1.0.3,0.3.0,2.892913092129802,2.8,0.7999388261650331,1.19,5.0,21448,28467,7019,0.7534338005409773,2206,5048,warning_stem_collisions
S2024-184,0001013237,FDS,FactSet,0001013237-24-000141,2024,2024-10-29,1.0.3,0.3.0,2.868205654971076,2.74,0.8053660235178618,1.26,4.96,18497,24328,5831,0.7603173298257152,1949,4180,warning_stem_collisions
S2024-185,0000814547,FICO,Fair Isaac,0001628280-24-045719,2024,2024-11-06,1.0.3,0.3.0,2.8316760547189332,2.74,0.7797484836762438,1.26,5.0,17398,23613,6215,0.7367975267860924,2086,4697,warning_stem_collisions
S2024-186,0000815556,FAST,Fastenal,0000815556-25-000065,2024,2025-02-06,1.0.3,0.3.0,2.9494401305057094,2.89,0.8197692109997072,1.04,5.0,15325,20207,4882,0.758400554263374,2151,3629,warning_stem_collisions
S2024-187,0001048911,FDX,FedEx,0000950170-24-083577,2024,2024-07-15,1.0.3,0.3.0,2.9211294813283963,2.82,0.8174408285396225,1.19,5.0,34839,46909,12070,0.7426932997932166,2613,8171,warning_stem_collisions
S2024-188,0000034903,FRT,Federal Realty Investment Trust,0000034903-25-000016,2024,2025-02-13,1.0.3,0.3.0,2.8515637350321477,2.74,0.7896696785529981,1.19,5.0,16953,21725,4772,0.7803452243958573,1729,3635,warning_stem_collisions
S2024-189,0001136893,FIS,Fidelity National Information Services,0001136893-25-000014,2024,2025-02-13,1.0.3,0.3.0,2.8413218707015133,2.72,0.7922356132310084,1.19,5.0,21810,29073,7263,0.7501805799195129,2111,5431,warning_stem_collisions
S2024-190,0000035527,FITB,Fifth Third Bancorp,0000035527-25-000079,2024,2025-02-24,1.0.3,0.3.0,2.8190095879232966,2.72,0.778748078833912,1.26,5.0,39216,54135,14919,0.7244111942366307,2510,9676,warning_stem_collisions
S2024-191,0001274494,FSLR,First Solar,0001274494-25-000010,2024,2025-02-25,1.0.3,0.3.0,2.904382561703501,2.85,0.8103883418957734,1.26,5.0,24796,32999,8203,0.7514167095972605,2309,6248,warning_stem_collisions
S2024-192,0001031296,FE,FirstEnergy,0001031296-25-000006,2024,2025-02-27,1.0.3,0.3.0,2.910870478929322,2.82,0.7948748352329633,1.04,5.0,36164,51284,15120,0.7051712034942672,2394,8595,warning_stem_collisions
S2024-193,0000798354,FI,Fiserv,0000798354-25-000047,2024,2025-02-20,1.0.3,0.3.0,2.907443563148261,2.82,0.8139528892407989,1.19,5.0,21307,28457,7150,0.7487437185929648,2022,5446,warning_stem_collisions
S2024-194,0000037996,F,Ford Motor Company,0000037996-25-000013,2024,2025-02-06,1.0.3,0.3.0,2.961261712791458,2.85,0.8475092057898076,1.26,5.0,32123,42458,10335,0.756582976117575,2532,7522,warning_stem_collisions
S2024-195,0001262039,FTNT,Fortinet,0001262039-25-000011,2024,2025-02-21,1.0.3,0.3.0,2.852955551352374,2.78,0.7869669357259956,1.26,5.0,26435,35718,9283,0.7401030292849544,2368,7006,warning_stem_collisions
S2024-196,0001659166,FTV,Fortive,0001659166-25-000024,2024,2025-02-25,1.0.3,0.3.0,2.8291552248192016,2.74,0.7889135449447818,1.04,5.0,19082,25556,6474,0.7466739708874628,2053,4907,warning_stem_collisions
S2024-197,0001754301,FOXA|FOX,Fox Corporation (Class A)|Fox Corporation (Class B),0001628280-24-036123,2024,2024-08-08,1.0.3,0.3.0,3.009188720388542,2.92,0.8867392252129204,1.04,5.0,20178,26992,6814,0.7475548310610551,2261,4553,warning_stem_collisions
S2024-198,0000038777,BEN,Franklin Resources,0000038777-24-000206,2024,2024-11-12,1.0.3,0.3.0,2.8465429560701145,2.74,0.7876207908754468,1.19,4.96,18484,24968,6484,0.7403075937199616,1912,4496,warning_stem_collisions
S2024-199,0000831259,FCX,Freeport-McMoRan,0000831259-25-000006,2024,2025-02-14,1.0.3,0.3.0,3.0140863130542845,2.89,0.8903306225941428,1.26,5.0,35406,50371,14965,0.7029044489885052,2787,9396,warning_stem_collisions
S2024-200,0000040545,GE,GE Aerospace,0000040545-25-000015,2024,2025-02-03,1.0.3,0.3.0,2.8595115602511103,2.79,0.7879153358792,1.04,5.0,19593,26380,6787,0.7427217589082639,2043,5009,warning_stem_collisions
S2024-201,0001932393,GEHC,GE HealthCare,0001932393-25-000005,2024,2025-02-13,1.0.3,0.3.0,2.8476656534954405,2.74,0.7910965890697192,1.04,5.0,24675,33308,8633,0.7408130178935991,2503,6188,warning_stem_collisions
S2024-202,0001996810,GEV,GE Vernova,0001996810-25-000011,2024,2025-02-06,1.0.3,0.3.0,2.838675064326587,2.74,0.7977811285368153,1.04,5.0,26039,34933,8894,0.7453983339535682,2417,6563,warning_stem_collisions
S2024-203,0001121788,GRMN,Garmin,0000950170-25-022760,2024,2025-02-19,1.0.3,0.3.0,2.9186732488456624,2.86,0.828354103568325,1.26,5.0,20358,27927,7569,0.7289719626168224,2051,5115,warning_stem_collisions
S2024-204,0000749251,IT,Gartner,0000749251-25-000008,2024,2025-02-13,1.0.3,0.3.0,2.8517172395273898,2.755,0.7959094566082757,1.19,5.0,14896,19843,4947,0.750692939575669,1837,3624,warning_stem_collisions
S2024-205,0000849399,GEN,Gen Digital,0000849399-24-000036,2024,2024-05-16,1.0.3,0.3.0,2.829521354502314,2.73,0.7898199095063326,1.19,5.0,17069,22443,5374,0.7605489462193111,2146,4006,warning_stem_collisions
S2024-206,0001474735,GNRC,Generac,0001437749-25-004353,2024,2025-02-19,1.0.3,0.3.0,2.9141178918890795,2.85,0.8097348809541919,1.26,5.0,19221,25297,6076,0.7598134166106653,2169,4414,warning_stem_collisions
S2024-207,0000040533,GD,General Dynamics,0000040533-25-000008,2024,2025-02-07,1.0.3,0.3.0,2.9594885737379677,2.88,0.8332797198530332,1.26,5.0,13609,18532,4923,0.7343513921864883,1934,3486,warning_stem_collisions
S2024-208,0000040704,GIS,General Mills,0001193125-24-168943,2024,2024-06-26,1.0.3,0.3.0,2.9497262631002656,2.82,0.8504009526230463,1.26,5.0,12786,16919,4133,0.7557184230746498,1204,2798,warning_stem_collisions
S2024-209,0001467858,GM,General Motors,0001467858-25-000032,2024,2025-01-28,1.0.3,0.3.0,2.916604592864497,2.81,0.842042795575704,1.25,5.0,22339,29891,7552,0.7473487002776755,2241,5330,warning_stem_collisions
S2024-210,0000040987,GPC,Genuine Parts Company,0000040987-25-000026,2024,2025-02-21,1.0.3,0.3.0,2.898999419017494,2.82,0.8134852980000803,1.26,5.0,15491,20331,4840,0.7619398947420196,1926,3698,warning_stem_collisions
S2024-211,0000882095,GILD,Gilead Sciences,0000882095-25-000006,2024,2025-02-28,1.0.3,0.3.0,2.860790288740134,2.77,0.8034752452060446,1.19,5.0,20018,27620,7602,0.7247646632874728,2229,4856,warning_stem_collisions
S2024-212,0001123360,GPN,Global Payments,0001123360-25-000011,2024,2025-02-14,1.0.3,0.3.0,2.858943124606671,2.79,0.7822118591606969,1.26,4.97,25424,33054,7630,0.7691656077933079,2083,6130,warning_stem_collisions
S2024-213,0000320335,GL,Globe Life,0000320335-25-000013,2024,2025-02-26,1.0.3,0.3.0,2.888610358251614,2.8,0.7989895312421056,1.26,5.0,20293,26180,5887,0.7751336898395722,1880,4331,warning_stem_collisions
S2024-214,0001609711,GDDY,GoDaddy,0001609711-25-000023,2024,2025-02-20,1.0.3,0.3.0,2.842581917229043,2.74,0.7943041992879398,1.19,5.0,24598,33283,8685,0.7390559745215275,2545,6586,warning_stem_collisions
S2024-215,0000886982,GS,Goldman Sachs,0000886982-25-000005,2024,2025-02-27,1.0.3,0.3.0,2.869538849949683,2.73,0.8044262137857161,1.19,5.0,56641,77313,20672,0.7326193525021665,2774,14006,warning_stem_collisions
S2024-216,0000860730,HCA,HCA Healthcare,0000950170-25-020134,2024,2025-02-14,1.0.3,0.3.0,2.819447374609467,2.71,0.7657158249669663,1.26,5.0,29767,40120,10353,0.7419491525423729,2275,7833,warning_stem_collisions
S2024-217,0000047217,HPQ,HP Inc.,0000047217-24-000080,2024,2024-12-13,1.0.3,0.3.0,2.861097948994077,2.76,0.7985890892120859,1.19,5.0,20429,27740,7311,0.7364455659697188,2291,5220,warning_stem_collisions
S2024-218,0000045012,HAL,Halliburton,0000045012-25-000010,2024,2025-02-12,1.0.3,0.3.0,2.90738379705401,2.8,0.8234366956943469,1.19,5.0,12220,16109,3889,0.7585821590415296,1791,2991,warning_stem_collisions
S2024-219,0000874766,HIG,Hartford (The),0000874766-25-000023,2024,2025-02-21,1.0.3,0.3.0,2.8464912819543544,2.75,0.7768932944447071,1.26,5.0,42326,56144,13818,0.7538828726132801,2530,9957,warning_stem_collisions
S2024-220,0000046080,HAS,Hasbro,0000046080-25-000027,2024,2025-02-27,1.0.3,0.3.0,2.952582336121995,2.89,0.8385794733780398,1.19,5.0,18886,25061,6175,0.7536012130401819,2123,4652,warning_stem_collisions
S2024-221,0000765880,DOC,Healthpeak Properties,0001628280-25-003748,2024,2025-02-04,1.0.3,0.3.0,2.8726544853858345,2.77,0.8052678134746785,1.19,5.0,29663,39958,10295,0.7423544721958056,2292,7078,warning_stem_collisions
S2024-222,0001000228,HSIC,Henry Schein,0001000228-25-000014,2024,2025-02-25,1.0.3,0.3.0,2.9206282603765024,2.9,0.7698715197277409,1.26,5.0,17636,23244,5608,0.7587334365857856,1616,3673,warning_stem_collisions
S2024-223,0000047111,HSY,Hershey Company (The),0000047111-25-000014,2024,2025-02-18,1.0.3,0.3.0,2.943863319386332,2.85,0.8327872606408997,1.19,5.0,17208,22780,5572,0.7553994732221246,1962,4112,warning_stem_collisions
S2024-224,0001645590,HPE,Hewlett Packard Enterprise,0001645590-24-000139,2024,2024-12-19,1.0.3,0.3.0,2.891764251953313,2.79,0.8195662174477969,1.19,5.0,31101,42284,11183,0.7355264402610917,2559,7794,warning_stem_collisions
S2024-225,0001585689,HLT,Hilton Worldwide,0001585689-25-000008,2024,2025-02-06,1.0.3,0.3.0,2.8949337178473415,2.76,0.843323314500179,1.21,5.0,21499,28455,6956,0.7555438411526972,2319,5316,warning_stem_collisions
S2024-226,0000354950,HD,Home Depot (The),0000354950-24-000062,2024,2024-03-13,1.0.3,0.3.0,2.8977804014167647,2.8,0.8305144092479748,1.04,5.0,15246,20079,4833,0.759300761990139,2106,3857,warning_stem_collisions
S2024-227,0000773840,HON,Honeywell Technologies,0000773840-25-000010,2024,2025-02-14,1.0.3,0.3.0,2.8755889132512507,2.81,0.7952417139475749,1.19,5.0,17787,23760,5973,0.7486111111111111,2027,4210,warning_stem_collisions
S2024-228,0000048465,HRL,Hormel Foods,0000048465-24-000051,2024,2024-12-05,1.0.3,0.3.0,2.9312305454545453,2.82,0.8472349885113836,1.19,5.0,13750,18566,4816,0.7406010987827211,1835,3423,warning_stem_collisions
S2024-229,0001070750,HST,Host Hotels & Resorts,0001070750-25-000071,2024,2025-02-26,1.0.3,0.3.0,2.9804945636079028,2.86,0.8702383141791621,1.19,5.0,23637,30857,7220,0.766017435265904,2143,5170,warning_stem_collisions
S2024-230,0000004281,HWM,Howmet Aerospace,0000004281-25-000011,2024,2025-02-14,1.0.3,0.3.0,2.930082519758252,2.83,0.819298724506532,1.19,5.0,17208,23514,6306,0.731819341668793,1873,4335,warning_stem_collisions
S2024-231,0000048898,HUBB,Hubbell Incorporated,0001628280-25-005311,2024,2025-02-13,1.0.3,0.3.0,2.8897130498355064,2.82,0.7982400125343657,1.19,5.0,16414,21855,5441,0.7510409517272936,1778,4217,warning_stem_collisions
S2024-232,0000049071,HUM,Humana,0000049071-25-000007,2024,2025-02-20,1.0.3,0.3.0,2.85052683982684,2.76,0.7695771000465044,1.26,5.0,23100,30886,7786,0.7479116751926439,1981,5620,warning_stem_collisions
S2024-233,0000049196,HBAN,Huntington Bancshares,0000049196-25-000020,2024,2025-02-14,1.0.3,0.3.0,2.8268456742863393,2.72,0.7959624106025199,1.19,5.0,27429,36536,9107,0.7507389971534925,2445,6250,warning_stem_collisions
S2024-234,0001501585,HII,Huntington Ingalls Industries,0001501585-25-000006,2024,2025-02-06,1.0.3,0.3.0,2.905710262529833,2.86,0.8091720091524878,1.04,5.0,20950,28135,7185,0.7446241336413719,2177,5114,warning_stem_collisions
S2024-235,0000051143,IBM,IBM,0000051143-25-000015,2024,2025-02-25,1.0.3,0.3.0,2.9163220223183783,2.82,0.8315805373410106,1.3,5.0,4391,6039,1648,0.7271071369432025,1076,1096,warning_stem_collisions
S2024-236,0000832101,IEX,IDEX Corporation,0000832101-25-000010,2024,2025-02-20,1.0.3,0.3.0,2.953746967318396,2.89,0.8210668858743222,1.04,5.0,14014,19271,5257,0.7272066836178714,1959,3505,warning_stem_collisions
S2024-237,0001478242,IQV,IQVIA,0001478242-25-000045,2024,2025-02-13,1.0.3,0.3.0,2.8371242334402793,2.73,0.7829382495459236,1.19,4.97,24623,32384,7761,0.760344614624506,2484,6012,warning_stem_collisions
S2024-238,0000874716,IDXX,Idexx Laboratories,0000874716-25-000037,2024,2025-02-21,1.0.3,0.3.0,2.8964369343186913,2.82,0.8117352402180623,1.04,5.0,24086,32337,8251,0.7448433682778242,2324,6113,warning_stem_collisions
S2024-239,0000049826,ITW,Illinois Tool Works,0000049826-25-000007,2024,2025-02-14,1.0.3,0.3.0,2.9924354727398206,2.9,0.833403456766683,1.3,5.0,14490,19279,4789,0.7515949997406505,1542,3368,warning_stem_collisions
S2024-240,0000879169,INCY,Incyte,0001628280-25-004633,2024,2025-02-10,1.0.3,0.3.0,2.8676240584427872,2.76,0.7974334507259804,1.04,5.0,26419,36815,10396,0.7176151025397256,2556,6438,warning_stem_collisions
S2024-241,0001699150,IR,Ingersoll Rand,0001628280-25-006391,2024,2025-02-19,1.0.3,0.3.0,2.9110735097567493,2.85,0.8149896493316507,1.19,5.0,18705,24794,6089,0.7544163910623538,2104,4604,warning_stem_collisions
S2024-242,0001145197,PODD,Insulet Corporation,0001145197-25-000007,2024,2025-02-21,1.0.3,0.3.0,2.898465051144666,2.82,0.8145685928430956,1.19,4.97,16424,21924,5500,0.749133369823025,2217,3916,warning_stem_collisions
S2024-243,0000050863,INTC,Intel,0000050863-25-000009,2024,2025-01-31,1.0.3,0.3.0,2.9112471142094067,2.85,0.8136414447505702,1.19,5.0,22091,30505,8414,0.7241763645304049,2426,5796,warning_stem_collisions
S2024-244,0001571949,ICE,Intercontinental Exchange,0001571949-25-000003,2024,2025-02-06,1.0.3,0.3.0,2.9223951788690856,2.86,0.8173402182981003,1.19,5.0,31196,41455,10259,0.752526836328549,2492,7489,warning_stem_collisions
S2024-245,0000051253,IFF,International Flavors & Fragrances,0000051253-25-000013,2024,2025-02-28,1.0.3,0.3.0,2.8892729109920046,2.79,0.8159969148588577,1.26,5.0,22762,30390,7628,0.7489963803882856,2269,5530,warning_stem_collisions
S2024-246,0000051434,IP,International Paper,0000051434-25-000013,2024,2025-02-21,1.0.3,0.3.0,2.892214208438514,2.79,0.8275354290410379,1.19,5.0,22184,29685,7501,0.7473134579754085,2315,5468,warning_stem_collisions
S2024-247,0000896878,INTU,Intuit,0000896878-24-000039,2024,2024-09-04,1.0.3,0.3.0,2.886696968319622,2.82,0.8043175069030399,1.19,5.0,22001,28978,6977,0.7592311408654842,2217,5352,warning_stem_collisions
S2024-248,0001035267,ISRG,Intuitive Surgical,0001035267-25-000017,2024,2025-01-31,1.0.3,0.3.0,2.8709399299854397,2.82,0.8083796450697136,1.19,5.0,32279,45068,12789,0.7162288097985267,2928,8676,warning_stem_collisions
S2024-249,0000914208,IVZ,Invesco,0000914208-25-000114,2024,2025-02-25,1.0.3,0.3.0,2.8631768061879423,2.76,0.8047703490262782,1.19,4.96,18229,23940,5711,0.7614452798663325,1987,3936,warning_stem_collisions
S2024-250,0001687229,INVH,Invitation Homes,0001687229-25-000008,2024,2025-02-27,1.0.3,0.3.0,2.8251509264793784,2.72,0.7860153960729752,1.19,5.0,26768,36023,9255,0.7430808094828304,2449,7132,warning_stem_collisions
S2024-251,0001020569,IRM,Iron Mountain,0001020569-25-000040,2024,2025-02-14,1.0.3,0.3.0,2.8890943378210636,2.8,0.8070256501851347,1.26,5.0,20946,27578,6632,0.7595184567408804,1885,4810,warning_stem_collisions
S2024-252,0000728535,JBHT,J.B. Hunt,0001437749-25-004736,2024,2025-02-21,1.0.3,0.3.0,2.927534614146184,2.86,0.8166148624944124,1.19,5.0,9317,12311,2994,0.7568028592315815,1491,2213,warning_stem_collisions
S2024-253,0000091419,SJM,J.M. Smucker Company (The),0000091419-24-000054,2024,2024-06-18,1.0.3,0.3.0,2.9315968494456426,2.81,0.8668986463510651,1.19,5.0,19933,26149,6216,0.7622853646410953,2159,4640,warning_stem_collisions
S2024-254,0000019617,JPM,JPMorgan Chase,0000019617-25-000270,2024,2025-02-14,1.0.3,0.3.0,2.854632940965046,2.72,0.8046352509693512,1.19,5.0,55645,76917,21272,0.7234421519300025,2822,13905,warning_stem_collisions
S2024-255,0000898293,JBL,Jabil,0001628280-24-043960,2024,2024-10-28,1.0.3,0.3.0,2.8841961054626917,2.81,0.7978837457540561,1.19,5.0,17409,23030,5621,0.7559270516717326,2056,4241,warning_stem_collisions
S2024-256,0000779152,JKHY,Jack Henry & Associates,0000779152-24-000079,2024,2024-08-26,1.0.3,0.3.0,2.8728018418793413,2.75,0.8025917985433764,1.19,5.0,12813,16902,4089,0.758075967341143,1758,3079,warning_stem_collisions
S2024-257,0000052988,J,Jacobs Solutions,0000052988-24-000065,2024,2024-11-25,1.0.3,0.3.0,2.851802448979592,2.74,0.799584366618646,1.26,5.0,24500,32750,8250,0.7480916030534351,2393,6048,warning_stem_collisions
S2024-258,0000200406,JNJ,Johnson & Johnson,0000200406-25-000038,2024,2025-02-13,1.0.3,0.3.0,2.928579755965025,2.83,0.8244995508552264,1.19,5.0,20243,27692,7449,0.7310053445038278,2182,4868,warning_stem_collisions
S2024-259,0000833444,JCI,Johnson Controls,0000833444-24-000064,2024,2024-11-19,1.0.3,0.3.0,2.9047966874068885,2.81,0.8289199912422553,1.26,5.0,22822,31611,8789,0.7219638733352314,2306,6160,warning_stem_collisions
S2024-260,0001404912,KKR,KKR & Co.,0001404912-25-000015,2024,2025-02-28,1.0.3,0.3.0,2.8805169509370394,2.8,0.8035530471244816,1.19,5.0,85482,114080,28598,0.7493162692847125,3290,19504,warning_stem_collisions
S2024-261,0000319201,KLAC,KLA Corporation,0000319201-24-000021,2024,2024-08-05,1.0.3,0.3.0,2.8499488380159557,2.745,0.8005066938250369,1.04,5.0,23064,30812,7748,0.748539530053226,2329,5969,warning_stem_collisions
S2024-262,0001944048,KVUE,Kenvue,0001944048-25-000033,2024,2025-02-24,1.0.3,0.3.0,2.8401414506480562,2.74,0.8078876477132858,1.19,5.0,32096,42790,10694,0.750081794811872,2472,7792,warning_stem_collisions
S2024-263,0001418135,KDP,Keurig Dr Pepper,0001418135-25-000013,2024,2025-02-25,1.0.3,0.3.0,2.888899398578458,2.79,0.8255310779631932,1.26,5.0,18290,24337,6047,0.7515305912807659,2147,4456,warning_stem_collisions
S2024-264,0000091576,KEY,KeyCorp,0000091576-25-000038,2024,2025-02-21,1.0.3,0.3.0,2.846632993622981,2.72,0.8127257238146168,1.26,5.0,33558,44271,10713,0.7580131463034492,2522,7644,warning_stem_collisions
S2024-265,0001601046,KEYS,Keysight Technologies,0001601046-24-000159,2024,2024-12-17,1.0.3,0.3.0,2.8690438568927594,2.78,0.7898037618488742,1.19,4.97,22277,29604,7327,0.7524996622078097,2140,5506,warning_stem_collisions
S2024-266,0000055785,KMB,Kimberly-Clark,0000055785-25-000013,2024,2025-02-13,1.0.3,0.3.0,2.8810848351022154,2.76,0.8181246842627522,1.19,5.0,14039,18702,4663,0.7506683777136135,1790,3540,warning_stem_collisions
S2024-267,0000879101,KIM,Kimco Realty,0000950170-25-024723,2024,2025-02-21,1.0.3,0.3.0,2.910423588039867,2.82,0.8004414908653963,1.26,5.0,37324,50985,13661,0.7320584485633029,1963,8761,warning_stem_collisions
S2024-268,0001506307,KMI,Kinder Morgan,0001506307-25-000008,2024,2025-02-13,1.0.3,0.3.0,2.899762048894063,2.76,0.8448790418161107,1.26,5.0,21475,29168,7693,0.7362520570488206,2276,5551,warning_stem_collisions
S2024-269,0001637459,KHC,Kraft Heinz,0001637459-25-000011,2024,2025-02-13,1.0.3,0.3.0,2.8860612876019114,2.77,0.8139115352711771,1.26,5.0,24899,33577,8678,0.7415492748012033,2151,6369,warning_stem_collisions
S2024-270,0000056873,KR,Kroger,0001558370-24-004603,2024,2024-04-02,1.0.3,0.3.0,2.9281163788699294,2.82,0.8387053904289962,1.19,5.0,19574,26134,6560,0.7489859952552231,1910,4837,warning_stem_collisions
S2024-271,0001065696,LKQ,LKQ Corporation,0001065696-25-000015,2024,2025-02-20,1.0.3,0.3.0,2.937985970458924,2.86,0.8101035099810667,1.19,5.0,20243,26923,6680,0.7518850053857297,2219,4963,warning_stem_collisions
S2024-272,0000920148,LH,Labcorp,0000920148-25-000032,2024,2025-02-25,1.0.3,0.3.0,2.8965079230213684,2.8,0.8084201290874327,1.04,5.0,23539,32868,9329,0.7161677011074602,2432,6349,warning_stem_collisions
S2024-273,0000707549,LRCX,Lam Research,0000707549-24-000106,2024,2024-08-29,1.0.3,0.3.0,2.9129866605070163,2.82,0.8354814068228974,1.04,4.96,17317,22893,5576,0.7564320971475997,2086,4140,warning_stem_collisions
S2024-274,0001679273,LW,Lamb Weston,0001679273-24-000036,2024,2024-07-24,1.0.3,0.3.0,2.8993622370761023,2.81,0.8309123841630301,1.19,5.0,16307,21790,5483,0.7483708122992199,2032,3893,warning_stem_collisions
S2024-275,0001300514,LVS,Las Vegas Sands,0001300514-25-000040,2024,2025-02-07,1.0.3,0.3.0,2.98855176802832,2.9,0.8468844806994476,1.19,5.0,25141,34535,9394,0.7279861010568988,2297,5836,warning_stem_collisions
S2024-276,0000920760,LEN,Lennar,0001628280-25-002404,2024,2025-01-23,1.0.3,0.3.0,2.921825392815642,2.85,0.8117016346572352,1.19,5.0,19793,27100,7307,0.7303690036900369,1939,5202,warning_stem_collisions
S2024-277,0001069202,LII,Lennox International,0001628280-25-004859,2024,2025-02-11,1.0.3,0.3.0,2.9105510360706064,2.86,0.8107693230082854,1.19,5.0,13030,17305,4275,0.7529615718000577,1787,3193,warning_stem_collisions
S2024-278,0000059478,LLY,Lilly (Eli),0000059478-25-000067,2024,2025-02-19,1.0.3,0.3.0,2.8475995,2.72,0.8015891981556077,1.19,5.0,20000,26899,6899,0.7435220640172497,2189,5145,warning_stem_collisions
S2024-279,0001707925,LIN,Linde plc,0001628280-25-007990,2024,2025-02-26,1.0.3,0.3.0,2.90046835027878,2.82,0.8007066842647429,1.26,5.0,15245,21327,6082,0.7148215876588362,1764,3813,warning_stem_collisions
S2024-280,0001335258,LYV,Live Nation Entertainment,0001335258-25-000028,2024,2025-02-21,1.0.3,0.3.0,2.8898054494787906,2.82,0.8027143151704543,1.19,5.0,19378,25700,6322,0.7540077821011674,2143,4970,warning_stem_collisions
S2024-281,0000936468,LMT,Lockheed Martin,0000936468-25-000009,2024,2025-01-28,1.0.3,0.3.0,2.8603328627048303,2.79,0.7871477030729961,1.26,5.0,23373,31062,7689,0.7524628163028781,2157,5710,warning_stem_collisions
S2024-282,0000060086,L,Loews Corporation,0000060086-25-000036,2024,2025-02-11,1.0.3,0.3.0,2.8987809924480152,2.79,0.8508619924202057,1.19,5.0,28999,39084,10085,0.7419660219015454,2428,6981,warning_stem_collisions
S2024-283,0000060667,LOW,Lowe's,0000060667-24-000033,2024,2024-03-25,1.0.3,0.3.0,2.9120864029754667,2.8,0.8322277631914025,1.26,5.0,13981,18466,4485,0.7571211957110365,1968,3382,warning_stem_collisions
S2024-284,0001397187,LULU,Lululemon Athletica,0001397187-24-000010,2024,2024-03-21,1.0.3,0.3.0,2.94823853097564,2.86,0.846026160564383,1.26,5.0,16174,21113,4939,0.7660682991521811,1992,3705,warning_stem_collisions
S2024-285,0001489393,LYB,LyondellBasell,0001489393-25-000008,2024,2025-02-27,1.0.3,0.3.0,2.89617979950415,2.79,0.8239229554710588,1.26,5.0,18554,25422,6868,0.7298402958067816,2091,4817,warning_stem_collisions
S2024-286,0000036270,MTB,M&T Bank,0001628280-25-006267,2024,2025-02-19,1.0.3,0.3.0,2.8658629823179895,2.74,0.7980948089398328,1.19,5.0,27938,37838,9900,0.7383582641788679,2264,7131,warning_stem_collisions
S2024-287,0000789570,MGM,MGM Resorts,0000789570-25-000008,2024,2025-02-18,1.0.3,0.3.0,2.9301076018730696,2.83,0.8479380415845503,1.26,5.0,20074,27360,7286,0.7336988304093567,2249,4662,warning_stem_collisions
S2024-288,0001408198,MSCI,MSCI Inc.,0001408198-25-000053,2024,2025-02-07,1.0.3,0.3.0,2.883036374537823,2.77,0.802524377954912,1.19,5.0,20014,27037,7023,0.740244849650479,2052,5022,warning_stem_collisions
S2024-289,0001510295,MPC,Marathon Petroleum,0001510295-25-000012,2024,2025-02-27,1.0.3,0.3.0,2.9603958116738456,2.86,0.8631292862226194,1.26,5.0,26932,36459,9527,0.7386927781891989,2436,6463,warning_stem_collisions
S2024-290,0001278021,MKTX,MarketAxess,0000950170-25-025606,2024,2025-02-24,1.0.3,0.3.0,2.8809103431989924,2.82,0.7944099862278828,1.19,5.0,25408,34359,8951,0.7394860153089438,2054,6117,warning_stem_collisions
S2024-291,0001048286,MAR,Marriott International,0001628280-25-004818,2024,2025-02-11,1.0.3,0.3.0,2.890890575079872,2.79,0.8410729668881415,1.19,5.0,12520,16471,3951,0.760123854046506,1747,3029,warning_stem_collisions
S2024-292,0000062709,MMC,Marsh & McLennan,0000062709-25-000015,2024,2025-02-10,1.0.3,0.3.0,2.9060110835085036,2.82,0.825851030504737,1.26,5.0,26165,34700,8535,0.7540345821325648,2286,5881,warning_stem_collisions
S2024-293,0000916076,MLM,Martin Marietta Materials,0000950170-25-024770,2024,2025-02-21,1.0.3,0.3.0,3.0009529953274288,2.9,0.8636300485864625,1.26,5.0,28678,39276,10598,0.7301660046847948,2333,7222,warning_stem_collisions
S2024-294,0000062996,MAS,Masco,0000062996-25-000004,2024,2025-02-11,1.0.3,0.3.0,2.875053284416492,2.79,0.8021403042739997,1.3,5.0,11448,15121,3673,0.7570927848687257,1586,2812,warning_stem_collisions
S2024-295,0001141391,MA,Mastercard,0001141391-25-000011,2024,2025-02-12,1.0.3,0.3.0,2.8930998174926295,2.8,0.8073336605653988,1.26,5.0,21369,28462,7093,0.750790527721172,2118,5395,warning_stem_collisions
S2024-296,0000891103,MTCH,Match Group,0000891103-25-000027,2024,2025-02-27,1.0.3,0.3.0,2.8899785519983263,2.82,0.8127652718151502,1.23,5.0,19116,25396,6280,0.7527169633013073,2082,4653,warning_stem_collisions
S2024-297,0000063754,MKC,McCormick & Company,0000063754-25-000005,2024,2025-01-23,1.0.3,0.3.0,2.882423305588585,2.82,0.8023091164353995,1.19,5.0,16820,22197,5377,0.7577600576654503,1922,4104,warning_stem_collisions
S2024-298,0000063908,MCD,McDonald's,0000063908-25-000012,2024,2025-02-25,1.0.3,0.3.0,2.9477912017624903,2.86,0.868429211302252,1.26,5.0,14071,18716,4645,0.7518166274845053,1854,3334,warning_stem_collisions
S2024-299,0000927653,MCK,McKesson Corporation,0000927653-24-000035,2024,2024-05-08,1.0.3,0.3.0,2.8768306527909178,2.76,0.8010426867634474,1.19,5.0,25368,34173,8805,0.7423404442103415,2212,6204,warning_stem_collisions
S2024-300,0001613103,MDT,Medtronic,0001613103-24-000072,2024,2024-06-20,1.0.3,0.3.0,2.9038521880921953,2.85,0.816473507589995,1.19,5.0,22691,30628,7937,0.7408580383962388,2450,5356,warning_stem_collisions
S2024-301,0000310158,MRK,Merck & Co.,0001628280-25-007732,2024,2025-02-25,1.0.3,0.3.0,2.915535738831615,2.82,0.8291332150153172,1.04,5.0,29100,41492,12392,0.7013400173527427,2590,7254,warning_stem_collisions
S2024-302,0001099219,MET,MetLife,0001099219-25-000044,2024,2025-02-21,1.0.3,0.3.0,2.8237497923932904,2.72,0.7859778758986367,1.19,4.97,48168,65528,17360,0.7350750824075204,2541,12061,warning_stem_collisions
S2024-303,0001326801,META,Meta Platforms,0001326801-25-000017,2024,2025-01-30,1.0.3,0.3.0,2.862252013765458,2.79,0.8112991387275748,1.19,5.0,26443,35748,9305,0.7397057178023946,2259,7133,warning_stem_collisions
S2024-304,0001037646,MTD,Mettler Toledo,0001037646-25-000012,2024,2025-02-07,1.0.3,0.3.0,2.9076991209376666,2.83,0.8155993529405691,1.23,5.0,15016,20003,4987,0.7506873968904665,1913,3741,warning_stem_collisions
S2024-305,0000827054,MCHP,Microchip Technology,0000827054-24-000098,2024,2024-05-23,1.0.3,0.3.0,2.8790928583931383,2.76,0.8276240695595886,1.19,5.0,22852,29887,7035,0.7646133770535685,2210,5412,warning_stem_collisions
S2024-306,0000723125,MU,Micron Technology,0000723125-24-000027,2024,2024-10-04,1.0.3,0.3.0,2.8811747833516415,2.8,0.8102932447733696,1.26,5.0,16386,22108,5722,0.741179663470237,1965,4327,warning_stem_collisions
S2024-307,0000789019,MSFT,Microsoft,0000950170-24-087843,2024,2024-07-30,1.0.3,0.3.0,2.924537728454144,2.83,0.8381578866178865,1.23,5.0,24239,33181,8942,0.7305084234953738,2226,6606,warning_stem_collisions
S2024-308,0000912595,MAA,Mid-America Apartment Communities,0000950170-25-016287,2024,2025-02-07,1.0.3,0.3.0,2.8917970361316936,2.82,0.815339585623237,1.26,5.0,26182,35115,8933,0.7456072903317671,1910,6049,warning_stem_collisions
S2024-309,0001682852,MRNA,Moderna,0001682852-25-000022,2024,2025-02-21,1.0.3,0.3.0,2.859737096221537,2.74,0.8069501228683142,1.04,5.0,32103,44823,12720,0.7162171206746536,3104,8102,warning_stem_collisions
S2024-310,0000851968,MHK,Mohawk Industries,0000851968-25-000023,2024,2025-02-20,1.0.3,0.3.0,2.9843072432285656,2.89,0.8459914385986084,1.29,5.0,14731,20351,5620,0.7238464940297774,1920,3921,warning_stem_collisions
S2024-311,0001179929,MOH,Molina Healthcare,0001179929-25-000023,2024,2025-02-11,1.0.3,0.3.0,2.822978566925825,2.74,0.7633925341062698,1.19,5.0,19036,25827,6791,0.7370581174739613,2121,4795,warning_stem_collisions
S2024-312,0000024545,TAP,Molson Coors Beverage Company,0000024545-25-000007,2024,2025-02-18,1.0.3,0.3.0,2.9027716228606355,2.8,0.8326620018195859,1.04,5.0,26176,35113,8937,0.7454788824651838,2393,6231,warning_stem_collisions
S2024-313,0001103982,MDLZ,Mondelez International,0001103982-25-000030,2024,2025-02-05,1.0.3,0.3.0,2.919477333567385,2.82,0.82501708027025,1.19,5.0,22787,30722,7935,0.7417160341123624,2240,5722,warning_stem_collisions
S2024-314,0001280452,MPWR,Monolithic Power Systems,0001437749-25-005903,2024,2025-03-03,1.0.3,0.3.0,2.8671436281454494,2.8,0.8017411759773122,1.19,5.0,14823,19724,4901,0.7515209896572703,1779,3676,warning_stem_collisions
S2024-315,0000865752,MNST,Monster Beverage,0001410578-25-000248,2024,2025-02-28,1.0.3,0.3.0,3.025594501718213,2.96,0.8653175431535384,1.26,5.0,24735,32961,8226,0.7504323291162283,2232,5793,warning_stem_collisions
S2024-316,0001059556,MCO,Moody's Corporation,0001059556-25-000025,2024,2025-02-14,1.0.3,0.3.0,2.834935151112988,2.72,0.7995075833909185,1.26,4.97,16577,23376,6799,0.7091461327857632,1994,4669,warning_stem_collisions
S2024-317,0000895421,MS,Morgan Stanley,0000895421-25-000304,2024,2025-02-21,1.0.3,0.3.0,2.8334331730642917,2.72,0.7965870798164031,1.19,5.0,38061,51217,13156,0.7431321631489545,2398,9237,warning_stem_collisions
S2024-318,0001285785,MOS,Mosaic Company (The),0001618034-25-000003,2024,2025-03-03,1.0.3,0.3.0,3.048012354897834,2.93,0.882451177245561,1.04,5.0,29462,40316,10854,0.7307768627840063,2693,6947,warning_stem_collisions
S2024-319,0000068505,MSI,Motorola Solutions,0000068505-25-000012,2024,2025-02-14,1.0.3,0.3.0,2.9305729351293865,2.86,0.8089104013398617,1.26,5.0,22568,29978,7410,0.7528187337380746,2208,5516,warning_stem_collisions
S2024-320,0001013871,NRG,NRG Energy,0001013871-25-000006,2024,2025-02-26,1.0.3,0.3.0,2.906801028563486,2.82,0.8208699549214963,1.26,5.0,28778,39893,11115,0.721379690672549,2498,7062,warning_stem_collisions
S2024-321,0000906163,NVR,"NVR, Inc.",0000906163-25-000011,2024,2025-02-12,1.0.3,0.3.0,2.8948617176128097,2.85,0.7956280029908726,1.19,4.96,11679,15344,3665,0.7611444212721585,1380,2803,warning_stem_collisions
S2024-322,0001413447,NXPI,NXP Semiconductors,0001413447-25-000019,2024,2025-02-20,1.0.3,0.3.0,2.8902318648559127,2.82,0.8156386000150933,1.19,5.0,18114,24234,6120,0.7474622431294875,2212,4437,warning_stem_collisions
S2024-323,0001120193,NDAQ,"Nasdaq, Inc.",0001120193-25-000008,2024,2025-02-21,1.0.3,0.3.0,2.888975661941696,2.81,0.8032319909942669,1.26,5.0,26173,35672,9499,0.733712715855573,2322,6657,warning_stem_collisions
S2024-324,0001002047,NTAP,NetApp,0000950170-24-071327,2024,2024-06-10,1.0.3,0.3.0,2.8818755973239885,2.81,0.8097561729972508,1.19,5.0,25112,33416,8304,0.7514962892027771,2143,6276,warning_stem_collisions
S2024-325,0001065280,NFLX,Netflix,0001065280-25-000044,2024,2025-01-27,1.0.3,0.3.0,2.843278239135693,2.74,0.7800566171459196,1.26,5.0,12403,15935,3532,0.7783495450266709,1674,2740,warning_stem_collisions
S2024-326,0001164727,NEM,Newmont,0001164727-25-000011,2024,2025-02-21,1.0.3,0.3.0,2.9771663903184824,2.86,0.8754710344657358,1.19,5.0,46439,64425,17986,0.7208226620100893,3081,11472,warning_stem_collisions
S2024-327,0001564708,NWSA|NWS,News Corp (Class A)|News Corp (Class B),0001564708-24-000408,2024,2024-08-13,1.0.3,0.3.0,2.9569788032264115,2.89,0.8350927800802169,1.19,5.0,26655,36598,9943,0.7283184873490355,2377,6493,warning_stem_collisions
S2024-328,0000753308,NEE,NextEra Energy,0000753308-25-000011,2024,2025-02-14,1.0.3,0.3.0,2.882455751336369,2.77,0.808280245232302,1.19,5.0,25255,35447,10192,0.7124721415070386,2070,6061,warning_stem_collisions
S2024-329,0001111711,NI,NiSource,0001111711-25-000008,2024,2025-02-12,1.0.3,0.3.0,2.854014507587557,2.74,0.7977763350327637,1.19,5.0,22471,30340,7869,0.7406394199077125,2169,5530,warning_stem_collisions
S2024-330,0000320187,NKE,"Nike, Inc.",0000320187-24-000044,2024,2024-07-25,1.0.3,0.3.0,2.874652479295524,2.75,0.8232190492177364,1.19,5.0,19078,25380,6302,0.7516942474389283,2117,4800,warning_stem_collisions
S2024-331,0000072331,NDSN,Nordson Corporation,0000072331-24-000177,2024,2024-12-18,1.0.3,0.3.0,2.8745492341356673,2.76,0.8016382371026499,1.25,5.0,13710,18040,4330,0.7599778270509978,1950,3179,warning_stem_collisions
S2024-332,0000702165,NSC,Norfolk Southern,0000702165-25-000008,2024,2025-02-10,1.0.3,0.3.0,2.9142964326160814,2.82,0.8279099819275458,1.19,5.0,14128,18477,4349,0.7646262921469935,1947,3215,warning_stem_collisions
S2024-333,0000073124,NTRS,Northern Trust,0000073124-25-000105,2024,2025-02-24,1.0.3,0.3.0,2.8139190544606794,2.72,0.7994126025758599,1.19,5.0,36889,48817,11928,0.755658889321343,2518,8643,warning_stem_collisions
S2024-334,0001133421,NOC,Northrop Grumman,0001133421-25-000006,2024,2025-01-30,1.0.3,0.3.0,2.8660195258019527,2.79,0.7911036477527084,1.19,5.0,17925,24087,6162,0.7441773570805829,2115,4395,warning_stem_collisions
S2024-335,0001513761,NCLH,Norwegian Cruise Line Holdings,0001558370-25-001743,2024,2025-02-27,1.0.3,0.3.0,2.901762541661256,2.8,0.8294479225237743,1.19,5.0,23103,30774,7671,0.7507311366738155,2301,5477,warning_stem_collisions
S2024-336,0000073309,NUE,Nucor,0000950170-25-028427,2024,2025-02-27,1.0.3,0.3.0,3.0329702970297028,2.9,0.889256008242611,1.26,5.0,20604,28651,8047,0.7191372028899515,2049,5325,warning_stem_collisions
S2024-337,0001045810,NVDA,Nvidia,0001045810-24-000029,2024,2024-02-21,1.0.3,0.3.0,2.899015437583296,2.82,0.814332485486426,1.19,5.0,18008,24369,6361,0.7389716443021872,2220,4465,warning_stem_collisions
S2024-338,0001097864,ON,ON Semiconductor,0001628280-25-004557,2024,2025-02-10,1.0.3,0.3.0,2.8590777693884153,2.75,0.7960502089481933,1.26,5.0,18542,24613,6071,0.7533417299800919,2059,4476,warning_stem_collisions
S2024-339,0000797468,OXY,Occidental Petroleum,0000797468-25-000029,2024,2025-02-18,1.0.3,0.3.0,2.9141322425495573,2.77,0.8529863779152603,1.19,5.0,22247,32194,9947,0.6910293843573336,2285,6362,warning_stem_collisions
S2024-340,0000878927,ODFL,Old Dominion,0000950170-25-026661,2024,2025-02-25,1.0.3,0.3.0,2.9139126729168034,2.83,0.8185646593075429,1.19,5.0,15253,20001,4748,0.7626118694065297,1698,3581,warning_stem_collisions
S2024-341,0000029989,OMC,Omnicom Group,0000029989-25-000009,2024,2025-02-05,1.0.3,0.3.0,2.869369664728443,2.76,0.7912533916412099,1.19,5.0,16166,21559,5393,0.7498492508928986,1598,3961,warning_stem_collisions
S2024-342,0001039684,OKE,Oneok,0001039684-25-000036,2024,2025-02-25,1.0.3,0.3.0,2.9370906978673967,2.82,0.8558344474446248,1.26,5.0,24102,32791,8689,0.7350187551462292,2240,5844,warning_stem_collisions
S2024-343,0001341439,ORCL,Oracle Corporation,0000950170-24-075605,2024,2024-06-20,1.0.3,0.3.0,2.908936203596197,2.83,0.8181638758964763,1.19,5.0,31867,42073,10206,0.7574216243196349,2227,7959,warning_stem_collisions
S2024-344,0001781335,OTIS,Otis Worldwide,0001781335-25-000010,2024,2025-02-04,1.0.3,0.3.0,2.8759710866857975,2.79,0.8080728406339526,1.19,5.0,18469,24964,6495,0.7398253485018427,2024,4733,warning_stem_collisions
S2024-345,0000898173,ORLY,O’Reilly Automotive,0000898173-25-000008,2024,2025-02-28,1.0.3,0.3.0,2.947984342136013,2.86,0.826157578044552,1.19,5.0,17116,22454,5338,0.7622695288144651,1857,3749,warning_stem_collisions
S2024-346,0001004980,PCG,PG&E Corporation,0001004980-25-000010,2024,2025-02-13,1.0.3,0.3.0,2.912457632105449,2.85,0.7957873264446496,1.26,5.0,33988,46710,12722,0.7276386212802398,2456,7892,warning_stem_collisions
S2024-347,0000713676,PNC,PNC Financial Services,0000713676-25-000027,2024,2025-02-21,1.0.3,0.3.0,2.859145519333558,2.72,0.8192423299881457,1.19,5.0,41534,55657,14123,0.7462493486892934,2616,9751,warning_stem_collisions
S2024-348,0000079879,PPG,PPG Industries,0000079879-25-000034,2024,2025-02-20,1.0.3,0.3.0,2.9111900943093603,2.86,0.797337489900662,1.26,5.0,15587,21239,5652,0.7338857761664862,1814,3983,warning_stem_collisions
S2024-349,0000922224,PPL,PPL Corporation,0000922224-25-000009,2024,2025-02-13,1.0.3,0.3.0,2.883798457278481,2.8,0.8009932974243399,1.19,5.0,30336,43609,13273,0.6956362218808044,2276,7889,warning_stem_collisions
S2024-350,0000857005,PTC,PTC Inc.,0000950170-24-127231,2024,2024-11-14,1.0.3,0.3.0,2.8866940066208806,2.78,0.7964538200572082,1.19,4.97,20239,26868,6629,0.753275271698675,1742,4770,warning_stem_collisions
S2024-351,0000075362,PCAR,Paccar,0000950170-25-023145,2024,2025-02-19,1.0.3,0.3.0,2.9735319720580335,2.89,0.8427843985079682,1.3,5.0,18610,25279,6669,0.7361841845009692,1395,4617,warning_stem_collisions
S2024-352,0000075677,PKG,Packaging Corporation of America,0000950170-25-028533,2024,2025-02-27,1.0.3,0.3.0,2.940864750235627,2.86,0.8215354647725426,1.25,5.0,21220,28511,7291,0.744274139805689,1674,5208,warning_stem_collisions
S2024-353,0001321655,PLTR,Palantir Technologies,0001321655-25-000022,2024,2025-02-18,1.0.3,0.3.0,2.828028935537302,2.74,0.7940999596243371,1.19,5.0,29583,39088,9505,0.7568307408923455,2560,7465,warning_stem_collisions
S2024-354,0001327567,PANW,Palo Alto Networks,0001327567-24-000029,2024,2024-09-06,1.0.3,0.3.0,2.8502357663560027,2.8,0.7947520929983001,1.26,5.0,21674,28811,7137,0.7522821144701677,2310,5425,warning_stem_collisions
S2024-355,0000813828,PARA,Paramount Global,0000813828-25-000005,2024,2025-02-26,1.0.3,0.3.0,2.9137043653008816,2.81,0.8416303521380727,1.26,5.0,26871,36062,9191,0.7451333813987022,2269,6490,warning_stem_collisions
S2024-356,0000076334,PH,Parker Hannifin,0000076334-24-000044,2024,2024-08-22,1.0.3,0.3.0,2.8935350392782144,2.82,0.7916998955551154,1.26,5.0,12857,16865,4008,0.7623480581085087,1742,2986,warning_stem_collisions
S2024-357,0001633917,PYPL,PayPal,0001633917-25-000019,2024,2025-02-04,1.0.3,0.3.0,2.848206940063091,2.74,0.7820223469166128,1.23,5.0,23775,31795,8020,0.7477590816166064,2171,6016,warning_stem_collisions
S2024-358,0000723531,PAYX,Paychex,0000950170-24-082958,2024,2024-07-11,1.0.3,0.3.0,2.8853141789301566,2.78,0.8104978070698098,1.19,5.0,21405,28766,7361,0.7441076270597233,1828,5000,warning_stem_collisions
S2024-359,0001590955,PAYC,Paycom,0000950170-25-024136,2024,2025-02-20,1.0.3,0.3.0,2.877434687535965,2.8,0.803382722355214,1.19,5.0,26067,34243,8176,0.7612358730251438,2135,5913,warning_stem_collisions
S2024-360,0000077360,PNR,Pentair,0000077360-25-000006,2024,2025-02-25,1.0.3,0.3.0,2.858263322131541,2.76,0.8056119302280034,1.26,5.0,16664,21902,5238,0.7608437585608621,1915,4055,warning_stem_collisions
S2024-361,0000077476,PEP,PepsiCo,0000077476-25-000007,2024,2025-02-04,1.0.3,0.3.0,2.9158270585377704,2.8,0.8480528826277421,1.19,5.0,20585,27936,7351,0.7368628293241696,2153,5172,warning_stem_collisions
S2024-362,0000078003,PFE,Pfizer,0000078003-25-000054,2024,2025-02-27,1.0.3,0.3.0,2.850516111033617,2.76,0.7865682200846561,1.04,5.0,28676,40265,11589,0.7121817956041226,2576,7656,warning_stem_collisions
S2024-363,0001413329,PM,Philip Morris International,0001413329-25-000013,2024,2025-02-06,1.0.3,0.3.0,2.9345631167763155,2.82,0.8434722623972216,1.26,5.0,29184,41770,12586,0.6986832655015561,2545,7213,warning_stem_collisions
S2024-364,0001534701,PSX,Phillips 66,0001534701-25-000074,2024,2025-02-21,1.0.3,0.3.0,2.9357169561492324,2.86,0.8495177418717398,1.26,5.0,25678,35097,9419,0.7316294840014816,2287,6201,warning_stem_collisions
S2024-365,0000764622,PNW,Pinnacle West Capital,0000764622-25-000023,2024,2025-02-25,1.0.3,0.3.0,2.952359629122967,2.86,0.8331828454286777,1.26,5.0,32895,44729,11834,0.735428916362986,2454,7681,warning_stem_collisions
S2024-366,0000945841,POOL,Pool Corporation,0000945841-25-000032,2024,2025-02-27,1.0.3,0.3.0,2.9399916985951466,2.85,0.8299732988565759,1.27,5.0,15660,20318,4658,0.7707451520818979,1998,3641,warning_stem_collisions
S2024-367,0001126328,PFG,Principal Financial Group,0001410578-25-000160,2024,2025-02-19,1.0.3,0.3.0,2.844874987839284,2.75,0.7698012811677668,1.19,4.97,51395,66399,15004,0.7740327414569497,2283,11412,warning_stem_collisions
S2024-368,0000080424,PG,Procter & Gamble,0000080424-24-000083,2024,2024-08-05,1.0.3,0.3.0,2.9268740673457474,2.81,0.8411504509521521,1.19,5.0,15413,20499,5086,0.7518903361139567,1802,3715,warning_stem_collisions
S2024-369,0000080661,PGR,Progressive Corporation,0000080661-25-000007,2024,2025-03-03,1.0.3,0.3.0,2.839280342594527,2.76,0.826650676704026,1.26,5.0,9574,12584,3010,0.760807374443738,1741,2420,warning_stem_collisions
S2024-370,0001045609,PLD,Prologis,0000950170-25-021272,2024,2025-02-14,1.0.3,0.3.0,2.8775112182707123,2.72,0.8134840214920561,1.19,5.0,29862,39574,9712,0.754586344569667,1880,6876,warning_stem_collisions
S2024-371,0001137774,PRU,Prudential Financial,0001137774-25-000044,2024,2025-02-13,1.0.3,0.3.0,2.8409329207568645,2.74,0.7937223827337162,1.19,5.0,56232,75372,19140,0.7460595446584939,2679,13718,warning_stem_collisions
S2024-372,0000788784,PEG,Public Service Enterprise Group,0000950170-25-026874,2024,2025-02-25,1.0.3,0.3.0,2.882667510645644,2.81,0.7948416757423232,1.19,5.0,43445,61395,17950,0.7076309145695904,2315,10506,warning_stem_collisions
S2024-373,0001393311,PSA,Public Storage,0001393311-25-000036,2024,2025-02-24,1.0.3,0.3.0,2.897080248545743,2.79,0.803136531098229,1.19,5.0,15128,20158,5030,0.7504712769123921,1887,3418,warning_stem_collisions
S2024-374,0000822416,PHM,PulteGroup,0000822416-25-000007,2024,2025-02-06,1.0.3,0.3.0,2.866942935793468,2.79,0.8045925615997607,1.26,5.0,13441,17772,4331,0.7563020481656538,1771,3521,warning_stem_collisions
S2024-375,0000804328,QCOM,Qualcomm,0000804328-24-000075,2024,2024-11-06,1.0.3,0.3.0,2.8734739157461866,2.8,0.8095398157825274,1.19,5.0,20913,28405,7492,0.7362436190811477,2269,5566,warning_stem_collisions
S2024-376,0001050915,PWR,Quanta Services,0001050915-25-000005,2024,2025-02-20,1.0.3,0.3.0,2.826723976242576,2.73,0.7838489521544681,1.19,5.0,28791,38434,9643,0.749102357287818,2306,7494,warning_stem_collisions
S2024-377,0001022079,DGX,Quest Diagnostics,0001022079-25-000044,2024,2025-02-20,1.0.3,0.3.0,2.855909881857313,2.74,0.7811654880205001,1.19,5.0,21838,28944,7106,0.7544914317302377,2225,5477,warning_stem_collisions
S2024-378,0000101829,RTX,RTX Corporation,0000101829-25-000005,2024,2025-02-03,1.0.3,0.3.0,2.8834975420618987,2.8,0.8044161444766113,1.26,5.0,28886,39926,11040,0.7234884536392325,2248,7811,warning_stem_collisions
S2024-379,0001037038,RL,Ralph Lauren Corporation,0001037038-24-000014,2024,2024-05-23,1.0.3,0.3.0,2.9066025914851203,2.81,0.8367270002094561,1.19,5.0,28092,37264,9172,0.7538643194504079,2614,6184,warning_stem_collisions
S2024-380,0000720005,RJF,Raymond James Financial,0000720005-24-000069,2024,2024-11-26,1.0.3,0.3.0,2.867075350832762,2.74,0.8066634254547457,1.26,5.0,33563,45010,11447,0.7456787380582093,2280,7884,warning_stem_collisions
S2024-381,0000726728,O,Realty Income,0000726728-25-000055,2024,2025-02-25,1.0.3,0.3.0,2.850972859224087,2.74,0.784154091904416,1.26,5.0,18533,24166,5633,0.7669039145907474,1890,4382,warning_stem_collisions
S2024-382,0000910606,REG,Regency Centers,0000950170-25-021359,2024,2025-02-14,1.0.3,0.3.0,2.9030595186142536,2.8,0.817556605644688,1.26,5.0,29789,39608,9819,0.752095536255302,1965,7439,warning_stem_collisions
S2024-383,0000872589,REGN,Regeneron Pharmaceuticals,0001804220-25-000011,2024,2025-02-05,1.0.3,0.3.0,2.8695591683000883,2.76,0.8018525871572779,1.04,5.0,26019,36490,10471,0.7130446697725404,2551,7087,warning_stem_collisions
S2024-384,0001281761,RF,Regions Financial Corporation,0001281761-25-000010,2024,2025-02-21,1.0.3,0.3.0,2.8389806473613914,2.72,0.8044291931913072,1.19,5.0,35189,47428,12239,0.7419456860926035,2655,9457,warning_stem_collisions
S2024-385,0001060391,RSG,Republic Services,0001060391-25-000091,2024,2025-02-14,1.0.3,0.3.0,2.9130103006096277,2.83,0.816556840060291,1.19,5.0,23785,31405,7620,0.7573634771533195,2345,5947,warning_stem_collisions
S2024-386,0000943819,RMD,ResMed,0000943819-24-000013,2024,2024-08-09,1.0.3,0.3.0,2.8659205678857043,2.79,0.7853375127141773,1.19,5.0,22258,29773,7515,0.7475900984113123,2518,5288,warning_stem_collisions
S2024-387,0000031791,RVTY,Revvity,0000031791-25-000009,2024,2025-02-25,1.0.3,0.3.0,2.88413718503436,2.81,0.7947027630265563,1.04,5.0,15716,21167,5451,0.7424764964331271,2096,3666,warning_stem_collisions
S2024-388,0001024478,ROK,Rockwell Automation,0001024478-24-000107,2024,2024-11-12,1.0.3,0.3.0,2.88921875,2.8,0.7937395343313566,1.19,5.0,14784,19206,4422,0.7697594501718213,1728,3402,warning_stem_collisions
S2024-389,0000084839,ROL,"Rollins, Inc.",0000084839-25-000024,2024,2025-02-13,1.0.3,0.3.0,2.8806234875444843,2.81,0.8102039608878562,1.19,5.0,14050,18740,4690,0.7497331910352187,1881,3388,warning_stem_collisions
S2024-390,0000882835,ROP,Roper Technologies,0000882835-25-000008,2024,2025-02-24,1.0.3,0.3.0,2.8730987734021953,2.79,0.8026819054728817,1.19,5.0,12392,16897,4505,0.7333846244895543,1611,3131,warning_stem_collisions
S2024-391,0000745732,ROST,Ross Stores,0000745732-24-000009,2024,2024-04-02,1.0.3,0.3.0,2.9782987811230335,2.88,0.8670648116204133,1.19,5.0,9599,12522,2923,0.7665708353298195,1547,2205,warning_stem_collisions
S2024-392,0000884887,RCL,Royal Caribbean Group,0000884887-25-000050,2024,2025-02-14,1.0.3,0.3.0,2.929531995319953,2.82,0.8323158573946999,1.26,5.0,22222,29394,7172,0.7560046267945839,2230,5200,warning_stem_collisions
S2024-393,0000064040,SPGI,S&P Global,0000064040-25-000052,2024,2025-02-11,1.0.3,0.3.0,2.86634641241902,2.8,0.7800398265909166,1.26,5.0,24543,33220,8677,0.7388019265502709,2073,6336,warning_stem_collisions
S2024-394,0001034054,SBAC,SBA Communications,0001034054-25-000002,2024,2025-02-26,1.0.3,0.3.0,2.9226014460675818,2.82,0.829171893930682,1.19,5.0,20331,26870,6539,0.756643096390026,1881,4797,warning_stem_collisions
S2024-395,0001108524,CRM,Salesforce,0001108524-24-000005,2024,2024-03-06,1.0.3,0.3.0,2.8507238205387693,2.74,0.8067411611267384,1.19,5.0,20751,27797,7046,0.74651940856927,2273,5438,warning_stem_collisions
S2024-396,0000087347,SLB,Schlumberger,0000950170-25-007638,2024,2025-01-22,1.0.3,0.3.0,2.910331396261976,2.83,0.8195782146554328,1.26,5.0,12734,18042,5308,0.7057975834164727,1643,3533,warning_stem_collisions
S2024-397,0001137789,STX,Seagate Technology,0001137789-24-000068,2024,2024-08-02,1.0.3,0.3.0,2.8973221735502714,2.82,0.8144338157379969,1.04,5.0,19176,25461,6285,0.7531518793448804,2201,4627,warning_stem_collisions
S2024-398,0001032208,SRE,Sempra,0001032208-25-000012,2024,2025-02-25,1.0.3,0.3.0,2.8771194011535157,2.76,0.796820350121183,1.17,5.0,40745,58157,17412,0.7006035386969754,2542,9636,warning_stem_collisions
S2024-399,0001373715,NOW,ServiceNow,0001373715-25-000010,2024,2025-01-30,1.0.3,0.3.0,2.838396264717824,2.74,0.786678245579661,1.19,5.0,17241,22860,5619,0.7541994750656168,2146,4399,warning_stem_collisions
S2024-400,0000089800,SHW,Sherwin-Williams,0000089800-25-000030,2024,2025-02-20,1.0.3,0.3.0,2.9207812580363113,2.83,0.8405774311563445,1.19,5.0,19443,25744,6301,0.7552439403356122,1966,4523,warning_stem_collisions
S2024-401,0001063761,SPG,Simon Property Group,0001558370-25-001271,2024,2025-02-21,1.0.3,0.3.0,2.9066289162602295,2.82,0.811329945623264,1.19,5.0,24194,32104,7910,0.7536132569150261,1795,5227,warning_stem_collisions
S2024-402,0000004127,SWKS,Skyworks Solutions,0000004127-24-000131,2024,2024-11-15,1.0.3,0.3.0,2.882498190765668,2.8,0.8201410358881156,1.26,5.0,13818,18191,4373,0.7596063987686218,2041,3408,warning_stem_collisions
S2024-403,0002005951,SW,Smurfit Westrock,0002005951-25-000005,2024,2025-03-07,1.0.3,0.3.0,2.9070070110701107,2.85,0.8199198353999068,1.19,5.0,27100,37262,10162,0.7272824861789491,2486,6362,warning_stem_collisions
S2024-404,0000091440,SNA,Snap-on,0000091440-25-000010,2024,2025-02-13,1.0.3,0.3.0,2.92727980209246,2.86,0.8097140362432459,1.04,5.0,19403,26344,6941,0.7365244457941087,1948,4769,warning_stem_collisions
S2024-405,0001964738,SOLV,Solventum,0001964738-25-000019,2024,2025-02-28,1.0.3,0.3.0,2.868966173462106,2.79,0.8020124147179323,1.04,5.0,21019,29386,8367,0.7152725787790104,2367,5572,warning_stem_collisions
S2024-406,0000092122,SO,Southern Company,0000092122-25-000018,2024,2025-02-20,1.0.3,0.3.0,2.941734310681014,2.86,0.8152271100034614,1.26,5.0,55388,74638,19250,0.7420884803987245,2432,11744,warning_stem_collisions
S2024-407,0000092380,LUV,Southwest Airlines,0000092380-25-000024,2024,2025-02-07,1.0.3,0.3.0,2.9872417378154434,2.89,0.8530795038394783,1.19,5.0,31741,43058,11317,0.7371684704352269,2815,7726,warning_stem_collisions
S2024-408,0000093556,SWK,Stanley Black & Decker,0000093556-25-000007,2024,2025-02-18,1.0.3,0.3.0,2.920852413296748,2.83,0.8283297563056724,1.04,5.0,22231,30296,8065,0.7337932400316873,2230,5667,warning_stem_collisions
S2024-409,0000829224,SBUX,Starbucks,0000829224-24-000057,2024,2024-11-20,1.0.3,0.3.0,2.9032973030254863,2.79,0.8601350509529613,1.19,5.0,18873,24785,5912,0.7614686302198911,2183,4505,warning_stem_collisions
S2024-410,0000093751,STT,State Street Corporation,0000093751-25-000111,2024,2025-02-13,1.0.3,0.3.0,2.8575872892228737,2.72,0.8181769644280473,1.26,4.97,43648,57330,13682,0.7613465899180185,2581,9777,warning_stem_collisions
S2024-411,0001022671,STLD,Steel Dynamics,0001558370-25-001886,2024,2025-02-28,1.0.3,0.3.0,3.001671439424931,2.89,0.8797042406290871,1.26,5.0,17111,23045,5934,0.7425037969190714,1909,4441,warning_stem_collisions
S2024-412,0001757898,STE,Steris,0001757898-24-000008,2024,2024-05-29,1.0.3,0.3.0,2.855176858083918,2.76,0.7952833194831667,1.19,5.0,20949,27996,7047,0.7482854693527646,2107,5246,warning_stem_collisions
S2024-413,0000310764,SYK,Stryker Corporation,0000310764-25-000023,2024,2025-02-12,1.0.3,0.3.0,2.8499792435424354,2.74,0.8067315713977957,1.23,5.0,13008,17334,4326,0.7504326756663205,1844,3286,warning_stem_collisions
S2024-414,0001375365,SMCI,Supermicro,0001375365-25-000004,2024,2025-02-25,1.0.3,0.3.0,2.9634796780583206,2.89,0.8326234280530632,1.19,5.0,39883,53553,13670,0.7447388568334173,2596,8538,warning_stem_collisions
S2024-415,0001601712,SYF,Synchrony Financial,0001601712-25-000044,2024,2025-02-07,1.0.3,0.3.0,2.828450540958269,2.72,0.7934389684807055,1.19,5.0,31056,40137,9081,0.7737499065699978,2353,6956,warning_stem_collisions
S2024-416,0000883241,SNPS,Synopsys,0000883241-24-000024,2024,2024-12-19,1.0.3,0.3.0,2.8491263858093125,2.76,0.8007095833984164,1.19,5.0,20295,27044,6749,0.7504437213429966,2130,4935,warning_stem_collisions
S2024-417,0000096021,SYY,Sysco,0000096021-24-000128,2024,2024-08-28,1.0.3,0.3.0,2.885176489294043,2.8,0.8189728060720797,1.19,5.0,18868,25432,6564,0.7418999685435672,2167,4895,warning_stem_collisions
S2024-418,0001283699,TMUS,T-Mobile US,0001283699-25-000012,2024,2025-01-31,1.0.3,0.3.0,2.8837812118404984,2.82,0.7924895320400501,1.25,5.0,23749,31542,7793,0.7529325978060998,2207,5381,warning_stem_collisions
S2024-419,0001113169,TROW,T. Rowe Price,0001113169-25-000007,2024,2025-02-14,1.0.3,0.3.0,2.885952395446521,2.8,0.8029411970653136,1.19,4.96,16427,21659,5232,0.758437600997276,1897,3941,warning_stem_collisions
S2024-420,0001385157,TEL,TE Connectivity,0001558370-24-015227,2024,2024-11-12,1.0.3,0.3.0,2.8342950018203568,2.74,0.7894833177598822,1.19,5.0,19227,24969,5742,0.7700348432055749,1874,4364,warning_stem_collisions
S2024-421,0000109198,TJX,TJX Companies,0000109198-24-000014,2024,2024-04-03,1.0.3,0.3.0,2.897844036697248,2.82,0.8288688766155248,1.26,5.0,13516,17929,4413,0.7538624574711361,1834,3254,warning_stem_collisions
S2024-422,0000946581,TTWO,Take-Two Interactive,0001628280-24-024623,2024,2024-05-22,1.0.3,0.3.0,2.8827544103406173,2.75,0.8280043634578546,1.19,5.0,23751,31410,7659,0.7561604584527221,2416,5952,warning_stem_collisions
S2024-423,0001116132,TPR,"Tapestry, Inc.",0001116132-24-000018,2024,2024-08-15,1.0.3,0.3.0,2.886229147477229,2.79,0.8301242157562781,1.26,5.0,19542,25923,6381,0.7538479342668672,2170,4598,warning_stem_collisions
S2024-424,0001389170,TRGP,Targa Resources,0000950170-25-023983,2024,2025-02-20,1.0.3,0.3.0,2.9194573961162065,2.82,0.853168559165275,1.19,5.0,39034,53277,14243,0.7326613735758395,2464,9312,warning_stem_collisions
S2024-425,0000027419,TGT,Target Corporation,0000027419-24-000032,2024,2024-03-13,1.0.3,0.3.0,2.9065021258944315,2.82,0.8294669256600372,1.26,5.0,9643,12415,2772,0.77672170761176,1666,2159,warning_stem_collisions
S2024-426,0001094285,TDY,Teledyne Technologies,0001094285-25-000053,2024,2025-02-21,1.0.3,0.3.0,2.890526253125372,2.795,0.8053229549618273,1.19,5.0,16798,22248,5450,0.7550341603739662,2044,4203,warning_stem_collisions
S2024-427,0000096943,TFX,Teleflex,0000096943-25-000031,2024,2025-02-28,1.0.3,0.3.0,2.8400396451756778,2.74,0.7911129151992572,1.04,5.0,20179,26588,6409,0.7589514066496164,2223,4888,warning_stem_collisions
S2024-428,0000097210,TER,Teradyne,0000950170-25-023784,2024,2025-02-20,1.0.3,0.3.0,2.919536956349521,2.86,0.7865200693542023,1.23,5.0,25246,33344,8098,0.7571377159309021,1992,5592,warning_stem_collisions
S2024-429,0001318605,TSLA,"Tesla, Inc.",0001628280-25-003063,2024,2025-01-30,1.0.3,0.3.0,2.9237689452520876,2.87,0.8173692441656965,1.19,5.0,19398,25558,6160,0.7589795758666562,2262,4658,warning_stem_collisions
S2024-430,0000097476,TXN,Texas Instruments,0000097476-25-000007,2024,2025-02-14,1.0.3,0.3.0,2.9058594953204597,2.83,0.8200583649931242,1.19,5.0,8441,11168,2727,0.7558202005730659,1514,2114,warning_stem_collisions
S2024-431,0001811074,TPL,Texas Pacific Land Corporation,0001811074-25-000044,2024,2025-02-19,1.0.3,0.3.0,3.0216051247330866,2.93,0.8786048654313816,1.19,5.0,19201,25622,6421,0.7493950511279369,1977,3921,warning_stem_collisions
S2024-432,0000217346,TXT,Textron,0000217346-25-000017,2024,2025-02-06,1.0.3,0.3.0,2.8880955459770115,2.84,0.7975510925209188,1.3,5.0,13920,18535,4615,0.751011599676288,1826,3552,warning_stem_collisions
S2024-433,0000097745,TMO,Thermo Fisher Scientific,0000097745-25-000010,2024,2025-02-20,1.0.3,0.3.0,2.8800159663255678,2.74,0.8102767425292481,1.3,5.0,13779,18621,4842,0.7399710004833253,1856,3745,warning_stem_collisions
S2024-434,0000916365,TSCO,Tractor Supply,0000916365-25-000076,2024,2025-02-20,1.0.3,0.3.0,2.9508541767848473,2.86,0.8567648087155624,1.26,5.0,16472,21327,4855,0.7723542926806396,2026,3681,warning_stem_collisions
S2024-435,0001466258,TT,Trane Technologies,0001466258-25-000039,2024,2025-02-06,1.0.3,0.3.0,2.8668334996120164,2.79,0.8003907910189255,1.19,5.0,18042,24476,6434,0.7371302500408563,2032,4562,warning_stem_collisions
S2024-436,0001260221,TDG,TransDigm Group,0001260221-24-000083,2024,2024-11-07,1.0.3,0.3.0,2.8844410142213674,2.79,0.8156510305417203,1.19,5.0,19759,26292,6533,0.7515213753232922,2009,4763,warning_stem_collisions
S2024-437,0000086312,TRV,Travelers Companies (The),0000086312-25-000012,2024,2025-02-13,1.0.3,0.3.0,2.8653398058252426,2.8,0.7875764529629582,1.26,5.0,41715,54201,12486,0.7696352465821664,2590,9351,warning_stem_collisions
S2024-438,0000092230,TFC,Truist Financial,0000092230-25-000020,2024,2025-02-25,1.0.3,0.3.0,2.819882743291563,2.71,0.794780888384569,1.19,5.0,31043,43041,11998,0.7212425361864269,2516,7895,warning_stem_collisions
S2024-439,0000860731,TYL,Tyler Technologies,0000860731-25-000007,2024,2025-02-19,1.0.3,0.3.0,2.8675943335479714,2.76,0.7928133138990007,1.19,5.0,15530,20288,4758,0.7654771293375394,1917,3583,warning_stem_collisions
S2024-440,0000100493,TSN,Tyson Foods,0000100493-24-000119,2024,2024-11-12,1.0.3,0.3.0,2.929065654183568,2.81,0.871187030612699,1.26,5.0,21202,27686,6484,0.7658022105035036,2125,4981,warning_stem_collisions
S2024-441,0000036104,USB,U.S. Bancorp,0000036104-25-000016,2024,2025-02-21,1.0.3,0.3.0,2.926348688680527,2.81,0.8209521705116652,1.19,4.96,7359,10167,2808,0.7238123340218353,1363,1681,warning_stem_collisions
S2024-442,0000074208,UDR,"UDR, Inc.",0000074208-25-000010,2024,2025-02-18,1.0.3,0.3.0,2.880434516303369,2.81,0.800755546653102,1.29,5.0,27755,36715,8960,0.7559580552907531,1938,6128,warning_stem_collisions
S2024-443,0001543151,UBER,Uber,0001543151-25-000008,2024,2025-02-14,1.0.3,0.3.0,2.8750331205952633,2.74,0.8363196905891629,1.19,5.0,33061,43371,10310,0.76228355352655,2512,7776,warning_stem_collisions
S2024-444,0001403568,ULTA,Ulta Beauty,0001558370-24-003941,2024,2024-03-26,1.0.3,0.3.0,2.9587081647073936,2.87,0.8542102139925696,1.19,5.0,15567,20175,4608,0.7715985130111525,1956,3427,warning_stem_collisions
S2024-445,0000100885,UNP,Union Pacific Corporation,0000100885-25-000042,2024,2025-02-07,1.0.3,0.3.0,2.965837239028547,2.86,0.8562000658070286,1.26,5.0,14082,18446,4364,0.7634175430987749,1992,3328,warning_stem_collisions
S2024-446,0000100517,UAL,United Airlines Holdings,0000100517-25-000046,2024,2025-02-27,1.0.3,0.3.0,2.952579937147703,2.85,0.8403575645623658,1.19,5.0,20047,26919,6872,0.7447156283665812,2243,4695,warning_stem_collisions
S2024-447,0001090727,UPS,United Parcel Service,0001090727-25-000019,2024,2025-02-18,1.0.3,0.3.0,2.8940357766143108,2.8,0.7933662318107731,1.19,5.0,22920,30268,7348,0.7572353640808775,2060,5643,warning_stem_collisions
S2024-448,0001067701,URI,United Rentals,0001067701-25-000008,2024,2025-01-29,1.0.3,0.3.0,2.8715808916552805,2.72,0.8134075678968081,1.26,5.0,19761,25679,5918,0.7695393122785155,1947,4527,warning_stem_collisions
S2024-449,0000731766,UNH,UnitedHealth Group,0000731766-25-000063,2024,2025-02-27,1.0.3,0.3.0,2.8318867667121417,2.72,0.7918108320341758,1.26,4.96,14660,20144,5484,0.727760127084988,1847,4155,warning_stem_collisions
S2024-450,0000352915,UHS,Universal Health Services,0000950170-25-027785,2024,2025-02-26,1.0.3,0.3.0,2.8507437381549967,2.75,0.7783609290335861,1.19,5.0,39046,52126,13080,0.7490695622146337,2366,9335,warning_stem_collisions
S2024-451,0001035002,VLO,Valero Energy,0001035002-25-000005,2024,2025-02-26,1.0.3,0.3.0,2.957859615487032,2.82,0.8626292394586113,1.26,5.0,18777,25967,7190,0.7231101012823968,2108,4852,warning_stem_collisions
S2024-452,0000740260,VTR,Ventas,0000740260-25-000052,2024,2025-02-13,1.0.3,0.3.0,2.8167799862423517,2.71,0.7929938590032987,1.19,5.0,27621,36668,9047,0.7532726082687903,2192,6630,warning_stem_collisions
S2024-453,0001967680,VLTO,Veralto,0001967680-25-000008,2024,2025-02-25,1.0.3,0.3.0,2.8572991347342396,2.75,0.8057572109991479,1.26,5.0,19416,26489,7073,0.7329835025859791,2040,4963,warning_stem_collisions
S2024-454,0001014473,VRSN,Verisign,0001014473-25-000006,2024,2025-02-13,1.0.3,0.3.0,2.9068333190651487,2.83,0.8037861866967556,1.29,5.0,11681,15611,3930,0.7482544359746333,1759,2809,warning_stem_collisions
S2024-455,0001442145,VRSK,Verisk Analytics,0001437749-25-005160,2024,2025-02-26,1.0.3,0.3.0,2.847866836301951,2.79,0.7595770831765118,1.04,5.0,18864,24579,5715,0.7674844379348225,2294,4235,warning_stem_collisions
S2024-456,0000732712,VZ,Verizon,0000732712-25-000006,2024,2025-02-12,1.0.3,0.3.0,2.9069085788561524,2.85,0.7841327912263903,1.26,5.0,23080,30875,7795,0.7475303643724697,2040,5912,warning_stem_collisions
S2024-457,0000875320,VRTX,Vertex Pharmaceuticals,0000875320-25-000053,2024,2025-02-13,1.0.3,0.3.0,2.8735869638408187,2.78,0.8029428157335398,1.19,5.0,29702,41108,11406,0.7225357594628783,2623,7084,warning_stem_collisions
S2024-458,0001792044,VTRS,Viatris,0001792044-25-000008,2024,2025-02-27,1.0.3,0.3.0,2.862442133927466,2.74,0.8065845894420731,1.19,5.0,32316,44259,11943,0.7301565783230529,2571,8316,warning_stem_collisions
S2024-459,0001705696,VICI,Vici Properties,0001705696-25-000033,2024,2025-02-20,1.0.3,0.3.0,2.8597523975588492,2.74,0.8079236304086651,1.19,5.0,22940,31030,8090,0.7392845633258137,1993,5197,warning_stem_collisions
S2024-460,0001403161,V,Visa Inc.,0001403161-24-000058,2024,2024-11-13,1.0.3,0.3.0,2.9466172368910373,2.87,0.8358579893122771,1.26,5.0,21512,28358,6846,0.7585866422173637,2240,4851,warning_stem_collisions
S2024-461,0001692819,VST,Vistra Corp.,0001692819-25-000013,2024,2025-02-28,1.0.3,0.3.0,2.896438747342704,2.82,0.8233872404502014,1.04,5.0,31517,43140,11623,0.7305748725081131,2586,7775,warning_stem_collisions
S2024-462,0001396009,VMC,Vulcan Materials Company,0001396009-25-000005,2024,2025-02-20,1.0.3,0.3.0,2.9686122784137563,2.89,0.847759631801957,1.19,5.0,20703,28083,7380,0.7372075632945199,2364,5186,warning_stem_collisions
S2024-463,0000011544,WRB,W. R. Berkley Corporation,0000011544-25-000005,2024,2025-02-24,1.0.3,0.3.0,2.8048024026314535,2.72,0.7647374757864536,1.19,5.0,20977,27560,6583,0.7611393323657475,2062,4876,warning_stem_collisions
S2024-464,0000277135,GWW,W. W. Grainger,0000277135-25-000010,2024,2025-02-20,1.0.3,0.3.0,2.8930528200537156,2.83,0.8166542736197258,1.04,5.0,10053,14046,3993,0.715719777872704,1645,2633,warning_stem_collisions
S2024-465,0000783325,WEC,WEC Energy Group,0000107815-25-000103,2024,2025-02-21,1.0.3,0.3.0,2.9312748868778282,2.86,0.8142719023755458,1.19,5.0,35360,48709,13349,0.7259438707425733,2387,8690,warning_stem_collisions
S2024-466,0000943452,WAB,Wabtec,0001628280-25-005100,2024,2025-02-12,1.0.3,0.3.0,2.935596254299911,2.85,0.8440001411815162,1.04,5.0,15698,21059,5361,0.7454295075739589,1982,3912,warning_stem_collisions
S2024-467,0000104169,WMT,Walmart,0000104169-24-000056,2024,2024-03-15,1.0.3,0.3.0,2.92300207479917,2.83,0.8397501665561956,1.26,5.0,18797,25276,6479,0.7436698844753917,2216,4767,warning_stem_collisions
S2024-468,0001744489,DIS,Walt Disney Company (The),0001744489-24-000276,2024,2024-11-14,1.0.3,0.3.0,2.984630918898981,2.89,0.8517316864574233,1.26,5.0,21689,30156,8467,0.7192266878896405,2183,5663,warning_stem_collisions
S2024-469,0001437107,WBD,Warner Bros. Discovery,0001437107-25-000031,2024,2025-02-27,1.0.3,0.3.0,2.9063808463251672,2.81,0.822544140631582,1.19,5.0,24246,32576,8330,0.7442902750491159,2298,6067,warning_stem_collisions
S2024-470,0000823768,WM,Waste Management,0001558370-25-001132,2024,2025-02-19,1.0.3,0.3.0,2.895736198017609,2.82,0.8140318266428495,1.19,5.0,36118,48288,12170,0.7479705102717031,2441,8934,warning_stem_collisions
S2024-471,0001000697,WAT,Waters Corporation,0001193125-25-034579,2024,2025-02-25,1.0.3,0.3.0,2.916030401316745,2.86,0.8070408772981981,1.26,5.0,20657,27914,7257,0.74002292756323,1992,5108,warning_stem_collisions
S2024-472,0000072971,WFC,Wells Fargo,0000072971-25-000066,2024,2025-02-25,1.0.3,0.3.0,2.957324438202247,2.85,0.8120393707719308,1.26,4.96,4272,5829,1557,0.7328872876994339,937,1051,warning_stem_collisions
S2024-473,0000766704,WELL,Welltower,0000766704-25-000009,2024,2025-02-12,1.0.3,0.3.0,2.8631985564392166,2.74,0.7980574690615558,1.26,5.0,29926,40709,10783,0.7351199980348326,2328,7355,warning_stem_collisions
S2024-474,0000105770,WST,West Pharmaceutical Services,0000105770-25-000013,2024,2025-02-18,1.0.3,0.3.0,2.878871996440225,2.82,0.7887436426982497,1.19,5.0,13484,17723,4239,0.7608192743892117,1729,3316,warning_stem_collisions
S2024-475,0000106040,WDC,Western Digital,0000106040-24-000031,2024,2024-08-20,1.0.3,0.3.0,2.8979354838709677,2.81,0.7982470037645939,1.19,5.0,20305,26663,6358,0.7615422120541574,2196,4711,warning_stem_collisions
S2024-476,0000106535,WY,Weyerhaeuser,0000950170-25-021254,2024,2025-02-14,1.0.3,0.3.0,2.965509564509565,2.86,0.8487169101530049,1.26,5.0,24570,32766,8196,0.7498626625160227,2222,5814,warning_stem_collisions
S2024-477,0000107263,WMB,Williams Companies,0000107263-25-000031,2024,2025-02-25,1.0.3,0.3.0,2.914019265623951,2.81,0.8322925938044483,1.19,5.0,29794,42224,12430,0.7056176582038651,2276,7091,warning_stem_collisions
S2024-478,0001140536,WTW,Willis Towers Watson,0000950170-25-026278,2024,2025-02-25,1.0.3,0.3.0,2.8403833349416194,2.76,0.7840444209231358,1.19,5.0,41452,55159,13707,0.7515002084881887,2445,9977,warning_stem_collisions
S2024-479,0001327811,WDAY,"Workday, Inc.",0001327811-24-000044,2024,2024-03-08,1.0.3,0.3.0,2.8423644497143474,2.74,0.7943914363894236,1.19,5.0,18554,24215,5661,0.7662192855667974,2095,4516,warning_stem_collisions
S2024-480,0001174922,WYNN,Wynn Resorts,0001174922-25-000039,2024,2025-02-13,1.0.3,0.3.0,2.9536507293354948,2.87,0.842979616917281,1.17,5.0,22212,30820,8608,0.7207008436080468,2203,5023,warning_stem_collisions
S2024-481,0000072903,XEL,Xcel Energy,0000072903-25-000029,2024,2025-02-27,1.0.3,0.3.0,2.873054348875374,2.81,0.7972907692618956,1.26,5.0,20718,28673,7955,0.7225612945977051,2161,5222,warning_stem_collisions
S2024-482,0001524472,XYL,Xylem Inc.,0001524472-25-000013,2024,2025-03-03,1.0.3,0.3.0,2.8531299861255635,2.75,0.8124726614654517,1.26,5.0,23064,30615,7551,0.7533561979421852,2281,5800,warning_stem_collisions
S2024-483,0001041061,YUM,Yum! Brands,0001041061-25-000013,2024,2025-02-19,1.0.3,0.3.0,2.948202214310101,2.85,0.8792646377266548,1.19,5.0,20503,27157,6654,0.7549802997385573,2182,4664,warning_stem_collisions
S2024-484,0000877212,ZBRA,Zebra Technologies,0000877212-25-000027,2024,2025-02-13,1.0.3,0.3.0,2.890525597269624,2.82,0.8045313032725715,1.26,5.0,14650,19539,4889,0.7497824863094324,1969,3744,warning_stem_collisions
S2024-485,0001136869,ZBH,Zimmer Biomet,0000950170-25-026604,2024,2025-02-25,1.0.3,0.3.0,2.877009363508852,2.77,0.8134011324076361,1.19,5.0,26379,35261,8882,0.7481069737103315,2060,6567,warning_stem_collisions
S2024-486,0001555280,ZTS,Zoetis,0001555280-25-000102,2024,2025-02-13,1.0.3,0.3.0,2.8986711351351353,2.8,0.8378932155141593,1.04,5.0,23125,31429,8304,0.735785421107894,2424,6150,warning_stem_collisions
S2024-487,0001065088,EBAY,eBay Inc.,0001065088-25-000037,2024,2025-02-27,1.0.3,0.3.0,2.8636086771183633,2.74,0.8152482763203536,1.23,5.0,21113,27745,6632,0.7609659398089746,2185,5234,warning_stem_collisions
