sample_order,company_id,final_sample_id,ticker,symbol,company_name,security,_company_key,cik,gics_sector,gics_sub_industry,accession_number,primary_document,form,filing_date,report_date,report_year,filing_url,source_manifest,sample_group,batch_id,r2_object_key,universe_order
1,S2020-001,S2020-001,MMM,MMM,3M,3M,cik:0000066740,0000066740,Industrials,Industrial Conglomerates,0001558370-21-000737,mmm-20201231x10k.htm,10-K,2021-02-04,2020-12-31,2020,https://www.sec.gov/Archives/edgar/data/66740/000155837021000737/mmm-20201231x10k.htm,2020/sp500_companies.csv,sample_2020,1,2020/sample_500/html/raw/0000066740/0001558370-21-000737.html,1
2,S2020-002,S2020-002,AOS,AOS,A. O. Smith,A. O. Smith,cik:0000091142,0000091142,Industrials,Building Products,0000091142-21-000025,aos-20201231.htm,10-K,2021-02-12,2020-12-31,2020,https://www.sec.gov/Archives/edgar/data/91142/000009114221000025/aos-20201231.htm,2020/sp500_companies.csv,sample_2020,1,2020/sample_500/html/raw/0000091142/0000091142-21-000025.html,2
3,S2020-003,S2020-003,AES,AES,AES Corporation,AES Corporation,cik:0000874761,0000874761,Utilities,Independent Power Producers & Energy Traders,0000874761-21-000015,aes-20201231.htm,10-K,2021-02-25,2020-12-31,2020,https://www.sec.gov/Archives/edgar/data/874761/000087476121000015/aes-20201231.htm,2020/sp500_companies.csv,sample_2020,1,2020/sample_500/html/raw/0000874761/0000874761-21-000015.html,3
4,S2020-004,S2020-004,T,T,AT&T,AT&T,cik:0000732717,0000732717,Communication Services,Integrated Telecommunication Services,0000732717-21-000012,t-20201231.htm,10-K,2021-02-25,2020-12-31,2020,https://www.sec.gov/Archives/edgar/data/732717/000073271721000012/t-20201231.htm,2020/sp500_companies.csv,sample_2020,1,2020/sample_500/html/raw/0000732717/0000732717-21-000012.html,5
5,S2020-005,S2020-005,ABBV,ABBV,AbbVie,AbbVie,cik:0001551152,0001551152,Health Care,Biotechnology,0001551152-21-000008,abbv-20201231.htm,10-K,2021-02-19,2020-12-31,2020,https://www.sec.gov/Archives/edgar/data/1551152/000155115221000008/abbv-20201231.htm,2020/sp500_companies.csv,sample_2020,1,2020/sample_500/html/raw/0001551152/0001551152-21-000008.html,6
6,S2020-006,S2020-006,ABT,ABT,Abbott Laboratories,Abbott Laboratories,cik:0000001800,0000001800,Health Care,Health Care Equipment,0001104659-21-025751,abt-20201231x10k.htm,10-K,2021-02-19,2020-12-31,2020,https://www.sec.gov/Archives/edgar/data/1800/000110465921025751/abt-20201231x10k.htm,2020/sp500_companies.csv,sample_2020,1,2020/sample_500/html/raw/0000001800/0001104659-21-025751.html,7
7,S2020-007,S2020-007,ACN,ACN,Accenture,Accenture,cik:0001467373,0001467373,Information Technology,IT Consulting & Other Services,0001467373-20-000376,acn-20200831.htm,10-K,2020-10-22,2020-08-31,2020,https://www.sec.gov/Archives/edgar/data/1467373/000146737320000376/acn-20200831.htm,2020/sp500_companies.csv,sample_2020,1,2020/sample_500/html/raw/0001467373/0001467373-20-000376.html,9
8,S2020-008,S2020-008,ADBE,ADBE,Adobe Inc.,Adobe Inc.,cik:0000796343,0000796343,Information Technology,Application Software,0000796343-21-000004,adbe-20201127.htm,10-K,2021-01-15,2020-11-27,2020,https://www.sec.gov/Archives/edgar/data/796343/000079634321000004/adbe-20201127.htm,2020/sp500_companies.csv,sample_2020,1,2020/sample_500/html/raw/0000796343/0000796343-21-000004.html,11
9,S2020-009,S2020-009,AMD,AMD,Advanced Micro Devices,Advanced Micro Devices,cik:0000002488,0000002488,Information Technology,Semiconductors,0001628280-21-001185,amd-20201226.htm,10-K,2021-01-29,2020-12-26,2020,https://www.sec.gov/Archives/edgar/data/2488/000162828021001185/amd-20201226.htm,2020/sp500_companies.csv,sample_2020,1,2020/sample_500/html/raw/0000002488/0001628280-21-001185.html,13
10,S2020-010,S2020-010,AFL,AFL,Aflac,Aflac,cik:0000004977,0000004977,Financials,Life & Health Insurance,0000004977-21-000047,afl-20201231.htm,10-K,2021-02-23,2020-12-31,2020,https://www.sec.gov/Archives/edgar/data/4977/000000497721000047/afl-20201231.htm,2020/sp500_companies.csv,sample_2020,1,2020/sample_500/html/raw/0000004977/0000004977-21-000047.html,14
11,S2020-011,S2020-011,A,A,Agilent Technologies,Agilent Technologies,cik:0001090872,0001090872,Health Care,Life Sciences Tools & Services,0001090872-20-000020,a-20201031.htm,10-K,2020-12-18,2020-10-31,2020,https://www.sec.gov/Archives/edgar/data/1090872/000109087220000020/a-20201031.htm,2020/sp500_companies.csv,sample_2020,1,2020/sample_500/html/raw/0001090872/0001090872-20-000020.html,15
12,S2020-012,S2020-012,APD,APD,Air Products,Air Products,cik:0000002969,0000002969,Materials,Industrial Gases,0000002969-20-000049,apd-20200930.htm,10-K,2020-11-19,2020-09-30,2020,https://www.sec.gov/Archives/edgar/data/2969/000000296920000049/apd-20200930.htm,2020/sp500_companies.csv,sample_2020,1,2020/sample_500/html/raw/0000002969/0000002969-20-000049.html,16
13,S2020-013,S2020-013,AKAM,AKAM,Akamai Technologies,Akamai Technologies,cik:0001086222,0001086222,Information Technology,Internet Services & Infrastructure,0001086222-21-000075,akam-20201231.htm,10-K,2021-02-26,2020-12-31,2020,https://www.sec.gov/Archives/edgar/data/1086222/000108622221000075/akam-20201231.htm,2020/sp500_companies.csv,sample_2020,1,2020/sample_500/html/raw/0001086222/0001086222-21-000075.html,17
14,S2020-014,S2020-014,ALK,ALK,Alaska Air Group,Alaska Air Group,cik:0000766421,0000766421,,,0000766421-21-000018,alk-20201231.htm,10-K,2021-02-26,2020-12-31,2020,https://www.sec.gov/Archives/edgar/data/766421/000076642121000018/alk-20201231.htm,2020/sp500_companies.csv,sample_2020,1,2020/sample_500/html/raw/0000766421/0000766421-21-000018.html,18
15,S2020-015,S2020-015,ALB,ALB,Albemarle Corporation,Albemarle Corporation,cik:0000915913,0000915913,Materials,Specialty Chemicals,0000915913-21-000018,alb-20201231.htm,10-K,2021-02-19,2020-12-31,2020,https://www.sec.gov/Archives/edgar/data/915913/000091591321000018/alb-20201231.htm,2020/sp500_companies.csv,sample_2020,1,2020/sample_500/html/raw/0000915913/0000915913-21-000018.html,19
16,S2020-016,S2020-016,ARE,ARE,Alexandria Real Estate Equities,Alexandria Real Estate Equities,cik:0001035443,0001035443,Real Estate,Office REITs,0001035443-21-000044,are-20201231.htm,10-K,2021-02-01,2020-12-31,2020,https://www.sec.gov/Archives/edgar/data/1035443/000103544321000044/are-20201231.htm,2020/sp500_companies.csv,sample_2020,1,2020/sample_500/html/raw/0001035443/0001035443-21-000044.html,20
17,S2020-017,S2020-017,ALGN,ALGN,Align Technology,Align Technology,cik:0001097149,0001097149,Health Care,Health Care Supplies,0001097149-21-000007,algn-20201231.htm,10-K,2021-02-26,2020-12-31,2020,https://www.sec.gov/Archives/edgar/data/1097149/000109714921000007/algn-20201231.htm,2020/sp500_companies.csv,sample_2020,1,2020/sample_500/html/raw/0001097149/0001097149-21-000007.html,22
18,S2020-018,S2020-018,ALLE,ALLE,Allegion,Allegion,cik:0001579241,0001579241,Industrials,Building Products,0001579241-21-000020,alle-20201231.htm,10-K,2021-02-16,2020-12-31,2020,https://www.sec.gov/Archives/edgar/data/1579241/000157924121000020/alle-20201231.htm,2020/sp500_companies.csv,sample_2020,1,2020/sample_500/html/raw/0001579241/0001579241-21-000020.html,23
19,S2020-019,S2020-019,LNT,LNT,Alliant Energy,Alliant Energy,cik:0000352541,0000352541,Utilities,Electric Utilities,0000352541-21-000022,lnt-20201231.htm,10-K,2021-02-19,2020-12-31,2020,https://www.sec.gov/Archives/edgar/data/352541/000035254121000022/lnt-20201231.htm,2020/sp500_companies.csv,sample_2020,1,2020/sample_500/html/raw/0000352541/0000352541-21-000022.html,24
20,S2020-020,S2020-020,ALL,ALL,Allstate,Allstate,cik:0000899051,0000899051,Financials,Property & Casualty Insurance,0000899051-21-000011,all-20201231.htm,10-K,2021-02-22,2020-12-31,2020,https://www.sec.gov/Archives/edgar/data/899051/000089905121000011/all-20201231.htm,2020/sp500_companies.csv,sample_2020,1,2020/sample_500/html/raw/0000899051/0000899051-21-000011.html,25
21,S2020-021,S2020-021,GOOGL|GOOG,GOOGL|GOOG,Alphabet Inc. (Class A)|Alphabet Inc. (Class C),Alphabet Inc. (Class A)|Alphabet Inc. (Class C),cik:0001652044,0001652044,Communication Services,Interactive Media & Services,0001652044-21-000010,goog-20201231.htm,10-K,2021-02-03,2020-12-31,2020,https://www.sec.gov/Archives/edgar/data/1652044/000165204421000010/goog-20201231.htm,2020/sp500_companies.csv,sample_2020,1,2020/sample_500/html/raw/0001652044/0001652044-21-000010.html,26
22,S2020-022,S2020-022,MO,MO,Altria,Altria,cik:0000764180,0000764180,Consumer Staples,Tobacco,0000764180-21-000037,mo-20201231.htm,10-K,2021-02-26,2020-12-31,2020,https://www.sec.gov/Archives/edgar/data/764180/000076418021000037/mo-20201231.htm,2020/sp500_companies.csv,sample_2020,1,2020/sample_500/html/raw/0000764180/0000764180-21-000037.html,27
23,S2020-023,S2020-023,AMZN,AMZN,Amazon,Amazon,cik:0001018724,0001018724,Consumer Discretionary,Broadline Retail,0001018724-21-000004,amzn-20201231.htm,10-K,2021-02-03,2020-12-31,2020,https://www.sec.gov/Archives/edgar/data/1018724/000101872421000004/amzn-20201231.htm,2020/sp500_companies.csv,sample_2020,1,2020/sample_500/html/raw/0001018724/0001018724-21-000004.html,28
24,S2020-024,S2020-024,AMCR,AMCR,Amcor,Amcor,cik:0001748790,0001748790,Materials,Paper & Plastic Packaging Products & Materials,0001748790-20-000025,amcr-20200630.htm,10-K,2020-08-27,2020-06-30,2020,https://www.sec.gov/Archives/edgar/data/1748790/000174879020000025/amcr-20200630.htm,2020/sp500_companies.csv,sample_2020,1,2020/sample_500/html/raw/0001748790/0001748790-20-000025.html,29
25,S2020-025,S2020-025,AEE,AEE,Ameren,Ameren,cik:0001002910,0001002910,Utilities,Multi-Utilities,0001002910-21-000065,aee-20201231.htm,10-K,2021-02-22,2020-12-31,2020,https://www.sec.gov/Archives/edgar/data/1002910/000100291021000065/aee-20201231.htm,2020/sp500_companies.csv,sample_2020,1,2020/sample_500/html/raw/0001002910/0001002910-21-000065.html,30
26,S2020-026,S2020-026,AAL,AAL,American Airlines Group,American Airlines Group,cik:0000006201,0000006201,,,0000006201-21-000014,aal-20201231.htm,10-K,2021-02-17,2020-12-31,2020,https://www.sec.gov/Archives/edgar/data/6201/000000620121000014/aal-20201231.htm,2020/sp500_companies.csv,sample_2020,1,2020/sample_500/html/raw/0000006201/0000006201-21-000014.html,31
27,S2020-027,S2020-027,AEP,AEP,American Electric Power,American Electric Power,cik:0000004904,0000004904,Utilities,Electric Utilities,0000004904-21-000010,aep-20201231.htm,10-K,2021-02-25,2020-12-31,2020,https://www.sec.gov/Archives/edgar/data/4904/000000490421000010/aep-20201231.htm,2020/sp500_companies.csv,sample_2020,1,2020/sample_500/html/raw/0000004904/0000004904-21-000010.html,32
28,S2020-028,S2020-028,AXP,AXP,American Express,American Express,cik:0000004962,0000004962,Financials,Consumer Finance,0000004962-21-000013,axp-20201231.htm,10-K,2021-02-12,2020-12-31,2020,https://www.sec.gov/Archives/edgar/data/4962/000000496221000013/axp-20201231.htm,2020/sp500_companies.csv,sample_2020,1,2020/sample_500/html/raw/0000004962/0000004962-21-000013.html,33
29,S2020-029,S2020-029,AIG,AIG,American International Group,American International Group,cik:0000005272,0000005272,Financials,Multi-line Insurance,0001104659-21-025742,aig-20201231.htm,10-K,2021-02-19,2020-12-31,2020,https://www.sec.gov/Archives/edgar/data/5272/000110465921025742/aig-20201231.htm,2020/sp500_companies.csv,sample_2020,1,2020/sample_500/html/raw/0000005272/0001104659-21-025742.html,34
30,S2020-030,S2020-030,AMT,AMT,American Tower,American Tower,cik:0001053507,0001053507,Real Estate,Telecom Tower REITs,0001053507-21-000026,amt-20201231.htm,10-K,2021-02-25,2020-12-31,2020,https://www.sec.gov/Archives/edgar/data/1053507/000105350721000026/amt-20201231.htm,2020/sp500_companies.csv,sample_2020,1,2020/sample_500/html/raw/0001053507/0001053507-21-000026.html,35
31,S2020-031,S2020-031,AWK,AWK,American Water Works,American Water Works,cik:0001410636,0001410636,Utilities,Water Utilities,0001410636-21-000101,awk-20201231.htm,10-K,2021-02-24,2020-12-31,2020,https://www.sec.gov/Archives/edgar/data/1410636/000141063621000101/awk-20201231.htm,2020/sp500_companies.csv,sample_2020,1,2020/sample_500/html/raw/0001410636/0001410636-21-000101.html,36
32,S2020-032,S2020-032,AMP,AMP,Ameriprise Financial,Ameriprise Financial,cik:0000820027,0000820027,Financials,Asset Management & Custody Banks,0000820027-21-000012,amp-20201231.htm,10-K,2021-02-24,2020-12-31,2020,https://www.sec.gov/Archives/edgar/data/820027/000082002721000012/amp-20201231.htm,2020/sp500_companies.csv,sample_2020,1,2020/sample_500/html/raw/0000820027/0000820027-21-000012.html,37
33,S2020-033,S2020-033,ABC,ABC,AmerisourceBergen,AmerisourceBergen,cik:0001140859,0001140859,,,0001140859-20-000050,abc-20200930.htm,10-K,2020-11-19,2020-09-30,2020,https://www.sec.gov/Archives/edgar/data/1140859/000114085920000050/abc-20200930.htm,2020/sp500_companies.csv,sample_2020,1,2020/sample_500/html/raw/0001140859/0001140859-20-000050.html,38
34,S2020-034,S2020-034,AME,AME,Ametek,Ametek,cik:0001037868,0001037868,Industrials,Electrical Components & Equipment,0001037868-21-000007,ame-20201231.htm,10-K,2021-02-18,2020-12-31,2020,https://www.sec.gov/Archives/edgar/data/1037868/000103786821000007/ame-20201231.htm,2020/sp500_companies.csv,sample_2020,1,2020/sample_500/html/raw/0001037868/0001037868-21-000007.html,39
35,S2020-035,S2020-035,AMGN,AMGN,Amgen,Amgen,cik:0000318154,0000318154,Health Care,Biotechnology,0000318154-21-000010,amgn-20201231.htm,10-K,2021-02-09,2020-12-31,2020,https://www.sec.gov/Archives/edgar/data/318154/000031815421000010/amgn-20201231.htm,2020/sp500_companies.csv,sample_2020,1,2020/sample_500/html/raw/0000318154/0000318154-21-000010.html,40
36,S2020-036,S2020-036,APH,APH,Amphenol,Amphenol,cik:0000820313,0000820313,Information Technology,Electronic Components,0001558370-21-000881,aph-20201231x10k.htm,10-K,2021-02-10,2020-12-31,2020,https://www.sec.gov/Archives/edgar/data/820313/000155837021000881/aph-20201231x10k.htm,2020/sp500_companies.csv,sample_2020,1,2020/sample_500/html/raw/0000820313/0001558370-21-000881.html,41
37,S2020-037,S2020-037,ADI,ADI,Analog Devices,Analog Devices,cik:0000006281,0000006281,Information Technology,Semiconductors,0000006281-20-000156,adi-20201031.htm,10-K,2020-11-24,2020-10-31,2020,https://www.sec.gov/Archives/edgar/data/6281/000000628120000156/adi-20201031.htm,2020/sp500_companies.csv,sample_2020,1,2020/sample_500/html/raw/0000006281/0000006281-20-000156.html,42
38,S2020-038,S2020-038,ANTM,ANTM,Anthem,Anthem,cik:0001156039,0001156039,,,0001156039-21-000012,antm-20201231.htm,10-K,2021-02-18,2020-12-31,2020,https://www.sec.gov/Archives/edgar/data/1156039/000115603921000012/antm-20201231.htm,2020/sp500_companies.csv,sample_2020,1,2020/sample_500/html/raw/0001156039/0001156039-21-000012.html,44
39,S2020-039,S2020-039,AON,AON,Aon plc,Aon plc,cik:0000315293,0000315293,Financials,Insurance Brokers,0001628280-21-002574,aon-20201231.htm,10-K,2021-02-19,2020-12-31,2020,https://www.sec.gov/Archives/edgar/data/315293/000162828021002574/aon-20201231.htm,2020/sp500_companies.csv,sample_2020,1,2020/sample_500/html/raw/0000315293/0001628280-21-002574.html,45
40,S2020-040,S2020-040,AAPL,AAPL,Apple Inc.,Apple Inc.,cik:0000320193,0000320193,Information Technology,"Technology Hardware, Storage & Peripherals",0000320193-20-000096,aapl-20200926.htm,10-K,2020-10-30,2020-09-26,2020,https://www.sec.gov/Archives/edgar/data/320193/000032019320000096/aapl-20200926.htm,2020/sp500_companies.csv,sample_2020,1,2020/sample_500/html/raw/0000320193/0000320193-20-000096.html,46
41,S2020-041,S2020-041,AMAT,AMAT,Applied Materials,Applied Materials,cik:0000006951,0000006951,Information Technology,Semiconductor Materials & Equipment,0000006951-20-000048,amat-20201025.htm,10-K,2020-12-11,2020-10-25,2020,https://www.sec.gov/Archives/edgar/data/6951/000000695120000048/amat-20201025.htm,2020/sp500_companies.csv,sample_2020,1,2020/sample_500/html/raw/0000006951/0000006951-20-000048.html,47
42,S2020-042,S2020-042,APTV,APTV,Aptiv,Aptiv,cik:0001521332,0001521332,Consumer Discretionary,Automotive Parts & Equipment,0001521332-21-000009,aptv-20201231.htm,10-K,2021-02-08,2020-12-31,2020,https://www.sec.gov/Archives/edgar/data/1521332/000152133221000009/aptv-20201231.htm,2020/sp500_companies.csv,sample_2020,1,2020/sample_500/html/raw/0001521332/0001521332-21-000009.html,48
43,S2020-043,S2020-043,ADM,ADM,Archer Daniels Midland,Archer Daniels Midland,cik:0000007084,0000007084,Consumer Staples,Agricultural Products & Services,0000007084-21-000008,adm-20201231.htm,10-K,2021-02-18,2020-12-31,2020,https://www.sec.gov/Archives/edgar/data/7084/000000708421000008/adm-20201231.htm,2020/sp500_companies.csv,sample_2020,1,2020/sample_500/html/raw/0000007084/0000007084-21-000008.html,49
44,S2020-044,S2020-044,ANET,ANET,Arista Networks,Arista Networks,cik:0001596532,0001596532,Information Technology,Communications Equipment,0001596532-21-000049,anet-20201231.htm,10-K,2021-02-19,2020-12-31,2020,https://www.sec.gov/Archives/edgar/data/1596532/000159653221000049/anet-20201231.htm,2020/sp500_companies.csv,sample_2020,1,2020/sample_500/html/raw/0001596532/0001596532-21-000049.html,50
45,S2020-045,S2020-045,AJG,AJG,Arthur J. Gallagher & Co.,Arthur J. Gallagher & Co.,cik:0000354190,0000354190,Financials,Insurance Brokers,0001564590-21-004555,ajg-10k_20201231.htm,10-K,2021-02-08,2020-12-31,2020,https://www.sec.gov/Archives/edgar/data/354190/000156459021004555/ajg-10k_20201231.htm,2020/sp500_companies.csv,sample_2020,1,2020/sample_500/html/raw/0000354190/0001564590-21-004555.html,51
46,S2020-046,S2020-046,AIZ,AIZ,Assurant,Assurant,cik:0001267238,0001267238,Financials,Multi-line Insurance,0001267238-21-000010,aiz-20201231.htm,10-K,2021-02-19,2020-12-31,2020,https://www.sec.gov/Archives/edgar/data/1267238/000126723821000010/aiz-20201231.htm,2020/sp500_companies.csv,sample_2020,1,2020/sample_500/html/raw/0001267238/0001267238-21-000010.html,52
47,S2020-047,S2020-047,ATO,ATO,Atmos Energy,Atmos Energy,cik:0000731802,0000731802,Utilities,Gas Utilities,0000731802-20-000040,ato202093010-k.htm,10-K,2020-11-13,2020-09-30,2020,https://www.sec.gov/Archives/edgar/data/731802/000073180220000040/ato202093010-k.htm,2020/sp500_companies.csv,sample_2020,1,2020/sample_500/html/raw/0000731802/0000731802-20-000040.html,53
48,S2020-048,S2020-048,AZO,AZO,AutoZone,AutoZone,cik:0000866787,0000866787,Consumer Discretionary,Automotive Retail,0001558370-20-011748,azo-20200829x10k.htm,10-K,2020-10-26,2020-08-29,2020,https://www.sec.gov/Archives/edgar/data/866787/000155837020011748/azo-20200829x10k.htm,2020/sp500_companies.csv,sample_2020,1,2020/sample_500/html/raw/0000866787/0001558370-20-011748.html,54
49,S2020-049,S2020-049,ADSK,ADSK,Autodesk,Autodesk,cik:0000769397,0000769397,Information Technology,Application Software,0000769397-20-000013,adsk-0131202010xk.htm,10-K,2020-03-19,2020-01-31,2020,https://www.sec.gov/Archives/edgar/data/769397/000076939720000013/adsk-0131202010xk.htm,2020/sp500_companies.csv,sample_2020,1,2020/sample_500/html/raw/0000769397/0000769397-20-000013.html,55
50,S2020-050,S2020-050,ADP,ADP,Automatic Data Processing,Automatic Data Processing,cik:0000008670,0000008670,Industrials,Human Resource & Employment Services,0000008670-20-000032,adp-20200630.htm,10-K,2020-08-05,2020-06-30,2020,https://www.sec.gov/Archives/edgar/data/8670/000000867020000032/adp-20200630.htm,2020/sp500_companies.csv,sample_2020,1,2020/sample_500/html/raw/0000008670/0000008670-20-000032.html,56
51,S2020-051,S2020-051,AVB,AVB,AvalonBay Communities,AvalonBay Communities,cik:0000915912,0000915912,Real Estate,Multi-Family Residential REITs,0000915912-21-000004,avb-20201231.htm,10-K,2021-02-25,2020-12-31,2020,https://www.sec.gov/Archives/edgar/data/915912/000091591221000004/avb-20201231.htm,2020/sp500_companies.csv,sample_2020,1,2020/sample_500/html/raw/0000915912/0000915912-21-000004.html,57
52,S2020-052,S2020-052,BXP,BXP,"BXP, Inc.","BXP, Inc.",cik:0001037540,0001037540,Real Estate,Office REITs,0001656423-21-000006,bxp-20201231.htm,10-K,2021-02-26,2020-12-31,2020,https://www.sec.gov/Archives/edgar/data/1037540/000165642321000006/bxp-20201231.htm,2020/sp500_companies.csv,sample_2020,1,2020/sample_500/html/raw/0001037540/0001656423-21-000006.html,59
53,S2020-053,S2020-053,BKR,BKR,Baker Hughes,Baker Hughes,cik:0001701605,0001701605,Energy,Oil & Gas Equipment & Services,0001701605-21-000026,bkr-20201231.htm,10-K,2021-02-25,2020-12-31,2020,https://www.sec.gov/Archives/edgar/data/1701605/000170160521000026/bkr-20201231.htm,2020/sp500_companies.csv,sample_2020,1,2020/sample_500/html/raw/0001701605/0001701605-21-000026.html,60
54,S2020-054,S2020-054,BLL,BLL,Ball Corporation,Ball Corporation,cik:0000009389,0000009389,,,0001558370-21-001121,bll-20201231x10k.htm,10-K,2021-02-17,2020-12-31,2020,https://www.sec.gov/Archives/edgar/data/9389/000155837021001121/bll-20201231x10k.htm,2020/sp500_companies.csv,sample_2020,1,2020/sample_500/html/raw/0000009389/0001558370-21-001121.html,61
55,S2020-055,S2020-055,BAC,BAC,Bank of America,Bank of America,cik:0000070858,0000070858,Financials,Diversified Banks,0000070858-21-000023,bac-20201231.htm,10-K,2021-02-24,2020-12-31,2020,https://www.sec.gov/Archives/edgar/data/70858/000007085821000023/bac-20201231.htm,2020/sp500_companies.csv,sample_2020,1,2020/sample_500/html/raw/0000070858/0000070858-21-000023.html,62
56,S2020-056,S2020-056,BK,BK,Bank of New York Mellon,Bank of New York Mellon,cik:0001390777,0001390777,,,0001390777-21-000037,bk-20201231.htm,10-K,2021-02-25,2020-12-31,2020,https://www.sec.gov/Archives/edgar/data/1390777/000139077721000037/bk-20201231.htm,2020/sp500_companies.csv,sample_2020,1,2020/sample_500/html/raw/0001390777/0001390777-21-000037.html,63
57,S2020-057,S2020-057,BAX,BAX,Baxter International,Baxter International,cik:0000010456,0000010456,Health Care,Health Care Equipment,0001628280-21-001867,bax-20201231.htm,10-K,2021-02-11,2020-12-31,2020,https://www.sec.gov/Archives/edgar/data/10456/000162828021001867/bax-20201231.htm,2020/sp500_companies.csv,sample_2020,1,2020/sample_500/html/raw/0000010456/0001628280-21-001867.html,64
58,S2020-058,S2020-058,BDX,BDX,Becton Dickinson,Becton Dickinson,cik:0000010795,0000010795,Health Care,Health Care Equipment,0000010795-20-000055,bdx-20200930.htm,10-K,2020-11-25,2020-09-30,2020,https://www.sec.gov/Archives/edgar/data/10795/000001079520000055/bdx-20200930.htm,2020/sp500_companies.csv,sample_2020,1,2020/sample_500/html/raw/0000010795/0000010795-20-000055.html,65
59,S2020-059,S2020-059,BRK-B,BRK-B,Berkshire Hathaway,Berkshire Hathaway,cik:0001067983,0001067983,Financials,Multi-Sector Holdings,0001564590-21-009611,brka-10k_20201231.htm,10-K,2021-03-01,2020-12-31,2020,https://www.sec.gov/Archives/edgar/data/1067983/000156459021009611/brka-10k_20201231.htm,2020/sp500_companies.csv,sample_2020,1,2020/sample_500/html/raw/0001067983/0001564590-21-009611.html,66
60,S2020-060,S2020-060,BBY,BBY,Best Buy,Best Buy,cik:0000764478,0000764478,Consumer Discretionary,Computer & Electronics Retail,0000764478-20-000017,bby-20200201x10k.htm,10-K,2020-03-23,2020-02-01,2020,https://www.sec.gov/Archives/edgar/data/764478/000076447820000017/bby-20200201x10k.htm,2020/sp500_companies.csv,sample_2020,1,2020/sample_500/html/raw/0000764478/0000764478-20-000017.html,67
61,S2020-061,S2020-061,BIO,BIO,Bio-Rad Laboratories,Bio-Rad Laboratories,cik:0000012208,0000012208,,,0000012208-21-000012,bio-20201231.htm,10-K,2021-02-16,2020-12-31,2020,https://www.sec.gov/Archives/edgar/data/12208/000001220821000012/bio-20201231.htm,2020/sp500_companies.csv,sample_2020,1,2020/sample_500/html/raw/0000012208/0000012208-21-000012.html,68
62,S2020-062,S2020-062,BIIB,BIIB,Biogen,Biogen,cik:0000875045,0000875045,Health Care,Biotechnology,0000875045-21-000010,biib-20201231.htm,10-K,2021-02-03,2020-12-31,2020,https://www.sec.gov/Archives/edgar/data/875045/000087504521000010/biib-20201231.htm,2020/sp500_companies.csv,sample_2020,1,2020/sample_500/html/raw/0000875045/0000875045-21-000010.html,69
63,S2020-063,S2020-063,BA,BA,Boeing,Boeing,cik:0000012927,0000012927,Industrials,Aerospace & Defense,0000012927-21-000011,ba-20201231.htm,10-K,2021-02-01,2020-12-31,2020,https://www.sec.gov/Archives/edgar/data/12927/000001292721000011/ba-20201231.htm,2020/sp500_companies.csv,sample_2020,1,2020/sample_500/html/raw/0000012927/0000012927-21-000011.html,71
64,S2020-064,S2020-064,BKNG,BKNG,Booking Holdings,Booking Holdings,cik:0001075531,0001075531,Consumer Discretionary,"Hotels, Resorts & Cruise Lines",0001075531-21-000019,bkng-20201231.htm,10-K,2021-02-24,2020-12-31,2020,https://www.sec.gov/Archives/edgar/data/1075531/000107553121000019/bkng-20201231.htm,2020/sp500_companies.csv,sample_2020,1,2020/sample_500/html/raw/0001075531/0001075531-21-000019.html,72
65,S2020-065,S2020-065,BWA,BWA,BorgWarner,BorgWarner,cik:0000908255,0000908255,,,0000908255-21-000008,bwa-20201231.htm,10-K,2021-02-22,2020-12-31,2020,https://www.sec.gov/Archives/edgar/data/908255/000090825521000008/bwa-20201231.htm,2020/sp500_companies.csv,sample_2020,1,2020/sample_500/html/raw/0000908255/0000908255-21-000008.html,73
66,S2020-066,S2020-066,BSX,BSX,Boston Scientific,Boston Scientific,cik:0000885725,0000885725,Health Care,Health Care Equipment,0000885725-21-000008,bsx-20201231.htm,10-K,2021-02-23,2020-12-31,2020,https://www.sec.gov/Archives/edgar/data/885725/000088572521000008/bsx-20201231.htm,2020/sp500_companies.csv,sample_2020,1,2020/sample_500/html/raw/0000885725/0000885725-21-000008.html,74
67,S2020-067,S2020-067,BMY,BMY,Bristol Myers Squibb,Bristol Myers Squibb,cik:0000014272,0000014272,Health Care,Pharmaceuticals,0000014272-21-000066,bmy-20201231.htm,10-K,2021-02-10,2020-12-31,2020,https://www.sec.gov/Archives/edgar/data/14272/000001427221000066/bmy-20201231.htm,2020/sp500_companies.csv,sample_2020,1,2020/sample_500/html/raw/0000014272/0000014272-21-000066.html,75
68,S2020-068,S2020-068,AVGO,AVGO,Broadcom,Broadcom,cik:0001730168,0001730168,Information Technology,Semiconductors,0001730168-20-000226,avgo-20201101.htm,10-K,2020-12-18,2020-11-01,2020,https://www.sec.gov/Archives/edgar/data/1730168/000173016820000226/avgo-20201101.htm,2020/sp500_companies.csv,sample_2020,1,2020/sample_500/html/raw/0001730168/0001730168-20-000226.html,76
69,S2020-069,S2020-069,BR,BR,Broadridge Financial Solutions,Broadridge Financial Solutions,cik:0001383312,0001383312,Industrials,Data Processing & Outsourced Services,0001383312-20-000055,br-20200630.htm,10-K,2020-08-11,2020-06-30,2020,https://www.sec.gov/Archives/edgar/data/1383312/000138331220000055/br-20200630.htm,2020/sp500_companies.csv,sample_2020,1,2020/sample_500/html/raw/0001383312/0001383312-20-000055.html,77
70,S2020-070,S2020-070,BF-B,BF-B,Brown–Forman,Brown–Forman,cik:0000014693,0000014693,Consumer Staples,Distillers & Vintners,0000014693-20-000066,bfb-2020430x10kapril.htm,10-K,2020-06-19,2020-04-30,2020,https://www.sec.gov/Archives/edgar/data/14693/000001469320000066/bfb-2020430x10kapril.htm,2020/sp500_companies.csv,sample_2020,1,2020/sample_500/html/raw/0000014693/0000014693-20-000066.html,78
71,S2020-071,S2020-071,CHRW,CHRW,C.H. Robinson,C.H. Robinson,cik:0001043277,0001043277,Industrials,Air Freight & Logistics,0001043277-21-000009,chrw-20201231.htm,10-K,2021-02-19,2020-12-31,2020,https://www.sec.gov/Archives/edgar/data/1043277/000104327721000009/chrw-20201231.htm,2020/sp500_companies.csv,sample_2020,1,2020/sample_500/html/raw/0001043277/0001043277-21-000009.html,79
72,S2020-072,S2020-072,CBRE,CBRE,CBRE Group,CBRE Group,cik:0001138118,0001138118,Real Estate,Real Estate Services,0001138118-21-000012,cbre-20201231.htm,10-K,2021-02-24,2020-12-31,2020,https://www.sec.gov/Archives/edgar/data/1138118/000113811821000012/cbre-20201231.htm,2020/sp500_companies.csv,sample_2020,1,2020/sample_500/html/raw/0001138118/0001138118-21-000012.html,80
73,S2020-073,S2020-073,CDW,CDW,CDW Corporation,CDW Corporation,cik:0001402057,0001402057,Information Technology,Technology Distributors,0001402057-21-000022,cdw-20201231.htm,10-K,2021-02-26,2020-12-31,2020,https://www.sec.gov/Archives/edgar/data/1402057/000140205721000022/cdw-20201231.htm,2020/sp500_companies.csv,sample_2020,1,2020/sample_500/html/raw/0001402057/0001402057-21-000022.html,81
74,S2020-074,S2020-074,CF,CF,CF Industries,CF Industries,cik:0001324404,0001324404,Materials,Fertilizers & Agricultural Chemicals,0001324404-21-000008,cf-20201231.htm,10-K,2021-02-24,2020-12-31,2020,https://www.sec.gov/Archives/edgar/data/1324404/000132440421000008/cf-20201231.htm,2020/sp500_companies.csv,sample_2020,1,2020/sample_500/html/raw/0001324404/0001324404-21-000008.html,82
75,S2020-075,S2020-075,CME,CME,CME Group,CME Group,cik:0001156375,0001156375,Financials,Financial Exchanges & Data,0001156375-21-000020,cme-20201231.htm,10-K,2021-02-26,2020-12-31,2020,https://www.sec.gov/Archives/edgar/data/1156375/000115637521000020/cme-20201231.htm,2020/sp500_companies.csv,sample_2020,1,2020/sample_500/html/raw/0001156375/0001156375-21-000020.html,83
76,S2020-076,S2020-076,CMS,CMS,CMS Energy,CMS Energy,cik:0000811156,0000811156,Utilities,Multi-Utilities,0000811156-21-000016,cms-20201231.htm,10-K,2021-02-11,2020-12-31,2020,https://www.sec.gov/Archives/edgar/data/811156/000081115621000016/cms-20201231.htm,2020/sp500_companies.csv,sample_2020,1,2020/sample_500/html/raw/0000811156/0000811156-21-000016.html,84
77,S2020-077,S2020-077,CSX,CSX,CSX Corporation,CSX Corporation,cik:0000277948,0000277948,Industrials,Rail Transportation,0000277948-21-000014,csx-20201231.htm,10-K,2021-02-10,2020-12-31,2020,https://www.sec.gov/Archives/edgar/data/277948/000027794821000014/csx-20201231.htm,2020/sp500_companies.csv,sample_2020,1,2020/sample_500/html/raw/0000277948/0000277948-21-000014.html,85
78,S2020-078,S2020-078,CVS,CVS,CVS Health,CVS Health,cik:0000064803,0000064803,Health Care,Health Care Services,0000064803-21-000011,cvs-20201231.htm,10-K,2021-02-16,2020-12-31,2020,https://www.sec.gov/Archives/edgar/data/64803/000006480321000011/cvs-20201231.htm,2020/sp500_companies.csv,sample_2020,1,2020/sample_500/html/raw/0000064803/0000064803-21-000011.html,86
79,S2020-079,S2020-079,COG,COG,Cabot Oil & Gas,Cabot Oil & Gas,cik:0000858470,0000858470,,,0000858470-21-000013,cog-20201231.htm,10-K,2021-02-26,2020-12-31,2020,https://www.sec.gov/Archives/edgar/data/858470/000085847021000013/cog-20201231.htm,2020/sp500_companies.csv,sample_2020,1,2020/sample_500/html/raw/0000858470/0000858470-21-000013.html,87
80,S2020-080,S2020-080,CPB,CPB,Campbell's,Campbell's,cik:0000016732,0000016732,,,0000016732-20-000111,cpb-20200802.htm,10-K,2020-09-24,2020-08-02,2020,https://www.sec.gov/Archives/edgar/data/16732/000001673220000111/cpb-20200802.htm,2020/sp500_companies.csv,sample_2020,1,2020/sample_500/html/raw/0000016732/0000016732-20-000111.html,89
81,S2020-081,S2020-081,COF,COF,Capital One,Capital One,cik:0000927628,0000927628,Financials,Consumer Finance,0000927628-21-000094,cof-20201231.htm,10-K,2021-02-25,2020-12-31,2020,https://www.sec.gov/Archives/edgar/data/927628/000092762821000094/cof-20201231.htm,2020/sp500_companies.csv,sample_2020,1,2020/sample_500/html/raw/0000927628/0000927628-21-000094.html,90
82,S2020-082,S2020-082,KMX,KMX,CarMax,CarMax,cik:0001170010,0001170010,,,0001170010-20-000033,kmxfy2010-k.htm,10-K,2020-04-21,2020-02-29,2020,https://www.sec.gov/Archives/edgar/data/1170010/000117001020000033/kmxfy2010-k.htm,2020/sp500_companies.csv,sample_2020,1,2020/sample_500/html/raw/0001170010/0001170010-20-000033.html,91
83,S2020-083,S2020-083,CAH,CAH,Cardinal Health,Cardinal Health,cik:0000721371,0000721371,Health Care,Health Care Distributors,0000721371-20-000089,a20q410k063020form10-k.htm,10-K,2020-08-13,2020-06-30,2020,https://www.sec.gov/Archives/edgar/data/721371/000072137120000089/a20q410k063020form10-k.htm,2020/sp500_companies.csv,sample_2020,1,2020/sample_500/html/raw/0000721371/0000721371-20-000089.html,92
84,S2020-084,S2020-084,CCL,CCL,Carnival Corporation,Carnival Corporation,cik:0000815097,0000815097,Consumer Discretionary,"Hotels, Resorts & Cruise Lines",0000815097-21-000027,ccl-20201130.htm,10-K,2021-01-26,2020-11-30,2020,https://www.sec.gov/Archives/edgar/data/815097/000081509721000027/ccl-20201130.htm,2020/sp500_companies.csv,sample_2020,1,2020/sample_500/html/raw/0000815097/0000815097-21-000027.html,93
85,S2020-085,S2020-085,CARR,CARR,Carrier Global,Carrier Global,cik:0001783180,0001783180,Industrials,Building Products,0001783180-21-000011,carr-20201231.htm,10-K,2021-02-09,2020-12-31,2020,https://www.sec.gov/Archives/edgar/data/1783180/000178318021000011/carr-20201231.htm,2020/sp500_companies.csv,sample_2020,1,2020/sample_500/html/raw/0001783180/0001783180-21-000011.html,94
86,S2020-086,S2020-086,CAT,CAT,Caterpillar Inc.,Caterpillar Inc.,cik:0000018230,0000018230,Industrials,Construction Machinery & Heavy Transportation Equipment,0000018230-21-000063,cat-20201231.htm,10-K,2021-02-17,2020-12-31,2020,https://www.sec.gov/Archives/edgar/data/18230/000001823021000063/cat-20201231.htm,2020/sp500_companies.csv,sample_2020,1,2020/sample_500/html/raw/0000018230/0000018230-21-000063.html,96
87,S2020-087,S2020-087,CBOE,CBOE,Cboe Global Markets,Cboe Global Markets,cik:0001374310,0001374310,Financials,Financial Exchanges & Data,0001558370-21-001286,cboe-20201231x10k.htm,10-K,2021-02-19,2020-12-31,2020,https://www.sec.gov/Archives/edgar/data/1374310/000155837021001286/cboe-20201231x10k.htm,2020/sp500_companies.csv,sample_2020,1,2020/sample_500/html/raw/0001374310/0001558370-21-001286.html,97
88,S2020-088,S2020-088,CE,CE,Celanese,Celanese,cik:0001306830,0001306830,,,0001306830-21-000020,ce-20201231.htm,10-K,2021-02-11,2020-12-31,2020,https://www.sec.gov/Archives/edgar/data/1306830/000130683021000020/ce-20201231.htm,2020/sp500_companies.csv,sample_2020,1,2020/sample_500/html/raw/0001306830/0001306830-21-000020.html,98
89,S2020-089,S2020-089,CNC,CNC,Centene Corporation,Centene Corporation,cik:0001071739,0001071739,Health Care,Managed Health Care,0001071739-21-000039,cnc-20201231.htm,10-K,2021-02-22,2020-12-31,2020,https://www.sec.gov/Archives/edgar/data/1071739/000107173921000039/cnc-20201231.htm,2020/sp500_companies.csv,sample_2020,1,2020/sample_500/html/raw/0001071739/0001071739-21-000039.html,99
90,S2020-090,S2020-090,CNP,CNP,CenterPoint Energy,CenterPoint Energy,cik:0001130310,0001130310,Utilities,Multi-Utilities,0001130310-21-000009,cnp-20201231.htm,10-K,2021-02-25,2020-12-31,2020,https://www.sec.gov/Archives/edgar/data/1130310/000113031021000009/cnp-20201231.htm,2020/sp500_companies.csv,sample_2020,1,2020/sample_500/html/raw/0001130310/0001130310-21-000009.html,100
91,S2020-091,S2020-091,SCHW,SCHW,Charles Schwab Corporation,Charles Schwab Corporation,cik:0000316709,0000316709,Financials,Investment Banking & Brokerage,0000316709-21-000012,schw-20201231.htm,10-K,2021-02-24,2020-12-31,2020,https://www.sec.gov/Archives/edgar/data/316709/000031670921000012/schw-20201231.htm,2020/sp500_companies.csv,sample_2020,1,2020/sample_500/html/raw/0000316709/0000316709-21-000012.html,102
92,S2020-092,S2020-092,CHTR,CHTR,Charter Communications,Charter Communications,cik:0001091667,0001091667,Communication Services,Cable & Satellite,0001091667-21-000022,chtr-20201231.htm,10-K,2021-01-29,2020-12-31,2020,https://www.sec.gov/Archives/edgar/data/1091667/000109166721000022/chtr-20201231.htm,2020/sp500_companies.csv,sample_2020,1,2020/sample_500/html/raw/0001091667/0001091667-21-000022.html,103
93,S2020-093,S2020-093,CVX,CVX,Chevron Corporation,Chevron Corporation,cik:0000093410,0000093410,Energy,Integrated Oil & Gas,0000093410-21-000009,cvx-20201231.htm,10-K,2021-02-25,2020-12-31,2020,https://www.sec.gov/Archives/edgar/data/93410/000009341021000009/cvx-20201231.htm,2020/sp500_companies.csv,sample_2020,1,2020/sample_500/html/raw/0000093410/0000093410-21-000009.html,104
94,S2020-094,S2020-094,CMG,CMG,Chipotle Mexican Grill,Chipotle Mexican Grill,cik:0001058090,0001058090,Consumer Discretionary,Restaurants,0001058090-21-000010,cmg-20201231x10k.htm,10-K,2021-02-10,2020-12-31,2020,https://www.sec.gov/Archives/edgar/data/1058090/000105809021000010/cmg-20201231x10k.htm,2020/sp500_companies.csv,sample_2020,1,2020/sample_500/html/raw/0001058090/0001058090-21-000010.html,105
95,S2020-095,S2020-095,CB,CB,Chubb Limited,Chubb Limited,cik:0000896159,0000896159,Financials,Property & Casualty Insurance,0000896159-21-000003,cb-20201231.htm,10-K,2021-02-25,2020-12-31,2020,https://www.sec.gov/Archives/edgar/data/896159/000089615921000003/cb-20201231.htm,2020/sp500_companies.csv,sample_2020,1,2020/sample_500/html/raw/0000896159/0000896159-21-000003.html,106
96,S2020-096,S2020-096,CHD,CHD,Church & Dwight,Church & Dwight,cik:0000313927,0000313927,Consumer Staples,Household Products,0001564590-21-006669,chd-10k_20201231.htm,10-K,2021-02-18,2020-12-31,2020,https://www.sec.gov/Archives/edgar/data/313927/000156459021006669/chd-10k_20201231.htm,2020/sp500_companies.csv,sample_2020,1,2020/sample_500/html/raw/0000313927/0001564590-21-006669.html,107
97,S2020-097,S2020-097,CI,CI,Cigna,Cigna,cik:0001739940,0001739940,Health Care,Health Care Services,0001739940-21-000007,ci-20201231.htm,10-K,2021-02-25,2020-12-31,2020,https://www.sec.gov/Archives/edgar/data/1739940/000173994021000007/ci-20201231.htm,2020/sp500_companies.csv,sample_2020,1,2020/sample_500/html/raw/0001739940/0001739940-21-000007.html,108
98,S2020-098,S2020-098,CINF,CINF,Cincinnati Financial,Cincinnati Financial,cik:0000020286,0000020286,Financials,Property & Casualty Insurance,0000020286-21-000013,cinf-20201231.htm,10-K,2021-02-25,2020-12-31,2020,https://www.sec.gov/Archives/edgar/data/20286/000002028621000013/cinf-20201231.htm,2020/sp500_companies.csv,sample_2020,1,2020/sample_500/html/raw/0000020286/0000020286-21-000013.html,109
99,S2020-099,S2020-099,CTAS,CTAS,Cintas,Cintas,cik:0000723254,0000723254,Industrials,Diversified Support Services,0000723254-20-000025,ctas-20200531.htm,10-K,2020-07-29,2020-05-31,2020,https://www.sec.gov/Archives/edgar/data/723254/000072325420000025/ctas-20200531.htm,2020/sp500_companies.csv,sample_2020,1,2020/sample_500/html/raw/0000723254/0000723254-20-000025.html,110
100,S2020-100,S2020-100,CSCO,CSCO,Cisco,Cisco,cik:0000858877,0000858877,Information Technology,Communications Equipment,0000858877-20-000010,csco-2020725x10k.htm,10-K,2020-09-03,2020-07-25,2020,https://www.sec.gov/Archives/edgar/data/858877/000085887720000010/csco-2020725x10k.htm,2020/sp500_companies.csv,sample_2020,1,2020/sample_500/html/raw/0000858877/0000858877-20-000010.html,111
101,S2020-101,S2020-101,C,C,Citigroup,Citigroup,cik:0000831001,0000831001,Financials,Diversified Banks,0000831001-21-000042,c-20201231.htm,10-K,2021-02-26,2020-12-31,2020,https://www.sec.gov/Archives/edgar/data/831001/000083100121000042/c-20201231.htm,2020/sp500_companies.csv,sample_2020,2,2020/sample_500/html/raw/0000831001/0000831001-21-000042.html,112
102,S2020-102,S2020-102,CFG,CFG,Citizens Financial Group,Citizens Financial Group,cik:0000759944,0000759944,Financials,Regional Banks,0000759944-21-000034,cfg-20201231.htm,10-K,2021-02-23,2020-12-31,2020,https://www.sec.gov/Archives/edgar/data/759944/000075994421000034/cfg-20201231.htm,2020/sp500_companies.csv,sample_2020,2,2020/sample_500/html/raw/0000759944/0000759944-21-000034.html,113
103,S2020-103,S2020-103,CLX,CLX,Clorox,Clorox,cik:0000021076,0000021076,Consumer Staples,Household Products,0000021076-20-000016,clx-20200630.htm,10-K,2020-08-13,2020-06-30,2020,https://www.sec.gov/Archives/edgar/data/21076/000002107620000016/clx-20200630.htm,2020/sp500_companies.csv,sample_2020,2,2020/sample_500/html/raw/0000021076/0000021076-20-000016.html,115
104,S2020-104,S2020-104,KO,KO,Coca-Cola Company (The),Coca-Cola Company (The),cik:0000021344,0000021344,Consumer Staples,Soft Drinks & Non-alcoholic Beverages,0000021344-21-000008,ko-20201231.htm,10-K,2021-02-25,2020-12-31,2020,https://www.sec.gov/Archives/edgar/data/21344/000002134421000008/ko-20201231.htm,2020/sp500_companies.csv,sample_2020,2,2020/sample_500/html/raw/0000021344/0000021344-21-000008.html,116
105,S2020-105,S2020-105,CTSH,CTSH,Cognizant,Cognizant,cik:0001058290,0001058290,Information Technology,IT Consulting & Other Services,0001058290-21-000031,ctsh-20201231.htm,10-K,2021-02-12,2020-12-31,2020,https://www.sec.gov/Archives/edgar/data/1058290/000105829021000031/ctsh-20201231.htm,2020/sp500_companies.csv,sample_2020,2,2020/sample_500/html/raw/0001058290/0001058290-21-000031.html,117
106,S2020-106,S2020-106,CL,CL,Colgate-Palmolive,Colgate-Palmolive,cik:0000021665,0000021665,Consumer Staples,Household Products,0000021665-21-000007,cl-20201231.htm,10-K,2021-02-18,2020-12-31,2020,https://www.sec.gov/Archives/edgar/data/21665/000002166521000007/cl-20201231.htm,2020/sp500_companies.csv,sample_2020,2,2020/sample_500/html/raw/0000021665/0000021665-21-000007.html,118
107,S2020-107,S2020-107,CMCSA,CMCSA,Comcast,Comcast,cik:0001166691,0001166691,Communication Services,Cable & Satellite,0001166691-21-000008,cmcsa-20201231.htm,10-K,2021-02-04,2020-12-31,2020,https://www.sec.gov/Archives/edgar/data/1166691/000116669121000008/cmcsa-20201231.htm,2020/sp500_companies.csv,sample_2020,2,2020/sample_500/html/raw/0001166691/0001166691-21-000008.html,119
108,S2020-108,S2020-108,CAG,CAG,Conagra Brands,Conagra Brands,cik:0000023217,0000023217,,,0001564590-20-033366,cag-10k_20200531.htm,10-K,2020-07-24,2020-05-31,2020,https://www.sec.gov/Archives/edgar/data/23217/000156459020033366/cag-10k_20200531.htm,2020/sp500_companies.csv,sample_2020,2,2020/sample_500/html/raw/0000023217/0001564590-20-033366.html,121
109,S2020-109,S2020-109,COP,COP,ConocoPhillips,ConocoPhillips,cik:0001163165,0001163165,Energy,Oil & Gas Exploration & Production,0001562762-21-000027,cop10k2020.htm,10-K,2021-02-16,2020-12-31,2020,https://www.sec.gov/Archives/edgar/data/1163165/000156276221000027/cop10k2020.htm,2020/sp500_companies.csv,sample_2020,2,2020/sample_500/html/raw/0001163165/0001562762-21-000027.html,123
110,S2020-110,S2020-110,ED,ED,Consolidated Edison,Consolidated Edison,cik:0001047862,0001047862,Utilities,Multi-Utilities,0001047862-21-000049,ed-20201231.htm,10-K,2021-02-18,2020-12-31,2020,https://www.sec.gov/Archives/edgar/data/1047862/000104786221000049/ed-20201231.htm,2020/sp500_companies.csv,sample_2020,2,2020/sample_500/html/raw/0001047862/0001047862-21-000049.html,124
111,S2020-111,S2020-111,STZ,STZ,Constellation Brands,Constellation Brands,cik:0000016918,0000016918,Consumer Staples,Distillers & Vintners,0000016918-20-000078,stz229202010k.htm,10-K,2020-04-21,2020-02-29,2020,https://www.sec.gov/Archives/edgar/data/16918/000001691820000078/stz229202010k.htm,2020/sp500_companies.csv,sample_2020,2,2020/sample_500/html/raw/0000016918/0000016918-20-000078.html,125
112,S2020-112,S2020-112,COO,COO,Cooper Companies (The),Cooper Companies (The),cik:0000711404,0000711404,Health Care,Health Care Supplies,0000711404-20-000042,coo20201031-10k.htm,10-K,2020-12-11,2020-10-31,2020,https://www.sec.gov/Archives/edgar/data/711404/000071140420000042/coo20201031-10k.htm,2020/sp500_companies.csv,sample_2020,2,2020/sample_500/html/raw/0000711404/0000711404-20-000042.html,126
113,S2020-113,S2020-113,CPRT,CPRT,Copart,Copart,cik:0000900075,0000900075,Industrials,Diversified Support Services,0000900075-20-000021,cprt-20200731.htm,10-K,2020-09-28,2020-07-31,2020,https://www.sec.gov/Archives/edgar/data/900075/000090007520000021/cprt-20200731.htm,2020/sp500_companies.csv,sample_2020,2,2020/sample_500/html/raw/0000900075/0000900075-20-000021.html,127
114,S2020-114,S2020-114,GLW,GLW,Corning Inc.,Corning Inc.,cik:0000024741,0000024741,Information Technology,Electronic Components,0001562762-21-000023,glw-20201231x10k.htm,10-K,2021-02-12,2020-12-31,2020,https://www.sec.gov/Archives/edgar/data/24741/000156276221000023/glw-20201231x10k.htm,2020/sp500_companies.csv,sample_2020,2,2020/sample_500/html/raw/0000024741/0001562762-21-000023.html,128
115,S2020-115,S2020-115,CTVA,CTVA,Corteva,Corteva,cik:0001755672,0001755672,Materials,Fertilizers & Agricultural Chemicals,0001755672-21-000008,ctva-20201231.htm,10-K,2021-02-11,2020-12-31,2020,https://www.sec.gov/Archives/edgar/data/1755672/000175567221000008/ctva-20201231.htm,2020/sp500_companies.csv,sample_2020,2,2020/sample_500/html/raw/0001755672/0001755672-21-000008.html,129
116,S2020-116,S2020-116,COST,COST,Costco,Costco,cik:0000909832,0000909832,Consumer Staples,Consumer Staples Merchandise Retail,0000909832-20-000017,cost-20200830.htm,10-K,2020-10-07,2020-08-30,2020,https://www.sec.gov/Archives/edgar/data/909832/000090983220000017/cost-20200830.htm,2020/sp500_companies.csv,sample_2020,2,2020/sample_500/html/raw/0000909832/0000909832-20-000017.html,130
117,S2020-117,S2020-117,CCI,CCI,Crown Castle,Crown Castle,cik:0001051470,0001051470,Real Estate,Telecom Tower REITs,0001051470-21-000031,cci-20201231.htm,10-K,2021-02-22,2020-12-31,2020,https://www.sec.gov/Archives/edgar/data/1051470/000105147021000031/cci-20201231.htm,2020/sp500_companies.csv,sample_2020,2,2020/sample_500/html/raw/0001051470/0001051470-21-000031.html,131
118,S2020-118,S2020-118,CMI,CMI,Cummins,Cummins,cik:0000026172,0000026172,Industrials,Construction Machinery & Heavy Transportation Equipment,0000026172-21-000012,cmi-20201231.htm,10-K,2021-02-10,2020-12-31,2020,https://www.sec.gov/Archives/edgar/data/26172/000002617221000012/cmi-20201231.htm,2020/sp500_companies.csv,sample_2020,2,2020/sample_500/html/raw/0000026172/0000026172-21-000012.html,132
119,S2020-119,S2020-119,DHI,DHI,D. R. Horton,D. R. Horton,cik:0000882184,0000882184,Consumer Discretionary,Homebuilding,0000882184-20-000143,dhi-20200930.htm,10-K,2020-11-20,2020-09-30,2020,https://www.sec.gov/Archives/edgar/data/882184/000088218420000143/dhi-20200930.htm,2020/sp500_companies.csv,sample_2020,2,2020/sample_500/html/raw/0000882184/0000882184-20-000143.html,133
120,S2020-120,S2020-120,DTE,DTE,DTE Energy,DTE Energy,cik:0000936340,0000936340,Utilities,Multi-Utilities,0000936340-21-000112,dte-20201231.htm,10-K,2021-02-19,2020-12-31,2020,https://www.sec.gov/Archives/edgar/data/936340/000093634021000112/dte-20201231.htm,2020/sp500_companies.csv,sample_2020,2,2020/sample_500/html/raw/0000936340/0000936340-21-000112.html,134
121,S2020-121,S2020-121,DXC,DXC,DXC Technology,DXC Technology,cik:0001688568,0001688568,,,0001688568-20-000032,dxcfy2010-k.htm,10-K,2020-06-01,2020-03-31,2020,https://www.sec.gov/Archives/edgar/data/1688568/000168856820000032/dxcfy2010-k.htm,2020/sp500_companies.csv,sample_2020,2,2020/sample_500/html/raw/0001688568/0001688568-20-000032.html,135
122,S2020-122,S2020-122,DVA,DVA,DaVita,DaVita,cik:0000927066,0000927066,Health Care,Health Care Services,0000927066-21-000008,dva-20201231.htm,10-K,2021-02-12,2020-12-31,2020,https://www.sec.gov/Archives/edgar/data/927066/000092706621000008/dva-20201231.htm,2020/sp500_companies.csv,sample_2020,2,2020/sample_500/html/raw/0000927066/0000927066-21-000008.html,136
123,S2020-123,S2020-123,DHR,DHR,Danaher Corporation,Danaher Corporation,cik:0000313616,0000313616,Health Care,Life Sciences Tools & Services,0000313616-21-000045,dhr-20201231.htm,10-K,2021-02-25,2020-12-31,2020,https://www.sec.gov/Archives/edgar/data/313616/000031361621000045/dhr-20201231.htm,2020/sp500_companies.csv,sample_2020,2,2020/sample_500/html/raw/0000313616/0000313616-21-000045.html,137
124,S2020-124,S2020-124,DRI,DRI,Darden Restaurants,Darden Restaurants,cik:0000940944,0000940944,Consumer Discretionary,Restaurants,0000940944-20-000046,dri-202010xk.htm,10-K,2020-07-24,2020-05-31,2020,https://www.sec.gov/Archives/edgar/data/940944/000094094420000046/dri-202010xk.htm,2020/sp500_companies.csv,sample_2020,2,2020/sample_500/html/raw/0000940944/0000940944-20-000046.html,138
125,S2020-125,S2020-125,DE,DE,Deere & Company,Deere & Company,cik:0000315189,0000315189,Industrials,Agricultural & Farm Machinery,0001558370-20-014436,de-20201101x10k.htm,10-K,2020-12-17,2020-11-01,2020,https://www.sec.gov/Archives/edgar/data/315189/000155837020014436/de-20201101x10k.htm,2020/sp500_companies.csv,sample_2020,2,2020/sample_500/html/raw/0000315189/0001558370-20-014436.html,139
126,S2020-126,S2020-126,DAL,DAL,Delta Air Lines,Delta Air Lines,cik:0000027904,0000027904,Industrials,Passenger Airlines,0000027904-21-000003,dal-20201231.htm,10-K,2021-02-12,2020-12-31,2020,https://www.sec.gov/Archives/edgar/data/27904/000002790421000003/dal-20201231.htm,2020/sp500_companies.csv,sample_2020,2,2020/sample_500/html/raw/0000027904/0000027904-21-000003.html,140
127,S2020-127,S2020-127,XRAY,XRAY,Dentsply Sirona,Dentsply Sirona,cik:0000818479,0000818479,,,0000818479-21-000007,xray-20201231.htm,10-K,2021-03-01,2020-12-31,2020,https://www.sec.gov/Archives/edgar/data/818479/000081847921000007/xray-20201231.htm,2020/sp500_companies.csv,sample_2020,2,2020/sample_500/html/raw/0000818479/0000818479-21-000007.html,141
128,S2020-128,S2020-128,DVN,DVN,Devon Energy,Devon Energy,cik:0001090012,0001090012,Energy,Oil & Gas Exploration & Production,0001564590-21-006239,dvn-10k_20201231.htm,10-K,2021-02-17,2020-12-31,2020,https://www.sec.gov/Archives/edgar/data/1090012/000156459021006239/dvn-10k_20201231.htm,2020/sp500_companies.csv,sample_2020,2,2020/sample_500/html/raw/0001090012/0001564590-21-006239.html,142
129,S2020-129,S2020-129,DXCM,DXCM,Dexcom,Dexcom,cik:0001093557,0001093557,Health Care,Health Care Equipment,0001093557-21-000024,dxcm-20201231.htm,10-K,2021-02-11,2020-12-31,2020,https://www.sec.gov/Archives/edgar/data/1093557/000109355721000024/dxcm-20201231.htm,2020/sp500_companies.csv,sample_2020,2,2020/sample_500/html/raw/0001093557/0001093557-21-000024.html,143
130,S2020-130,S2020-130,FANG,FANG,Diamondback Energy,Diamondback Energy,cik:0001539838,0001539838,Energy,Oil & Gas Exploration & Production,0001539838-21-000015,fang-20201231.htm,10-K,2021-02-25,2020-12-31,2020,https://www.sec.gov/Archives/edgar/data/1539838/000153983821000015/fang-20201231.htm,2020/sp500_companies.csv,sample_2020,2,2020/sample_500/html/raw/0001539838/0001539838-21-000015.html,144
131,S2020-131,S2020-131,DLR,DLR,Digital Realty,Digital Realty,cik:0001297996,0001297996,Real Estate,Data Center REITs,0001558370-21-002191,dlr-20201231x10k.htm,10-K,2021-03-01,2020-12-31,2020,https://www.sec.gov/Archives/edgar/data/1297996/000155837021002191/dlr-20201231x10k.htm,2020/sp500_companies.csv,sample_2020,2,2020/sample_500/html/raw/0001297996/0001558370-21-002191.html,145
132,S2020-132,S2020-132,DG,DG,Dollar General,Dollar General,cik:0000029534,0000029534,Consumer Staples,Consumer Staples Merchandise Retail,0001558370-20-002915,dg-20200131x10ka41072.htm,10-K,2020-03-19,2020-01-31,2020,https://www.sec.gov/Archives/edgar/data/29534/000155837020002915/dg-20200131x10ka41072.htm,2020/sp500_companies.csv,sample_2020,2,2020/sample_500/html/raw/0000029534/0001558370-20-002915.html,149
133,S2020-133,S2020-133,DLTR,DLTR,Dollar Tree,Dollar Tree,cik:0000935703,0000935703,Consumer Staples,Consumer Staples Merchandise Retail,0000935703-20-000006,dltr-2020x02x01x10k.htm,10-K,2020-03-20,2020-02-01,2020,https://www.sec.gov/Archives/edgar/data/935703/000093570320000006/dltr-2020x02x01x10k.htm,2020/sp500_companies.csv,sample_2020,2,2020/sample_500/html/raw/0000935703/0000935703-20-000006.html,150
134,S2020-134,S2020-134,D,D,Dominion Energy,Dominion Energy,cik:0000715957,0000715957,Utilities,Multi-Utilities,0001564590-21-008442,d-10k_20201231.htm,10-K,2021-02-25,2020-12-31,2020,https://www.sec.gov/Archives/edgar/data/715957/000156459021008442/d-10k_20201231.htm,2020/sp500_companies.csv,sample_2020,2,2020/sample_500/html/raw/0000715957/0001564590-21-008442.html,151
135,S2020-135,S2020-135,DOV,DOV,Dover Corporation,Dover Corporation,cik:0000029905,0000029905,Industrials,Industrial Machinery & Supplies & Components,0000029905-21-000010,dov-20201231.htm,10-K,2021-02-12,2020-12-31,2020,https://www.sec.gov/Archives/edgar/data/29905/000002990521000010/dov-20201231.htm,2020/sp500_companies.csv,sample_2020,2,2020/sample_500/html/raw/0000029905/0000029905-21-000010.html,153
136,S2020-136,S2020-136,DOW,DOW,Dow Inc.,Dow Inc.,cik:0001751788,0001751788,Materials,Commodity Chemicals,0001751788-21-000010,dow-20201231.htm,10-K,2021-02-05,2020-12-31,2020,https://www.sec.gov/Archives/edgar/data/1751788/000175178821000010/dow-20201231.htm,2020/sp500_companies.csv,sample_2020,2,2020/sample_500/html/raw/0001751788/0001751788-21-000010.html,154
137,S2020-137,S2020-137,DD,DD,DuPont,DuPont,cik:0001666700,0001666700,Materials,Specialty Chemicals,0001666700-21-000005,dd-20201231.htm,10-K,2021-02-12,2020-12-31,2020,https://www.sec.gov/Archives/edgar/data/1666700/000166670021000005/dd-20201231.htm,2020/sp500_companies.csv,sample_2020,2,2020/sample_500/html/raw/0001666700/0001666700-21-000005.html,155
138,S2020-138,S2020-138,DUK,DUK,Duke Energy,Duke Energy,cik:0001326160,0001326160,Utilities,Electric Utilities,0001326160-21-000063,duk-20201231.htm,10-K,2021-02-25,2020-12-31,2020,https://www.sec.gov/Archives/edgar/data/1326160/000132616021000063/duk-20201231.htm,2020/sp500_companies.csv,sample_2020,2,2020/sample_500/html/raw/0001326160/0001326160-21-000063.html,156
139,S2020-139,S2020-139,EOG,EOG,EOG Resources,EOG Resources,cik:0000821189,0000821189,Energy,Oil & Gas Exploration & Production,0000821189-21-000017,eog-20201231.htm,10-K,2021-02-25,2020-12-31,2020,https://www.sec.gov/Archives/edgar/data/821189/000082118921000017/eog-20201231.htm,2020/sp500_companies.csv,sample_2020,2,2020/sample_500/html/raw/0000821189/0000821189-21-000017.html,158
140,S2020-140,S2020-140,EMN,EMN,Eastman Chemical Co.,Eastman Chemical Co.,cik:0000915389,0000915389,,,0000915389-21-000016,emn-20201231.htm,10-K,2021-02-22,2020-12-31,2020,https://www.sec.gov/Archives/edgar/data/915389/000091538921000016/emn-20201231.htm,2020/sp500_companies.csv,sample_2020,2,2020/sample_500/html/raw/0000915389/0000915389-21-000016.html,159
141,S2020-141,S2020-141,ETN,ETN,Eaton Corporation,Eaton Corporation,cik:0001551182,0001551182,Industrials,Electrical Components & Equipment,0001551182-21-000022,etn-20201231.htm,10-K,2021-02-24,2020-12-31,2020,https://www.sec.gov/Archives/edgar/data/1551182/000155118221000022/etn-20201231.htm,2020/sp500_companies.csv,sample_2020,2,2020/sample_500/html/raw/0001551182/0001551182-21-000022.html,160
142,S2020-142,S2020-142,ECL,ECL,Ecolab,Ecolab,cik:0000031462,0000031462,Materials,Specialty Chemicals,0001558370-21-001916,ecl-20201231x10k.htm,10-K,2021-02-26,2020-12-31,2020,https://www.sec.gov/Archives/edgar/data/31462/000155837021001916/ecl-20201231x10k.htm,2020/sp500_companies.csv,sample_2020,2,2020/sample_500/html/raw/0000031462/0001558370-21-001916.html,161
143,S2020-143,S2020-143,EIX,EIX,Edison International,Edison International,cik:0000827052,0000827052,Utilities,Electric Utilities,0000827052-21-000019,eix-20201231.htm,10-K,2021-02-25,2020-12-31,2020,https://www.sec.gov/Archives/edgar/data/827052/000082705221000019/eix-20201231.htm,2020/sp500_companies.csv,sample_2020,2,2020/sample_500/html/raw/0000827052/0000827052-21-000019.html,162
144,S2020-144,S2020-144,EW,EW,Edwards Lifesciences,Edwards Lifesciences,cik:0001099800,0001099800,Health Care,Health Care Equipment,0001099800-21-000007,ew-20201231.htm,10-K,2021-02-12,2020-12-31,2020,https://www.sec.gov/Archives/edgar/data/1099800/000109980021000007/ew-20201231.htm,2020/sp500_companies.csv,sample_2020,2,2020/sample_500/html/raw/0001099800/0001099800-21-000007.html,163
145,S2020-145,S2020-145,EA,EA,Electronic Arts,Electronic Arts,cik:0000712515,0000712515,Communication Services,Interactive Home Entertainment,0000712515-20-000019,ea-20200331.htm,10-K,2020-05-20,2020-03-31,2020,https://www.sec.gov/Archives/edgar/data/712515/000071251520000019/ea-20200331.htm,2020/sp500_companies.csv,sample_2020,2,2020/sample_500/html/raw/0000712515/0000712515-20-000019.html,164
146,S2020-146,S2020-146,EMR,EMR,Emerson Electric,Emerson Electric,cik:0000032604,0000032604,Industrials,Electrical Components & Equipment,0000032604-20-000041,emr-20200930.htm,10-K,2020-11-16,2020-09-30,2020,https://www.sec.gov/Archives/edgar/data/32604/000003260420000041/emr-20200930.htm,2020/sp500_companies.csv,sample_2020,2,2020/sample_500/html/raw/0000032604/0000032604-20-000041.html,165
147,S2020-147,S2020-147,ETR,ETR,Entergy,Entergy,cik:0000065984,0000065984,Utilities,Electric Utilities,0000065984-21-000096,etr-20201231.htm,10-K,2021-02-26,2020-12-31,2020,https://www.sec.gov/Archives/edgar/data/65984/000006598421000096/etr-20201231.htm,2020/sp500_companies.csv,sample_2020,2,2020/sample_500/html/raw/0000065984/0000065984-21-000096.html,166
148,S2020-148,S2020-148,EFX,EFX,Equifax,Equifax,cik:0000033185,0000033185,Industrials,Research & Consulting Services,0000033185-21-000025,efx-20201231.htm,10-K,2021-02-25,2020-12-31,2020,https://www.sec.gov/Archives/edgar/data/33185/000003318521000025/efx-20201231.htm,2020/sp500_companies.csv,sample_2020,2,2020/sample_500/html/raw/0000033185/0000033185-21-000025.html,167
149,S2020-149,S2020-149,EQIX,EQIX,Equinix,Equinix,cik:0001101239,0001101239,Real Estate,Data Center REITs,0001628280-21-002563,eqix-20201231.htm,10-K,2021-02-19,2020-12-31,2020,https://www.sec.gov/Archives/edgar/data/1101239/000162828021002563/eqix-20201231.htm,2020/sp500_companies.csv,sample_2020,2,2020/sample_500/html/raw/0001101239/0001628280-21-002563.html,168
150,S2020-150,S2020-150,EQR,EQR,Equity Residential,Equity Residential,cik:0000906107,0000906107,Real Estate,Multi-Family Residential REITs,0001564590-21-006679,eqr-10k_20201231.htm,10-K,2021-02-18,2020-12-31,2020,https://www.sec.gov/Archives/edgar/data/906107/000156459021006679/eqr-10k_20201231.htm,2020/sp500_companies.csv,sample_2020,2,2020/sample_500/html/raw/0000906107/0001564590-21-006679.html,169
151,S2020-151,S2020-151,ESS,ESS,Essex Property Trust,Essex Property Trust,cik:0000920522,0000920522,Real Estate,Multi-Family Residential REITs,0000920522-21-000015,ess-20201231.htm,10-K,2021-02-19,2020-12-31,2020,https://www.sec.gov/Archives/edgar/data/920522/000092052221000015/ess-20201231.htm,2020/sp500_companies.csv,sample_2020,2,2020/sample_500/html/raw/0000920522/0000920522-21-000015.html,170
152,S2020-152,S2020-152,EL,EL,Estée Lauder Companies (The),Estée Lauder Companies (The),cik:0001001250,0001001250,Consumer Staples,Personal Care Products,0001001250-20-000065,el-20200630.htm,10-K,2020-08-28,2020-06-30,2020,https://www.sec.gov/Archives/edgar/data/1001250/000100125020000065/el-20200630.htm,2020/sp500_companies.csv,sample_2020,2,2020/sample_500/html/raw/0001001250/0001001250-20-000065.html,171
153,S2020-153,S2020-153,ETSY,ETSY,Etsy,Etsy,cik:0001370637,0001370637,,,0001370637-21-000012,etsy-20201231.htm,10-K,2021-02-26,2020-12-31,2020,https://www.sec.gov/Archives/edgar/data/1370637/000137063721000012/etsy-20201231.htm,2020/sp500_companies.csv,sample_2020,2,2020/sample_500/html/raw/0001370637/0001370637-21-000012.html,172
154,S2020-154,S2020-154,EVRG,EVRG,Evergy,Evergy,cik:0001711269,0001711269,Utilities,Electric Utilities,0001711269-21-000023,evrg-20201231.htm,10-K,2021-02-26,2020-12-31,2020,https://www.sec.gov/Archives/edgar/data/1711269/000171126921000023/evrg-20201231.htm,2020/sp500_companies.csv,sample_2020,2,2020/sample_500/html/raw/0001711269/0001711269-21-000023.html,174
155,S2020-155,S2020-155,ES,ES,Eversource Energy,Eversource Energy,cik:0000072741,0000072741,Utilities,Electric Utilities,0000072741-21-000005,es-20201231.htm,10-K,2021-02-17,2020-12-31,2020,https://www.sec.gov/Archives/edgar/data/72741/000007274121000005/es-20201231.htm,2020/sp500_companies.csv,sample_2020,2,2020/sample_500/html/raw/0000072741/0000072741-21-000005.html,175
156,S2020-156,S2020-156,EXC,EXC,Exelon,Exelon,cik:0001109357,0001109357,Utilities,Electric Utilities,0001109357-21-000022,exc-20201231.htm,10-K,2021-02-24,2020-12-31,2020,https://www.sec.gov/Archives/edgar/data/1109357/000110935721000022/exc-20201231.htm,2020/sp500_companies.csv,sample_2020,2,2020/sample_500/html/raw/0001109357/0001109357-21-000022.html,176
157,S2020-157,S2020-157,EXPE,EXPE,Expedia Group,Expedia Group,cik:0001324424,0001324424,Consumer Discretionary,"Hotels, Resorts & Cruise Lines",0001324424-21-000015,expe-20201231.htm,10-K,2021-02-12,2020-12-31,2020,https://www.sec.gov/Archives/edgar/data/1324424/000132442421000015/expe-20201231.htm,2020/sp500_companies.csv,sample_2020,2,2020/sample_500/html/raw/0001324424/0001324424-21-000015.html,177
158,S2020-158,S2020-158,EXPD,EXPD,Expeditors International,Expeditors International,cik:0000746515,0000746515,Industrials,Air Freight & Logistics,0001564590-21-006925,expd-10k_20201231.htm,10-K,2021-02-19,2020-12-31,2020,https://www.sec.gov/Archives/edgar/data/746515/000156459021006925/expd-10k_20201231.htm,2020/sp500_companies.csv,sample_2020,2,2020/sample_500/html/raw/0000746515/0001564590-21-006925.html,178
159,S2020-159,S2020-159,EXR,EXR,Extra Space Storage,Extra Space Storage,cik:0001289490,0001289490,Real Estate,Self-Storage REITs,0001628280-21-003458,exr-20201231.htm,10-K,2021-02-26,2020-12-31,2020,https://www.sec.gov/Archives/edgar/data/1289490/000162828021003458/exr-20201231.htm,2020/sp500_companies.csv,sample_2020,2,2020/sample_500/html/raw/0001289490/0001628280-21-003458.html,179
160,S2020-160,S2020-160,XOM,XOM,ExxonMobil,ExxonMobil,cik:0000034088,0000034088,Energy,Integrated Oil & Gas,0000034088-21-000012,xom-20201231.htm,10-K,2021-02-24,2020-12-31,2020,https://www.sec.gov/Archives/edgar/data/34088/000003408821000012/xom-20201231.htm,2020/sp500_companies.csv,sample_2020,2,2020/sample_500/html/raw/0000034088/0000034088-21-000012.html,180
161,S2020-161,S2020-161,FFIV,FFIV,"F5, Inc.","F5, Inc.",cik:0001048695,0001048695,Information Technology,Communications Equipment,0001048695-20-000041,ffiv-20200930.htm,10-K,2020-11-19,2020-09-30,2020,https://www.sec.gov/Archives/edgar/data/1048695/000104869520000041/ffiv-20200930.htm,2020/sp500_companies.csv,sample_2020,2,2020/sample_500/html/raw/0001048695/0001048695-20-000041.html,181
162,S2020-162,S2020-162,FMC,FMC,FMC Corporation,FMC Corporation,cik:0000037785,0000037785,,,0000037785-21-000024,fmc-20201231.htm,10-K,2021-02-25,2020-12-31,2020,https://www.sec.gov/Archives/edgar/data/37785/000003778521000024/fmc-20201231.htm,2020/sp500_companies.csv,sample_2020,2,2020/sample_500/html/raw/0000037785/0000037785-21-000024.html,184
163,S2020-163,S2020-163,FB,FB,Facebook,Facebook,cik:0001326801,0001326801,,,0001326801-21-000014,fb-20201231.htm,10-K,2021-01-28,2020-12-31,2020,https://www.sec.gov/Archives/edgar/data/1326801/000132680121000014/fb-20201231.htm,2020/sp500_companies.csv,sample_2020,2,2020/sample_500/html/raw/0001326801/0001326801-21-000014.html,185
164,S2020-164,S2020-164,FAST,FAST,Fastenal,Fastenal,cik:0000815556,0000815556,Industrials,Trading Companies & Distributors,0000815556-21-000008,fast-20201231.htm,10-K,2021-02-08,2020-12-31,2020,https://www.sec.gov/Archives/edgar/data/815556/000081555621000008/fast-20201231.htm,2020/sp500_companies.csv,sample_2020,2,2020/sample_500/html/raw/0000815556/0000815556-21-000008.html,186
165,S2020-165,S2020-165,FDX,FDX,FedEx,FedEx,cik:0001048911,0001048911,Industrials,Air Freight & Logistics,0001564590-20-032775,fdx-10k_20200531.htm,10-K,2020-07-20,2020-05-31,2020,https://www.sec.gov/Archives/edgar/data/1048911/000156459020032775/fdx-10k_20200531.htm,2020/sp500_companies.csv,sample_2020,2,2020/sample_500/html/raw/0001048911/0001564590-20-032775.html,187
166,S2020-166,S2020-166,FRT,FRT,Federal Realty Investment Trust,Federal Realty Investment Trust,cik:0000034903,0000034903,Real Estate,Retail REITs,0000034903-21-000020,frt-20201231.htm,10-K,2021-02-11,2020-12-31,2020,https://www.sec.gov/Archives/edgar/data/34903/000003490321000020/frt-20201231.htm,2020/sp500_companies.csv,sample_2020,2,2020/sample_500/html/raw/0000034903/0000034903-21-000020.html,188
167,S2020-167,S2020-167,FIS,FIS,Fidelity National Information Services,Fidelity National Information Services,cik:0001136893,0001136893,Financials,Transaction & Payment Processing Services,0001136893-21-000025,fis-20201231.htm,10-K,2021-02-18,2020-12-31,2020,https://www.sec.gov/Archives/edgar/data/1136893/000113689321000025/fis-20201231.htm,2020/sp500_companies.csv,sample_2020,2,2020/sample_500/html/raw/0001136893/0001136893-21-000025.html,189
168,S2020-168,S2020-168,FITB,FITB,Fifth Third Bancorp,Fifth Third Bancorp,cik:0000035527,0000035527,Financials,Regional Banks,0000035527-21-000100,fitb-20201231.htm,10-K,2021-02-26,2020-12-31,2020,https://www.sec.gov/Archives/edgar/data/35527/000003552721000100/fitb-20201231.htm,2020/sp500_companies.csv,sample_2020,2,2020/sample_500/html/raw/0000035527/0000035527-21-000100.html,190
169,S2020-169,S2020-169,FE,FE,FirstEnergy,FirstEnergy,cik:0001031296,0001031296,Utilities,Electric Utilities,0001031296-21-000020,fe-20201231.htm,10-K,2021-02-18,2020-12-31,2020,https://www.sec.gov/Archives/edgar/data/1031296/000103129621000020/fe-20201231.htm,2020/sp500_companies.csv,sample_2020,2,2020/sample_500/html/raw/0001031296/0001031296-21-000020.html,192
170,S2020-170,S2020-170,FISV,FISV,Fiserv,Fiserv,cik:0000798354,0000798354,Financials,Transaction & Payment Processing Services,0000798354-21-000004,fisv-20201231.htm,10-K,2021-02-26,2020-12-31,2020,https://www.sec.gov/Archives/edgar/data/798354/000079835421000004/fisv-20201231.htm,2020/sp500_companies.csv,sample_2020,2,2020/sample_500/html/raw/0000798354/0000798354-21-000004.html,193
171,S2020-171,S2020-171,FLS,FLS,Flowserve,Flowserve,cik:0000030625,0000030625,,,0000030625-21-000034,fls-20201231.htm,10-K,2021-02-23,2020-12-31,2020,https://www.sec.gov/Archives/edgar/data/30625/000003062521000034/fls-20201231.htm,2020/sp500_companies.csv,sample_2020,2,2020/sample_500/html/raw/0000030625/0000030625-21-000034.html,194
172,S2020-172,S2020-172,F,F,Ford Motor Company,Ford Motor Company,cik:0000037996,0000037996,Consumer Discretionary,Automobile Manufacturers,0000037996-21-000012,f-20201231.htm,10-K,2021-02-05,2020-12-31,2020,https://www.sec.gov/Archives/edgar/data/37996/000003799621000012/f-20201231.htm,2020/sp500_companies.csv,sample_2020,2,2020/sample_500/html/raw/0000037996/0000037996-21-000012.html,195
173,S2020-173,S2020-173,FTNT,FTNT,Fortinet,Fortinet,cik:0001262039,0001262039,Information Technology,Systems Software,0001262039-21-000008,ftnt-20201231.htm,10-K,2021-02-19,2020-12-31,2020,https://www.sec.gov/Archives/edgar/data/1262039/000126203921000008/ftnt-20201231.htm,2020/sp500_companies.csv,sample_2020,2,2020/sample_500/html/raw/0001262039/0001262039-21-000008.html,196
174,S2020-174,S2020-174,FTV,FTV,Fortive,Fortive,cik:0001659166,0001659166,Industrials,Industrial Machinery & Supplies & Components,0001659166-21-000062,ftv-20201231.htm,10-K,2021-02-26,2020-12-31,2020,https://www.sec.gov/Archives/edgar/data/1659166/000165916621000062/ftv-20201231.htm,2020/sp500_companies.csv,sample_2020,2,2020/sample_500/html/raw/0001659166/0001659166-21-000062.html,197
175,S2020-175,S2020-175,FOXA|FOX,FOXA|FOX,Fox Corporation (Class A)|Fox Corporation (Class B),Fox Corporation (Class A)|Fox Corporation (Class B),cik:0001754301,0001754301,Communication Services,Broadcasting,0001564590-20-038975,fox-10k_20200630.htm,10-K,2020-08-10,2020-06-30,2020,https://www.sec.gov/Archives/edgar/data/1754301/000156459020038975/fox-10k_20200630.htm,2020/sp500_companies.csv,sample_2020,2,2020/sample_500/html/raw/0001754301/0001564590-20-038975.html,199
176,S2020-176,S2020-176,BEN,BEN,Franklin Resources,Franklin Resources,cik:0000038777,0000038777,Financials,Asset Management & Custody Banks,0000038777-20-000203,form10-k93020.htm,10-K,2020-11-23,2020-09-30,2020,https://www.sec.gov/Archives/edgar/data/38777/000003877720000203/form10-k93020.htm,2020/sp500_companies.csv,sample_2020,2,2020/sample_500/html/raw/0000038777/0000038777-20-000203.html,200
177,S2020-177,S2020-177,FCX,FCX,Freeport-McMoRan,Freeport-McMoRan,cik:0000831259,0000831259,Materials,Copper,0000831259-21-000009,fcx-20201231.htm,10-K,2021-02-16,2020-12-31,2020,https://www.sec.gov/Archives/edgar/data/831259/000083125921000009/fcx-20201231.htm,2020/sp500_companies.csv,sample_2020,2,2020/sample_500/html/raw/0000831259/0000831259-21-000009.html,201
178,S2020-178,S2020-178,GE,GE,GE Aerospace,GE Aerospace,cik:0000040545,0000040545,Industrials,Aerospace & Defense,0000040545-21-000011,ge-20201231.htm,10-K,2021-02-12,2020-12-31,2020,https://www.sec.gov/Archives/edgar/data/40545/000004054521000011/ge-20201231.htm,2020/sp500_companies.csv,sample_2020,2,2020/sample_500/html/raw/0000040545/0000040545-21-000011.html,202
179,S2020-179,S2020-179,GRMN,GRMN,Garmin,Garmin,cik:0001121788,0001121788,Consumer Discretionary,Consumer Electronics,0001564590-21-006192,grmn-10k_20201226.htm,10-K,2021-02-17,2020-12-26,2020,https://www.sec.gov/Archives/edgar/data/1121788/000156459021006192/grmn-10k_20201226.htm,2020/sp500_companies.csv,sample_2020,2,2020/sample_500/html/raw/0001121788/0001564590-21-006192.html,204
180,S2020-180,S2020-180,IT,IT,Gartner,Gartner,cik:0000749251,0000749251,Information Technology,IT Consulting & Other Services,0000749251-21-000010,it-20201231.htm,10-K,2021-02-24,2020-12-31,2020,https://www.sec.gov/Archives/edgar/data/749251/000074925121000010/it-20201231.htm,2020/sp500_companies.csv,sample_2020,2,2020/sample_500/html/raw/0000749251/0000749251-21-000010.html,205
181,S2020-181,S2020-181,GD,GD,General Dynamics,General Dynamics,cik:0000040533,0000040533,Industrials,Aerospace & Defense,0000040533-21-000010,gd-20201231.htm,10-K,2021-02-09,2020-12-31,2020,https://www.sec.gov/Archives/edgar/data/40533/000004053321000010/gd-20201231.htm,2020/sp500_companies.csv,sample_2020,2,2020/sample_500/html/raw/0000040533/0000040533-21-000010.html,206
182,S2020-182,S2020-182,GIS,GIS,General Mills,General Mills,cik:0000040704,0000040704,Consumer Staples,Packaged Foods & Meats,0001193125-20-186469,d89717d10k.htm,10-K,2020-07-02,2020-05-31,2020,https://www.sec.gov/Archives/edgar/data/40704/000119312520186469/d89717d10k.htm,2020/sp500_companies.csv,sample_2020,2,2020/sample_500/html/raw/0000040704/0001193125-20-186469.html,207
183,S2020-183,S2020-183,GM,GM,General Motors,General Motors,cik:0001467858,0001467858,Consumer Discretionary,Automobile Manufacturers,0001467858-21-000037,gm-20201231.htm,10-K,2021-02-10,2020-12-31,2020,https://www.sec.gov/Archives/edgar/data/1467858/000146785821000037/gm-20201231.htm,2020/sp500_companies.csv,sample_2020,2,2020/sample_500/html/raw/0001467858/0001467858-21-000037.html,208
184,S2020-184,S2020-184,GPC,GPC,Genuine Parts Company,Genuine Parts Company,cik:0000040987,0000040987,Consumer Discretionary,Distributors,0000040987-21-000009,gpc-20201231.htm,10-K,2021-02-19,2020-12-31,2020,https://www.sec.gov/Archives/edgar/data/40987/000004098721000009/gpc-20201231.htm,2020/sp500_companies.csv,sample_2020,2,2020/sample_500/html/raw/0000040987/0000040987-21-000009.html,209
185,S2020-185,S2020-185,GILD,GILD,Gilead Sciences,Gilead Sciences,cik:0000882095,0000882095,Health Care,Biotechnology,0000882095-21-000008,gild-20201231.htm,10-K,2021-02-25,2020-12-31,2020,https://www.sec.gov/Archives/edgar/data/882095/000088209521000008/gild-20201231.htm,2020/sp500_companies.csv,sample_2020,2,2020/sample_500/html/raw/0000882095/0000882095-21-000008.html,210
186,S2020-186,S2020-186,GPN,GPN,Global Payments,Global Payments,cik:0001123360,0001123360,Financials,Transaction & Payment Processing Services,0001123360-21-000009,gpn-20201231.htm,10-K,2021-02-19,2020-12-31,2020,https://www.sec.gov/Archives/edgar/data/1123360/000112336021000009/gpn-20201231.htm,2020/sp500_companies.csv,sample_2020,2,2020/sample_500/html/raw/0001123360/0001123360-21-000009.html,211
187,S2020-187,S2020-187,GL,GL,Globe Life,Globe Life,cik:0000320335,0000320335,Financials,Life & Health Insurance,0000320335-21-000010,gl-20201231.htm,10-K,2021-02-25,2020-12-31,2020,https://www.sec.gov/Archives/edgar/data/320335/000032033521000010/gl-20201231.htm,2020/sp500_companies.csv,sample_2020,2,2020/sample_500/html/raw/0000320335/0000320335-21-000010.html,212
188,S2020-188,S2020-188,GS,GS,Goldman Sachs,Goldman Sachs,cik:0000886982,0000886982,Financials,Investment Banking & Brokerage,0001193125-21-049380,d39654d10k.htm,10-K,2021-02-22,2020-12-31,2020,https://www.sec.gov/Archives/edgar/data/886982/000119312521049380/d39654d10k.htm,2020/sp500_companies.csv,sample_2020,2,2020/sample_500/html/raw/0000886982/0001193125-21-049380.html,213
189,S2020-189,S2020-189,HCA,HCA,HCA Healthcare,HCA Healthcare,cik:0000860730,0000860730,Health Care,Health Care Facilities,0001193125-21-048994,d37951d10k.htm,10-K,2021-02-19,2020-12-31,2020,https://www.sec.gov/Archives/edgar/data/860730/000119312521048994/d37951d10k.htm,2020/sp500_companies.csv,sample_2020,2,2020/sample_500/html/raw/0000860730/0001193125-21-048994.html,214
190,S2020-190,S2020-190,HPQ,HPQ,HP Inc.,HP Inc.,cik:0000047217,0000047217,Information Technology,"Technology Hardware, Storage & Peripherals",0000047217-20-000045,hpq-20201031.htm,10-K,2020-12-10,2020-10-31,2020,https://www.sec.gov/Archives/edgar/data/47217/000004721720000045/hpq-20201031.htm,2020/sp500_companies.csv,sample_2020,2,2020/sample_500/html/raw/0000047217/0000047217-20-000045.html,215
191,S2020-191,S2020-191,HAL,HAL,Halliburton,Halliburton,cik:0000045012,0000045012,Energy,Oil & Gas Equipment & Services,0000045012-21-000009,hal-20201231.htm,10-K,2021-02-05,2020-12-31,2020,https://www.sec.gov/Archives/edgar/data/45012/000004501221000009/hal-20201231.htm,2020/sp500_companies.csv,sample_2020,2,2020/sample_500/html/raw/0000045012/0000045012-21-000009.html,216
192,S2020-192,S2020-192,HIG,HIG,Hartford (The),Hartford (The),cik:0000874766,0000874766,Financials,Property & Casualty Insurance,0000874766-21-000022,hig-20201231.htm,10-K,2021-02-19,2020-12-31,2020,https://www.sec.gov/Archives/edgar/data/874766/000087476621000022/hig-20201231.htm,2020/sp500_companies.csv,sample_2020,2,2020/sample_500/html/raw/0000874766/0000874766-21-000022.html,218
193,S2020-193,S2020-193,HAS,HAS,Hasbro,Hasbro,cik:0000046080,0000046080,Consumer Discretionary,Leisure Products,0000046080-21-000035,has-20201227.htm,10-K,2021-02-24,2020-12-27,2020,https://www.sec.gov/Archives/edgar/data/46080/000004608021000035/has-20201227.htm,2020/sp500_companies.csv,sample_2020,2,2020/sample_500/html/raw/0000046080/0000046080-21-000035.html,219
194,S2020-194,S2020-194,PEAK,PEAK,Healthpeak Properties,Healthpeak Properties,cik:0000765880,0000765880,,,0001628280-21-001804,peak-20201231.htm,10-K,2021-02-10,2020-12-31,2020,https://www.sec.gov/Archives/edgar/data/765880/000162828021001804/peak-20201231.htm,2020/sp500_companies.csv,sample_2020,2,2020/sample_500/html/raw/0000765880/0001628280-21-001804.html,220
195,S2020-195,S2020-195,HSIC,HSIC,Henry Schein,Henry Schein,cik:0001000228,0001000228,Health Care,Health Care Distributors,0001000228-21-000019,hsicform10k20201226.htm,10-K,2021-02-17,2020-12-26,2020,https://www.sec.gov/Archives/edgar/data/1000228/000100022821000019/hsicform10k20201226.htm,2020/sp500_companies.csv,sample_2020,2,2020/sample_500/html/raw/0001000228/0001000228-21-000019.html,221
196,S2020-196,S2020-196,HSY,HSY,Hershey Company (The),Hershey Company (The),cik:0000047111,0000047111,Consumer Staples,Packaged Foods & Meats,0000047111-21-000007,hsy-20201231.htm,10-K,2021-02-17,2020-12-31,2020,https://www.sec.gov/Archives/edgar/data/47111/000004711121000007/hsy-20201231.htm,2020/sp500_companies.csv,sample_2020,2,2020/sample_500/html/raw/0000047111/0000047111-21-000007.html,222
197,S2020-197,S2020-197,HPE,HPE,Hewlett Packard Enterprise,Hewlett Packard Enterprise,cik:0001645590,0001645590,Information Technology,"Technology Hardware, Storage & Peripherals",0001645590-20-000056,hpe-20201031.htm,10-K,2020-12-10,2020-10-31,2020,https://www.sec.gov/Archives/edgar/data/1645590/000164559020000056/hpe-20201031.htm,2020/sp500_companies.csv,sample_2020,2,2020/sample_500/html/raw/0001645590/0001645590-20-000056.html,224
198,S2020-198,S2020-198,HLT,HLT,Hilton Worldwide,Hilton Worldwide,cik:0001585689,0001585689,Consumer Discretionary,"Hotels, Resorts & Cruise Lines",0001585689-21-000016,hlt-20201231.htm,10-K,2021-02-17,2020-12-31,2020,https://www.sec.gov/Archives/edgar/data/1585689/000158568921000016/hlt-20201231.htm,2020/sp500_companies.csv,sample_2020,2,2020/sample_500/html/raw/0001585689/0001585689-21-000016.html,225
199,S2020-199,S2020-199,HD,HD,Home Depot (The),Home Depot (The),cik:0000354950,0000354950,Consumer Discretionary,Home Improvement Retail,0000354950-20-000015,hd10k02022020.htm,10-K,2020-03-25,2020-02-02,2020,https://www.sec.gov/Archives/edgar/data/354950/000035495020000015/hd10k02022020.htm,2020/sp500_companies.csv,sample_2020,2,2020/sample_500/html/raw/0000354950/0000354950-20-000015.html,228
200,S2020-200,S2020-200,HON,HON,Honeywell Technologies,Honeywell Technologies,cik:0000773840,0000773840,Industrials,Industrial Conglomerates,0000773840-21-000015,hon-20201231.htm,10-K,2021-02-12,2020-12-31,2020,https://www.sec.gov/Archives/edgar/data/773840/000077384021000015/hon-20201231.htm,2020/sp500_companies.csv,sample_2020,2,2020/sample_500/html/raw/0000773840/0000773840-21-000015.html,229
201,S2020-201,S2020-201,HRL,HRL,Hormel Foods,Hormel Foods,cik:0000048465,0000048465,Consumer Staples,Packaged Foods & Meats,0000048465-20-000043,hrl-20201025.htm,10-K,2020-12-04,2020-10-25,2020,https://www.sec.gov/Archives/edgar/data/48465/000004846520000043/hrl-20201025.htm,2020/sp500_companies.csv,sample_2020,3,2020/sample_500/html/raw/0000048465/0000048465-20-000043.html,230
202,S2020-202,S2020-202,HST,HST,Host Hotels & Resorts,Host Hotels & Resorts,cik:0001070750,0001070750,Real Estate,Hotel & Resort REITs,0001564590-21-008676,hst-10k_20201231.htm,10-K,2021-02-25,2020-12-31,2020,https://www.sec.gov/Archives/edgar/data/1070750/000156459021008676/hst-10k_20201231.htm,2020/sp500_companies.csv,sample_2020,3,2020/sample_500/html/raw/0001070750/0001564590-21-008676.html,231
203,S2020-203,S2020-203,HWM,HWM,Howmet Aerospace,Howmet Aerospace,cik:0000004281,0000004281,Industrials,Aerospace & Defense,0000004281-21-000049,arnc-20201231.htm,10-K,2021-02-16,2020-12-31,2020,https://www.sec.gov/Archives/edgar/data/4281/000000428121000049/arnc-20201231.htm,2020/sp500_companies.csv,sample_2020,3,2020/sample_500/html/raw/0000004281/0000004281-21-000049.html,232
204,S2020-204,S2020-204,HUM,HUM,Humana,Humana,cik:0000049071,0000049071,Health Care,Managed Health Care,0000049071-21-000039,hum-20201231.htm,10-K,2021-02-18,2020-12-31,2020,https://www.sec.gov/Archives/edgar/data/49071/000004907121000039/hum-20201231.htm,2020/sp500_companies.csv,sample_2020,3,2020/sample_500/html/raw/0000049071/0000049071-21-000039.html,233
205,S2020-205,S2020-205,HBAN,HBAN,Huntington Bancshares,Huntington Bancshares,cik:0000049196,0000049196,Financials,Regional Banks,0000049196-21-000018,hban-20201231.htm,10-K,2021-02-26,2020-12-31,2020,https://www.sec.gov/Archives/edgar/data/49196/000004919621000018/hban-20201231.htm,2020/sp500_companies.csv,sample_2020,3,2020/sample_500/html/raw/0000049196/0000049196-21-000018.html,234
206,S2020-206,S2020-206,HII,HII,Huntington Ingalls Industries,Huntington Ingalls Industries,cik:0001501585,0001501585,Industrials,Aerospace & Defense,0001501585-21-000008,hii-20201231.htm,10-K,2021-02-11,2020-12-31,2020,https://www.sec.gov/Archives/edgar/data/1501585/000150158521000008/hii-20201231.htm,2020/sp500_companies.csv,sample_2020,3,2020/sample_500/html/raw/0001501585/0001501585-21-000008.html,235
207,S2020-207,S2020-207,IBM,IBM,IBM,IBM,cik:0000051143,0000051143,Information Technology,IT Consulting & Other Services,0001558370-21-001489,ibm-20201231x10k.htm,10-K,2021-02-23,2020-12-31,2020,https://www.sec.gov/Archives/edgar/data/51143/000155837021001489/ibm-20201231x10k.htm,2020/sp500_companies.csv,sample_2020,3,2020/sample_500/html/raw/0000051143/0001558370-21-001489.html,236
208,S2020-208,S2020-208,IEX,IEX,IDEX Corporation,IDEX Corporation,cik:0000832101,0000832101,Industrials,Industrial Machinery & Supplies & Components,0000832101-21-000017,iex-20201231.htm,10-K,2021-02-25,2020-12-31,2020,https://www.sec.gov/Archives/edgar/data/832101/000083210121000017/iex-20201231.htm,2020/sp500_companies.csv,sample_2020,3,2020/sample_500/html/raw/0000832101/0000832101-21-000017.html,237
209,S2020-209,S2020-209,IPGP,IPGP,IPG Photonics,IPG Photonics,cik:0001111928,0001111928,,,0001111928-21-000026,ipgp-20201231.htm,10-K,2021-02-22,2020-12-31,2020,https://www.sec.gov/Archives/edgar/data/1111928/000111192821000026/ipgp-20201231.htm,2020/sp500_companies.csv,sample_2020,3,2020/sample_500/html/raw/0001111928/0001111928-21-000026.html,239
210,S2020-210,S2020-210,IQV,IQV,IQVIA,IQVIA,cik:0001478242,0001478242,Health Care,Life Sciences Tools & Services,0001478242-21-000020,iqv-20201231.htm,10-K,2021-02-12,2020-12-31,2020,https://www.sec.gov/Archives/edgar/data/1478242/000147824221000020/iqv-20201231.htm,2020/sp500_companies.csv,sample_2020,3,2020/sample_500/html/raw/0001478242/0001478242-21-000020.html,240
211,S2020-211,S2020-211,IDXX,IDXX,Idexx Laboratories,Idexx Laboratories,cik:0000874716,0000874716,Health Care,Health Care Equipment,0000874716-21-000008,idxx-20201231.htm,10-K,2021-02-12,2020-12-31,2020,https://www.sec.gov/Archives/edgar/data/874716/000087471621000008/idxx-20201231.htm,2020/sp500_companies.csv,sample_2020,3,2020/sample_500/html/raw/0000874716/0000874716-21-000008.html,241
212,S2020-212,S2020-212,ITW,ITW,Illinois Tool Works,Illinois Tool Works,cik:0000049826,0000049826,Industrials,Industrial Machinery & Supplies & Components,0000049826-21-000007,itw-20201231.htm,10-K,2021-02-12,2020-12-31,2020,https://www.sec.gov/Archives/edgar/data/49826/000004982621000007/itw-20201231.htm,2020/sp500_companies.csv,sample_2020,3,2020/sample_500/html/raw/0000049826/0000049826-21-000007.html,242
213,S2020-213,S2020-213,INCY,INCY,Incyte,Incyte,cik:0000879169,0000879169,Health Care,Biotechnology,0001558370-21-000825,incy-20201231x10k.htm,10-K,2021-02-09,2020-12-31,2020,https://www.sec.gov/Archives/edgar/data/879169/000155837021000825/incy-20201231x10k.htm,2020/sp500_companies.csv,sample_2020,3,2020/sample_500/html/raw/0000879169/0001558370-21-000825.html,244
214,S2020-214,S2020-214,IR,IR,Ingersoll Rand,Ingersoll Rand,cik:0001699150,0001699150,Industrials,Industrial Machinery & Supplies & Components,0001628280-21-003454,gdi-20201231.htm,10-K,2021-02-26,2020-12-31,2020,https://www.sec.gov/Archives/edgar/data/1699150/000162828021003454/gdi-20201231.htm,2020/sp500_companies.csv,sample_2020,3,2020/sample_500/html/raw/0001699150/0001628280-21-003454.html,245
215,S2020-215,S2020-215,INTC,INTC,Intel,Intel,cik:0000050863,0000050863,Information Technology,Semiconductors,0000050863-21-000010,intc-20201226.htm,10-K,2021-01-22,2020-12-26,2020,https://www.sec.gov/Archives/edgar/data/50863/000005086321000010/intc-20201226.htm,2020/sp500_companies.csv,sample_2020,3,2020/sample_500/html/raw/0000050863/0000050863-21-000010.html,246
216,S2020-216,S2020-216,ICE,ICE,Intercontinental Exchange,Intercontinental Exchange,cik:0001571949,0001571949,Financials,Financial Exchanges & Data,0001571949-21-000003,ice-20201231.htm,10-K,2021-02-04,2020-12-31,2020,https://www.sec.gov/Archives/edgar/data/1571949/000157194921000003/ice-20201231.htm,2020/sp500_companies.csv,sample_2020,3,2020/sample_500/html/raw/0001571949/0001571949-21-000003.html,247
217,S2020-217,S2020-217,IFF,IFF,International Flavors & Fragrances,International Flavors & Fragrances,cik:0000051253,0000051253,Materials,Specialty Chemicals,0000051253-21-000011,iff-20201231.htm,10-K,2021-02-22,2020-12-31,2020,https://www.sec.gov/Archives/edgar/data/51253/000005125321000011/iff-20201231.htm,2020/sp500_companies.csv,sample_2020,3,2020/sample_500/html/raw/0000051253/0000051253-21-000011.html,248
218,S2020-218,S2020-218,IP,IP,International Paper,International Paper,cik:0000051434,0000051434,Materials,Paper & Plastic Packaging Products & Materials,0000051434-21-000012,ip-20201231.htm,10-K,2021-02-19,2020-12-31,2020,https://www.sec.gov/Archives/edgar/data/51434/000005143421000012/ip-20201231.htm,2020/sp500_companies.csv,sample_2020,3,2020/sample_500/html/raw/0000051434/0000051434-21-000012.html,249
219,S2020-219,S2020-219,INTU,INTU,Intuit,Intuit,cik:0000896878,0000896878,Information Technology,Application Software,0000896878-20-000148,fy20q410-kdocument.htm,10-K,2020-08-31,2020-07-31,2020,https://www.sec.gov/Archives/edgar/data/896878/000089687820000148/fy20q410-kdocument.htm,2020/sp500_companies.csv,sample_2020,3,2020/sample_500/html/raw/0000896878/0000896878-20-000148.html,251
220,S2020-220,S2020-220,ISRG,ISRG,Intuitive Surgical,Intuitive Surgical,cik:0001035267,0001035267,Health Care,Health Care Equipment,0001035267-21-000028,isrg-20201231.htm,10-K,2021-02-10,2020-12-31,2020,https://www.sec.gov/Archives/edgar/data/1035267/000103526721000028/isrg-20201231.htm,2020/sp500_companies.csv,sample_2020,3,2020/sample_500/html/raw/0001035267/0001035267-21-000028.html,252
221,S2020-221,S2020-221,IVZ,IVZ,Invesco,Invesco,cik:0000914208,0000914208,Financials,Asset Management & Custody Banks,0000914208-21-000331,ivz-20201231.htm,10-K,2021-02-19,2020-12-31,2020,https://www.sec.gov/Archives/edgar/data/914208/000091420821000331/ivz-20201231.htm,2020/sp500_companies.csv,sample_2020,3,2020/sample_500/html/raw/0000914208/0000914208-21-000331.html,253
222,S2020-222,S2020-222,IRM,IRM,Iron Mountain,Iron Mountain,cik:0001020569,0001020569,Real Estate,Other Specialized REITs,0001020569-21-000067,irm-20201231.htm,10-K,2021-02-24,2020-12-31,2020,https://www.sec.gov/Archives/edgar/data/1020569/000102056921000067/irm-20201231.htm,2020/sp500_companies.csv,sample_2020,3,2020/sample_500/html/raw/0001020569/0001020569-21-000067.html,254
223,S2020-223,S2020-223,JBHT,JBHT,J.B. Hunt,J.B. Hunt,cik:0000728535,0000728535,Industrials,Cargo Ground Transportation,0001437749-21-003667,jbht20201231_10k.htm,10-K,2021-02-23,2020-12-31,2020,https://www.sec.gov/Archives/edgar/data/728535/000143774921003667/jbht20201231_10k.htm,2020/sp500_companies.csv,sample_2020,3,2020/sample_500/html/raw/0000728535/0001437749-21-003667.html,255
224,S2020-224,S2020-224,SJM,SJM,J.M. Smucker Company (The),J.M. Smucker Company (The),cik:0000091419,0000091419,Consumer Staples,Packaged Foods & Meats,0000091419-20-000065,sjm-20200430.htm,10-K,2020-06-19,2020-04-30,2020,https://www.sec.gov/Archives/edgar/data/91419/000009141920000065/sjm-20200430.htm,2020/sp500_companies.csv,sample_2020,3,2020/sample_500/html/raw/0000091419/0000091419-20-000065.html,256
225,S2020-225,S2020-225,JPM,JPM,JPMorgan Chase,JPMorgan Chase,cik:0000019617,0000019617,Financials,Diversified Banks,0000019617-21-000236,jpm-20201231.htm,10-K,2021-02-23,2020-12-31,2020,https://www.sec.gov/Archives/edgar/data/19617/000001961721000236/jpm-20201231.htm,2020/sp500_companies.csv,sample_2020,3,2020/sample_500/html/raw/0000019617/0000019617-21-000236.html,257
226,S2020-226,S2020-226,JKHY,JKHY,Jack Henry & Associates,Jack Henry & Associates,cik:0000779152,0000779152,Financials,Transaction & Payment Processing Services,0000779152-20-000064,jkhy-20200630.htm,10-K,2020-08-25,2020-06-30,2020,https://www.sec.gov/Archives/edgar/data/779152/000077915220000064/jkhy-20200630.htm,2020/sp500_companies.csv,sample_2020,3,2020/sample_500/html/raw/0000779152/0000779152-20-000064.html,258
227,S2020-227,S2020-227,J,J,Jacobs Solutions,Jacobs Solutions,cik:0000052988,0000052988,Industrials,Construction & Engineering,0000052988-20-000070,jec-20201002.htm,10-K,2020-11-24,2020-10-02,2020,https://www.sec.gov/Archives/edgar/data/52988/000005298820000070/jec-20201002.htm,2020/sp500_companies.csv,sample_2020,3,2020/sample_500/html/raw/0000052988/0000052988-20-000070.html,259
228,S2020-228,S2020-228,JCI,JCI,Johnson Controls,Johnson Controls,cik:0000833444,0000833444,Industrials,Building Products,0000833444-20-000048,jci-20200930.htm,10-K,2020-11-16,2020-09-30,2020,https://www.sec.gov/Archives/edgar/data/833444/000083344420000048/jci-20200930.htm,2020/sp500_companies.csv,sample_2020,3,2020/sample_500/html/raw/0000833444/0000833444-20-000048.html,261
229,S2020-229,S2020-229,KLAC,KLAC,KLA Corporation,KLA Corporation,cik:0000319201,0000319201,Information Technology,Semiconductor Materials & Equipment,0000319201-20-000047,klac-20200630.htm,10-K,2020-08-07,2020-06-30,2020,https://www.sec.gov/Archives/edgar/data/319201/000031920120000047/klac-20200630.htm,2020/sp500_companies.csv,sample_2020,3,2020/sample_500/html/raw/0000319201/0000319201-20-000047.html,263
230,S2020-230,S2020-230,KEY,KEY,KeyCorp,KeyCorp,cik:0000091576,0000091576,Financials,Regional Banks,0000091576-21-000044,key-20201231.htm,10-K,2021-02-22,2020-12-31,2020,https://www.sec.gov/Archives/edgar/data/91576/000009157621000044/key-20201231.htm,2020/sp500_companies.csv,sample_2020,3,2020/sample_500/html/raw/0000091576/0000091576-21-000044.html,266
231,S2020-231,S2020-231,KEYS,KEYS,Keysight Technologies,Keysight Technologies,cik:0001601046,0001601046,Information Technology,Electronic Equipment & Instruments,0001601046-20-000154,keys-10312020x10k.htm,10-K,2020-12-17,2020-10-31,2020,https://www.sec.gov/Archives/edgar/data/1601046/000160104620000154/keys-10312020x10k.htm,2020/sp500_companies.csv,sample_2020,3,2020/sample_500/html/raw/0001601046/0001601046-20-000154.html,267
232,S2020-232,S2020-232,KMB,KMB,Kimberly-Clark,Kimberly-Clark,cik:0000055785,0000055785,Consumer Staples,Household Products,0000055785-21-000016,kmb-20201231.htm,10-K,2021-02-11,2020-12-31,2020,https://www.sec.gov/Archives/edgar/data/55785/000005578521000016/kmb-20201231.htm,2020/sp500_companies.csv,sample_2020,3,2020/sample_500/html/raw/0000055785/0000055785-21-000016.html,268
233,S2020-233,S2020-233,KIM,KIM,Kimco Realty,Kimco Realty,cik:0000879101,0000879101,Real Estate,Retail REITs,0001437749-21-003766,kim20201231_10k.htm,10-K,2021-02-23,2020-12-31,2020,https://www.sec.gov/Archives/edgar/data/879101/000143774921003766/kim20201231_10k.htm,2020/sp500_companies.csv,sample_2020,3,2020/sample_500/html/raw/0000879101/0001437749-21-003766.html,269
234,S2020-234,S2020-234,KMI,KMI,Kinder Morgan,Kinder Morgan,cik:0001506307,0001506307,Energy,Oil & Gas Storage & Transportation,0001506307-21-000022,kmi-20201231.htm,10-K,2021-02-05,2020-12-31,2020,https://www.sec.gov/Archives/edgar/data/1506307/000150630721000022/kmi-20201231.htm,2020/sp500_companies.csv,sample_2020,3,2020/sample_500/html/raw/0001506307/0001506307-21-000022.html,270
235,S2020-235,S2020-235,KHC,KHC,Kraft Heinz,Kraft Heinz,cik:0001637459,0001637459,Consumer Staples,Packaged Foods & Meats,0001637459-21-000009,khc-20201226.htm,10-K,2021-02-17,2020-12-26,2020,https://www.sec.gov/Archives/edgar/data/1637459/000163745921000009/khc-20201226.htm,2020/sp500_companies.csv,sample_2020,3,2020/sample_500/html/raw/0001637459/0001637459-21-000009.html,271
236,S2020-236,S2020-236,KR,KR,Kroger,Kroger,cik:0000056873,0000056873,Consumer Staples,Food Retail,0001558370-20-003501,kr-20200201x10k.htm,10-K,2020-04-01,2020-02-01,2020,https://www.sec.gov/Archives/edgar/data/56873/000155837020003501/kr-20200201x10k.htm,2020/sp500_companies.csv,sample_2020,3,2020/sample_500/html/raw/0000056873/0001558370-20-003501.html,272
237,S2020-237,S2020-237,LKQ,LKQ,LKQ Corporation,LKQ Corporation,cik:0001065696,0001065696,,,0001065696-21-000010,lkq-20201231.htm,10-K,2021-02-26,2020-12-31,2020,https://www.sec.gov/Archives/edgar/data/1065696/000106569621000010/lkq-20201231.htm,2020/sp500_companies.csv,sample_2020,3,2020/sample_500/html/raw/0001065696/0001065696-21-000010.html,274
238,S2020-238,S2020-238,LH,LH,Labcorp,Labcorp,cik:0000920148,0000920148,Health Care,Health Care Services,0000920148-21-000018,lh-20201231.htm,10-K,2021-02-25,2020-12-31,2020,https://www.sec.gov/Archives/edgar/data/920148/000092014821000018/lh-20201231.htm,2020/sp500_companies.csv,sample_2020,3,2020/sample_500/html/raw/0000920148/0000920148-21-000018.html,275
239,S2020-239,S2020-239,LRCX,LRCX,Lam Research,Lam Research,cik:0000707549,0000707549,Information Technology,Semiconductor Materials & Equipment,0000707549-20-000138,lrcx10k2020document.htm,10-K,2020-08-18,2020-06-28,2020,https://www.sec.gov/Archives/edgar/data/707549/000070754920000138/lrcx10k2020document.htm,2020/sp500_companies.csv,sample_2020,3,2020/sample_500/html/raw/0000707549/0000707549-20-000138.html,276
240,S2020-240,S2020-240,LW,LW,Lamb Weston,Lamb Weston,cik:0001679273,0001679273,,,0001558370-20-008501,lw-20200531x10k.htm,10-K,2020-07-28,2020-05-31,2020,https://www.sec.gov/Archives/edgar/data/1679273/000155837020008501/lw-20200531x10k.htm,2020/sp500_companies.csv,sample_2020,3,2020/sample_500/html/raw/0001679273/0001558370-20-008501.html,277
241,S2020-241,S2020-241,LVS,LVS,Las Vegas Sands,Las Vegas Sands,cik:0001300514,0001300514,Consumer Discretionary,Casinos & Gaming,0001300514-21-000033,lvs-20201231.htm,10-K,2021-02-05,2020-12-31,2020,https://www.sec.gov/Archives/edgar/data/1300514/000130051421000033/lvs-20201231.htm,2020/sp500_companies.csv,sample_2020,3,2020/sample_500/html/raw/0001300514/0001300514-21-000033.html,279
242,S2020-242,S2020-242,LEG,LEG,Leggett & Platt,Leggett & Platt,cik:0000058492,0000058492,,,0000058492-21-000005,leg-20201231.htm,10-K,2021-02-24,2020-12-31,2020,https://www.sec.gov/Archives/edgar/data/58492/000005849221000005/leg-20201231.htm,2020/sp500_companies.csv,sample_2020,3,2020/sample_500/html/raw/0000058492/0000058492-21-000005.html,280
243,S2020-243,S2020-243,LDOS,LDOS,Leidos,Leidos,cik:0001336920,0001336920,Industrials,Diversified Support Services,0001336920-20-000023,ldos01032020form10-k.htm,10-K,2020-02-18,2020-01-03,2020,https://www.sec.gov/Archives/edgar/data/1336920/000133692020000023/ldos01032020form10-k.htm,2020/sp500_companies.csv,sample_2020,3,2020/sample_500/html/raw/0001336920/0001336920-20-000023.html,281
244,S2020-244,S2020-244,LEN,LEN,Lennar,Lennar,cik:0000920760,0000920760,Consumer Discretionary,Homebuilding,0001628280-21-000722,len-20201130.htm,10-K,2021-01-22,2020-11-30,2020,https://www.sec.gov/Archives/edgar/data/920760/000162828021000722/len-20201130.htm,2020/sp500_companies.csv,sample_2020,3,2020/sample_500/html/raw/0000920760/0001628280-21-000722.html,282
245,S2020-245,S2020-245,LLY,LLY,Lilly (Eli),Lilly (Eli),cik:0000059478,0000059478,Health Care,Pharmaceuticals,0000059478-21-000083,lly-20201231.htm,10-K,2021-02-17,2020-12-31,2020,https://www.sec.gov/Archives/edgar/data/59478/000005947821000083/lly-20201231.htm,2020/sp500_companies.csv,sample_2020,3,2020/sample_500/html/raw/0000059478/0000059478-21-000083.html,283
246,S2020-246,S2020-246,LNC,LNC,Lincoln National Corporation,Lincoln National Corporation,cik:0000059558,0000059558,,,0000059558-21-000011,lnc-20201231x10k.htm,10-K,2021-02-18,2020-12-31,2020,https://www.sec.gov/Archives/edgar/data/59558/000005955821000011/lnc-20201231x10k.htm,2020/sp500_companies.csv,sample_2020,3,2020/sample_500/html/raw/0000059558/0000059558-21-000011.html,284
247,S2020-247,S2020-247,LIN,LIN,Linde plc,Linde plc,cik:0001707925,0001707925,Materials,Industrial Gases,0001628280-21-003574,lin-20201231.htm,10-K,2021-03-01,2020-12-31,2020,https://www.sec.gov/Archives/edgar/data/1707925/000162828021003574/lin-20201231.htm,2020/sp500_companies.csv,sample_2020,3,2020/sample_500/html/raw/0001707925/0001628280-21-003574.html,285
248,S2020-248,S2020-248,LYV,LYV,Live Nation Entertainment,Live Nation Entertainment,cik:0001335258,0001335258,Communication Services,Movies & Entertainment,0001335258-21-000009,lyv-20201231.htm,10-K,2021-03-01,2020-12-31,2020,https://www.sec.gov/Archives/edgar/data/1335258/000133525821000009/lyv-20201231.htm,2020/sp500_companies.csv,sample_2020,3,2020/sample_500/html/raw/0001335258/0001335258-21-000009.html,286
249,S2020-249,S2020-249,LMT,LMT,Lockheed Martin,Lockheed Martin,cik:0000936468,0000936468,Industrials,Aerospace & Defense,0000936468-21-000013,lmt-20201231.htm,10-K,2021-01-28,2020-12-31,2020,https://www.sec.gov/Archives/edgar/data/936468/000093646821000013/lmt-20201231.htm,2020/sp500_companies.csv,sample_2020,3,2020/sample_500/html/raw/0000936468/0000936468-21-000013.html,287
250,S2020-250,S2020-250,L,L,Loews Corporation,Loews Corporation,cik:0000060086,0000060086,Financials,Multi-line Insurance,0001140361-21-003906,brhc10019732_10k.htm,10-K,2021-02-09,2020-12-31,2020,https://www.sec.gov/Archives/edgar/data/60086/000114036121003906/brhc10019732_10k.htm,2020/sp500_companies.csv,sample_2020,3,2020/sample_500/html/raw/0000060086/0001140361-21-003906.html,288
251,S2020-251,S2020-251,LOW,LOW,Lowe's,Lowe's,cik:0000060667,0000060667,Consumer Discretionary,Home Improvement Retail,0000060667-20-000036,form10k01312020.htm,10-K,2020-03-23,2020-01-31,2020,https://www.sec.gov/Archives/edgar/data/60667/000006066720000036/form10k01312020.htm,2020/sp500_companies.csv,sample_2020,3,2020/sample_500/html/raw/0000060667/0000060667-20-000036.html,289
252,S2020-252,S2020-252,LUMN,LUMN,Lumen Technologies,Lumen Technologies,cik:0000018926,0000018926,,,0000018926-21-000017,ctl-20201231.htm,10-K,2021-02-25,2020-12-31,2020,https://www.sec.gov/Archives/edgar/data/18926/000001892621000017/ctl-20201231.htm,2020/sp500_companies.csv,sample_2020,3,2020/sample_500/html/raw/0000018926/0000018926-21-000017.html,290
253,S2020-253,S2020-253,LYB,LYB,LyondellBasell,LyondellBasell,cik:0001489393,0001489393,Materials,Specialty Chemicals,0001489393-21-000007,lyb-20201231.htm,10-K,2021-02-25,2020-12-31,2020,https://www.sec.gov/Archives/edgar/data/1489393/000148939321000007/lyb-20201231.htm,2020/sp500_companies.csv,sample_2020,3,2020/sample_500/html/raw/0001489393/0001489393-21-000007.html,291
254,S2020-254,S2020-254,MTB,MTB,M&T Bank,M&T Bank,cik:0000036270,0000036270,Financials,Regional Banks,0001564590-21-007188,mtb-10k_20201231.htm,10-K,2021-02-22,2020-12-31,2020,https://www.sec.gov/Archives/edgar/data/36270/000156459021007188/mtb-10k_20201231.htm,2020/sp500_companies.csv,sample_2020,3,2020/sample_500/html/raw/0000036270/0001564590-21-007188.html,292
255,S2020-255,S2020-255,MGM,MGM,MGM Resorts,MGM Resorts,cik:0000789570,0000789570,Consumer Discretionary,Casinos & Gaming,0001564590-21-009205,mgm-10k_20201231.htm,10-K,2021-02-26,2020-12-31,2020,https://www.sec.gov/Archives/edgar/data/789570/000156459021009205/mgm-10k_20201231.htm,2020/sp500_companies.csv,sample_2020,3,2020/sample_500/html/raw/0000789570/0001564590-21-009205.html,293
256,S2020-256,S2020-256,MSCI,MSCI,MSCI Inc.,MSCI Inc.,cik:0001408198,0001408198,Financials,Financial Exchanges & Data,0001564590-21-005811,msci-10k_20201231.htm,10-K,2021-02-12,2020-12-31,2020,https://www.sec.gov/Archives/edgar/data/1408198/000156459021005811/msci-10k_20201231.htm,2020/sp500_companies.csv,sample_2020,3,2020/sample_500/html/raw/0001408198/0001564590-21-005811.html,294
257,S2020-257,S2020-257,MPC,MPC,Marathon Petroleum,Marathon Petroleum,cik:0001510295,0001510295,Energy,Oil & Gas Refining & Marketing,0001510295-21-000027,mpc-20201231.htm,10-K,2021-02-26,2020-12-31,2020,https://www.sec.gov/Archives/edgar/data/1510295/000151029521000027/mpc-20201231.htm,2020/sp500_companies.csv,sample_2020,3,2020/sample_500/html/raw/0001510295/0001510295-21-000027.html,296
258,S2020-258,S2020-258,MKTX,MKTX,MarketAxess,MarketAxess,cik:0001278021,0001278021,,,0001564590-21-006981,mktx-10k_20201231.htm,10-K,2021-02-19,2020-12-31,2020,https://www.sec.gov/Archives/edgar/data/1278021/000156459021006981/mktx-10k_20201231.htm,2020/sp500_companies.csv,sample_2020,3,2020/sample_500/html/raw/0001278021/0001564590-21-006981.html,297
259,S2020-259,S2020-259,MAR,MAR,Marriott International,Marriott International,cik:0001048286,0001048286,Consumer Discretionary,"Hotels, Resorts & Cruise Lines",0001628280-21-002433,mar-20201231.htm,10-K,2021-02-18,2020-12-31,2020,https://www.sec.gov/Archives/edgar/data/1048286/000162828021002433/mar-20201231.htm,2020/sp500_companies.csv,sample_2020,3,2020/sample_500/html/raw/0001048286/0001628280-21-002433.html,298
260,S2020-260,S2020-260,MMC,MMC,Marsh & McLennan,Marsh & McLennan,cik:0000062709,0000062709,,,0000062709-21-000008,mmc-20201231.htm,10-K,2021-02-17,2020-12-31,2020,https://www.sec.gov/Archives/edgar/data/62709/000006270921000008/mmc-20201231.htm,2020/sp500_companies.csv,sample_2020,3,2020/sample_500/html/raw/0000062709/0000062709-21-000008.html,299
261,S2020-261,S2020-261,MLM,MLM,Martin Marietta Materials,Martin Marietta Materials,cik:0000916076,0000916076,Materials,Construction Materials,0001564590-21-006959,mlm-10k_20201231.htm,10-K,2021-02-19,2020-12-31,2020,https://www.sec.gov/Archives/edgar/data/916076/000156459021006959/mlm-10k_20201231.htm,2020/sp500_companies.csv,sample_2020,3,2020/sample_500/html/raw/0000916076/0001564590-21-006959.html,300
262,S2020-262,S2020-262,MAS,MAS,Masco,Masco,cik:0000062996,0000062996,Industrials,Building Products,0000062996-21-000008,mas-20201231.htm,10-K,2021-02-09,2020-12-31,2020,https://www.sec.gov/Archives/edgar/data/62996/000006299621000008/mas-20201231.htm,2020/sp500_companies.csv,sample_2020,3,2020/sample_500/html/raw/0000062996/0000062996-21-000008.html,301
263,S2020-263,S2020-263,MA,MA,Mastercard,Mastercard,cik:0001141391,0001141391,Financials,Transaction & Payment Processing Services,0001141391-21-000018,ma-20201231.htm,10-K,2021-02-12,2020-12-31,2020,https://www.sec.gov/Archives/edgar/data/1141391/000114139121000018/ma-20201231.htm,2020/sp500_companies.csv,sample_2020,3,2020/sample_500/html/raw/0001141391/0001141391-21-000018.html,302
264,S2020-264,S2020-264,MKC,MKC,McCormick & Company,McCormick & Company,cik:0000063754,0000063754,Consumer Staples,Packaged Foods & Meats,0000063754-21-000020,mkc-20201130.htm,10-K,2021-01-28,2020-11-30,2020,https://www.sec.gov/Archives/edgar/data/63754/000006375421000020/mkc-20201130.htm,2020/sp500_companies.csv,sample_2020,3,2020/sample_500/html/raw/0000063754/0000063754-21-000020.html,304
265,S2020-265,S2020-265,MCD,MCD,McDonald's,McDonald's,cik:0000063908,0000063908,Consumer Discretionary,Restaurants,0000063908-21-000013,mcd-20201231.htm,10-K,2021-02-23,2020-12-31,2020,https://www.sec.gov/Archives/edgar/data/63908/000006390821000013/mcd-20201231.htm,2020/sp500_companies.csv,sample_2020,3,2020/sample_500/html/raw/0000063908/0000063908-21-000013.html,305
266,S2020-266,S2020-266,MCK,MCK,McKesson Corporation,McKesson Corporation,cik:0000927653,0000927653,Health Care,Health Care Distributors,0000927653-20-000033,mck10k3312020.htm,10-K,2020-05-22,2020-03-31,2020,https://www.sec.gov/Archives/edgar/data/927653/000092765320000033/mck10k3312020.htm,2020/sp500_companies.csv,sample_2020,3,2020/sample_500/html/raw/0000927653/0000927653-20-000033.html,306
267,S2020-267,S2020-267,MDT,MDT,Medtronic,Medtronic,cik:0001613103,0001613103,Health Care,Health Care Equipment,0001613103-20-000021,mdt-20200424.htm,10-K,2020-06-19,2020-04-24,2020,https://www.sec.gov/Archives/edgar/data/1613103/000161310320000021/mdt-20200424.htm,2020/sp500_companies.csv,sample_2020,3,2020/sample_500/html/raw/0001613103/0001613103-20-000021.html,307
268,S2020-268,S2020-268,MRK,MRK,Merck & Co.,Merck & Co.,cik:0000310158,0000310158,Health Care,Pharmaceuticals,0000310158-21-000004,mrk-20201231.htm,10-K,2021-02-25,2020-12-31,2020,https://www.sec.gov/Archives/edgar/data/310158/000031015821000004/mrk-20201231.htm,2020/sp500_companies.csv,sample_2020,3,2020/sample_500/html/raw/0000310158/0000310158-21-000004.html,308
269,S2020-269,S2020-269,MET,MET,MetLife,MetLife,cik:0001099219,0001099219,Financials,Life & Health Insurance,0001099219-21-000050,met-20201231.htm,10-K,2021-02-19,2020-12-31,2020,https://www.sec.gov/Archives/edgar/data/1099219/000109921921000050/met-20201231.htm,2020/sp500_companies.csv,sample_2020,3,2020/sample_500/html/raw/0001099219/0001099219-21-000050.html,309
270,S2020-270,S2020-270,MTD,MTD,Mettler Toledo,Mettler Toledo,cik:0001037646,0001037646,Health Care,Life Sciences Tools & Services,0001037646-21-000008,mtd-20201231.htm,10-K,2021-02-08,2020-12-31,2020,https://www.sec.gov/Archives/edgar/data/1037646/000103764621000008/mtd-20201231.htm,2020/sp500_companies.csv,sample_2020,3,2020/sample_500/html/raw/0001037646/0001037646-21-000008.html,310
271,S2020-271,S2020-271,MCHP,MCHP,Microchip Technology,Microchip Technology,cik:0000827054,0000827054,Information Technology,Semiconductors,0000827054-20-000119,a2020-03x3110k.htm,10-K,2020-05-22,2020-03-31,2020,https://www.sec.gov/Archives/edgar/data/827054/000082705420000119/a2020-03x3110k.htm,2020/sp500_companies.csv,sample_2020,3,2020/sample_500/html/raw/0000827054/0000827054-20-000119.html,311
272,S2020-272,S2020-272,MU,MU,Micron Technology,Micron Technology,cik:0000723125,0000723125,Information Technology,Semiconductors,0000723125-20-000082,mu-20200903.htm,10-K,2020-10-19,2020-09-03,2020,https://www.sec.gov/Archives/edgar/data/723125/000072312520000082/mu-20200903.htm,2020/sp500_companies.csv,sample_2020,3,2020/sample_500/html/raw/0000723125/0000723125-20-000082.html,312
273,S2020-273,S2020-273,MSFT,MSFT,Microsoft,Microsoft,cik:0000789019,0000789019,Information Technology,Systems Software,0001564590-20-034944,msft-10k_20200630.htm,10-K,2020-07-30,2020-06-30,2020,https://www.sec.gov/Archives/edgar/data/789019/000156459020034944/msft-10k_20200630.htm,2020/sp500_companies.csv,sample_2020,3,2020/sample_500/html/raw/0000789019/0001564590-20-034944.html,313
274,S2020-274,S2020-274,MAA,MAA,Mid-America Apartment Communities,Mid-America Apartment Communities,cik:0000912595,0000912595,Real Estate,Multi-Family Residential REITs,0001564590-21-006666,maa-10k_20201231.htm,10-K,2021-02-18,2020-12-31,2020,https://www.sec.gov/Archives/edgar/data/912595/000156459021006666/maa-10k_20201231.htm,2020/sp500_companies.csv,sample_2020,3,2020/sample_500/html/raw/0000912595/0001564590-21-006666.html,314
275,S2020-275,S2020-275,MHK,MHK,Mohawk Industries,Mohawk Industries,cik:0000851968,0000851968,,,0000851968-21-000019,mhk-20201231.htm,10-K,2021-02-24,2020-12-31,2020,https://www.sec.gov/Archives/edgar/data/851968/000085196821000019/mhk-20201231.htm,2020/sp500_companies.csv,sample_2020,3,2020/sample_500/html/raw/0000851968/0000851968-21-000019.html,315
276,S2020-276,S2020-276,TAP,TAP,Molson Coors Beverage Company,Molson Coors Beverage Company,cik:0000024545,0000024545,Consumer Staples,Brewers,0000024545-21-000004,tap-20201231.htm,10-K,2021-02-11,2020-12-31,2020,https://www.sec.gov/Archives/edgar/data/24545/000002454521000004/tap-20201231.htm,2020/sp500_companies.csv,sample_2020,3,2020/sample_500/html/raw/0000024545/0000024545-21-000004.html,316
277,S2020-277,S2020-277,MDLZ,MDLZ,Mondelez International,Mondelez International,cik:0001103982,0001103982,Consumer Staples,Packaged Foods & Meats,0001103982-21-000004,mdlz-20201231.htm,10-K,2021-02-05,2020-12-31,2020,https://www.sec.gov/Archives/edgar/data/1103982/000110398221000004/mdlz-20201231.htm,2020/sp500_companies.csv,sample_2020,3,2020/sample_500/html/raw/0001103982/0001103982-21-000004.html,317
278,S2020-278,S2020-278,MNST,MNST,Monster Beverage,Monster Beverage,cik:0000865752,0000865752,Consumer Staples,Soft Drinks & Non-alcoholic Beverages,0001104659-21-029943,mnst-20201231x10k.htm,10-K,2021-03-01,2020-12-31,2020,https://www.sec.gov/Archives/edgar/data/865752/000110465921029943/mnst-20201231x10k.htm,2020/sp500_companies.csv,sample_2020,3,2020/sample_500/html/raw/0000865752/0001104659-21-029943.html,318
279,S2020-279,S2020-279,MCO,MCO,Moody's Corporation,Moody's Corporation,cik:0001059556,0001059556,Financials,Financial Exchanges & Data,0001059556-21-000010,mco-20201231.htm,10-K,2021-02-22,2020-12-31,2020,https://www.sec.gov/Archives/edgar/data/1059556/000105955621000010/mco-20201231.htm,2020/sp500_companies.csv,sample_2020,3,2020/sample_500/html/raw/0001059556/0001059556-21-000010.html,319
280,S2020-280,S2020-280,MS,MS,Morgan Stanley,Morgan Stanley,cik:0000895421,0000895421,Financials,Investment Banking & Brokerage,0000895421-21-000286,ms-20201231.htm,10-K,2021-02-26,2020-12-31,2020,https://www.sec.gov/Archives/edgar/data/895421/000089542121000286/ms-20201231.htm,2020/sp500_companies.csv,sample_2020,3,2020/sample_500/html/raw/0000895421/0000895421-21-000286.html,320
281,S2020-281,S2020-281,MOS,MOS,Mosaic Company (The),Mosaic Company (The),cik:0001285785,0001285785,Materials,Fertilizers & Agricultural Chemicals,0001618034-21-000003,mos-20201231.htm,10-K,2021-02-22,2020-12-31,2020,https://www.sec.gov/Archives/edgar/data/1285785/000161803421000003/mos-20201231.htm,2020/sp500_companies.csv,sample_2020,3,2020/sample_500/html/raw/0001285785/0001618034-21-000003.html,321
282,S2020-282,S2020-282,MSI,MSI,Motorola Solutions,Motorola Solutions,cik:0000068505,0000068505,Information Technology,Communications Equipment,0000068505-21-000008,msi-20201231.htm,10-K,2021-02-12,2020-12-31,2020,https://www.sec.gov/Archives/edgar/data/68505/000006850521000008/msi-20201231.htm,2020/sp500_companies.csv,sample_2020,3,2020/sample_500/html/raw/0000068505/0000068505-21-000008.html,322
283,S2020-283,S2020-283,NRG,NRG,NRG Energy,NRG Energy,cik:0001013871,0001013871,Utilities,Independent Power Producers & Energy Traders,0001013871-21-000005,nrg-20201231.htm,10-K,2021-03-01,2020-12-31,2020,https://www.sec.gov/Archives/edgar/data/1013871/000101387121000005/nrg-20201231.htm,2020/sp500_companies.csv,sample_2020,3,2020/sample_500/html/raw/0001013871/0001013871-21-000005.html,323
284,S2020-284,S2020-284,NVR,NVR,"NVR, Inc.","NVR, Inc.",cik:0000906163,0000906163,Consumer Discretionary,Homebuilding,0000906163-21-000017,nvr-20201231.htm,10-K,2021-02-12,2020-12-31,2020,https://www.sec.gov/Archives/edgar/data/906163/000090616321000017/nvr-20201231.htm,2020/sp500_companies.csv,sample_2020,3,2020/sample_500/html/raw/0000906163/0000906163-21-000017.html,324
285,S2020-285,S2020-285,NDAQ,NDAQ,"Nasdaq, Inc.","Nasdaq, Inc.",cik:0001120193,0001120193,Financials,Financial Exchanges & Data,0001120193-21-000011,ndaq-20201231.htm,10-K,2021-02-23,2020-12-31,2020,https://www.sec.gov/Archives/edgar/data/1120193/000112019321000011/ndaq-20201231.htm,2020/sp500_companies.csv,sample_2020,3,2020/sample_500/html/raw/0001120193/0001120193-21-000011.html,325
286,S2020-286,S2020-286,NTAP,NTAP,NetApp,NetApp,cik:0001002047,0001002047,Information Technology,"Technology Hardware, Storage & Peripherals",0001564590-20-029349,ntap-10k_20200424.htm,10-K,2020-06-15,2020-04-24,2020,https://www.sec.gov/Archives/edgar/data/1002047/000156459020029349/ntap-10k_20200424.htm,2020/sp500_companies.csv,sample_2020,3,2020/sample_500/html/raw/0001002047/0001564590-20-029349.html,326
287,S2020-287,S2020-287,NFLX,NFLX,Netflix,Netflix,cik:0001065280,0001065280,Communication Services,Movies & Entertainment,0001065280-21-000040,nflx-20201231.htm,10-K,2021-01-28,2020-12-31,2020,https://www.sec.gov/Archives/edgar/data/1065280/000106528021000040/nflx-20201231.htm,2020/sp500_companies.csv,sample_2020,3,2020/sample_500/html/raw/0001065280/0001065280-21-000040.html,327
288,S2020-288,S2020-288,NWL,NWL,Newell Brands,Newell Brands,cik:0000814453,0000814453,,,0000814453-21-000050,nwl-20201231.htm,10-K,2021-02-19,2020-12-31,2020,https://www.sec.gov/Archives/edgar/data/814453/000081445321000050/nwl-20201231.htm,2020/sp500_companies.csv,sample_2020,3,2020/sample_500/html/raw/0000814453/0000814453-21-000050.html,328
289,S2020-289,S2020-289,NEM,NEM,Newmont,Newmont,cik:0001164727,0001164727,Materials,Gold,0001164727-21-000027,nem-20201231.htm,10-K,2021-02-18,2020-12-31,2020,https://www.sec.gov/Archives/edgar/data/1164727/000116472721000027/nem-20201231.htm,2020/sp500_companies.csv,sample_2020,3,2020/sample_500/html/raw/0001164727/0001164727-21-000027.html,329
290,S2020-290,S2020-290,NWSA|NWS,NWSA|NWS,News Corp (Class A)|News Corp (Class B),News Corp (Class A)|News Corp (Class B),cik:0001564708,0001564708,Communication Services,Publishing,0001564708-20-000022,nws-20200630.htm,10-K,2020-08-11,2020-06-30,2020,https://www.sec.gov/Archives/edgar/data/1564708/000156470820000022/nws-20200630.htm,2020/sp500_companies.csv,sample_2020,3,2020/sample_500/html/raw/0001564708/0001564708-20-000022.html,330
291,S2020-291,S2020-291,NEE,NEE,NextEra Energy,NextEra Energy,cik:0000753308,0000753308,Utilities,Multi-Utilities,0000753308-21-000014,nee-20201231.htm,10-K,2021-02-12,2020-12-31,2020,https://www.sec.gov/Archives/edgar/data/753308/000075330821000014/nee-20201231.htm,2020/sp500_companies.csv,sample_2020,3,2020/sample_500/html/raw/0000753308/0000753308-21-000014.html,331
292,S2020-292,S2020-292,NI,NI,NiSource,NiSource,cik:0001111711,0001111711,Utilities,Multi-Utilities,0001111711-21-000010,nix-20201231.htm,10-K,2021-02-17,2020-12-31,2020,https://www.sec.gov/Archives/edgar/data/1111711/000111171121000010/nix-20201231.htm,2020/sp500_companies.csv,sample_2020,3,2020/sample_500/html/raw/0001111711/0001111711-21-000010.html,332
293,S2020-293,S2020-293,NKE,NKE,"Nike, Inc.","Nike, Inc.",cik:0000320187,0000320187,Consumer Discretionary,"Apparel, Accessories & Luxury Goods",0000320187-20-000047,nke-531202010k.htm,10-K,2020-07-24,2020-05-31,2020,https://www.sec.gov/Archives/edgar/data/320187/000032018720000047/nke-531202010k.htm,2020/sp500_companies.csv,sample_2020,3,2020/sample_500/html/raw/0000320187/0000320187-20-000047.html,334
294,S2020-294,S2020-294,NSC,NSC,Norfolk Southern,Norfolk Southern,cik:0000702165,0000702165,Industrials,Rail Transportation,0000702165-21-000006,nsc-20201231.htm,10-K,2021-02-04,2020-12-31,2020,https://www.sec.gov/Archives/edgar/data/702165/000070216521000006/nsc-20201231.htm,2020/sp500_companies.csv,sample_2020,3,2020/sample_500/html/raw/0000702165/0000702165-21-000006.html,335
295,S2020-295,S2020-295,NTRS,NTRS,Northern Trust,Northern Trust,cik:0000073124,0000073124,Financials,Asset Management & Custody Banks,0000073124-21-000071,ntrs-20201231.htm,10-K,2021-02-23,2020-12-31,2020,https://www.sec.gov/Archives/edgar/data/73124/000007312421000071/ntrs-20201231.htm,2020/sp500_companies.csv,sample_2020,3,2020/sample_500/html/raw/0000073124/0000073124-21-000071.html,336
296,S2020-296,S2020-296,NOC,NOC,Northrop Grumman,Northrop Grumman,cik:0001133421,0001133421,Industrials,Aerospace & Defense,0001133421-21-000006,noc-20201231.htm,10-K,2021-01-28,2020-12-31,2020,https://www.sec.gov/Archives/edgar/data/1133421/000113342121000006/noc-20201231.htm,2020/sp500_companies.csv,sample_2020,3,2020/sample_500/html/raw/0001133421/0001133421-21-000006.html,337
297,S2020-297,S2020-297,NLOK,NLOK,NortonLifeLock,NortonLifeLock,cik:0000849399,0000849399,,,0000849399-20-000004,nlokfy2010-k.htm,10-K,2020-05-28,2020-04-03,2020,https://www.sec.gov/Archives/edgar/data/849399/000084939920000004/nlokfy2010-k.htm,2020/sp500_companies.csv,sample_2020,3,2020/sample_500/html/raw/0000849399/0000849399-20-000004.html,338
298,S2020-298,S2020-298,NCLH,NCLH,Norwegian Cruise Line Holdings,Norwegian Cruise Line Holdings,cik:0001513761,0001513761,Consumer Discretionary,"Hotels, Resorts & Cruise Lines",0001558370-21-001998,nclh-20201231x10k.htm,10-K,2021-02-26,2020-12-31,2020,https://www.sec.gov/Archives/edgar/data/1513761/000155837021001998/nclh-20201231x10k.htm,2020/sp500_companies.csv,sample_2020,3,2020/sample_500/html/raw/0001513761/0001558370-21-001998.html,339
299,S2020-299,S2020-299,NOV,NOV,Nov,Nov,cik:0001021860,0001021860,,,0001564590-21-005708,nov-10k_20201231.htm,10-K,2021-02-12,2020-12-31,2020,https://www.sec.gov/Archives/edgar/data/1021860/000156459021005708/nov-10k_20201231.htm,2020/sp500_companies.csv,sample_2020,3,2020/sample_500/html/raw/0001021860/0001564590-21-005708.html,340
300,S2020-300,S2020-300,NUE,NUE,Nucor,Nucor,cik:0000073309,0000073309,Materials,Steel,0001564590-21-009503,nue-10k_20201231.htm,10-K,2021-02-26,2020-12-31,2020,https://www.sec.gov/Archives/edgar/data/73309/000156459021009503/nue-10k_20201231.htm,2020/sp500_companies.csv,sample_2020,3,2020/sample_500/html/raw/0000073309/0001564590-21-009503.html,341
301,S2020-301,S2020-301,NVDA,NVDA,Nvidia,Nvidia,cik:0001045810,0001045810,Information Technology,Semiconductors,0001045810-20-000010,nvda-2020x10k.htm,10-K,2020-02-20,2020-01-26,2020,https://www.sec.gov/Archives/edgar/data/1045810/000104581020000010/nvda-2020x10k.htm,2020/sp500_companies.csv,sample_2020,4,2020/sample_500/html/raw/0001045810/0001045810-20-000010.html,342
302,S2020-302,S2020-302,OXY,OXY,Occidental Petroleum,Occidental Petroleum,cik:0000797468,0000797468,Energy,Oil & Gas Exploration & Production,0000797468-21-000009,oxy-20201231.htm,10-K,2021-02-26,2020-12-31,2020,https://www.sec.gov/Archives/edgar/data/797468/000079746821000009/oxy-20201231.htm,2020/sp500_companies.csv,sample_2020,4,2020/sample_500/html/raw/0000797468/0000797468-21-000009.html,343
303,S2020-303,S2020-303,ODFL,ODFL,Old Dominion,Old Dominion,cik:0000878927,0000878927,Industrials,Cargo Ground Transportation,0001564590-21-008056,odfl-10k_20201231.htm,10-K,2021-02-24,2020-12-31,2020,https://www.sec.gov/Archives/edgar/data/878927/000156459021008056/odfl-10k_20201231.htm,2020/sp500_companies.csv,sample_2020,4,2020/sample_500/html/raw/0000878927/0001564590-21-008056.html,344
304,S2020-304,S2020-304,OMC,OMC,Omnicom Group,Omnicom Group,cik:0000029989,0000029989,Communication Services,Advertising,0000029989-21-000004,omc-20201231.htm,10-K,2021-02-18,2020-12-31,2020,https://www.sec.gov/Archives/edgar/data/29989/000002998921000004/omc-20201231.htm,2020/sp500_companies.csv,sample_2020,4,2020/sample_500/html/raw/0000029989/0000029989-21-000004.html,345
305,S2020-305,S2020-305,OKE,OKE,Oneok,Oneok,cik:0001039684,0001039684,Energy,Oil & Gas Storage & Transportation,0001039684-21-000015,oke-20201231.htm,10-K,2021-02-23,2020-12-31,2020,https://www.sec.gov/Archives/edgar/data/1039684/000103968421000015/oke-20201231.htm,2020/sp500_companies.csv,sample_2020,4,2020/sample_500/html/raw/0001039684/0001039684-21-000015.html,346
306,S2020-306,S2020-306,ORCL,ORCL,Oracle Corporation,Oracle Corporation,cik:0001341439,0001341439,Information Technology,Application Software,0001564590-20-030125,orcl-10k_20200531.htm,10-K,2020-06-22,2020-05-31,2020,https://www.sec.gov/Archives/edgar/data/1341439/000156459020030125/orcl-10k_20200531.htm,2020/sp500_companies.csv,sample_2020,4,2020/sample_500/html/raw/0001341439/0001564590-20-030125.html,347
307,S2020-307,S2020-307,OTIS,OTIS,Otis Worldwide,Otis Worldwide,cik:0001781335,0001781335,Industrials,Industrial Machinery & Supplies & Components,0001781335-21-000023,otis-20201231.htm,10-K,2021-02-05,2020-12-31,2020,https://www.sec.gov/Archives/edgar/data/1781335/000178133521000023/otis-20201231.htm,2020/sp500_companies.csv,sample_2020,4,2020/sample_500/html/raw/0001781335/0001781335-21-000023.html,348
308,S2020-308,S2020-308,ORLY,ORLY,O’Reilly Automotive,O’Reilly Automotive,cik:0000898173,0000898173,Consumer Discretionary,Automotive Retail,0000898173-21-000012,orly-20201231x10k.htm,10-K,2021-02-26,2020-12-31,2020,https://www.sec.gov/Archives/edgar/data/898173/000089817321000012/orly-20201231x10k.htm,2020/sp500_companies.csv,sample_2020,4,2020/sample_500/html/raw/0000898173/0000898173-21-000012.html,349
309,S2020-309,S2020-309,PNC,PNC,PNC Financial Services,PNC Financial Services,cik:0000713676,0000713676,Financials,Diversified Banks,0000713676-21-000025,pnc-20201231.htm,10-K,2021-02-26,2020-12-31,2020,https://www.sec.gov/Archives/edgar/data/713676/000071367621000025/pnc-20201231.htm,2020/sp500_companies.csv,sample_2020,4,2020/sample_500/html/raw/0000713676/0000713676-21-000025.html,350
310,S2020-310,S2020-310,PPG,PPG,PPG Industries,PPG Industries,cik:0000079879,0000079879,Materials,Specialty Chemicals,0000079879-21-000008,ppg-20201231.htm,10-K,2021-02-18,2020-12-31,2020,https://www.sec.gov/Archives/edgar/data/79879/000007987921000008/ppg-20201231.htm,2020/sp500_companies.csv,sample_2020,4,2020/sample_500/html/raw/0000079879/0000079879-21-000008.html,351
311,S2020-311,S2020-311,PPL,PPL,PPL Corporation,PPL Corporation,cik:0000922224,0000922224,Utilities,Electric Utilities,0000922224-21-000006,ppl-20201231.htm,10-K,2021-02-18,2020-12-31,2020,https://www.sec.gov/Archives/edgar/data/922224/000092222421000006/ppl-20201231.htm,2020/sp500_companies.csv,sample_2020,4,2020/sample_500/html/raw/0000922224/0000922224-21-000006.html,352
312,S2020-312,S2020-312,PVH,PVH,PVH,PVH,cik:0000078239,0000078239,,,0000078239-20-000023,pvh10k2019.htm,10-K,2020-04-01,2020-02-02,2020,https://www.sec.gov/Archives/edgar/data/78239/000007823920000023/pvh10k2019.htm,2020/sp500_companies.csv,sample_2020,4,2020/sample_500/html/raw/0000078239/0000078239-20-000023.html,353
313,S2020-313,S2020-313,PCAR,PCAR,Paccar,Paccar,cik:0000075362,0000075362,Industrials,Construction Machinery & Heavy Transportation Equipment,0001564590-21-006370,pcar-10k_20201231.htm,10-K,2021-02-17,2020-12-31,2020,https://www.sec.gov/Archives/edgar/data/75362/000156459021006370/pcar-10k_20201231.htm,2020/sp500_companies.csv,sample_2020,4,2020/sample_500/html/raw/0000075362/0001564590-21-006370.html,354
314,S2020-314,S2020-314,PKG,PKG,Packaging Corporation of America,Packaging Corporation of America,cik:0000075677,0000075677,Materials,Paper & Plastic Packaging Products & Materials,0001564590-21-008051,pkg-10k_20201231.htm,10-K,2021-02-24,2020-12-31,2020,https://www.sec.gov/Archives/edgar/data/75677/000156459021008051/pkg-10k_20201231.htm,2020/sp500_companies.csv,sample_2020,4,2020/sample_500/html/raw/0000075677/0001564590-21-008051.html,355
315,S2020-315,S2020-315,PH,PH,Parker Hannifin,Parker Hannifin,cik:0000076334,0000076334,Industrials,Industrial Machinery & Supplies & Components,0000076334-20-000099,ph630202010-k.htm,10-K,2020-08-26,2020-06-30,2020,https://www.sec.gov/Archives/edgar/data/76334/000007633420000099/ph630202010-k.htm,2020/sp500_companies.csv,sample_2020,4,2020/sample_500/html/raw/0000076334/0000076334-20-000099.html,356
316,S2020-316,S2020-316,PYPL,PYPL,PayPal,PayPal,cik:0001633917,0001633917,Financials,Transaction & Payment Processing Services,0001633917-21-000018,pypl-20201231.htm,10-K,2021-02-05,2020-12-31,2020,https://www.sec.gov/Archives/edgar/data/1633917/000163391721000018/pypl-20201231.htm,2020/sp500_companies.csv,sample_2020,4,2020/sample_500/html/raw/0001633917/0001633917-21-000018.html,357
317,S2020-317,S2020-317,PAYX,PAYX,Paychex,Paychex,cik:0000723531,0000723531,Industrials,Human Resource & Employment Services,0000723531-20-000048,payx-20200531x10k.htm,10-K,2020-07-17,2020-05-31,2020,https://www.sec.gov/Archives/edgar/data/723531/000072353120000048/payx-20200531x10k.htm,2020/sp500_companies.csv,sample_2020,4,2020/sample_500/html/raw/0000723531/0000723531-20-000048.html,358
318,S2020-318,S2020-318,PAYC,PAYC,Paycom,Paycom,cik:0001590955,0001590955,,,0001564590-21-006660,payc-10k_20201231.htm,10-K,2021-02-18,2020-12-31,2020,https://www.sec.gov/Archives/edgar/data/1590955/000156459021006660/payc-10k_20201231.htm,2020/sp500_companies.csv,sample_2020,4,2020/sample_500/html/raw/0001590955/0001564590-21-006660.html,359
319,S2020-319,S2020-319,PNR,PNR,Pentair,Pentair,cik:0000077360,0000077360,Industrials,Industrial Machinery & Supplies & Components,0000077360-21-000005,pnr-20201231.htm,10-K,2021-02-16,2020-12-31,2020,https://www.sec.gov/Archives/edgar/data/77360/000007736021000005/pnr-20201231.htm,2020/sp500_companies.csv,sample_2020,4,2020/sample_500/html/raw/0000077360/0000077360-21-000005.html,360
320,S2020-320,S2020-320,PEP,PEP,PepsiCo,PepsiCo,cik:0000077476,0000077476,Consumer Staples,Soft Drinks & Non-alcoholic Beverages,0000077476-21-000007,pep-20201226.htm,10-K,2021-02-11,2020-12-26,2020,https://www.sec.gov/Archives/edgar/data/77476/000007747621000007/pep-20201226.htm,2020/sp500_companies.csv,sample_2020,4,2020/sample_500/html/raw/0000077476/0000077476-21-000007.html,362
321,S2020-321,S2020-321,PRGO,PRGO,Perrigo,Perrigo,cik:0001585364,0001585364,,,0001585364-21-000012,prgo-20201231.htm,10-K,2021-03-01,2020-12-31,2020,https://www.sec.gov/Archives/edgar/data/1585364/000158536421000012/prgo-20201231.htm,2020/sp500_companies.csv,sample_2020,4,2020/sample_500/html/raw/0001585364/0001585364-21-000012.html,364
322,S2020-322,S2020-322,PFE,PFE,Pfizer,Pfizer,cik:0000078003,0000078003,Health Care,Pharmaceuticals,0000078003-21-000038,pfe-20201231.htm,10-K,2021-02-25,2020-12-31,2020,https://www.sec.gov/Archives/edgar/data/78003/000007800321000038/pfe-20201231.htm,2020/sp500_companies.csv,sample_2020,4,2020/sample_500/html/raw/0000078003/0000078003-21-000038.html,365
323,S2020-323,S2020-323,PM,PM,Philip Morris International,Philip Morris International,cik:0001413329,0001413329,Consumer Staples,Tobacco,0001413329-21-000007,pm-20201231.htm,10-K,2021-02-09,2020-12-31,2020,https://www.sec.gov/Archives/edgar/data/1413329/000141332921000007/pm-20201231.htm,2020/sp500_companies.csv,sample_2020,4,2020/sample_500/html/raw/0001413329/0001413329-21-000007.html,366
324,S2020-324,S2020-324,PSX,PSX,Phillips 66,Phillips 66,cik:0001534701,0001534701,Energy,Oil & Gas Refining & Marketing,0001534701-21-000074,psx-20201231.htm,10-K,2021-02-24,2020-12-31,2020,https://www.sec.gov/Archives/edgar/data/1534701/000153470121000074/psx-20201231.htm,2020/sp500_companies.csv,sample_2020,4,2020/sample_500/html/raw/0001534701/0001534701-21-000074.html,367
325,S2020-325,S2020-325,PNW,PNW,Pinnacle West Capital,Pinnacle West Capital,cik:0000764622,0000764622,Utilities,Multi-Utilities,0000764622-21-000013,pnw-20201231.htm,10-K,2021-02-24,2020-12-31,2020,https://www.sec.gov/Archives/edgar/data/764622/000076462221000013/pnw-20201231.htm,2020/sp500_companies.csv,sample_2020,4,2020/sample_500/html/raw/0000764622/0000764622-21-000013.html,368
326,S2020-326,S2020-326,POOL,POOL,Pool Corporation,Pool Corporation,cik:0000945841,0000945841,,,0000945841-21-000022,pool-20201231.htm,10-K,2021-02-25,2020-12-31,2020,https://www.sec.gov/Archives/edgar/data/945841/000094584121000022/pool-20201231.htm,2020/sp500_companies.csv,sample_2020,4,2020/sample_500/html/raw/0000945841/0000945841-21-000022.html,370
327,S2020-327,S2020-327,PFG,PFG,Principal Financial Group,Principal Financial Group,cik:0001126328,0001126328,Financials,Life & Health Insurance,0001104659-21-022074,pfg-20201231x10k.htm,10-K,2021-02-12,2020-12-31,2020,https://www.sec.gov/Archives/edgar/data/1126328/000110465921022074/pfg-20201231x10k.htm,2020/sp500_companies.csv,sample_2020,4,2020/sample_500/html/raw/0001126328/0001104659-21-022074.html,371
328,S2020-328,S2020-328,PG,PG,Procter & Gamble,Procter & Gamble,cik:0000080424,0000080424,Consumer Staples,Personal Care Products,0000080424-20-000053,pg-20200630.htm,10-K,2020-08-06,2020-06-30,2020,https://www.sec.gov/Archives/edgar/data/80424/000008042420000053/pg-20200630.htm,2020/sp500_companies.csv,sample_2020,4,2020/sample_500/html/raw/0000080424/0000080424-20-000053.html,372
329,S2020-329,S2020-329,PGR,PGR,Progressive Corporation,Progressive Corporation,cik:0000080661,0000080661,Financials,Property & Casualty Insurance,0000080661-21-000014,pgr-20201231.htm,10-K,2021-03-01,2020-12-31,2020,https://www.sec.gov/Archives/edgar/data/80661/000008066121000014/pgr-20201231.htm,2020/sp500_companies.csv,sample_2020,4,2020/sample_500/html/raw/0000080661/0000080661-21-000014.html,373
330,S2020-330,S2020-330,PLD,PLD,Prologis,Prologis,cik:0001045609,0001045609,Real Estate,Industrial REITs,0001564590-21-005312,pld-10k_20201231.htm,10-K,2021-02-11,2020-12-31,2020,https://www.sec.gov/Archives/edgar/data/1045609/000156459021005312/pld-10k_20201231.htm,2020/sp500_companies.csv,sample_2020,4,2020/sample_500/html/raw/0001045609/0001564590-21-005312.html,374
331,S2020-331,S2020-331,PRU,PRU,Prudential Financial,Prudential Financial,cik:0001137774,0001137774,Financials,Life & Health Insurance,0001137774-21-000049,pru-20201231.htm,10-K,2021-02-19,2020-12-31,2020,https://www.sec.gov/Archives/edgar/data/1137774/000113777421000049/pru-20201231.htm,2020/sp500_companies.csv,sample_2020,4,2020/sample_500/html/raw/0001137774/0001137774-21-000049.html,375
332,S2020-332,S2020-332,PEG,PEG,Public Service Enterprise Group,Public Service Enterprise Group,cik:0000788784,0000788784,Utilities,Electric Utilities,0000788784-21-000007,pseg-20201231.htm,10-K,2021-03-01,2020-12-31,2020,https://www.sec.gov/Archives/edgar/data/788784/000078878421000007/pseg-20201231.htm,2020/sp500_companies.csv,sample_2020,4,2020/sample_500/html/raw/0000788784/0000788784-21-000007.html,376
333,S2020-333,S2020-333,PSA,PSA,Public Storage,Public Storage,cik:0001393311,0001393311,Real Estate,Self-Storage REITs,0001562762-21-000058,psa-20201231x10k.htm,10-K,2021-02-24,2020-12-31,2020,https://www.sec.gov/Archives/edgar/data/1393311/000156276221000058/psa-20201231x10k.htm,2020/sp500_companies.csv,sample_2020,4,2020/sample_500/html/raw/0001393311/0001562762-21-000058.html,377
334,S2020-334,S2020-334,PHM,PHM,PulteGroup,PulteGroup,cik:0000822416,0000822416,Consumer Discretionary,Homebuilding,0000822416-21-000007,phm-20201231.htm,10-K,2021-02-02,2020-12-31,2020,https://www.sec.gov/Archives/edgar/data/822416/000082241621000007/phm-20201231.htm,2020/sp500_companies.csv,sample_2020,4,2020/sample_500/html/raw/0000822416/0000822416-21-000007.html,378
335,S2020-335,S2020-335,QRVO,QRVO,Qorvo,Qorvo,cik:0001604778,0001604778,,,0001604778-20-000030,qorvo2020032810-k.htm,10-K,2020-05-20,2020-03-28,2020,https://www.sec.gov/Archives/edgar/data/1604778/000160477820000030/qorvo2020032810-k.htm,2020/sp500_companies.csv,sample_2020,4,2020/sample_500/html/raw/0001604778/0001604778-20-000030.html,379
336,S2020-336,S2020-336,QCOM,QCOM,Qualcomm,Qualcomm,cik:0000804328,0000804328,Information Technology,Semiconductors,0001728949-20-000067,qcom-20200927.htm,10-K,2020-11-04,2020-09-27,2020,https://www.sec.gov/Archives/edgar/data/804328/000172894920000067/qcom-20200927.htm,2020/sp500_companies.csv,sample_2020,4,2020/sample_500/html/raw/0000804328/0001728949-20-000067.html,380
337,S2020-337,S2020-337,PWR,PWR,Quanta Services,Quanta Services,cik:0001050915,0001050915,Industrials,Construction & Engineering,0001050915-21-000009,pwr-20201231.htm,10-K,2021-03-01,2020-12-31,2020,https://www.sec.gov/Archives/edgar/data/1050915/000105091521000009/pwr-20201231.htm,2020/sp500_companies.csv,sample_2020,4,2020/sample_500/html/raw/0001050915/0001050915-21-000009.html,381
338,S2020-338,S2020-338,DGX,DGX,Quest Diagnostics,Quest Diagnostics,cik:0001022079,0001022079,Health Care,Health Care Services,0001022079-21-000029,dgx-20201231.htm,10-K,2021-02-22,2020-12-31,2020,https://www.sec.gov/Archives/edgar/data/1022079/000102207921000029/dgx-20201231.htm,2020/sp500_companies.csv,sample_2020,4,2020/sample_500/html/raw/0001022079/0001022079-21-000029.html,382
339,S2020-339,S2020-339,RTX,RTX,RTX Corporation,RTX Corporation,cik:0000101829,0000101829,Industrials,Aerospace & Defense,0000101829-21-000008,rtx-20201231.htm,10-K,2021-02-08,2020-12-31,2020,https://www.sec.gov/Archives/edgar/data/101829/000010182921000008/rtx-20201231.htm,2020/sp500_companies.csv,sample_2020,4,2020/sample_500/html/raw/0000101829/0000101829-21-000008.html,383
340,S2020-340,S2020-340,RL,RL,Ralph Lauren Corporation,Ralph Lauren Corporation,cik:0001037038,0001037038,Consumer Discretionary,"Apparel, Accessories & Luxury Goods",0001037038-20-000014,rl-20200328x10k.htm,10-K,2020-05-27,2020-03-28,2020,https://www.sec.gov/Archives/edgar/data/1037038/000103703820000014/rl-20200328x10k.htm,2020/sp500_companies.csv,sample_2020,4,2020/sample_500/html/raw/0001037038/0001037038-20-000014.html,384
341,S2020-341,S2020-341,RJF,RJF,Raymond James Financial,Raymond James Financial,cik:0000720005,0000720005,Financials,Investment Banking & Brokerage,0000720005-20-000063,rjf-20200930.htm,10-K,2020-11-24,2020-09-30,2020,https://www.sec.gov/Archives/edgar/data/720005/000072000520000063/rjf-20200930.htm,2020/sp500_companies.csv,sample_2020,4,2020/sample_500/html/raw/0000720005/0000720005-20-000063.html,385
342,S2020-342,S2020-342,O,O,Realty Income,Realty Income,cik:0000726728,0000726728,Real Estate,Retail REITs,0000726728-21-000043,o-20201231.htm,10-K,2021-02-23,2020-12-31,2020,https://www.sec.gov/Archives/edgar/data/726728/000072672821000043/o-20201231.htm,2020/sp500_companies.csv,sample_2020,4,2020/sample_500/html/raw/0000726728/0000726728-21-000043.html,386
343,S2020-343,S2020-343,REG,REG,Regency Centers,Regency Centers,cik:0000910606,0000910606,Real Estate,Retail REITs,0001564590-21-006390,reg-10k_20201231.htm,10-K,2021-02-17,2020-12-31,2020,https://www.sec.gov/Archives/edgar/data/910606/000156459021006390/reg-10k_20201231.htm,2020/sp500_companies.csv,sample_2020,4,2020/sample_500/html/raw/0000910606/0001564590-21-006390.html,387
344,S2020-344,S2020-344,REGN,REGN,Regeneron Pharmaceuticals,Regeneron Pharmaceuticals,cik:0000872589,0000872589,Health Care,Biotechnology,0001804220-21-000008,regn-20201231.htm,10-K,2021-02-08,2020-12-31,2020,https://www.sec.gov/Archives/edgar/data/872589/000180422021000008/regn-20201231.htm,2020/sp500_companies.csv,sample_2020,4,2020/sample_500/html/raw/0000872589/0001804220-21-000008.html,388
345,S2020-345,S2020-345,RF,RF,Regions Financial Corporation,Regions Financial Corporation,cik:0001281761,0001281761,Financials,Regional Banks,0001281761-21-000012,rf-20201231.htm,10-K,2021-02-24,2020-12-31,2020,https://www.sec.gov/Archives/edgar/data/1281761/000128176121000012/rf-20201231.htm,2020/sp500_companies.csv,sample_2020,4,2020/sample_500/html/raw/0001281761/0001281761-21-000012.html,389
346,S2020-346,S2020-346,RSG,RSG,Republic Services,Republic Services,cik:0001060391,0001060391,Industrials,Environmental & Facilities Services,0001060391-21-000014,rsg-20201231.htm,10-K,2021-02-23,2020-12-31,2020,https://www.sec.gov/Archives/edgar/data/1060391/000106039121000014/rsg-20201231.htm,2020/sp500_companies.csv,sample_2020,4,2020/sample_500/html/raw/0001060391/0001060391-21-000014.html,390
347,S2020-347,S2020-347,RMD,RMD,ResMed,ResMed,cik:0000943819,0000943819,Health Care,Health Care Equipment,0000943819-20-000013,rmd-20200630x10k.htm,10-K,2020-08-13,2020-06-30,2020,https://www.sec.gov/Archives/edgar/data/943819/000094381920000013/rmd-20200630x10k.htm,2020/sp500_companies.csv,sample_2020,4,2020/sample_500/html/raw/0000943819/0000943819-20-000013.html,391
348,S2020-348,S2020-348,RHI,RHI,Robert Half,Robert Half,cik:0000315213,0000315213,,,0000315213-21-000025,rhi-20201231.htm,10-K,2021-02-12,2020-12-31,2020,https://www.sec.gov/Archives/edgar/data/315213/000031521321000025/rhi-20201231.htm,2020/sp500_companies.csv,sample_2020,4,2020/sample_500/html/raw/0000315213/0000315213-21-000025.html,392
349,S2020-349,S2020-349,ROK,ROK,Rockwell Automation,Rockwell Automation,cik:0001024478,0001024478,Industrials,Electrical Components & Equipment,0001024478-20-000038,fy2020form10k.htm,10-K,2020-11-10,2020-09-30,2020,https://www.sec.gov/Archives/edgar/data/1024478/000102447820000038/fy2020form10k.htm,2020/sp500_companies.csv,sample_2020,4,2020/sample_500/html/raw/0001024478/0001024478-20-000038.html,393
350,S2020-350,S2020-350,ROL,ROL,"Rollins, Inc.","Rollins, Inc.",cik:0000084839,0000084839,Industrials,Environmental & Facilities Services,0001171200-21-000076,i21062_rol-10k.htm,10-K,2021-02-26,2020-12-31,2020,https://www.sec.gov/Archives/edgar/data/84839/000117120021000076/i21062_rol-10k.htm,2020/sp500_companies.csv,sample_2020,4,2020/sample_500/html/raw/0000084839/0001171200-21-000076.html,394
351,S2020-351,S2020-351,ROP,ROP,Roper Technologies,Roper Technologies,cik:0000882835,0000882835,Information Technology,Electronic Equipment & Instruments,0000882835-21-000011,rop-20201231.htm,10-K,2021-02-22,2020-12-31,2020,https://www.sec.gov/Archives/edgar/data/882835/000088283521000011/rop-20201231.htm,2020/sp500_companies.csv,sample_2020,4,2020/sample_500/html/raw/0000882835/0000882835-21-000011.html,395
352,S2020-352,S2020-352,ROST,ROST,Ross Stores,Ross Stores,cik:0000745732,0000745732,Consumer Discretionary,Apparel Retail,0000745732-20-000016,rost-20200201.htm,10-K,2020-03-31,2020-02-01,2020,https://www.sec.gov/Archives/edgar/data/745732/000074573220000016/rost-20200201.htm,2020/sp500_companies.csv,sample_2020,4,2020/sample_500/html/raw/0000745732/0000745732-20-000016.html,396
353,S2020-353,S2020-353,RCL,RCL,Royal Caribbean Group,Royal Caribbean Group,cik:0000884887,0000884887,Consumer Discretionary,"Hotels, Resorts & Cruise Lines",0000884887-21-000006,rcl-20201231.htm,10-K,2021-02-26,2020-12-31,2020,https://www.sec.gov/Archives/edgar/data/884887/000088488721000006/rcl-20201231.htm,2020/sp500_companies.csv,sample_2020,4,2020/sample_500/html/raw/0000884887/0000884887-21-000006.html,397
354,S2020-354,S2020-354,SPGI,SPGI,S&P Global,S&P Global,cik:0000064040,0000064040,Financials,Financial Exchanges & Data,0000064040-21-000063,spgi-20201231.htm,10-K,2021-02-09,2020-12-31,2020,https://www.sec.gov/Archives/edgar/data/64040/000006404021000063/spgi-20201231.htm,2020/sp500_companies.csv,sample_2020,4,2020/sample_500/html/raw/0000064040/0000064040-21-000063.html,398
355,S2020-355,S2020-355,SBAC,SBAC,SBA Communications,SBA Communications,cik:0001034054,0001034054,Real Estate,Telecom Tower REITs,0001034054-21-000003,sbac-20201231x10k.htm,10-K,2021-02-25,2020-12-31,2020,https://www.sec.gov/Archives/edgar/data/1034054/000103405421000003/sbac-20201231x10k.htm,2020/sp500_companies.csv,sample_2020,4,2020/sample_500/html/raw/0001034054/0001034054-21-000003.html,399
356,S2020-356,S2020-356,SLG,SLG,SL Green Realty,SL Green Realty,cik:0001040971,0001040971,,,0001040971-21-000007,slg-20201231.htm,10-K,2021-02-26,2020-12-31,2020,https://www.sec.gov/Archives/edgar/data/1040971/000104097121000007/slg-20201231.htm,2020/sp500_companies.csv,sample_2020,4,2020/sample_500/html/raw/0001040971/0001040971-21-000007.html,400
357,S2020-357,S2020-357,CRM,CRM,Salesforce,Salesforce,cik:0001108524,0001108524,Information Technology,Application Software,0001108524-20-000014,crm-20200131.htm,10-K,2020-03-05,2020-01-31,2020,https://www.sec.gov/Archives/edgar/data/1108524/000110852420000014/crm-20200131.htm,2020/sp500_companies.csv,sample_2020,4,2020/sample_500/html/raw/0001108524/0001108524-20-000014.html,402
358,S2020-358,S2020-358,SLB,SLB,Schlumberger,Schlumberger,cik:0000087347,0000087347,Energy,Oil & Gas Equipment & Services,0001564590-21-002477,slb-10k_20201231.htm,10-K,2021-01-27,2020-12-31,2020,https://www.sec.gov/Archives/edgar/data/87347/000156459021002477/slb-10k_20201231.htm,2020/sp500_companies.csv,sample_2020,4,2020/sample_500/html/raw/0000087347/0001564590-21-002477.html,403
359,S2020-359,S2020-359,STX,STX,Seagate Technology,Seagate Technology,cik:0001137789,0001137789,Information Technology,"Technology Hardware, Storage & Peripherals",0001137789-20-000057,stx-20200703.htm,10-K,2020-08-07,2020-07-03,2020,https://www.sec.gov/Archives/edgar/data/1137789/000113778920000057/stx-20200703.htm,2020/sp500_companies.csv,sample_2020,4,2020/sample_500/html/raw/0001137789/0001137789-20-000057.html,404
360,S2020-360,S2020-360,SRE,SRE,Sempra,Sempra,cik:0001032208,0001032208,Utilities,Multi-Utilities,0001032208-21-000007,sre-20201231.htm,10-K,2021-02-25,2020-12-31,2020,https://www.sec.gov/Archives/edgar/data/1032208/000103220821000007/sre-20201231.htm,2020/sp500_companies.csv,sample_2020,4,2020/sample_500/html/raw/0001032208/0001032208-21-000007.html,406
361,S2020-361,S2020-361,NOW,NOW,ServiceNow,ServiceNow,cik:0001373715,0001373715,Information Technology,Systems Software,0001373715-21-000061,now-20201231.htm,10-K,2021-02-12,2020-12-31,2020,https://www.sec.gov/Archives/edgar/data/1373715/000137371521000061/now-20201231.htm,2020/sp500_companies.csv,sample_2020,4,2020/sample_500/html/raw/0001373715/0001373715-21-000061.html,407
362,S2020-362,S2020-362,SHW,SHW,Sherwin-Williams,Sherwin-Williams,cik:0000089800,0000089800,Materials,Specialty Chemicals,0000089800-21-000010,shw-20201231.htm,10-K,2021-02-19,2020-12-31,2020,https://www.sec.gov/Archives/edgar/data/89800/000008980021000010/shw-20201231.htm,2020/sp500_companies.csv,sample_2020,4,2020/sample_500/html/raw/0000089800/0000089800-21-000010.html,408
363,S2020-363,S2020-363,SPG,SPG,Simon Property Group,Simon Property Group,cik:0001063761,0001063761,Real Estate,Retail REITs,0001558370-21-001700,spg-20201231x10k.htm,10-K,2021-02-25,2020-12-31,2020,https://www.sec.gov/Archives/edgar/data/1063761/000155837021001700/spg-20201231x10k.htm,2020/sp500_companies.csv,sample_2020,4,2020/sample_500/html/raw/0001063761/0001558370-21-001700.html,409
364,S2020-364,S2020-364,SWKS,SWKS,Skyworks Solutions,Skyworks Solutions,cik:0000004127,0000004127,Information Technology,Semiconductors,0000004127-20-000058,swks-20201002.htm,10-K,2020-11-17,2020-10-02,2020,https://www.sec.gov/Archives/edgar/data/4127/000000412720000058/swks-20201002.htm,2020/sp500_companies.csv,sample_2020,4,2020/sample_500/html/raw/0000004127/0000004127-20-000058.html,410
365,S2020-365,S2020-365,SO,SO,Southern Company,Southern Company,cik:0000092122,0000092122,Utilities,Electric Utilities,0000092122-21-000006,so-20201231.htm,10-K,2021-02-18,2020-12-31,2020,https://www.sec.gov/Archives/edgar/data/92122/000009212221000006/so-20201231.htm,2020/sp500_companies.csv,sample_2020,4,2020/sample_500/html/raw/0000092122/0000092122-21-000006.html,412
366,S2020-366,S2020-366,LUV,LUV,Southwest Airlines,Southwest Airlines,cik:0000092380,0000092380,Industrials,Passenger Airlines,0000092380-21-000033,luv-20201231.htm,10-K,2021-02-08,2020-12-31,2020,https://www.sec.gov/Archives/edgar/data/92380/000009238021000033/luv-20201231.htm,2020/sp500_companies.csv,sample_2020,4,2020/sample_500/html/raw/0000092380/0000092380-21-000033.html,413
367,S2020-367,S2020-367,SBUX,SBUX,Starbucks,Starbucks,cik:0000829224,0000829224,Consumer Discretionary,Restaurants,0000829224-20-000078,sbux-20200927.htm,10-K,2020-11-12,2020-09-27,2020,https://www.sec.gov/Archives/edgar/data/829224/000082922420000078/sbux-20200927.htm,2020/sp500_companies.csv,sample_2020,4,2020/sample_500/html/raw/0000829224/0000829224-20-000078.html,415
368,S2020-368,S2020-368,STT,STT,State Street Corporation,State Street Corporation,cik:0000093751,0000093751,Financials,Asset Management & Custody Banks,0000093751-21-000476,stt-20201231.htm,10-K,2021-02-19,2020-12-31,2020,https://www.sec.gov/Archives/edgar/data/93751/000009375121000476/stt-20201231.htm,2020/sp500_companies.csv,sample_2020,4,2020/sample_500/html/raw/0000093751/0000093751-21-000476.html,416
369,S2020-369,S2020-369,STE,STE,Steris,Steris,cik:0001757898,0001757898,Health Care,Health Care Equipment,0001757898-20-000012,ste03312020.htm,10-K,2020-05-29,2020-03-31,2020,https://www.sec.gov/Archives/edgar/data/1757898/000175789820000012/ste03312020.htm,2020/sp500_companies.csv,sample_2020,4,2020/sample_500/html/raw/0001757898/0001757898-20-000012.html,417
370,S2020-370,S2020-370,SYK,SYK,Stryker Corporation,Stryker Corporation,cik:0000310764,0000310764,Health Care,Health Care Equipment,0000310764-21-000027,syk-20201231.htm,10-K,2021-02-11,2020-12-31,2020,https://www.sec.gov/Archives/edgar/data/310764/000031076421000027/syk-20201231.htm,2020/sp500_companies.csv,sample_2020,4,2020/sample_500/html/raw/0000310764/0000310764-21-000027.html,418
371,S2020-371,S2020-371,SYF,SYF,Synchrony Financial,Synchrony Financial,cik:0001601712,0001601712,Financials,Consumer Finance,0001601712-21-000057,syf-20201231.htm,10-K,2021-02-11,2020-12-31,2020,https://www.sec.gov/Archives/edgar/data/1601712/000160171221000057/syf-20201231.htm,2020/sp500_companies.csv,sample_2020,4,2020/sample_500/html/raw/0001601712/0001601712-21-000057.html,419
372,S2020-372,S2020-372,SNPS,SNPS,Synopsys,Synopsys,cik:0000883241,0000883241,Information Technology,Application Software,0000883241-20-000015,snps10312010-k.htm,10-K,2020-12-15,2020-10-31,2020,https://www.sec.gov/Archives/edgar/data/883241/000088324120000015/snps10312010-k.htm,2020/sp500_companies.csv,sample_2020,4,2020/sample_500/html/raw/0000883241/0000883241-20-000015.html,420
373,S2020-373,S2020-373,SYY,SYY,Sysco,Sysco,cik:0000096021,0000096021,Consumer Staples,Food Distributors,0000096021-20-000100,syy-20200627.htm,10-K,2020-08-26,2020-06-27,2020,https://www.sec.gov/Archives/edgar/data/96021/000009602120000100/syy-20200627.htm,2020/sp500_companies.csv,sample_2020,4,2020/sample_500/html/raw/0000096021/0000096021-20-000100.html,421
374,S2020-374,S2020-374,TMUS,TMUS,T-Mobile US,T-Mobile US,cik:0001283699,0001283699,Communication Services,Wireless Telecommunication Services,0001283699-21-000039,tmus-20201231.htm,10-K,2021-02-23,2020-12-31,2020,https://www.sec.gov/Archives/edgar/data/1283699/000128369921000039/tmus-20201231.htm,2020/sp500_companies.csv,sample_2020,4,2020/sample_500/html/raw/0001283699/0001283699-21-000039.html,422
375,S2020-375,S2020-375,TROW,TROW,T. Rowe Price,T. Rowe Price,cik:0001113169,0001113169,Financials,Asset Management & Custody Banks,0001113169-21-000006,trow-20201231.htm,10-K,2021-02-11,2020-12-31,2020,https://www.sec.gov/Archives/edgar/data/1113169/000111316921000006/trow-20201231.htm,2020/sp500_companies.csv,sample_2020,4,2020/sample_500/html/raw/0001113169/0001113169-21-000006.html,423
376,S2020-376,S2020-376,TEL,TEL,TE Connectivity,TE Connectivity,cik:0001385157,0001385157,Information Technology,Electronic Manufacturing Services,0001558370-20-013511,tel-20200925x10k.htm,10-K,2020-11-10,2020-09-25,2020,https://www.sec.gov/Archives/edgar/data/1385157/000155837020013511/tel-20200925x10k.htm,2020/sp500_companies.csv,sample_2020,4,2020/sample_500/html/raw/0001385157/0001558370-20-013511.html,424
377,S2020-377,S2020-377,TJX,TJX,TJX Companies,TJX Companies,cik:0000109198,0000109198,Consumer Discretionary,Apparel Retail,0000109198-20-000004,tjx-20200201.htm,10-K,2020-03-27,2020-02-01,2020,https://www.sec.gov/Archives/edgar/data/109198/000010919820000004/tjx-20200201.htm,2020/sp500_companies.csv,sample_2020,4,2020/sample_500/html/raw/0000109198/0000109198-20-000004.html,425
378,S2020-378,S2020-378,TTWO,TTWO,Take-Two Interactive,Take-Two Interactive,cik:0000946581,0000946581,Communication Services,Interactive Home Entertainment,0001628280-20-008291,ttwo-20200331.htm,10-K,2020-05-22,2020-03-31,2020,https://www.sec.gov/Archives/edgar/data/946581/000162828020008291/ttwo-20200331.htm,2020/sp500_companies.csv,sample_2020,4,2020/sample_500/html/raw/0000946581/0001628280-20-008291.html,426
379,S2020-379,S2020-379,TPR,TPR,"Tapestry, Inc.","Tapestry, Inc.",cik:0001116132,0001116132,Consumer Discretionary,"Apparel, Accessories & Luxury Goods",0001116132-20-000022,tpr6272020-10k.htm,10-K,2020-08-13,2020-06-27,2020,https://www.sec.gov/Archives/edgar/data/1116132/000111613220000022/tpr6272020-10k.htm,2020/sp500_companies.csv,sample_2020,4,2020/sample_500/html/raw/0001116132/0001116132-20-000022.html,427
380,S2020-380,S2020-380,TGT,TGT,Target Corporation,Target Corporation,cik:0000027419,0000027419,Consumer Staples,Consumer Staples Merchandise Retail,0000027419-20-000008,tgt-20200201.htm,10-K,2020-03-11,2020-02-01,2020,https://www.sec.gov/Archives/edgar/data/27419/000002741920000008/tgt-20200201.htm,2020/sp500_companies.csv,sample_2020,4,2020/sample_500/html/raw/0000027419/0000027419-20-000008.html,428
381,S2020-381,S2020-381,FTI,FTI,TechnipFMC,TechnipFMC,cik:0001681459,0001681459,,,0001681459-21-000043,fti-20201231.htm,10-K,2021-03-05,2020-12-31,2020,https://www.sec.gov/Archives/edgar/data/1681459/000168145921000043/fti-20201231.htm,2020/sp500_companies.csv,sample_2020,4,2020/sample_500/html/raw/0001681459/0001681459-21-000043.html,429
382,S2020-382,S2020-382,TFX,TFX,Teleflex,Teleflex,cik:0000096943,0000096943,,,0000096943-21-000013,tfx-20201231.htm,10-K,2021-02-25,2020-12-31,2020,https://www.sec.gov/Archives/edgar/data/96943/000009694321000013/tfx-20201231.htm,2020/sp500_companies.csv,sample_2020,4,2020/sample_500/html/raw/0000096943/0000096943-21-000013.html,431
383,S2020-383,S2020-383,TER,TER,Teradyne,Teradyne,cik:0000097210,0000097210,Information Technology,Semiconductor Materials & Equipment,0001193125-21-050735,d69963d10k.htm,10-K,2021-02-22,2020-12-31,2020,https://www.sec.gov/Archives/edgar/data/97210/000119312521050735/d69963d10k.htm,2020/sp500_companies.csv,sample_2020,4,2020/sample_500/html/raw/0000097210/0001193125-21-050735.html,432
384,S2020-384,S2020-384,TSLA,TSLA,"Tesla, Inc.","Tesla, Inc.",cik:0001318605,0001318605,Consumer Discretionary,Automobile Manufacturers,0001564590-21-004599,tsla-10k_20201231.htm,10-K,2021-02-08,2020-12-31,2020,https://www.sec.gov/Archives/edgar/data/1318605/000156459021004599/tsla-10k_20201231.htm,2020/sp500_companies.csv,sample_2020,4,2020/sample_500/html/raw/0001318605/0001564590-21-004599.html,433
385,S2020-385,S2020-385,TXN,TXN,Texas Instruments,Texas Instruments,cik:0000097476,0000097476,Information Technology,Semiconductors,0000097476-21-000006,txn-20201231.htm,10-K,2021-02-05,2020-12-31,2020,https://www.sec.gov/Archives/edgar/data/97476/000009747621000006/txn-20201231.htm,2020/sp500_companies.csv,sample_2020,4,2020/sample_500/html/raw/0000097476/0000097476-21-000006.html,434
386,S2020-386,S2020-386,TXT,TXT,Textron,Textron,cik:0000217346,0000217346,Industrials,Aerospace & Defense,0001104659-20-024773,txt-20200104x10k00cfc1.htm,10-K,2020-02-25,2020-01-04,2020,https://www.sec.gov/Archives/edgar/data/217346/000110465920024773/txt-20200104x10k00cfc1.htm,2020/sp500_companies.csv,sample_2020,4,2020/sample_500/html/raw/0000217346/0001104659-20-024773.html,435
387,S2020-387,S2020-387,TMO,TMO,Thermo Fisher Scientific,Thermo Fisher Scientific,cik:0000097745,0000097745,Health Care,Life Sciences Tools & Services,0000097745-21-000011,tmo-20201231.htm,10-K,2021-02-25,2020-12-31,2020,https://www.sec.gov/Archives/edgar/data/97745/000009774521000011/tmo-20201231.htm,2020/sp500_companies.csv,sample_2020,4,2020/sample_500/html/raw/0000097745/0000097745-21-000011.html,436
388,S2020-388,S2020-388,TSCO,TSCO,Tractor Supply,Tractor Supply,cik:0000916365,0000916365,Consumer Discretionary,Other Specialty Retail,0000916365-21-000052,tsco-20201226.htm,10-K,2021-02-18,2020-12-26,2020,https://www.sec.gov/Archives/edgar/data/916365/000091636521000052/tsco-20201226.htm,2020/sp500_companies.csv,sample_2020,4,2020/sample_500/html/raw/0000916365/0000916365-21-000052.html,438
389,S2020-389,S2020-389,TT,TT,Trane Technologies,Trane Technologies,cik:0001466258,0001466258,Industrials,Building Products,0001466258-21-000027,tt-20201231.htm,10-K,2021-02-09,2020-12-31,2020,https://www.sec.gov/Archives/edgar/data/1466258/000146625821000027/tt-20201231.htm,2020/sp500_companies.csv,sample_2020,4,2020/sample_500/html/raw/0001466258/0001466258-21-000027.html,439
390,S2020-390,S2020-390,TDG,TDG,TransDigm Group,TransDigm Group,cik:0001260221,0001260221,Industrials,Aerospace & Defense,0001260221-20-000099,tdg-20200930.htm,10-K,2020-11-12,2020-09-30,2020,https://www.sec.gov/Archives/edgar/data/1260221/000126022120000099/tdg-20200930.htm,2020/sp500_companies.csv,sample_2020,4,2020/sample_500/html/raw/0001260221/0001260221-20-000099.html,440
391,S2020-391,S2020-391,TRV,TRV,Travelers Companies (The),Travelers Companies (The),cik:0000086312,0000086312,Financials,Property & Casualty Insurance,0000086312-21-000011,trv-20201231.htm,10-K,2021-02-11,2020-12-31,2020,https://www.sec.gov/Archives/edgar/data/86312/000008631221000011/trv-20201231.htm,2020/sp500_companies.csv,sample_2020,4,2020/sample_500/html/raw/0000086312/0000086312-21-000011.html,441
392,S2020-392,S2020-392,TFC,TFC,Truist Financial,Truist Financial,cik:0000092230,0000092230,Financials,Diversified Banks,0000092230-21-000032,tfc-20201231.htm,10-K,2021-02-24,2020-12-31,2020,https://www.sec.gov/Archives/edgar/data/92230/000009223021000032/tfc-20201231.htm,2020/sp500_companies.csv,sample_2020,4,2020/sample_500/html/raw/0000092230/0000092230-21-000032.html,442
393,S2020-393,S2020-393,TYL,TYL,Tyler Technologies,Tyler Technologies,cik:0000860731,0000860731,Information Technology,Application Software,0000860731-21-000014,tyl-20201231.htm,10-K,2021-02-19,2020-12-31,2020,https://www.sec.gov/Archives/edgar/data/860731/000086073121000014/tyl-20201231.htm,2020/sp500_companies.csv,sample_2020,4,2020/sample_500/html/raw/0000860731/0000860731-21-000014.html,444
394,S2020-394,S2020-394,TSN,TSN,Tyson Foods,Tyson Foods,cik:0000100493,0000100493,Consumer Staples,Packaged Foods & Meats,0000100493-20-000132,tsn202010kq4.htm,10-K,2020-11-16,2020-10-03,2020,https://www.sec.gov/Archives/edgar/data/100493/000010049320000132/tsn202010kq4.htm,2020/sp500_companies.csv,sample_2020,4,2020/sample_500/html/raw/0000100493/0000100493-20-000132.html,445
395,S2020-395,S2020-395,USB,USB,U.S. Bancorp,U.S. Bancorp,cik:0000036104,0000036104,Financials,Diversified Banks,0001193125-21-052547,d14650d10k.htm,10-K,2021-02-23,2020-12-31,2020,https://www.sec.gov/Archives/edgar/data/36104/000119312521052547/d14650d10k.htm,2020/sp500_companies.csv,sample_2020,4,2020/sample_500/html/raw/0000036104/0001193125-21-052547.html,446
396,S2020-396,S2020-396,UDR,UDR,"UDR, Inc.","UDR, Inc.",cik:0000074208,0000074208,Real Estate,Multi-Family Residential REITs,0000074208-21-000025,udr-20201231x10k.htm,10-K,2021-02-18,2020-12-31,2020,https://www.sec.gov/Archives/edgar/data/74208/000007420821000025/udr-20201231x10k.htm,2020/sp500_companies.csv,sample_2020,4,2020/sample_500/html/raw/0000074208/0000074208-21-000025.html,447
397,S2020-397,S2020-397,ULTA,ULTA,Ulta Beauty,Ulta Beauty,cik:0001403568,0001403568,Consumer Discretionary,Other Specialty Retail,0001558370-20-003272,ulta-20200201x10k11b4b7.htm,10-K,2020-03-27,2020-02-01,2020,https://www.sec.gov/Archives/edgar/data/1403568/000155837020003272/ulta-20200201x10k11b4b7.htm,2020/sp500_companies.csv,sample_2020,4,2020/sample_500/html/raw/0001403568/0001558370-20-003272.html,448
398,S2020-398,S2020-398,UAA|UA,UAA|UA,Under Armour (Class A)|Under Armour (Class C),Under Armour (Class A)|Under Armour (Class C),cik:0001336917,0001336917,,,0001336917-21-000009,ua-20201231.htm,10-K,2021-02-24,2020-12-31,2020,https://www.sec.gov/Archives/edgar/data/1336917/000133691721000009/ua-20201231.htm,2020/sp500_companies.csv,sample_2020,4,2020/sample_500/html/raw/0001336917/0001336917-21-000009.html,449
399,S2020-399,S2020-399,UNP,UNP,Union Pacific Corporation,Union Pacific Corporation,cik:0000100885,0000100885,Industrials,Rail Transportation,0000100885-21-000068,unp-20201231x10k.htm,10-K,2021-02-05,2020-12-31,2020,https://www.sec.gov/Archives/edgar/data/100885/000010088521000068/unp-20201231x10k.htm,2020/sp500_companies.csv,sample_2020,4,2020/sample_500/html/raw/0000100885/0000100885-21-000068.html,450
400,S2020-400,S2020-400,UAL,UAL,United Airlines Holdings,United Airlines Holdings,cik:0000100517,0000100517,Industrials,Passenger Airlines,0000100517-21-000016,ual-20201231.htm,10-K,2021-03-01,2020-12-31,2020,https://www.sec.gov/Archives/edgar/data/100517/000010051721000016/ual-20201231.htm,2020/sp500_companies.csv,sample_2020,4,2020/sample_500/html/raw/0000100517/0000100517-21-000016.html,451
401,S2020-401,S2020-401,UPS,UPS,United Parcel Service,United Parcel Service,cik:0001090727,0001090727,Industrials,Air Freight & Logistics,0001090727-21-000013,ups-20201231.htm,10-K,2021-02-22,2020-12-31,2020,https://www.sec.gov/Archives/edgar/data/1090727/000109072721000013/ups-20201231.htm,2020/sp500_companies.csv,sample_2020,5,2020/sample_500/html/raw/0001090727/0001090727-21-000013.html,452
402,S2020-402,S2020-402,URI,URI,United Rentals,United Rentals,cik:0001067701,0001067701,Industrials,Trading Companies & Distributors,0001067701-21-000008,uri-20201231.htm,10-K,2021-01-27,2020-12-31,2020,https://www.sec.gov/Archives/edgar/data/1067701/000106770121000008/uri-20201231.htm,2020/sp500_companies.csv,sample_2020,5,2020/sample_500/html/raw/0001067701/0001067701-21-000008.html,453
403,S2020-403,S2020-403,UNH,UNH,UnitedHealth Group,UnitedHealth Group,cik:0000731766,0000731766,Health Care,Managed Health Care,0000731766-21-000013,unh-20201231.htm,10-K,2021-03-01,2020-12-31,2020,https://www.sec.gov/Archives/edgar/data/731766/000073176621000013/unh-20201231.htm,2020/sp500_companies.csv,sample_2020,5,2020/sample_500/html/raw/0000731766/0000731766-21-000013.html,454
404,S2020-404,S2020-404,UHS,UHS,Universal Health Services,Universal Health Services,cik:0000352915,0000352915,Health Care,Health Care Facilities,0001564590-21-008851,uhs-10k_20201231.htm,10-K,2021-02-25,2020-12-31,2020,https://www.sec.gov/Archives/edgar/data/352915/000156459021008851/uhs-10k_20201231.htm,2020/sp500_companies.csv,sample_2020,5,2020/sample_500/html/raw/0000352915/0001564590-21-008851.html,455
405,S2020-405,S2020-405,UNM,UNM,Unum,Unum,cik:0000005513,0000005513,,,0000005513-21-000015,unm-20201231.htm,10-K,2021-02-17,2020-12-31,2020,https://www.sec.gov/Archives/edgar/data/5513/000000551321000015/unm-20201231.htm,2020/sp500_companies.csv,sample_2020,5,2020/sample_500/html/raw/0000005513/0000005513-21-000015.html,456
406,S2020-406,S2020-406,VFC,VFC,VF Corporation,VF Corporation,cik:0000103379,0000103379,,,0000103379-20-000006,vfc328202010-k.htm,10-K,2020-05-27,2020-03-28,2020,https://www.sec.gov/Archives/edgar/data/103379/000010337920000006/vfc328202010-k.htm,2020/sp500_companies.csv,sample_2020,5,2020/sample_500/html/raw/0000103379/0000103379-20-000006.html,457
407,S2020-407,S2020-407,VLO,VLO,Valero Energy,Valero Energy,cik:0001035002,0001035002,Energy,Oil & Gas Refining & Marketing,0001035002-21-000051,vlo-20201231.htm,10-K,2021-02-23,2020-12-31,2020,https://www.sec.gov/Archives/edgar/data/1035002/000103500221000051/vlo-20201231.htm,2020/sp500_companies.csv,sample_2020,5,2020/sample_500/html/raw/0001035002/0001035002-21-000051.html,458
408,S2020-408,S2020-408,VTR,VTR,Ventas,Ventas,cik:0000740260,0000740260,Real Estate,Health Care REITs,0000740260-21-000048,vtr-20201231.htm,10-K,2021-02-23,2020-12-31,2020,https://www.sec.gov/Archives/edgar/data/740260/000074026021000048/vtr-20201231.htm,2020/sp500_companies.csv,sample_2020,5,2020/sample_500/html/raw/0000740260/0000740260-21-000048.html,460
409,S2020-409,S2020-409,VRSN,VRSN,Verisign,Verisign,cik:0001014473,0001014473,Information Technology,Internet Services & Infrastructure,0001014473-21-000005,vrsn-20201231.htm,10-K,2021-02-19,2020-12-31,2020,https://www.sec.gov/Archives/edgar/data/1014473/000101447321000005/vrsn-20201231.htm,2020/sp500_companies.csv,sample_2020,5,2020/sample_500/html/raw/0001014473/0001014473-21-000005.html,461
410,S2020-410,S2020-410,VRSK,VRSK,Verisk Analytics,Verisk Analytics,cik:0001442145,0001442145,Industrials,Research & Consulting Services,0001437749-21-003789,vrsk20201120_10k.htm,10-K,2021-02-23,2020-12-31,2020,https://www.sec.gov/Archives/edgar/data/1442145/000143774921003789/vrsk20201120_10k.htm,2020/sp500_companies.csv,sample_2020,5,2020/sample_500/html/raw/0001442145/0001437749-21-003789.html,462
411,S2020-411,S2020-411,VZ,VZ,Verizon,Verizon,cik:0000732712,0000732712,Communication Services,Integrated Telecommunication Services,0000732712-21-000012,vz-20201231.htm,10-K,2021-02-25,2020-12-31,2020,https://www.sec.gov/Archives/edgar/data/732712/000073271221000012/vz-20201231.htm,2020/sp500_companies.csv,sample_2020,5,2020/sample_500/html/raw/0000732712/0000732712-21-000012.html,463
412,S2020-412,S2020-412,VRTX,VRTX,Vertex Pharmaceuticals,Vertex Pharmaceuticals,cik:0000875320,0000875320,Health Care,Biotechnology,0000875320-21-000006,vrtx-20201231.htm,10-K,2021-02-11,2020-12-31,2020,https://www.sec.gov/Archives/edgar/data/875320/000087532021000006/vrtx-20201231.htm,2020/sp500_companies.csv,sample_2020,5,2020/sample_500/html/raw/0000875320/0000875320-21-000006.html,464
413,S2020-413,S2020-413,VIAC,VIAC,ViacomCBS,ViacomCBS,cik:0000813828,0000813828,,,0000813828-21-000005,viac-20201231.htm,10-K,2021-02-24,2020-12-31,2020,https://www.sec.gov/Archives/edgar/data/813828/000081382821000005/viac-20201231.htm,2020/sp500_companies.csv,sample_2020,5,2020/sample_500/html/raw/0000813828/0000813828-21-000005.html,465
414,S2020-414,S2020-414,VTRS,VTRS,Viatris,Viatris,cik:0001792044,0001792044,Health Care,Pharmaceuticals,0001792044-21-000009,vtrs-20201231.htm,10-K,2021-03-01,2020-12-31,2020,https://www.sec.gov/Archives/edgar/data/1792044/000179204421000009/vtrs-20201231.htm,2020/sp500_companies.csv,sample_2020,5,2020/sample_500/html/raw/0001792044/0001792044-21-000009.html,466
415,S2020-415,S2020-415,V,V,Visa Inc.,Visa Inc.,cik:0001403161,0001403161,Financials,Transaction & Payment Processing Services,0001403161-20-000070,v-20200930.htm,10-K,2020-11-19,2020-09-30,2020,https://www.sec.gov/Archives/edgar/data/1403161/000140316120000070/v-20200930.htm,2020/sp500_companies.csv,sample_2020,5,2020/sample_500/html/raw/0001403161/0001403161-20-000070.html,467
416,S2020-416,S2020-416,VNT,VNT,Vontier,Vontier,cik:0001786842,0001786842,,,0001786842-21-000013,vnt-20201231.htm,10-K,2021-02-25,2020-12-31,2020,https://www.sec.gov/Archives/edgar/data/1786842/000178684221000013/vnt-20201231.htm,2020/sp500_companies.csv,sample_2020,5,2020/sample_500/html/raw/0001786842/0001786842-21-000013.html,468
417,S2020-417,S2020-417,VNO,VNO,Vornado Realty Trust,Vornado Realty Trust,cik:0000899689,0000899689,,,0000899689-21-000009,vno-20201231.htm,10-K,2021-02-16,2020-12-31,2020,https://www.sec.gov/Archives/edgar/data/899689/000089968921000009/vno-20201231.htm,2020/sp500_companies.csv,sample_2020,5,2020/sample_500/html/raw/0000899689/0000899689-21-000009.html,469
418,S2020-418,S2020-418,VMC,VMC,Vulcan Materials Company,Vulcan Materials Company,cik:0001396009,0001396009,Materials,Construction Materials,0001396009-21-000009,vmc-20201231x10k.htm,10-K,2021-02-25,2020-12-31,2020,https://www.sec.gov/Archives/edgar/data/1396009/000139600921000009/vmc-20201231x10k.htm,2020/sp500_companies.csv,sample_2020,5,2020/sample_500/html/raw/0001396009/0001396009-21-000009.html,470
419,S2020-419,S2020-419,WRB,WRB,W. R. Berkley Corporation,W. R. Berkley Corporation,cik:0000011544,0000011544,Financials,Property & Casualty Insurance,0000011544-21-000013,wrb-20201231.htm,10-K,2021-02-18,2020-12-31,2020,https://www.sec.gov/Archives/edgar/data/11544/000001154421000013/wrb-20201231.htm,2020/sp500_companies.csv,sample_2020,5,2020/sample_500/html/raw/0000011544/0000011544-21-000013.html,471
420,S2020-420,S2020-420,GWW,GWW,W. W. Grainger,W. W. Grainger,cik:0000277135,0000277135,Industrials,Industrial Machinery & Supplies & Components,0000277135-21-000007,gww-20201231.htm,10-K,2021-02-24,2020-12-31,2020,https://www.sec.gov/Archives/edgar/data/277135/000027713521000007/gww-20201231.htm,2020/sp500_companies.csv,sample_2020,5,2020/sample_500/html/raw/0000277135/0000277135-21-000007.html,472
421,S2020-421,S2020-421,WEC,WEC,WEC Energy Group,WEC Energy Group,cik:0000783325,0000783325,Utilities,Electric Utilities,0000107815-21-000079,wec-20201231.htm,10-K,2021-02-25,2020-12-31,2020,https://www.sec.gov/Archives/edgar/data/783325/000010781521000079/wec-20201231.htm,2020/sp500_companies.csv,sample_2020,5,2020/sample_500/html/raw/0000783325/0000107815-21-000079.html,473
422,S2020-422,S2020-422,WAB,WAB,Wabtec,Wabtec,cik:0000943452,0000943452,Industrials,Construction Machinery & Heavy Transportation Equipment,0001628280-21-002557,wab-20201231.htm,10-K,2021-02-19,2020-12-31,2020,https://www.sec.gov/Archives/edgar/data/943452/000162828021002557/wab-20201231.htm,2020/sp500_companies.csv,sample_2020,5,2020/sample_500/html/raw/0000943452/0001628280-21-002557.html,474
423,S2020-423,S2020-423,WMT,WMT,Walmart,Walmart,cik:0000104169,0000104169,Consumer Staples,Consumer Staples Merchandise Retail,0000104169-20-000011,wmtform10-kx1312020.htm,10-K,2020-03-20,2020-01-31,2020,https://www.sec.gov/Archives/edgar/data/104169/000010416920000011/wmtform10-kx1312020.htm,2020/sp500_companies.csv,sample_2020,5,2020/sample_500/html/raw/0000104169/0000104169-20-000011.html,476
424,S2020-424,S2020-424,DIS,DIS,Walt Disney Company (The),Walt Disney Company (The),cik:0001744489,0001744489,Communication Services,Movies & Entertainment,0001744489-20-000197,dis-20201003.htm,10-K,2020-11-25,2020-10-03,2020,https://www.sec.gov/Archives/edgar/data/1744489/000174448920000197/dis-20201003.htm,2020/sp500_companies.csv,sample_2020,5,2020/sample_500/html/raw/0001744489/0001744489-20-000197.html,477
425,S2020-425,S2020-425,WM,WM,Waste Management,Waste Management,cik:0000823768,0000823768,Industrials,Environmental & Facilities Services,0001558370-21-001348,wm-20201231x10k.htm,10-K,2021-02-22,2020-12-31,2020,https://www.sec.gov/Archives/edgar/data/823768/000155837021001348/wm-20201231x10k.htm,2020/sp500_companies.csv,sample_2020,5,2020/sample_500/html/raw/0000823768/0001558370-21-001348.html,478
426,S2020-426,S2020-426,WAT,WAT,Waters Corporation,Waters Corporation,cik:0001000697,0001000697,Health Care,Life Sciences Tools & Services,0001193125-21-054385,d32803d10k.htm,10-K,2021-02-24,2020-12-31,2020,https://www.sec.gov/Archives/edgar/data/1000697/000119312521054385/d32803d10k.htm,2020/sp500_companies.csv,sample_2020,5,2020/sample_500/html/raw/0001000697/0001193125-21-054385.html,479
427,S2020-427,S2020-427,WFC,WFC,Wells Fargo,Wells Fargo,cik:0000072971,0000072971,Financials,Diversified Banks,0000072971-21-000197,wfc-20201231.htm,10-K,2021-02-23,2020-12-31,2020,https://www.sec.gov/Archives/edgar/data/72971/000007297121000197/wfc-20201231.htm,2020/sp500_companies.csv,sample_2020,5,2020/sample_500/html/raw/0000072971/0000072971-21-000197.html,480
428,S2020-428,S2020-428,WELL,WELL,Welltower,Welltower,cik:0000766704,0000766704,Real Estate,Health Care REITs,0000766704-21-000018,well-20201231.htm,10-K,2021-02-10,2020-12-31,2020,https://www.sec.gov/Archives/edgar/data/766704/000076670421000018/well-20201231.htm,2020/sp500_companies.csv,sample_2020,5,2020/sample_500/html/raw/0000766704/0000766704-21-000018.html,481
429,S2020-429,S2020-429,WST,WST,West Pharmaceutical Services,West Pharmaceutical Services,cik:0000105770,0000105770,Health Care,Health Care Supplies,0000105770-21-000008,wst-20201231.htm,10-K,2021-02-23,2020-12-31,2020,https://www.sec.gov/Archives/edgar/data/105770/000010577021000008/wst-20201231.htm,2020/sp500_companies.csv,sample_2020,5,2020/sample_500/html/raw/0000105770/0000105770-21-000008.html,482
430,S2020-430,S2020-430,WRK,WRK,WestRock,WestRock,cik:0001732845,0001732845,,,0001564590-20-054816,wrk-10k_20200930.htm,10-K,2020-11-23,2020-09-30,2020,https://www.sec.gov/Archives/edgar/data/1732845/000156459020054816/wrk-10k_20200930.htm,2020/sp500_companies.csv,sample_2020,5,2020/sample_500/html/raw/0001732845/0001564590-20-054816.html,483
431,S2020-431,S2020-431,WDC,WDC,Western Digital,Western Digital,cik:0000106040,0000106040,Information Technology,"Technology Hardware, Storage & Peripherals",0000106040-20-000049,wdc-20200703.htm,10-K,2020-08-28,2020-07-03,2020,https://www.sec.gov/Archives/edgar/data/106040/000010604020000049/wdc-20200703.htm,2020/sp500_companies.csv,sample_2020,5,2020/sample_500/html/raw/0000106040/0000106040-20-000049.html,484
432,S2020-432,S2020-432,WU,WU,Western Union,Western Union,cik:0001365135,0001365135,,,0001558370-21-001284,wu-20201231x10k.htm,10-K,2021-02-19,2020-12-31,2020,https://www.sec.gov/Archives/edgar/data/1365135/000155837021001284/wu-20201231x10k.htm,2020/sp500_companies.csv,sample_2020,5,2020/sample_500/html/raw/0001365135/0001558370-21-001284.html,485
433,S2020-433,S2020-433,WY,WY,Weyerhaeuser,Weyerhaeuser,cik:0000106535,0000106535,Real Estate,Timber REITs,0001564590-21-006960,wy-10k_20201231.htm,10-K,2021-02-19,2020-12-31,2020,https://www.sec.gov/Archives/edgar/data/106535/000156459021006960/wy-10k_20201231.htm,2020/sp500_companies.csv,sample_2020,5,2020/sample_500/html/raw/0000106535/0001564590-21-006960.html,486
434,S2020-434,S2020-434,WHR,WHR,Whirlpool Corporation,Whirlpool Corporation,cik:0000106640,0000106640,,,0000106640-21-000022,whr-20201231.htm,10-K,2021-02-11,2020-12-31,2020,https://www.sec.gov/Archives/edgar/data/106640/000010664021000022/whr-20201231.htm,2020/sp500_companies.csv,sample_2020,5,2020/sample_500/html/raw/0000106640/0000106640-21-000022.html,487
435,S2020-435,S2020-435,WMB,WMB,Williams Companies,Williams Companies,cik:0000107263,0000107263,Energy,Oil & Gas Storage & Transportation,0000107263-21-000006,wmb-20201231.htm,10-K,2021-02-24,2020-12-31,2020,https://www.sec.gov/Archives/edgar/data/107263/000010726321000006/wmb-20201231.htm,2020/sp500_companies.csv,sample_2020,5,2020/sample_500/html/raw/0000107263/0000107263-21-000006.html,488
436,S2020-436,S2020-436,WYNN,WYNN,Wynn Resorts,Wynn Resorts,cik:0001174922,0001174922,Consumer Discretionary,Casinos & Gaming,0001174922-21-000029,wynn-20201231.htm,10-K,2021-02-26,2020-12-31,2020,https://www.sec.gov/Archives/edgar/data/1174922/000117492221000029/wynn-20201231.htm,2020/sp500_companies.csv,sample_2020,5,2020/sample_500/html/raw/0001174922/0001174922-21-000029.html,490
437,S2020-437,S2020-437,XEL,XEL,Xcel Energy,Xcel Energy,cik:0000072903,0000072903,Utilities,Multi-Utilities,0000072903-21-000012,xel-20201231.htm,10-K,2021-02-17,2020-12-31,2020,https://www.sec.gov/Archives/edgar/data/72903/000007290321000012/xel-20201231.htm,2020/sp500_companies.csv,sample_2020,5,2020/sample_500/html/raw/0000072903/0000072903-21-000012.html,491
438,S2020-438,S2020-438,XRX,XRX,Xerox,Xerox,cik:0001770450,0001770450,,,0001770450-21-000013,xrx-20201231.htm,10-K,2021-02-25,2020-12-31,2020,https://www.sec.gov/Archives/edgar/data/1770450/000177045021000013/xrx-20201231.htm,2020/sp500_companies.csv,sample_2020,5,2020/sample_500/html/raw/0001770450/0001770450-21-000013.html,492
439,S2020-439,S2020-439,XYL,XYL,Xylem Inc.,Xylem Inc.,cik:0001524472,0001524472,Industrials,Industrial Machinery & Supplies & Components,0001524472-21-000008,xyl-20201231.htm,10-K,2021-02-26,2020-12-31,2020,https://www.sec.gov/Archives/edgar/data/1524472/000152447221000008/xyl-20201231.htm,2020/sp500_companies.csv,sample_2020,5,2020/sample_500/html/raw/0001524472/0001524472-21-000008.html,494
440,S2020-440,S2020-440,YUM,YUM,Yum! Brands,Yum! Brands,cik:0001041061,0001041061,Consumer Discretionary,Restaurants,0001041061-21-000012,yum-20201231.htm,10-K,2021-02-22,2020-12-31,2020,https://www.sec.gov/Archives/edgar/data/1041061/000104106121000012/yum-20201231.htm,2020/sp500_companies.csv,sample_2020,5,2020/sample_500/html/raw/0001041061/0001041061-21-000012.html,495
441,S2020-441,S2020-441,ZBRA,ZBRA,Zebra Technologies,Zebra Technologies,cik:0000877212,0000877212,Information Technology,Electronic Equipment & Instruments,0000877212-21-000008,zbra-20201231.htm,10-K,2021-02-11,2020-12-31,2020,https://www.sec.gov/Archives/edgar/data/877212/000087721221000008/zbra-20201231.htm,2020/sp500_companies.csv,sample_2020,5,2020/sample_500/html/raw/0000877212/0000877212-21-000008.html,496
442,S2020-442,S2020-442,ZBH,ZBH,Zimmer Biomet,Zimmer Biomet,cik:0001136869,0001136869,Health Care,Health Care Equipment,0001564590-21-007163,zbh-10k_20201231.htm,10-K,2021-02-22,2020-12-31,2020,https://www.sec.gov/Archives/edgar/data/1136869/000156459021007163/zbh-10k_20201231.htm,2020/sp500_companies.csv,sample_2020,5,2020/sample_500/html/raw/0001136869/0001564590-21-007163.html,497
443,S2020-443,S2020-443,ZION,ZION,Zions Bancorporation,Zions Bancorporation,cik:0000109380,0000109380,,,0000109380-21-000082,zions-20201231.htm,10-K,2021-02-25,2020-12-31,2020,https://www.sec.gov/Archives/edgar/data/109380/000010938021000082/zions-20201231.htm,2020/sp500_companies.csv,sample_2020,5,2020/sample_500/html/raw/0000109380/0000109380-21-000082.html,498
444,S2020-444,S2020-444,ZTS,ZTS,Zoetis,Zoetis,cik:0001555280,0001555280,Health Care,Pharmaceuticals,0001555280-21-000098,zts-20201231.htm,10-K,2021-02-16,2020-12-31,2020,https://www.sec.gov/Archives/edgar/data/1555280/000155528021000098/zts-20201231.htm,2020/sp500_companies.csv,sample_2020,5,2020/sample_500/html/raw/0001555280/0001555280-21-000098.html,499
445,S2020-445,S2020-445,EBAY,EBAY,eBay Inc.,eBay Inc.,cik:0001065088,0001065088,Consumer Discretionary,Broadline Retail,0001065088-21-000006,ebay-20201231.htm,10-K,2021-02-04,2020-12-31,2020,https://www.sec.gov/Archives/edgar/data/1065088/000106508821000006/ebay-20201231.htm,2020/sp500_companies.csv,sample_2020,5,2020/sample_500/html/raw/0001065088/0001065088-21-000006.html,500
