company_id,cik,ticker,company_name,accession_number,report_year,filing_date,parser_version,language_measurement_version,report_positive_count,report_negative_count,report_net_tone,report_uncertainty_count,report_uncertainty_ratio,report_weak_modal_count,report_weak_modal_ratio,report_strong_modal_count,report_strong_modal_ratio,report_litigious_count,report_litigious_ratio,report_constraining_count,report_constraining_ratio,report_positive_ratio,report_negative_ratio,report_net_tone_by_words,report_sentiment_word_coverage,report_total_lm_matched_word_count,report_total_eligible_word_count,lm_report_status
P2025-001,0001754301,FOXA|FOX,Fox Corporation (Class A)|Fox Corporation (Class B),0001628280-25-038077,2025,2025-08-06,1.0.3,0.3.0,227,853,-0.5796296296296296,726,0.01691755604231719,357,0.008318963508412174,90,0.002097217691196346,572,0.013328983548492334,338,0.007876217551381834,0.005289649065573007,0.019876963228783146,-0.01458731416321014,0.025166612294356155,2611,42914,success
P2025-002,0001973266,TKO,TKO Group Holdings,0001193125-26-071651,2025,2026-02-25,1.0.3,0.3.0,422,2036,-0.6566314076484947,1591,0.014280457046431681,813,0.007297304574952204,260,0.002333701340083116,1490,0.01337390383355324,883,0.007925608781897658,0.0037877767904425956,0.01827467664772778,-0.014486899857285187,0.022062453438170378,6131,111411,success
P2025-003,0001335258,LYV,Live Nation Entertainment,0001335258-26-000009,2025,2026-02-19,1.0.3,0.3.0,300,940,-0.5161290322580645,831,0.01776058475282652,407,0.0086986257453675,141,0.003013528820876702,501,0.010707644959285303,442,0.009446664814379448,0.006411763448673833,0.020090192139178013,-0.013678428690504178,0.026501955587851844,2911,46789,success
P2025-004,0001744489,DIS,Walt Disney Company (The),0001744489-25-000155,2025,2025-11-13,1.0.3,0.3.0,218,786,-0.5657370517928287,680,0.013370298275624767,235,0.004620617786429147,89,0.0017499360978391239,602,0.01183664641459722,367,0.0072160286281680724,0.004286360329538528,0.01545449183035451,-0.011168131500815982,0.019740852159893036,2499,50859,success
P2025-005,0001065088,EBAY,eBay Inc.,0001065088-26-000027,2025,2026-02-19,1.0.3,0.3.0,332,1181,-0.5611368142762723,938,0.019524989071834475,491,0.010220436710309944,88,0.001831768697570825,648,0.013488478591203347,416,0.008659270206698445,0.006910763722653567,0.02458316854353573,-0.017672404820882164,0.031493932266189295,3415,48041,success
P2025-006,0000815097,CCL,Carnival Corporation,0000815097-26-000007,2025,2026-01-27,1.0.3,0.3.0,313,575,-0.29504504504504503,551,0.01481302255558244,247,0.006640320455950748,90,0.0024195499637067507,378,0.010162109847568353,334,0.008979218754200607,0.008414657096002367,0.015458235879237572,-0.007043578783235207,0.023872892975239937,2140,37197,success
P2025-007,0001121788,GRMN,Garmin,0001193125-26-056028,2025,2026-02-18,1.0.3,0.3.0,270,998,-0.5741324921135647,916,0.01859709674144757,391,0.007938280377626637,94,0.0019084356918079382,443,0.0089940107603289,401,0.008141305451223227,0.005481676987107908,0.0202619023449396,-0.014780225357831692,0.025743579332047507,2943,49255,success
P2025-008,0001403568,ULTA,Ulta Beauty,0001558370-25-003810,2025,2025-03-27,1.0.3,0.3.0,285,553,-0.3198090692124105,546,0.015937883122190438,279,0.008144083133866543,52,0.0015178936306848036,253,0.007385136318524141,247,0.007209994745752817,0.008319224706637866,0.016142214957090315,-0.007822990250452449,0.02446143966372818,1838,34258,success
P2025-009,0001286681,DPZ,Domino's,0001193125-26-062321,2025,2026-02-23,1.0.3,0.3.0,366,835,-0.39050791007493757,1065,0.0174905567416653,448,0.007357529972080801,130,0.002134997536541304,411,0.0067498768270651995,515,0.008457874856298243,0.006010839218262441,0.01371325340778453,-0.007702414189522089,0.01972409262604697,3152,60890,success
P2025-010,0000109198,TJX,TJX Companies,0000109198-25-000010,2025,2025-04-02,1.0.3,0.3.0,179,675,-0.5807962529274004,681,0.020074283692960736,327,0.009639193491333568,53,0.001562315764650395,288,0.008489564909798374,205,0.006042919467043981,0.005276500412687183,0.019897417757339938,-0.014620917344652753,0.02517391817002712,1997,33924,success
P2025-011,0000906163,NVR,"NVR, Inc.",0000906163-26-000018,2025,2026-02-11,1.0.3,0.3.0,105,497,-0.6511627906976745,485,0.01843475616709111,180,0.0068417651754152575,56,0.0021285491656847467,288,0.010946824280664411,289,0.010984834087194497,0.0039910296856589,0.018890873845452127,-0.014899844159793226,0.022881903531111025,1609,26309,success
P2025-012,0001792789,DASH,DoorDash,0001792789-26-000013,2025,2026-02-18,1.0.3,0.3.0,466,1863,-0.5998282524688707,1564,0.023172086821246017,944,0.013986221201570486,182,0.0026964960367434625,1019,0.01509741462330543,581,0.00860804504037336,0.006904215127046448,0.02760204459589599,-0.020697829468849543,0.03450625972294244,5345,67495,success
P2025-013,0001513761,NCLH,Norwegian Cruise Line Holdings,0001104659-26-022067,2025,2026-03-02,1.0.3,0.3.0,343,1074,-0.515878616796048,1014,0.01705807146221654,530,0.008915954511809434,161,0.0027084314649081487,687,0.011557095753986946,570,0.009588856739115807,0.005770136599152143,0.018067424803176097,-0.012297288204023956,0.02383756140232824,3658,59444,success
P2025-014,0000037996,F,Ford Motor Company,0000037996-26-000015,2025,2026-02-11,1.0.3,0.3.0,387,1638,-0.6177777777777778,1354,0.017823059405810266,607,0.007990101225499875,148,0.0019481630665139729,795,0.010464794850531138,727,0.009569692901051745,0.00509418315365478,0.021561426371283023,-0.016467243217628245,0.026655609524937805,4771,75969,success
P2025-015,0000313927,CHD,Church & Dwight,0001193125-26-048139,2025,2026-02-12,1.0.3,0.3.0,336,1270,-0.5815691158156912,1097,0.017278855846774195,500,0.007875504032258064,115,0.0018113659274193547,587,0.009245841733870967,551,0.008678805443548387,0.005292338709677419,0.020003780241935484,-0.014711441532258064,0.025296118951612902,3718,63488,success
P2025-016,0000040704,GIS,General Mills,0001193125-25-147079,2025,2025-06-26,1.0.3,0.3.0,157,496,-0.5191424196018377,573,0.020689655172413793,312,0.011265571402780285,21,0.0007582596136486731,184,0.006643798519588373,231,0.008340855750135403,0.005668893302040079,0.01790936992236866,-0.012240476620328579,0.023578263224408737,1552,27695,success
P2025-017,0000021665,CL,Colgate-Palmolive,0000021665-26-000006,2025,2026-02-23,1.0.3,0.3.0,233,753,-0.5273833671399595,714,0.017892943063352044,275,0.006891539695268645,78,0.001954691259021652,431,0.010800922213311949,302,0.007568163592622293,0.005839013632718525,0.01887028869286287,-0.013031275060144346,0.024709302325581394,2362,39904,success
P2025-018,0000016918,STZ,Constellation Brands,0000016918-25-000022,2025,2025-04-23,1.0.3,0.3.0,285,1085,-0.583941605839416,791,0.017575434386526242,345,0.00766564458072257,85,0.0018886370706128071,387,0.00859885348620184,412,0.009154334977558548,0.006332489001466471,0.024107896724881128,-0.017775407723414655,0.030440385726347597,2818,45006,success
P2025-019,0000091419,SJM,J.M. Smucker Company (The),0000091419-25-000056,2025,2025-06-18,1.0.3,0.3.0,328,1267,-0.5887147335423197,886,0.018869130018102438,347,0.007390054307315515,82,0.0017463528910659143,400,0.008518794590565435,374,0.007965072942178682,0.006985411564263657,0.026983281865616014,-0.019997870301352357,0.033968693429879675,3085,46955,success
P2025-020,0000100493,TSN,Tyson Foods,0000100493-25-000095,2025,2025-11-10,1.0.3,0.3.0,280,1193,-0.6198234894772573,1113,0.022394816797118654,356,0.007163121994406326,90,0.0018109016277993522,750,0.015090846898327934,437,0.008792933459425743,0.005633916175375762,0.0240045071329403,-0.018370590957564537,0.029638423308316064,3438,49699,success
P2025-021,0000104169,WMT,Walmart,0000104169-25-000021,2025,2025-03-14,1.0.3,0.3.0,304,1167,-0.5866757307953773,765,0.016963058228746285,403,0.008936094727038893,106,0.0023504368264668056,759,0.016830014634795335,300,0.006652179697547563,0.006740875426848197,0.02587697902346002,-0.019136103596611824,0.032617854450308216,3144,45098,success
P2025-022,0000034088,XOM,ExxonMobil,0000034088-26-000045,2025,2026-02-18,1.0.3,0.3.0,372,561,-0.20257234726688103,523,0.013473131021690968,207,0.005332577670153021,91,0.002344273275284662,223,0.005744757586686589,331,0.008526972023288166,0.00958318305940543,0.01445205832345819,-0.004868875264052759,0.02403524138286362,1965,38818,success
P2025-023,0001539838,FANG,Diamondback Energy,0001539838-26-000010,2025,2026-02-25,1.0.3,0.3.0,306,1307,-0.6205827650340979,1301,0.019803638024202756,571,0.008691681254281148,134,0.002039729050917117,694,0.010563969860719995,706,0.010746632163787198,0.004657888728213715,0.019894969175736358,-0.015237080447522642,0.024552857903950072,4230,65695,success
P2025-024,0000045012,HAL,Halliburton,0000045012-26-000015,2025,2026-02-06,1.0.3,0.3.0,132,625,-0.6512549537648613,563,0.018134381240739548,241,0.007762674740707337,48,0.0015460928944147393,328,0.010564968111834053,300,0.009663080590092122,0.004251755459640533,0.020131417896025253,-0.01587966243638472,0.024383173355665786,1887,31046,success
P2025-025,0000093410,CVX,Chevron Corporation,0000093410-26-000078,2025,2026-02-24,1.0.3,0.3.0,236,731,-0.5118924508790073,730,0.015130474433643543,262,0.005430389454266587,48,0.0009948805107053288,479,0.009928078429746927,427,0.008850291209816154,0.0048914958443012,0.015151201110949903,-0.010259705266648704,0.020042696955251103,2471,48247,success
P2025-026,0001140536,WTW,Willis Towers Watson,0001193125-26-069307,2025,2026-02-25,1.0.3,0.3.0,563,2004,-0.5613556680950526,2005,0.0196358793054481,803,0.007864145178191933,209,0.0020468323066526947,1233,0.01207533126364963,857,0.008392991802877317,0.005513715735145776,0.01962608584943541,-0.014112370114289632,0.025139801584581182,6479,102109,success
P2025-027,0001141391,MA,Mastercard,0001141391-26-000013,2025,2026-02-11,1.0.3,0.3.0,388,1108,-0.48128342245989303,893,0.017775742978282938,483,0.009614427613113841,48,0.0009554710671417482,907,0.018054422039532614,328,0.006529052292135279,0.007723391126062464,0.022055457133188686,-0.014332066007126222,0.02977884825925115,3405,50237,success
P2025-028,0000093751,STT,State Street Corporation,0000093751-26-000124,2025,2026-02-19,1.0.3,0.3.0,426,1971,-0.6445556946182729,2540,0.026186376898254586,837,0.00862913285977917,142,0.0014639628029732878,1154,0.011897275173458973,923,0.00951575821932637,0.004391888408919863,0.020320216089157395,-0.015928327680237532,0.02471210449807726,6894,96997,success
P2025-029,0000070858,BAC,Bank of America,0000070858-26-000157,2025,2026-02-25,1.0.3,0.3.0,329,2439,-0.7622832369942196,2256,0.02267906509173159,646,0.0064940939934656945,114,0.0011460165870821814,1056,0.010615732596129681,861,0.00865544106559437,0.003307363659210857,0.024518723297310883,-0.021211359638100027,0.02782608695652174,6728,99475,success
P2025-030,0000038777,BEN,Franklin Resources,0000038777-25-000238,2025,2025-11-10,1.0.3,0.3.0,179,903,-0.6691312384473198,857,0.019549249509557918,396,0.00903325881655185,73,0.0016652219535562753,683,0.015580090332588165,425,0.009694785346046808,0.004083215475158539,0.020598567452894748,-0.01651535197773621,0.024681782928053286,2932,43838,success
P2025-031,0001393818,BX,Blackstone Inc.,0001193125-26-082531,2025,2026-02-27,1.0.3,0.3.0,370,1180,-0.5225806451612903,1135,0.01702644724801608,632,0.009480805868498822,145,0.002175184890715711,688,0.010320877274568338,605,0.009075771440572448,0.005550471790102159,0.017701504627893373,-0.012151032837791212,0.02325197641799553,3948,66661,success
P2025-032,0001281761,RF,Regions Financial Corporation,0001281761-26-000019,2025,2026-02-24,1.0.3,0.3.0,363,1915,-0.6812993854258121,1803,0.022409485812297254,731,0.009085598518463278,183,0.0022745068794511355,959,0.01191941036827125,751,0.009334178505288539,0.0045117267608784815,0.02380153373851871,-0.01928980697764023,0.028313260499397194,5718,80457,success
P2025-033,0000895421,MS,Morgan Stanley,0000895421-26-000086,2025,2026-02-19,1.0.3,0.3.0,316,1836,-0.7063197026022305,2153,0.02435382614105537,574,0.006492845427294836,131,0.0014818166393303547,1211,0.01369832023075618,1008,0.011402070018664104,0.0035744584582320005,0.020768056105423902,-0.017193597647191902,0.024342514563655902,6343,88405,success
P2025-034,0000004977,AFL,Aflac,0001628280-26-011402,2025,2026-02-25,1.0.3,0.3.0,413,1311,-0.5208816705336426,1280,0.017060752272545516,402,0.005358142510596326,166,0.002212566310345747,635,0.008463732572708127,437,0.005824647455548743,0.005504758350438514,0.01747394236664623,-0.011969184016207715,0.022978700717084743,4024,75026,success
P2025-035,0001136893,FIS,Fidelity National Information Services,0001136893-26-000013,2025,2026-02-24,1.0.3,0.3.0,289,1130,-0.5926708949964764,917,0.017362491716368455,397,0.007516803938275111,100,0.0018934014957871818,726,0.013746094859414939,486,0.009201931269525702,0.005471930322824955,0.021395436902395152,-0.015923506579570198,0.02686736722522011,3476,52815,success
P2025-036,0000036270,MTB,M&T Bank,0000036270-26-000010,2025,2026-02-18,1.0.3,0.3.0,223,1429,-0.7300242130750605,1252,0.020006391818472354,536,0.008565036752956216,80,0.001278363694471077,703,0.011233620965164589,588,0.009395973154362415,0.0035634387983381273,0.022834771492489612,-0.019271332694151485,0.026398210290827742,4099,62580,success
P2025-037,0001512673,XYZ,"Block, Inc.",0001628280-26-012254,2025,2026-02-26,1.0.3,0.3.0,429,1843,-0.6223591549295775,1498,0.020633608815426998,899,0.012382920110192838,171,0.002355371900826446,935,0.012878787878787878,629,0.008663911845730028,0.005909090909090909,0.025385674931129476,-0.019476584022038567,0.03129476584022039,5231,72600,success
P2025-038,0002012383,BLK,BlackRock,0001193125-26-071966,2025,2026-02-25,1.0.3,0.3.0,475,1556,-0.5322501230920729,2130,0.02041618341975865,745,0.007140871665596335,166,0.0015911203979718008,1140,0.010926971407758149,872,0.008358174620671146,0.004552904753232562,0.014914357465326036,-0.010361452712093473,0.019467262218558597,6023,104329,success
P2025-039,0000072971,WFC,Wells Fargo,0000072971-26-000133,2025,2026-02-24,1.0.3,0.3.0,49,152,-0.5124378109452736,117,0.013068245280911427,73,0.008153691500055847,19,0.0021221936780967273,157,0.017536021445325588,150,0.01675416061655311,0.00547302580140735,0.01697754942477382,-0.011504523623366469,0.022450575226181168,628,8953,success
P2025-040,0000315293,AON,Aon plc,0001628280-26-008116,2025,2026-02-13,1.0.3,0.3.0,351,1052,-0.49964362081254454,1080,0.02091969162824933,469,0.009084569790415681,81,0.0015689768721186999,713,0.013810870491612753,395,0.007651183512183783,0.006798899779181033,0.020377329252702126,-0.013578429473521093,0.02717622903188316,3446,51626,success
P2025-041,0001035267,ISRG,Intuitive Surgical,0001035267-26-000010,2025,2026-02-03,1.0.3,0.3.0,487,2060,-0.6175893207695328,1710,0.021502942507922135,970,0.012197575574669283,227,0.0028544841808762133,1114,0.014008349680599568,727,0.009141894270911926,0.0061239374276947835,0.025904129570947135,-0.019780192143252353,0.03202806699864192,6002,79524,success
P2025-042,0000313616,DHR,Danaher Corporation,0000313616-26-000062,2025,2026-02-24,1.0.3,0.3.0,321,1507,-0.6487964989059081,1049,0.017486539198853124,393,0.00655120105352648,101,0.0016836420010335228,889,0.014819383553651503,575,0.009585090599943323,0.0053509810131857505,0.025121272233242762,-0.01977029122005701,0.03047225324642851,4120,59989,success
P2025-043,0000860730,HCA,HCA Healthcare,0001193125-26-044769,2025,2026-02-10,1.0.3,0.3.0,395,1729,-0.628060263653484,1258,0.017602776145299863,699,0.009780874821593484,158,0.0022108415190440207,1113,0.015573839308202502,705,0.009864830828645789,0.005527103797610052,0.024193322698905773,-0.01866621890129572,0.029720426496515826,5043,71466,success
P2025-044,0000872589,REGN,Regeneron Pharmaceuticals,0000872589-26-000008,2025,2026-02-04,1.0.3,0.3.0,691,1781,-0.44093851132686085,1452,0.020762730041611256,858,0.012268885933679379,191,0.002731185563324897,1295,0.0185177241073599,681,0.009737891982325941,0.009880885990876982,0.02546723292294053,-0.015586346932063547,0.03534811891381751,5729,69933,success
P2025-045,0001071739,CNC,Centene Corporation,0001071739-26-000049,2025,2026-02-17,1.0.3,0.3.0,501,1524,-0.5051851851851852,1145,0.019617921699648763,568,0.009731859847511352,147,0.002518632742225649,1046,0.0179216996487621,569,0.009748993403580913,0.00858391159085068,0.02611153945001285,-0.01752762785916217,0.03469545104086353,4514,58365,success
P2025-046,0001000228,HSIC,Henry Schein,0001000228-26-000013,2025,2026-02-24,1.0.3,0.3.0,169,466,-0.46771653543307085,553,0.01429162144001654,143,0.0036956634103478578,54,0.0013955652039075825,429,0.011086990231043573,276,0.007132888819972089,0.004367602212229286,0.01204321083372099,-0.007675608621491704,0.016410813045950278,1845,38694,success
P2025-047,0001000697,WAT,Waters Corporation,0001193125-26-062604,2025,2026-02-23,1.0.3,0.3.0,285,929,-0.5304777594728172,946,0.018014929920780014,440,0.00837903717245582,145,0.0027612736136502134,567,0.010797531992687386,422,0.008036258379037172,0.005427330895795247,0.0176911943936624,-0.012263863497867154,0.023118525289457646,3157,52512,success
P2025-048,0000731766,UNH,UnitedHealth Group,0000731766-26-000062,2025,2026-03-02,1.0.3,0.3.0,285,796,-0.4727104532839963,660,0.01771669395753362,348,0.009341529541245,65,0.0017448259200601294,652,0.01750194615198776,326,0.00875097307599388,0.007650390572571337,0.021367406651813275,-0.01371701607924194,0.029017797224384613,2612,37253,success
P2025-049,0001555280,ZTS,Zoetis,0001555280-26-000011,2025,2026-02-12,1.0.3,0.3.0,394,1362,-0.55125284738041,1381,0.022184738955823294,657,0.010554216867469879,119,0.0019116465863453815,744,0.011951807228915663,523,0.00840160642570281,0.006329317269076306,0.021879518072289158,-0.015550200803212852,0.028208835341365462,4259,62250,success
P2025-050,0000010456,BAX,Baxter International,0001628280-26-007733,2025,2026-02-12,1.0.3,0.3.0,332,1477,-0.6329463792150359,1181,0.020758630387400688,568,0.00998382900935105,86,0.0015116360824017436,741,0.013024678337903396,517,0.00908739365815932,0.005835618364620685,0.025961470857062505,-0.02012585249244182,0.031797089221683186,3993,56892,success
P2025-051,0000842023,TECH,Bio-Techne,0001558370-25-011716,2025,2025-08-22,1.0.3,0.3.0,294,1062,-0.5663716814159292,749,0.01612000688705234,279,0.0060046487603305785,111,0.0023889462809917354,566,0.012181473829201102,430,0.009254476584022038,0.006327479338842975,0.022856404958677686,-0.01652892561983471,0.02918388429752066,2966,46464,success
P2025-052,0001093557,DXCM,Dexcom,0001093557-26-000027,2025,2026-02-12,1.0.3,0.3.0,422,2155,-0.6724873884361661,1660,0.023170765751933223,1080,0.015074956031378242,229,0.003196449010357053,1289,0.017992239189302366,756,0.01055246922196477,0.005890399486334832,0.03008012059964825,-0.02418972111331342,0.03597052008598308,6137,71642,success
P2025-053,0000936468,LMT,Lockheed Martin,0001628280-26-004195,2025,2026-01-29,1.0.3,0.3.0,316,1032,-0.5311572700296736,1059,0.019474787597925633,492,0.009047776674390379,85,0.001563132149030858,984,0.018095553348780758,516,0.009489131634116738,0.005811173636397072,0.018978263268233476,-0.013167089631836404,0.02478943690463055,3825,54378,success
P2025-054,0000702165,NSC,Norfolk Southern,0001628280-26-006268,2025,2026-02-09,1.0.3,0.3.0,176,945,-0.6859946476360392,588,0.01745117825132071,282,0.008369442630735443,90,0.0026710987119368435,473,0.014038107674956966,245,0.007271324271383629,0.0052234819255653825,0.028046536475336854,-0.022823054549771474,0.03327001840090224,2351,33694,success
P2025-055,0000052988,J,Jacobs Solutions,0001628280-25-053316,2025,2025-11-20,1.0.3,0.3.0,406,1537,-0.582089552238806,1269,0.021513214776137116,679,0.011511010900706935,116,0.00196653499923712,926,0.015698374218048046,588,0.009968298099581264,0.00688287249732992,0.02605658873989184,-0.01917371624256192,0.03293946123722176,4595,58987,success
P2025-056,0000105634,EME,Emcor,0000105634-26-000025,2025,2026-02-26,1.0.3,0.3.0,284,938,-0.5351882160392799,950,0.021093298991962342,399,0.008859185576624184,86,0.00190949864558817,624,0.013854966916825792,472,0.010480039078111817,0.006305786224965584,0.020826857320484924,-0.014521071095519339,0.02713264354545051,3127,45038,success
P2025-057,0000076334,PH,Parker Hannifin,0000076334-25-000035,2025,2025-08-22,1.0.3,0.3.0,233,467,-0.3342857142857143,500,0.017506389832288784,198,0.006932530373586359,57,0.0019957284408809216,292,0.01022373166205665,200,0.0070025559329155145,0.008157977661846574,0.016350968103357726,-0.008192990441511151,0.0245089457652043,1662,28561,success
P2025-058,0000900075,CPRT,Copart,0001628280-25-042946,2025,2025-09-26,1.0.3,0.3.0,253,740,-0.4904330312185297,670,0.017095761782041797,347,0.008854073639355975,100,0.0025516062361256413,435,0.011099487127146538,263,0.006710724401010436,0.006455563777397872,0.018881886147329743,-0.012426322369931872,0.025337449924727615,2345,39191,success
P2025-060,0001090727,UPS,United Parcel Service,0001628280-26-008432,2025,2026-02-17,1.0.3,0.3.0,311,802,-0.4411500449236298,896,0.01775980654496442,351,0.006957245644288517,109,0.0021605121801351805,483,0.009573645715644882,419,0.008305088105290282,0.006164397137816892,0.0158966125547561,-0.009732215416939208,0.02206100969257299,2826,50451,success
P2025-061,0001048911,FDX,FedEx,0001048911-25-000011,2025,2025-07-21,1.0.3,0.3.0,515,978,-0.3101138647019424,1124,0.018020906817161546,576,0.009234913102032963,128,0.0020522029115628807,644,0.010325145898800745,459,0.0073590713781825174,0.008256910151991278,0.015680112871160137,-0.0074232027191688576,0.023937023023151413,3645,62372,success
P2025-062,0001067701,URI,United Rentals,0001067701-26-000007,2025,2026-01-28,1.0.3,0.3.0,240,887,-0.5740905057675244,798,0.017124463519313304,365,0.007832618025751073,100,0.002145922746781116,405,0.00869098712446352,495,0.010622317596566523,0.005150214592274678,0.019034334763948498,-0.013884120171673819,0.024184549356223176,2779,46600,success
P2025-063,0001316835,BLDR,Builders FirstSource,0001193125-26-054643,2025,2026-02-17,1.0.3,0.3.0,377,904,-0.41139734582357534,863,0.016598388244571386,406,0.0078087434846998635,105,0.002019502625353413,424,0.00815494393476045,453,0.008712711326524724,0.007250976092935587,0.017386955936376052,-0.010135979843440463,0.024637932029311638,2938,51993,success
P2025-064,0000040545,GE,GE Aerospace,0000040545-26-000008,2025,2026-01-29,1.0.3,0.3.0,237,909,-0.5863874345549738,763,0.017479553733018717,269,0.006162516322650111,103,0.0023596252090444664,606,0.013882843462921811,347,0.007949416966392522,0.005429428879063481,0.020824265194382716,-0.015394836315319236,0.026253694073446198,2810,43651,success
P2025-065,0001035983,FIX,Comfort Systems USA,0001104659-26-017530,2025,2026-02-19,1.0.3,0.3.0,359,913,-0.43553459119496857,988,0.019750124937531234,401,0.008015992003998001,131,0.0026186906546726636,729,0.01457271364317841,531,0.010614692653673163,0.007176411794102949,0.01825087456271864,-0.011074462768615692,0.02542728635682159,3487,50025,success
P2025-066,0000062996,MAS,Masco,0000062996-26-000005,2025,2026-02-10,1.0.3,0.3.0,138,471,-0.5467980295566502,536,0.019977636973537084,216,0.008050689526649273,53,0.001975400670890794,188,0.007007081625046589,223,0.008311591502049943,0.005143496086470369,0.017554975773388,-0.01241147968691763,0.022698471859858366,1521,26830,success
P2025-067,0001474735,GNRC,Generac,0001437749-26-004568,2025,2026-02-18,1.0.3,0.3.0,318,1007,-0.52,790,0.016608152710913027,355,0.007463157230853322,101,0.002123320789623058,547,0.011499569028948642,338,0.007105766602896966,0.0066853070405953705,0.02117013896188534,-0.01448483192128997,0.027855446002480713,2883,47567,success
P2025-068,0000092380,LUV,Southwest Airlines,0000092380-26-000004,2025,2026-02-05,1.0.3,0.3.0,436,1508,-0.551440329218107,1029,0.015330979305412775,525,0.007821928217047334,152,0.0022646344552213235,921,0.013721896929334466,556,0.008283794454625367,0.00649592514787169,0.022467557621537865,-0.015971632473666175,0.028963482769409556,4292,67119,success
P2025-069,0001535527,CRWD,CrowdStrike,0001535527-25-000009,2025,2025-03-10,1.0.3,0.3.0,537,2082,-0.5899198167239404,1330,0.020498435645700724,815,0.012561071467102322,180,0.0027742243731023533,866,0.01334710170614799,553,0.008523033768475564,0.00827643604642202,0.032088528582217224,-0.0238120925357952,0.04036496462863924,5215,64883,success
P2025-070,0000864749,TRMB,Trimble Inc.,0000864749-25-000090,2025,2025-04-25,1.0.3,0.3.0,376,828,-0.3754152823920266,703,0.018444182080545716,372,0.009759937032664305,71,0.001862783680965499,281,0.007372425554243736,319,0.00836940836940837,0.00986488259215532,0.021723730814639904,-0.011858848222484586,0.031588613406795224,2467,38115,success
P2025-071,0000050863,INTC,Intel,0000050863-26-000011,2025,2026-01-23,1.0.3,0.3.0,433,1440,-0.5376401494927923,871,0.014465314799129755,386,0.006410575789281384,100,0.0016607709298656437,529,0.008785478218989255,552,0.009167455532858353,0.007191138126318237,0.02391510139006527,-0.016723963263747033,0.031106239516383506,3639,60213,success
P2025-072,0001561550,DDOG,Datadog,0001628280-26-008819,2025,2026-02-18,1.0.3,0.3.0,358,1329,-0.5755779490219324,1147,0.022638008960467366,681,0.013440701048019421,154,0.0030394536878046853,653,0.012888073104782205,436,0.008605206544693786,0.00706574298853297,0.026230090591509266,-0.019164347602976296,0.03329583358004223,3871,50667,success
P2025-073,0000820313,APH,Amphenol,0001104659-26-013549,2025,2026-02-11,1.0.3,0.3.0,272,901,-0.5362318840579711,1074,0.01640746738366586,404,0.006171896483241162,116,0.0017721286932078585,667,0.010189739985945186,502,0.007669039689571939,0.004155336246142565,0.013764551315347245,-0.009609215069204681,0.017919887561489812,3378,65458,success
P2025-074,0001645590,HPE,Hewlett Packard Enterprise,0001645590-25-000130,2025,2025-12-18,1.0.3,0.3.0,508,1692,-0.5381818181818182,1671,0.02124791780578055,801,0.01018526760169373,138,0.0017547652047861858,855,0.010871914855740497,661,0.008405071017128033,0.006459570463995524,0.021514947293465408,-0.015055376829469882,0.02797451775746093,5189,78643,success
P2025-075,0000319201,KLAC,KLA Corporation,0000319201-25-000024,2025,2025-08-08,1.0.3,0.3.0,372,1284,-0.5507246376811594,1170,0.020653862448806667,587,0.01036223697217907,150,0.0026479310831803416,556,0.009814997881655133,569,0.01004448524219743,0.006566869086287248,0.022666290072023726,-0.016099420985736478,0.029233159158310974,3854,56648,success
P2025-076,0000068505,MSI,Motorola Solutions,0000068505-26-000010,2025,2026-02-12,1.0.3,0.3.0,323,929,-0.4840255591054313,945,0.01794292441187081,404,0.00767083752634477,101,0.0019177093815861924,711,0.013499914557502801,395,0.007499952531946,0.006132872576755843,0.017639128866272998,-0.011506256289517154,0.02377200144302884,3231,52667,success
P2025-077,0001045810,NVDA,Nvidia,0001045810-25-000023,2025,2025-02-26,1.0.3,0.3.0,269,1070,-0.5982076176250933,923,0.020559082303151798,583,0.01298585588595612,86,0.0019155807996436129,506,0.011270742844414745,471,0.010491146007350485,0.0059917585477224635,0.023833389018821694,-0.017841630471099233,0.02982514756654416,3170,44895,success
P2025-078,0001601046,KEYS,Keysight Technologies,0001601046-25-000127,2025,2025-12-17,1.0.3,0.3.0,377,1127,-0.49867021276595747,1090,0.0196237285084166,460,0.008281573498964804,134,0.002412458367089747,701,0.012620397875596363,511,0.009199747952110902,0.006787289585021154,0.020289855072463767,-0.013502565487442613,0.02707714465748492,3734,55545,success
P2025-079,0001327811,WDAY,"Workday, Inc.",0001327811-25-000056,2025,2025-03-11,1.0.3,0.3.0,310,1090,-0.5571428571428572,1004,0.02258158835833652,565,0.012707766357032005,90,0.00202424596837678,539,0.012122984188389824,379,0.008524324689053328,0.006972402779964464,0.024515867839229887,-0.017543465059265424,0.03148827061919435,3250,44461,success
P2025-080,0001137789,STX,Seagate Technology,0001137789-25-000157,2025,2025-08-01,1.0.3,0.3.0,276,1182,-0.6213991769547325,956,0.020676976316643236,526,0.011376662701416676,129,0.002790094084567968,483,0.01044663133989402,438,0.009473342705742403,0.005969503622796583,0.0255650481237158,-0.01959554450091922,0.03153455174651238,3281,46235,success
P2025-081,0001262039,FTNT,Fortinet,0001262039-26-000007,2025,2026-02-25,1.0.3,0.3.0,412,2160,-0.6796267496111975,1509,0.022765674974352786,953,0.01437752700500875,119,0.001795305050992698,783,0.01181280550359061,583,0.008795486090157505,0.0062156779916721985,0.03258704966507755,-0.026371371673405346,0.03880272765674974,5270,66284,success
P2025-082,0001467373,ACN,Accenture,0001467373-25-000217,2025,2025-10-10,1.0.3,0.3.0,342,941,-0.46687451286048326,886,0.021768506916291983,471,0.011572197243310975,77,0.001891845409203705,619,0.01520847153632589,303,0.0074445345323210736,0.0084027419473723,0.0231198250657232,-0.0147170831183509,0.0315225670130955,3028,40701,success
P2025-083,0000916076,MLM,Martin Marietta Materials,0001193125-26-059193,2025,2026-02-19,1.0.3,0.3.0,403,1116,-0.46938775510204084,1139,0.016468342900105546,427,0.006173821262813932,116,0.001677197345401443,503,0.007272674696007981,662,0.009571591747032373,0.0058268149154894954,0.016135795150586295,-0.0103089802350968,0.02196261006607579,3727,69163,success
P2025-084,0000079879,PPG,PPG Industries,0000079879-26-000046,2025,2026-02-19,1.0.3,0.3.0,203,739,-0.5690021231422505,566,0.016039901380111656,185,0.005242723949329782,66,0.001870377192733868,469,0.013291013687760365,274,0.007764899254683028,0.005752826820075382,0.02094255674894437,-0.01518972992886899,0.02669538356901975,2096,35287,success
P2025-085,0001396009,VMC,Vulcan Materials Company,0001628280-26-009546,2025,2026-02-19,1.0.3,0.3.0,335,682,-0.34119960668633237,672,0.013729977116704805,181,0.0036981039555410264,99,0.0020227198430859757,506,0.010338345864661654,397,0.008111310885910428,0.0068445570447858775,0.013934292252370056,-0.007089735207584178,0.020778849297155934,2466,48944,success
P2025-086,0000009389,BALL,Ball Corporation,0001104659-26-017410,2025,2026-02-19,1.0.3,0.3.0,224,536,-0.4105263157894737,722,0.016644765659220323,243,0.005602047167853932,94,0.0021670470525854716,486,0.011204094335707864,335,0.00772298683634184,0.005164027018927081,0.012356778938146944,-0.007192751919219863,0.017520805957074025,2303,43377,success
P2025-087,0000849395,CRH,CRH plc,0001628280-26-009043,2025,2026-02-18,1.0.3,0.3.0,314,628,-0.3333333333333333,684,0.015318462778822897,282,0.006315506584251545,73,0.0016348651796112155,323,0.007233718534444146,362,0.008107139657798083,0.00703215981367016,0.01406431962734032,-0.00703215981367016,0.02109647944101048,2258,44652,success
P2025-088,0000034903,FRT,Federal Realty Investment Trust,0000034903-26-000017,2025,2026-02-12,1.0.3,0.3.0,212,562,-0.45219638242894056,799,0.01974350737601621,392,0.00968642664755739,108,0.002668709382490301,247,0.006103437198843559,356,0.008796856853393957,0.005238577676740221,0.013887172897773605,-0.008648595221033383,0.019125750574513826,2194,40469,success
P2025-089,0001289490,EXR,Extra Space Storage,0001289490-26-000011,2025,2026-02-20,1.0.3,0.3.0,173,602,-0.5535483870967742,665,0.019131735665583016,337,0.009695330705716505,84,0.0024166402945999597,263,0.0075663856842832075,287,0.008256854339883195,0.0049771282257832505,0.017319255444633044,-0.012342127218849794,0.022296383670416295,1967,34759,success
P2025-090,0001297996,DLR,Digital Realty,0001104659-26-015365,2025,2026-02-13,1.0.3,0.3.0,524,1032,-0.3264781491002571,1467,0.01894125242091672,678,0.008754034861200775,226,0.0029180116204002584,441,0.005693996126533247,578,0.0074628792769528725,0.006765655261459006,0.013324725629438348,-0.006559070367979342,0.020090380890897354,4111,77450,success
P2025-091,0000920522,ESS,Essex Property Trust,0000920522-26-000003,2025,2026-02-20,1.0.3,0.3.0,257,893,-0.5530434782608695,945,0.019157088122605363,579,0.011737517484643922,101,0.002047477143262584,364,0.007379026536114659,370,0.00750065884165501,0.0052099170873117235,0.018102941474588984,-0.01289302438727726,0.02331285856190071,2807,49329,success
P2025-092,0001705696,VICI,Vici Properties,0001705696-26-000034,2025,2026-02-25,1.0.3,0.3.0,311,1104,-0.5604240282685512,1015,0.016528521877900635,565,0.00920060577439789,188,0.0030614405054633686,536,0.008728362292172158,613,0.009982250158771515,0.0050644042404207855,0.0179778208405934,-0.012913416600172613,0.023042225081014184,3655,61409,success
P2025-093,0000074208,UDR,"UDR, Inc.",0000074208-26-000013,2025,2026-02-17,1.0.3,0.3.0,349,1113,-0.5225718194254446,1105,0.016493275818320222,559,0.008343657178679643,161,0.0024030926757914535,490,0.007313760317626162,469,0.007000313446870755,0.005209188471125573,0.01661268415003657,-0.011403495678910996,0.02182187262116214,3481,66997,success
P2025-094,0001687229,INVH,Invitation Homes,0001687229-26-000016,2025,2026-02-19,1.0.3,0.3.0,618,1533,-0.42538354253835425,1439,0.02120636043444302,897,0.013218975197842521,161,0.0023726365739717347,658,0.009696862519710569,707,0.01041896930309327,0.009107387594500199,0.022591626508687387,-0.013484238914187189,0.03169901410318759,4906,67857,success
P2025-095,0001004980,PCG,PG&E Corporation,0001004980-26-000009,2025,2026-02-12,1.0.3,0.3.0,270,1485,-0.6923076923076923,1124,0.015810276679841896,479,0.006737653496124795,176,0.002475630512146062,1073,0.015092906474617755,583,0.00820052607148383,0.0037978422629513452,0.0208881324462324,-0.017090290183281055,0.024685974709183746,4388,71093,success
P2025-096,0000715957,D,Dominion Energy,0001193125-26-063120,2025,2026-02-23,1.0.3,0.3.0,582,1874,-0.5260586319218241,2077,0.013385664385239034,743,0.004788420143588157,322,0.002075196885915729,1931,0.01244473660466855,1226,0.00790121547246175,0.0037508217006302926,0.01207738808759651,-0.008326566386966217,0.015828209788226803,7676,155166,success
P2025-097,0000764622,PNW,Pinnacle West Capital,0000764622-26-000011,2025,2026-02-25,1.0.3,0.3.0,345,949,-0.4667697063369397,1168,0.01615289936245834,459,0.006347757540555118,191,0.002641441590949951,1155,0.015973115379828238,597,0.008256233663859271,0.004771190308260382,0.0131242307319974,-0.008353040423737017,0.01789542104025778,4214,72309,success
P2025-098,0000065984,ETR,Entergy,0000065984-26-000174,2025,2026-02-19,1.0.3,0.3.0,743,2777,-0.5778409090909091,2552,0.011506276150627616,988,0.004454624152358967,439,0.001979331986726302,3271,0.014748052229115568,1526,0.006880320300100996,0.003349985572067523,0.012520740152936085,-0.009170754580868561,0.015870725725003608,10917,221792,success
P2025-099,0001013871,NRG,NRG Energy,0001013871-26-000004,2025,2026-02-24,1.0.3,0.3.0,323,1270,-0.5944758317639673,1266,0.018330027364732795,541,0.007832973779084079,101,0.0014623481546903732,1053,0.015246065414742207,669,0.00968624668799861,0.004676618356089015,0.018387942143136375,-0.01371132378704736,0.02306456049922539,4440,69067,success
P2025-100,0000788784,PEG,Public Service Enterprise Group,0001193125-26-077446,2025,2026-02-26,1.0.3,0.3.0,412,1505,-0.5701617110067815,1598,0.015131716000984792,599,0.005672026210631972,228,0.002158968240440884,1404,0.01329469916482018,888,0.008408613146980284,0.0039012934871124746,0.014251084218699694,-0.01034979073158722,0.01815237770581217,5822,105606,success
P2025-R001,0000049826,ITW,Illinois Tool Works,0000049826-26-000008,2025,2026-02-13,1.0.3,0.3.0,281,477,-0.25857519788918204,456,0.014506585226188204,173,0.005503594833619648,42,0.0013361328497804924,150,0.00477190303493033,152,0.004835528408729401,0.008939365018769485,0.01517465165107845,-0.006235286632308965,0.024114016669847936,1494,31434,success
S2025-101,0000029989,OMC,Omnicom Group,0000029989-26-000006,2025,2026-02-20,1.0.3,0.3.0,235,645,-0.4659090909090909,710,0.01675911719579842,260,0.006137141508320548,75,0.0017703292812463118,358,0.008450371769149062,346,0.008167119084149651,0.00554703174790511,0.015224831818718282,-0.009677800070813172,0.020771863566623392,2266,42365,success
S2025-102,0000712515,EA,Electronic Arts,0000712515-25-000022,2025,2025-05-13,1.0.3,0.3.0,190,589,-0.5121951219512195,584,0.017325264032277205,307,0.009107630236145721,59,0.0017503263320280053,294,0.008721965112139551,336,0.009967960128159488,0.005636644120090187,0.017473596772279578,-0.01183695265218939,0.023110240892369766,1961,33708,success
S2025-103,0001437107,WBD,Warner Bros. Discovery,0001437107-26-000020,2025,2026-02-27,1.0.3,0.3.0,317,1267,-0.5997474747474747,1037,0.016532746636056375,534,0.008513487660225751,150,0.002391429118040941,663,0.01057011670174096,603,0.009613545054524584,0.005053886869459856,0.020199604617052485,-0.015145717747592628,0.02525349148651234,3745,62724,success
S2025-104,0001326801,META,Meta Platforms,0001628280-26-003942,2025,2026-01-29,1.0.3,0.3.0,367,2222,-0.7164928543839321,1304,0.01857338195077484,705,0.010041590701914311,189,0.0026920009115770282,1583,0.02254728805834093,589,0.008389357338195078,0.00522732452142206,0.03164881494986326,-0.026421490428441205,0.036876139471285325,5814,70208,success
S2025-105,0000732717,T,AT&T,0000732717-26-000120,2025,2026-02-09,1.0.3,0.3.0,234,604,-0.441527446300716,540,0.013745354579239423,240,0.006109046479661966,103,0.0026217991141882606,427,0.010869011861731915,347,0.008832663035177926,0.005956320317670417,0.015374433640482615,-0.009418113322812198,0.02133075395815303,2144,39286,success
S2025-106,0001564708,NWSA|NWS,News Corp (Class A)|News Corp (Class B),0001564708-25-000419,2025,2025-08-06,1.0.3,0.3.0,293,1016,-0.5523300229182582,933,0.016743234512956714,381,0.006837269399181681,114,0.0020457971430622355,570,0.010228985715311176,479,0.008595937118656234,0.0052580575694494295,0.018232718397817815,-0.012974660828368387,0.023490775967267247,3211,55724,success
S2025-107,0001652044,GOOGL|GOOG,Alphabet Inc. (Class A)|Alphabet Inc. (Class C),0001652044-26-000018,2025,2026-02-05,1.0.3,0.3.0,233,1016,-0.6269015212169736,817,0.019710970107843374,461,0.011122101860117252,96,0.0023160993027576057,660,0.01592318270645854,307,0.0074066925619435935,0.005621366016067939,0.024512050954184662,-0.01889068493811672,0.0301334169702526,2953,41449,success
S2025-108,0000732712,VZ,Verizon,0000732712-26-000007,2025,2026-02-17,1.0.3,0.3.0,252,781,-0.5121006776379478,743,0.013955148191277562,259,0.004864580594267683,79,0.0014837909920739265,475,0.008921528116900192,439,0.008245370196461441,0.00473310544307126,0.014668870440629578,-0.009935764997558319,0.019401975883700837,2589,53242,success
S2025-109,0000060667,LOW,Lowe's,0000060667-25-000049,2025,2025-03-24,1.0.3,0.3.0,274,593,-0.3679354094579008,492,0.015638906547997457,222,0.007056579783852511,50,0.001589319771137953,230,0.007310870947234584,186,0.005912269548633185,0.008709472345835982,0.018849332485696122,-0.01013986013986014,0.027558804831532103,1750,31460,success
S2025-110,0000866787,AZO,AutoZone,0001104659-25-102611,2025,2025-10-27,1.0.3,0.3.0,202,661,-0.5318655851680185,577,0.014547563220129591,217,0.005471093966669188,94,0.002369966971736883,312,0.007866273352999017,297,0.007488087134104833,0.005092907747775004,0.01666540604593702,-0.011572498298162015,0.021758313793712025,2036,39663,success
S2025-111,0000719955,WSM,"Williams-Sonoma, Inc.",0001628280-25-015037,2025,2025-03-27,1.0.3,0.3.0,273,1010,-0.5744349181605611,918,0.025282987689002726,497,0.013688066319645267,70,0.00192789666473877,335,0.009226362609821256,284,0.007821752182654438,0.007518796992481203,0.027816794734087966,-0.020297997741606764,0.03533559172656917,2730,36309,success
S2025-112,0000884887,RCL,Royal Caribbean Group,0000884887-26-000007,2025,2026-02-11,1.0.3,0.3.0,319,816,-0.43788546255506605,958,0.01816837034648865,358,0.0067894327599613115,136,0.0025792258529461964,481,0.009122114965199416,441,0.008363519126097594,0.006049801816837034,0.01547535511767718,-0.009425553300840144,0.021525156934514213,2959,52729,success
S2025-113,0001058090,CMG,Chipotle Mexican Grill,0001058090-26-000009,2025,2026-02-04,1.0.3,0.3.0,196,699,-0.5620111731843576,537,0.018645833333333334,270,0.009375,48,0.0016666666666666668,300,0.010416666666666666,225,0.0078125,0.006805555555555555,0.024270833333333332,-0.017465277777777777,0.03107638888888889,1854,28800,success
S2025-114,0001467858,GM,General Motors,0001467858-26-000013,2025,2026-01-27,1.0.3,0.3.0,336,1116,-0.5371900826446281,919,0.017605026723625985,395,0.0075669048485661194,108,0.0020689258826459265,511,0.009789084500296929,430,0.008237390088312485,0.006436658301565104,0.02137890078734124,-0.014942242485776134,0.027815559088906344,3209,52201,success
S2025-115,0000829224,SBUX,Starbucks,0000829224-25-000114,2025,2025-11-14,1.0.3,0.3.0,293,892,-0.5054852320675105,832,0.021223948368664064,367,0.009362006071273693,82,0.002091783372873141,318,0.008112037958215352,341,0.00869875768475294,0.007474299125022321,0.02275452156832734,-0.015280222443305017,0.03022882069334966,2561,39201,success
S2025-116,0000745732,ROST,Ross Stores,0000745732-25-000010,2025,2025-04-01,1.0.3,0.3.0,155,416,-0.45709281961471104,367,0.01640810122054813,191,0.008539366030312514,36,0.0016095140161845576,176,0.007868735190235615,145,0.006482764787410024,0.006929852014127956,0.018598828631466,-0.011668976617338043,0.025528680645593955,1232,22367,success
S2025-117,0001116132,TPR,"Tapestry, Inc.",0001116132-25-000019,2025,2025-08-14,1.0.3,0.3.0,319,911,-0.4813008130081301,895,0.01863923193868838,369,0.007684778307682696,99,0.002061769789866089,432,0.00899681362850657,369,0.007684778307682696,0.006643480434012953,0.0189724472582627,-0.012328966824249745,0.025615927692275654,2813,48017,success
S2025-118,0000920760,LEN,Lennar,0001628280-26-003870,2025,2026-01-28,1.0.3,0.3.0,278,856,-0.5097001763668431,746,0.01492,369,0.00738,100,0.002,451,0.00902,433,0.00866,0.00556,0.01712,-0.01156,0.02268,2697,50000,success
S2025-119,0001397187,LULU,Lululemon Athletica,0001397187-25-000013,2025,2025-03-27,1.0.3,0.3.0,220,853,-0.5899347623485555,764,0.020734388145574944,396,0.010747143593779684,48,0.001302684071973295,300,0.008141775449833093,315,0.008548864222324749,0.005970635329877602,0.02314978152902543,-0.017179146199147826,0.02912041685890303,2328,36847,success
S2025-120,0001041061,YUM,Yum! Brands,0001041061-26-000084,2025,2026-02-20,1.0.3,0.3.0,252,1008,-0.6,868,0.017557699698606308,382,0.007727006088557154,88,0.0017800432874163076,459,0.009284543965046422,374,0.007565183971519307,0.005097396686692153,0.020389586746768613,-0.015292190060076462,0.02548698343346077,2871,49437,success
S2025-121,0001174922,WYNN,Wynn Resorts,0001174922-26-000013,2025,2026-03-02,1.0.3,0.3.0,215,951,-0.6312178387650086,783,0.015032830319087663,401,0.007698805821141958,144,0.0027646584494873862,587,0.011269822985063165,493,0.009465115386092232,0.00412778865722075,0.018258265176822948,-0.014130476519602196,0.022386053834043698,3035,52086,success
S2025-122,0001018724,AMZN,Amazon,0001018724-26-000004,2025,2026-02-06,1.0.3,0.3.0,216,773,-0.5631951466127402,576,0.01707425522454424,246,0.007292129835482436,59,0.0017489254483474136,414,0.012272120942641174,263,0.007796057507040166,0.00640284570920409,0.022913887653772048,-0.016511041944567956,0.029316733362976136,2151,33735,success
S2025-123,0000789570,MGM,MGM Resorts,0000789570-26-000018,2025,2026-02-11,1.0.3,0.3.0,292,934,-0.5236541598694943,858,0.018810839252828202,461,0.010106989388757344,127,0.0027843549942997456,587,0.012869420327983863,453,0.009931596948171533,0.0064018240813820924,0.020477067438393406,-0.014075243357011312,0.0268788915197755,3065,45612,success
S2025-124,0000320187,NKE,"Nike, Inc.",0000320187-25-000047,2025,2025-07-17,1.0.3,0.3.0,265,980,-0.5742971887550201,1096,0.025221493499021978,556,0.01279484524220458,77,0.001771947992175814,466,0.01072373719940168,289,0.006650558048555978,0.0060982625704752045,0.022552065354964908,-0.016453802784489702,0.02865032792544011,3039,43455,success
S2025-125,0001559720,ABNB,Airbnb,0001559720-26-000004,2025,2026-02-12,1.0.3,0.3.0,284,1560,-0.6919739696312365,1214,0.02211655827002605,735,0.013390173252445755,133,0.0024229837313949464,959,0.017470987957953033,544,0.009910549999089104,0.005173890073053871,0.0284199595562114,-0.02324606948315753,0.033593849629265274,4458,54891,success
S2025-126,0001585689,HLT,Hilton Worldwide,0001585689-26-000007,2025,2026-02-11,1.0.3,0.3.0,402,1025,-0.4365802382620883,881,0.017937493637381657,466,0.009487936475618446,88,0.0017917133258678612,551,0.011218568665377175,451,0.009182530795072788,0.00818487223862364,0.020869388170619972,-0.012684515931996335,0.029054260409243613,3240,49115,success
S2025-127,0001075531,BKNG,Booking Holdings,0001075531-26-000009,2025,2026-02-18,1.0.3,0.3.0,289,951,-0.5338709677419354,954,0.02213097640754402,517,0.011993411742872388,52,0.0012063006008304915,482,0.011181478646159556,364,0.008444104205813442,0.006704247570000232,0.02206138214211149,-0.015357134572111257,0.02876562971211172,2916,43107,success
S2025-128,0000077476,PEP,PepsiCo,0000077476-26-000007,2025,2026-02-03,1.0.3,0.3.0,278,1022,-0.5723076923076923,768,0.016224780817576844,233,0.004922361888665892,72,0.0015210732016478293,565,0.01193619942959755,388,0.008196894475546636,0.005873032639695785,0.021590789056723354,-0.015717756417027568,0.02746382169641914,2885,47335,success
S2025-129,0001413329,PM,Philip Morris International,0001628280-26-005939,2025,2026-02-06,1.0.3,0.3.0,315,1886,-0.7137664697864607,1201,0.018933362760708148,430,0.006778805984266864,118,0.001860230479403465,1192,0.018791480774990935,483,0.0076143332334904544,0.00496586950010247,0.02973215834029606,-0.02476628884019359,0.03469802784039853,4677,63433,success
S2025-130,0000056873,KR,Kroger,0001558370-25-004267,2025,2025-04-01,1.0.3,0.3.0,237,902,-0.5838454784899034,820,0.016963528413910092,271,0.005606239268499555,87,0.0017997889902563147,512,0.010591861643807278,417,0.008626574815366474,0.004902873456215478,0.018659881255301103,-0.013757007799085624,0.02356275471151658,2728,48339,success
S2025-131,0001103982,MDLZ,Mondelez International,0001628280-26-005345,2025,2026-02-04,1.0.3,0.3.0,394,1060,-0.4580467675378267,970,0.020128239712809446,390,0.008092797410304829,93,0.0019298209209188438,516,0.010707393496711005,362,0.007511776057770123,0.008175800460666929,0.021995808345956713,-0.013820007885289785,0.030171608806623642,3179,48191,success
S2025-132,0001637459,KHC,Kraft Heinz,0001637459-26-000009,2025,2026-02-12,1.0.3,0.3.0,355,1480,-0.6130790190735694,1134,0.019991537973344617,462,0.008144700655807066,110,0.0019392144418588252,537,0.00946689232071081,593,0.01045412876383894,0.00625837388054439,0.02609124885410056,-0.019832874973556167,0.03234962273464495,3794,56724,success
S2025-133,0001944048,KVUE,Kenvue,0001944048-26-000030,2025,2026-02-20,1.0.3,0.3.0,494,2049,-0.6114825009830909,1625,0.01926725160066398,905,0.010730377045292862,208,0.0024662082048849893,1364,0.01617263457434195,665,0.00788475219350249,0.005857244486601849,0.024294522172160302,-0.018437277685558452,0.030151766658762152,5980,84340,success
S2025-134,0001418135,KDP,Keurig Dr Pepper,0001418135-26-000016,2025,2026-02-24,1.0.3,0.3.0,281,1167,-0.611878453038674,1088,0.022335358843816717,535,0.01098292001970767,149,0.0030587945475447527,436,0.008950566595500082,433,0.008888980128099851,0.005768599113154869,0.02395713581868944,-0.01818853670553457,0.02972573493184431,3314,48712,success
S2025-135,0000935703,DLTR,Dollar Tree,0000935703-25-000015,2025,2025-03-26,1.0.3,0.3.0,238,1012,-0.6192,752,0.019404448573050525,345,0.008902306858646849,80,0.002064303039686226,297,0.007663725034835114,378,0.009753831862517418,0.006141301543066522,0.02611343345203076,-0.019972131908964234,0.03225473499509728,2524,38754,success
S2025-136,0000096021,SYY,Sysco,0000096021-25-000099,2025,2025-08-22,1.0.3,0.3.0,250,863,-0.550763701707098,821,0.017752119010551806,367,0.007935478290953122,114,0.0024649714582252206,506,0.010941013665455803,404,0.008735512887043764,0.005405639162774607,0.018660266389897942,-0.013254627227123335,0.02406590555267255,2842,46248,success
S2025-137,0000865752,MNST,Monster Beverage,0001104659-26-020831,2025,2026-02-27,1.0.3,0.3.0,223,1085,-0.6590214067278287,967,0.01800644284304415,484,0.009012531888348881,92,0.0017131258961324322,532,0.009906336703722325,472,0.008789080684505521,0.004152468204755786,0.02020371301417053,-0.016051244809414743,0.024356181218926316,3179,53703,success
S2025-138,0000007084,ADM,Archer Daniels Midland,0000007084-26-000011,2025,2026-02-17,1.0.3,0.3.0,256,774,-0.5029126213592233,713,0.017856248434760833,275,0.006887052341597796,53,0.0013273228149261206,416,0.010418231905835212,323,0.00808915602304032,0.0064112196343601305,0.019383921863260708,-0.012972702228900576,0.025795141497620837,2368,39930,success
S2025-139,0000047111,HSY,Hershey Company (The),0001628280-26-008586,2025,2026-02-17,1.0.3,0.3.0,273,515,-0.30710659898477155,657,0.016357525208514877,209,0.00520353541640732,66,0.0016432217104444169,284,0.007070832814639612,273,0.006796962529565542,0.006796962529565542,0.01282210880119507,-0.006025146271629528,0.01961907133076061,1960,40165,success
S2025-140,0000764180,MO,Altria,0000764180-26-000017,2025,2026-02-25,1.0.3,0.3.0,293,1778,-0.7170449058425882,1069,0.01713855131946003,406,0.006509122390739731,104,0.0016673614005835765,1217,0.019511334851059735,587,0.009410972520601532,0.0046974700997210374,0.028505467021515376,-0.023807996921794337,0.03320293712123641,4492,62374,success
S2025-141,0001534701,PSX,Phillips 66,0001534701-26-000006,2025,2026-02-20,1.0.3,0.3.0,295,1088,-0.5733911785972523,938,0.015469358137080282,419,0.006910086417309849,110,0.0018141038327066429,719,0.011857642324691602,540,0.008905600633287157,0.004865096642258724,0.01794313609077116,-0.013078039448512435,0.022808232733029885,3460,60636,success
S2025-142,0000821189,EOG,EOG Resources,0000821189-26-000054,2025,2026-02-24,1.0.3,0.3.0,211,719,-0.546236559139785,801,0.016238571167920206,341,0.006913049648265656,98,0.0019867415411437953,547,0.01108926145924139,419,0.008494333732033166,0.004277576175319805,0.014576195592677439,-0.010298619417357633,0.018853771767997244,2661,49327,success
S2025-143,0000895126,EXE,Expand Energy,0000895126-26-000011,2025,2026-02-18,1.0.3,0.3.0,230,1118,-0.658753709198813,1085,0.020424298326525234,534,0.010052143139506428,130,0.0024471509515652354,611,0.011501609472356606,558,0.01050392485364155,0.0043295747604615705,0.021045498183461023,-0.016715923422999455,0.025375072943922595,3523,53123,success
S2025-144,0000087347,SLB,Schlumberger,0001193125-26-021017,2025,2026-01-23,1.0.3,0.3.0,251,475,-0.3085399449035813,553,0.01722365839225091,176,0.0054816706637181925,56,0.0017441679384557884,230,0.0071635468900862745,209,0.006509483913165353,0.007817609867007195,0.014794281620830348,-0.0069766717538231535,0.022611891487837543,1684,32107,success
S2025-145,0000033213,EQT,EQT Corporation,0000033213-26-000018,2025,2026-02-18,1.0.3,0.3.0,304,1541,-0.6704607046070461,1551,0.0211224448106334,757,0.010309278350515464,125,0.0017023246946029499,1126,0.015334540848983372,765,0.010418227130970053,0.004140053657274374,0.020986258835065164,-0.016846205177790792,0.02512631249233954,5157,73429,success
S2025-146,0001035002,VLO,Valero Energy,0001628280-26-011499,2025,2026-02-25,1.0.3,0.3.0,213,719,-0.5429184549356223,718,0.014902449149024492,241,0.005002075550020755,66,0.0013698630136986301,519,0.010772104607721046,413,0.008572021585720216,0.004420921544209215,0.014923204649232047,-0.010502283105022832,0.019344126193441263,2512,48180,success
S2025-147,0001811074,TPL,Texas Pacific Land Corporation,0001811074-26-000018,2025,2026-02-18,1.0.3,0.3.0,246,552,-0.38345864661654133,620,0.012403969270166453,235,0.004701504481434059,122,0.0024407810499359793,334,0.00668213828425096,304,0.006081946222791294,0.00492157490396927,0.011043533930857875,-0.006121959026888604,0.015965108834827144,2087,49984,success
S2025-148,0001841666,APA,APA Corporation,0001841666-26-000015,2025,2026-02-26,1.0.3,0.3.0,227,875,-0.588021778584392,900,0.01705773094272393,361,0.006842045411470377,87,0.0016489139911299799,464,0.008794207952693226,533,0.010101967324968727,0.004302338804442591,0.016583905083203822,-0.01228156627876123,0.020886243887646413,2936,52762,success
S2025-149,0001701605,BKR,Baker Hughes,0001701605-26-000007,2025,2026-02-05,1.0.3,0.3.0,351,979,-0.47218045112781953,852,0.01824723721408378,409,0.008759530540563694,100,0.00214169450869528,651,0.01394243125160627,391,0.008374025528998543,0.007517347725520432,0.020967189240126787,-0.013449841514606356,0.02848453696564722,3163,46692,success
S2025-150,0001404912,KKR,KKR & Co.,0001404912-26-000007,2025,2026-02-27,1.0.3,0.3.0,784,2919,-0.5765595463137996,3034,0.01918516785441025,1388,0.008776866506895657,354,0.0022384803627096992,1944,0.01229267182233801,1645,0.010401977956659479,0.004957538430407922,0.018457977906072353,-0.013500439475664431,0.023415516336480275,10138,158143,success
S2025-151,0000035527,FITB,Fifth Third Bancorp,0000035527-26-000124,2025,2026-02-24,1.0.3,0.3.0,367,1876,-0.6727596968345966,1767,0.019671364638300715,631,0.007024692182664262,170,0.0018925478146639058,961,0.01069846146995302,641,0.007136018524703316,0.004085676752833256,0.020884821766526396,-0.01679914501369314,0.02497049851935965,5461,89826,success
S2025-152,0001120193,NDAQ,"Nasdaq, Inc.",0001628280-26-007703,2025,2026-02-12,1.0.3,0.3.0,459,1204,-0.44798556825015035,1071,0.016432429115011662,475,0.007287958757824967,124,0.0019025408125690438,865,0.013271756474775992,638,0.009788879342089113,0.007042469620719283,0.01847305756720265,-0.011430587946483368,0.025515527187921935,4133,65176,success
S2025-153,0001095073,EG,Everest Group,0001095073-26-000006,2025,2026-02-26,1.0.3,0.3.0,332,1897,-0.7021085688649619,1253,0.019105852215546948,548,0.008355951328108322,165,0.0025159342502515934,937,0.014287456924156018,475,0.0072428410234515565,0.0050623646732335095,0.028925619834710745,-0.023863255161477234,0.033987984507944255,4780,65582,success
S2025-154,0001059556,MCO,Moody's Corporation,0001628280-26-009136,2025,2026-02-18,1.0.3,0.3.0,259,912,-0.5576430401366353,917,0.021469376287694325,318,0.007445214459636636,83,0.0019432477992133359,580,0.013579321970406443,382,0.008943622401198727,0.0060638696385090845,0.021352313167259787,-0.015288443528750702,0.02741618280576887,2957,42712,success
S2025-155,0000896159,CB,Chubb Limited,0000896159-26-000005,2025,2026-02-27,1.0.3,0.3.0,388,2190,-0.6989914662529092,1655,0.02044926605051154,495,0.006116245737162062,183,0.002261157514950823,1032,0.01275144565808333,594,0.007339494884594474,0.0047941481737755155,0.027059753867444275,-0.02226560569366876,0.03185390204121979,5710,80932,success
S2025-156,0001858681,APO,Apollo Global Management,0001858681-26-000013,2025,2026-02-25,1.0.3,0.3.0,679,1997,-0.49252615844544095,2449,0.020441721478414745,854,0.007128309572301426,225,0.0018780675102667691,1414,0.011802610931187606,976,0.008146639511201629,0.005667590397649494,0.01666889252445661,-0.011001302126807118,0.022336482922106108,7415,119804,success
S2025-157,0001601712,SYF,Synchrony Financial,0001601712-26-000006,2025,2026-02-06,1.0.3,0.3.0,343,1512,-0.630188679245283,1465,0.020839556750451644,652,0.009274669625456977,162,0.0023044424529509665,809,0.011507987311341556,669,0.009516493833482695,0.004879159020754207,0.021508129560875687,-0.016628970540121482,0.026387288581629895,4763,70299,success
S2025-158,0001126328,PFG,Principal Financial Group,0001104659-26-017031,2025,2026-02-18,1.0.3,0.3.0,530,1978,-0.5773524720893142,2104,0.018897920689810034,635,0.005703507432523465,206,0.0018502717025194234,1322,0.011874073741411056,657,0.005901109264831365,0.004760407778326672,0.01776620110477388,-0.01300579332644721,0.02252660888310055,6406,111335,success
S2025-159,0000004962,AXP,American Express,0000004962-26-000080,2025,2026-02-06,1.0.3,0.3.0,425,1765,-0.6118721461187214,1520,0.02017574132575858,612,0.00812339058642385,118,0.0015662746555523109,1023,0.013578804852796729,657,0.008720698717778544,0.00564124346279434,0.023427752263134143,-0.0177865088003398,0.02906899572592848,5256,75338,success
S2025-160,0000927628,COF,Capital One,0000927628-26-000024,2025,2026-02-19,1.0.3,0.3.0,404,2445,-0.7163917163917164,2166,0.021719729255452496,836,0.008383053396841313,156,0.0015643018300325897,1131,0.011341188267736274,803,0.00805214339433442,0.004051140636751065,0.02451742291301078,-0.020466282276259715,0.028568563549761845,6854,99725,success
S2025-161,0000914208,IVZ,Invesco,0000914208-26-000079,2025,2026-02-24,1.0.3,0.3.0,227,1150,-0.6702977487291213,997,0.0223317280770523,475,0.010639489304513383,103,0.002307089259715534,482,0.010796281778474633,454,0.010169111882629634,0.005084555941314817,0.02575876357934819,-0.020674207638033373,0.030843319520663007,3200,44645,success
S2025-162,0000036104,USB,U.S. Bancorp,0000036104-26-000011,2025,2026-02-23,1.0.3,0.3.0,80,255,-0.5223880597014925,292,0.01682221454084572,89,0.005127318815531743,40,0.0023044129508007836,271,0.015612397741675308,242,0.01394169835234474,0.004608825901601567,0.014690632561354994,-0.010081806659753428,0.01929945846295656,1144,17358,success
S2025-163,0000874766,HIG,Hartford (The),0000874766-26-000012,2025,2026-02-20,1.0.3,0.3.0,617,2978,-0.6567454798331015,1991,0.020909692393324863,607,0.006374778143017675,165,0.0017328474359109,1321,0.013873281592959388,680,0.007141431857087346,0.0064797991997395474,0.0312752706917737,-0.024795471492034152,0.03775506989151325,7259,95219,success
S2025-164,0001099219,MET,MetLife,0001099219-26-000013,2025,2026-02-19,1.0.3,0.3.0,618,2288,-0.5746730901582932,2637,0.022248095370675035,852,0.007188235591890455,189,0.0015945733883418968,1635,0.013794325343592598,861,0.007264167658001974,0.0052140018729909645,0.019303618584795026,-0.014089616711804061,0.02451762045778599,7714,118527,success
S2025-165,0000064040,SPGI,S&P Global,0000064040-26-000013,2025,2026-02-11,1.0.3,0.3.0,470,1308,-0.47131608548931386,1137,0.018285034254285806,551,0.008861085201505258,107,0.0017207552024701683,918,0.014763114727734714,512,0.008233894052941365,0.007558457431411019,0.021035026213373643,-0.013476568781962626,0.028593483644784666,4227,62182,success
S2025-166,0000316709,SCHW,Charles Schwab Corporation,0000316709-26-000009,2025,2026-02-25,1.0.3,0.3.0,270,988,-0.5707472178060413,861,0.014491290078263065,309,0.00520070689219894,79,0.001329630564672221,523,0.00880249095346293,580,0.009761844652023899,0.0045443069931835394,0.01662879744172347,-0.01208449044853993,0.02117310443490701,3148,59415,success
S2025-167,0000899051,ALL,Allstate,0000899051-26-000031,2025,2026-02-20,1.0.3,0.3.0,391,2131,-0.689928628072958,1399,0.019365198012264166,508,0.007031823152416151,119,0.0016472184156250433,1394,0.019295987154464792,574,0.007945406475367857,0.005412289079910856,0.029497667594092163,-0.024085378514181306,0.03490995667400302,5459,72243,success
S2025-168,0000073124,NTRS,Northern Trust,0000073124-26-000016,2025,2026-02-24,1.0.3,0.3.0,409,1835,-0.6354723707664884,1898,0.022964029473327607,570,0.006896468282295435,143,0.0017301666041548197,996,0.012050670893274128,759,0.009183191975898659,0.0049485184692260225,0.02220178824212653,-0.01725326977290051,0.027150306711352556,5820,82651,success
S2025-169,0000831001,C,Citigroup,0000831001-26-000011,2025,2026-02-20,1.0.3,0.3.0,465,2663,-0.7026854219948849,2750,0.02180566788778407,572,0.0045355789206590865,187,0.0014827854163693165,1659,0.013154764736666826,881,0.006985743057868278,0.0036871402064798517,0.021115815849152356,-0.017428675642672503,0.024802956055632205,8182,126114,success
S2025-170,0001374310,CBOE,Cboe Global Markets,0001628280-26-010013,2025,2026-02-20,1.0.3,0.3.0,406,1290,-0.5212264150943396,1214,0.016340485099738875,565,0.007604920989581931,150,0.00201900557245538,915,0.012315933991977819,626,0.008425983255713785,0.005464775082779229,0.017363447923116268,-0.011898672840337039,0.022828223005895498,4340,74294,success
S2025-171,0001176948,ARES,Ares Management,0001628280-26-011413,2025,2026-02-25,1.0.3,0.3.0,668,2261,-0.5438716285421645,2410,0.020608506781139367,1364,0.011663901763267261,299,0.002556823040481606,1219,0.010423970857348088,1135,0.00970566605667767,0.005712233414855227,0.019334370884712078,-0.013622137469856853,0.02504660429956731,7669,116942,success
S2025-172,0001679788,COIN,Coinbase,0001679788-26-000015,2025,2026-02-12,1.0.3,0.3.0,452,2576,-0.7014531043593131,1945,0.02222323785148707,1210,0.013825253367763165,199,0.0022737400166817105,1533,0.017515796208909862,857,0.009791935649729779,0.005164474811759463,0.02943293609533712,-0.024268461283577656,0.03459741090709658,7152,87521,success
S2025-173,0000086312,TRV,Travelers Companies (The),0000086312-26-000065,2025,2026-02-12,1.0.3,0.3.0,461,2861,-0.7224563515954244,1878,0.020188338493292053,684,0.007352941176470588,128,0.0013759889920880633,2004,0.021542827657378742,665,0.007148692810457516,0.004955710354317165,0.030755503955968353,-0.025799793601651185,0.03571121431028552,7208,93024,success
S2025-174,0001123360,GPN,Global Payments,0001123360-26-000008,2025,2026-02-20,1.0.3,0.3.0,330,1148,-0.5534506089309879,1105,0.018350604490500865,558,0.00926664009565564,108,0.0017935432443204463,533,0.00885146804835924,505,0.008386475355387273,0.005480271024312475,0.019064700411850672,-0.013584429387538196,0.024544971436163146,3587,60216,success
S2025-175,0000798354,FISV,Fiserv,0000798354-26-000009,2025,2026-02-19,1.0.3,0.3.0,463,909,-0.3250728862973761,892,0.01683717769640228,398,0.0075125523802333045,81,0.0015289365396957228,617,0.011646343765336555,464,0.008758352523689079,0.008739476763939748,0.01715806561214089,-0.00841858884820114,0.025897542376080638,3260,52978,success
S2025-176,0000091576,KEY,KeyCorp,0001628280-26-010546,2025,2026-02-23,1.0.3,0.3.0,346,1685,-0.6592811422944362,1743,0.022924859596743435,576,0.007575857216135524,117,0.0015388459970275283,765,0.010061685365179993,653,0.008588602017598085,0.0045507753416369635,0.022162012863174232,-0.017611237521537267,0.026712788204811197,5087,76031,success
S2025-177,0000320335,GL,Globe Life,0000320335-26-000090,2025,2026-02-25,1.0.3,0.3.0,279,896,-0.5251063829787234,635,0.01341955662630233,222,0.00469156152919546,106,0.002240114964390625,479,0.010122783659840656,366,0.0077347365751600835,0.005896151651556457,0.01893531139711321,-0.013039159745556753,0.024831463048669667,2565,47319,success
S2025-178,0001175454,CPAY,Corpay,0001175454-26-000018,2025,2026-02-27,1.0.3,0.3.0,361,1282,-0.5605599513085818,1267,0.02032631190541126,562,0.009016090995139012,126,0.0020214011839635505,794,0.012738036032278247,632,0.01013909165289654,0.0057914748207209665,0.020566954903502157,-0.014775480082781192,0.026358429724223125,4232,62333,success
S2025-179,0000079282,BRO,Brown & Brown,0001193125-26-046984,2025,2026-02-12,1.0.3,0.3.0,329,1250,-0.5832805573147561,1304,0.018883498660488017,531,0.007689522844109767,108,0.001563970747954529,744,0.0107740207081312,557,0.00806603432046919,0.00476431829700963,0.018101513286510752,-0.013337194989501122,0.02286583158352038,4055,69055,success
S2025-180,0000011544,WRB,W. R. Berkley Corporation,0000011544-26-000005,2025,2026-02-27,1.0.3,0.3.0,330,1546,-0.6481876332622601,985,0.01976998574955342,326,0.006543162796298898,118,0.0023683840796419322,828,0.016618830660538306,300,0.006021315456716777,0.006623447002388455,0.031029845653613792,-0.024406398651225337,0.03765329265600225,3819,49823,success
S2025-181,0000059478,LLY,Lilly (Eli),0000059478-26-000013,2025,2026-02-12,1.0.3,0.3.0,350,1300,-0.5757575757575758,984,0.022199661590524535,439,0.009904117315284828,99,0.002233502538071066,840,0.01895093062605753,356,0.008031584884376762,0.007896221094190638,0.029328821206993795,-0.02143260011280316,0.03722504230118443,3671,44325,success
S2025-182,0000078003,PFE,Pfizer,0000078003-26-000026,2025,2026-02-26,1.0.3,0.3.0,633,1613,-0.4363312555654497,1410,0.019261768804131035,602,0.008223819021338214,134,0.0018305510778394032,1157,0.01580557908253873,488,0.006666484522280812,0.008647304718450316,0.02203491707876834,-0.013387612360318024,0.030682221797218655,5033,73202,success
S2025-183,0001145197,PODD,Insulet Corporation,0001145197-26-000028,2025,2026-02-18,1.0.3,0.3.0,240,955,-0.5983263598326359,672,0.01834061135371179,371,0.010125545851528384,51,0.0013919213973799126,513,0.01400109170305677,341,0.009306768558951965,0.006550218340611353,0.026064410480349343,-0.01951419213973799,0.0326146288209607,2634,36640,success
S2025-184,0000927066,DVA,DaVita,0000927066-26-000012,2025,2026-02-11,1.0.3,0.3.0,422,1567,-0.575666163901458,1338,0.019790264609741308,658,0.00973243207265305,125,0.0018488662752000474,1049,0.015515685781478798,632,0.009347867887411439,0.0062417725450753594,0.023177387625907795,-0.016935615080832432,0.029419160170983154,4854,67609,success
S2025-185,0000031791,RVTY,Revvity,0000031791-26-000012,2025,2026-02-24,1.0.3,0.3.0,278,635,-0.3910186199342826,572,0.01522572402044293,231,0.006148850085178875,54,0.0014373935264054515,308,0.0081984667802385,285,0.007586243611584327,0.007399914821124361,0.016902683134582625,-0.009502768313458263,0.024302597955706984,2036,37568,success
S2025-186,0001100682,CRL,Charles River Laboratories,0001100682-26-000022,2025,2026-02-18,1.0.3,0.3.0,559,1329,-0.4078389830508475,1120,0.017506838608831576,532,0.008315748339194998,129,0.0020164126611957795,767,0.01198905822586948,601,0.00939429464634623,0.008737788198515044,0.020773739742086753,-0.012035951543571708,0.029511527940601797,4196,63975,success
S2025-187,0001022079,DGX,Quest Diagnostics,0001022079-26-000015,2025,2026-02-26,1.0.3,0.3.0,526,924,-0.27448275862068966,806,0.015794630609445425,321,0.006290417401528512,89,0.0017440721144424847,493,0.00966098373505781,319,0.006251224769743288,0.010307662159514012,0.01810699588477366,-0.007799333725259651,0.028414658044287673,2938,51030,success
S2025-188,0000064803,CVS,CVS Health,0000064803-26-000010,2025,2026-02-10,1.0.3,0.3.0,617,2149,-0.5538684020245842,1549,0.016704590796838097,689,0.007430253750175242,177,0.0019087879735573553,1612,0.017383989906070377,884,0.009533155754941819,0.006653797625338352,0.023175058503812185,-0.01652126087847383,0.029828856129150535,6391,92729,success
S2025-189,0001099800,EW,Edwards Lifesciences,0001099800-26-000009,2025,2026-02-25,1.0.3,0.3.0,284,950,-0.539708265802269,861,0.019261744966442954,408,0.00912751677852349,80,0.0017897091722595079,622,0.013914988814317674,373,0.008344519015659956,0.006353467561521253,0.021252796420581657,-0.014899328859060403,0.02760626398210291,2979,44700,success
S2025-190,0000105770,WST,West Pharmaceutical Services,0000105770-26-000010,2025,2026-02-17,1.0.3,0.3.0,170,668,-0.594272076372315,552,0.016840563792787845,249,0.007596558667398865,60,0.0018304960644334614,386,0.011776191347855269,326,0.009945695283421808,0.005186405515894808,0.020379522850692538,-0.01519311733479773,0.025565928366587345,2031,32778,success
S2025-191,0000875320,VRTX,Vertex Pharmaceuticals,0000875320-26-000056,2025,2026-02-13,1.0.3,0.3.0,409,976,-0.40938628158844764,883,0.015963408901905486,434,0.007846114907618324,148,0.002675633655132516,615,0.01111834255342228,419,0.007574935820949489,0.007394149763170264,0.01764471923925227,-0.010250569476082005,0.025038869002422533,3281,55314,success
S2025-192,0001551152,ABBV,AbbVie,0001551152-26-000008,2025,2026-02-20,1.0.3,0.3.0,384,887,-0.3957513768686074,874,0.018590998043052837,389,0.008274483110695141,118,0.002509997447460223,588,0.012507444907683145,406,0.008636092912447886,0.008168127286650216,0.01886752318556964,-0.010699395898919425,0.02703565047221986,3062,47012,success
S2025-193,0000014272,BMY,Bristol Myers Squibb,0000014272-26-000004,2025,2026-02-11,1.0.3,0.3.0,530,1212,-0.39150401836969,1000,0.017048263634348842,471,0.008029732171778305,130,0.0022162742724653496,941,0.01604241607992226,459,0.007825153008166118,0.009035579726204886,0.020662495524830796,-0.01162691579862591,0.029698075251035683,4032,58657,success
S2025-194,0000885725,BSX,Boston Scientific,0000885725-26-000010,2025,2026-02-17,1.0.3,0.3.0,335,1185,-0.5592105263157895,1031,0.01972714922602989,445,0.008514627939460038,124,0.002372615425827067,650,0.012437096990222529,513,0.009815739624591011,0.006409888448806996,0.022673784512944148,-0.016263896064137154,0.029083672961751142,3556,52263,success
S2025-195,0001964738,SOLV,Solventum,0001964738-26-000007,2025,2026-02-27,1.0.3,0.3.0,362,1267,-0.5555555555555556,1046,0.01920182105224511,569,0.010445350075265264,133,0.002441531739912619,889,0.01631971215625803,520,0.009545838381613247,0.006645372104123068,0.023258802364430738,-0.01661343026030767,0.029904174468553806,3998,54474,success
S2025-196,0001682852,MRNA,Moderna,0001682852-26-000033,2025,2026-02-20,1.0.3,0.3.0,784,2035,-0.44377438808087977,1726,0.021357949834803807,1063,0.013153824260948115,222,0.002747082771336295,1099,0.013599297142786433,761,0.009416801752193336,0.00970140942670115,0.025181592070582702,-0.015480182643881554,0.03488300149728385,6333,80813,success
S2025-197,0001156039,ELV,Elevance Health,0001156039-26-000013,2025,2026-02-06,1.0.3,0.3.0,506,1424,-0.47564766839378236,1247,0.017892244780830763,491,0.007044981706004735,137,0.0019657077265227063,1136,0.016299591075399956,717,0.010287682043188176,0.0072602051797116,0.020431881770571775,-0.013171676590860177,0.027692086950283377,4713,69695,success
S2025-198,0001037646,MTD,Mettler Toledo,0001037646-26-000011,2025,2026-02-06,1.0.3,0.3.0,252,635,-0.4317925591882751,691,0.019180591794814857,328,0.009104535613168267,70,0.0019430411369566424,262,0.0072725253983234334,273,0.007577860434130905,0.006994948093043913,0.017626158885249543,-0.01063121079220563,0.024621106978293453,2104,36026,success
S2025-199,0001136869,ZBH,Zimmer Biomet,0001193125-26-059853,2025,2026-02-20,1.0.3,0.3.0,454,1356,-0.4983425414364641,1361,0.02036571496977315,498,0.007451966241695098,143,0.0021398216316514036,738,0.011043275273837314,449,0.006718740647632729,0.006793559585802358,0.02029089603160352,-0.013497336445801162,0.027084455617405877,4293,66828,success
S2025-200,0000920148,LH,Labcorp,0000920148-26-000111,2025,2026-02-24,1.0.3,0.3.0,290,1062,-0.5710059171597633,776,0.018692489280724575,329,0.007925037336802042,80,0.0019270607505901623,715,0.017223105458399578,361,0.008695861637038107,0.006985595220889339,0.025581731464084406,-0.018596136243195067,0.032567326684973745,3067,41514,success
S2025-201,0001090872,A,Agilent Technologies,0001090872-25-000087,2025,2025-12-22,1.0.3,0.3.0,392,1091,-0.471341874578557,968,0.015615421842232618,439,0.007081787385062107,109,0.0017583481206646233,633,0.010211324407162445,533,0.008598160993708663,0.006323600580738829,0.017599612840780772,-0.011276012260041943,0.0239232134215196,3526,61990,success
S2025-202,0000927653,MCK,McKesson Corporation,0000927653-25-000036,2025,2025-05-09,1.0.3,0.3.0,293,1493,-0.671892497200448,1004,0.017100422400872055,420,0.007153563155743289,70,0.001192260525957215,886,0.015090611799972748,474,0.00807330699005314,0.004990461915792342,0.025429213789344596,-0.020438751873552256,0.03041967570513694,3838,58712,success
S2025-203,0000001800,ABT,Abbott Laboratories,0001628280-26-010185,2025,2026-02-20,1.0.3,0.3.0,199,673,-0.5435779816513762,525,0.015605957016735532,196,0.005826223952914598,90,0.0026753069171546627,470,0.013971047234029903,268,0.007966469486638329,0.005915400850153087,0.020005350613834308,-0.014089949763681222,0.025920751463987396,2066,33641,success
S2025-204,0000318154,AMGN,Amgen,0000318154-26-000010,2025,2026-02-13,1.0.3,0.3.0,502,2015,-0.6011124354390147,1292,0.01654649539592485,641,0.008209213273055595,123,0.0015752468527080157,1419,0.01817296978855833,578,0.007402379519229538,0.006429056260645723,0.025805873237452454,-0.01937681697680673,0.032234929498098176,5496,78083,success
S2025-205,0000723254,CTAS,Cintas,0000723254-25-000017,2025,2025-07-28,1.0.3,0.3.0,136,440,-0.5277777777777778,525,0.01989389920424403,303,0.011481621826449413,50,0.0018946570670708603,300,0.011367942402425162,222,0.00841227737779462,0.00515346722243274,0.01667298219022357,-0.01151951496779083,0.02182644941265631,1584,26390,success
S2025-206,0000202058,LHX,L3Harris,0000202058-25-000023,2025,2025-02-14,1.0.3,0.3.0,207,940,-0.6390584132519617,799,0.017261120352567563,353,0.007626001857892804,64,0.0013826179005811316,697,0.015057573073516387,398,0.008598155069238913,0.004471904772192097,0.02030720041478537,-0.015835295642593273,0.024779105186977467,2879,46289,success
S2025-207,0001050915,PWR,Quanta Services,0001050915-26-000006,2025,2026-02-19,1.0.3,0.3.0,335,1620,-0.6572890025575447,1415,0.021172492219296145,680,0.010174766578884368,117,0.001750658367249222,928,0.013885563801771606,660,0.009875508738328945,0.005012568829303328,0.024239885084989227,-0.019227316255685897,0.029252453914292556,4783,66832,success
S2025-208,0000100885,UNP,Union Pacific Corporation,0000100885-26-000037,2025,2026-02-06,1.0.3,0.3.0,301,723,-0.412109375,665,0.017317708333333334,320,0.008333333333333333,118,0.0030729166666666665,412,0.010729166666666666,268,0.0069791666666666665,0.007838541666666667,0.018828125,-0.010989583333333334,0.02666666666666667,2346,38400,success
S2025-209,0000823768,WM,Waste Management,0001104659-26-012049,2025,2026-02-09,1.0.3,0.3.0,342,1493,-0.6272479564032698,1297,0.016336041312425217,513,0.006461364065747213,168,0.0021160022671452864,968,0.012192203539265697,851,0.010718559103218088,0.004307576043831475,0.018804710624094716,-0.01449713458026324,0.023112286667926193,4771,79395,success
S2025-210,0000943452,WAB,Wabtec,0001628280-26-008067,2025,2026-02-13,1.0.3,0.3.0,337,714,-0.3587059942911513,695,0.018859220666449582,265,0.00719092586562466,83,0.0022522522522522522,373,0.010121567350483014,294,0.007977857375447737,0.009144686855530229,0.01937479648323022,-0.010230109627699989,0.02851948333876045,2353,36852,success
S2025-211,0001069202,LII,Lennox International,0001069202-26-000028,2025,2026-02-17,1.0.3,0.3.0,213,634,-0.4970484061393152,544,0.016690188378229123,236,0.007240596428790575,58,0.0017794686138553107,311,0.009541633429465545,248,0.0076087623488985704,0.006534945081916917,0.019451432779039088,-0.01291648769712217,0.025986377860956006,1859,32594,success
S2025-212,0000072331,NDSN,Nordson Corporation,0000072331-25-000144,2025,2025-12-17,1.0.3,0.3.0,227,587,-0.44226044226044225,578,0.018910518566988384,260,0.008506461639129723,52,0.0017012923278259446,320,0.01046949124815966,267,0.008735481760183217,0.0074267953541632585,0.019204973008342875,-0.011778177654179618,0.026631768362506133,1933,30565,success
S2025-213,0001043277,CHRW,C.H. Robinson,0001043277-26-000009,2025,2026-02-13,1.0.3,0.3.0,279,691,-0.4247422680412371,566,0.01603535711250248,266,0.007536051222483497,46,0.001303226903136244,398,0.01127574581409185,270,0.007649375301017084,0.007904354477717652,0.019576734566677054,-0.011672380088959402,0.027481089044394707,2144,35297,success
S2025-214,0000277135,GWW,W. W. Grainger,0000277135-26-000011,2025,2026-02-19,1.0.3,0.3.0,130,612,-0.6495956873315364,535,0.022086446765470835,257,0.01060975106303926,42,0.0017338892787846262,234,0.009660240267514346,208,0.00858688023779053,0.005366800148619081,0.02526524377657598,-0.0198984436279569,0.030632043925195064,1666,24223,success
S2025-215,0000773840,HON,Honeywell Technologies,0000773840-26-000013,2025,2026-02-17,1.0.3,0.3.0,270,890,-0.5344827586206896,738,0.016540780420019274,264,0.005917027142120716,107,0.0023981890310868057,581,0.013021942308985365,388,0.008696236860389537,0.0060515050317143685,0.019947553623058476,-0.013896048591344107,0.025999058654772846,2809,44617,success
S2025-216,0001501585,HII,Huntington Ingalls Industries,0001501585-26-000006,2025,2026-02-05,1.0.3,0.3.0,273,1070,-0.5934475055845123,891,0.018941729203426943,385,0.008184697803949913,77,0.0016369395607899828,915,0.01945194413146538,389,0.008269733625289653,0.005803694806437212,0.02274708220838028,-0.01694338740194307,0.02855077701481749,3436,47039,success
S2025-217,0001783180,CARR,Carrier Global,0001783180-26-000008,2025,2026-02-05,1.0.3,0.3.0,345,1081,-0.5161290322580645,917,0.019944754986188747,434,0.00943950235987559,113,0.0024577506144376534,655,0.01424625356156339,360,0.00783000195750049,0.007503751875937969,0.02351175587793897,-0.016008004002001,0.031015507753876938,3216,45977,success
S2025-218,0001133421,NOC,Northrop Grumman,0001133421-26-000003,2025,2026-01-27,1.0.3,0.3.0,260,961,-0.5741195741195741,788,0.01871911820600532,338,0.008029266438616496,61,0.0014490687951349297,656,0.015583428354237932,354,0.008409350057012543,0.0061763587989357655,0.02282877232991258,-0.016652413530976816,0.029005131128848345,2950,42096,success
S2025-219,0000746515,EXPD,Expeditors International,0001193125-26-071569,2025,2026-02-25,1.0.3,0.3.0,270,674,-0.4279661016949153,764,0.017558374701231845,326,0.007492186063614635,101,0.0023211987497701782,466,0.010709689281117853,335,0.007699025556168413,0.006205184776613348,0.015489979775694062,-0.009284794999080713,0.02169516455230741,2510,43512,success
S2025-220,0000101829,RTX,RTX Corporation,0000101829-26-000006,2025,2026-02-06,1.0.3,0.3.0,415,1488,-0.5638465580662112,1165,0.017798215595208996,482,0.007363725250549988,106,0.0016194084575898314,1165,0.017798215595208996,633,0.00967061843070154,0.006340136885846981,0.022732828159374236,-0.016392691273527254,0.02907296504522122,4720,65456,success
S2025-221,0001466258,TT,Trane Technologies,0001628280-26-005731,2025,2026-02-05,1.0.3,0.3.0,284,892,-0.5170068027210885,786,0.01910828025477707,307,0.007463412262362037,107,0.002601254436719016,608,0.014780959789954782,349,0.00848446540574707,0.006904264112413089,0.02168522390236787,-0.014780959789954782,0.02858948801478096,2834,41134,success
S2025-222,0001442145,VRSK,Verisk Analytics,0001437749-26-004452,2025,2026-02-18,1.0.3,0.3.0,335,973,-0.4877675840978593,702,0.016042414131949997,313,0.0071528142782056265,79,0.00180534290088896,569,0.013003039374757193,320,0.007312781370689458,0.007655567997440526,0.022235425855252632,-0.014579857857812108,0.02989099385269316,2710,43759,success
S2025-223,0001967680,VLTO,Veralto,0001967680-26-000011,2025,2026-02-20,1.0.3,0.3.0,282,1041,-0.5736961451247166,780,0.017539125742039936,278,0.006251124302932182,97,0.0021811476884331716,569,0.012794567368231697,392,0.00881453498830725,0.006341068537506746,0.02340798704803022,-0.017066918510523475,0.029749055585536966,2946,44472,success
S2025-224,0000027904,DAL,Delta Air Lines,0000027904-26-000013,2025,2026-02-11,1.0.3,0.3.0,277,650,-0.4023732470334412,638,0.015198799342497082,287,0.006837077447173452,84,0.002001095838197108,377,0.00898110870238464,428,0.010196059747004311,0.006598851752149987,0.01548467017652524,-0.008885818424375254,0.022083521928675225,2336,41977,success
S2025-225,0000084839,ROL,"Rollins, Inc.",0000084839-26-000008,2025,2026-02-12,1.0.3,0.3.0,285,681,-0.40993788819875776,614,0.016417551271424368,259,0.006925318858793016,107,0.0028610390652156477,498,0.013315864060536378,271,0.007246183053022808,0.007620524612957566,0.01820904302254071,-0.010588518409583143,0.025829567635498277,2295,37399,success
S2025-226,0000833444,JCI,Johnson Controls,0000833444-25-000097,2025,2025-11-14,1.0.3,0.3.0,338,1320,-0.5922798552472859,1018,0.01932348809840173,471,0.008940435063209445,111,0.00210698151171178,839,0.015925743138073725,459,0.008712653278159524,0.006415853612239474,0.02505599635549144,-0.018640142743251965,0.03147184996773091,3746,52682,success
S2025-227,0000878927,ODFL,Old Dominion,0001193125-26-067161,2025,2026-02-24,1.0.3,0.3.0,203,810,-0.5992102665350444,802,0.02070639264690695,398,0.0102757409893628,86,0.0022203862439326657,352,0.009088092533305794,338,0.008726634307549313,0.005241144273468966,0.020912940204482082,-0.015671795931013116,0.026154084477951048,2463,38732,success
S2025-228,0001579241,ALLE,Allegion,0001579241-26-000007,2025,2026-02-17,1.0.3,0.3.0,289,753,-0.44529750479846447,807,0.02121953143488207,352,0.009255607267755253,95,0.002497962188740764,382,0.010044437432620757,344,0.009045252557124451,0.007599063921537693,0.019799637138124163,-0.012200573216586469,0.027398701059661856,2516,38031,success
S2025-229,0001260221,TDG,TransDigm Group,0001260221-25-000081,2025,2025-11-12,1.0.3,0.3.0,185,569,-0.5092838196286472,687,0.01837832053717129,254,0.006794895802680506,102,0.0027286589443835103,415,0.01110189668548193,336,0.008988523581498622,0.004949038281479896,0.015221636660335465,-0.010272598378855568,0.02017067494181536,2195,37381,success
S2025-230,0001336920,LDOS,Leidos,0001336920-25-000006,2025,2025-02-11,1.0.3,0.3.0,362,1538,-0.6189473684210526,1065,0.01999662028952853,592,0.01111549221727783,101,0.0018963930978801705,1086,0.02039091984453332,554,0.010401997784412025,0.0067969732815111065,0.02887774836177923,-0.022080775080268122,0.03567472164329034,4460,53259,success
S2025-231,0000018230,CAT,Caterpillar Inc.,0000018230-26-000008,2025,2026-02-13,1.0.3,0.3.0,221,806,-0.569620253164557,806,0.017546151166840822,303,0.006596133751306165,81,0.0017633228840125393,432,0.009404388714733543,331,0.007205677464298154,0.004811041448972484,0.017546151166840822,-0.012735109717868339,0.022357192615813305,2548,45936,success
S2025-232,0000100517,UAL,United Airlines Holdings,0000100517-26-000023,2025,2026-02-12,1.0.3,0.3.0,357,936,-0.44779582366589327,900,0.018552493248953847,442,0.009111335573375111,102,0.0021026159015481026,454,0.009358702150027829,487,0.010038960235822804,0.0073591556554183585,0.019294592978912,-0.01193543732349364,0.026653748634330357,3094,48511,success
S2025-233,0000277948,CSX,CSX Corporation,0000277948-26-000006,2025,2026-02-12,1.0.3,0.3.0,150,580,-0.589041095890411,483,0.013313487141321426,191,0.005264753714269963,43,0.0011852586896000442,351,0.00967501860580501,279,0.007690399404614239,0.004134623335814107,0.01598721023181455,-0.01185258689600044,0.020121833567628655,1761,36279,success
S2025-234,0000815556,FAST,Fastenal,0000815556-26-000009,2025,2026-02-05,1.0.3,0.3.0,317,486,-0.21046077210460773,559,0.01671450783399115,244,0.007295778016983614,66,0.001973448152134912,217,0.006488458318382968,148,0.0044253079775146515,0.009478531276163138,0.014531754574811625,-0.005053223298648487,0.024010285850974762,1725,33444,success
S2025-235,0001659166,FTV,Fortive,0001659166-26-000007,2025,2026-02-25,1.0.3,0.3.0,270,1140,-0.6170212765957447,850,0.02023568622783002,410,0.00976074276871801,87,0.002071182002142602,644,0.015331508153791215,406,0.00966551600999881,0.006427806213546007,0.027139626234972028,-0.02071182002142602,0.033567432448518036,3207,42005,success
S2025-236,0001524472,XYL,Xylem Inc.,0001524472-26-000012,2025,2026-02-25,1.0.3,0.3.0,390,975,-0.42857142857142855,896,0.01884609721725596,315,0.006625581052941548,86,0.0018088887954062639,482,0.01013819069053278,431,0.009065477567675577,0.008203100351260964,0.02050775087815241,-0.012304650526891446,0.028710851229413373,3079,47543,success
S2025-237,0001609711,GDDY,GoDaddy,0001609711-26-000010,2025,2026-02-25,1.0.3,0.3.0,521,1582,-0.5045173561578697,1418,0.02264958630163243,898,0.01434367313037089,117,0.0018688304635338466,977,0.015605533016004855,542,0.008657317190045682,0.008321886081206275,0.025269143532568764,-0.01694725745136249,0.03359102961377504,4844,62606,success
S2025-238,0000814547,FICO,Fair Isaac,0000814547-25-000030,2025,2025-11-07,1.0.3,0.3.0,294,799,-0.46203110704483075,805,0.01870135904286212,385,0.00894412823789058,96,0.002230224183993495,559,0.012986409571378789,364,0.008456266697642002,0.006830061563480079,0.018561970031362528,-0.011731908467882449,0.025392031594842608,2780,43045,success
S2025-239,0000047217,HPQ,HP Inc.,0000047217-25-000071,2025,2025-12-10,1.0.3,0.3.0,351,1238,-0.5582127123977344,1080,0.022302990252767222,570,0.011771022633404923,82,0.0016933751858582522,680,0.014042623492483067,395,0.008157112175780605,0.007248471832149347,0.025565835123079465,-0.018317363290930117,0.032814306955228814,3619,48424,success
S2025-240,0001274494,FSLR,First Solar,0001274494-26-000021,2025,2026-02-24,1.0.3,0.3.0,390,1422,-0.5695364238410596,1229,0.02001693866249715,690,0.011238151079839734,106,0.0017264406006710317,851,0.01386038633180234,592,0.009642007882992932,0.006351998436431154,0.02316036352975667,-0.016808365093325516,0.029512361966187825,4349,61398,success
S2025-241,0000106040,WDC,Western Digital,0000106040-25-000038,2025,2025-08-14,1.0.3,0.3.0,289,1026,-0.5604562737642586,920,0.01976114786493685,485,0.010417561646189535,112,0.002405704957470573,507,0.010890110834264112,383,0.008226651774207406,0.006207577970616033,0.022037975771114358,-0.015830397800498323,0.02824555374173039,3064,46556,success
S2025-242,0001402057,CDW,CDW Corporation,0001402057-26-000011,2025,2026-02-20,1.0.3,0.3.0,200,613,-0.5079950799507995,663,0.01899114892154335,317,0.009080232591446823,79,0.002262897081149208,291,0.008335481653347082,289,0.008278193119647103,0.005728853369997995,0.017558935579043856,-0.01183008220904586,0.02328778894904185,2003,34911,success
S2025-243,0001730168,AVGO,Broadcom,0001730168-25-000121,2025,2025-12-18,1.0.3,0.3.0,290,1051,-0.5674869500372856,926,0.020933649824799366,492,0.011122414377755171,76,0.0017180965298971402,478,0.010805922911721487,381,0.008613089182773821,0.006555894653554877,0.0237594664858144,-0.017203571832259523,0.03031536113936928,3036,44235,success
S2025-244,0000097210,TER,Teradyne,0001193125-26-059002,2025,2026-02-19,1.0.3,0.3.0,368,1001,-0.46238130021913804,977,0.016335880415336,400,0.006688180313341248,140,0.0023408631096694366,492,0.008226461785409735,568,0.009497216044944572,0.006153125888273948,0.016737171234136473,-0.010584045345862525,0.02289029712241042,3345,59807,success
S2025-245,0002023554,SNDK,Sandisk,0002023554-25-000034,2025,2025-08-21,1.0.3,0.3.0,354,1255,-0.559975139838409,1131,0.02155394202732834,649,0.01236826558420521,118,0.002248775560764584,601,0.011453509423894193,568,0.01082461456368037,0.006746326682293751,0.0239170621081318,-0.01717073542583805,0.03066338879042555,3791,52473,success
S2025-246,0001341439,ORCL,Oracle Corporation,0000950170-25-087926,2025,2025-06-18,1.0.3,0.3.0,424,1246,-0.49221556886227547,1441,0.01927011594164137,695,0.009294053143262145,150,0.002005910750344348,846,0.011313336631942122,520,0.006953823934527073,0.00567004105430669,0.016662431966193717,-0.010992390911887027,0.02233247302050041,4394,74779,success
S2025-247,0001327567,PANW,Palo Alto Networks,0001327567-25-000027,2025,2025-08-29,1.0.3,0.3.0,391,1386,-0.5599324704558244,1248,0.02374519578370562,656,0.01248144906579398,159,0.0030252292705201874,581,0.011054454126869364,398,0.007572586475893299,0.007439400281593668,0.026370866471326915,-0.018931466189733247,0.033810266752920586,3953,52558,success
S2025-248,0000857005,PTC,PTC Inc.,0001193125-25-291326,2025,2025-11-21,1.0.3,0.3.0,281,784,-0.4723004694835681,911,0.01721661564047322,328,0.0061987375741769666,137,0.002589106852628794,568,0.010734399213818649,449,0.00848546698416298,0.005310503836413804,0.014816494689496163,-0.00950599085308236,0.02012699852590997,2956,52914,success
S2025-249,0000896878,INTU,Intuit,0000896878-25-000035,2025,2025-09-03,1.0.3,0.3.0,329,1137,-0.5511596180081856,926,0.018033106134371958,497,0.009678675754625122,91,0.0017721518987341772,423,0.008237585199610516,463,0.009016553067185979,0.006407010710808179,0.022142161635832523,-0.01573515092502434,0.0285491723466407,3186,51350,success
S2025-250,0000860731,TYL,Tyler Technologies,0000860731-26-000016,2025,2026-02-18,1.0.3,0.3.0,259,642,-0.42508324084350724,687,0.018652765333550543,318,0.008634031115093263,78,0.0021177812169096686,370,0.010045885259699709,294,0.007982406125274904,0.007032119681789796,0.01743096847764112,-0.010398848795851321,0.024463088159430914,2229,36831,success
S2025-251,0000320193,AAPL,Apple Inc.,0000320193-25-000079,2025,2025-10-31,1.0.3,0.3.0,117,647,-0.693717277486911,450,0.01892744479495268,230,0.00967402733964248,51,0.002145110410094637,295,0.012407991587802314,250,0.010515247108307046,0.004921135646687697,0.027213459516298635,-0.022292323869610935,0.03213459516298633,1701,23775,success
S2025-252,0000006281,ADI,Analog Devices,0000006281-25-000153,2025,2025-11-25,1.0.3,0.3.0,269,859,-0.5230496453900709,821,0.020642144168154276,450,0.011314208131144244,94,0.002363412365172353,440,0.011062781283785482,380,0.009554220199632917,0.00676338219395067,0.02159756618811757,-0.014834183994166897,0.02836094838206824,2710,39773,success
S2025-253,0001596532,ANET,Arista Networks,0001596532-26-000013,2025,2026-02-17,1.0.3,0.3.0,421,1610,-0.585425898572132,1437,0.025834636750984304,872,0.015676968160652966,147,0.002642791650935764,607,0.010912751919170127,549,0.009870017798392751,0.007568811462884059,0.02894486093882027,-0.02137604947593621,0.036513672401704333,4556,55623,success
S2025-254,0000006951,AMAT,Applied Materials,0001628280-25-056742,2025,2025-12-12,1.0.3,0.3.0,237,735,-0.5123456790123457,686,0.019213533497647324,325,0.009102621555007842,81,0.002268653372171185,339,0.009494734483531256,371,0.01039099260587049,0.006637911718574949,0.020585928747479273,-0.013948017028904325,0.027223840466054222,2313,35704,success
S2025-255,0001751008,APP,AppLovin,0001751008-26-000010,2025,2026-02-19,1.0.3,0.3.0,374,1355,-0.56737998843262,1137,0.02251618908053944,709,0.014040438045824504,122,0.0024159851080262193,773,0.015307840069707111,485,0.00960453096223538,0.007406380577063984,0.02683327722438957,-0.019426896647325585,0.03423965780145355,4005,50497,success
S2025-256,0001571996,DELL,Dell Technologies,0001571996-25-000034,2025,2025-03-25,1.0.3,0.3.0,404,1002,-0.42532005689900426,952,0.015622435918474516,424,0.006957891627555876,128,0.002100495585677246,555,0.009107617578522433,398,0.006531228461715186,0.006629689192293807,0.01644294200662969,-0.009813252814335883,0.023072631198923495,3250,60938,success
S2025-257,0001058290,CTSH,Cognizant,0001058290-26-000008,2025,2026-02-12,1.0.3,0.3.0,326,841,-0.4413024850042845,741,0.019125542019409456,334,0.008620689655172414,75,0.0019357836052033863,584,0.015073301672517034,294,0.0075882717323972745,0.008414206070617386,0.021706586826347306,-0.013292380755729919,0.03012079289696469,2697,38744,success
S2025-258,0000789019,MSFT,Microsoft,0000950170-25-100235,2025,2025-07-30,1.0.3,0.3.0,321,894,-0.47160493827160493,831,0.0163133097762073,445,0.008735767569689832,80,0.0015704750687082843,438,0.008598351001177857,380,0.00745975657636435,0.006301531213191991,0.017550058892815076,-0.011248527679623086,0.023851590106007067,2776,50940,success
S2025-259,0000723125,MU,Micron Technology,0000723125-25-000028,2025,2025-10-03,1.0.3,0.3.0,312,1147,-0.5723098012337218,892,0.020579549649317092,551,0.012712255444813584,88,0.002030269472129937,455,0.010497416020671835,436,0.01005906238464378,0.007198228128460687,0.026462716869693613,-0.01926448874123293,0.0336609449981543,3134,43344,success
S2025-260,0001375365,SMCI,Supermicro,0001375365-25-000027,2025,2025-08-28,1.0.3,0.3.0,451,1378,-0.5068343357025697,1192,0.013591790193842646,647,0.007377423033067275,191,0.00217787913340935,811,0.009247434435575826,695,0.007924743443557583,0.005142531356898517,0.015712656784492587,-0.010570125427594071,0.020855188141391107,4512,87700,success
S2025-261,0000749251,IT,Gartner,0000749251-26-000112,2025,2026-02-12,1.0.3,0.3.0,251,664,-0.45136612021857925,643,0.017398598371079904,297,0.008036366588197093,76,0.002056443975430906,439,0.011878669805449577,337,0.009118705522634413,0.006791676813594177,0.017966826311659495,-0.011175149498065319,0.024758503125253673,2271,36957,success
S2025-262,0000877212,ZBRA,Zebra Technologies,0001628280-26-007668,2025,2026-02-12,1.0.3,0.3.0,279,746,-0.455609756097561,780,0.02187447417129396,403,0.011301811655168546,65,0.00182287284760783,341,0.00956307140052723,300,0.008413259296651522,0.007824331145885917,0.020920971451006787,-0.013096640305120871,0.028745302596892702,2383,35658,success
S2025-263,0000882835,ROP,Roper Technologies,0000882835-26-000009,2025,2026-02-24,1.0.3,0.3.0,178,579,-0.5297225891677675,586,0.01895581290030407,235,0.00760173384227211,50,0.001617390179206832,277,0.008960341592805848,294,0.009510254253736172,0.005757909037976321,0.018729378275215113,-0.012971469237238792,0.024487287313191435,1845,30914,success
S2025-264,0000024741,GLW,Corning Inc.,0000024741-26-000124,2025,2026-02-12,1.0.3,0.3.0,284,691,-0.41743589743589743,620,0.015459804508278475,227,0.005660283263514861,78,0.0019449431478156792,369,0.009201077199281867,286,0.007131458208657491,0.007081587871534012,0.01723020147616198,-0.010148613604627967,0.02431178934769599,2201,40104,success
S2025-265,0000073309,NUE,Nucor,0001193125-26-071575,2025,2026-02-25,1.0.3,0.3.0,274,570,-0.35071090047393366,702,0.014812939165664367,196,0.004135806376738199,112,0.0023633179295646854,322,0.00679453904749847,325,0.006857842206326095,0.005781688506256462,0.012027600177248845,-0.006245911670992382,0.017809288683505307,2162,47391,success
S2025-266,0000031462,ECL,Ecolab,0001104659-26-018357,2025,2026-02-23,1.0.3,0.3.0,404,905,-0.3827349121466769,804,0.01447761731551842,257,0.0046277955846868585,101,0.0018187056577952246,643,0.011578492455072567,409,0.007364857564735117,0.007274822631180899,0.016296322973313647,-0.009021500342132747,0.023571145604494543,3039,55534,success
S2025-267,0001285785,MOS,Mosaic Company (The),0001285785-26-000017,2025,2026-02-27,1.0.3,0.3.0,345,1025,-0.49635036496350365,1059,0.014593611333131218,426,0.005870517873384229,93,0.0012815919301050079,691,0.009522365846264091,588,0.008102968332276824,0.004754292643937933,0.014125072347931538,-0.009370779703993606,0.01887936499186947,3605,72566,success
S2025-268,0001666700,DD,DuPont,0001666700-26-000013,2025,2026-02-17,1.0.3,0.3.0,225,1285,-0.7019867549668874,891,0.013755731554814505,333,0.005141030985132695,163,0.0025164806323622496,886,0.01367853889738008,526,0.008120667562101494,0.003473669584549118,0.019838512960647182,-0.016364843376098066,0.023312182545196302,3678,64773,success
S2025-269,0001748790,AMCR,Amcor,0001748790-25-000023,2025,2025-08-15,1.0.3,0.3.0,277,1017,-0.5718701700154559,988,0.02152599241797028,401,0.008736764129155954,80,0.0017429953374874722,447,0.009738986448211251,387,0.008431739945095646,0.006035121356050372,0.02215782822780949,-0.016122706871759117,0.02819294958385986,3016,45898,success
S2025-270,0000075677,PKG,Packaging Corporation of America,0001193125-26-074129,2025,2026-02-26,1.0.3,0.3.0,219,719,-0.5330490405117271,712,0.01306230278124312,235,0.004311293755045131,112,0.002054744257723637,374,0.006861378146327144,510,0.00935642474499156,0.004017758861084611,0.013190724297350848,-0.009172965436266237,0.01720848315843546,2517,54508,success
S2025-271,0001755672,CTVA,Corteva,0001755672-26-000004,2025,2026-02-12,1.0.3,0.3.0,328,1421,-0.624928530588908,1044,0.015760155790045742,402,0.006068565735247498,127,0.0019171837024289358,1118,0.016877254955240555,517,0.0078045982216988965,0.004951466570052685,0.02145132315867337,-0.016499856588620684,0.026402789728726055,4208,66243,success
S2025-272,0001751788,DOW,Dow Inc.,0001751788-26-000018,2025,2026-02-03,1.0.3,0.3.0,427,1181,-0.4689054726368159,854,0.01318002932325025,250,0.0038583224014198626,138,0.002129793965583764,612,0.009445173238675823,605,0.009337140211436067,0.006590014661625125,0.018226715024307432,-0.011636700362682306,0.024816729685932556,3505,64795,success
S2025-273,0001489393,LYB,LyondellBasell,0001489393-26-000012,2025,2026-02-20,1.0.3,0.3.0,234,1016,-0.6256,819,0.01757359883271822,375,0.008046519612050468,93,0.001995536863788516,454,0.0097416530769891,408,0.008754613337910909,0.005021028237919492,0.021800703802248734,-0.01677967556432924,0.026821732040168227,2795,46604,success
S2025-274,0000089800,SHW,Sherwin-Williams,0000089800-26-000008,2025,2026-02-19,1.0.3,0.3.0,208,1065,-0.6732128829536528,768,0.016671008075019537,313,0.006794304072241035,68,0.0014760788399756882,614,0.01332812364330989,359,0.007792827993401059,0.004515064686984458,0.023117999479031,-0.01860293479204654,0.027633064166015454,2817,46068,success
S2025-275,0000831259,FCX,Freeport-McMoRan,0000831259-26-000012,2025,2026-02-13,1.0.3,0.3.0,425,1613,-0.5829244357212954,1579,0.017866235191617917,578,0.006540015161972867,203,0.0022969257402776677,1085,0.012276672060104776,680,0.007694135484673961,0.004808834677921226,0.018250941965851617,-0.013442107287930391,0.02305977664377284,5315,88379,success
S2025-276,0000910606,REG,Regency Centers,0001193125-26-051668,2025,2026-02-13,1.0.3,0.3.0,417,939,-0.38495575221238937,1192,0.01671527933587615,555,0.00778270136863361,143,0.0020052726048911825,393,0.005510993942113529,483,0.006773053623513574,0.005847543190486875,0.013167489342607135,-0.00731994615212026,0.01901503253309401,3406,71312,success
S2025-277,0001053507,AMT,American Tower,0001053507-26-000035,2025,2026-02-24,1.0.3,0.3.0,318,1079,-0.5447387258410881,1027,0.016247943298316667,525,0.00830591064422225,146,0.002309834198202759,510,0.008068598911530186,648,0.010251866852297177,0.005031008733071763,0.017070623971649157,-0.012039615238577396,0.02210163270472092,3518,63208,success
S2025-278,0001101239,EQIX,Equinix,0001101239-26-000032,2025,2026-02-11,1.0.3,0.3.0,431,1301,-0.5023094688221709,1317,0.022256020278833968,702,0.011863117870722433,124,0.002095479509928179,612,0.010342205323193916,517,0.008736797634136036,0.00728348119983101,0.021985635825940007,-0.014702154626108998,0.029269117025771018,4068,59175,success
S2025-279,0000740260,VTR,Ventas,0000740260-26-000006,2025,2026-02-06,1.0.3,0.3.0,426,1422,-0.538961038961039,1493,0.021990485027911566,830,0.012225118937151105,124,0.0018264033110924542,721,0.010619651510464996,687,0.010118863505810614,0.006274579117140206,0.020944721841721532,-0.014670142724581326,0.02721930095886174,4630,67893,success
S2025-280,0000915912,AVB,AvalonBay Communities,0000915912-26-000004,2025,2026-02-27,1.0.3,0.3.0,311,886,-0.4803675856307435,873,0.01783306777791396,473,0.00966213179719737,139,0.0028394002532990156,490,0.010009396576377824,395,0.008068799280957634,0.0063529027250071495,0.01809862319728725,-0.0117457204722801,0.0244515259222944,2905,48954,success
S2025-281,0001070750,HST,Host Hotels & Resorts,0001070750-26-000054,2025,2026-02-25,1.0.3,0.3.0,358,810,-0.386986301369863,832,0.014217604538696834,385,0.0065790597925460105,155,0.00264871238401203,420,0.007177156137322921,470,0.00803157948700422,0.006117671183718108,0.013841658264837062,-0.007723987081118953,0.01995932944855517,2905,58519,success
S2025-282,0000906345,CPT,Camden Property Trust,0001628280-26-007697,2025,2026-02-12,1.0.3,0.3.0,177,434,-0.4206219312602291,646,0.023222374002444462,274,0.009849737579984183,44,0.001581709684377022,176,0.006326838737508088,235,0.008447767632468186,0.006362786684880294,0.01560140915953699,-0.009238622474656698,0.021964195844417285,1593,27818,success
S2025-283,0001057352,CSGP,CoStar Group,0001057352-26-000020,2025,2026-02-26,1.0.3,0.3.0,313,1095,-0.5553977272727273,1074,0.021038609962976747,577,0.01130286587396423,111,0.0021743814766205017,517,0.010127524535250445,435,0.00852122470567494,0.0061313639836235775,0.021449979431526572,-0.015318615447902995,0.02758134341515015,3356,51049,success
S2025-284,0001035443,ARE,Alexandria Real Estate Equities,0001035443-26-000013,2025,2026-01-26,1.0.3,0.3.0,845,2498,-0.49446604845946757,2054,0.01992588424749229,1205,0.011689722744999126,206,0.001998409033584913,746,0.007236956985700704,925,0.008973438621679828,0.008197357443588599,0.024233134785898607,-0.016035777342310004,0.032430492229487205,6898,103082,success
S2025-285,0001393311,PSA,Public Storage,0001628280-26-007696,2025,2026-02-12,1.0.3,0.3.0,243,602,-0.42485207100591715,627,0.017362168748096252,271,0.007504222856035222,54,0.001495306399357572,298,0.008251876055714008,283,0.007836513167003572,0.006728878797109075,0.016669897266912193,-0.009941018469803118,0.023398776064021267,2011,36113,success
S2025-286,0000906107,EQR,Equity Residential,0001193125-26-051433,2025,2026-02-13,1.0.3,0.3.0,352,831,-0.40490278951817416,976,0.01578036831638345,448,0.007243447751782567,159,0.002570777215476402,402,0.0064997008844120355,522,0.008439910103639509,0.005691280376400589,0.013435948843150252,-0.007744668466749665,0.019127229219550842,3036,61849,success
S2025-287,0000106535,WY,Weyerhaeuser,0001193125-26-051422,2025,2026-02-13,1.0.3,0.3.0,333,834,-0.42930591259640105,1009,0.015684019088181803,406,0.006310913528049368,170,0.0026425007383457945,551,0.008564811216638428,488,0.007585531531251457,0.005176192622759704,0.012963797739884663,-0.007787605117124959,0.018139990362644368,3260,64333,success
S2025-288,0001326160,DUK,Duke Energy,0001326160-26-000014,2025,2026-02-26,1.0.3,0.3.0,709,1380,-0.32120631881282913,1262,0.01288715063261409,490,0.0050037272662289255,178,0.0018176805171198954,1594,0.01627743114769165,802,0.008189774015337955,0.007240087003584302,0.014092129851828403,-0.0068520428482441,0.021332216855412707,5716,97927,success
S2025-289,0001692819,VST,Vistra Corp.,0001692819-26-000006,2025,2026-02-27,1.0.3,0.3.0,415,1611,-0.5903257650542941,1429,0.018904867110293825,697,0.009220918387596078,192,0.0025400521239862944,947,0.012528277924036567,765,0.010120520181507891,0.005490216830491209,0.021312624852822502,-0.015822408022331293,0.02680284168331371,5117,75589,success
S2025-290,0000783325,WEC,WEC Energy Group,0000783325-26-000018,2025,2026-02-20,1.0.3,0.3.0,338,1101,-0.5302293259207783,1183,0.014921607951463781,540,0.006811215802020661,156,0.001967684565028191,1041,0.013130510462784274,744,0.00938434177167291,0.00426331655756108,0.013887312218564348,-0.009623995661003268,0.018150628776125426,4387,79281,success
S2025-291,0001032208,SRE,Sempra,0001032208-26-000010,2025,2026-02-26,1.0.3,0.3.0,358,1745,-0.6595339990489777,1856,0.016537762412232242,835,0.007440210999037673,253,0.002254339380546744,1571,0.013998289196991838,922,0.00821541861211106,0.003189934775635314,0.015548704423138611,-0.012358769647503296,0.018738639198773926,6421,112228,success
S2025-292,0000072903,XEL,Xcel Energy,0000072903-26-000009,2025,2026-02-25,1.0.3,0.3.0,129,743,-0.7041284403669725,925,0.019711886800494394,398,0.008481438861185697,85,0.0018113625708562418,857,0.0182627967438094,406,0.008651920044325108,0.002749009078123002,0.015833439884072795,-0.013084430805949794,0.018582448962195797,3008,46926,success
S2025-293,0000753308,NEE,NextEra Energy,0000753308-26-000015,2025,2026-02-13,1.0.3,0.3.0,226,1070,-0.6512345679012346,1084,0.01776816155258327,419,0.00686795174403357,92,0.0015079989509572515,862,0.01412929451875164,565,0.009261080514030946,0.003704432205612379,0.017538683451350644,-0.013834251245738264,0.021243115656963022,3713,61008,success
S2025-294,0000827052,EIX,Edison International,0000827052-26-000012,2025,2026-02-18,1.0.3,0.3.0,213,1691,-0.7762605042016807,1240,0.01740717344002246,408,0.0057275215834912616,221,0.0031024075243910997,1268,0.017800238646732646,641,0.008998385625043868,0.0029901031796167616,0.023738330876675793,-0.02074822769705903,0.026728434056292553,4852,71235,success
S2025-295,0000352541,LNT,Alliant Energy,0000352541-26-000007,2025,2026-02-20,1.0.3,0.3.0,206,660,-0.5242494226327945,796,0.014537485161172497,386,0.007049584512829879,97,0.001771527714363985,729,0.013313852616199435,473,0.008638480504063555,0.0037622134964843392,0.01205369372660031,-0.008291480230115972,0.01581590722308465,2877,54755,success
S2025-296,0000936340,DTE,DTE Energy,0000936340-26-000054,2025,2026-02-17,1.0.3,0.3.0,247,676,-0.4647887323943662,860,0.01553159596178505,305,0.005508298567842372,125,0.0022574994130501527,704,0.01271423669429846,484,0.008741037727330191,0.004460818840187101,0.012208556825775225,-0.0077477379855881235,0.016669375665962327,2948,55371,success
S2025-297,0001031296,FE,FirstEnergy,0001031296-26-000046,2025,2026-02-18,1.0.3,0.3.0,354,1668,-0.6498516320474778,1479,0.01618586937489056,700,0.007660654876554019,196,0.0021449833654351253,1566,0.01713797933811942,859,0.00940071791279986,0.0038741026090001753,0.018254246191560148,-0.014380143582559972,0.022128348800560322,5837,91376,success
S2025-298,0001109357,EXC,Exelon,0001109357-26-000018,2025,2026-02-12,1.0.3,0.3.0,266,881,-0.5361813426329556,921,0.01179136580119834,361,0.004621805704921391,173,0.002214881958314129,1246,0.015952271214216215,697,0.00892354176268756,0.003405541045731551,0.011279254365749987,-0.007873713320018436,0.014684795411481539,4041,78108,success
S2025-299,0001047862,ED,Consolidated Edison,0001047862-26-000031,2025,2026-02-19,1.0.3,0.3.0,191,782,-0.6073997944501541,748,0.011142393231145074,302,0.004498666785836648,142,0.0021152671642013375,772,0.01149990317439037,443,0.006599037702402765,0.0028451832983271514,0.011648865650742577,-0.008803682352415427,0.01449404894906973,2992,67131,success
S2025-300,0001711269,EVRG,Evergy,0001711269-26-000017,2025,2026-02-19,1.0.3,0.3.0,205,902,-0.6296296296296297,928,0.015360423735827196,404,0.006687081022924771,131,0.0021683356782256063,778,0.012877596623355128,547,0.009054042870148143,0.0033931970537118264,0.014930067036332036,-0.01153686998262021,0.018323264090043864,3351,60415,success
