company_id,cik,ticker,company_name,accession_number,report_year,filing_date,parser_version,language_measurement_version,ai_disclosure_binary,ai_term_count,ai_terms_per_1000_words,total_analysis_word_count,total_analysis_sentence_count,ai_sentence_count,ai_sentence_ratio,ai_detection_status,ai_uncertainty_count,ai_uncertainty_ratio,ai_litigious_count,ai_litigious_ratio,ai_weak_modal_count,ai_weak_modal_ratio,ai_strong_modal_count,ai_strong_modal_ratio,ai_constraining_count,ai_constraining_ratio,ai_total_eligible_word_count,uncertainty_status,ai_positive_count,ai_negative_count,ai_positive_ratio,ai_negative_ratio,ai_net_tone,ai_sentiment_word_coverage,ai_net_tone_by_words,ai_total_lm_matched_word_count,sentiment_status,ai_concreteness_mean,ai_concreteness_median,ai_concreteness_standard_deviation,ai_concreteness_min,ai_concreteness_max,ai_concreteness_matched_token_count,ai_concreteness_eligible_token_count,ai_concreteness_unmatched_token_count,ai_concreteness_coverage,ai_concreteness_unique_dictionary_entries,ai_concreteness_stem_collision_count,ai_concreteness_status,report_concreteness_mean,report_concreteness_median,report_concreteness_standard_deviation,report_concreteness_min,report_concreteness_max,report_concreteness_matched_token_count,report_concreteness_eligible_token_count,report_concreteness_unmatched_token_count,report_concreteness_coverage,report_concreteness_unique_dictionary_entries,report_concreteness_stem_collision_count,report_concreteness_status,report_word_count,log_report_word_count,report_sentence_count,report_paragraph_count,report_mean_sentence_length,report_fog_index,report_numeric_token_ratio,report_ai_term_count,report_ai_terms_per_1000_words,report_table_text_word_count,report_table_text_ratio,source_html_bytes,analysis_text_bytes,analysis_text_to_html_ratio,report_control_status,report_positive_count,report_negative_count,report_net_tone,report_uncertainty_count,report_uncertainty_ratio,report_weak_modal_count,report_weak_modal_ratio,report_strong_modal_count,report_strong_modal_ratio,report_litigious_count,report_litigious_ratio,report_constraining_count,report_constraining_ratio,report_forward_looking_count,report_forward_looking_ratio,report_positive_ratio,report_negative_ratio,report_net_tone_by_words,report_sentiment_word_coverage,report_total_lm_matched_word_count,report_total_eligible_word_count,concreteness_status,lm_ai_status,lm_report_status,matching_strategy_version,concreteness_preprocessing_version
P2025-001,0001754301,FOXA|FOX,Fox Corporation (Class A)|Fox Corporation (Class B),0001628280-25-038077,2025,2025-08-06,1.0.3,0.3.0,1,20,0.44574205,44869,2131,14,0.00656969,success,20,0.04048583,11,0.02226721,11,0.02226721,0,0.00000000,1,0.00202429,494,success,5,27,0.01012146,0.05465587,-0.68750000,0.06477733,-0.04453441,62,success,2.68593750,2.49000000,0.78110842,1.50000000,4.67000000,224,290,66,0.77241379,145,37,warning_stem_collisions,2.98924167,2.89000000,0.87972541,1.26000000,5.00000000,18422,24747,6325,0.74441346,2086,4265,warning_stem_collisions,44974,10.71383982,2131,922,21.10464571,21.07558122,0.02574821,20,0.44470138,9538,0.17497065,2510532,305043,0.12150532,success,227,853,-0.57962963,726,0.01691756,357,0.00831896,90,0.00209722,572,0.01332898,338,0.00787622,,,0.00528965,0.01987696,-0.01458731,0.02516661,2611,42914,warning_stem_collisions,success,success,exact-then-unique-porter-1.0.0,baek-smart-porter-1.0.0
P2025-002,0001973266,TKO,TKO Group Holdings,0001193125-26-071651,2025,2026-02-25,1.0.3,0.3.0,1,5,0.04252749,117571,4459,4,0.00089706,success,3,0.01818182,1,0.00606061,3,0.01818182,0,0.00000000,1,0.00606061,165,success,1,8,0.00606061,0.04848485,-0.77777778,0.05454545,-0.04242424,12,success,2.72694444,2.59000000,0.64927874,1.80000000,4.87000000,72,88,16,0.81818182,56,13,warning_stem_collisions,2.86930156,2.79000000,0.79247273,1.19000000,5.00000000,44986,62311,17325,0.72195920,2578,10915,warning_stem_collisions,117231,11.67190163,4459,1472,26.29087239,22.07563584,0.03538313,5,0.04265083,8127,0.06483033,6707328,780261,0.11632963,success,422,2036,-0.65663141,1591,0.01428046,813,0.00729730,260,0.00233370,1490,0.01337390,883,0.00792561,,,0.00378778,0.01827468,-0.01448690,0.02206245,6131,111411,warning_stem_collisions,success,success,exact-then-unique-porter-1.0.0,baek-smart-porter-1.0.0
P2025-003,0001335258,LYV,Live Nation Entertainment,0001335258-26-000009,2025,2026-02-19,1.0.3,0.3.0,0,0,0.00000000,49011,2202,0,0.00000000,success,,,,,,,,,,,0,warning_denominator_zero,,,,,,,,,warning_denominator_zero,,,,,,0,0,0,,0,0,warning_denominator_zero,2.89640229,2.82000000,0.80419241,1.19000000,5.00000000,19026,25348,6322,0.75059176,2118,4942,warning_stem_collisions,48819,10.79587486,2202,938,22.17029973,20.48497641,0.03125832,0,0.00000000,8172,0.14339106,2849635,322155,0.11305132,success,300,940,-0.51612903,831,0.01776058,407,0.00869863,141,0.00301353,501,0.01070764,442,0.00944666,,,0.00641176,0.02009019,-0.01367843,0.02650196,2911,46789,warning_denominator_zero,warning_denominator_zero,success,exact-then-unique-porter-1.0.0,baek-smart-porter-1.0.0
P2025-004,0001744489,DIS,Walt Disney Company (The),0001744489-25-000155,2025,2025-11-13,1.0.3,0.3.0,1,10,0.18643847,53637,2716,7,0.00257732,success,9,0.03396226,7,0.02641509,7,0.02641509,0,0.00000000,3,0.01132075,265,success,0,6,0.00000000,0.02264151,-1.00000000,0.02264151,-0.02264151,25,success,2.70687500,2.59000000,0.72003373,1.63000000,4.87000000,96,139,43,0.69064748,69,30,warning_stem_collisions,2.98651912,2.89000000,0.85063406,1.26000000,5.00000000,21259,29686,8427,0.71612881,2159,5644,warning_stem_collisions,53288,10.88346644,2716,1440,19.62002946,20.43605194,0.03156433,10,0.18765951,12306,0.18760862,4202853,362033,0.08613982,success,218,786,-0.56573705,680,0.01337030,235,0.00462062,89,0.00174994,602,0.01183665,367,0.00721603,,,0.00428636,0.01545449,-0.01116813,0.01974085,2499,50859,warning_stem_collisions,success,success,exact-then-unique-porter-1.0.0,baek-smart-porter-1.0.0
P2025-005,0001065088,EBAY,eBay Inc.,0001065088-26-000027,2025,2026-02-19,1.0.3,0.3.0,1,62,1.24066996,49973,2314,44,0.01901469,success,29,0.01781327,14,0.00859951,22,0.01351351,1,0.00061425,6,0.00368550,1628,success,20,53,0.01228501,0.03255528,-0.45205479,0.04484029,-0.02027027,117,success,2.90027108,2.85000000,0.80622255,1.50000000,5.00000000,664,954,290,0.69601677,382,185,warning_stem_collisions,2.86180230,2.74000000,0.82268696,1.19000000,5.00000000,19980,26297,6317,0.75978248,2189,4925,warning_stem_collisions,49885,10.81747564,2314,1065,21.55790838,20.68596644,0.02696201,62,1.24285857,8094,0.13960227,2723024,335678,0.12327398,success,332,1181,-0.56113681,938,0.01952499,491,0.01022044,88,0.00183177,648,0.01348848,416,0.00865927,,,0.00691076,0.02458317,-0.01767240,0.03149393,3415,48041,warning_stem_collisions,success,success,exact-then-unique-porter-1.0.0,baek-smart-porter-1.0.0
P2025-006,0000815097,CCL,Carnival Corporation,0000815097-26-000007,2025,2026-01-27,1.0.3,0.3.0,1,7,0.17896405,39114,2088,6,0.00287356,success,6,0.02272727,4,0.01515152,5,0.01893939,0,0.00000000,1,0.00378788,264,success,5,25,0.01893939,0.09469697,-0.66666667,0.11363636,-0.07575758,39,success,2.65268519,2.47000000,0.66939249,1.50000000,4.62000000,108,144,36,0.75000000,86,26,warning_stem_collisions,2.97019235,2.86000000,0.86263060,1.19000000,5.00000000,15441,20670,5229,0.74702467,2164,3720,warning_stem_collisions,38873,10.56805520,2088,1015,18.61733716,19.47795498,0.03177012,7,0.18007357,6732,0.14761539,2101715,259798,0.12361238,success,313,575,-0.29504505,551,0.01481302,247,0.00664032,90,0.00241955,378,0.01016211,334,0.00897922,,,0.00841466,0.01545824,-0.00704358,0.02387289,2140,37197,warning_stem_collisions,success,success,exact-then-unique-porter-1.0.0,baek-smart-porter-1.0.0
P2025-007,0001121788,GRMN,Garmin,0001193125-26-056028,2025,2026-02-18,1.0.3,0.3.0,0,0,0.00000000,52287,2321,0,0.00000000,success,,,,,,,,,,,0,warning_denominator_zero,,,,,,,,,warning_denominator_zero,,,,,,0,0,0,,0,0,warning_denominator_zero,2.91437429,2.86000000,0.82790061,1.26000000,5.00000000,20257,27894,7637,0.72621352,2029,5216,warning_stem_collisions,52031,10.85959497,2321,798,22.41749246,21.24664371,0.03776595,0,0.00000000,7079,0.11975977,4964710,351595,0.07081884,success,270,998,-0.57413249,916,0.01859710,391,0.00793828,94,0.00190844,443,0.00899401,401,0.00814131,,,0.00548168,0.02026190,-0.01478023,0.02574358,2943,49255,warning_denominator_zero,warning_denominator_zero,success,exact-then-unique-porter-1.0.0,baek-smart-porter-1.0.0
P2025-008,0001403568,ULTA,Ulta Beauty,0001558370-25-003810,2025,2025-03-27,1.0.3,0.3.0,1,2,0.05578956,35849,1866,2,0.00107181,success,0,0.00000000,0,0.00000000,0,0.00000000,0,0.00000000,0,0.00000000,44,success,1,0,0.02272727,0.00000000,1.00000000,0.02272727,0.02272727,1,success,2.87333333,2.60000000,0.82671659,1.72000000,4.79000000,21,32,11,0.65625000,17,8,warning_stem_collisions,2.95850693,2.87000000,0.85311494,1.23000000,5.00000000,15217,19666,4449,0.77377199,1922,3294,warning_stem_collisions,35798,10.48564730,1866,678,19.18435155,19.86003577,0.02821387,2,0.05586904,8197,0.18631663,2914231,239511,0.08218669,success,285,553,-0.31980907,546,0.01593788,279,0.00814408,52,0.00151789,253,0.00738514,247,0.00720999,,,0.00831922,0.01614221,-0.00782299,0.02446144,1838,34258,warning_stem_collisions,success,success,exact-then-unique-porter-1.0.0,baek-smart-porter-1.0.0
P2025-009,0001286681,DPZ,Domino's,0001193125-26-062321,2025,2026-02-23,1.0.3,0.3.0,1,12,0.18230710,65823,2827,9,0.00318359,success,8,0.03292181,1,0.00411523,5,0.02057613,0,0.00000000,1,0.00411523,243,success,2,10,0.00823045,0.04115226,-0.66666667,0.04938272,-0.03292181,21,success,2.67587629,2.61000000,0.64912590,1.59000000,4.48000000,97,125,28,0.77600000,65,13,warning_stem_collisions,2.94721023,2.87000000,0.84101171,1.19000000,5.00000000,25891,34119,8228,0.75884405,2050,5608,warning_stem_collisions,65649,11.09207765,2827,981,23.22214362,20.98388542,0.05104419,12,0.18279029,8819,0.11842671,4923021,436575,0.08868030,success,366,835,-0.39050791,1065,0.01749056,448,0.00735753,130,0.00213500,411,0.00674988,515,0.00845787,,,0.00601084,0.01371325,-0.00770241,0.01972409,3152,60890,warning_stem_collisions,success,success,exact-then-unique-porter-1.0.0,baek-smart-porter-1.0.0
P2025-010,0000109198,TJX,TJX Companies,0000109198-25-000010,2025,2025-04-02,1.0.3,0.3.0,1,4,0.11335298,35288,1640,4,0.00243902,success,2,0.01886792,0,0.00000000,1,0.00943396,0,0.00000000,0,0.00000000,106,success,1,3,0.00943396,0.02830189,-0.50000000,0.03773585,-0.01886792,6,success,2.43243902,2.36000000,0.51092828,1.62000000,3.40000000,41,55,14,0.74545455,27,14,warning_stem_collisions,2.89263023,2.82000000,0.82773078,1.26000000,5.00000000,13995,18687,4692,0.74891636,1853,3452,warning_stem_collisions,35408,10.47469306,1640,692,21.59024390,20.57343147,0.03036037,4,0.11296882,8307,0.19002631,2338219,234180,0.10015315,success,179,675,-0.58079625,681,0.02007428,327,0.00963919,53,0.00156232,288,0.00848956,205,0.00604292,,,0.00527650,0.01989742,-0.01462092,0.02517392,1997,33924,warning_stem_collisions,success,success,exact-then-unique-porter-1.0.0,baek-smart-porter-1.0.0
P2025-011,0000906163,NVR,"NVR, Inc.",0000906163-26-000018,2025,2026-02-11,1.0.3,0.3.0,1,1,0.03602176,27761,1553,1,0.00064392,success,2,0.08000000,0,0.00000000,1,0.04000000,0,0.00000000,0,0.00000000,25,success,0,1,0.00000000,0.04000000,-1.00000000,0.04000000,-0.04000000,3,success,2.51416667,2.43000000,0.45591407,1.63000000,3.24000000,12,15,3,0.80000000,12,1,warning_stem_collisions,2.89943115,2.85000000,0.80095127,1.19000000,4.96000000,10952,14421,3469,0.75944803,1381,2644,warning_stem_collisions,27699,10.22915159,1553,652,17.83580167,19.07642064,0.04083180,1,0.03610239,5780,0.17264554,1779174,183476,0.10312426,success,105,497,-0.65116279,485,0.01843476,180,0.00684177,56,0.00212855,288,0.01094682,289,0.01098483,,,0.00399103,0.01889087,-0.01489984,0.02288190,1609,26309,warning_stem_collisions,success,success,exact-then-unique-porter-1.0.0,baek-smart-porter-1.0.0
P2025-012,0001792789,DASH,DoorDash,0001792789-26-000013,2025,2026-02-18,1.0.3,0.3.0,1,20,0.28646729,69816,2725,14,0.00513761,success,14,0.02306425,19,0.03130148,12,0.01976936,2,0.00329489,10,0.01647446,607,success,6,29,0.00988468,0.04777595,-0.65714286,0.05766063,-0.03789127,73,success,2.63202479,2.46500000,0.78078978,1.30000000,4.93000000,242,339,97,0.71386431,151,70,warning_stem_collisions,2.84122927,2.74000000,0.81643274,1.19000000,5.00000000,26715,35596,8881,0.75050567,2384,6682,warning_stem_collisions,69652,11.15126669,2725,1174,25.56036697,21.93203412,0.01892264,20,0.28714179,7323,0.09513478,2626599,462903,0.17623665,success,466,1863,-0.59982825,1564,0.02317209,944,0.01398622,182,0.00269650,1019,0.01509741,581,0.00860805,,,0.00690422,0.02760204,-0.02069783,0.03450626,5345,67495,warning_stem_collisions,success,success,exact-then-unique-porter-1.0.0,baek-smart-porter-1.0.0
P2025-013,0001513761,NCLH,Norwegian Cruise Line Holdings,0001104659-26-022067,2025,2026-03-02,1.0.3,0.3.0,1,11,0.17513971,62807,2779,9,0.00323858,success,12,0.05633803,2,0.00938967,10,0.04694836,0,0.00000000,1,0.00469484,213,success,1,14,0.00469484,0.06572770,-0.86666667,0.07042254,-0.06103286,29,success,2.65697674,2.52000000,0.78849292,1.30000000,4.87000000,86,123,37,0.69918699,62,25,warning_stem_collisions,2.90878105,2.81000000,0.82689679,1.19000000,5.00000000,23791,31747,7956,0.74939364,2349,5650,warning_stem_collisions,62852,11.04853804,2779,890,22.61676862,21.59200075,0.04256030,11,0.17501432,18345,0.22593199,3670846,410170,0.11173719,success,343,1074,-0.51587862,1014,0.01705807,530,0.00891595,161,0.00270843,687,0.01155710,570,0.00958886,,,0.00577014,0.01806742,-0.01229729,0.02383756,3658,59444,warning_stem_collisions,success,success,exact-then-unique-porter-1.0.0,baek-smart-porter-1.0.0
P2025-014,0000037996,F,Ford Motor Company,0000037996-26-000015,2025,2026-02-11,1.0.3,0.3.0,1,6,0.07564201,79321,3931,6,0.00152633,success,6,0.02500000,10,0.04166667,5,0.02083333,0,0.00000000,3,0.01250000,240,success,0,9,0.00000000,0.03750000,-1.00000000,0.03750000,-0.03750000,28,success,2.65594340,2.50000000,0.76802832,1.50000000,4.64000000,106,139,33,0.76258993,61,30,warning_stem_collisions,2.94759628,2.82000000,0.84350466,1.26000000,5.00000000,32691,43339,10648,0.75430905,2548,7806,warning_stem_collisions,79148,11.27907480,3931,1611,20.13431697,20.19063754,0.02521858,6,0.07580735,16341,0.17112966,5281502,531086,0.10055586,success,387,1638,-0.61777778,1354,0.01782306,607,0.00799010,148,0.00194816,795,0.01046479,727,0.00956969,,,0.00509418,0.02156143,-0.01646724,0.02665561,4771,75969,warning_stem_collisions,success,success,exact-then-unique-porter-1.0.0,baek-smart-porter-1.0.0
P2025-015,0000313927,CHD,Church & Dwight,0001193125-26-048139,2025,2026-02-12,1.0.3,0.3.0,1,13,0.19320800,67285,2941,8,0.00272016,success,9,0.02564103,5,0.01424501,5,0.01424501,0,0.00000000,0,0.00000000,351,success,3,18,0.00854701,0.05128205,-0.71428571,0.05982906,-0.04273504,32,success,2.76710692,2.63000000,0.80026202,1.30000000,4.93000000,159,199,40,0.79899497,109,25,warning_stem_collisions,2.96698023,2.86000000,0.85172348,1.19000000,5.00000000,26257,35423,9166,0.74124157,2336,6590,warning_stem_collisions,66824,11.10981758,2941,1075,22.72152329,20.76302107,0.03744164,13,0.19454088,6586,0.08971530,4736851,448095,0.09459766,success,336,1270,-0.58156912,1097,0.01727886,500,0.00787550,115,0.00181137,587,0.00924584,551,0.00867881,,,0.00529234,0.02000378,-0.01471144,0.02529612,3718,63488,warning_stem_collisions,success,success,exact-then-unique-porter-1.0.0,baek-smart-porter-1.0.0
P2025-016,0000040704,GIS,General Mills,0001193125-25-147079,2025,2025-06-26,1.0.3,0.3.0,0,0,0.00000000,37381,7010,0,0.00000000,success,,,,,,,,,,,0,warning_denominator_zero,,,,,,,,,warning_denominator_zero,,,,,,0,0,0,,0,0,warning_denominator_zero,2.95418580,2.83000000,0.85372017,1.26000000,5.00000000,13197,17408,4211,0.75809972,1252,2856,warning_stem_collisions,33561,10.42111996,7010,6311,4.78758916,12.18653107,0.16227168,0,0.00000000,0,0.00000000,5311598,234141,0.04408108,success,157,496,-0.51914242,573,0.02068966,312,0.01126557,21,0.00075826,184,0.00664380,231,0.00834086,,,0.00566889,0.01790937,-0.01224048,0.02357826,1552,27695,warning_denominator_zero,warning_denominator_zero,success,exact-then-unique-porter-1.0.0,baek-smart-porter-1.0.0
P2025-017,0000021665,CL,Colgate-Palmolive,0000021665-26-000006,2025,2026-02-23,1.0.3,0.3.0,1,27,0.63686756,42395,2008,22,0.01095618,success,17,0.01546861,8,0.00727934,9,0.00818926,2,0.00181984,3,0.00272975,1099,success,27,18,0.02456779,0.01637853,0.20000000,0.04094631,0.00818926,73,success,2.69546039,2.50000000,0.78570850,1.30000000,4.96000000,467,644,177,0.72515528,227,121,warning_stem_collisions,2.92339955,2.82000000,0.83410624,1.26000000,5.00000000,17064,22784,5720,0.74894663,1845,4100,warning_stem_collisions,42274,10.65192752,2008,937,21.05278884,21.03762730,0.03806122,27,0.63869045,7901,0.15746886,2832052,286184,0.10105182,success,233,753,-0.52738337,714,0.01789294,275,0.00689154,78,0.00195469,431,0.01080092,302,0.00756816,,,0.00583901,0.01887029,-0.01303128,0.02470930,2362,39904,warning_stem_collisions,success,success,exact-then-unique-porter-1.0.0,baek-smart-porter-1.0.0
P2025-018,0000016918,STZ,Constellation Brands,0000016918-25-000022,2025,2025-04-23,1.0.3,0.3.0,1,14,0.29836750,46922,2783,12,0.00431189,success,11,0.03038674,6,0.01657459,7,0.01933702,1,0.00276243,1,0.00276243,362,success,6,13,0.01657459,0.03591160,-0.36842105,0.05248619,-0.01933702,37,success,2.61839161,2.43000000,0.75209791,1.30000000,4.57000000,143,204,61,0.70098039,96,41,warning_stem_collisions,2.91636253,2.76000000,0.85936062,1.04000000,5.00000000,18928,24873,5945,0.76098581,2027,4490,warning_stem_collisions,46976,10.75739211,2783,1036,16.87962630,19.89014237,0.03122871,14,0.29802452,19013,0.28812378,3464720,314620,0.09080676,success,285,1085,-0.58394161,791,0.01757543,345,0.00766564,85,0.00188864,387,0.00859885,412,0.00915433,,,0.00633249,0.02410790,-0.01777541,0.03044039,2818,45006,warning_stem_collisions,success,success,exact-then-unique-porter-1.0.0,baek-smart-porter-1.0.0
P2025-019,0000091419,SJM,J.M. Smucker Company (The),0000091419-25-000056,2025,2025-06-18,1.0.3,0.3.0,1,3,0.06040471,49665,2225,2,0.00089888,success,4,0.05555556,0,0.00000000,3,0.04166667,0,0.00000000,0,0.00000000,72,success,3,2,0.04166667,0.02777778,0.20000000,0.06944444,0.01388889,9,success,2.65594595,2.57000000,0.70444711,1.63000000,4.70000000,37,46,9,0.80434783,34,7,warning_stem_collisions,2.93161339,2.82000000,0.85569401,1.19000000,5.00000000,19927,26110,6183,0.76319418,2098,4681,warning_stem_collisions,49318,10.80604440,2225,755,22.16539326,20.61839881,0.03645728,3,0.06082972,9642,0.16353460,2998212,329255,0.10981712,success,328,1267,-0.58871473,886,0.01886913,347,0.00739005,82,0.00174635,400,0.00851879,374,0.00796507,,,0.00698541,0.02698328,-0.01999787,0.03396869,3085,46955,warning_stem_collisions,success,success,exact-then-unique-porter-1.0.0,baek-smart-porter-1.0.0
P2025-020,0000100493,TSN,Tyson Foods,0000100493-25-000095,2025,2025-11-10,1.0.3,0.3.0,1,2,0.03798238,52656,2598,2,0.00076982,success,15,0.02851711,17,0.03231939,4,0.00760456,0,0.00000000,2,0.00380228,526,success,3,18,0.00570342,0.03422053,-0.71428571,0.03992395,-0.02851711,49,success,2.83296804,2.59000000,0.87132600,1.30000000,4.96000000,219,325,106,0.67384615,157,65,warning_stem_collisions,2.92352911,2.81000000,0.86882565,1.26000000,5.00000000,21674,28194,6520,0.76874512,2140,5045,warning_stem_collisions,52280,10.86436917,2598,982,20.12317167,20.04095873,0.03951798,2,0.03825555,11933,0.18583464,3290079,349594,0.10625702,success,280,1193,-0.61982349,1113,0.02239482,356,0.00716312,90,0.00181090,750,0.01509085,437,0.00879293,,,0.00563392,0.02400451,-0.01837059,0.02963842,3438,49699,warning_stem_collisions,success,success,exact-then-unique-porter-1.0.0,baek-smart-porter-1.0.0
P2025-021,0000104169,WMT,Walmart,0000104169-25-000021,2025,2025-03-14,1.0.3,0.3.0,1,14,0.29718313,47109,2008,7,0.00348606,success,11,0.02350427,17,0.03632479,7,0.01495726,0,0.00000000,2,0.00427350,468,success,6,27,0.01282051,0.05769231,-0.63636364,0.07051282,-0.04487179,60,success,2.75405128,2.59000000,0.79265247,1.50000000,4.70000000,195,266,71,0.73308271,137,53,warning_stem_collisions,2.91582444,2.83000000,0.83529585,1.26000000,5.00000000,18558,24884,6326,0.74578042,2262,4680,warning_stem_collisions,47201,10.76217036,2008,768,23.50647410,21.81021709,0.02915192,14,0.29660389,8569,0.15364892,2335078,316542,0.13555950,success,304,1167,-0.58667573,765,0.01696306,403,0.00893609,106,0.00235044,759,0.01683001,300,0.00665218,,,0.00674088,0.02587698,-0.01913610,0.03261785,3144,45098,warning_stem_collisions,success,success,exact-then-unique-porter-1.0.0,baek-smart-porter-1.0.0
P2025-022,0000034088,XOM,ExxonMobil,0000034088-26-000045,2025,2026-02-18,1.0.3,0.3.0,1,5,0.12184127,41037,2363,3,0.00126957,success,3,0.01395349,0,0.00000000,3,0.01395349,1,0.00465116,0,0.00000000,215,success,7,0,0.03255814,0.00000000,1.00000000,0.03255814,0.03255814,11,success,2.88966292,2.82000000,0.80422682,1.64000000,4.93000000,89,129,40,0.68992248,70,29,warning_stem_collisions,2.93702272,2.81000000,0.82391577,1.26000000,5.00000000,16683,22962,6279,0.72654821,2003,4587,warning_stem_collisions,40895,10.61876309,2363,814,17.30639018,21.41524576,0.03081061,5,0.12226434,22293,0.35280433,5591068,283021,0.05062020,success,372,561,-0.20257235,523,0.01347313,207,0.00533258,91,0.00234427,223,0.00574476,331,0.00852697,,,0.00958318,0.01445206,-0.00486888,0.02403524,1965,38818,warning_stem_collisions,success,success,exact-then-unique-porter-1.0.0,baek-smart-porter-1.0.0
P2025-023,0001539838,FANG,Diamondback Energy,0001539838-26-000010,2025,2026-02-25,1.0.3,0.3.0,1,12,0.17313019,69312,3077,6,0.00194995,success,9,0.03501946,3,0.01167315,5,0.01945525,0,0.00000000,4,0.01556420,257,success,2,21,0.00778210,0.08171206,-0.82608696,0.08949416,-0.07392996,37,success,2.66776860,2.44000000,0.75611172,1.62000000,5.00000000,121,161,40,0.75155280,111,28,warning_stem_collisions,2.94420972,2.81000000,0.87799742,1.19000000,5.00000000,28180,37131,8951,0.75893458,2401,6528,warning_stem_collisions,69062,11.14275993,3077,1304,22.44458889,21.77081999,0.03798037,12,0.17375691,13499,0.16350335,3465123,460543,0.13290812,success,306,1307,-0.62058277,1301,0.01980364,571,0.00869168,134,0.00203973,694,0.01056397,706,0.01074663,,,0.00465789,0.01989497,-0.01523708,0.02455286,4230,65695,warning_stem_collisions,success,success,exact-then-unique-porter-1.0.0,baek-smart-porter-1.0.0
P2025-024,0000045012,HAL,Halliburton,0000045012-26-000015,2025,2026-02-06,1.0.3,0.3.0,1,5,0.15042570,33239,3250,3,0.00092308,success,2,0.04347826,0,0.00000000,1,0.02173913,0,0.00000000,0,0.00000000,46,success,0,2,0.00000000,0.04347826,-1.00000000,0.04347826,-0.04347826,4,success,2.97045455,2.77000000,0.85302924,1.63000000,4.57000000,22,29,7,0.75862069,18,5,warning_stem_collisions,2.91093684,2.81000000,0.82063846,1.19000000,5.00000000,12873,17038,4165,0.75554643,1826,3164,warning_stem_collisions,32726,10.39592515,3250,2183,10.06953846,16.32241220,0.04299334,5,0.15278372,10399,0.24113623,4561045,218171,0.04783356,success,132,625,-0.65125495,563,0.01813438,241,0.00776267,48,0.00154609,328,0.01056497,300,0.00966308,,,0.00425176,0.02013142,-0.01587966,0.02438317,1887,31046,warning_stem_collisions,success,success,exact-then-unique-porter-1.0.0,baek-smart-porter-1.0.0
P2025-025,0000093410,CVX,Chevron Corporation,0000093410-26-000078,2025,2026-02-24,1.0.3,0.3.0,1,13,0.25044309,51908,2916,7,0.00240055,success,11,0.04661017,2,0.00847458,4,0.01694915,1,0.00423729,1,0.00423729,236,success,3,9,0.01271186,0.03813559,-0.50000000,0.05084746,-0.02542373,26,success,2.61943820,2.33000000,0.83164432,1.50000000,4.93000000,89,136,47,0.65441176,67,32,warning_stem_collisions,3.01182759,2.87000000,0.88562004,1.19000000,5.00000000,19813,28433,8620,0.69683115,2183,5268,warning_stem_collisions,51914,10.85734378,2916,998,17.80315501,20.59241617,0.05000578,13,0.25041415,22088,0.29847842,6061316,346800,0.05721530,success,236,731,-0.51189245,730,0.01513047,262,0.00543039,48,0.00099488,479,0.00992808,427,0.00885029,,,0.00489150,0.01515120,-0.01025971,0.02004270,2471,48247,warning_stem_collisions,success,success,exact-then-unique-porter-1.0.0,baek-smart-porter-1.0.0
P2025-026,0001140536,WTW,Willis Towers Watson,0001193125-26-069307,2025,2026-02-25,1.0.3,0.3.0,1,21,0.19482327,107790,4222,16,0.00378967,success,24,0.03314917,14,0.01933702,13,0.01795580,0,0.00000000,3,0.00414365,724,success,9,36,0.01243094,0.04972376,-0.60000000,0.06215470,-0.03729282,84,success,2.72745223,2.61500000,0.81366389,1.28000000,4.93000000,314,439,125,0.71526196,195,68,warning_stem_collisions,2.84082892,2.76000000,0.78680769,1.19000000,5.00000000,41753,55556,13803,0.75154799,2483,9985,warning_stem_collisions,107343,11.58378459,4222,1464,25.42468025,21.95976778,0.03489748,21,0.19563455,11534,0.09702466,9532413,713639,0.07486447,success,563,2004,-0.56135567,2005,0.01963588,803,0.00786415,209,0.00204683,1233,0.01207533,857,0.00839299,,,0.00551372,0.01962609,-0.01411237,0.02513980,6479,102109,warning_stem_collisions,success,success,exact-then-unique-porter-1.0.0,baek-smart-porter-1.0.0
P2025-027,0001141391,MA,Mastercard,0001141391-26-000013,2025,2026-02-11,1.0.3,0.3.0,1,62,1.17803534,52630,3037,48,0.01580507,success,22,0.01491525,42,0.02847458,13,0.00881356,2,0.00135593,9,0.00610169,1475,success,11,32,0.00745763,0.02169492,-0.48837209,0.02915254,-0.01423729,111,success,2.75313894,2.63000000,0.78849854,1.28000000,4.89000000,583,822,239,0.70924574,291,160,warning_stem_collisions,2.89335914,2.80000000,0.80713497,1.26000000,5.00000000,21181,28262,7081,0.74945156,2121,5402,warning_stem_collisions,52608,10.87062348,3037,1374,17.32235759,20.27906083,0.02855079,62,1.17852798,14296,0.21367930,3067677,359018,0.11703253,success,388,1108,-0.48128342,893,0.01777574,483,0.00961443,48,0.00095547,907,0.01805442,328,0.00652905,,,0.00772339,0.02205546,-0.01433207,0.02977885,3405,50237,warning_stem_collisions,success,success,exact-then-unique-porter-1.0.0,baek-smart-porter-1.0.0
P2025-028,0000093751,STT,State Street Corporation,0000093751-26-000124,2025,2026-02-19,1.0.3,0.3.0,1,17,0.16696622,101817,4549,13,0.00285777,success,19,0.02927581,4,0.00616333,9,0.01386749,1,0.00154083,10,0.01540832,649,success,14,9,0.02157165,0.01386749,0.21739130,0.03543914,0.00770416,53,success,2.76802768,2.57000000,0.76021618,1.63000000,4.75000000,289,376,87,0.76861702,135,82,warning_stem_collisions,2.85323829,2.72000000,0.81754557,1.26000000,4.97000000,41349,54352,13003,0.76076317,2555,9388,warning_stem_collisions,101623,11.52902517,4549,2348,22.33963508,21.97587289,0.03120357,17,0.16728497,21174,0.17243092,7694408,686034,0.08916008,success,426,1971,-0.64455569,2540,0.02618638,837,0.00862913,142,0.00146396,1154,0.01189728,923,0.00951576,,,0.00439189,0.02032022,-0.01592833,0.02471210,6894,96997,warning_stem_collisions,success,success,exact-then-unique-porter-1.0.0,baek-smart-porter-1.0.0
P2025-029,0000070858,BAC,Bank of America,0000070858-26-000157,2025,2026-02-25,1.0.3,0.3.0,1,39,0.37155242,104965,4772,29,0.00607712,success,62,0.03217436,33,0.01712506,25,0.01297353,2,0.00103788,18,0.00934094,1927,success,10,115,0.00518941,0.05967826,-0.84000000,0.06486767,-0.05448884,229,success,2.71500000,2.55500000,0.75725590,1.33000000,4.93000000,800,1152,352,0.69444444,394,266,warning_stem_collisions,2.84376851,2.72000000,0.79836822,1.26000000,5.00000000,43224,57829,14605,0.74744505,2554,10563,warning_stem_collisions,104837,11.56016204,4772,1992,21.96919531,22.10137050,0.03578889,39,0.37200607,32421,0.23620481,12819060,713240,0.05563903,success,329,2439,-0.76228324,2256,0.02267907,646,0.00649409,114,0.00114602,1056,0.01061573,861,0.00865544,,,0.00330736,0.02451872,-0.02121136,0.02782609,6728,99475,warning_stem_collisions,success,success,exact-then-unique-porter-1.0.0,baek-smart-porter-1.0.0
P2025-030,0000038777,BEN,Franklin Resources,0000038777-25-000238,2025,2025-11-10,1.0.3,0.3.0,1,15,0.32918559,45567,1988,10,0.00503018,success,10,0.04149378,8,0.03319502,4,0.01659751,0,0.00000000,2,0.00829876,241,success,4,13,0.01659751,0.05394191,-0.52941176,0.07053942,-0.03734440,36,success,2.59688679,2.54000000,0.71536554,1.50000000,4.70000000,106,143,37,0.74125874,72,24,warning_stem_collisions,2.84820178,2.75000000,0.78596158,1.19000000,4.96000000,18307,24708,6401,0.74093411,1953,4458,warning_stem_collisions,45558,10.72674152,1988,818,22.91649899,22.15529184,0.02335484,15,0.32925063,8740,0.16096357,2802766,310625,0.11082802,success,179,903,-0.66913124,857,0.01954925,396,0.00903326,73,0.00166522,683,0.01558009,425,0.00969479,,,0.00408322,0.02059857,-0.01651535,0.02468178,2932,43838,warning_stem_collisions,success,success,exact-then-unique-porter-1.0.0,baek-smart-porter-1.0.0
P2025-031,0001393818,BX,Blackstone Inc.,0001193125-26-082531,2025,2026-02-27,1.0.3,0.3.0,1,29,0.41897827,69216,5018,23,0.00458350,success,16,0.02002503,13,0.01627034,11,0.01376721,0,0.00000000,6,0.00750939,799,success,13,22,0.01627034,0.02753442,-0.25714286,0.04380476,-0.01126408,68,success,2.79481229,2.63000000,0.74206546,1.45000000,4.87000000,293,445,152,0.65842697,156,86,warning_stem_collisions,2.88472992,2.80000000,0.81139018,1.26000000,5.00000000,27584,37036,9452,0.74478885,2190,6141,warning_stem_collisions,69255,11.14555062,5018,2151,13.80131527,19.81131178,0.02253989,29,0.41874233,48950,0.41411108,9097644,473296,0.05202402,success,370,1180,-0.52258065,1135,0.01702645,632,0.00948081,145,0.00217518,688,0.01032088,605,0.00907577,,,0.00555047,0.01770150,-0.01215103,0.02325198,3948,66661,warning_stem_collisions,success,success,exact-then-unique-porter-1.0.0,baek-smart-porter-1.0.0
P2025-032,0001281761,RF,Regions Financial Corporation,0001281761-26-000019,2025,2026-02-24,1.0.3,0.3.0,1,29,0.34569079,83890,4061,22,0.00541738,success,28,0.03655352,17,0.02219321,17,0.02219321,0,0.00000000,6,0.00783290,766,success,5,47,0.00652742,0.06135770,-0.80769231,0.06788512,-0.05483029,98,success,2.51958491,2.41000000,0.72286655,1.31000000,4.79000000,265,388,123,0.68298969,179,85,warning_stem_collisions,2.83673798,2.72000000,0.80384828,1.19000000,5.00000000,33982,45824,11842,0.74157647,2674,9115,warning_stem_collisions,83764,11.33575860,4061,1667,20.62644669,21.25250407,0.02571510,29,0.34621078,19318,0.18740420,7576810,566416,0.07475653,success,363,1915,-0.68129939,1803,0.02240949,731,0.00908560,183,0.00227451,959,0.01191941,751,0.00933418,,,0.00451173,0.02380153,-0.01928981,0.02831326,5718,80457,warning_stem_collisions,success,success,exact-then-unique-porter-1.0.0,baek-smart-porter-1.0.0
P2025-033,0000895421,MS,Morgan Stanley,0000895421-26-000086,2025,2026-02-19,1.0.3,0.3.0,1,11,0.12046082,91316,5214,11,0.00210970,success,13,0.01969697,16,0.02424242,6,0.00909091,3,0.00454545,13,0.01969697,660,success,3,23,0.00454545,0.03484848,-0.76923077,0.03939394,-0.03030303,67,success,2.91519031,2.83000000,0.79151516,1.31000000,4.93000000,289,392,103,0.73724490,170,83,warning_stem_collisions,2.82975423,2.72000000,0.79550027,1.19000000,5.00000000,37840,51007,13167,0.74185896,2407,9261,warning_stem_collisions,91610,11.42529572,5214,2265,17.57000384,20.25985438,0.01826220,11,0.12007423,29688,0.24475259,9714712,626710,0.06451143,success,316,1836,-0.70631970,2153,0.02435383,574,0.00649285,131,0.00148182,1211,0.01369832,1008,0.01140207,,,0.00357446,0.02076806,-0.01719360,0.02434251,6343,88405,warning_stem_collisions,success,success,exact-then-unique-porter-1.0.0,baek-smart-porter-1.0.0
P2025-034,0000004977,AFL,Aflac,0001628280-26-011402,2025,2026-02-25,1.0.3,0.3.0,1,7,0.08843520,79154,4175,5,0.00119760,success,5,0.03246753,4,0.02597403,2,0.01298701,2,0.01298701,0,0.00000000,154,success,3,3,0.01948052,0.01948052,0.00000000,0.03896104,0.00000000,16,success,2.77131148,2.56000000,0.77030647,1.63000000,4.72000000,61,90,29,0.67777778,46,17,warning_stem_collisions,2.90902729,2.76000000,0.84179913,1.19000000,5.00000000,31921,43539,11618,0.73315878,2171,7519,warning_stem_collisions,79324,11.28129601,4175,1899,18.99976048,21.26278600,0.03169280,7,0.08824568,25787,0.24533113,8903397,533574,0.05992926,success,413,1311,-0.52088167,1280,0.01706075,402,0.00535814,166,0.00221257,635,0.00846373,437,0.00582465,,,0.00550476,0.01747394,-0.01196918,0.02297870,4024,75026,warning_stem_collisions,success,success,exact-then-unique-porter-1.0.0,baek-smart-porter-1.0.0
P2025-035,0001136893,FIS,Fidelity National Information Services,0001136893-26-000013,2025,2026-02-24,1.0.3,0.3.0,1,48,0.86472464,55509,2508,41,0.01634769,success,36,0.02608696,56,0.04057971,21,0.01521739,3,0.00217391,26,0.01884058,1380,success,23,54,0.01666667,0.03913043,-0.40259740,0.05579710,-0.02246377,193,success,2.72600694,2.52000000,0.80302122,1.28000000,4.93000000,576,815,239,0.70674847,327,159,warning_stem_collisions,2.83745088,2.72000000,0.79188787,1.19000000,5.00000000,22545,30078,7533,0.74955117,2176,5540,warning_stem_collisions,55278,10.92013028,2508,1041,22.04066986,21.79656085,0.03001194,48,0.86833822,8984,0.13980268,3006076,377912,0.12571605,success,289,1130,-0.59267089,917,0.01736249,397,0.00751680,100,0.00189340,726,0.01374609,486,0.00920193,,,0.00547193,0.02139544,-0.01592351,0.02686737,3476,52815,warning_stem_collisions,success,success,exact-then-unique-porter-1.0.0,baek-smart-porter-1.0.0
P2025-036,0000036270,MTB,M&T Bank,0000036270-26-000010,2025,2026-02-18,1.0.3,0.3.0,1,21,0.31908589,65813,3046,17,0.00558109,success,20,0.03205128,11,0.01762821,10,0.01602564,0,0.00000000,7,0.01121795,624,success,2,25,0.00320513,0.04006410,-0.85185185,0.04326923,-0.03685897,61,success,2.74034188,2.59000000,0.79647292,1.44000000,4.79000000,234,333,99,0.70270270,152,62,warning_stem_collisions,2.85995104,2.74000000,0.80438899,1.19000000,5.00000000,26146,35333,9187,0.73998811,2265,6620,warning_stem_collisions,65993,11.09730395,3046,1279,21.66546290,22.38869388,0.03156395,21,0.31821557,21055,0.24187804,7743791,448595,0.05792964,success,223,1429,-0.73002421,1252,0.02000639,536,0.00856504,80,0.00127836,703,0.01123362,588,0.00939597,,,0.00356344,0.02283477,-0.01927133,0.02639821,4099,62580,warning_stem_collisions,success,success,exact-then-unique-porter-1.0.0,baek-smart-porter-1.0.0
P2025-037,0001512673,XYZ,"Block, Inc.",0001628280-26-012254,2025,2026-02-26,1.0.3,0.3.0,1,62,0.81869801,75730,3075,45,0.01463415,success,62,0.03457892,34,0.01896263,40,0.02230898,4,0.00223090,23,0.01282766,1793,success,27,55,0.01505856,0.03067485,-0.34146341,0.04573341,-0.01561629,197,success,2.65007003,2.50000000,0.72607449,1.30000000,4.90000000,714,1014,300,0.70414201,332,217,warning_stem_collisions,2.93084302,2.85000000,0.83869677,1.19000000,5.00000000,29857,39658,9801,0.75286197,2485,7390,warning_stem_collisions,75536,11.23236464,3075,1206,24.56455285,21.23954982,0.02614647,62,0.82080068,8350,0.09953985,3098527,498278,0.16081125,success,429,1843,-0.62235915,1498,0.02063361,899,0.01238292,171,0.00235537,935,0.01287879,629,0.00866391,,,0.00590909,0.02538567,-0.01947658,0.03129477,5231,72600,warning_stem_collisions,success,success,exact-then-unique-porter-1.0.0,baek-smart-porter-1.0.0
P2025-038,0002012383,BLK,BlackRock,0001193125-26-071966,2025,2026-02-25,1.0.3,0.3.0,1,40,0.35541339,112545,4731,26,0.00549567,success,31,0.02203269,32,0.02274343,15,0.01066098,0,0.00000000,16,0.01137171,1407,success,10,54,0.00710732,0.03837953,-0.68750000,0.04548685,-0.03127221,138,success,2.77509182,2.61000000,0.77449059,1.30000000,4.96000000,599,881,282,0.67990919,325,156,warning_stem_collisions,2.88383507,2.77000000,0.79552569,1.26000000,4.97000000,44153,61435,17282,0.71869456,2280,10376,warning_stem_collisions,111497,11.62175296,4731,1620,23.56732192,21.69926442,0.04269173,40,0.35875405,13092,0.10508151,12551314,765123,0.06095959,success,475,1556,-0.53225012,2130,0.02041618,745,0.00714087,166,0.00159112,1140,0.01092697,872,0.00835817,,,0.00455290,0.01491436,-0.01036145,0.01946726,6023,104329,warning_stem_collisions,success,success,exact-then-unique-porter-1.0.0,baek-smart-porter-1.0.0
P2025-039,0000072971,WFC,Wells Fargo,0000072971-26-000133,2025,2026-02-24,1.0.3,0.3.0,1,1,0.10767740,9287,724,1,0.00138122,success,0,0.00000000,0,0.00000000,0,0.00000000,0,0.00000000,0,0.00000000,16,success,0,0,0.00000000,0.00000000,,0.00000000,0.00000000,0,success,3.35181818,3.07000000,0.74913063,2.24000000,4.75000000,11,12,1,0.91666667,11,0,success,2.94931824,2.83000000,0.80585033,1.26000000,4.96000000,3623,5012,1389,0.72286512,910,926,warning_stem_collisions,9343,9.14238268,724,229,12.90469613,19.30827658,0.02847051,1,0.10703200,4184,0.30930731,359609,62326,0.17331602,success,49,152,-0.51243781,117,0.01306825,73,0.00815369,19,0.00212219,157,0.01753602,150,0.01675416,,,0.00547303,0.01697755,-0.01150452,0.02245058,628,8953,success,success,success,exact-then-unique-porter-1.0.0,baek-smart-porter-1.0.0
P2025-040,0000315293,AON,Aon plc,0001628280-26-008116,2025,2026-02-13,1.0.3,0.3.0,1,16,0.29531737,54179,2591,14,0.00540332,success,16,0.02203857,34,0.04683196,8,0.01101928,0,0.00000000,6,0.00826446,726,success,11,28,0.01515152,0.03856749,-0.43589744,0.05371901,-0.02341598,93,success,2.66869707,2.59000000,0.75050619,1.30000000,4.93000000,307,403,96,0.76178660,181,76,warning_stem_collisions,2.83367949,2.75000000,0.77487375,1.19000000,4.97000000,21416,28498,7082,0.75149133,2103,5199,warning_stem_collisions,54062,10.89788682,2591,1057,20.86530297,21.49720803,0.03353557,16,0.29595649,15547,0.22334756,3792932,362540,0.09558305,success,351,1052,-0.49964362,1080,0.02091969,469,0.00908457,81,0.00156898,713,0.01381087,395,0.00765118,,,0.00679890,0.02037733,-0.01357843,0.02717623,3446,51626,warning_stem_collisions,success,success,exact-then-unique-porter-1.0.0,baek-smart-porter-1.0.0
P2025-041,0001035267,ISRG,Intuitive Surgical,0001035267-26-000010,2025,2026-02-03,1.0.3,0.3.0,1,67,0.81492653,82216,3444,40,0.01161440,success,38,0.02590320,51,0.03476483,28,0.01908657,5,0.00340832,21,0.01431493,1467,success,10,33,0.00681663,0.02249489,-0.53488372,0.02931152,-0.01567825,151,success,2.70688042,2.57000000,0.76283311,1.23000000,4.93000000,577,819,242,0.70451770,301,151,warning_stem_collisions,2.86755715,2.82000000,0.81129713,1.19000000,5.00000000,31279,43903,12624,0.71245701,2954,8598,warning_stem_collisions,82406,11.31941353,3444,1300,23.92740999,21.35517896,0.02225566,67,0.81304759,6109,0.06901655,2789282,555512,0.19915950,success,487,2060,-0.61758932,1710,0.02150294,970,0.01219758,227,0.00285448,1114,0.01400835,727,0.00914189,,,0.00612394,0.02590413,-0.01978019,0.03202807,6002,79524,warning_stem_collisions,success,success,exact-then-unique-porter-1.0.0,baek-smart-porter-1.0.0
P2025-042,0000313616,DHR,Danaher Corporation,0000313616-26-000062,2025,2026-02-24,1.0.3,0.3.0,1,26,0.41280981,62983,2514,18,0.00715990,success,21,0.03756708,9,0.01610018,15,0.02683363,1,0.00178891,4,0.00715564,559,success,5,29,0.00894454,0.05187835,-0.70588235,0.06082290,-0.04293381,69,success,2.65900000,2.59000000,0.74970473,1.50000000,4.93000000,220,323,103,0.68111455,133,64,warning_stem_collisions,2.86150657,2.76000000,0.79284966,1.04000000,5.00000000,24506,33602,9096,0.72930183,2324,6543,warning_stem_collisions,63009,11.05103285,2514,1032,25.06324582,22.89486533,0.02874193,26,0.41263946,9039,0.12545803,2936061,428016,0.14577899,success,321,1507,-0.64879650,1049,0.01748654,393,0.00655120,101,0.00168364,889,0.01481938,575,0.00958509,,,0.00535098,0.02512127,-0.01977029,0.03047225,4120,59989,warning_stem_collisions,success,success,exact-then-unique-porter-1.0.0,baek-smart-porter-1.0.0
P2025-043,0000860730,HCA,HCA Healthcare,0001193125-26-044769,2025,2026-02-10,1.0.3,0.3.0,1,60,0.79386081,75580,3338,44,0.01318155,success,46,0.02213667,37,0.01780558,30,0.01443696,4,0.00192493,25,0.01203080,2078,success,23,72,0.01106833,0.03464870,-0.51578947,0.04571704,-0.02358037,201,success,2.70085549,2.52000000,0.72561345,1.44000000,4.93000000,865,1238,373,0.69870759,366,251,warning_stem_collisions,2.82287927,2.72000000,0.76354690,1.26000000,5.00000000,30348,41031,10683,0.73963589,2266,8047,warning_stem_collisions,75026,11.22559000,3338,1118,22.47633313,22.06289646,0.03733372,60,0.79972276,11976,0.13765201,5498741,511088,0.09294637,success,395,1729,-0.62806026,1258,0.01760278,699,0.00978087,158,0.00221084,1113,0.01557384,705,0.00986483,,,0.00552710,0.02419332,-0.01866622,0.02972043,5043,71466,warning_stem_collisions,success,success,exact-then-unique-porter-1.0.0,baek-smart-porter-1.0.0
P2025-044,0000872589,REGN,Regeneron Pharmaceuticals,0000872589-26-000008,2025,2026-02-04,1.0.3,0.3.0,1,9,0.12466237,72195,2918,7,0.00239890,success,13,0.04905660,13,0.04905660,6,0.02264151,0,0.00000000,2,0.00754717,265,success,1,15,0.00377358,0.05660377,-0.87500000,0.06037736,-0.05283019,39,success,2.62666667,2.56500000,0.77272725,1.30000000,4.48000000,108,142,34,0.76056338,68,25,warning_stem_collisions,2.86306180,2.74000000,0.80430342,1.04000000,5.00000000,26553,37467,10914,0.70870366,2557,7407,warning_stem_collisions,72342,11.18916015,2918,1133,24.79163811,22.85601863,0.01986398,9,0.12440906,14645,0.16835849,3119136,484979,0.15548504,success,691,1781,-0.44093851,1452,0.02076273,858,0.01226889,191,0.00273119,1295,0.01851772,681,0.00973789,,,0.00988089,0.02546723,-0.01558635,0.03534812,5729,69933,warning_stem_collisions,success,success,exact-then-unique-porter-1.0.0,baek-smart-porter-1.0.0
P2025-045,0001071739,CNC,Centene Corporation,0001071739-26-000049,2025,2026-02-17,1.0.3,0.3.0,1,30,0.48904538,61344,2707,20,0.00738825,success,27,0.03422053,20,0.02534854,12,0.01520913,1,0.00126743,5,0.00633714,789,success,5,28,0.00633714,0.03548796,-0.69696970,0.04182510,-0.02915082,81,success,2.62460411,2.45000000,0.69820942,1.40000000,4.78000000,341,450,109,0.75777778,209,89,warning_stem_collisions,2.82087533,2.74000000,0.76625364,1.25000000,5.00000000,24722,33203,8481,0.74457127,2267,6076,warning_stem_collisions,61094,11.02016894,2707,1116,22.56889546,21.71584172,0.02974105,30,0.49104658,8566,0.12296871,3196200,412747,0.12913679,success,501,1524,-0.50518519,1145,0.01961792,568,0.00973186,147,0.00251863,1046,0.01792170,569,0.00974899,,,0.00858391,0.02611154,-0.01752763,0.03469545,4514,58365,warning_stem_collisions,success,success,exact-then-unique-porter-1.0.0,baek-smart-porter-1.0.0
P2025-046,0001000228,HSIC,Henry Schein,0001000228-26-000013,2025,2026-02-24,1.0.3,0.3.0,1,1,0.02119632,47178,5808,1,0.00017218,success,0,0.00000000,0,0.00000000,0,0.00000000,0,0.00000000,0,0.00000000,19,success,1,0,0.05263158,0.00000000,1.00000000,0.05263158,0.05263158,1,success,2.34833333,2.26500000,0.48039625,1.82000000,3.24000000,6,8,2,0.75000000,6,1,warning_stem_collisions,2.91612546,2.89000000,0.76642058,1.26000000,4.96000000,18126,23893,5767,0.75863224,1598,3718,warning_stem_collisions,44463,10.70241266,5808,5106,7.65547521,15.10180075,0.11605155,1,0.02249061,0,0.00000000,4769583,307055,0.06437775,success,169,466,-0.46771654,553,0.01429162,143,0.00369566,54,0.00139557,429,0.01108699,276,0.00713289,,,0.00436760,0.01204321,-0.00767561,0.01641081,1845,38694,warning_stem_collisions,success,success,exact-then-unique-porter-1.0.0,baek-smart-porter-1.0.0
P2025-047,0001000697,WAT,Waters Corporation,0001193125-26-062604,2025,2026-02-23,1.0.3,0.3.0,1,23,0.41145638,55899,2676,16,0.00597907,success,21,0.04109589,11,0.02152642,11,0.02152642,1,0.00195695,2,0.00391389,511,success,5,36,0.00978474,0.07045010,-0.75609756,0.08023483,-0.06066536,75,success,2.55527638,2.44000000,0.72550644,1.30000000,4.57000000,199,284,85,0.70070423,118,54,warning_stem_collisions,2.90028323,2.85000000,0.79930058,1.26000000,5.00000000,21996,29849,7853,0.73690911,2190,5445,warning_stem_collisions,55804,10.92960083,2676,1063,20.85351271,21.50346733,0.03942370,23,0.41215683,13661,0.19666019,3024698,377594,0.12483693,success,285,929,-0.53047776,946,0.01801493,440,0.00837904,145,0.00276127,567,0.01079753,422,0.00803626,,,0.00542733,0.01769119,-0.01226386,0.02311853,3157,52512,warning_stem_collisions,success,success,exact-then-unique-porter-1.0.0,baek-smart-porter-1.0.0
P2025-048,0000731766,UNH,UnitedHealth Group,0000731766-26-000062,2025,2026-03-02,1.0.3,0.3.0,1,18,0.46119552,39029,1793,15,0.00836587,success,14,0.02269044,13,0.02106969,11,0.01782820,4,0.00648298,10,0.01620746,617,success,6,28,0.00972447,0.04538088,-0.64705882,0.05510535,-0.03565640,73,success,2.57247934,2.44000000,0.66956416,1.44000000,4.65000000,242,355,113,0.68169014,156,85,warning_stem_collisions,2.83572016,2.72000000,0.79209004,1.26000000,4.96000000,15809,21806,5997,0.72498395,1888,4519,warning_stem_collisions,38884,10.56833813,1793,762,21.68655884,22.35987628,0.02718342,18,0.46291534,8449,0.17850126,2870606,268445,0.09351510,success,285,796,-0.47271045,660,0.01771669,348,0.00934153,65,0.00174483,652,0.01750195,326,0.00875097,,,0.00765039,0.02136741,-0.01371702,0.02901780,2612,37253,warning_stem_collisions,success,success,exact-then-unique-porter-1.0.0,baek-smart-porter-1.0.0
P2025-049,0001555280,ZTS,Zoetis,0001555280-26-000011,2025,2026-02-12,1.0.3,0.3.0,1,44,0.67806013,64891,3111,31,0.00996464,success,31,0.03229167,28,0.02916667,22,0.02291667,0,0.00000000,15,0.01562500,960,success,12,31,0.01250000,0.03229167,-0.44186047,0.04479167,-0.01979167,116,success,2.60945869,2.48000000,0.72778749,1.30000000,4.93000000,351,538,187,0.65241636,219,111,warning_stem_collisions,2.89276143,2.80000000,0.83129434,1.04000000,5.00000000,25150,34121,8971,0.73708273,2507,6679,warning_stem_collisions,64738,11.07810363,3111,1404,20.80938605,20.71536222,0.02738732,44,0.67966264,10538,0.13999150,3307949,437098,0.13213565,success,394,1362,-0.55125285,1381,0.02218474,657,0.01055422,119,0.00191165,744,0.01195181,523,0.00840161,,,0.00632932,0.02187952,-0.01555020,0.02820884,4259,62250,warning_stem_collisions,success,success,exact-then-unique-porter-1.0.0,baek-smart-porter-1.0.0
P2025-050,0000010456,BAX,Baxter International,0001628280-26-007733,2025,2026-02-12,1.0.3,0.3.0,1,34,0.57144778,59498,2633,23,0.00873528,success,23,0.03095559,21,0.02826380,9,0.01211306,3,0.00403769,6,0.00807537,743,success,6,26,0.00807537,0.03499327,-0.62500000,0.04306864,-0.02691790,83,success,2.73215827,2.61000000,0.77375592,1.50000000,4.87000000,278,425,147,0.65411765,156,95,warning_stem_collisions,2.85961199,2.74000000,0.81530729,1.26000000,5.00000000,23195,31400,8205,0.73869427,2181,6226,warning_stem_collisions,59458,10.99302546,2633,1025,22.58184580,21.23582423,0.03277944,34,0.57183222,13017,0.17960676,3388596,396315,0.11695552,success,332,1477,-0.63294638,1181,0.02075863,568,0.00998383,86,0.00151164,741,0.01302468,517,0.00908739,,,0.00583562,0.02596147,-0.02012585,0.03179709,3993,56892,warning_stem_collisions,success,success,exact-then-unique-porter-1.0.0,baek-smart-porter-1.0.0
P2025-051,0000842023,TECH,Bio-Techne,0001558370-25-011716,2025,2025-08-22,1.0.3,0.3.0,0,0,0.00000000,48962,2267,0,0.00000000,success,,,,,,,,,,,0,warning_denominator_zero,,,,,,,,,warning_denominator_zero,,,,,,0,0,0,,0,0,warning_denominator_zero,2.86761768,2.79000000,0.79607802,1.19000000,5.00000000,19544,25830,6286,0.75663957,2040,4740,warning_stem_collisions,48828,10.79605920,2267,721,21.53859727,21.15325404,0.03323913,0,0.00000000,8963,0.15509335,3861666,330731,0.08564464,success,294,1062,-0.56637168,749,0.01612001,279,0.00600465,111,0.00238895,566,0.01218147,430,0.00925448,,,0.00632748,0.02285640,-0.01652893,0.02918388,2966,46464,warning_denominator_zero,warning_denominator_zero,success,exact-then-unique-porter-1.0.0,baek-smart-porter-1.0.0
P2025-052,0001093557,DXCM,Dexcom,0001093557-26-000027,2025,2026-02-12,1.0.3,0.3.0,1,33,0.44786450,73683,3181,20,0.00628733,success,19,0.03035144,20,0.03194888,6,0.00958466,5,0.00798722,10,0.01597444,626,success,8,17,0.01277955,0.02715655,-0.36000000,0.03993610,-0.01437700,75,success,2.61687243,2.46000000,0.68998963,1.62000000,4.67000000,243,355,112,0.68450704,171,54,warning_stem_collisions,2.83660880,2.72000000,0.80444286,1.19000000,5.00000000,28627,38101,9474,0.75134511,2803,7020,warning_stem_collisions,73863,11.20996730,3181,1265,23.22005659,21.04002716,0.01973925,33,0.44677308,9251,0.11130495,2525851,490035,0.19400788,success,422,2155,-0.67248739,1660,0.02317077,1080,0.01507496,229,0.00319645,1289,0.01799224,756,0.01055247,,,0.00589040,0.03008012,-0.02418972,0.03597052,6137,71642,warning_stem_collisions,success,success,exact-then-unique-porter-1.0.0,baek-smart-porter-1.0.0
P2025-053,0000936468,LMT,Lockheed Martin,0001628280-26-004195,2025,2026-01-29,1.0.3,0.3.0,1,6,0.10589107,56662,2436,6,0.00246305,success,5,0.02380952,0,0.00000000,1,0.00476190,0,0.00000000,1,0.00476190,210,success,3,4,0.01428571,0.01904762,-0.14285714,0.03333333,-0.00476190,10,success,2.70211009,2.67000000,0.67312236,1.62000000,4.39000000,109,134,25,0.81343284,69,18,warning_stem_collisions,2.86532847,2.81000000,0.78480079,1.26000000,5.00000000,22468,29990,7522,0.74918306,2147,5683,warning_stem_collisions,56803,10.94734442,2436,849,23.31814450,21.14215323,0.03068500,6,0.10562822,7924,0.12242186,2909179,380486,0.13078810,success,316,1032,-0.53115727,1059,0.01947479,492,0.00904778,85,0.00156313,984,0.01809555,516,0.00948913,,,0.00581117,0.01897826,-0.01316709,0.02478944,3825,54378,warning_stem_collisions,success,success,exact-then-unique-porter-1.0.0,baek-smart-porter-1.0.0
P2025-054,0000702165,NSC,Norfolk Southern,0001628280-26-006268,2025,2026-02-09,1.0.3,0.3.0,1,2,0.05644615,35432,1950,1,0.00051282,success,2,0.05714286,0,0.00000000,1,0.02857143,0,0.00000000,0,0.00000000,35,success,0,3,0.00000000,0.08571429,-1.00000000,0.08571429,-0.08571429,5,success,2.70125000,2.64000000,0.60069621,1.54000000,4.25000000,16,19,3,0.84210526,16,2,warning_stem_collisions,2.90142817,2.80000000,0.82485521,1.19000000,5.00000000,14123,18453,4330,0.76534981,1962,3241,warning_stem_collisions,35394,10.47429759,1950,834,18.15076923,20.07316083,0.03802904,2,0.05650675,11642,0.24751254,2364467,235979,0.09980220,success,176,945,-0.68599465,588,0.01745118,282,0.00836944,90,0.00267110,473,0.01403811,245,0.00727132,,,0.00522348,0.02804654,-0.02282305,0.03327002,2351,33694,warning_stem_collisions,success,success,exact-then-unique-porter-1.0.0,baek-smart-porter-1.0.0
P2025-055,0000052988,J,Jacobs Solutions,0001628280-25-053316,2025,2025-11-20,1.0.3,0.3.0,1,34,0.54870570,61964,2866,25,0.00872296,success,20,0.02484472,8,0.00993789,13,0.01614907,3,0.00372671,8,0.00993789,805,success,15,23,0.01863354,0.02857143,-0.21052632,0.04720497,-0.00993789,74,success,2.76005848,2.61500000,0.78092238,1.48000000,4.87000000,342,470,128,0.72765957,220,76,warning_stem_collisions,2.84095944,2.74000000,0.79294124,1.26000000,5.00000000,24233,32351,8118,0.74906494,2419,6015,warning_stem_collisions,61893,11.03316237,2866,1236,21.59560363,21.44200910,0.03564216,34,0.54933514,12605,0.16919917,3349864,417340,0.12458416,success,406,1537,-0.58208955,1269,0.02151321,679,0.01151101,116,0.00196653,926,0.01569837,588,0.00996830,,,0.00688287,0.02605659,-0.01917372,0.03293946,4595,58987,warning_stem_collisions,success,success,exact-then-unique-porter-1.0.0,baek-smart-porter-1.0.0
P2025-056,0000105634,EME,Emcor,0000105634-26-000025,2025,2026-02-26,1.0.3,0.3.0,1,9,0.19017433,47325,2078,6,0.00288739,success,5,0.02155172,4,0.01724138,4,0.01724138,0,0.00000000,0,0.00000000,232,success,1,10,0.00431034,0.04310345,-0.81818182,0.04741379,-0.03879310,18,success,2.89663462,2.88000000,0.74108757,1.50000000,4.57000000,104,137,33,0.75912409,80,23,warning_stem_collisions,2.87012756,2.80000000,0.78429200,1.29000000,5.00000000,18815,24557,5742,0.76617665,2091,4717,warning_stem_collisions,47081,10.75962480,2078,884,22.65688162,22.00687864,0.03472738,9,0.19115992,9039,0.16106557,2769673,319348,0.11530170,success,284,938,-0.53518822,950,0.02109330,399,0.00885919,86,0.00190950,624,0.01385497,472,0.01048004,,,0.00630579,0.02082686,-0.01452107,0.02713264,3127,45038,warning_stem_collisions,success,success,exact-then-unique-porter-1.0.0,baek-smart-porter-1.0.0
P2025-057,0000076334,PH,Parker Hannifin,0000076334-25-000035,2025,2025-08-22,1.0.3,0.3.0,1,1,0.03305567,30252,1620,1,0.00061728,success,2,0.07407407,0,0.00000000,1,0.03703704,0,0.00000000,0,0.00000000,27,success,0,1,0.00000000,0.03703704,-1.00000000,0.03703704,-0.03703704,3,success,2.69571429,2.55500000,0.70019094,1.63000000,4.10000000,14,16,2,0.87500000,14,1,warning_stem_collisions,2.89141473,2.82000000,0.79617034,1.26000000,5.00000000,12285,16170,3885,0.75974026,1711,2912,warning_stem_collisions,30068,10.31121676,1620,678,18.56049383,20.80231217,0.03648397,1,0.03325795,9830,0.24637826,2461050,203221,0.08257492,success,233,467,-0.33428571,500,0.01750639,198,0.00693253,57,0.00199573,292,0.01022373,200,0.00700256,,,0.00815798,0.01635097,-0.00819299,0.02450895,1662,28561,warning_stem_collisions,success,success,exact-then-unique-porter-1.0.0,baek-smart-porter-1.0.0
P2025-058,0000900075,CPRT,Copart,0001628280-25-042946,2025,2025-09-26,1.0.3,0.3.0,1,11,0.27137712,40534,1850,5,0.00270270,success,2,0.01190476,1,0.00595238,2,0.01190476,0,0.00000000,0,0.00000000,168,success,0,6,0.00000000,0.03571429,-1.00000000,0.03571429,-0.03571429,8,success,2.88304878,2.80000000,0.77677050,1.68000000,4.93000000,82,103,21,0.79611650,55,17,warning_stem_collisions,2.95796153,2.86000000,0.85012952,1.26000000,5.00000000,16326,21130,4804,0.77264553,2042,3559,warning_stem_collisions,40627,10.61218815,1850,791,21.96054054,20.73190397,0.02498339,11,0.27075590,5346,0.11628565,2029406,268571,0.13233971,success,253,740,-0.49043303,670,0.01709576,347,0.00885407,100,0.00255161,435,0.01109949,263,0.00671072,,,0.00645556,0.01888189,-0.01242632,0.02533745,2345,39191,warning_stem_collisions,success,success,exact-then-unique-porter-1.0.0,baek-smart-porter-1.0.0
P2025-060,0001090727,UPS,United Parcel Service,0001628280-26-008432,2025,2026-02-17,1.0.3,0.3.0,1,9,0.16876055,53330,3032,7,0.00230871,success,7,0.03804348,2,0.01086957,3,0.01630435,0,0.00000000,1,0.00543478,184,success,2,10,0.01086957,0.05434783,-0.66666667,0.06521739,-0.04347826,21,success,2.68243902,2.49000000,0.70485695,1.50000000,4.57000000,82,119,37,0.68907563,67,24,warning_stem_collisions,2.89259600,2.79000000,0.80018074,1.19000000,5.00000000,21225,28258,7033,0.75111473,2027,5351,warning_stem_collisions,53057,10.87912209,3032,1390,17.49901055,19.47584836,0.03530166,9,0.16962889,11949,0.18381380,4075933,358467,0.08794723,success,311,802,-0.44115004,896,0.01775981,351,0.00695725,109,0.00216051,483,0.00957365,419,0.00830509,,,0.00616440,0.01589661,-0.00973222,0.02206101,2826,50451,warning_stem_collisions,success,success,exact-then-unique-porter-1.0.0,baek-smart-porter-1.0.0
P2025-061,0001048911,FDX,FedEx,0001048911-25-000011,2025,2025-07-21,1.0.3,0.3.0,1,26,0.39626294,65613,3371,17,0.00504301,success,19,0.02006336,20,0.02111932,11,0.01161563,1,0.00105597,7,0.00739176,947,success,10,33,0.01055966,0.03484688,-0.53488372,0.04540655,-0.02428722,82,success,2.83760391,2.68000000,0.81368348,1.40000000,4.93000000,409,554,145,0.73826715,261,113,warning_stem_collisions,2.92401309,2.82000000,0.82503947,1.19000000,5.00000000,26117,35302,9185,0.73981644,2633,6293,warning_stem_collisions,65628,11.09175771,3371,1306,19.46840700,20.00141226,0.03443652,26,0.39617237,14102,0.17687194,3450652,444621,0.12885130,success,515,978,-0.31011386,1124,0.01802091,576,0.00923491,128,0.00205220,644,0.01032515,459,0.00735907,,,0.00825691,0.01568011,-0.00742320,0.02393702,3645,62372,warning_stem_collisions,success,success,exact-then-unique-porter-1.0.0,baek-smart-porter-1.0.0
P2025-062,0001067701,URI,United Rentals,0001067701-26-000007,2025,2026-01-28,1.0.3,0.3.0,1,18,0.36595035,49187,2288,12,0.00524476,success,14,0.04142012,8,0.02366864,8,0.02366864,0,0.00000000,2,0.00591716,338,success,5,21,0.01479290,0.06213018,-0.61538462,0.07692308,-0.04733728,48,success,2.47721739,2.33000000,0.69218940,1.30000000,4.87000000,115,178,63,0.64606742,84,44,warning_stem_collisions,2.86822790,2.72000000,0.81320783,1.26000000,5.00000000,19254,25079,5825,0.76773396,1934,4453,warning_stem_collisions,48925,10.79804379,2288,938,21.38330420,20.95622470,0.03779254,18,0.36791007,11535,0.19078730,2629421,323944,0.12319975,success,240,887,-0.57409051,798,0.01712446,365,0.00783262,100,0.00214592,405,0.00869099,495,0.01062232,,,0.00515021,0.01903433,-0.01388412,0.02418455,2779,46600,warning_stem_collisions,success,success,exact-then-unique-porter-1.0.0,baek-smart-porter-1.0.0
P2025-063,0001316835,BLDR,Builders FirstSource,0001193125-26-054643,2025,2026-02-17,1.0.3,0.3.0,1,14,0.25593682,54701,2375,10,0.00421053,success,18,0.03278689,18,0.03278689,7,0.01275046,0,0.00000000,4,0.00728597,549,success,4,13,0.00728597,0.02367942,-0.52941176,0.03096539,-0.01639344,55,success,2.72918552,2.56000000,0.75495543,1.26000000,4.89000000,221,314,93,0.70382166,157,62,warning_stem_collisions,2.90574698,2.82000000,0.82679700,1.19000000,5.00000000,21761,28871,7110,0.75373212,2043,5431,warning_stem_collisions,54323,10.90270299,2375,752,22.87284211,20.78913965,0.03145997,14,0.25771773,5291,0.08875432,3221548,364679,0.11319993,success,377,904,-0.41139735,863,0.01659839,406,0.00780874,105,0.00201950,424,0.00815494,453,0.00871271,,,0.00725098,0.01738696,-0.01013598,0.02463793,2938,51993,warning_stem_collisions,success,success,exact-then-unique-porter-1.0.0,baek-smart-porter-1.0.0
P2025-064,0000040545,GE,GE Aerospace,0000040545-26-000008,2025,2026-01-29,1.0.3,0.3.0,1,5,0.10784927,46361,2030,4,0.00197044,success,7,0.03043478,8,0.03478261,3,0.01304348,1,0.00434783,3,0.01304348,230,success,1,8,0.00434783,0.03478261,-0.77777778,0.03913043,-0.03043478,27,success,2.64628319,2.56000000,0.70006345,1.50000000,4.70000000,113,141,28,0.80141844,87,21,warning_stem_collisions,2.85205895,2.79000000,0.78783871,1.04000000,5.00000000,18490,24827,6337,0.74475370,2023,4750,warning_stem_collisions,46146,10.73956556,2030,668,22.73201970,22.62367637,0.04134703,5,0.10835175,13298,0.22370635,3254149,311089,0.09559765,success,237,909,-0.58638743,763,0.01747955,269,0.00616252,103,0.00235963,606,0.01388284,347,0.00794942,,,0.00542943,0.02082427,-0.01539484,0.02625369,2810,43651,warning_stem_collisions,success,success,exact-then-unique-porter-1.0.0,baek-smart-porter-1.0.0
P2025-065,0001035983,FIX,Comfort Systems USA,0001104659-26-017530,2025,2026-02-19,1.0.3,0.3.0,1,4,0.07670035,52151,2224,4,0.00179856,success,4,0.01659751,2,0.00829876,1,0.00414938,0,0.00000000,0,0.00000000,241,success,4,14,0.01659751,0.05809129,-0.55555556,0.07468880,-0.04149378,24,success,2.73387755,2.57000000,0.77513084,1.44000000,5.00000000,98,135,37,0.72592593,80,24,warning_stem_collisions,2.84334263,2.76000000,0.78280088,1.19000000,5.00000000,20427,26764,6337,0.76322672,2023,5017,warning_stem_collisions,52031,10.85959497,2224,710,23.39523381,21.03432351,0.02871365,4,0.07687725,6285,0.10777488,3051116,345839,0.11334836,success,359,913,-0.43553459,988,0.01975012,401,0.00801599,131,0.00261869,729,0.01457271,531,0.01061469,,,0.00717641,0.01825087,-0.01107446,0.02542729,3487,50025,warning_stem_collisions,success,success,exact-then-unique-porter-1.0.0,baek-smart-porter-1.0.0
P2025-066,0000062996,MAS,Masco,0000062996-26-000005,2025,2026-02-10,1.0.3,0.3.0,1,2,0.07052435,28359,1558,2,0.00128370,success,3,0.04545455,0,0.00000000,2,0.03030303,0,0.00000000,0,0.00000000,66,success,0,6,0.00000000,0.09090909,-1.00000000,0.09090909,-0.09090909,9,success,2.64275862,2.59000000,0.58737227,1.63000000,4.48000000,29,36,7,0.80555556,23,5,warning_stem_collisions,2.87559737,2.79000000,0.80347802,1.30000000,5.00000000,11266,14816,3550,0.76039417,1550,2739,warning_stem_collisions,28183,10.24647424,1558,738,18.08921694,19.42470392,0.03690168,2,0.07096477,6511,0.18766934,2263939,189536,0.08371957,success,138,471,-0.54679803,536,0.01997764,216,0.00805069,53,0.00197540,188,0.00700708,223,0.00831159,,,0.00514350,0.01755498,-0.01241148,0.02269847,1521,26830,warning_stem_collisions,success,success,exact-then-unique-porter-1.0.0,baek-smart-porter-1.0.0
P2025-067,0001474735,GNRC,Generac,0001437749-26-004568,2025,2026-02-18,1.0.3,0.3.0,1,10,0.20008003,49980,2303,8,0.00347373,success,5,0.01515152,2,0.00606061,3,0.00909091,0,0.00000000,4,0.01212121,330,success,3,9,0.00909091,0.02727273,-0.50000000,0.03636364,-0.01818182,21,success,2.86531250,2.89000000,0.74155657,1.40000000,4.70000000,160,200,40,0.80000000,102,26,warning_stem_collisions,2.90376322,2.83000000,0.80610058,1.19000000,5.00000000,20044,26342,6298,0.76091413,2191,4609,warning_stem_collisions,49807,10.81591082,2303,737,21.62700825,21.80815359,0.03204369,10,0.20077499,13557,0.21395430,3311733,332641,0.10044318,success,318,1007,-0.52000000,790,0.01660815,355,0.00746316,101,0.00212332,547,0.01149957,338,0.00710577,,,0.00668531,0.02117014,-0.01448483,0.02785545,2883,47567,warning_stem_collisions,success,success,exact-then-unique-porter-1.0.0,baek-smart-porter-1.0.0
P2025-068,0000092380,LUV,Southwest Airlines,0000092380-26-000004,2025,2026-02-05,1.0.3,0.3.0,1,29,0.40613971,71404,3056,20,0.00654450,success,18,0.02678571,17,0.02529762,8,0.01190476,1,0.00148810,3,0.00446429,672,success,15,17,0.02232143,0.02529762,-0.06250000,0.04761905,-0.00297619,70,success,2.73822148,2.54000000,0.81486475,1.40000000,4.93000000,298,454,156,0.65638767,184,92,warning_stem_collisions,2.99576810,2.89000000,0.84804032,1.19000000,5.00000000,28668,38658,9990,0.74158001,2630,6832,warning_stem_collisions,71375,11.17570295,3056,1110,23.35569372,21.42490104,0.03639930,29,0.40630473,9763,0.12032586,2847406,481593,0.16913394,success,436,1508,-0.55144033,1029,0.01533098,525,0.00782193,152,0.00226463,921,0.01372190,556,0.00828379,,,0.00649593,0.02246756,-0.01597163,0.02896348,4292,67119,warning_stem_collisions,success,success,exact-then-unique-porter-1.0.0,baek-smart-porter-1.0.0
P2025-069,0001535527,CRWD,CrowdStrike,0001535527-25-000009,2025,2025-03-10,1.0.3,0.3.0,1,105,1.55201466,67654,2865,66,0.02303665,success,35,0.01513841,38,0.01643599,22,0.00951557,1,0.00043253,8,0.00346021,2312,success,45,80,0.01946367,0.03460208,-0.28000000,0.05406574,-0.01513841,198,success,2.88967607,2.72000000,0.84638626,1.30000000,5.00000000,957,1385,428,0.69097473,431,216,warning_stem_collisions,2.84901623,2.76000000,0.80832680,1.19000000,5.00000000,26622,35339,8717,0.75333201,2561,6588,warning_stem_collisions,67378,11.11807383,2865,1204,23.51762653,21.24853711,0.02342011,105,1.55837217,5792,0.07915812,2384579,454614,0.19064749,success,537,2082,-0.58991982,1330,0.02049844,815,0.01256107,180,0.00277422,866,0.01334710,553,0.00852303,,,0.00827644,0.03208853,-0.02381209,0.04036496,5215,64883,warning_stem_collisions,success,success,exact-then-unique-porter-1.0.0,baek-smart-porter-1.0.0
P2025-070,0000864749,TRMB,Trimble Inc.,0000864749-25-000090,2025,2025-04-25,1.0.3,0.3.0,1,41,1.03483089,39620,2019,27,0.01337296,success,17,0.02000000,7,0.00823529,12,0.01411765,3,0.00352941,8,0.00941176,850,success,12,20,0.01411765,0.02352941,-0.25000000,0.03764706,-0.00941176,65,success,2.85921788,2.67000000,0.78698843,1.50000000,4.93000000,358,496,138,0.72177419,226,78,warning_stem_collisions,2.88797345,2.81000000,0.80310590,1.17000000,5.00000000,15820,21382,5562,0.73987466,2138,4017,warning_stem_collisions,39500,10.58405595,2019,945,19.56414066,20.08557664,0.02237975,41,1.03797468,6236,0.13634773,2002287,269684,0.13468798,success,376,828,-0.37541528,703,0.01844418,372,0.00975994,71,0.00186278,281,0.00737243,319,0.00836941,,,0.00986488,0.02172373,-0.01185885,0.03158861,2467,38115,warning_stem_collisions,success,success,exact-then-unique-porter-1.0.0,baek-smart-porter-1.0.0
P2025-071,0000050863,INTC,Intel,0000050863-26-000011,2025,2026-01-23,1.0.3,0.3.0,1,113,1.78022844,63475,2970,86,0.02895623,success,27,0.00996310,6,0.00221402,15,0.00553506,9,0.00332103,6,0.00221402,2710,success,41,28,0.01512915,0.01033210,0.18840580,0.02546125,0.00479705,116,success,3.03851163,3.00000000,0.84680204,1.26000000,4.96000000,1075,1656,581,0.64915459,434,281,warning_stem_collisions,2.88511126,2.81000000,0.80374476,1.26000000,5.00000000,23998,33252,9254,0.72170095,2416,6188,warning_stem_collisions,63456,11.05810203,2970,1066,21.36565657,21.18738588,0.03585161,113,1.78076147,15038,0.19158152,3320720,423692,0.12759040,success,433,1440,-0.53764015,871,0.01446531,386,0.00641058,100,0.00166077,529,0.00878548,552,0.00916746,,,0.00719114,0.02391510,-0.01672396,0.03110624,3639,60213,warning_stem_collisions,success,success,exact-then-unique-porter-1.0.0,baek-smart-porter-1.0.0
P2025-072,0001561550,DDOG,Datadog,0001628280-26-008819,2025,2026-02-18,1.0.3,0.3.0,1,65,1.23313919,52711,2303,40,0.01736865,success,27,0.02335640,18,0.01557093,17,0.01470588,1,0.00086505,10,0.00865052,1156,success,14,48,0.01211073,0.04152249,-0.54838710,0.05363322,-0.02941176,111,success,2.86917526,2.82000000,0.83081040,1.30000000,5.00000000,485,718,233,0.67548747,271,145,warning_stem_collisions,2.84320553,2.75000000,0.80043199,1.26000000,5.00000000,20265,27111,6846,0.74748257,2206,5427,warning_stem_collisions,52541,10.86934910,2303,972,22.81415545,20.77839275,0.02439999,65,1.23712910,5410,0.09335473,2086014,350807,0.16817097,success,358,1329,-0.57557795,1147,0.02263801,681,0.01344070,154,0.00303945,653,0.01288807,436,0.00860521,,,0.00706574,0.02623009,-0.01916435,0.03329583,3871,50667,warning_stem_collisions,success,success,exact-then-unique-porter-1.0.0,baek-smart-porter-1.0.0
P2025-073,0000820313,APH,Amphenol,0001104659-26-013549,2025,2026-02-11,1.0.3,0.3.0,1,16,0.22811845,70139,2662,13,0.00488355,success,3,0.00757576,1,0.00252525,0,0.00000000,1,0.00252525,1,0.00252525,396,success,9,3,0.02272727,0.00757576,0.50000000,0.03030303,0.01515152,17,success,3.00735484,2.88000000,0.86297765,1.50000000,4.93000000,155,231,76,0.67099567,81,48,warning_stem_collisions,2.93387923,2.85000000,0.81551828,1.19000000,5.00000000,27392,36205,8813,0.75658058,1909,6640,warning_stem_collisions,69924,11.15516422,2662,795,26.26746807,22.75363821,0.04840970,16,0.22881986,10836,0.13417533,5318142,466498,0.08771823,success,272,901,-0.53623188,1074,0.01640747,404,0.00617190,116,0.00177213,667,0.01018974,502,0.00766904,,,0.00415534,0.01376455,-0.00960922,0.01791989,3378,65458,warning_stem_collisions,success,success,exact-then-unique-porter-1.0.0,baek-smart-porter-1.0.0
P2025-074,0001645590,HPE,Hewlett Packard Enterprise,0001645590-25-000130,2025,2025-12-18,1.0.3,0.3.0,1,168,2.04533833,82138,3572,119,0.03331467,success,83,0.01770100,39,0.00831734,43,0.00917040,12,0.00255918,24,0.00511836,4689,success,73,71,0.01556835,0.01514182,0.01388889,0.03071017,0.00042653,289,success,2.87574877,2.71000000,0.84013789,1.19000000,4.93000000,1823,2741,918,0.66508574,672,579,warning_stem_collisions,2.86889567,2.75000000,0.81146900,1.19000000,5.00000000,32753,44348,11595,0.73854514,2610,8274,warning_stem_collisions,82103,11.31572984,3572,1581,22.98516237,21.87151902,0.02703921,168,2.04621025,15479,0.15862557,4814483,555988,0.11548239,success,508,1692,-0.53818182,1671,0.02124792,801,0.01018527,138,0.00175477,855,0.01087191,661,0.00840507,,,0.00645957,0.02151495,-0.01505538,0.02797452,5189,78643,warning_stem_collisions,success,success,exact-then-unique-porter-1.0.0,baek-smart-porter-1.0.0
P2025-075,0000319201,KLAC,KLA Corporation,0000319201-25-000024,2025,2025-08-08,1.0.3,0.3.0,1,30,0.50954549,58876,2443,23,0.00941465,success,17,0.02439024,10,0.01434720,12,0.01721664,1,0.00143472,3,0.00430416,697,success,10,24,0.01434720,0.03443329,-0.41176471,0.04878049,-0.02008608,61,success,2.77450980,2.67000000,0.80081555,1.50000000,4.93000000,255,368,113,0.69293478,158,69,warning_stem_collisions,2.84481133,2.74000000,0.79694723,1.26000000,5.00000000,22553,30163,7610,0.74770414,2274,5932,warning_stem_collisions,58798,10.98186312,2443,973,24.06794924,21.26149851,0.02688867,30,0.51022144,8644,0.12816939,2891232,390754,0.13515138,success,372,1284,-0.55072464,1170,0.02065386,587,0.01036224,150,0.00264793,556,0.00981500,569,0.01004449,,,0.00656687,0.02266629,-0.01609942,0.02923316,3854,56648,warning_stem_collisions,success,success,exact-then-unique-porter-1.0.0,baek-smart-porter-1.0.0
P2025-076,0000068505,MSI,Motorola Solutions,0000068505-26-000010,2025,2026-02-12,1.0.3,0.3.0,1,70,1.24955373,56020,2571,52,0.02022559,success,30,0.01495513,42,0.02093719,17,0.00847458,3,0.00149551,11,0.00548355,2006,success,16,54,0.00797607,0.02691924,-0.54285714,0.03489531,-0.01894317,148,success,2.98584019,2.72000000,0.90550171,1.30000000,5.00000000,851,1201,350,0.70857619,388,221,warning_stem_collisions,2.91638583,2.83000000,0.80403806,1.26000000,5.00000000,22279,29671,7392,0.75086785,2187,5468,warning_stem_collisions,55779,10.92915273,2571,1033,21.69544924,21.02540317,0.04103695,70,1.25495258,11682,0.17316672,3456048,373166,0.10797477,success,323,929,-0.48402556,945,0.01794292,404,0.00767084,101,0.00191771,711,0.01349991,395,0.00749995,,,0.00613287,0.01763913,-0.01150626,0.02377200,3231,52667,warning_stem_collisions,success,success,exact-then-unique-porter-1.0.0,baek-smart-porter-1.0.0
P2025-077,0001045810,NVDA,Nvidia,0001045810-25-000023,2025,2025-02-26,1.0.3,0.3.0,1,178,3.82705167,46511,2119,137,0.06465314,success,64,0.01443718,30,0.00676743,56,0.01263253,5,0.00112790,45,0.01015114,4433,success,40,77,0.00902323,0.01736973,-0.31623932,0.02639296,-0.00834649,259,success,2.99362369,2.93000000,0.84610606,1.30000000,4.93000000,1722,2647,925,0.65054779,618,461,warning_stem_collisions,2.89539197,2.82000000,0.81137357,1.19000000,5.00000000,18305,24946,6641,0.73378498,2228,4651,warning_stem_collisions,46711,10.75173496,2119,983,22.04388863,20.24128559,0.02761662,178,3.81066558,5827,0.11091020,2067520,312281,0.15104134,success,269,1070,-0.59820762,923,0.02055908,583,0.01298586,86,0.00191558,506,0.01127074,471,0.01049115,,,0.00599176,0.02383339,-0.01784163,0.02982515,3170,44895,warning_stem_collisions,success,success,exact-then-unique-porter-1.0.0,baek-smart-porter-1.0.0
P2025-078,0001601046,KEYS,Keysight Technologies,0001601046-25-000127,2025,2025-12-17,1.0.3,0.3.0,1,26,0.44617576,58273,2734,19,0.00694952,success,14,0.02477876,5,0.00884956,5,0.00884956,2,0.00353982,1,0.00176991,565,success,16,16,0.02831858,0.02831858,0.00000000,0.05663717,0.00000000,54,success,2.74406250,2.60000000,0.76714278,1.50000000,4.89000000,224,331,107,0.67673716,148,65,warning_stem_collisions,2.85751726,2.76000000,0.78512653,1.19000000,4.97000000,23325,31219,7894,0.74714116,2163,5907,warning_stem_collisions,58308,10.97349458,2734,1045,21.32699342,20.79019647,0.03445496,26,0.44590794,8927,0.13277311,3306959,395070,0.11946625,success,377,1127,-0.49867021,1090,0.01962373,460,0.00828157,134,0.00241246,701,0.01262040,511,0.00919975,,,0.00678729,0.02028986,-0.01350257,0.02707714,3734,55545,warning_stem_collisions,success,success,exact-then-unique-porter-1.0.0,baek-smart-porter-1.0.0
P2025-079,0001327811,WDAY,"Workday, Inc.",0001327811-25-000056,2025,2025-03-11,1.0.3,0.3.0,1,65,1.40510160,46260,2056,48,0.02334630,success,24,0.01516109,30,0.01895136,17,0.01073910,2,0.00126342,3,0.00189514,1583,success,22,38,0.01389766,0.02400505,-0.26666667,0.03790272,-0.01010739,113,success,2.88491086,2.74000000,0.82816176,1.30000000,4.93000000,617,904,287,0.68252212,310,192,warning_stem_collisions,2.84103890,2.74000000,0.79096233,1.19000000,5.00000000,18433,24113,5680,0.76444242,2099,4541,warning_stem_collisions,46040,10.73726586,2056,943,22.39299611,20.95846403,0.02382711,65,1.41181581,6155,0.11792317,2213906,309581,0.13983475,success,310,1090,-0.55714286,1004,0.02258159,565,0.01270777,90,0.00202425,539,0.01212298,379,0.00852432,,,0.00697240,0.02451587,-0.01754347,0.03148827,3250,44461,warning_stem_collisions,success,success,exact-then-unique-porter-1.0.0,baek-smart-porter-1.0.0
P2025-080,0001137789,STX,Seagate Technology,0001137789-25-000157,2025,2025-08-01,1.0.3,0.3.0,1,27,0.55765537,48417,2281,18,0.00789128,success,7,0.01431493,0,0.00000000,3,0.00613497,1,0.00204499,0,0.00000000,489,success,4,8,0.00817996,0.01635992,-0.33333333,0.02453988,-0.00817996,20,success,3.13283784,3.08500000,0.85664155,1.63000000,4.93000000,222,310,88,0.71612903,153,50,warning_stem_collisions,2.89529865,2.82000000,0.81397718,1.04000000,5.00000000,19069,25397,6328,0.75083671,2211,4673,warning_stem_collisions,48198,10.78307281,2281,978,21.13020605,20.46100975,0.02948255,27,0.56018922,9834,0.16945823,2461150,321404,0.13059098,success,276,1182,-0.62139918,956,0.02067698,526,0.01137666,129,0.00279009,483,0.01044663,438,0.00947334,,,0.00596950,0.02556505,-0.01959554,0.03153455,3281,46235,warning_stem_collisions,success,success,exact-then-unique-porter-1.0.0,baek-smart-porter-1.0.0
P2025-081,0001262039,FTNT,Fortinet,0001262039-26-000007,2025,2026-02-25,1.0.3,0.3.0,1,90,1.31423314,68481,2814,57,0.02025586,success,39,0.02524272,13,0.00841424,22,0.01423948,1,0.00064725,6,0.00388350,1545,success,15,76,0.00970874,0.04919094,-0.67032967,0.05889968,-0.03948220,142,success,2.82086817,2.64000000,0.80140083,1.30000000,4.93000000,622,952,330,0.65336134,268,149,warning_stem_collisions,2.85298077,2.78000000,0.78685061,1.26000000,5.00000000,26889,36356,9467,0.73960282,2383,7183,warning_stem_collisions,68365,11.13261628,2814,1213,24.29459844,21.41138726,0.01999561,90,1.31646310,6262,0.08391065,2693095,462234,0.17163672,success,412,2160,-0.67962675,1509,0.02276567,953,0.01437753,119,0.00179531,783,0.01181281,583,0.00879549,,,0.00621568,0.03258705,-0.02637137,0.03880273,5270,66284,warning_stem_collisions,success,success,exact-then-unique-porter-1.0.0,baek-smart-porter-1.0.0
P2025-082,0001467373,ACN,Accenture,0001467373-25-000217,2025,2025-10-10,1.0.3,0.3.0,1,81,1.91725052,42248,2092,65,0.03107075,success,45,0.01734773,30,0.01156515,26,0.01002313,4,0.00154202,13,0.00501157,2594,success,34,63,0.01310717,0.02428682,-0.29896907,0.03739399,-0.01117965,184,success,2.85967472,2.67500000,0.82779109,1.30000000,4.93000000,1076,1455,379,0.73951890,461,229,warning_stem_collisions,2.83109074,2.72000000,0.80431222,1.19000000,5.00000000,16475,21835,5360,0.75452256,2025,4056,warning_stem_collisions,42289,10.65228228,2092,809,20.21462715,20.95005235,0.02835253,81,1.91539171,12049,0.22174169,2819249,282664,0.10026216,success,342,941,-0.46687451,886,0.02176851,471,0.01157220,77,0.00189185,619,0.01520847,303,0.00744453,,,0.00840274,0.02311983,-0.01471708,0.03152257,3028,40701,warning_stem_collisions,success,success,exact-then-unique-porter-1.0.0,baek-smart-porter-1.0.0
P2025-083,0000916076,MLM,Martin Marietta Materials,0001193125-26-059193,2025,2026-02-19,1.0.3,0.3.0,1,2,0.02717428,73599,3477,2,0.00057521,success,2,0.03921569,0,0.00000000,1,0.01960784,0,0.00000000,0,0.00000000,51,success,0,6,0.00000000,0.11764706,-1.00000000,0.11764706,-0.11764706,8,success,2.52083333,2.34500000,0.76218937,1.66000000,4.57000000,24,33,9,0.72727273,23,5,warning_stem_collisions,2.99503560,2.90000000,0.86030500,1.26000000,5.00000000,29494,40835,11341,0.72227256,2377,7687,warning_stem_collisions,73087,11.19940579,3477,1242,21.02013230,21.67873959,0.03330278,2,0.02736465,12115,0.14219150,7481813,503054,0.06723691,success,403,1116,-0.46938776,1139,0.01646834,427,0.00617382,116,0.00167720,503,0.00727267,662,0.00957159,,,0.00582681,0.01613580,-0.01030898,0.02196261,3727,69163,warning_stem_collisions,success,success,exact-then-unique-porter-1.0.0,baek-smart-porter-1.0.0
P2025-084,0000079879,PPG,PPG Industries,0000079879-26-000046,2025,2026-02-19,1.0.3,0.3.0,1,7,0.18640322,37553,1961,6,0.00305966,success,9,0.05590062,0,0.00000000,5,0.03105590,0,0.00000000,0,0.00000000,161,success,2,9,0.01242236,0.05590062,-0.63636364,0.06832298,-0.04347826,20,success,2.52079365,2.44000000,0.69361785,1.50000000,4.87000000,63,88,25,0.71590909,53,18,warning_stem_collisions,2.90588456,2.85000000,0.80713430,1.26000000,5.00000000,14951,20317,5366,0.73588620,1817,3804,warning_stem_collisions,37600,10.53475933,1961,891,19.17389087,20.55208692,0.04619681,7,0.18617021,10145,0.21248298,2884976,251725,0.08725376,success,203,739,-0.56900212,566,0.01603990,185,0.00524272,66,0.00187038,469,0.01329101,274,0.00776490,,,0.00575283,0.02094256,-0.01518973,0.02669538,2096,35287,warning_stem_collisions,success,success,exact-then-unique-porter-1.0.0,baek-smart-porter-1.0.0
P2025-085,0001396009,VMC,Vulcan Materials Company,0001628280-26-009546,2025,2026-02-19,1.0.3,0.3.0,1,5,0.09529436,52469,3055,3,0.00098200,success,4,0.03252033,2,0.01626016,3,0.02439024,0,0.00000000,1,0.00813008,123,success,1,8,0.00813008,0.06504065,-0.77777778,0.07317073,-0.05691057,16,success,2.69800000,2.50000000,0.76512483,1.52000000,4.26000000,50,63,13,0.79365079,43,9,warning_stem_collisions,2.96454266,2.89000000,0.84415619,1.19000000,5.00000000,20477,27820,7343,0.73605320,2357,5086,warning_stem_collisions,51739,10.85396713,3055,1392,16.93584288,18.71901350,0.04190263,5,0.09663890,11196,0.17789783,3726422,347408,0.09322830,success,335,682,-0.34119961,672,0.01372998,181,0.00369810,99,0.00202272,506,0.01033835,397,0.00811131,,,0.00684456,0.01393429,-0.00708974,0.02077885,2466,48944,warning_stem_collisions,success,success,exact-then-unique-porter-1.0.0,baek-smart-porter-1.0.0
P2025-086,0000009389,BALL,Ball Corporation,0001104659-26-017410,2025,2026-02-19,1.0.3,0.3.0,1,2,0.04345748,46022,2334,2,0.00085690,success,2,0.03703704,1,0.01851852,0,0.00000000,0,0.00000000,0,0.00000000,54,success,0,0,0.00000000,0.00000000,,0.00000000,0.00000000,3,success,2.82000000,2.70000000,0.96163295,1.63000000,5.00000000,29,39,10,0.74358974,27,4,warning_stem_collisions,2.97968040,2.87000000,0.86706960,1.19000000,5.00000000,18429,24387,5958,0.75568951,1728,4342,warning_stem_collisions,45893,10.73406788,2334,841,19.66281063,20.73303357,0.03965746,2,0.04357963,11005,0.19341629,4515965,306800,0.06793675,success,224,536,-0.41052632,722,0.01664477,243,0.00560205,94,0.00216705,486,0.01120409,335,0.00772299,,,0.00516403,0.01235678,-0.00719275,0.01752081,2303,43377,warning_stem_collisions,success,success,exact-then-unique-porter-1.0.0,baek-smart-porter-1.0.0
P2025-087,0000849395,CRH,CRH plc,0001628280-26-009043,2025,2026-02-18,1.0.3,0.3.0,1,6,0.12620154,47543,2456,4,0.00162866,success,3,0.02608696,1,0.00869565,1,0.00869565,0,0.00000000,2,0.01739130,115,success,1,3,0.00869565,0.02608696,-0.50000000,0.03478261,-0.01739130,10,success,2.91111111,2.67500000,0.93976685,1.63000000,5.00000000,54,79,25,0.68354430,48,16,warning_stem_collisions,2.92099353,2.83000000,0.81975598,1.26000000,5.00000000,18560,25788,7228,0.71971460,2117,4852,warning_stem_collisions,47485,10.76816915,2456,1149,19.33428339,20.91350479,0.04232916,6,0.12635569,13040,0.21544816,3553852,321341,0.09042048,success,314,628,-0.33333333,684,0.01531846,282,0.00631551,73,0.00163487,323,0.00723372,362,0.00810714,,,0.00703216,0.01406432,-0.00703216,0.02109648,2258,44652,warning_stem_collisions,success,success,exact-then-unique-porter-1.0.0,baek-smart-porter-1.0.0
P2025-088,0000034903,FRT,Federal Realty Investment Trust,0000034903-26-000017,2025,2026-02-12,1.0.3,0.3.0,1,3,0.06989097,42924,2148,2,0.00093110,success,2,0.02352941,0,0.00000000,0,0.00000000,0,0.00000000,1,0.01176471,85,success,1,2,0.01176471,0.02352941,-0.33333333,0.03529412,-0.01176471,6,success,2.66911765,2.54000000,0.61973129,1.63000000,4.10000000,34,44,10,0.77272727,26,5,warning_stem_collisions,2.85395459,2.74000000,0.79034882,1.19000000,5.00000000,16955,21760,4805,0.77918199,1740,3664,warning_stem_collisions,42643,10.66061841,2148,1087,19.85242086,20.75530129,0.04178880,3,0.07035152,16586,0.28003174,3868119,278339,0.07195720,success,212,562,-0.45219638,799,0.01974351,392,0.00968643,108,0.00266871,247,0.00610344,356,0.00879686,,,0.00523858,0.01388717,-0.00864860,0.01912575,2194,40469,warning_stem_collisions,success,success,exact-then-unique-porter-1.0.0,baek-smart-porter-1.0.0
P2025-089,0001289490,EXR,Extra Space Storage,0001289490-26-000011,2025,2026-02-20,1.0.3,0.3.0,1,22,0.60323554,36470,1822,15,0.00823271,success,23,0.04989154,13,0.02819957,15,0.03253796,0,0.00000000,4,0.00867679,461,success,6,32,0.01301518,0.06941432,-0.68421053,0.08242950,-0.05639913,74,success,2.55222892,2.48000000,0.71053295,1.47000000,4.57000000,166,249,83,0.66666667,127,60,warning_stem_collisions,2.88216316,2.76000000,0.81424351,1.19000000,5.00000000,14354,18766,4412,0.76489396,1752,3208,warning_stem_collisions,36357,10.50114204,1822,792,19.95444566,20.25180628,0.03154826,22,0.60511043,9669,0.21007691,2757642,238260,0.08639990,success,173,602,-0.55354839,665,0.01913174,337,0.00969533,84,0.00241664,263,0.00756639,287,0.00825685,,,0.00497713,0.01731926,-0.01234213,0.02229638,1967,34759,warning_stem_collisions,success,success,exact-then-unique-porter-1.0.0,baek-smart-porter-1.0.0
P2025-090,0001297996,DLR,Digital Realty,0001104659-26-015365,2025,2026-02-13,1.0.3,0.3.0,1,16,0.19769683,80932,4565,12,0.00262870,success,15,0.04076087,5,0.01358696,10,0.02717391,2,0.00543478,2,0.00543478,368,success,7,12,0.01902174,0.03260870,-0.26315789,0.05163043,-0.01358696,43,success,2.76743243,2.64500000,0.78837167,1.33000000,4.79000000,148,206,58,0.71844660,117,42,warning_stem_collisions,2.88049629,2.80000000,0.78425625,1.19000000,5.00000000,32864,42251,9387,0.77782774,2183,6987,warning_stem_collisions,80920,11.30121629,4565,1526,17.72617744,20.10636078,0.03257538,16,0.19772615,29002,0.26384163,8453067,534321,0.06321031,success,524,1032,-0.32647815,1467,0.01894125,678,0.00875403,226,0.00291801,441,0.00569400,578,0.00746288,,,0.00676566,0.01332473,-0.00655907,0.02009038,4111,77450,warning_stem_collisions,success,success,exact-then-unique-porter-1.0.0,baek-smart-porter-1.0.0
P2025-091,0000920522,ESS,Essex Property Trust,0000920522-26-000003,2025,2026-02-20,1.0.3,0.3.0,1,9,0.17037710,52824,2519,9,0.00357285,success,15,0.03325942,4,0.00886918,8,0.01773836,0,0.00000000,0,0.00000000,451,success,0,30,0.00000000,0.06651885,-1.00000000,0.06651885,-0.06651885,48,success,2.74960396,2.62000000,0.79077155,1.47000000,4.89000000,202,255,53,0.79215686,141,40,warning_stem_collisions,2.90103261,2.82000000,0.80868625,1.19000000,5.00000000,20424,27428,7004,0.74464051,1949,4830,warning_stem_collisions,52715,10.87265532,2519,1114,20.92695514,21.24382318,0.04691264,9,0.17072939,16219,0.23528302,5662346,350183,0.06184415,success,257,893,-0.55304348,945,0.01915709,579,0.01173752,101,0.00204748,364,0.00737903,370,0.00750066,,,0.00520992,0.01810294,-0.01289302,0.02331286,2807,49329,warning_stem_collisions,success,success,exact-then-unique-porter-1.0.0,baek-smart-porter-1.0.0
P2025-092,0001705696,VICI,Vici Properties,0001705696-26-000034,2025,2026-02-25,1.0.3,0.3.0,1,4,0.06226844,64238,2604,2,0.00076805,success,2,0.04000000,0,0.00000000,1,0.02000000,0,0.00000000,0,0.00000000,50,success,1,2,0.02000000,0.04000000,-0.33333333,0.06000000,-0.02000000,5,success,2.69941176,2.61000000,0.72777235,1.63000000,4.57000000,17,25,8,0.68000000,16,5,warning_stem_collisions,2.86444444,2.74000000,0.81141024,1.19000000,5.00000000,24327,32928,8601,0.73879373,2093,5545,warning_stem_collisions,63967,11.06612260,2604,1280,24.56490015,21.65845797,0.02798318,4,0.06253224,11623,0.15376373,3435838,418863,0.12191000,success,311,1104,-0.56042403,1015,0.01652852,565,0.00920061,188,0.00306144,536,0.00872836,613,0.00998225,,,0.00506440,0.01797782,-0.01291342,0.02304223,3655,61409,warning_stem_collisions,success,success,exact-then-unique-porter-1.0.0,baek-smart-porter-1.0.0
P2025-093,0000074208,UDR,"UDR, Inc.",0000074208-26-000013,2025,2026-02-17,1.0.3,0.3.0,1,1,0.01405699,71139,3407,1,0.00029351,success,0,0.00000000,0,0.00000000,0,0.00000000,1,0.05263158,0,0.00000000,19,success,0,0,0.00000000,0.00000000,,0.00000000,0.00000000,1,success,2.73888889,2.44000000,0.65734220,1.88000000,4.08000000,9,11,2,0.81818182,9,2,warning_stem_collisions,2.88083206,2.82000000,0.80082157,1.26000000,5.00000000,27570,36466,8896,0.75604673,1926,6063,warning_stem_collisions,70542,11.16396356,3407,1124,20.70501908,20.89352161,0.03766550,1,0.01417595,22861,0.24475659,8540069,460061,0.05387088,success,349,1113,-0.52257182,1105,0.01649328,559,0.00834366,161,0.00240309,490,0.00731376,469,0.00700031,,,0.00520919,0.01661268,-0.01140350,0.02182187,3481,66997,warning_stem_collisions,success,success,exact-then-unique-porter-1.0.0,baek-smart-porter-1.0.0
P2025-094,0001687229,INVH,Invitation Homes,0001687229-26-000016,2025,2026-02-19,1.0.3,0.3.0,1,12,0.16927157,70892,2934,11,0.00374915,success,22,0.05000000,4,0.00909091,8,0.01818182,0,0.00000000,6,0.01363636,440,success,3,14,0.00681818,0.03181818,-0.64705882,0.03863636,-0.02500000,46,success,2.65847368,2.56500000,0.73419436,1.62000000,4.89000000,190,266,76,0.71428571,144,56,warning_stem_collisions,2.82144106,2.72000000,0.78746617,1.19000000,5.00000000,27452,36863,9411,0.74470336,2499,7321,warning_stem_collisions,70590,11.16464377,2934,1382,24.05930470,21.94790173,0.02738348,12,0.16999575,8822,0.11109152,3038715,470758,0.15492009,success,618,1533,-0.42538354,1439,0.02120636,897,0.01321898,161,0.00237264,658,0.00969686,707,0.01041897,,,0.00910739,0.02259163,-0.01348424,0.03169901,4906,67857,warning_stem_collisions,success,success,exact-then-unique-porter-1.0.0,baek-smart-porter-1.0.0
P2025-095,0001004980,PCG,PG&E Corporation,0001004980-26-000009,2025,2026-02-12,1.0.3,0.3.0,1,3,0.03998934,75020,3358,2,0.00059559,success,2,0.02272727,1,0.01136364,2,0.02272727,0,0.00000000,0,0.00000000,88,success,0,7,0.00000000,0.07954545,-1.00000000,0.07954545,-0.07954545,9,success,2.65916667,2.63000000,0.72158150,1.27000000,4.93000000,36,43,7,0.83720930,26,2,warning_stem_collisions,2.90729975,2.83000000,0.79307124,1.26000000,5.00000000,29501,40747,11246,0.72400422,2353,7009,warning_stem_collisions,75479,11.23160975,3358,1504,22.47736748,23.01945941,0.03773235,3,0.03974615,20922,0.21703094,4814550,506692,0.10524182,success,270,1485,-0.69230769,1124,0.01581028,479,0.00673765,176,0.00247563,1073,0.01509291,583,0.00820053,,,0.00379784,0.02088813,-0.01709029,0.02468597,4388,71093,warning_stem_collisions,success,success,exact-then-unique-porter-1.0.0,baek-smart-porter-1.0.0
P2025-096,0000715957,D,Dominion Energy,0001193125-26-063120,2025,2026-02-23,1.0.3,0.3.0,1,3,0.01779370,168599,6860,3,0.00043732,success,3,0.02752294,1,0.00917431,3,0.02752294,0,0.00000000,1,0.00917431,109,success,1,0,0.00917431,0.00000000,1.00000000,0.00917431,0.00917431,6,success,2.75040000,2.65000000,0.73750379,1.57000000,4.64000000,50,64,14,0.78125000,41,11,warning_stem_collisions,2.87566947,2.82000000,0.78325822,1.19000000,5.00000000,68151,92607,24456,0.73591629,2325,15835,warning_stem_collisions,166057,12.02008638,6860,2372,24.20655977,23.11861130,0.04819429,3,0.01806609,24657,0.12928783,18147230,1129569,0.06224471,success,582,1874,-0.52605863,2077,0.01338566,743,0.00478842,322,0.00207520,1931,0.01244474,1226,0.00790122,,,0.00375082,0.01207739,-0.00832657,0.01582821,7676,155166,warning_stem_collisions,success,success,exact-then-unique-porter-1.0.0,baek-smart-porter-1.0.0
P2025-097,0000764622,PNW,Pinnacle West Capital,0000764622-26-000011,2025,2026-02-25,1.0.3,0.3.0,1,15,0.19489378,76965,3908,10,0.00255885,success,7,0.02265372,1,0.00323625,3,0.00970874,0,0.00000000,0,0.00000000,309,success,6,9,0.01941748,0.02912621,-0.20000000,0.04854369,-0.00970874,23,success,2.80103896,2.59000000,0.85600868,1.31000000,5.00000000,154,199,45,0.77386935,104,29,warning_stem_collisions,2.93850785,2.82000000,0.83481371,1.26000000,5.00000000,30962,42287,11325,0.73218720,2414,7461,warning_stem_collisions,76607,11.24644374,3908,1603,19.60261003,20.27582734,0.03840380,15,0.19580456,18714,0.19632610,5657541,509937,0.09013404,success,345,949,-0.46676971,1168,0.01615290,459,0.00634776,191,0.00264144,1155,0.01597312,597,0.00825623,,,0.00477119,0.01312423,-0.00835304,0.01789542,4214,72309,warning_stem_collisions,success,success,exact-then-unique-porter-1.0.0,baek-smart-porter-1.0.0
P2025-098,0000065984,ETR,Entergy,0000065984-26-000174,2025,2026-02-19,1.0.3,0.3.0,1,12,0.05051568,237550,10724,7,0.00065274,success,5,0.01492537,2,0.00597015,2,0.00597015,0,0.00000000,0,0.00000000,335,success,5,7,0.01492537,0.02089552,-0.16666667,0.03582090,-0.00597015,19,success,2.72232143,2.59000000,0.65588723,1.30000000,4.34000000,168,214,46,0.78504673,92,37,warning_stem_collisions,2.94579594,2.90000000,0.77829353,1.17000000,5.00000000,94178,132589,38411,0.71030025,3058,19918,warning_stem_collisions,235990,12.37154471,10724,4830,22.00578142,22.41651156,0.04223908,12,0.05084961,52921,0.18317406,15277598,1589478,0.10403978,success,743,2777,-0.57784091,2552,0.01150628,988,0.00445462,439,0.00197933,3271,0.01474805,1526,0.00688032,,,0.00334999,0.01252074,-0.00917075,0.01587073,10917,221792,warning_stem_collisions,success,success,exact-then-unique-porter-1.0.0,baek-smart-porter-1.0.0
P2025-099,0001013871,NRG,NRG Energy,0001013871-26-000004,2025,2026-02-24,1.0.3,0.3.0,1,22,0.29704842,74062,3571,15,0.00420050,success,16,0.03162055,17,0.03359684,11,0.02173913,0,0.00000000,2,0.00395257,506,success,7,27,0.01383399,0.05335968,-0.58823529,0.06719368,-0.03952569,64,success,2.70953052,2.48000000,0.84455826,1.26000000,4.87000000,213,310,97,0.68709677,155,58,warning_stem_collisions,2.90574230,2.82000000,0.82472788,1.26000000,5.00000000,28863,40042,11179,0.72081814,2502,7103,warning_stem_collisions,73615,11.20660409,3571,1520,20.61467376,21.10494029,0.04136385,22,0.29885214,20084,0.21434594,5639759,488937,0.08669466,success,323,1270,-0.59447583,1266,0.01833003,541,0.00783297,101,0.00146235,1053,0.01524607,669,0.00968625,,,0.00467662,0.01838794,-0.01371132,0.02306456,4440,69067,warning_stem_collisions,success,success,exact-then-unique-porter-1.0.0,baek-smart-porter-1.0.0
P2025-100,0000788784,PEG,Public Service Enterprise Group,0001193125-26-077446,2025,2026-02-26,1.0.3,0.3.0,1,25,0.22562566,110803,5289,13,0.00245793,success,14,0.02702703,12,0.02316602,11,0.02123552,0,0.00000000,5,0.00965251,518,success,12,19,0.02316602,0.03667954,-0.22580645,0.05984556,-0.01351351,61,success,2.75916667,2.73000000,0.70694301,1.52000000,4.82000000,204,296,92,0.68918919,120,53,warning_stem_collisions,2.88169083,2.81000000,0.79662012,1.19000000,5.00000000,43387,61205,17818,0.70887999,2321,10365,warning_stem_collisions,111441,11.62125058,5289,1875,21.07033466,19.70876490,0.03584857,25,0.22433395,14419,0.11456380,15018947,730197,0.04861839,success,412,1505,-0.57016171,1598,0.01513172,599,0.00567203,228,0.00215897,1404,0.01329470,888,0.00840861,,,0.00390129,0.01425108,-0.01034979,0.01815238,5822,105606,warning_stem_collisions,success,success,exact-then-unique-porter-1.0.0,baek-smart-porter-1.0.0
P2025-R001,0000049826,ITW,Illinois Tool Works,0000049826-26-000008,2025,2026-02-13,1.0.3,0.3.0,1,5,0.14539533,34389,1888,4,0.00211864,success,4,0.02564103,4,0.02564103,3,0.01923077,0,0.00000000,0,0.00000000,156,success,0,11,0.00000000,0.07051282,-1.00000000,0.07051282,-0.07051282,19,success,2.75114286,2.62500000,0.82239119,1.50000000,4.93000000,70,92,22,0.76086957,53,17,warning_stem_collisions,2.98716744,2.90000000,0.83685978,1.30000000,5.00000000,14238,18895,4657,0.75353268,1544,3272,warning_stem_collisions,33968,10.43317418,1888,838,17.99152542,20.48980018,0.05337376,5,0.14719736,8721,0.20429150,2583783,231654,0.08965691,success,281,477,-0.25857520,456,0.01450659,173,0.00550359,42,0.00133613,150,0.00477190,152,0.00483553,,,0.00893937,0.01517465,-0.00623529,0.02411402,1494,31434,warning_stem_collisions,success,success,exact-then-unique-porter-1.0.0,baek-smart-porter-1.0.0
S2025-101,0000029989,OMC,Omnicom Group,0000029989-26-000006,2025,2026-02-20,1.0.3,0.3.0,1,44,0.98247181,44785,2235,29,0.01297539,success,27,0.02795031,8,0.00828157,14,0.01449275,5,0.00517598,8,0.00828157,966,success,20,33,0.02070393,0.03416149,-0.24528302,0.05486542,-0.01345756,100,success,2.67097500,2.57000000,0.73786096,1.30000000,4.82000000,400,557,157,0.71813285,203,105,warning_stem_collisions,2.86488918,2.75000000,0.78871977,1.19000000,5.00000000,17686,23796,6110,0.74323416,1675,4403,warning_stem_collisions,44680,10.70728125,2235,816,19.99105145,20.33933303,0.03945837,44,0.98478066,9069,0.16872872,2373745,299109,0.12600722,success,235,645,-0.46590909,710,0.01675912,260,0.00613714,75,0.00177033,358,0.00845037,346,0.00816712,,,0.00554703,0.01522483,-0.00967780,0.02077186,2266,42365,warning_stem_collisions,success,success,exact-then-unique-porter-1.0.0,baek-smart-porter-1.0.0
S2025-102,0000712515,EA,Electronic Arts,0000712515-25-000022,2025,2025-05-13,1.0.3,0.3.0,1,8,0.22626994,35356,1606,8,0.00498132,success,9,0.03734440,3,0.01244813,9,0.03734440,0,0.00000000,0,0.00000000,241,success,4,7,0.01659751,0.02904564,-0.27272727,0.04564315,-0.01244813,23,success,2.55963855,2.47000000,0.60011333,1.30000000,4.34000000,83,119,36,0.69747899,52,36,warning_stem_collisions,2.88264272,2.82000000,0.81080570,1.26000000,5.00000000,14084,18637,4553,0.75570102,1717,3558,warning_stem_collisions,35289,10.47132658,1606,677,21.97322540,20.37752151,0.03165292,8,0.22669954,6162,0.14865745,2234188,234847,0.10511515,success,190,589,-0.51219512,584,0.01732526,307,0.00910763,59,0.00175033,294,0.00872197,336,0.00996796,,,0.00563664,0.01747360,-0.01183695,0.02311024,1961,33708,warning_stem_collisions,success,success,exact-then-unique-porter-1.0.0,baek-smart-porter-1.0.0
S2025-103,0001437107,WBD,Warner Bros. Discovery,0001437107-26-000020,2025,2026-02-27,1.0.3,0.3.0,1,17,0.25913449,65603,3204,13,0.00405743,success,14,0.02972399,12,0.02547771,11,0.02335456,0,0.00000000,0,0.00000000,471,success,6,19,0.01273885,0.04033970,-0.52000000,0.05307856,-0.02760085,48,success,2.73877660,2.59000000,0.74408740,1.62000000,4.93000000,188,248,60,0.75806452,116,40,warning_stem_collisions,2.90085715,2.79000000,0.82281538,1.19000000,5.00000000,26168,35092,8924,0.74569702,2371,6310,warning_stem_collisions,65468,11.08931675,3204,1441,20.43320849,20.89864499,0.02954115,17,0.25966885,14974,0.18614654,3969149,443517,0.11174108,success,317,1267,-0.59974747,1037,0.01653275,534,0.00851349,150,0.00239143,663,0.01057012,603,0.00961355,,,0.00505389,0.02019960,-0.01514572,0.02525349,3745,62724,warning_stem_collisions,success,success,exact-then-unique-porter-1.0.0,baek-smart-porter-1.0.0
S2025-104,0001326801,META,Meta Platforms,0001628280-26-003942,2025,2026-01-29,1.0.3,0.3.0,1,154,2.11590778,72782,2908,111,0.03817056,success,61,0.01372946,88,0.01980644,36,0.00810263,13,0.00292595,22,0.00495161,4443,success,41,106,0.00922800,0.02385775,-0.44217687,0.03308575,-0.01462975,312,success,2.85872790,2.70000000,0.83229436,1.29000000,5.00000000,1753,2474,721,0.70856912,549,486,warning_stem_collisions,2.86791230,2.81000000,0.81006541,1.19000000,5.00000000,27274,36798,9524,0.74118159,2301,7222,warning_stem_collisions,72641,11.19328478,2908,1105,24.97971114,21.00488851,0.02505472,154,2.12001487,6357,0.08047039,2371750,473923,0.19981996,success,367,2222,-0.71649285,1304,0.01857338,705,0.01004159,189,0.00269200,1583,0.02254729,589,0.00838936,,,0.00522732,0.03164881,-0.02642149,0.03687614,5814,70208,warning_stem_collisions,success,success,exact-then-unique-porter-1.0.0,baek-smart-porter-1.0.0
S2025-105,0000732717,T,AT&T,0000732717-26-000120,2025,2026-02-09,1.0.3,0.3.0,1,16,0.38604449,41446,2265,14,0.00618102,success,6,0.01507538,6,0.01507538,4,0.01005025,3,0.00753769,0,0.00000000,398,success,4,8,0.01005025,0.02010050,-0.33333333,0.03015075,-0.01005025,27,success,2.74647727,2.59000000,0.73097388,1.50000000,4.67000000,176,241,65,0.73029046,114,41,warning_stem_collisions,2.89850608,2.81000000,0.80694846,1.26000000,4.96000000,16373,22018,5645,0.74361886,1950,4237,warning_stem_collisions,41425,10.63163984,2265,887,18.28918322,20.24839450,0.04024140,16,0.38624019,13486,0.24559742,3931782,277489,0.07057589,success,234,604,-0.44152745,540,0.01374535,240,0.00610905,103,0.00262180,427,0.01086901,347,0.00883266,,,0.00595632,0.01537443,-0.00941811,0.02133075,2144,39286,warning_stem_collisions,success,success,exact-then-unique-porter-1.0.0,baek-smart-porter-1.0.0
S2025-106,0001564708,NWSA|NWS,News Corp (Class A)|News Corp (Class B),0001564708-25-000419,2025,2025-08-06,1.0.3,0.3.0,1,69,1.17643047,58652,2558,49,0.01915559,success,61,0.02878716,61,0.02878716,34,0.01604530,1,0.00047192,16,0.00755073,2119,success,21,75,0.00991034,0.03539405,-0.56250000,0.04530439,-0.02548372,229,success,2.73739976,2.59000000,0.74716071,1.40000000,4.87000000,823,1226,403,0.67128874,377,275,warning_stem_collisions,2.93814384,2.86000000,0.83669952,1.19000000,5.00000000,23290,32027,8737,0.72719893,2233,5910,warning_stem_collisions,58837,10.98252619,2558,1143,23.00117279,21.63984638,0.03375427,69,1.17273144,10151,0.14714153,3478469,397886,0.11438538,success,293,1016,-0.55233002,933,0.01674323,381,0.00683727,114,0.00204580,570,0.01022899,479,0.00859594,,,0.00525806,0.01823272,-0.01297466,0.02349078,3211,55724,warning_stem_collisions,success,success,exact-then-unique-porter-1.0.0,baek-smart-porter-1.0.0
S2025-107,0001652044,GOOGL|GOOG,Alphabet Inc. (Class A)|Alphabet Inc. (Class C),0001652044-26-000018,2025,2026-02-05,1.0.3,0.3.0,1,126,2.90516705,43371,2285,88,0.03851204,success,42,0.01493068,60,0.02132954,32,0.01137576,7,0.00248845,16,0.00568788,2813,success,33,83,0.01173125,0.02950587,-0.43103448,0.04123711,-0.01777462,226,success,2.82661157,2.69000000,0.79320785,1.23000000,5.00000000,1089,1621,532,0.67180753,476,346,warning_stem_collisions,2.89596957,2.82000000,0.81891894,1.23000000,5.00000000,17152,22815,5663,0.75178611,2068,4405,warning_stem_collisions,43213,10.67389665,2285,1130,18.91159737,19.66324117,0.02901905,126,2.91578923,9344,0.17778793,2616499,289835,0.11077207,success,233,1016,-0.62690152,817,0.01971097,461,0.01112210,96,0.00231610,660,0.01592318,307,0.00740669,,,0.00562137,0.02451205,-0.01889068,0.03013342,2953,41449,warning_stem_collisions,success,success,exact-then-unique-porter-1.0.0,baek-smart-porter-1.0.0
S2025-108,0000732712,VZ,Verizon,0000732712-26-000007,2025,2026-02-17,1.0.3,0.3.0,1,22,0.39382060,55863,2664,18,0.00675676,success,12,0.02376238,7,0.01386139,6,0.01188119,3,0.00594059,5,0.00990099,505,success,13,7,0.02574257,0.01386139,0.30000000,0.03960396,0.01188119,45,success,2.65191589,2.52000000,0.68730516,1.30000000,4.57000000,214,288,74,0.74305556,144,48,warning_stem_collisions,2.90345186,2.85000000,0.78171828,1.26000000,5.00000000,22527,29972,7445,0.75160149,1983,5637,warning_stem_collisions,55653,10.92689126,2664,1169,20.89076577,21.06501418,0.03131907,22,0.39530663,12151,0.17920772,3989586,374882,0.09396514,success,252,781,-0.51210068,743,0.01395515,259,0.00486458,79,0.00148379,475,0.00892153,439,0.00824537,,,0.00473311,0.01466887,-0.00993576,0.01940198,2589,53242,warning_stem_collisions,success,success,exact-then-unique-porter-1.0.0,baek-smart-porter-1.0.0
S2025-109,0000060667,LOW,Lowe's,0000060667-25-000049,2025,2025-03-24,1.0.3,0.3.0,1,27,0.81124932,33282,1701,13,0.00764256,success,13,0.02888889,5,0.01111111,3,0.00666667,3,0.00666667,0,0.00000000,450,success,12,2,0.02666667,0.00444444,0.71428571,0.03111111,0.02222222,35,success,2.74270270,2.61000000,0.83376012,1.30000000,4.89000000,185,253,68,0.73122530,118,40,warning_stem_collisions,2.90567233,2.82000000,0.82291223,1.23000000,5.00000000,13483,17853,4370,0.75522321,2007,3293,warning_stem_collisions,33123,10.40798318,1701,646,19.47266314,20.64717733,0.03118679,27,0.81514356,9587,0.22446734,2343216,223430,0.09535186,success,274,593,-0.36793541,492,0.01563891,222,0.00705658,50,0.00158932,230,0.00731087,186,0.00591227,,,0.00870947,0.01884933,-0.01013986,0.02755880,1750,31460,warning_stem_collisions,success,success,exact-then-unique-porter-1.0.0,baek-smart-porter-1.0.0
S2025-110,0000866787,AZO,AutoZone,0001104659-25-102611,2025,2025-10-27,1.0.3,0.3.0,1,3,0.07057495,42508,2103,3,0.00142653,success,2,0.01136364,0,0.00000000,1,0.00568182,0,0.00000000,1,0.00568182,176,success,3,4,0.01704545,0.02272727,-0.14285714,0.03977273,-0.00568182,10,success,2.74338235,2.64000000,0.73553824,1.40000000,4.54000000,68,100,32,0.68000000,56,29,warning_stem_collisions,2.93463916,2.86000000,0.82423991,1.19000000,5.00000000,17085,22627,5542,0.75507137,1831,4062,warning_stem_collisions,42244,10.65121761,2103,648,20.08749406,20.03376767,0.04656283,3,0.07101600,9354,0.18128610,3145910,282153,0.08968883,success,202,661,-0.53186559,577,0.01454756,217,0.00547109,94,0.00236997,312,0.00786627,297,0.00748809,,,0.00509291,0.01666541,-0.01157250,0.02175831,2036,39663,warning_stem_collisions,success,success,exact-then-unique-porter-1.0.0,baek-smart-porter-1.0.0
S2025-111,0000719955,WSM,"Williams-Sonoma, Inc.",0001628280-25-015037,2025,2025-03-27,1.0.3,0.3.0,1,7,0.18511662,37814,1681,5,0.00297442,success,3,0.01807229,5,0.03012048,2,0.01204819,1,0.00602410,1,0.00602410,166,success,8,2,0.04819277,0.01204819,0.60000000,0.06024096,0.03614458,20,success,2.75783784,2.65000000,0.79756770,1.50000000,4.52000000,74,101,27,0.73267327,66,17,warning_stem_collisions,2.89055923,2.82000000,0.82810558,1.19000000,5.00000000,15128,19848,4720,0.76219266,1934,3673,warning_stem_collisions,37792,10.53985272,1681,755,22.48185604,20.77239473,0.02484653,7,0.18522439,5079,0.11847169,1498165,252283,0.16839467,success,273,1010,-0.57443492,918,0.02528299,497,0.01368807,70,0.00192790,335,0.00922636,284,0.00782175,,,0.00751880,0.02781679,-0.02029800,0.03533559,2730,36309,warning_stem_collisions,success,success,exact-then-unique-porter-1.0.0,baek-smart-porter-1.0.0
S2025-112,0000884887,RCL,Royal Caribbean Group,0000884887-26-000007,2025,2026-02-11,1.0.3,0.3.0,1,5,0.09010795,55489,2704,4,0.00147929,success,3,0.01935484,0,0.00000000,2,0.01290323,0,0.00000000,1,0.00645161,155,success,1,0,0.00645161,0.00000000,1.00000000,0.00645161,0.00645161,4,success,2.95958904,2.93000000,0.71679354,1.52000000,4.87000000,73,100,27,0.73000000,53,23,warning_stem_collisions,2.93479234,2.82000000,0.83501724,1.26000000,5.00000000,21839,28869,7030,0.75648620,2241,5127,warning_stem_collisions,55359,10.92159453,2704,1161,20.47300296,20.06204049,0.03719359,5,0.09031955,10215,0.15577820,2828920,365407,0.12916838,success,319,816,-0.43788546,958,0.01816837,358,0.00678943,136,0.00257923,481,0.00912211,441,0.00836352,,,0.00604980,0.01547536,-0.00942555,0.02152516,2959,52729,warning_stem_collisions,success,success,exact-then-unique-porter-1.0.0,baek-smart-porter-1.0.0
S2025-113,0001058090,CMG,Chipotle Mexican Grill,0001058090-26-000009,2025,2026-02-04,1.0.3,0.3.0,1,5,0.16611848,30099,1426,4,0.00280505,success,1,0.01010101,1,0.01010101,0,0.00000000,1,0.01010101,0,0.00000000,99,success,2,0,0.02020202,0.00000000,1.00000000,0.02020202,0.02020202,5,success,2.74907407,2.64000000,0.70948408,1.50000000,4.89000000,54,65,11,0.83076923,43,7,warning_stem_collisions,2.93783956,2.83000000,0.87647879,1.26000000,5.00000000,12391,15970,3579,0.77589230,1943,2732,warning_stem_collisions,30033,10.31005206,1426,649,21.06100982,20.88725708,0.02993374,5,0.16648353,5202,0.14763729,1601586,202044,0.12615245,success,196,699,-0.56201117,537,0.01864583,270,0.00937500,48,0.00166667,300,0.01041667,225,0.00781250,,,0.00680556,0.02427083,-0.01746528,0.03107639,1854,28800,warning_stem_collisions,success,success,exact-then-unique-porter-1.0.0,baek-smart-porter-1.0.0
S2025-114,0001467858,GM,General Motors,0001467858-26-000013,2025,2026-01-27,1.0.3,0.3.0,1,15,0.27196084,55155,2507,11,0.00438771,success,10,0.01808318,13,0.02350814,6,0.01084991,2,0.00361664,2,0.00361664,553,success,6,21,0.01084991,0.03797468,-0.55555556,0.04882459,-0.02712477,52,success,2.77016393,2.61000000,0.85518858,1.50000000,4.89000000,244,323,79,0.75541796,152,42,warning_stem_collisions,2.91636092,2.81000000,0.84071646,1.26000000,5.00000000,22404,30003,7599,0.74672533,2215,5406,warning_stem_collisions,54970,10.91454286,2507,971,21.92660550,21.77380358,0.03811170,15,0.27287611,12942,0.19057015,4119731,368909,0.08954687,success,336,1116,-0.53719008,919,0.01760503,395,0.00756690,108,0.00206893,511,0.00978908,430,0.00823739,,,0.00643666,0.02137890,-0.01494224,0.02781556,3209,52201,warning_stem_collisions,success,success,exact-then-unique-porter-1.0.0,baek-smart-porter-1.0.0
S2025-115,0000829224,SBUX,Starbucks,0000829224-25-000114,2025,2025-11-14,1.0.3,0.3.0,1,7,0.16969697,41250,1904,5,0.00262605,success,9,0.04591837,4,0.02040816,8,0.04081633,0,0.00000000,5,0.02551020,196,success,4,4,0.02040816,0.02040816,0.00000000,0.04081633,0.00000000,26,success,2.71430108,2.50000000,0.74817972,1.50000000,4.70000000,93,115,22,0.80869565,69,19,warning_stem_collisions,2.90943418,2.79000000,0.86569166,1.19000000,5.00000000,17055,22354,5299,0.76295070,2043,3971,warning_stem_collisions,41098,10.62371474,1904,860,21.58508403,21.16245485,0.03265366,7,0.17032459,8934,0.17856572,3126999,280024,0.08955040,success,293,892,-0.50548523,832,0.02122395,367,0.00936201,82,0.00209178,318,0.00811204,341,0.00869876,,,0.00747430,0.02275452,-0.01528022,0.03022882,2561,39201,warning_stem_collisions,success,success,exact-then-unique-porter-1.0.0,baek-smart-porter-1.0.0
S2025-116,0000745732,ROST,Ross Stores,0000745732-25-000010,2025,2025-04-01,1.0.3,0.3.0,1,2,0.08398774,23813,1294,1,0.00077280,success,1,0.04000000,0,0.00000000,0,0.00000000,0,0.00000000,0,0.00000000,25,success,1,2,0.04000000,0.08000000,-0.33333333,0.12000000,-0.04000000,4,success,2.68444444,2.45000000,0.95584879,1.63000000,4.93000000,9,16,7,0.56250000,9,4,warning_stem_collisions,2.97741925,2.87000000,0.86912450,1.19000000,5.00000000,9691,12631,2940,0.76723933,1538,2178,warning_stem_collisions,23778,10.07651606,1294,459,18.37557960,19.59055508,0.04466313,2,0.08411136,5653,0.19207638,1416432,159107,0.11232943,success,155,416,-0.45709282,367,0.01640810,191,0.00853937,36,0.00160951,176,0.00786874,145,0.00648276,,,0.00692985,0.01859883,-0.01166898,0.02552868,1232,22367,warning_stem_collisions,success,success,exact-then-unique-porter-1.0.0,baek-smart-porter-1.0.0
S2025-117,0001116132,TPR,"Tapestry, Inc.",0001116132-25-000019,2025,2025-08-14,1.0.3,0.3.0,1,9,0.17624251,51066,2342,6,0.00256191,success,4,0.01809955,3,0.01357466,1,0.00452489,0,0.00000000,0,0.00000000,221,success,3,7,0.01357466,0.03167421,-0.40000000,0.04524887,-0.01809955,16,success,2.89963636,2.82000000,0.83765466,1.50000000,4.93000000,110,135,25,0.81481481,80,23,warning_stem_collisions,2.89189667,2.81000000,0.82475002,1.26000000,5.00000000,20536,27368,6832,0.75036539,2193,4867,warning_stem_collisions,50793,10.83551383,2342,1132,21.68787361,20.73898440,0.03803674,9,0.17718977,8978,0.15020662,2962963,341684,0.11531835,success,319,911,-0.48130081,895,0.01863923,369,0.00768478,99,0.00206177,432,0.00899681,369,0.00768478,,,0.00664348,0.01897245,-0.01232897,0.02561593,2813,48017,warning_stem_collisions,success,success,exact-then-unique-porter-1.0.0,baek-smart-porter-1.0.0
S2025-118,0000920760,LEN,Lennar,0001628280-26-003870,2025,2026-01-28,1.0.3,0.3.0,1,5,0.09483347,52724,2418,4,0.00165426,success,5,0.04032258,2,0.01612903,4,0.03225806,0,0.00000000,0,0.00000000,124,success,1,8,0.00806452,0.06451613,-0.77777778,0.07258065,-0.05645161,15,success,2.68431818,2.57000000,0.63237071,1.75000000,4.26000000,44,61,17,0.72131148,38,12,warning_stem_collisions,2.91706920,2.81000000,0.80859433,1.19000000,5.00000000,20172,27437,7265,0.73521158,1954,5167,warning_stem_collisions,52597,10.87041436,2418,1058,21.75227461,21.12169250,0.03456471,5,0.09506246,9951,0.15909382,3252644,350462,0.10774681,success,278,856,-0.50970018,746,0.01492000,369,0.00738000,100,0.00200000,451,0.00902000,433,0.00866000,,,0.00556000,0.01712000,-0.01156000,0.02268000,2697,50000,warning_stem_collisions,success,success,exact-then-unique-porter-1.0.0,baek-smart-porter-1.0.0
S2025-119,0001397187,LULU,Lululemon Athletica,0001397187-25-000013,2025,2025-03-27,1.0.3,0.3.0,1,2,0.05185108,38572,1915,2,0.00104439,success,2,0.02985075,1,0.01492537,2,0.02985075,0,0.00000000,0,0.00000000,67,success,1,4,0.01492537,0.05970149,-0.60000000,0.07462687,-0.04477612,7,success,2.88320000,2.87000000,0.74444460,1.96000000,4.93000000,25,31,6,0.80645161,21,6,warning_stem_collisions,2.93709696,2.85000000,0.84477992,1.26000000,5.00000000,15377,20204,4827,0.76108691,2004,3611,warning_stem_collisions,38523,10.55901074,1915,864,20.11644909,19.77457911,0.03112426,2,0.05191704,6385,0.14217957,2396120,255832,0.10676928,success,220,853,-0.58993476,764,0.02073439,396,0.01074714,48,0.00130268,300,0.00814178,315,0.00854886,,,0.00597064,0.02314978,-0.01717915,0.02912042,2328,36847,warning_stem_collisions,success,success,exact-then-unique-porter-1.0.0,baek-smart-porter-1.0.0
S2025-120,0001041061,YUM,Yum! Brands,0001041061-26-000084,2025,2026-02-20,1.0.3,0.3.0,1,18,0.34781264,51752,2278,12,0.00526778,success,13,0.01679587,32,0.04134367,9,0.01162791,0,0.00000000,1,0.00129199,774,success,12,28,0.01550388,0.03617571,-0.40000000,0.05167959,-0.02067183,85,success,2.76879870,2.52000000,0.80428611,1.30000000,4.89000000,308,444,136,0.69369369,213,106,warning_stem_collisions,2.94941731,2.85000000,0.88167730,1.19000000,5.00000000,20457,26993,6536,0.75786315,2175,4645,warning_stem_collisions,51739,10.85396713,2278,883,22.71246708,21.40350747,0.03107907,18,0.34790004,12768,0.19793201,3420263,343034,0.10029463,success,252,1008,-0.60000000,868,0.01755770,382,0.00772701,88,0.00178004,459,0.00928454,374,0.00756518,,,0.00509740,0.02038959,-0.01529219,0.02548698,2871,49437,warning_stem_collisions,success,success,exact-then-unique-porter-1.0.0,baek-smart-porter-1.0.0
S2025-121,0001174922,WYNN,Wynn Resorts,0001174922-26-000013,2025,2026-03-02,1.0.3,0.3.0,1,1,0.01819240,54968,2400,1,0.00041667,success,0,0.00000000,0,0.00000000,0,0.00000000,0,0.00000000,0,0.00000000,15,success,0,0,0.00000000,0.00000000,,0.00000000,0.00000000,0,success,2.56833333,2.65000000,0.40712065,1.87000000,3.07000000,6,8,2,0.75000000,6,2,warning_stem_collisions,2.96493820,2.87000000,0.85493696,1.17000000,5.00000000,21198,29387,8189,0.72133937,2195,4795,warning_stem_collisions,54794,10.91133598,2400,1084,22.83083333,20.99524286,0.03790561,1,0.01825017,11037,0.16765658,3157675,358303,0.11347051,success,215,951,-0.63121784,783,0.01503283,401,0.00769881,144,0.00276466,587,0.01126982,493,0.00946512,,,0.00412779,0.01825827,-0.01413048,0.02238605,3035,52086,warning_stem_collisions,success,success,exact-then-unique-porter-1.0.0,baek-smart-porter-1.0.0
S2025-122,0001018724,AMZN,Amazon,0001018724-26-000004,2025,2026-02-06,1.0.3,0.3.0,1,43,1.20949595,35552,1768,29,0.01640271,success,10,0.00776398,12,0.00931677,5,0.00388199,3,0.00232919,4,0.00310559,1288,success,14,24,0.01086957,0.01863354,-0.26315789,0.02950311,-0.00776398,59,success,2.97902640,2.93000000,0.75423833,1.30000000,4.93000000,606,806,200,0.75186104,253,169,warning_stem_collisions,2.91429671,2.85000000,0.80703712,1.19000000,5.00000000,14297,19007,4710,0.75219656,1730,3761,warning_stem_collisions,35347,10.47296880,1768,767,19.99264706,20.65552789,0.03411888,43,1.21651059,6684,0.15902548,1968342,241393,0.12263773,success,216,773,-0.56319515,576,0.01707426,246,0.00729213,59,0.00174893,414,0.01227212,263,0.00779606,,,0.00640285,0.02291389,-0.01651104,0.02931673,2151,33735,warning_stem_collisions,success,success,exact-then-unique-porter-1.0.0,baek-smart-porter-1.0.0
S2025-123,0000789570,MGM,MGM Resorts,0000789570-26-000018,2025,2026-02-11,1.0.3,0.3.0,1,2,0.04179379,47854,2166,2,0.00092336,success,2,0.04166667,0,0.00000000,0,0.00000000,0,0.00000000,0,0.00000000,48,success,0,2,0.00000000,0.04166667,-1.00000000,0.04166667,-0.04166667,4,success,2.92000000,3.05000000,0.80029856,1.63000000,4.60000000,18,25,7,0.72000000,17,6,warning_stem_collisions,2.92743444,2.82000000,0.84977996,1.26000000,5.00000000,18456,25171,6715,0.73322474,2184,4473,warning_stem_collisions,47537,10.76926363,2166,918,21.94690674,21.18865152,0.02936660,2,0.04207249,9631,0.16846837,2556490,315175,0.12328427,success,292,934,-0.52365416,858,0.01881084,461,0.01010699,127,0.00278435,587,0.01286942,453,0.00993160,,,0.00640182,0.02047707,-0.01407524,0.02687889,3065,45612,warning_stem_collisions,success,success,exact-then-unique-porter-1.0.0,baek-smart-porter-1.0.0
S2025-124,0000320187,NKE,"Nike, Inc.",0000320187-25-000047,2025,2025-07-17,1.0.3,0.3.0,1,6,0.13183916,45510,2108,3,0.00142315,success,6,0.04195804,2,0.01398601,3,0.02097902,1,0.00699301,0,0.00000000,143,success,2,5,0.01398601,0.03496503,-0.42857143,0.04895105,-0.02097902,15,success,2.85920000,2.60500000,0.93003191,1.50000000,4.83000000,50,73,23,0.68493151,41,17,warning_stem_collisions,2.87259084,2.75000000,0.82282561,1.19000000,5.00000000,18357,24409,6052,0.75205867,2076,4692,warning_stem_collisions,45530,10.72612673,2108,920,21.59867173,20.68297974,0.03230837,6,0.13178124,9737,0.17618108,2790543,305144,0.10934933,success,265,980,-0.57429719,1096,0.02522149,556,0.01279485,77,0.00177195,466,0.01072374,289,0.00665056,,,0.00609826,0.02255207,-0.01645380,0.02865033,3039,43455,warning_stem_collisions,success,success,exact-then-unique-porter-1.0.0,baek-smart-porter-1.0.0
S2025-125,0001559720,ABNB,Airbnb,0001559720-26-000004,2025,2026-02-12,1.0.3,0.3.0,1,66,1.15903344,56944,2358,46,0.01950806,success,41,0.02621483,40,0.02557545,23,0.01470588,2,0.00127877,12,0.00767263,1564,success,14,54,0.00895141,0.03452685,-0.58823529,0.04347826,-0.02557545,159,success,2.76350850,2.67000000,0.74960529,1.47000000,4.89000000,647,935,288,0.69197861,317,174,warning_stem_collisions,2.85328832,2.74000000,0.82074819,1.19000000,5.00000000,22510,30170,7660,0.74610540,2277,5890,warning_stem_collisions,56847,10.94811873,2358,1111,24.10814249,21.52719507,0.02170739,66,1.16101114,6241,0.09892531,2131290,381942,0.17920696,success,284,1560,-0.69197397,1214,0.02211656,735,0.01339017,133,0.00242298,959,0.01747099,544,0.00991055,,,0.00517389,0.02841996,-0.02324607,0.03359385,4458,54891,warning_stem_collisions,success,success,exact-then-unique-porter-1.0.0,baek-smart-porter-1.0.0
S2025-126,0001585689,HLT,Hilton Worldwide,0001585689-26-000007,2025,2026-02-11,1.0.3,0.3.0,1,17,0.33404071,50892,2205,13,0.00589569,success,22,0.04426559,4,0.00804829,17,0.03420523,0,0.00000000,1,0.00201207,497,success,5,37,0.01006036,0.07444668,-0.76190476,0.08450704,-0.06438632,65,success,2.66907317,2.56000000,0.77094406,1.44000000,4.93000000,205,271,66,0.75645756,134,47,warning_stem_collisions,2.88382585,2.75000000,0.83303132,1.26000000,5.00000000,20236,26657,6421,0.75912518,2121,4998,warning_stem_collisions,50789,10.83543507,2205,1020,23.03356009,21.76766738,0.02317431,17,0.33471815,12127,0.19274906,2543868,338381,0.13301830,success,402,1025,-0.43658024,881,0.01793749,466,0.00948794,88,0.00179171,551,0.01121857,451,0.00918253,,,0.00818487,0.02086939,-0.01268452,0.02905426,3240,49115,warning_stem_collisions,success,success,exact-then-unique-porter-1.0.0,baek-smart-porter-1.0.0
S2025-127,0001075531,BKNG,Booking Holdings,0001075531-26-000009,2025,2026-02-18,1.0.3,0.3.0,1,61,1.34875185,45227,2165,49,0.02263279,success,38,0.02513228,19,0.01256614,32,0.02116402,0,0.00000000,10,0.00661376,1512,success,36,40,0.02380952,0.02645503,-0.05263158,0.05026455,-0.00264550,142,success,2.79628713,2.62000000,0.80333150,1.37000000,4.93000000,606,915,309,0.66229508,337,189,warning_stem_collisions,2.88524238,2.79000000,0.81372299,1.23000000,5.00000000,17906,23936,6030,0.74807821,1990,4653,warning_stem_collisions,45146,10.71765696,2165,882,20.85265589,20.62862035,0.03092190,61,1.35117175,9191,0.16914809,2436263,302945,0.12434823,success,289,951,-0.53387097,954,0.02213098,517,0.01199341,52,0.00120630,482,0.01118148,364,0.00844410,,,0.00670425,0.02206138,-0.01535713,0.02876563,2916,43107,warning_stem_collisions,success,success,exact-then-unique-porter-1.0.0,baek-smart-porter-1.0.0
S2025-128,0000077476,PEP,PepsiCo,0000077476-26-000007,2025,2026-02-03,1.0.3,0.3.0,1,17,0.34257617,49624,2264,14,0.00618375,success,12,0.00988468,13,0.01070840,8,0.00658979,0,0.00000000,7,0.00576606,1214,success,27,30,0.02224053,0.02471170,-0.05263158,0.04695222,-0.00247117,84,success,2.87199637,2.63000000,0.78485945,1.50000000,5.00000000,551,722,171,0.76315789,309,146,warning_stem_collisions,2.90996319,2.79000000,0.84454557,1.19000000,5.00000000,19830,26826,6996,0.73920823,2155,5067,warning_stem_collisions,49460,10.80891954,2264,1009,21.84628975,21.82427347,0.02875051,17,0.34371209,13594,0.21559298,3681486,336715,0.09146171,success,278,1022,-0.57230769,768,0.01622478,233,0.00492236,72,0.00152107,565,0.01193620,388,0.00819689,,,0.00587303,0.02159079,-0.01571776,0.02746382,2885,47335,warning_stem_collisions,success,success,exact-then-unique-porter-1.0.0,baek-smart-porter-1.0.0
S2025-129,0001413329,PM,Philip Morris International,0001628280-26-005939,2025,2026-02-06,1.0.3,0.3.0,1,13,0.19256692,67509,3064,10,0.00326371,success,16,0.03628118,19,0.04308390,9,0.02040816,1,0.00226757,4,0.00907029,441,success,3,32,0.00680272,0.07256236,-0.82857143,0.07936508,-0.06575964,72,success,2.56245192,2.41500000,0.70924408,1.30000000,4.39000000,208,271,63,0.76752768,124,51,warning_stem_collisions,2.92070566,2.81000000,0.84337548,1.26000000,5.00000000,25437,36429,10992,0.69826237,2450,6533,warning_stem_collisions,67179,11.11511598,3064,1214,21.92526110,20.88729776,0.03879188,13,0.19351285,14388,0.17639487,3996061,449333,0.11244398,success,315,1886,-0.71376647,1201,0.01893336,430,0.00677881,118,0.00186023,1192,0.01879148,483,0.00761433,,,0.00496587,0.02973216,-0.02476629,0.03469803,4677,63433,warning_stem_collisions,success,success,exact-then-unique-porter-1.0.0,baek-smart-porter-1.0.0
S2025-130,0000056873,KR,Kroger,0001558370-25-004267,2025,2025-04-01,1.0.3,0.3.0,1,9,0.17298378,52028,2642,6,0.00227101,success,10,0.05347594,5,0.02673797,7,0.03743316,0,0.00000000,2,0.01069519,187,success,4,4,0.02139037,0.02139037,0.00000000,0.04278075,0.00000000,24,success,2.55657895,2.50000000,0.72183347,1.50000000,4.34000000,76,105,29,0.72380952,57,19,warning_stem_collisions,2.91813365,2.80000000,0.83461719,1.19000000,5.00000000,20157,26955,6798,0.74780189,1910,4963,warning_stem_collisions,51537,10.85005528,2642,714,19.50681302,20.65101492,0.04445350,9,0.17463182,15977,0.23664721,4868610,342495,0.07034759,success,237,902,-0.58384548,820,0.01696353,271,0.00560624,87,0.00179979,512,0.01059186,417,0.00862657,,,0.00490287,0.01865988,-0.01375701,0.02356275,2728,48339,warning_stem_collisions,success,success,exact-then-unique-porter-1.0.0,baek-smart-porter-1.0.0
S2025-131,0001103982,MDLZ,Mondelez International,0001628280-26-005345,2025,2026-02-04,1.0.3,0.3.0,1,16,0.31740993,50408,2454,10,0.00407498,success,15,0.03722084,9,0.02233251,11,0.02729529,0,0.00000000,3,0.00744417,403,success,9,12,0.02233251,0.02977667,-0.14285714,0.05210918,-0.00744417,44,success,2.81310881,2.68000000,0.76276269,1.44000000,4.93000000,193,240,47,0.80416667,134,42,warning_stem_collisions,2.90070164,2.81000000,0.82331645,1.19000000,5.00000000,20609,27835,7226,0.74039878,2192,5325,warning_stem_collisions,50372,10.82719074,2454,977,20.52648737,20.72118284,0.02898436,16,0.31763678,11810,0.18992635,3481469,342499,0.09837773,success,394,1060,-0.45804677,970,0.02012824,390,0.00809280,93,0.00192982,516,0.01070739,362,0.00751178,,,0.00817580,0.02199581,-0.01382001,0.03017161,3179,48191,warning_stem_collisions,success,success,exact-then-unique-porter-1.0.0,baek-smart-porter-1.0.0
S2025-132,0001637459,KHC,Kraft Heinz,0001637459-26-000009,2025,2026-02-12,1.0.3,0.3.0,1,6,0.10056652,59662,2812,4,0.00142248,success,4,0.03030303,0,0.00000000,3,0.02272727,1,0.00757576,0,0.00000000,132,success,4,3,0.03030303,0.02272727,0.14285714,0.05303030,0.00757576,12,success,2.70555556,2.59000000,0.70261141,1.55000000,4.63000000,63,80,17,0.78750000,58,9,warning_stem_collisions,2.88068650,2.76000000,0.81552208,1.26000000,5.00000000,23700,32052,8352,0.73942344,2169,6200,warning_stem_collisions,59619,10.99572959,2812,1151,21.20163585,20.77320594,0.03495530,6,0.10063906,14661,0.19737480,3809698,398882,0.10470174,success,355,1480,-0.61307902,1134,0.01999154,462,0.00814470,110,0.00193921,537,0.00946689,593,0.01045413,,,0.00625837,0.02609125,-0.01983287,0.03234962,3794,56724,warning_stem_collisions,success,success,exact-then-unique-porter-1.0.0,baek-smart-porter-1.0.0
S2025-133,0001944048,KVUE,Kenvue,0001944048-26-000030,2025,2026-02-20,1.0.3,0.3.0,1,29,0.32885784,88184,3371,21,0.00622961,success,25,0.03448276,17,0.02344828,15,0.02068966,1,0.00137931,10,0.01379310,725,success,3,21,0.00413793,0.02896552,-0.75000000,0.03310345,-0.02482759,77,success,2.66912536,2.50000000,0.72692880,1.50000000,4.93000000,343,438,95,0.78310502,180,84,warning_stem_collisions,2.83860242,2.74000000,0.80826854,1.19000000,5.00000000,34524,46171,11647,0.74774209,2531,8503,warning_stem_collisions,88355,11.38911807,3371,1491,26.21032335,22.34927871,0.03033218,29,0.32822138,9139,0.09373910,3433268,592820,0.17266931,success,494,2049,-0.61148250,1625,0.01926725,905,0.01073038,208,0.00246621,1364,0.01617263,665,0.00788475,,,0.00585724,0.02429452,-0.01843728,0.03015177,5980,84340,warning_stem_collisions,success,success,exact-then-unique-porter-1.0.0,baek-smart-porter-1.0.0
S2025-134,0001418135,KDP,Keurig Dr Pepper,0001418135-26-000016,2025,2026-02-24,1.0.3,0.3.0,1,1,0.01963711,50924,2504,1,0.00039936,success,0,0.00000000,0,0.00000000,0,0.00000000,0,0.00000000,0,0.00000000,32,success,0,0,0.00000000,0.00000000,,0.00000000,0.00000000,0,success,3.02333333,2.93000000,0.57147373,2.24000000,4.14000000,15,17,2,0.88235294,14,2,warning_stem_collisions,2.86759673,2.74000000,0.82845373,1.26000000,5.00000000,19952,26561,6609,0.75117654,2187,4692,warning_stem_collisions,50837,10.83637971,2504,1317,20.30231629,20.10188515,0.02838484,1,0.01967071,9432,0.15649837,2974627,337621,0.11350028,success,281,1167,-0.61187845,1088,0.02233536,535,0.01098292,149,0.00305879,436,0.00895057,433,0.00888898,,,0.00576860,0.02395714,-0.01818854,0.02972573,3314,48712,warning_stem_collisions,success,success,exact-then-unique-porter-1.0.0,baek-smart-porter-1.0.0
S2025-135,0000935703,DLTR,Dollar Tree,0000935703-25-000015,2025,2025-03-26,1.0.3,0.3.0,1,1,0.02458331,40678,1879,1,0.00053220,success,3,0.03896104,2,0.02597403,2,0.02597403,0,0.00000000,1,0.01298701,77,success,0,1,0.00000000,0.01298701,-1.00000000,0.01298701,-0.01298701,7,success,2.78232558,2.61000000,0.71744326,1.50000000,4.80000000,43,54,11,0.79629630,38,11,warning_stem_collisions,2.91770806,2.82000000,0.86717407,1.26000000,5.00000000,16558,21598,5040,0.76664506,1989,4094,warning_stem_collisions,40552,10.61034038,1879,770,21.58169239,20.65115281,0.03341389,1,0.02465970,6035,0.12954258,1924914,272187,0.14140216,success,238,1012,-0.61920000,752,0.01940445,345,0.00890231,80,0.00206430,297,0.00766373,378,0.00975383,,,0.00614130,0.02611343,-0.01997213,0.03225473,2524,38754,warning_stem_collisions,success,success,exact-then-unique-porter-1.0.0,baek-smart-porter-1.0.0
S2025-136,0000096021,SYY,Sysco,0000096021-25-000099,2025,2025-08-22,1.0.3,0.3.0,1,16,0.32954358,48552,2558,11,0.00430023,success,13,0.03316327,4,0.01020408,10,0.02551020,0,0.00000000,2,0.00510204,392,success,6,19,0.01530612,0.04846939,-0.52000000,0.06377551,-0.03316327,43,success,2.71660920,2.55500000,0.76732742,1.52000000,4.87000000,174,221,47,0.78733032,119,40,warning_stem_collisions,2.88322920,2.80000000,0.81881756,1.19000000,5.00000000,19014,25569,6555,0.74363487,2169,4931,warning_stem_collisions,48477,10.78884474,2558,973,18.95113370,20.07156851,0.03265466,16,0.33005343,15758,0.24531797,3860714,322651,0.08357288,success,250,863,-0.55076370,821,0.01775212,367,0.00793548,114,0.00246497,506,0.01094101,404,0.00873551,,,0.00540564,0.01866027,-0.01325463,0.02406591,2842,46248,warning_stem_collisions,success,success,exact-then-unique-porter-1.0.0,baek-smart-porter-1.0.0
S2025-137,0000865752,MNST,Monster Beverage,0001104659-26-020831,2025,2026-02-27,1.0.3,0.3.0,1,11,0.19364833,56804,2542,10,0.00393391,success,10,0.03937008,5,0.01968504,7,0.02755906,0,0.00000000,4,0.01574803,254,success,2,15,0.00787402,0.05905512,-0.76470588,0.06692913,-0.05118110,35,success,2.67797872,2.46000000,0.76830094,1.50000000,4.70000000,94,138,44,0.68115942,72,36,warning_stem_collisions,3.02370695,2.96000000,0.87167530,1.26000000,5.00000000,23027,30889,7862,0.74547574,2266,5486,warning_stem_collisions,56808,10.94743244,2542,959,22.34775767,21.47360794,0.03716026,11,0.19363470,10726,0.15882370,3778402,384451,0.10174963,success,223,1085,-0.65902141,967,0.01800644,484,0.00901253,92,0.00171313,532,0.00990634,472,0.00878908,,,0.00415247,0.02020371,-0.01605124,0.02435618,3179,53703,warning_stem_collisions,success,success,exact-then-unique-porter-1.0.0,baek-smart-porter-1.0.0
S2025-138,0000007084,ADM,Archer Daniels Midland,0000007084-26-000011,2025,2026-02-17,1.0.3,0.3.0,1,23,0.54054054,42550,2351,16,0.00680561,success,17,0.04392765,8,0.02067183,10,0.02583979,0,0.00000000,5,0.01291990,387,success,1,18,0.00258398,0.04651163,-0.89473684,0.04909561,-0.04392765,47,success,2.61876712,2.48000000,0.70968727,1.50000000,4.53000000,146,230,84,0.63478261,113,55,warning_stem_collisions,2.94295314,2.86000000,0.83427635,1.26000000,5.00000000,17114,23631,6517,0.72421819,1954,4505,warning_stem_collisions,42440,10.65584659,2351,1052,18.05189281,20.91153534,0.03682846,23,0.54194156,10741,0.20197063,3214753,293141,0.09118617,success,256,774,-0.50291262,713,0.01785625,275,0.00688705,53,0.00132732,416,0.01041823,323,0.00808916,,,0.00641122,0.01938392,-0.01297270,0.02579514,2368,39930,warning_stem_collisions,success,success,exact-then-unique-porter-1.0.0,baek-smart-porter-1.0.0
S2025-139,0000047111,HSY,Hershey Company (The),0001628280-26-008586,2025,2026-02-17,1.0.3,0.3.0,1,9,0.21061992,42731,2400,6,0.00250000,success,10,0.05181347,8,0.04145078,8,0.04145078,0,0.00000000,4,0.02072539,193,success,2,9,0.01036269,0.04663212,-0.63636364,0.05699482,-0.03626943,33,success,2.63888889,2.52000000,0.76699510,1.50000000,4.80000000,81,119,38,0.68067227,70,25,warning_stem_collisions,2.93961559,2.83000000,0.83056896,1.19000000,5.00000000,17247,22907,5660,0.75291396,1964,4155,warning_stem_collisions,42606,10.65975037,2400,1076,17.75250000,19.83359073,0.04245881,9,0.21123785,12737,0.23014654,3160557,289083,0.09146584,success,273,515,-0.30710660,657,0.01635753,209,0.00520354,66,0.00164322,284,0.00707083,273,0.00679696,,,0.00679696,0.01282211,-0.00602515,0.01961907,1960,40165,warning_stem_collisions,success,success,exact-then-unique-porter-1.0.0,baek-smart-porter-1.0.0
S2025-140,0000764180,MO,Altria,0000764180-26-000017,2025,2026-02-25,1.0.3,0.3.0,1,6,0.09078804,66088,2905,6,0.00206540,success,6,0.03000000,5,0.02500000,5,0.02500000,0,0.00000000,1,0.00500000,200,success,0,9,0.00000000,0.04500000,-1.00000000,0.04500000,-0.04500000,21,success,2.69000000,2.50000000,0.78745738,1.50000000,4.89000000,92,118,26,0.77966102,56,24,warning_stem_collisions,2.91171601,2.81000000,0.82884059,1.19000000,5.00000000,25198,35404,10206,0.71172749,2204,6714,warning_stem_collisions,65696,11.09279332,2905,1178,22.61480207,20.88740298,0.03402034,6,0.09132976,10369,0.13631762,3409330,440342,0.12915793,success,293,1778,-0.71704491,1069,0.01713855,406,0.00650912,104,0.00166736,1217,0.01951133,587,0.00941097,,,0.00469747,0.02850547,-0.02380800,0.03320294,4492,62374,warning_stem_collisions,success,success,exact-then-unique-porter-1.0.0,baek-smart-porter-1.0.0
S2025-141,0001534701,PSX,Phillips 66,0001534701-26-000006,2025,2026-02-20,1.0.3,0.3.0,1,2,0.03097462,64569,3181,2,0.00062873,success,1,0.01315789,1,0.01315789,0,0.00000000,0,0.00000000,0,0.00000000,76,success,1,2,0.01315789,0.02631579,-0.33333333,0.03947368,-0.01315789,5,success,2.79944444,2.63000000,0.66858866,1.82000000,4.83000000,36,42,6,0.85714286,31,6,warning_stem_collisions,2.93552565,2.86000000,0.84258000,1.19000000,5.00000000,25378,34651,9273,0.73238868,2259,6198,warning_stem_collisions,64406,11.07296208,3181,1295,20.24709211,20.78980383,0.04853585,2,0.03105301,15923,0.19822231,5032526,431471,0.08573647,success,295,1088,-0.57339118,938,0.01546936,419,0.00691009,110,0.00181410,719,0.01185764,540,0.00890560,,,0.00486510,0.01794314,-0.01307804,0.02280823,3460,60636,warning_stem_collisions,success,success,exact-then-unique-porter-1.0.0,baek-smart-porter-1.0.0
S2025-142,0000821189,EOG,EOG Resources,0000821189-26-000054,2025,2026-02-24,1.0.3,0.3.0,1,4,0.07619628,52496,2362,3,0.00127011,success,5,0.04347826,0,0.00000000,4,0.03478261,0,0.00000000,0,0.00000000,115,success,3,5,0.02608696,0.04347826,-0.25000000,0.06956522,-0.01739130,13,success,2.86545455,2.61500000,0.91180005,1.63000000,5.00000000,44,65,21,0.67692308,42,15,warning_stem_collisions,2.93377226,2.81000000,0.86606251,1.26000000,5.00000000,20497,28695,8198,0.71430563,1961,5580,warning_stem_collisions,52489,10.86835890,2362,1021,22.22226926,21.72093571,0.04475223,4,0.07620644,11754,0.18296157,3115412,349026,0.11203205,success,211,719,-0.54623656,801,0.01623857,341,0.00691305,98,0.00198674,547,0.01108926,419,0.00849433,,,0.00427758,0.01457620,-0.01029862,0.01885377,2661,49327,warning_stem_collisions,success,success,exact-then-unique-porter-1.0.0,baek-smart-porter-1.0.0
S2025-143,0000895126,EXE,Expand Energy,0000895126-26-000011,2025,2026-02-18,1.0.3,0.3.0,1,1,0.01796009,55679,2616,1,0.00038226,success,0,0.00000000,0,0.00000000,0,0.00000000,0,0.00000000,0,0.00000000,21,success,0,1,0.00000000,0.04761905,-1.00000000,0.04761905,-0.04761905,1,success,2.46333333,2.52000000,0.33712840,1.88000000,2.93000000,6,10,4,0.60000000,6,3,warning_stem_collisions,2.89438037,2.76000000,0.83715723,1.26000000,5.00000000,22215,29488,7273,0.75335730,2313,5477,warning_stem_collisions,55410,10.92251536,2616,1080,21.18119266,20.82807188,0.03353185,1,0.01804728,8111,0.12769006,2896108,369349,0.12753288,success,230,1118,-0.65875371,1085,0.02042430,534,0.01005214,130,0.00244715,611,0.01150161,558,0.01050392,,,0.00432957,0.02104550,-0.01671592,0.02537507,3523,53123,warning_stem_collisions,success,success,exact-then-unique-porter-1.0.0,baek-smart-porter-1.0.0
S2025-144,0000087347,SLB,Schlumberger,0001193125-26-021017,2025,2026-01-23,1.0.3,0.3.0,1,13,0.37522369,34646,1714,10,0.00583431,success,2,0.00583090,0,0.00000000,1,0.00291545,0,0.00000000,0,0.00000000,343,success,11,7,0.03206997,0.02040816,0.22222222,0.05247813,0.01166181,20,success,2.98668919,2.93000000,0.76889390,1.54000000,4.89000000,148,199,51,0.74371859,122,32,warning_stem_collisions,2.91522708,2.85000000,0.81269066,1.30000000,5.00000000,13101,18512,5411,0.70770311,1613,3612,warning_stem_collisions,34184,10.43951298,1714,738,19.94399067,20.51447759,0.04344138,13,0.38029487,8675,0.20240790,7331565,231133,0.03152574,success,251,475,-0.30853994,553,0.01722366,176,0.00548167,56,0.00174417,230,0.00716355,209,0.00650948,,,0.00781761,0.01479428,-0.00697667,0.02261189,1684,32107,warning_stem_collisions,success,success,exact-then-unique-porter-1.0.0,baek-smart-porter-1.0.0
S2025-145,0000033213,EQT,EQT Corporation,0000033213-26-000018,2025,2026-02-18,1.0.3,0.3.0,0,0,0.00000000,77037,3222,0,0.00000000,success,,,,,,,,,,,0,warning_denominator_zero,,,,,,,,,warning_denominator_zero,,,,,,0,0,0,,0,0,warning_denominator_zero,2.90718547,2.81000000,0.83910786,1.26000000,5.00000000,30474,41599,11125,0.73256569,2529,7706,warning_stem_collisions,76867,11.24983193,3222,1227,23.85692117,22.50910127,0.03132684,0,0.00000000,13579,0.15013378,3896747,513629,0.13180969,success,304,1541,-0.67046070,1551,0.02112244,757,0.01030928,125,0.00170232,1126,0.01533454,765,0.01041823,,,0.00414005,0.02098626,-0.01684621,0.02512631,5157,73429,warning_denominator_zero,warning_denominator_zero,success,exact-then-unique-porter-1.0.0,baek-smart-porter-1.0.0
S2025-146,0001035002,VLO,Valero Energy,0001628280-26-011499,2025,2026-02-25,1.0.3,0.3.0,1,7,0.13914011,50309,2470,6,0.00242915,success,4,0.02127660,1,0.00531915,1,0.00531915,1,0.00531915,5,0.02659574,188,success,2,8,0.01063830,0.04255319,-0.60000000,0.05319149,-0.03191489,20,success,2.84025974,2.63000000,0.88275539,1.50000000,4.93000000,77,108,31,0.71296296,65,18,warning_stem_collisions,2.94267580,2.81500000,0.85491789,1.26000000,5.00000000,19340,26582,7242,0.72756000,2099,5073,warning_stem_collisions,50212,10.82400932,2470,1234,20.32874494,20.88630737,0.02792161,7,0.13940891,11528,0.18671850,3896409,338045,0.08675809,success,213,719,-0.54291845,718,0.01490245,241,0.00500208,66,0.00136986,519,0.01077210,413,0.00857202,,,0.00442092,0.01492320,-0.01050228,0.01934413,2512,48180,warning_stem_collisions,success,success,exact-then-unique-porter-1.0.0,baek-smart-porter-1.0.0
S2025-147,0001811074,TPL,Texas Pacific Land Corporation,0001811074-26-000018,2025,2026-02-18,1.0.3,0.3.0,1,2,0.03781362,52891,2516,1,0.00039746,success,0,0.00000000,0,0.00000000,0,0.00000000,0,0.00000000,0,0.00000000,21,success,1,1,0.04761905,0.04761905,0.00000000,0.09523810,0.00000000,2,success,2.60333333,2.48000000,0.73407917,1.76000000,4.25000000,12,15,3,0.80000000,12,3,warning_stem_collisions,3.01271974,2.90000000,0.87776843,1.19000000,5.00000000,21002,27993,6991,0.75025899,2095,4378,warning_stem_collisions,52830,10.87483449,2516,1158,20.99761526,20.05958200,0.04171872,2,0.03785728,8590,0.13985672,2873106,346678,0.12066314,success,246,552,-0.38345865,620,0.01240397,235,0.00470150,122,0.00244078,334,0.00668214,304,0.00608195,,,0.00492157,0.01104353,-0.00612196,0.01596511,2087,49984,warning_stem_collisions,success,success,exact-then-unique-porter-1.0.0,baek-smart-porter-1.0.0
S2025-148,0001841666,APA,APA Corporation,0001841666-26-000015,2025,2026-02-26,1.0.3,0.3.0,0,0,0.00000000,56389,2681,0,0.00000000,success,,,,,,,,,,,0,warning_denominator_zero,,,,,,,,,warning_denominator_zero,,,,,,0,0,0,,0,0,warning_denominator_zero,2.95138722,2.82000000,0.84830042,1.04000000,5.00000000,22354,30954,8600,0.72216838,2166,5625,warning_stem_collisions,56393,10.94010032,2681,1299,21.03431555,21.32529404,0.04367563,0,0.00000000,10837,0.16119292,4262985,379904,0.08911690,success,227,875,-0.58802178,900,0.01705773,361,0.00684205,87,0.00164891,464,0.00879421,533,0.01010197,,,0.00430234,0.01658391,-0.01228157,0.02088624,2936,52762,warning_denominator_zero,warning_denominator_zero,success,exact-then-unique-porter-1.0.0,baek-smart-porter-1.0.0
S2025-149,0001701605,BKR,Baker Hughes,0001701605-26-000007,2025,2026-02-05,1.0.3,0.3.0,1,40,0.81398425,49141,2475,26,0.01050505,success,26,0.03186275,20,0.02450980,16,0.01960784,0,0.00000000,6,0.00735294,816,success,5,33,0.00612745,0.04044118,-0.73684211,0.04656863,-0.03431373,86,success,2.72380328,2.61000000,0.77340166,1.40000000,4.89000000,305,459,154,0.66448802,204,91,warning_stem_collisions,2.90482991,2.82000000,0.83830007,1.26000000,5.00000000,19460,26229,6769,0.74192687,2400,4923,warning_stem_collisions,49105,10.80171614,2475,1126,19.84040404,20.34435497,0.03730781,40,0.81458100,8092,0.14147595,2215880,329606,0.14874722,success,351,979,-0.47218045,852,0.01824724,409,0.00875953,100,0.00214169,651,0.01394243,391,0.00837403,,,0.00751735,0.02096719,-0.01344984,0.02848454,3163,46692,warning_stem_collisions,success,success,exact-then-unique-porter-1.0.0,baek-smart-porter-1.0.0
S2025-150,0001404912,KKR,KKR & Co.,0001404912-26-000007,2025,2026-02-27,1.0.3,0.3.0,1,24,0.14507822,165428,14486,21,0.00144968,success,12,0.03896104,12,0.03896104,10,0.03246753,0,0.00000000,2,0.00649351,308,success,1,11,0.00324675,0.03571429,-0.83333333,0.03896104,-0.03246753,38,success,2.57372414,2.44000000,0.64747142,1.44000000,4.48000000,145,180,35,0.80555556,70,28,warning_stem_collisions,2.87407060,2.79000000,0.80657624,1.26000000,5.00000000,66037,88242,22205,0.74836246,2969,15221,warning_stem_collisions,164467,12.01046522,14486,10233,11.35351374,16.93477077,0.02598090,24,0.14592593,30902,0.15817248,20008121,1113249,0.05563986,success,784,2919,-0.57655955,3034,0.01918517,1388,0.00877687,354,0.00223848,1944,0.01229267,1645,0.01040198,,,0.00495754,0.01845798,-0.01350044,0.02341552,10138,158143,warning_stem_collisions,success,success,exact-then-unique-porter-1.0.0,baek-smart-porter-1.0.0
S2025-151,0000035527,FITB,Fifth Third Bancorp,0000035527-26-000124,2025,2026-02-24,1.0.3,0.3.0,1,23,0.24032936,95702,4652,19,0.00408426,success,31,0.03395400,22,0.02409639,15,0.01642935,1,0.00109529,7,0.00766703,913,success,8,57,0.00876232,0.06243154,-0.75384615,0.07119387,-0.05366922,121,success,2.56484043,2.44000000,0.67546003,1.30000000,4.93000000,376,535,159,0.70280374,261,116,warning_stem_collisions,2.81996861,2.72000000,0.78179189,1.26000000,5.00000000,36959,51124,14165,0.72292857,2428,9206,warning_stem_collisions,95463,11.46649402,4652,1948,20.52085125,21.16244669,0.03870610,23,0.24093104,29371,0.23528045,8812160,640583,0.07269307,success,367,1876,-0.67275970,1767,0.01967136,631,0.00702469,170,0.00189255,961,0.01069846,641,0.00713602,,,0.00408568,0.02088482,-0.01679915,0.02497050,5461,89826,warning_stem_collisions,success,success,exact-then-unique-porter-1.0.0,baek-smart-porter-1.0.0
S2025-152,0001120193,NDAQ,"Nasdaq, Inc.",0001628280-26-007703,2025,2026-02-12,1.0.3,0.3.0,1,68,0.99797470,68138,10039,61,0.00607630,success,6,0.01244813,1,0.00207469,1,0.00207469,1,0.00207469,1,0.00207469,482,success,12,4,0.02489627,0.00829876,0.50000000,0.03319502,0.01659751,25,success,2.81052288,2.59000000,0.76627594,1.30000000,4.87000000,153,285,132,0.53684211,102,49,warning_stem_collisions,2.88321076,2.79000000,0.79899060,1.26000000,5.00000000,26950,36662,9712,0.73509356,2383,6739,warning_stem_collisions,67806,11.12440597,10039,8373,6.75425839,14.54670699,0.02719523,68,1.00286110,10630,0.13552450,9611494,463977,0.04827314,success,459,1204,-0.44798557,1071,0.01643243,475,0.00728796,124,0.00190254,865,0.01327176,638,0.00978888,,,0.00704247,0.01847306,-0.01143059,0.02551553,4133,65176,warning_stem_collisions,success,success,exact-then-unique-porter-1.0.0,baek-smart-porter-1.0.0
S2025-153,0001095073,EG,Everest Group,0001095073-26-000006,2025,2026-02-26,1.0.3,0.3.0,1,8,0.11644494,68702,3353,6,0.00178944,success,8,0.04761905,9,0.05357143,4,0.02380952,0,0.00000000,1,0.00595238,168,success,0,4,0.00000000,0.02380952,-1.00000000,0.02380952,-0.02380952,22,success,2.68078947,2.50000000,0.69628292,1.50000000,4.89000000,76,107,31,0.71028037,56,15,warning_stem_collisions,2.84184098,2.76000000,0.77663241,1.26000000,5.00000000,27518,36678,9160,0.75025901,2199,5889,warning_stem_collisions,68859,11.13981621,3353,1364,20.53653445,21.64546906,0.03425841,8,0.11617944,16984,0.19784956,5391749,460726,0.08545019,success,332,1897,-0.70210857,1253,0.01910585,548,0.00835595,165,0.00251593,937,0.01428746,475,0.00724284,,,0.00506236,0.02892562,-0.02386326,0.03398798,4780,65582,warning_stem_collisions,success,success,exact-then-unique-porter-1.0.0,baek-smart-porter-1.0.0
S2025-154,0001059556,MCO,Moody's Corporation,0001628280-26-009136,2025,2026-02-18,1.0.3,0.3.0,1,46,1.01419878,45356,2273,31,0.01363836,success,45,0.03291880,27,0.01975128,23,0.01682516,4,0.00292612,6,0.00438917,1367,success,12,45,0.00877835,0.03291880,-0.57894737,0.04169715,-0.02414045,136,success,2.70344689,2.53000000,0.77803446,1.26000000,4.80000000,499,808,309,0.61757426,297,182,warning_stem_collisions,2.83418955,2.72000000,0.79662990,1.19000000,4.97000000,17262,24367,7105,0.70841712,2022,4871,warning_stem_collisions,45498,10.72542365,2273,1121,20.01671799,21.93338748,0.03408941,46,1.01103345,18039,0.28391331,4798420,308925,0.06438057,success,259,912,-0.55764304,917,0.02146938,318,0.00744521,83,0.00194325,580,0.01357932,382,0.00894362,,,0.00606387,0.02135231,-0.01528844,0.02741618,2957,42712,warning_stem_collisions,success,success,exact-then-unique-porter-1.0.0,baek-smart-porter-1.0.0
S2025-155,0000896159,CB,Chubb Limited,0000896159-26-000005,2025,2026-02-27,1.0.3,0.3.0,1,18,0.21413021,84061,4354,13,0.00298576,success,10,0.02673797,12,0.03208556,6,0.01604278,3,0.00802139,1,0.00267380,374,success,3,8,0.00802139,0.02139037,-0.45454545,0.02941176,-0.01336898,36,success,2.85881579,2.86500000,0.76731584,1.50000000,4.93000000,152,215,63,0.70697674,100,41,warning_stem_collisions,2.81339234,2.72000000,0.77397659,1.23000000,5.00000000,34914,46543,11629,0.75014503,2503,7812,warning_stem_collisions,84315,11.34231506,4354,1996,19.36495177,21.24801611,0.02546403,18,0.21348514,26211,0.23714782,9698734,572246,0.05900213,success,388,2190,-0.69899147,1655,0.02044927,495,0.00611625,183,0.00226116,1032,0.01275145,594,0.00733949,,,0.00479415,0.02705975,-0.02226561,0.03185390,5710,80932,warning_stem_collisions,success,success,exact-then-unique-porter-1.0.0,baek-smart-porter-1.0.0
S2025-156,0001858681,APO,Apollo Global Management,0001858681-26-000013,2025,2026-02-25,1.0.3,0.3.0,1,43,0.34577869,124357,5569,28,0.00502783,success,49,0.03678679,43,0.03228228,26,0.01951952,1,0.00075075,6,0.00450450,1332,success,9,51,0.00675676,0.03828829,-0.70000000,0.04504505,-0.03153153,153,success,2.71269006,2.56000000,0.77837699,1.33000000,4.87000000,513,709,196,0.72355430,251,117,warning_stem_collisions,2.84554289,2.72000000,0.79488405,1.19000000,5.00000000,50425,67684,17259,0.74500621,2737,11588,warning_stem_collisions,124389,11.73116903,5569,2372,22.33596696,23.24024695,0.02271101,43,0.34568973,36555,0.22712869,9814023,842130,0.08580885,success,679,1997,-0.49252616,2449,0.02044172,854,0.00712831,225,0.00187807,1414,0.01180261,976,0.00814664,,,0.00566759,0.01666889,-0.01100130,0.02233648,7415,119804,warning_stem_collisions,success,success,exact-then-unique-porter-1.0.0,baek-smart-porter-1.0.0
S2025-157,0001601712,SYF,Synchrony Financial,0001601712-26-000006,2025,2026-02-06,1.0.3,0.3.0,1,18,0.24622456,73104,3051,13,0.00426090,success,15,0.03138075,1,0.00209205,8,0.01673640,0,0.00000000,2,0.00418410,478,success,2,13,0.00418410,0.02719665,-0.73333333,0.03138075,-0.02301255,30,success,2.69745283,2.57000000,0.71019272,1.44000000,4.93000000,212,281,69,0.75444840,136,50,warning_stem_collisions,2.83153299,2.72000000,0.79394515,1.19000000,5.00000000,30111,39049,8938,0.77110809,2367,6819,warning_stem_collisions,72917,11.19707709,3051,1376,23.89937725,22.54714710,0.02284790,18,0.24685601,17408,0.19272627,3794221,493796,0.13014424,success,343,1512,-0.63018868,1465,0.02083956,652,0.00927467,162,0.00230444,809,0.01150799,669,0.00951649,,,0.00487916,0.02150813,-0.01662897,0.02638729,4763,70299,warning_stem_collisions,success,success,exact-then-unique-porter-1.0.0,baek-smart-porter-1.0.0
S2025-158,0001126328,PFG,Principal Financial Group,0001104659-26-017031,2025,2026-02-18,1.0.3,0.3.0,1,7,0.05994280,116778,6629,3,0.00045256,success,1,0.01204819,3,0.03614458,1,0.01204819,1,0.01204819,2,0.02409639,83,success,0,1,0.00000000,0.01204819,-1.00000000,0.01204819,-0.01204819,8,success,2.56176471,2.48000000,0.57153287,1.50000000,4.10000000,34,52,18,0.65384615,31,10,warning_stem_collisions,2.84585129,2.75000000,0.76905160,1.19000000,4.97000000,49425,63986,14561,0.77243460,2237,11060,warning_stem_collisions,116202,11.66308533,6629,2247,17.52934078,20.74624268,0.03206485,7,0.06023993,37877,0.24582844,18910693,788144,0.04167716,success,530,1978,-0.57735247,2104,0.01889792,635,0.00570351,206,0.00185027,1322,0.01187407,657,0.00590111,,,0.00476041,0.01776620,-0.01300579,0.02252661,6406,111335,warning_stem_collisions,success,success,exact-then-unique-porter-1.0.0,baek-smart-porter-1.0.0
S2025-159,0000004962,AXP,American Express,0000004962-26-000080,2025,2026-02-06,1.0.3,0.3.0,1,47,0.60271092,77981,3091,37,0.01197024,success,52,0.02618328,43,0.02165156,29,0.01460222,4,0.00201410,13,0.00654582,1986,success,22,66,0.01107754,0.03323263,-0.50000000,0.04431017,-0.02215509,190,success,2.76903893,2.63000000,0.78026911,1.30000000,4.93000000,822,1121,299,0.73327386,379,201,warning_stem_collisions,2.84782559,2.73000000,0.81552393,1.26000000,5.00000000,32257,42567,10310,0.75779360,2518,7956,warning_stem_collisions,77941,11.26370741,3091,1429,25.21546425,22.62379898,0.02181137,47,0.60302023,13954,0.15184722,5080618,526968,0.10372124,success,425,1765,-0.61187215,1520,0.02017574,612,0.00812339,118,0.00156627,1023,0.01357880,657,0.00872070,,,0.00564124,0.02342775,-0.01778651,0.02906900,5256,75338,warning_stem_collisions,success,success,exact-then-unique-porter-1.0.0,baek-smart-porter-1.0.0
S2025-160,0000927628,COF,Capital One,0000927628-26-000024,2025,2026-02-19,1.0.3,0.3.0,1,66,0.63314211,104242,5180,49,0.00945946,success,59,0.03720050,32,0.02017654,34,0.02143758,2,0.00126103,5,0.00315259,1586,success,14,62,0.00882724,0.03909206,-0.63157895,0.04791929,-0.03026482,166,success,2.62826990,2.48000000,0.78711473,1.30000000,4.93000000,578,822,244,0.70316302,320,159,warning_stem_collisions,2.85313831,2.72000000,0.80324947,1.19000000,5.00000000,43004,56540,13536,0.76059427,2607,9913,warning_stem_collisions,104211,11.55417297,5180,2247,20.11795367,21.37683902,0.03064936,66,0.63333045,27496,0.20876643,9213649,704607,0.07647426,success,404,2445,-0.71639172,2166,0.02171973,836,0.00838305,156,0.00156430,1131,0.01134119,803,0.00805214,,,0.00405114,0.02451742,-0.02046628,0.02856856,6854,99725,warning_stem_collisions,success,success,exact-then-unique-porter-1.0.0,baek-smart-porter-1.0.0
S2025-161,0000914208,IVZ,Invesco,0000914208-26-000079,2025,2026-02-24,1.0.3,0.3.0,1,29,0.61767838,46950,2156,20,0.00927644,success,31,0.03855721,15,0.01865672,15,0.01865672,0,0.00000000,10,0.01243781,804,success,8,38,0.00995025,0.04726368,-0.65217391,0.05721393,-0.03731343,101,success,2.66746914,2.56000000,0.76254999,1.50000000,4.89000000,324,472,148,0.68644068,212,96,warning_stem_collisions,2.85750065,2.75000000,0.79724277,1.19000000,4.96000000,19113,25044,5931,0.76317681,2003,4097,warning_stem_collisions,46908,10.75594352,2156,1011,21.75695733,21.68082185,0.03344845,29,0.61823143,10641,0.18490330,3151037,314576,0.09983253,success,227,1150,-0.67029775,997,0.02233173,475,0.01063949,103,0.00230709,482,0.01079628,454,0.01016911,,,0.00508456,0.02575876,-0.02067421,0.03084332,3200,44645,warning_stem_collisions,success,success,exact-then-unique-porter-1.0.0,baek-smart-porter-1.0.0
S2025-162,0000036104,USB,U.S. Bancorp,0000036104-26-000011,2025,2026-02-23,1.0.3,0.3.0,1,2,0.11061335,18081,864,1,0.00115741,success,0,0.00000000,0,0.00000000,0,0.00000000,0,0.00000000,0,0.00000000,30,success,0,0,0.00000000,0.00000000,,0.00000000,0.00000000,0,success,3.35538462,3.48000000,0.68115982,2.04000000,4.29000000,13,19,6,0.68421053,13,4,warning_stem_collisions,2.92057776,2.79000000,0.81496225,1.19000000,4.96000000,7356,10180,2824,0.72259332,1371,1700,warning_stem_collisions,18196,9.80895707,864,319,21.06018519,21.49940311,0.02555507,2,0.10991427,2668,0.12787577,972606,124228,0.12772695,success,80,255,-0.52238806,292,0.01682221,89,0.00512732,40,0.00230441,271,0.01561240,242,0.01394170,,,0.00460883,0.01469063,-0.01008181,0.01929946,1144,17358,warning_stem_collisions,success,success,exact-then-unique-porter-1.0.0,baek-smart-porter-1.0.0
S2025-163,0000874766,HIG,Hartford (The),0000874766-26-000012,2025,2026-02-20,1.0.3,0.3.0,1,19,0.18974574,100134,5316,16,0.00300978,success,15,0.02884615,5,0.00961538,10,0.01923077,0,0.00000000,0,0.00000000,520,success,9,14,0.01730769,0.02692308,-0.21739130,0.04423077,-0.00961538,42,success,2.76615079,2.68500000,0.73912906,1.44000000,4.72000000,252,322,70,0.78260870,156,55,warning_stem_collisions,2.84499810,2.75000000,0.77642018,1.19000000,5.00000000,42036,55766,13730,0.75379263,2534,9894,warning_stem_collisions,99604,11.50895760,5316,2478,18.73664409,21.40041428,0.02857315,19,0.19075539,31905,0.24260697,10167904,678288,0.06670873,success,617,2978,-0.65674548,1991,0.02090969,607,0.00637478,165,0.00173285,1321,0.01387328,680,0.00714143,,,0.00647980,0.03127527,-0.02479547,0.03775507,7259,95219,warning_stem_collisions,success,success,exact-then-unique-porter-1.0.0,baek-smart-porter-1.0.0
S2025-164,0001099219,MET,MetLife,0001099219-26-000013,2025,2026-02-19,1.0.3,0.3.0,1,17,0.13600109,124999,6606,11,0.00166515,success,9,0.01918977,16,0.03411514,4,0.00852878,0,0.00000000,2,0.00426439,469,success,6,9,0.01279318,0.01918977,-0.20000000,0.03198294,-0.00639659,41,success,2.72773196,2.59500000,0.73163425,1.44000000,4.48000000,194,294,100,0.65986395,144,65,warning_stem_collisions,2.82729684,2.72000000,0.78516301,1.19000000,4.96000000,50626,68717,18091,0.73673181,2559,12568,warning_stem_collisions,123712,11.72571156,6606,3501,18.72721768,21.10153984,0.02807327,17,0.13741593,39256,0.24088165,13958657,852116,0.06104570,success,618,2288,-0.57467309,2637,0.02224810,852,0.00718824,189,0.00159457,1635,0.01379433,861,0.00726417,,,0.00521400,0.01930362,-0.01408962,0.02451762,7714,118527,warning_stem_collisions,success,success,exact-then-unique-porter-1.0.0,baek-smart-porter-1.0.0
S2025-165,0000064040,SPGI,S&P Global,0000064040-26-000013,2025,2026-02-11,1.0.3,0.3.0,1,85,1.28358074,66221,2930,58,0.01979522,success,45,0.02767528,27,0.01660517,31,0.01906519,5,0.00307503,17,0.01045510,1626,success,28,47,0.01722017,0.02890529,-0.25333333,0.04612546,-0.01168512,164,success,2.65154622,2.46000000,0.77055865,1.26000000,4.89000000,595,937,342,0.63500534,278,227,warning_stem_collisions,2.84977885,2.78000000,0.77240886,1.26000000,5.00000000,26226,35420,9194,0.74042914,2082,6818,warning_stem_collisions,65867,11.09539284,2930,1364,22.48020478,21.53116731,0.04243400,85,1.29047930,11814,0.15208352,4097560,444234,0.10841428,success,470,1308,-0.47131609,1137,0.01828503,551,0.00886109,107,0.00172076,918,0.01476311,512,0.00823389,,,0.00755846,0.02103503,-0.01347657,0.02859348,4227,62182,warning_stem_collisions,success,success,exact-then-unique-porter-1.0.0,baek-smart-porter-1.0.0
S2025-166,0000316709,SCHW,Charles Schwab Corporation,0000316709-26-000009,2025,2026-02-25,1.0.3,0.3.0,1,5,0.07856447,63642,3368,5,0.00148456,success,3,0.01807229,1,0.00602410,0,0.00000000,0,0.00000000,2,0.01204819,166,success,2,4,0.01204819,0.02409639,-0.33333333,0.03614458,-0.01204819,11,success,2.67843373,2.46000000,0.71637723,1.26000000,4.57000000,83,104,21,0.79807692,59,19,warning_stem_collisions,2.92929101,2.82000000,0.80412825,1.19000000,5.00000000,26051,35590,9539,0.73197527,2109,6155,warning_stem_collisions,63157,11.05337897,3368,1621,18.75207838,20.43218743,0.04078724,5,0.07916779,17044,0.21251605,5307796,428119,0.08065853,success,270,988,-0.57074722,861,0.01449129,309,0.00520071,79,0.00132963,523,0.00880249,580,0.00976184,,,0.00454431,0.01662880,-0.01208449,0.02117310,3148,59415,warning_stem_collisions,success,success,exact-then-unique-porter-1.0.0,baek-smart-porter-1.0.0
S2025-167,0000899051,ALL,Allstate,0000899051-26-000031,2025,2026-02-20,1.0.3,0.3.0,1,8,0.10498688,76200,4084,8,0.00195886,success,8,0.03265306,3,0.01224490,6,0.02448980,0,0.00000000,5,0.02040816,245,success,5,7,0.02040816,0.02857143,-0.16666667,0.04897959,-0.00816327,28,success,2.66336449,2.44000000,0.70288583,1.62000000,4.89000000,107,137,30,0.78102190,74,26,warning_stem_collisions,2.82495631,2.74000000,0.76626791,1.19000000,5.00000000,31584,42217,10633,0.74813464,2359,7557,warning_stem_collisions,76103,11.23984296,4084,2037,18.63442703,21.53136877,0.03802741,8,0.10512069,24211,0.24135215,8064172,519877,0.06446750,success,391,2131,-0.68992863,1399,0.01936520,508,0.00703182,119,0.00164722,1394,0.01929599,574,0.00794541,,,0.00541229,0.02949767,-0.02408538,0.03490996,5459,72243,warning_stem_collisions,success,success,exact-then-unique-porter-1.0.0,baek-smart-porter-1.0.0
S2025-168,0000073124,NTRS,Northern Trust,0000073124-26-000016,2025,2026-02-24,1.0.3,0.3.0,1,53,0.60932847,86981,4059,36,0.00886918,success,36,0.03020134,34,0.02852349,15,0.01258389,7,0.00587248,8,0.00671141,1192,success,16,22,0.01342282,0.01845638,-0.15789474,0.03187919,-0.00503356,119,success,2.65837054,2.50000000,0.78788187,1.30000000,4.93000000,448,645,197,0.69457364,273,112,warning_stem_collisions,2.81344660,2.72000000,0.79911066,1.19000000,5.00000000,36404,48249,11845,0.75450268,2529,8575,warning_stem_collisions,86902,11.37253633,4059,1723,21.40970682,21.51719726,0.03262295,53,0.60988240,22110,0.20282171,7502785,593295,0.07907664,success,409,1835,-0.63547237,1898,0.02296403,570,0.00689647,143,0.00173017,996,0.01205067,759,0.00918319,,,0.00494852,0.02220179,-0.01725327,0.02715031,5820,82651,warning_stem_collisions,success,success,exact-then-unique-porter-1.0.0,baek-smart-porter-1.0.0
S2025-169,0000831001,C,Citigroup,0000831001-26-000011,2025,2026-02-20,1.0.3,0.3.0,1,38,0.28282437,134359,6723,24,0.00356983,success,48,0.05240175,10,0.01091703,15,0.01637555,1,0.00109170,4,0.00436681,916,success,6,49,0.00655022,0.05349345,-0.78181818,0.06004367,-0.04694323,116,success,2.68695418,2.52000000,0.79118605,1.44000000,4.93000000,371,551,180,0.67332123,213,122,warning_stem_collisions,2.85328471,2.72000000,0.80989328,1.19000000,5.00000000,52717,74636,21919,0.70632135,2719,13512,warning_stem_collisions,134448,11.80893279,6723,3518,19.99821508,20.85520761,0.03764281,38,0.28263715,40455,0.23129963,16150764,914674,0.05663348,success,465,2663,-0.70268542,2750,0.02180567,572,0.00453558,187,0.00148279,1659,0.01315476,881,0.00698574,,,0.00368714,0.02111582,-0.01742868,0.02480296,8182,126114,warning_stem_collisions,success,success,exact-then-unique-porter-1.0.0,baek-smart-porter-1.0.0
S2025-170,0001374310,CBOE,Cboe Global Markets,0001628280-26-010013,2025,2026-02-20,1.0.3,0.3.0,1,9,0.11565002,77821,3426,4,0.00116754,success,2,0.01265823,2,0.01265823,1,0.00632911,0,0.00000000,0,0.00000000,158,success,3,4,0.01898734,0.02531646,-0.14285714,0.04430380,-0.00632911,11,success,2.82737500,2.87500000,0.76131752,1.57000000,4.54000000,80,101,21,0.79207921,53,8,warning_stem_collisions,2.93120649,2.87000000,0.81259863,1.26000000,5.00000000,29565,42310,12745,0.69877098,2368,7737,warning_stem_collisions,77738,11.26109948,3426,1569,22.69060128,20.93696564,0.03070570,9,0.11577350,12748,0.14088367,4107643,515615,0.12552576,success,406,1290,-0.52122642,1214,0.01634049,565,0.00760492,150,0.00201901,915,0.01231593,626,0.00842598,,,0.00546478,0.01736345,-0.01189867,0.02282822,4340,74294,warning_stem_collisions,success,success,exact-then-unique-porter-1.0.0,baek-smart-porter-1.0.0
S2025-171,0001176948,ARES,Ares Management,0001628280-26-011413,2025,2026-02-25,1.0.3,0.3.0,1,56,0.46607630,120152,4940,41,0.00829960,success,49,0.03467799,23,0.01627742,30,0.02123142,2,0.00141543,9,0.00636943,1413,success,14,45,0.00990800,0.03184713,-0.52542373,0.04175513,-0.02193914,140,success,2.72090000,2.61000000,0.70016274,1.44000000,4.93000000,600,784,184,0.76530612,269,133,warning_stem_collisions,2.87632962,2.74000000,0.81754843,1.19000000,5.00000000,47758,62898,15140,0.75929282,2784,10630,warning_stem_collisions,120478,11.69922244,4940,2018,24.38825911,22.51616495,0.01732266,56,0.46481515,24206,0.16730254,7240988,798780,0.11031368,success,668,2261,-0.54387163,2410,0.02060851,1364,0.01166390,299,0.00255682,1219,0.01042397,1135,0.00970567,,,0.00571223,0.01933437,-0.01362214,0.02504660,7669,116942,warning_stem_collisions,success,success,exact-then-unique-porter-1.0.0,baek-smart-porter-1.0.0
S2025-172,0001679788,COIN,Coinbase,0001679788-26-000015,2025,2026-02-12,1.0.3,0.3.0,1,21,0.23233944,90385,3709,14,0.00377460,success,22,0.04089219,17,0.03159851,15,0.02788104,2,0.00371747,6,0.01115242,538,success,6,35,0.01115242,0.06505576,-0.70731707,0.07620818,-0.05390335,83,success,2.45290476,2.35500000,0.63155261,1.30000000,4.57000000,210,291,81,0.72164948,150,58,warning_stem_collisions,2.85121210,2.76000000,0.80728984,1.19000000,5.00000000,34733,47260,12527,0.73493441,2742,8942,warning_stem_collisions,90159,11.40933006,3709,1736,24.30816932,21.11225844,0.01996473,21,0.23292184,7246,0.07439043,3216972,602700,0.18735009,success,452,2576,-0.70145310,1945,0.02222324,1210,0.01382525,199,0.00227374,1533,0.01751580,857,0.00979194,,,0.00516447,0.02943294,-0.02426846,0.03459741,7152,87521,warning_stem_collisions,success,success,exact-then-unique-porter-1.0.0,baek-smart-porter-1.0.0
S2025-173,0000086312,TRV,Travelers Companies (The),0000086312-26-000065,2025,2026-02-12,1.0.3,0.3.0,1,28,0.28573178,97994,4948,26,0.00525465,success,26,0.02495202,15,0.01439539,13,0.01247601,1,0.00095969,5,0.00479846,1042,success,18,30,0.01727447,0.02879079,-0.25000000,0.04606526,-0.01151631,86,success,2.73127854,2.62000000,0.71663675,1.44000000,4.93000000,438,557,119,0.78635548,192,104,warning_stem_collisions,2.86456363,2.80000000,0.78829547,1.26000000,5.00000000,40871,53108,12237,0.76958274,2555,9225,warning_stem_collisions,97791,11.49058783,4948,2116,19.76374293,21.62716361,0.03149574,28,0.28632492,21231,0.17837879,6901439,669348,0.09698673,success,461,2861,-0.72245635,1878,0.02018834,684,0.00735294,128,0.00137599,2004,0.02154283,665,0.00714869,,,0.00495571,0.03075550,-0.02579979,0.03571121,7208,93024,warning_stem_collisions,success,success,exact-then-unique-porter-1.0.0,baek-smart-porter-1.0.0
S2025-174,0001123360,GPN,Global Payments,0001123360-26-000008,2025,2026-02-20,1.0.3,0.3.0,1,32,0.50462043,63414,2589,24,0.00926999,success,29,0.04227405,29,0.04227405,16,0.02332362,1,0.00145773,8,0.01166181,686,success,5,25,0.00728863,0.03644315,-0.66666667,0.04373178,-0.02915452,93,success,2.57659176,2.52000000,0.72559519,1.26000000,4.79000000,267,379,112,0.70448549,160,79,warning_stem_collisions,2.85829507,2.79000000,0.78474411,1.26000000,4.97000000,25221,32965,7744,0.76508418,2099,6166,warning_stem_collisions,63067,11.05195293,2589,1049,24.35959830,22.15242185,0.03642158,32,0.50739690,8833,0.12285118,2790648,422210,0.15129461,success,330,1148,-0.55345061,1105,0.01835060,558,0.00926664,108,0.00179354,533,0.00885147,505,0.00838648,,,0.00548027,0.01906470,-0.01358443,0.02454497,3587,60216,warning_stem_collisions,success,success,exact-then-unique-porter-1.0.0,baek-smart-porter-1.0.0
S2025-175,0000798354,FISV,Fiserv,0000798354-26-000009,2025,2026-02-19,1.0.3,0.3.0,1,31,0.55559538,55796,2390,26,0.01087866,success,22,0.01955556,23,0.02044444,14,0.01244444,1,0.00088889,12,0.01066667,1125,success,31,31,0.02755556,0.02755556,0.00000000,0.05511111,0.00000000,113,success,2.72444681,2.59000000,0.74613131,1.50000000,4.90000000,470,643,173,0.73094868,264,127,warning_stem_collisions,2.90585188,2.82000000,0.81149859,1.19000000,5.00000000,22468,29981,7513,0.74940796,2066,5652,warning_stem_collisions,55647,10.92678345,2390,985,23.28326360,21.73284394,0.03358672,31,0.55708304,7565,0.11967664,2704436,378772,0.14005582,success,463,909,-0.32507289,892,0.01683718,398,0.00751255,81,0.00152894,617,0.01164634,464,0.00875835,,,0.00873948,0.01715807,-0.00841859,0.02589754,3260,52978,warning_stem_collisions,success,success,exact-then-unique-porter-1.0.0,baek-smart-porter-1.0.0
S2025-176,0000091576,KEY,KeyCorp,0001628280-26-010546,2025,2026-02-23,1.0.3,0.3.0,1,22,0.27565468,79810,4101,16,0.00390149,success,27,0.04703833,10,0.01742160,20,0.03484321,2,0.00348432,2,0.00348432,574,success,6,35,0.01045296,0.06097561,-0.70731707,0.07142857,-0.05052265,81,success,2.46995074,2.38000000,0.69881849,1.26000000,4.57000000,203,284,81,0.71478873,134,54,warning_stem_collisions,2.84317886,2.72000000,0.81103425,1.26000000,5.00000000,32562,42864,10302,0.75965845,2546,7378,warning_stem_collisions,79509,11.28362550,4101,1642,19.38771031,20.79611544,0.03075124,22,0.27669824,24540,0.23585042,7869941,534642,0.06793469,success,346,1685,-0.65928114,1743,0.02292486,576,0.00757586,117,0.00153885,765,0.01006169,653,0.00858860,,,0.00455078,0.02216201,-0.01761124,0.02671279,5087,76031,warning_stem_collisions,success,success,exact-then-unique-porter-1.0.0,baek-smart-porter-1.0.0
S2025-177,0000320335,GL,Globe Life,0000320335-26-000090,2025,2026-02-25,1.0.3,0.3.0,1,4,0.07959407,50255,2993,3,0.00100234,success,2,0.02105263,2,0.02105263,1,0.01052632,1,0.01052632,1,0.01052632,95,success,1,5,0.01052632,0.05263158,-0.66666667,0.06315789,-0.04210526,12,success,2.39311111,2.25000000,0.55097821,1.50000000,4.11000000,45,57,12,0.78947368,38,9,warning_stem_collisions,2.88831398,2.81000000,0.79510508,1.26000000,4.97000000,21097,27203,6106,0.77553946,1902,4426,warning_stem_collisions,50210,10.82396949,2993,1449,16.77581022,19.66097647,0.04365664,4,0.07966541,18281,0.26691098,6959860,333435,0.04790829,success,279,896,-0.52510638,635,0.01341956,222,0.00469156,106,0.00224011,479,0.01012278,366,0.00773474,,,0.00589615,0.01893531,-0.01303916,0.02483146,2565,47319,warning_stem_collisions,success,success,exact-then-unique-porter-1.0.0,baek-smart-porter-1.0.0
S2025-178,0001175454,CPAY,Corpay,0001175454-26-000018,2025,2026-02-27,1.0.3,0.3.0,1,11,0.16779291,65557,5701,8,0.00140326,success,3,0.02752294,1,0.00917431,2,0.01834862,0,0.00000000,1,0.00917431,109,success,3,1,0.02752294,0.00917431,0.50000000,0.03669725,0.01834862,9,success,2.66191489,2.63000000,0.61437960,1.54000000,4.25000000,47,66,19,0.71212121,34,13,warning_stem_collisions,2.90219797,2.80000000,0.81233177,1.19000000,5.00000000,26165,34845,8680,0.75089683,2418,6264,warning_stem_collisions,65238,11.08579740,5701,4003,11.44325557,16.90744173,0.03082559,11,0.16861338,12244,0.15802380,5374161,442403,0.08232038,success,361,1282,-0.56055995,1267,0.02032631,562,0.00901609,126,0.00202140,794,0.01273804,632,0.01013909,,,0.00579147,0.02056695,-0.01477548,0.02635843,4232,62333,warning_stem_collisions,success,success,exact-then-unique-porter-1.0.0,baek-smart-porter-1.0.0
S2025-179,0000079282,BRO,Brown & Brown,0001193125-26-046984,2025,2026-02-12,1.0.3,0.3.0,1,26,0.35352025,73546,2960,20,0.00675676,success,19,0.02827381,15,0.02232143,15,0.02232143,3,0.00446429,1,0.00148810,672,success,9,37,0.01339286,0.05505952,-0.60869565,0.06845238,-0.04166667,81,success,2.64947154,2.50000000,0.76075495,1.30000000,4.70000000,246,367,121,0.67029973,179,77,warning_stem_collisions,2.86953854,2.81000000,0.78007889,1.26000000,5.00000000,28908,38368,9460,0.75344037,2102,6828,warning_stem_collisions,73129,11.19998028,2960,995,24.70574324,22.21083692,0.04163875,26,0.35553611,7805,0.09643660,5600087,491091,0.08769346,success,329,1250,-0.58328056,1304,0.01888350,531,0.00768952,108,0.00156397,744,0.01077402,557,0.00806603,,,0.00476432,0.01810151,-0.01333719,0.02286583,4055,69055,warning_stem_collisions,success,success,exact-then-unique-porter-1.0.0,baek-smart-porter-1.0.0
S2025-180,0000011544,WRB,W. R. Berkley Corporation,0000011544-26-000005,2025,2026-02-27,1.0.3,0.3.0,1,31,0.59458734,52137,2480,18,0.00725806,success,35,0.04710633,18,0.02422611,16,0.02153432,3,0.00403769,5,0.00672948,743,success,6,24,0.00807537,0.03230148,-0.60000000,0.04037685,-0.02422611,90,success,2.64809365,2.56000000,0.76126372,1.30000000,4.93000000,299,394,95,0.75888325,165,63,warning_stem_collisions,2.80247440,2.72000000,0.76524127,1.19000000,5.00000000,21387,28161,6774,0.75945456,2101,5000,warning_stem_collisions,52027,10.85951809,2480,1030,20.97862903,22.10205376,0.02996521,31,0.59584447,13646,0.20778707,5127475,354330,0.06910419,success,330,1546,-0.64818763,985,0.01976999,326,0.00654316,118,0.00236838,828,0.01661883,300,0.00602132,,,0.00662345,0.03102985,-0.02440640,0.03765329,3819,49823,warning_stem_collisions,success,success,exact-then-unique-porter-1.0.0,baek-smart-porter-1.0.0
S2025-181,0000059478,LLY,Lilly (Eli),0000059478-26-000013,2025,2026-02-12,1.0.3,0.3.0,1,29,0.63713859,45516,2122,21,0.00989632,success,38,0.05483405,14,0.02020202,19,0.02741703,1,0.00144300,5,0.00721501,693,success,12,40,0.01731602,0.05772006,-0.53846154,0.07503608,-0.04040404,107,success,2.55583942,2.44000000,0.73956057,1.30000000,4.57000000,274,381,107,0.71916010,164,76,warning_stem_collisions,2.82841752,2.71000000,0.80301052,1.19000000,4.97000000,18193,24607,6414,0.73934246,2138,4879,warning_stem_collisions,45859,10.73332675,2122,885,21.61121583,21.73594582,0.02259099,29,0.63237314,8360,0.15418949,2369961,314442,0.13267813,success,350,1300,-0.57575758,984,0.02219966,439,0.00990412,99,0.00223350,840,0.01895093,356,0.00803158,,,0.00789622,0.02932882,-0.02143260,0.03722504,3671,44325,warning_stem_collisions,success,success,exact-then-unique-porter-1.0.0,baek-smart-porter-1.0.0
S2025-182,0000078003,PFE,Pfizer,0000078003-26-000026,2025,2026-02-26,1.0.3,0.3.0,1,40,0.52718287,75875,3681,32,0.00869329,success,29,0.03172867,12,0.01312910,18,0.01969365,0,0.00000000,7,0.00765864,914,success,21,36,0.02297593,0.03938731,-0.26315789,0.06236324,-0.01641138,102,success,2.71306011,2.48000000,0.73175209,1.44000000,4.87000000,366,511,145,0.71624266,217,81,warning_stem_collisions,2.84104086,2.74000000,0.78593754,1.04000000,5.00000000,28582,40034,11452,0.71394315,2570,7650,warning_stem_collisions,76248,11.24174646,3681,1340,20.71393643,21.25098575,0.02586297,40,0.52460392,20597,0.21268006,5222324,515044,0.09862352,success,633,1613,-0.43633126,1410,0.01926177,602,0.00822382,134,0.00183055,1157,0.01580558,488,0.00666648,,,0.00864730,0.02203492,-0.01338761,0.03068222,5033,73202,warning_stem_collisions,success,success,exact-then-unique-porter-1.0.0,baek-smart-porter-1.0.0
S2025-183,0001145197,PODD,Insulet Corporation,0001145197-26-000028,2025,2026-02-18,1.0.3,0.3.0,1,26,0.67717151,38395,1918,15,0.00782065,success,7,0.01804124,14,0.03608247,3,0.00773196,2,0.00515464,2,0.00515464,388,success,6,7,0.01546392,0.01804124,-0.07692308,0.03350515,-0.00257732,37,success,2.53919118,2.49000000,0.65798607,1.40000000,4.54000000,136,215,79,0.63255814,92,49,warning_stem_collisions,2.88558079,2.82000000,0.80742961,1.19000000,4.97000000,15324,20465,5141,0.74879062,2129,3639,warning_stem_collisions,38314,10.55357064,1918,818,19.97601668,20.83340944,0.03025004,26,0.67860312,8402,0.17985273,2085246,258617,0.12402230,success,240,955,-0.59832636,672,0.01834061,371,0.01012555,51,0.00139192,513,0.01400109,341,0.00930677,,,0.00655022,0.02606441,-0.01951419,0.03261463,2634,36640,warning_stem_collisions,success,success,exact-then-unique-porter-1.0.0,baek-smart-porter-1.0.0
S2025-184,0000927066,DVA,DaVita,0000927066-26-000012,2025,2026-02-11,1.0.3,0.3.0,1,19,0.26972545,70442,2810,15,0.00533808,success,12,0.02189781,10,0.01824818,5,0.00912409,3,0.00547445,4,0.00729927,548,success,6,9,0.01094891,0.01642336,-0.20000000,0.02737226,-0.00547445,42,success,2.69312236,2.52000000,0.71438354,1.50000000,4.80000000,237,304,67,0.77960526,136,57,warning_stem_collisions,2.84621298,2.74000000,0.79097834,1.19000000,5.00000000,27589,37265,9676,0.74034617,2379,7126,warning_stem_collisions,70366,11.16146547,2810,1347,25.04128114,22.62864239,0.02622005,19,0.27001677,7917,0.10113307,3054617,474729,0.15541359,success,422,1567,-0.57566616,1338,0.01979026,658,0.00973243,125,0.00184887,1049,0.01551569,632,0.00934787,,,0.00624177,0.02317739,-0.01693562,0.02941916,4854,67609,warning_stem_collisions,success,success,exact-then-unique-porter-1.0.0,baek-smart-porter-1.0.0
S2025-185,0000031791,RVTY,Revvity,0000031791-26-000012,2025,2026-02-24,1.0.3,0.3.0,1,17,0.42420462,40075,1928,14,0.00726141,success,9,0.02479339,2,0.00550964,6,0.01652893,1,0.00275482,1,0.00275482,363,success,14,10,0.03856749,0.02754821,0.16666667,0.06611570,0.01101928,37,success,2.89496644,2.70000000,0.86877266,1.48000000,5.00000000,149,216,67,0.68981481,121,33,warning_stem_collisions,2.89101653,2.81000000,0.80411979,1.04000000,5.00000000,16035,21653,5618,0.74054404,2212,3730,warning_stem_collisions,39674,10.58845134,1928,888,20.57780083,20.89591909,0.03927005,17,0.42849221,8244,0.17204391,2484618,270299,0.10878896,success,278,635,-0.39101862,572,0.01522572,231,0.00614885,54,0.00143739,308,0.00819847,285,0.00758624,,,0.00739991,0.01690268,-0.00950277,0.02430260,2036,37568,warning_stem_collisions,success,success,exact-then-unique-porter-1.0.0,baek-smart-porter-1.0.0
S2025-186,0001100682,CRL,Charles River Laboratories,0001100682-26-000022,2025,2026-02-18,1.0.3,0.3.0,1,16,0.24065579,66485,2914,12,0.00411805,success,18,0.04522613,7,0.01758794,11,0.02763819,0,0.00000000,6,0.01507538,398,success,2,20,0.00502513,0.05025126,-0.81818182,0.05527638,-0.04522613,52,success,2.62497268,2.44000000,0.77556317,1.50000000,4.59000000,183,228,45,0.80263158,126,30,warning_stem_collisions,2.87817878,2.79000000,0.81342377,1.04000000,5.00000000,27229,36146,8917,0.75330604,2579,6451,warning_stem_collisions,66409,11.10358787,2914,1229,22.78963624,21.69857151,0.02350585,16,0.24093120,8485,0.11329345,3107567,454122,0.14613426,success,559,1329,-0.40783898,1120,0.01750684,532,0.00831575,129,0.00201641,767,0.01198906,601,0.00939429,,,0.00873779,0.02077374,-0.01203595,0.02951153,4196,63975,warning_stem_collisions,success,success,exact-then-unique-porter-1.0.0,baek-smart-porter-1.0.0
S2025-187,0001022079,DGX,Quest Diagnostics,0001022079-26-000015,2025,2026-02-26,1.0.3,0.3.0,1,40,0.74515648,53680,2805,30,0.01069519,success,25,0.02866972,10,0.01146789,12,0.01376147,5,0.00573394,8,0.00917431,872,success,28,17,0.03211009,0.01949541,0.24444444,0.05160550,0.01261468,92,success,2.58924471,2.43000000,0.75357779,1.28000000,4.70000000,331,472,141,0.70127119,200,87,warning_stem_collisions,2.85564879,2.74000000,0.78205499,1.19000000,5.00000000,21856,28917,7061,0.75581838,2247,5433,warning_stem_collisions,53436,10.88623996,2805,1179,19.05026738,21.81228923,0.03063478,40,0.74855902,15235,0.22185493,2628080,367083,0.13967725,success,526,924,-0.27448276,806,0.01579463,321,0.00629042,89,0.00174407,493,0.00966098,319,0.00625122,,,0.01030766,0.01810700,-0.00779933,0.02841466,2938,51030,warning_stem_collisions,success,success,exact-then-unique-porter-1.0.0,baek-smart-porter-1.0.0
S2025-188,0000064803,CVS,CVS Health,0000064803-26-000010,2025,2026-02-10,1.0.3,0.3.0,1,22,0.22679711,97003,4049,13,0.00321067,success,13,0.03110048,12,0.02870813,5,0.01196172,0,0.00000000,3,0.00717703,418,success,9,6,0.02153110,0.01435407,0.20000000,0.03588517,0.00717703,42,success,2.62726257,2.44000000,0.71179119,1.30000000,4.93000000,179,258,79,0.69379845,112,51,warning_stem_collisions,2.87963470,2.79000000,0.80539490,1.26000000,5.00000000,39420,53649,14229,0.73477604,2663,10331,warning_stem_collisions,96932,11.48176498,4049,1701,23.93973821,22.44499633,0.02602856,22,0.22696323,15483,0.13773073,4921164,661086,0.13433529,success,617,2149,-0.55386840,1549,0.01670459,689,0.00743025,177,0.00190879,1612,0.01738399,884,0.00953316,,,0.00665380,0.02317506,-0.01652126,0.02982886,6391,92729,warning_stem_collisions,success,success,exact-then-unique-porter-1.0.0,baek-smart-porter-1.0.0
S2025-189,0001099800,EW,Edwards Lifesciences,0001099800-26-000009,2025,2026-02-25,1.0.3,0.3.0,1,12,0.25464191,47125,2312,10,0.00432526,success,24,0.05031447,14,0.02935010,6,0.01257862,0,0.00000000,3,0.00628931,477,success,5,26,0.01048218,0.05450734,-0.67741935,0.06498952,-0.04402516,69,success,2.55044643,2.35000000,0.74209211,1.50000000,4.89000000,224,289,65,0.77508651,146,48,warning_stem_collisions,2.86085087,2.76000000,0.80100826,1.26000000,5.00000000,18675,25111,6436,0.74369798,2129,4449,warning_stem_collisions,46879,10.75532509,2312,1000,20.27638408,20.98130534,0.03248789,12,0.25597816,8368,0.15146524,3049648,319247,0.10468323,success,284,950,-0.53970827,861,0.01926174,408,0.00912752,80,0.00178971,622,0.01391499,373,0.00834452,,,0.00635347,0.02125280,-0.01489933,0.02760626,2979,44700,warning_stem_collisions,success,success,exact-then-unique-porter-1.0.0,baek-smart-porter-1.0.0
S2025-190,0000105770,WST,West Pharmaceutical Services,0000105770-26-000010,2025,2026-02-17,1.0.3,0.3.0,0,0,0.00000000,34750,1733,0,0.00000000,success,,,,,,,,,,,0,warning_denominator_zero,,,,,,,,,warning_denominator_zero,,,,,,0,0,0,,0,0,warning_denominator_zero,2.87695086,2.82000000,0.79157226,1.19000000,5.00000000,13676,18094,4418,0.75583066,1749,3436,warning_stem_collisions,34609,10.45186904,1733,692,19.97057126,20.62727731,0.03932503,0,0.00000000,9143,0.20897330,2705982,232607,0.08596029,success,170,668,-0.59427208,552,0.01684056,249,0.00759656,60,0.00183050,386,0.01177619,326,0.00994570,,,0.00518641,0.02037952,-0.01519312,0.02556593,2031,32778,warning_denominator_zero,warning_denominator_zero,success,exact-then-unique-porter-1.0.0,baek-smart-porter-1.0.0
S2025-191,0000875320,VRTX,Vertex Pharmaceuticals,0000875320-26-000056,2025,2026-02-13,1.0.3,0.3.0,1,8,0.13851854,57754,5314,7,0.00131728,success,3,0.02970297,2,0.01980198,1,0.00990099,0,0.00000000,0,0.00000000,101,success,2,5,0.01980198,0.04950495,-0.42857143,0.06930693,-0.02970297,12,success,2.73553191,2.52000000,0.80196782,1.62000000,4.87000000,47,57,10,0.82456140,31,9,warning_stem_collisions,2.87264987,2.77000000,0.80130201,1.19000000,5.00000000,21986,30275,8289,0.72620974,2308,5292,warning_stem_collisions,57662,10.96235366,5314,3835,10.85095973,16.25716724,0.02871909,8,0.13873955,8153,0.12387754,5031479,391458,0.07780178,success,409,976,-0.40938628,883,0.01596341,434,0.00784611,148,0.00267563,615,0.01111834,419,0.00757494,,,0.00739415,0.01764472,-0.01025057,0.02503887,3281,55314,warning_stem_collisions,success,success,exact-then-unique-porter-1.0.0,baek-smart-porter-1.0.0
S2025-192,0001551152,ABBV,AbbVie,0001551152-26-000008,2025,2026-02-20,1.0.3,0.3.0,1,7,0.14106362,49623,2553,6,0.00235018,success,9,0.06818182,1,0.00757576,7,0.05303030,0,0.00000000,3,0.02272727,132,success,5,8,0.03787879,0.06060606,-0.23076923,0.09848485,-0.02272727,25,success,2.54431373,2.36000000,0.71691402,1.63000000,4.26000000,51,80,29,0.63750000,39,17,warning_stem_collisions,2.87120226,2.74000000,0.80651159,1.19000000,5.00000000,19638,27558,7920,0.71260614,2280,4923,warning_stem_collisions,49627,10.81229032,2553,917,19.43869957,20.78988479,0.03266367,7,0.14105225,12636,0.20294557,3794601,339071,0.08935617,success,384,887,-0.39575138,874,0.01859100,389,0.00827448,118,0.00251000,588,0.01250744,406,0.00863609,,,0.00816813,0.01886752,-0.01069940,0.02703565,3062,47012,warning_stem_collisions,success,success,exact-then-unique-porter-1.0.0,baek-smart-porter-1.0.0
S2025-193,0000014272,BMY,Bristol Myers Squibb,0000014272-26-000004,2025,2026-02-11,1.0.3,0.3.0,1,14,0.22920009,61082,3071,10,0.00325627,success,10,0.02808989,7,0.01966292,6,0.01685393,0,0.00000000,5,0.01404494,356,success,7,14,0.01966292,0.03932584,-0.33333333,0.05898876,-0.01966292,42,success,2.71948387,2.56000000,0.78246574,1.30000000,4.89000000,155,212,57,0.73113208,117,35,warning_stem_collisions,2.88208773,2.79000000,0.80390000,1.26000000,5.00000000,23389,32875,9486,0.71145247,2395,6145,warning_stem_collisions,61260,11.02288238,3071,1095,19.94789971,21.27268620,0.02810970,14,0.22853412,18361,0.23060499,3845281,414344,0.10775389,success,530,1212,-0.39150402,1000,0.01704826,471,0.00802973,130,0.00221627,941,0.01604242,459,0.00782515,,,0.00903558,0.02066250,-0.01162692,0.02969808,4032,58657,warning_stem_collisions,success,success,exact-then-unique-porter-1.0.0,baek-smart-porter-1.0.0
S2025-194,0000885725,BSX,Boston Scientific,0000885725-26-000010,2025,2026-02-17,1.0.3,0.3.0,1,8,0.14746000,54252,2392,6,0.00250836,success,6,0.02777778,0,0.00000000,2,0.00925926,0,0.00000000,0,0.00000000,216,success,6,6,0.02777778,0.02777778,0.00000000,0.05555556,0.00000000,18,success,2.76348837,2.61000000,0.77201001,1.54000000,4.68000000,86,125,39,0.68800000,68,28,warning_stem_collisions,2.85010444,2.74000000,0.80156445,1.19000000,4.96000000,22022,29173,7151,0.75487608,2284,5260,warning_stem_collisions,54219,10.90078668,2392,903,22.66680602,22.06069554,0.02515723,8,0.14754975,12261,0.18443141,3187618,366693,0.11503668,success,335,1185,-0.55921053,1031,0.01972715,445,0.00851463,124,0.00237262,650,0.01243710,513,0.00981574,,,0.00640989,0.02267378,-0.01626390,0.02908367,3556,52263,warning_stem_collisions,success,success,exact-then-unique-porter-1.0.0,baek-smart-porter-1.0.0
S2025-195,0001964738,SOLV,Solventum,0001964738-26-000007,2025,2026-02-27,1.0.3,0.3.0,1,29,0.50926332,56945,2491,18,0.00722601,success,11,0.01148225,15,0.01565762,7,0.00730689,3,0.00313152,8,0.00835073,958,success,7,27,0.00730689,0.02818372,-0.58823529,0.03549061,-0.02087683,71,success,2.80419619,2.62000000,0.76938125,1.50000000,4.83000000,367,567,200,0.64726631,222,122,warning_stem_collisions,2.85904673,2.76000000,0.79812433,1.04000000,5.00000000,22491,31142,8651,0.72220795,2367,5871,warning_stem_collisions,57115,10.95282206,2491,1085,22.92854275,22.23933629,0.02545741,29,0.50774753,7729,0.11919376,3086309,391214,0.12675788,success,362,1267,-0.55555556,1046,0.01920182,569,0.01044535,133,0.00244153,889,0.01631971,520,0.00954584,,,0.00664537,0.02325880,-0.01661343,0.02990417,3998,54474,warning_stem_collisions,success,success,exact-then-unique-porter-1.0.0,baek-smart-porter-1.0.0
S2025-196,0001682852,MRNA,Moderna,0001682852-26-000033,2025,2026-02-20,1.0.3,0.3.0,1,55,0.65644208,83785,3628,38,0.01047409,success,22,0.02044610,14,0.01301115,15,0.01394052,2,0.00185874,10,0.00929368,1076,success,19,23,0.01765799,0.02137546,-0.09523810,0.03903346,-0.00371747,89,success,2.82744444,2.72000000,0.81025478,1.50000000,4.93000000,450,638,188,0.70532915,274,99,warning_stem_collisions,2.84591027,2.74000000,0.79650755,1.04000000,5.00000000,32117,44720,12603,0.71817979,3059,8216,warning_stem_collisions,84026,11.33888155,3628,1577,23.16041896,21.13249026,0.02564682,55,0.65455930,6176,0.06846855,2677412,568115,0.21218811,success,784,2035,-0.44377439,1726,0.02135795,1063,0.01315382,222,0.00274708,1099,0.01359930,761,0.00941680,,,0.00970141,0.02518159,-0.01548018,0.03488300,6333,80813,warning_stem_collisions,success,success,exact-then-unique-porter-1.0.0,baek-smart-porter-1.0.0
S2025-197,0001156039,ELV,Elevance Health,0001156039-26-000013,2025,2026-02-06,1.0.3,0.3.0,1,20,0.27209033,73505,3287,15,0.00456343,success,38,0.03417266,29,0.02607914,14,0.01258993,3,0.00269784,11,0.00989209,1112,success,24,45,0.02158273,0.04046763,-0.30434783,0.06205036,-0.01888489,143,success,2.60447423,2.48000000,0.73393922,1.30000000,4.80000000,485,648,163,0.74845679,280,123,warning_stem_collisions,2.82589482,2.72000000,0.77945643,1.26000000,5.00000000,29397,39864,10467,0.73743227,2383,7866,warning_stem_collisions,73229,11.20134680,3287,1407,22.27836933,21.78704445,0.03644731,20,0.27311584,11602,0.13676604,3760011,498447,0.13256530,success,506,1424,-0.47564767,1247,0.01789224,491,0.00704498,137,0.00196571,1136,0.01629959,717,0.01028768,,,0.00726021,0.02043188,-0.01317168,0.02769209,4713,69695,warning_stem_collisions,success,success,exact-then-unique-porter-1.0.0,baek-smart-porter-1.0.0
S2025-198,0001037646,MTD,Mettler Toledo,0001037646-26-000011,2025,2026-02-06,1.0.3,0.3.0,1,12,0.31412790,38201,2122,8,0.00377003,success,5,0.02127660,6,0.02553191,4,0.01702128,3,0.01276596,1,0.00425532,235,success,1,7,0.00425532,0.02978723,-0.75000000,0.03404255,-0.02553191,23,success,2.93202381,2.89000000,0.71981277,1.47000000,4.87000000,84,117,33,0.71794872,66,23,warning_stem_collisions,2.90490681,2.83000000,0.81138829,1.23000000,5.00000000,14969,19931,4962,0.75104109,1892,3742,warning_stem_collisions,38271,10.55244771,2122,1020,18.03534402,19.71833107,0.04478587,12,0.31355334,8171,0.17593988,2708862,258164,0.09530349,success,252,635,-0.43179256,691,0.01918059,328,0.00910454,70,0.00194304,262,0.00727253,273,0.00757786,,,0.00699495,0.01762616,-0.01063121,0.02462111,2104,36026,warning_stem_collisions,success,success,exact-then-unique-porter-1.0.0,baek-smart-porter-1.0.0
S2025-199,0001136869,ZBH,Zimmer Biomet,0001193125-26-059853,2025,2026-02-20,1.0.3,0.3.0,1,25,0.35887056,69663,2959,16,0.00540723,success,13,0.01978691,9,0.01369863,2,0.00304414,0,0.00000000,9,0.01369863,657,success,3,18,0.00456621,0.02739726,-0.71428571,0.03196347,-0.02283105,52,success,3.00728477,2.93000000,0.81395847,1.50000000,4.97000000,302,433,131,0.69745958,102,102,warning_stem_collisions,2.86922553,2.76000000,0.81475662,1.19000000,5.00000000,27580,36754,9174,0.75039451,2136,6794,warning_stem_collisions,69632,11.15097951,2959,912,23.53227442,21.54689771,0.03071864,25,0.35903033,10472,0.13073005,6952618,467952,0.06730587,success,454,1356,-0.49834254,1361,0.02036571,498,0.00745197,143,0.00213982,738,0.01104328,449,0.00671874,,,0.00679356,0.02029090,-0.01349734,0.02708446,4293,66828,warning_stem_collisions,success,success,exact-then-unique-porter-1.0.0,baek-smart-porter-1.0.0
S2025-200,0000920148,LH,Labcorp,0000920148-26-000111,2025,2026-02-24,1.0.3,0.3.0,1,22,0.50034114,43970,2415,16,0.00662526,success,14,0.02978723,5,0.01063830,9,0.01914894,1,0.00212766,4,0.00851064,470,success,11,13,0.02340426,0.02765957,-0.08333333,0.05106383,-0.00425532,48,success,2.80156863,2.64500000,0.81961941,1.30000000,4.64000000,204,282,78,0.72340426,137,47,warning_stem_collisions,2.88521271,2.79000000,0.80511080,1.25000000,5.00000000,17183,23861,6678,0.72012908,2001,4718,warning_stem_collisions,43947,10.69073964,2415,1099,18.19751553,21.25415706,0.03340387,22,0.50060300,12928,0.22730549,3104588,301911,0.09724672,success,290,1062,-0.57100592,776,0.01869249,329,0.00792504,80,0.00192706,715,0.01722311,361,0.00869586,,,0.00698560,0.02558173,-0.01859614,0.03256733,3067,41514,warning_stem_collisions,success,success,exact-then-unique-porter-1.0.0,baek-smart-porter-1.0.0
S2025-201,0001090872,A,Agilent Technologies,0001090872-25-000087,2025,2025-12-22,1.0.3,0.3.0,1,22,0.33683953,65313,3186,17,0.00533584,success,27,0.04830054,17,0.03041145,18,0.03220036,2,0.00357782,3,0.00536673,559,success,5,39,0.00894454,0.06976744,-0.77272727,0.07871199,-0.06082290,92,success,2.55410480,2.44000000,0.70206353,1.30000000,4.69000000,229,304,75,0.75328947,131,52,warning_stem_collisions,2.90088217,2.81000000,0.78303178,1.26000000,5.00000000,26911,35601,8690,0.75590573,2201,6541,warning_stem_collisions,65233,11.08572075,3186,1159,20.47489014,20.62735173,0.03786427,22,0.33725262,10046,0.13345023,3706984,444249,0.11984109,success,392,1091,-0.47134187,968,0.01561542,439,0.00708179,109,0.00175835,633,0.01021132,533,0.00859816,,,0.00632360,0.01759961,-0.01127601,0.02392321,3526,61990,warning_stem_collisions,success,success,exact-then-unique-porter-1.0.0,baek-smart-porter-1.0.0
S2025-202,0000927653,MCK,McKesson Corporation,0000927653-25-000036,2025,2025-05-09,1.0.3,0.3.0,1,24,0.38366238,62555,3016,19,0.00629973,success,20,0.03642987,15,0.02732240,13,0.02367942,1,0.00182149,7,0.01275046,549,success,8,13,0.01457195,0.02367942,-0.23809524,0.03825137,-0.00910747,63,success,2.56901961,2.45000000,0.69357487,1.50000000,4.41000000,204,291,87,0.70103093,139,54,warning_stem_collisions,2.87281245,2.76000000,0.79968474,1.26000000,5.00000000,24964,33452,8488,0.74626330,2170,6110,warning_stem_collisions,62127,11.03693596,3016,1292,20.59913793,20.63923132,0.04017577,24,0.38630547,10200,0.14102617,3459682,423152,0.12230951,success,293,1493,-0.67189250,1004,0.01710042,420,0.00715356,70,0.00119226,886,0.01509061,474,0.00807331,,,0.00499046,0.02542921,-0.02043875,0.03041968,3838,58712,warning_stem_collisions,success,success,exact-then-unique-porter-1.0.0,baek-smart-porter-1.0.0
S2025-203,0000001800,ABT,Abbott Laboratories,0001628280-26-010185,2025,2026-02-20,1.0.3,0.3.0,1,1,0.02756416,36279,1962,1,0.00050968,success,1,0.02272727,0,0.00000000,1,0.02272727,0,0.00000000,0,0.00000000,44,success,0,2,0.00000000,0.04545455,-1.00000000,0.04545455,-0.04545455,3,success,2.73900000,2.74000000,0.63403391,1.81000000,4.34000000,20,24,4,0.83333333,17,3,warning_stem_collisions,2.90490204,2.82000000,0.79223121,1.30000000,5.00000000,14394,20232,5838,0.71144721,1888,3730,warning_stem_collisions,35932,10.48938354,1962,819,18.31396534,20.06620814,0.04505733,1,0.02783035,9663,0.21193113,2656022,248714,0.09364154,success,199,673,-0.54357798,525,0.01560596,196,0.00582622,90,0.00267531,470,0.01397105,268,0.00796647,,,0.00591540,0.02000535,-0.01408995,0.02592075,2066,33641,warning_stem_collisions,success,success,exact-then-unique-porter-1.0.0,baek-smart-porter-1.0.0
S2025-204,0000318154,AMGN,Amgen,0000318154-26-000010,2025,2026-02-13,1.0.3,0.3.0,1,34,0.41493270,81941,3821,20,0.00523423,success,10,0.01381215,9,0.01243094,6,0.00828729,0,0.00000000,4,0.00552486,724,success,5,27,0.00690608,0.03729282,-0.68750000,0.04419890,-0.03038674,54,success,2.80811189,2.62000000,0.84846422,1.55000000,5.00000000,286,421,135,0.67933492,193,84,warning_stem_collisions,2.88148347,2.81000000,0.79938428,1.19000000,5.00000000,30314,43103,12789,0.70329211,2660,8118,warning_stem_collisions,82426,11.31965620,3821,1494,21.57183983,20.66258698,0.04018150,34,0.41249120,14647,0.15088645,3761124,550116,0.14626372,success,502,2015,-0.60111244,1292,0.01654650,641,0.00820921,123,0.00157525,1419,0.01817297,578,0.00740238,,,0.00642906,0.02580587,-0.01937682,0.03223493,5496,78083,warning_stem_collisions,success,success,exact-then-unique-porter-1.0.0,baek-smart-porter-1.0.0
S2025-205,0000723254,CTAS,Cintas,0000723254-25-000017,2025,2025-07-28,1.0.3,0.3.0,1,9,0.32372936,27801,1399,7,0.00500357,success,10,0.05235602,0,0.00000000,5,0.02617801,0,0.00000000,1,0.00523560,191,success,3,10,0.01570681,0.05235602,-0.53846154,0.06806283,-0.03664921,24,success,2.44064935,2.32000000,0.63124148,1.50000000,4.72000000,77,102,25,0.75490196,60,15,warning_stem_collisions,2.84943165,2.74000000,0.80651989,1.26000000,5.00000000,10944,14881,3937,0.73543445,1575,2964,warning_stem_collisions,27837,10.23412135,1399,477,19.89778413,20.34207296,0.04066530,9,0.32331070,6449,0.18809427,1996179,186999,0.09367847,success,136,440,-0.52777778,525,0.01989390,303,0.01148162,50,0.00189466,300,0.01136794,222,0.00841228,,,0.00515347,0.01667298,-0.01151951,0.02182645,1584,26390,warning_stem_collisions,success,success,exact-then-unique-porter-1.0.0,baek-smart-porter-1.0.0
S2025-206,0000202058,LHX,L3Harris,0000202058-25-000023,2025,2025-02-14,1.0.3,0.3.0,1,6,0.12100190,49586,4711,5,0.00106135,success,3,0.05660377,0,0.00000000,2,0.03773585,0,0.00000000,0,0.00000000,53,success,1,1,0.01886792,0.01886792,0.00000000,0.03773585,0.00000000,5,success,2.96434783,2.93000000,0.85188194,1.63000000,4.62000000,23,34,11,0.67647059,22,5,warning_stem_collisions,2.86391501,2.81000000,0.79534825,1.19000000,5.00000000,18991,25542,6551,0.74352048,2026,4602,warning_stem_collisions,49172,10.80307963,4711,3435,10.43769900,15.84271702,0.04724233,6,0.12202066,8839,0.15236765,7006660,336619,0.04804272,success,207,940,-0.63905841,799,0.01726112,353,0.00762600,64,0.00138262,697,0.01505757,398,0.00859816,,,0.00447190,0.02030720,-0.01583530,0.02477911,2879,46289,warning_stem_collisions,success,success,exact-then-unique-porter-1.0.0,baek-smart-porter-1.0.0
S2025-207,0001050915,PWR,Quanta Services,0001050915-26-000006,2025,2026-02-19,1.0.3,0.3.0,1,3,0.04312761,69561,2821,2,0.00070897,success,1,0.01000000,0,0.00000000,0,0.00000000,0,0.00000000,0,0.00000000,100,success,0,7,0.00000000,0.07000000,-1.00000000,0.07000000,-0.07000000,8,success,2.73893617,2.67000000,0.72739768,1.54000000,4.57000000,47,58,11,0.81034483,43,9,warning_stem_collisions,2.83388740,2.74000000,0.78849255,1.19000000,5.00000000,27548,36761,9213,0.74938114,2250,7283,warning_stem_collisions,69216,11.14498733,2821,1197,24.53598015,22.86426922,0.02379508,3,0.04334258,10830,0.13529720,2975701,473290,0.15905160,success,335,1620,-0.65728900,1415,0.02117249,680,0.01017477,117,0.00175066,928,0.01388556,660,0.00987551,,,0.00501257,0.02423989,-0.01922732,0.02925245,4783,66832,warning_stem_collisions,success,success,exact-then-unique-porter-1.0.0,baek-smart-porter-1.0.0
S2025-208,0000100885,UNP,Union Pacific Corporation,0000100885-26-000037,2025,2026-02-06,1.0.3,0.3.0,1,1,0.02474819,40407,1884,1,0.00053079,success,2,0.07407407,0,0.00000000,1,0.03703704,0,0.00000000,0,0.00000000,27,success,0,2,0.00000000,0.07407407,-1.00000000,0.07407407,-0.07407407,4,success,2.31916667,2.24500000,0.38239287,1.63000000,3.07000000,12,17,5,0.70588235,12,2,warning_stem_collisions,2.93880352,2.82000000,0.84590850,1.19000000,5.00000000,16348,21362,5014,0.76528415,2112,3763,warning_stem_collisions,40223,10.60219425,1884,731,21.34978769,21.15272408,0.03343858,1,0.02486140,7890,0.16398894,2185539,269939,0.12351141,success,301,723,-0.41210938,665,0.01731771,320,0.00833333,118,0.00307292,412,0.01072917,268,0.00697917,,,0.00783854,0.01882813,-0.01098958,0.02666667,2346,38400,warning_stem_collisions,success,success,exact-then-unique-porter-1.0.0,baek-smart-porter-1.0.0
S2025-209,0000823768,WM,Waste Management,0001104659-26-012049,2025,2026-02-09,1.0.3,0.3.0,1,12,0.14453130,83027,3807,11,0.00288941,success,17,0.04282116,9,0.02267003,5,0.01259446,1,0.00251889,0,0.00000000,397,success,7,18,0.01763224,0.04534005,-0.44000000,0.06297229,-0.02770781,51,success,2.60312500,2.48000000,0.72773770,1.30000000,4.90000000,176,232,56,0.75862069,110,35,warning_stem_collisions,2.90222806,2.83000000,0.81626452,1.19000000,5.00000000,33325,44203,10878,0.75390811,2383,8168,warning_stem_collisions,82573,11.32143803,3807,1110,21.68978198,21.94895948,0.02671575,12,0.14532595,17302,0.17323655,4648452,559226,0.12030371,success,342,1493,-0.62724796,1297,0.01633604,513,0.00646136,168,0.00211600,968,0.01219220,851,0.01071856,,,0.00430758,0.01880471,-0.01449713,0.02311229,4771,79395,warning_stem_collisions,success,success,exact-then-unique-porter-1.0.0,baek-smart-porter-1.0.0
S2025-210,0000943452,WAB,Wabtec,0001628280-26-008067,2025,2026-02-13,1.0.3,0.3.0,1,2,0.05149065,38842,1926,2,0.00103842,success,1,0.01754386,0,0.00000000,1,0.01754386,1,0.01754386,0,0.00000000,57,success,3,0,0.05263158,0.00000000,1.00000000,0.05263158,0.05263158,5,success,3.01967742,3.11000000,0.84452500,1.82000000,4.90000000,31,33,2,0.93939394,26,1,warning_stem_collisions,2.93971492,2.86000000,0.84052357,1.04000000,5.00000000,15855,21240,5385,0.74646893,1972,3967,warning_stem_collisions,38656,10.56245728,1926,752,20.07061267,21.28842816,0.03401800,2,0.05173841,8652,0.18288662,2490117,265056,0.10644319,success,337,714,-0.35870599,695,0.01885922,265,0.00719093,83,0.00225225,373,0.01012157,294,0.00797786,,,0.00914469,0.01937480,-0.01023011,0.02851948,2353,36852,warning_stem_collisions,success,success,exact-then-unique-porter-1.0.0,baek-smart-porter-1.0.0
S2025-211,0001069202,LII,Lennox International,0001069202-26-000028,2025,2026-02-17,1.0.3,0.3.0,1,16,0.46671723,34282,1941,12,0.00618238,success,17,0.04913295,9,0.02601156,9,0.02601156,0,0.00000000,2,0.00578035,346,success,7,22,0.02023121,0.06358382,-0.51724138,0.08381503,-0.04335260,56,success,2.55021277,2.44000000,0.72305937,1.30000000,4.87000000,141,193,52,0.73056995,107,36,warning_stem_collisions,2.90481649,2.86000000,0.81006409,1.19000000,5.00000000,13678,18172,4494,0.75269646,1819,3303,warning_stem_collisions,34234,10.44097458,1941,853,17.63730036,19.47922748,0.03718525,16,0.46737162,9980,0.22572036,2776206,228611,0.08234655,success,213,634,-0.49704841,544,0.01669019,236,0.00724060,58,0.00177947,311,0.00954163,248,0.00760876,,,0.00653495,0.01945143,-0.01291649,0.02598638,1859,32594,warning_stem_collisions,success,success,exact-then-unique-porter-1.0.0,baek-smart-porter-1.0.0
S2025-212,0000072331,NDSN,Nordson Corporation,0000072331-25-000144,2025,2025-12-17,1.0.3,0.3.0,1,8,0.24837007,32210,1680,5,0.00297619,success,11,0.05851064,2,0.01063830,7,0.03723404,0,0.00000000,0,0.00000000,188,success,1,17,0.00531915,0.09042553,-0.88888889,0.09574468,-0.08510638,30,success,2.46025974,2.41000000,0.69346668,1.30000000,4.25000000,77,104,27,0.74038462,61,18,warning_stem_collisions,2.86605317,2.75000000,0.79788933,1.25000000,5.00000000,13165,17372,4207,0.75782869,1941,3114,warning_stem_collisions,32025,10.37427213,1680,764,19.06250000,20.82374207,0.03481655,8,0.24980484,9256,0.22421937,2748028,217981,0.07932270,success,227,587,-0.44226044,578,0.01891052,260,0.00850646,52,0.00170129,320,0.01046949,267,0.00873548,,,0.00742680,0.01920497,-0.01177818,0.02663177,1933,30565,warning_stem_collisions,success,success,exact-then-unique-porter-1.0.0,baek-smart-porter-1.0.0
S2025-213,0001043277,CHRW,C.H. Robinson,0001043277-26-000009,2025,2026-02-13,1.0.3,0.3.0,1,52,1.41124108,36847,1933,37,0.01914123,success,41,0.03344209,14,0.01141925,14,0.01141925,1,0.00081566,3,0.00244698,1226,success,26,26,0.02120718,0.02120718,0.00000000,0.04241436,0.00000000,108,success,2.81595506,2.67500000,0.83446305,1.30000000,4.93000000,534,698,164,0.76504298,294,105,warning_stem_collisions,2.94441564,2.85000000,0.83032581,1.19000000,5.00000000,15239,19972,4733,0.76301823,2005,3496,warning_stem_collisions,36902,10.51602103,1933,702,19.09053285,20.10034091,0.03341282,52,1.40913772,6795,0.15550267,2117578,250842,0.11845703,success,279,691,-0.42474227,566,0.01603536,266,0.00753605,46,0.00130323,398,0.01127575,270,0.00764938,,,0.00790435,0.01957673,-0.01167238,0.02748109,2144,35297,warning_stem_collisions,success,success,exact-then-unique-porter-1.0.0,baek-smart-porter-1.0.0
S2025-214,0000277135,GWW,W. W. Grainger,0000277135-26-000011,2025,2026-02-19,1.0.3,0.3.0,1,27,1.05390530,25619,1445,19,0.01314879,success,35,0.03252788,23,0.02137546,18,0.01672862,3,0.00278810,11,0.01022305,1076,success,11,67,0.01022305,0.06226766,-0.71794872,0.07249071,-0.05204461,141,success,2.73943946,2.57000000,0.77667216,1.30000000,4.93000000,446,662,216,0.67371601,276,150,warning_stem_collisions,2.89354602,2.83000000,0.81504202,1.04000000,5.00000000,10203,14258,4055,0.71559826,1668,2686,warning_stem_collisions,25704,10.15440190,1445,581,17.78823529,20.35398921,0.03334111,27,1.05042017,9099,0.26144298,1877600,176882,0.09420643,success,130,612,-0.64959569,535,0.02208645,257,0.01060975,42,0.00173389,234,0.00966024,208,0.00858688,,,0.00536680,0.02526524,-0.01989844,0.03063204,1666,24223,warning_stem_collisions,success,success,exact-then-unique-porter-1.0.0,baek-smart-porter-1.0.0
S2025-215,0000773840,HON,Honeywell Technologies,0000773840-26-000013,2025,2026-02-17,1.0.3,0.3.0,1,28,0.59522544,47041,2740,16,0.00583942,success,26,0.02387511,25,0.02295684,18,0.01652893,0,0.00000000,7,0.00642792,1089,success,12,58,0.01101928,0.05325987,-0.65714286,0.06427916,-0.04224059,119,success,2.74471698,2.67000000,0.75585498,1.26000000,4.93000000,477,628,151,0.75955414,234,115,warning_stem_collisions,2.88336133,2.82000000,0.79306644,1.19000000,5.00000000,19290,25795,6505,0.74781934,2089,4542,warning_stem_collisions,47043,10.75881736,2740,1227,17.16897810,21.47556473,0.03605212,28,0.59520014,20794,0.30652889,5132529,325300,0.06338006,success,270,890,-0.53448276,738,0.01654078,264,0.00591703,107,0.00239819,581,0.01302194,388,0.00869624,,,0.00605151,0.01994755,-0.01389605,0.02599906,2809,44617,warning_stem_collisions,success,success,exact-then-unique-porter-1.0.0,baek-smart-porter-1.0.0
S2025-216,0001501585,HII,Huntington Ingalls Industries,0001501585-26-000006,2025,2026-02-05,1.0.3,0.3.0,1,27,0.54754517,49311,2379,16,0.00672551,success,13,0.02090032,21,0.03376206,7,0.01125402,1,0.00160772,1,0.00160772,622,success,7,23,0.01125402,0.03697749,-0.53333333,0.04823151,-0.02572347,65,success,2.70015686,2.52000000,0.72368066,1.50000000,4.93000000,255,355,100,0.71830986,165,71,warning_stem_collisions,2.90220890,2.85000000,0.80615148,1.04000000,5.00000000,19933,26685,6752,0.74697396,2155,4854,warning_stem_collisions,49281,10.80529389,2379,938,20.71500631,21.12143258,0.03185812,27,0.54787849,9890,0.16714269,3019336,334828,0.11089458,success,273,1070,-0.59344751,891,0.01894173,385,0.00818470,77,0.00163694,915,0.01945194,389,0.00826973,,,0.00580369,0.02274708,-0.01694339,0.02855078,3436,47039,warning_stem_collisions,success,success,exact-then-unique-porter-1.0.0,baek-smart-porter-1.0.0
S2025-217,0001783180,CARR,Carrier Global,0001783180-26-000008,2025,2026-02-05,1.0.3,0.3.0,0,0,0.00000000,48052,2152,0,0.00000000,success,,,,,,,,,,,0,warning_denominator_zero,,,,,,,,,warning_denominator_zero,,,,,,0,0,0,,0,0,warning_denominator_zero,2.88746897,2.82000000,0.80472494,1.26000000,5.00000000,19178,25658,6480,0.74744719,2083,4707,warning_stem_collisions,47929,10.77747603,2152,866,22.27184015,22.01432432,0.02749901,0,0.00000000,11365,0.19167201,3020109,324475,0.10743818,success,345,1081,-0.51612903,917,0.01994475,434,0.00943950,113,0.00245775,655,0.01424625,360,0.00783000,,,0.00750375,0.02351176,-0.01600800,0.03101551,3216,45977,warning_denominator_zero,warning_denominator_zero,success,exact-then-unique-porter-1.0.0,baek-smart-porter-1.0.0
S2025-218,0001133421,NOC,Northrop Grumman,0001133421-26-000003,2025,2026-01-27,1.0.3,0.3.0,1,9,0.20415570,44084,2337,9,0.00385109,success,12,0.04181185,2,0.00696864,7,0.02439024,0,0.00000000,8,0.02787456,287,success,11,11,0.03832753,0.03832753,0.00000000,0.07665505,0.00000000,42,success,2.64030075,2.59000000,0.66991071,1.54000000,4.41000000,133,174,41,0.76436782,86,38,warning_stem_collisions,2.86143423,2.79000000,0.78970754,1.19000000,5.00000000,17682,23813,6131,0.74253559,2106,4353,warning_stem_collisions,44242,10.69742984,2337,1130,18.93110826,20.03513198,0.03539623,9,0.20342661,11459,0.20572342,3035710,299814,0.09876240,success,260,961,-0.57411957,788,0.01871912,338,0.00802927,61,0.00144907,656,0.01558343,354,0.00840935,,,0.00617636,0.02282877,-0.01665241,0.02900513,2950,42096,warning_stem_collisions,success,success,exact-then-unique-porter-1.0.0,baek-smart-porter-1.0.0
S2025-219,0000746515,EXPD,Expeditors International,0001193125-26-071569,2025,2026-02-25,1.0.3,0.3.0,1,10,0.21971744,45513,2095,9,0.00429594,success,2,0.00716846,0,0.00000000,0,0.00000000,3,0.01075269,1,0.00358423,279,success,9,1,0.03225806,0.00358423,0.80000000,0.03584229,0.02867384,13,success,2.83242991,2.90000000,0.73454015,1.54000000,4.75000000,107,152,45,0.70394737,83,32,warning_stem_collisions,2.92736842,2.82000000,0.82854977,1.19000000,5.00000000,18183,24397,6214,0.74529655,1893,4606,warning_stem_collisions,45425,10.72381789,2095,774,21.68257757,21.03846446,0.02901486,10,0.22014309,4381,0.08796129,3013873,306292,0.10162737,success,270,674,-0.42796610,764,0.01755837,326,0.00749219,101,0.00232120,466,0.01070969,335,0.00769903,,,0.00620518,0.01548998,-0.00928479,0.02169516,2510,43512,warning_stem_collisions,success,success,exact-then-unique-porter-1.0.0,baek-smart-porter-1.0.0
S2025-220,0000101829,RTX,RTX Corporation,0000101829-26-000006,2025,2026-02-06,1.0.3,0.3.0,1,7,0.10267543,68176,2978,7,0.00235057,success,7,0.03111111,10,0.04444444,4,0.01777778,0,0.00000000,1,0.00444444,225,success,1,16,0.00444444,0.07111111,-0.88235294,0.07555556,-0.06666667,32,success,2.59357895,2.47000000,0.69105856,1.62000000,4.57000000,95,130,35,0.73076923,70,31,warning_stem_collisions,2.89077038,2.81000000,0.80773783,1.26000000,5.00000000,26701,36799,10098,0.72559037,2204,7218,warning_stem_collisions,68472,11.13418018,2978,951,22.99261249,21.43873495,0.03271410,7,0.10223157,12395,0.15327637,3685295,462430,0.12547978,success,415,1488,-0.56384656,1165,0.01779822,482,0.00736373,106,0.00161941,1165,0.01779822,633,0.00967062,,,0.00634014,0.02273283,-0.01639269,0.02907297,4720,65456,warning_stem_collisions,success,success,exact-then-unique-porter-1.0.0,baek-smart-porter-1.0.0
S2025-221,0001466258,TT,Trane Technologies,0001628280-26-005731,2025,2026-02-05,1.0.3,0.3.0,1,15,0.34729458,43191,2281,10,0.00438404,success,13,0.04113924,3,0.00949367,5,0.01582278,0,0.00000000,0,0.00000000,316,success,1,15,0.00316456,0.04746835,-0.87500000,0.05063291,-0.04430380,30,success,2.77867188,2.62000000,0.82116854,1.54000000,4.72000000,128,189,61,0.67724868,96,37,warning_stem_collisions,2.86651620,2.79000000,0.80241145,1.19000000,5.00000000,16947,22912,5965,0.73965608,2053,4369,warning_stem_collisions,43182,10.67317902,2281,917,18.93117054,21.01625129,0.03376407,15,0.34736696,13101,0.23277011,2824516,291862,0.10333169,success,284,892,-0.51700680,786,0.01910828,307,0.00746341,107,0.00260125,608,0.01478096,349,0.00848447,,,0.00690426,0.02168522,-0.01478096,0.02858949,2834,41134,warning_stem_collisions,success,success,exact-then-unique-porter-1.0.0,baek-smart-porter-1.0.0
S2025-222,0001442145,VRSK,Verisk Analytics,0001437749-26-004452,2025,2026-02-18,1.0.3,0.3.0,1,21,0.45071148,46593,2244,15,0.00668449,success,10,0.02364066,4,0.00945626,8,0.01891253,2,0.00472813,0,0.00000000,423,success,7,14,0.01654846,0.03309693,-0.33333333,0.04964539,-0.01654846,36,success,2.76873563,2.61000000,0.80358794,1.30000000,4.93000000,174,250,76,0.69600000,133,53,warning_stem_collisions,2.83714710,2.76000000,0.75728421,1.26000000,5.00000000,18539,24113,5574,0.76883839,2266,4118,warning_stem_collisions,46289,10.74265963,2244,873,20.62789661,20.85449676,0.04467584,21,0.45367150,10199,0.18055162,3400787,308559,0.09073165,success,335,973,-0.48776758,702,0.01604241,313,0.00715281,79,0.00180534,569,0.01300304,320,0.00731278,,,0.00765557,0.02223543,-0.01457986,0.02989099,2710,43759,warning_stem_collisions,success,success,exact-then-unique-porter-1.0.0,baek-smart-porter-1.0.0
S2025-223,0001967680,VLTO,Veralto,0001967680-26-000011,2025,2026-02-20,1.0.3,0.3.0,1,16,0.34258308,46704,2035,11,0.00540541,success,15,0.05050505,4,0.01346801,12,0.04040404,1,0.00336700,3,0.01010101,297,success,3,18,0.01010101,0.06060606,-0.71428571,0.07070707,-0.05050505,44,success,2.52792793,2.44000000,0.63237308,1.50000000,4.34000000,111,157,46,0.70700637,71,32,warning_stem_collisions,2.86694900,2.76000000,0.80690434,1.26000000,5.00000000,18489,25098,6609,0.73667224,2015,4762,warning_stem_collisions,46620,10.74978491,2035,915,22.90909091,22.43938942,0.02711283,16,0.34320034,6902,0.12895632,2439225,318394,0.13053080,success,282,1041,-0.57369615,780,0.01753913,278,0.00625112,97,0.00218115,569,0.01279457,392,0.00881453,,,0.00634107,0.02340799,-0.01706692,0.02974906,2946,44472,warning_stem_collisions,success,success,exact-then-unique-porter-1.0.0,baek-smart-porter-1.0.0
S2025-224,0000027904,DAL,Delta Air Lines,0000027904-26-000013,2025,2026-02-11,1.0.3,0.3.0,1,14,0.31733079,44118,2450,12,0.00489796,success,8,0.01990050,7,0.01741294,7,0.01741294,0,0.00000000,3,0.00746269,402,success,4,15,0.00995025,0.03731343,-0.57894737,0.04726368,-0.02736318,36,success,2.76759036,2.67000000,0.74017515,1.50000000,4.87000000,166,232,66,0.71551724,128,47,warning_stem_collisions,2.97895474,2.87000000,0.84649659,1.19000000,5.00000000,18053,23784,5731,0.75903969,2081,4163,warning_stem_collisions,44121,10.69469114,2450,964,18.00857143,19.04018616,0.03621858,14,0.31730922,10454,0.19155291,2534046,294729,0.11630768,success,277,650,-0.40237325,638,0.01519880,287,0.00683708,84,0.00200110,377,0.00898111,428,0.01019606,,,0.00659885,0.01548467,-0.00888582,0.02208352,2336,41977,warning_stem_collisions,success,success,exact-then-unique-porter-1.0.0,baek-smart-porter-1.0.0
S2025-225,0000084839,ROL,"Rollins, Inc.",0000084839-26-000008,2025,2026-02-12,1.0.3,0.3.0,1,10,0.25281893,39554,1961,9,0.00458950,success,11,0.04214559,4,0.01532567,6,0.02298851,1,0.00383142,1,0.00383142,261,success,1,12,0.00383142,0.04597701,-0.84615385,0.04980843,-0.04214559,29,success,2.61247312,2.45000000,0.74858383,1.62000000,4.93000000,93,140,47,0.66428571,66,35,warning_stem_collisions,2.87657994,2.80000000,0.80636197,1.19000000,5.00000000,15643,20873,5230,0.74943707,1958,3755,warning_stem_collisions,39438,10.58248510,1961,843,20.11116777,20.43132359,0.03871900,10,0.25356255,6308,0.13789184,2184782,265446,0.12149771,success,285,681,-0.40993789,614,0.01641755,259,0.00692532,107,0.00286104,498,0.01331586,271,0.00724618,,,0.00762052,0.01820904,-0.01058852,0.02582957,2295,37399,warning_stem_collisions,success,success,exact-then-unique-porter-1.0.0,baek-smart-porter-1.0.0
S2025-226,0000833444,JCI,Johnson Controls,0000833444-25-000097,2025,2025-11-14,1.0.3,0.3.0,1,19,0.34761609,54658,2341,14,0.00598035,success,34,0.03885714,11,0.01257143,11,0.01257143,2,0.00228571,4,0.00457143,875,success,14,51,0.01600000,0.05828571,-0.56923077,0.07428571,-0.04228571,110,success,2.66712821,2.54000000,0.76462792,1.30000000,4.89000000,390,520,130,0.75000000,244,99,warning_stem_collisions,2.90169953,2.80000000,0.82891230,1.26000000,5.00000000,21400,29889,8489,0.71598247,2228,5934,warning_stem_collisions,54760,10.91071528,2341,1009,23.39171294,22.42812549,0.02218773,19,0.34696859,9953,0.15380217,3101594,372559,0.12011856,success,338,1320,-0.59227986,1018,0.01932349,471,0.00894044,111,0.00210698,839,0.01592574,459,0.00871265,,,0.00641585,0.02505600,-0.01864014,0.03147185,3746,52682,warning_stem_collisions,success,success,exact-then-unique-porter-1.0.0,baek-smart-porter-1.0.0
S2025-227,0000878927,ODFL,Old Dominion,0001193125-26-067161,2025,2026-02-24,1.0.3,0.3.0,1,13,0.31763096,40928,1800,8,0.00444444,success,7,0.03181818,3,0.01363636,6,0.02727273,1,0.00454545,2,0.00909091,220,success,2,11,0.00909091,0.05000000,-0.69230769,0.05909091,-0.04090909,25,success,2.55164835,2.44000000,0.69171115,1.30000000,4.70000000,91,126,35,0.72222222,77,23,warning_stem_collisions,2.90673727,2.82000000,0.81634912,1.19000000,5.00000000,16100,21239,5139,0.75803946,1725,3777,warning_stem_collisions,40724,10.61457288,1800,681,22.62444444,20.79073970,0.03715254,13,0.31922208,5796,0.12459157,2585916,271742,0.10508539,success,203,810,-0.59921027,802,0.02070639,398,0.01027574,86,0.00222039,352,0.00908809,338,0.00872663,,,0.00524114,0.02091294,-0.01567180,0.02615408,2463,38732,warning_stem_collisions,success,success,exact-then-unique-porter-1.0.0,baek-smart-porter-1.0.0
S2025-228,0001579241,ALLE,Allegion,0001579241-26-000007,2025,2026-02-17,1.0.3,0.3.0,1,16,0.40112314,39888,1994,10,0.00501505,success,6,0.02521008,0,0.00000000,6,0.02521008,0,0.00000000,0,0.00000000,238,success,5,11,0.02100840,0.04621849,-0.37500000,0.06722689,-0.02521008,22,success,2.82240741,2.62500000,0.73334706,1.62000000,4.67000000,108,149,41,0.72483221,79,23,warning_stem_collisions,2.84036287,2.75000000,0.79712924,1.04000000,5.00000000,15846,21208,5362,0.74717088,1992,4046,warning_stem_collisions,39771,10.59089328,1994,887,19.94533601,21.06870957,0.03153051,16,0.40230319,8315,0.17291935,2495008,269908,0.10817921,success,289,753,-0.44529750,807,0.02121953,352,0.00925561,95,0.00249796,382,0.01004444,344,0.00904525,,,0.00759906,0.01979964,-0.01220057,0.02739870,2516,38031,warning_stem_collisions,success,success,exact-then-unique-porter-1.0.0,baek-smart-porter-1.0.0
S2025-229,0001260221,TDG,TransDigm Group,0001260221-25-000081,2025,2025-11-12,1.0.3,0.3.0,1,3,0.07596091,39494,1840,2,0.00108696,success,3,0.05454545,0,0.00000000,1,0.01818182,1,0.01818182,0,0.00000000,55,success,0,3,0.00000000,0.05454545,-1.00000000,0.05454545,-0.05454545,7,success,2.71285714,2.61500000,0.63811585,1.63000000,4.57000000,28,34,6,0.82352941,26,3,warning_stem_collisions,2.87623618,2.78000000,0.82010115,1.19000000,5.00000000,15734,20844,5110,0.75484552,1851,3821,warning_stem_collisions,39408,10.58172412,1840,760,21.41739130,21.97203511,0.03930674,3,0.07612667,13493,0.25506134,2542655,264126,0.10387803,success,185,569,-0.50928382,687,0.01837832,254,0.00679490,102,0.00272866,415,0.01110190,336,0.00898852,,,0.00494904,0.01522164,-0.01027260,0.02017067,2195,37381,warning_stem_collisions,success,success,exact-then-unique-porter-1.0.0,baek-smart-porter-1.0.0
S2025-230,0001336920,LDOS,Leidos,0001336920-25-000006,2025,2025-02-11,1.0.3,0.3.0,1,36,0.65542730,54926,2830,20,0.00706714,success,15,0.01807229,24,0.02891566,11,0.01325301,1,0.00120482,1,0.00120482,830,success,8,44,0.00963855,0.05301205,-0.69230769,0.06265060,-0.04337349,92,success,2.64527273,2.50000000,0.73116600,1.30000000,5.00000000,330,478,148,0.69037657,202,104,warning_stem_collisions,2.79616787,2.72000000,0.76749286,1.19000000,5.00000000,21826,29345,7519,0.74377236,2268,5901,warning_stem_collisions,55191,10.91855518,2830,1144,19.50212014,20.12008301,0.02389882,36,0.65228026,10379,0.15828885,2791115,374217,0.13407438,success,362,1538,-0.61894737,1065,0.01999662,592,0.01111549,101,0.00189639,1086,0.02039092,554,0.01040200,,,0.00679697,0.02887775,-0.02208078,0.03567472,4460,53259,warning_stem_collisions,success,success,exact-then-unique-porter-1.0.0,baek-smart-porter-1.0.0
S2025-231,0000018230,CAT,Caterpillar Inc.,0000018230-26-000008,2025,2026-02-13,1.0.3,0.3.0,1,2,0.04137446,48339,2563,1,0.00039017,success,1,0.02777778,0,0.00000000,0,0.00000000,0,0.00000000,0,0.00000000,36,success,0,0,0.00000000,0.00000000,,0.00000000,0.00000000,1,success,2.84250000,2.73000000,0.81049907,1.54000000,4.54000000,20,26,6,0.76923077,18,3,warning_stem_collisions,2.91509177,2.81000000,0.82796180,1.19000000,5.00000000,20105,26578,6473,0.75645271,2064,4839,warning_stem_collisions,48287,10.78491765,2563,1018,18.84003121,20.83798954,0.03359082,2,0.04141902,16501,0.25469223,6100469,327104,0.05361948,success,221,806,-0.56962025,806,0.01754615,303,0.00659613,81,0.00176332,432,0.00940439,331,0.00720568,,,0.00481104,0.01754615,-0.01273511,0.02235719,2548,45936,warning_stem_collisions,success,success,exact-then-unique-porter-1.0.0,baek-smart-porter-1.0.0
S2025-232,0000100517,UAL,United Airlines Holdings,0000100517-26-000023,2025,2026-02-12,1.0.3,0.3.0,1,15,0.29515358,50821,2234,9,0.00402865,success,10,0.02645503,3,0.00793651,8,0.02116402,0,0.00000000,3,0.00793651,378,success,3,19,0.00793651,0.05026455,-0.72727273,0.05820106,-0.04232804,35,success,2.67446541,2.52000000,0.79158518,1.30000000,4.87000000,159,225,66,0.70666667,130,44,warning_stem_collisions,2.94216950,2.83000000,0.83780421,1.19000000,5.00000000,20378,27420,7042,0.74318016,2284,4808,warning_stem_collisions,50907,10.83775572,2234,784,22.78737690,22.95716798,0.02771721,15,0.29465496,16124,0.24054542,2932877,342017,0.11661485,success,357,936,-0.44779582,900,0.01855249,442,0.00911134,102,0.00210262,454,0.00935870,487,0.01003896,,,0.00735916,0.01929459,-0.01193544,0.02665375,3094,48511,warning_stem_collisions,success,success,exact-then-unique-porter-1.0.0,baek-smart-porter-1.0.0
S2025-233,0000277948,CSX,CSX Corporation,0000277948-26-000006,2025,2026-02-12,1.0.3,0.3.0,1,2,0.05137558,38929,2639,2,0.00075786,success,2,0.02150538,2,0.02150538,2,0.02150538,0,0.00000000,1,0.01075269,93,success,2,10,0.02150538,0.10752688,-0.66666667,0.12903226,-0.08602151,16,success,2.59333333,2.44000000,0.74082537,1.65000000,4.90000000,48,59,11,0.81355932,42,8,warning_stem_collisions,3.01097396,2.90000000,0.85090366,1.19000000,5.00000000,15781,21603,5822,0.73050039,1932,3738,warning_stem_collisions,38903,10.56882665,2639,1375,14.74156878,18.30210305,0.04583194,2,0.05140992,9088,0.18936884,2513322,261949,0.10422421,success,150,580,-0.58904110,483,0.01331349,191,0.00526475,43,0.00118526,351,0.00967502,279,0.00769040,,,0.00413462,0.01598721,-0.01185259,0.02012183,1761,36279,warning_stem_collisions,success,success,exact-then-unique-porter-1.0.0,baek-smart-porter-1.0.0
S2025-234,0000815556,FAST,Fastenal,0000815556-26-000009,2025,2026-02-05,1.0.3,0.3.0,1,6,0.17345552,34591,1799,5,0.00277932,success,9,0.05113636,1,0.00568182,3,0.01704545,0,0.00000000,1,0.00568182,176,success,2,6,0.01136364,0.03409091,-0.50000000,0.04545455,-0.02272727,18,success,2.72518072,2.50000000,0.83130955,1.63000000,4.57000000,83,107,24,0.77570093,66,15,warning_stem_collisions,2.94375287,2.87000000,0.82343066,1.04000000,5.00000000,13936,18291,4355,0.76190476,2100,3304,warning_stem_collisions,34657,10.45325500,1799,651,19.26459144,19.74119254,0.02533399,6,0.17312520,6815,0.16432774,1988640,230317,0.11581634,success,317,486,-0.21046077,559,0.01671451,244,0.00729578,66,0.00197345,217,0.00648846,148,0.00442531,,,0.00947853,0.01453175,-0.00505322,0.02401029,1725,33444,warning_stem_collisions,success,success,exact-then-unique-porter-1.0.0,baek-smart-porter-1.0.0
S2025-235,0001659166,FTV,Fortive,0001659166-26-000007,2025,2026-02-25,1.0.3,0.3.0,1,21,0.47895997,43845,1905,12,0.00629921,success,10,0.02785515,7,0.01949861,7,0.01949861,3,0.00835655,2,0.00557103,359,success,6,17,0.01671309,0.04735376,-0.47826087,0.06406685,-0.03064067,44,success,2.48550388,2.35000000,0.71887397,1.30000000,4.64000000,129,191,62,0.67539267,92,44,warning_stem_collisions,2.81997695,2.73000000,0.78687540,1.04000000,5.00000000,17356,23155,5799,0.74955733,2012,4547,warning_stem_collisions,43712,10.68537794,1905,883,22.94593176,21.90121862,0.02880216,21,0.48041728,9058,0.17165056,2563597,296718,0.11574284,success,270,1140,-0.61702128,850,0.02023569,410,0.00976074,87,0.00207118,644,0.01533151,406,0.00966552,,,0.00642781,0.02713963,-0.02071182,0.03356743,3207,42005,warning_stem_collisions,success,success,exact-then-unique-porter-1.0.0,baek-smart-porter-1.0.0
S2025-236,0001524472,XYL,Xylem Inc.,0001524472-26-000012,2025,2026-02-25,1.0.3,0.3.0,1,16,0.32207416,49678,2371,14,0.00590468,success,25,0.02321263,22,0.02042711,9,0.00835655,1,0.00092851,7,0.00649954,1077,success,25,49,0.02321263,0.04549675,-0.32432432,0.06870938,-0.02228412,119,success,2.76544148,2.61000000,0.75602315,1.30000000,5.00000000,487,673,186,0.72362556,309,144,warning_stem_collisions,2.86250382,2.76000000,0.82099528,1.26000000,5.00000000,20281,26971,6690,0.75195580,2177,5196,warning_stem_collisions,49581,10.81136297,2371,965,20.91142978,21.30769248,0.02970896,16,0.32270426,11523,0.18858013,3537143,338167,0.09560456,success,390,975,-0.42857143,896,0.01884610,315,0.00662558,86,0.00180889,482,0.01013819,431,0.00906548,,,0.00820310,0.02050775,-0.01230465,0.02871085,3079,47543,warning_stem_collisions,success,success,exact-then-unique-porter-1.0.0,baek-smart-porter-1.0.0
S2025-237,0001609711,GDDY,GoDaddy,0001609711-26-000010,2025,2026-02-25,1.0.3,0.3.0,1,144,2.22122815,64829,2769,108,0.03900325,success,85,0.02391671,52,0.01463140,56,0.01575689,6,0.00168824,16,0.00450197,3554,success,59,64,0.01660101,0.01800788,-0.04065041,0.03460889,-0.00140687,270,success,2.76456366,2.61000000,0.77197047,1.23000000,4.97000000,1398,2010,612,0.69552239,494,407,warning_stem_collisions,2.83864122,2.74000000,0.79196372,1.19000000,5.00000000,24728,33369,8641,0.74104708,2523,6598,warning_stem_collisions,64715,11.07774829,2769,1165,23.37125316,20.91603871,0.02059801,144,2.22514100,7029,0.09797335,2697115,429753,0.15933803,success,521,1582,-0.50451736,1418,0.02264959,898,0.01434367,117,0.00186883,977,0.01560553,542,0.00865732,,,0.00832189,0.02526914,-0.01694726,0.03359103,4844,62606,warning_stem_collisions,success,success,exact-then-unique-porter-1.0.0,baek-smart-porter-1.0.0
S2025-238,0000814547,FICO,Fair Isaac,0000814547-25-000030,2025,2025-11-07,1.0.3,0.3.0,1,46,1.01785675,45193,2187,27,0.01234568,success,11,0.01295642,14,0.01648999,4,0.00471143,2,0.00235571,4,0.00471143,849,success,11,13,0.01295642,0.01531213,-0.08333333,0.02826855,-0.00235571,54,success,2.80937500,2.71000000,0.76104927,1.44000000,4.90000000,304,454,150,0.66960352,162,105,warning_stem_collisions,2.83743096,2.74000000,0.78244776,1.26000000,5.00000000,17454,23730,6276,0.73552465,2092,4723,warning_stem_collisions,45040,10.71530626,2187,971,20.59442158,20.51313933,0.03157194,46,1.02131439,7714,0.14622588,2349571,304518,0.12960579,success,294,799,-0.46203111,805,0.01870136,385,0.00894413,96,0.00223022,559,0.01298641,364,0.00845627,,,0.00683006,0.01856197,-0.01173191,0.02539203,2780,43045,warning_stem_collisions,success,success,exact-then-unique-porter-1.0.0,baek-smart-porter-1.0.0
S2025-239,0000047217,HPQ,HP Inc.,0000047217-25-000071,2025,2025-12-10,1.0.3,0.3.0,1,54,1.07064258,50437,2448,39,0.01593137,success,34,0.02550638,15,0.01125281,23,0.01725431,5,0.00375094,13,0.00975244,1333,success,29,31,0.02175544,0.02325581,-0.03333333,0.04501125,-0.00150038,123,success,2.78994361,2.61000000,0.82240147,1.30000000,4.93000000,532,765,233,0.69542484,275,156,warning_stem_collisions,2.85846492,2.76000000,0.79611868,1.19000000,5.00000000,20227,27478,7251,0.73611617,2279,5246,warning_stem_collisions,50363,10.82701206,2448,1083,20.57312092,20.59609008,0.02444255,54,1.07221571,9927,0.16465417,3530394,340721,0.09651076,success,351,1238,-0.55821271,1080,0.02230299,570,0.01177102,82,0.00169338,680,0.01404262,395,0.00815711,,,0.00724847,0.02556584,-0.01831736,0.03281431,3619,48424,warning_stem_collisions,success,success,exact-then-unique-porter-1.0.0,baek-smart-porter-1.0.0
S2025-240,0001274494,FSLR,First Solar,0001274494-26-000021,2025,2026-02-24,1.0.3,0.3.0,1,24,0.37690218,63677,2585,19,0.00735010,success,18,0.03636364,6,0.01212121,14,0.02828283,0,0.00000000,7,0.01414141,495,success,1,20,0.00202020,0.04040404,-0.90476190,0.04242424,-0.03838384,51,success,2.65462687,2.50000000,0.69862693,1.38000000,4.36000000,201,279,78,0.72043011,146,47,warning_stem_collisions,2.90000833,2.83000000,0.80938899,1.26000000,5.00000000,25215,33661,8446,0.74908648,2327,6381,warning_stem_collisions,63835,11.06405691,2585,984,24.69439072,21.97712225,0.03004621,24,0.37596930,6422,0.09140726,2523257,427301,0.16934502,success,390,1422,-0.56953642,1229,0.02001694,690,0.01123815,106,0.00172644,851,0.01386039,592,0.00964201,,,0.00635200,0.02316036,-0.01680837,0.02951236,4349,61398,warning_stem_collisions,success,success,exact-then-unique-porter-1.0.0,baek-smart-porter-1.0.0
S2025-241,0000106040,WDC,Western Digital,0000106040-25-000038,2025,2025-08-14,1.0.3,0.3.0,1,19,0.38888207,48858,2106,15,0.00712251,success,13,0.01886792,6,0.00870827,8,0.01161103,2,0.00290276,0,0.00000000,689,success,6,15,0.00870827,0.02177068,-0.42857143,0.03047896,-0.01306241,40,success,2.92662069,2.82000000,0.79754989,1.19000000,4.87000000,290,379,89,0.76517150,185,58,warning_stem_collisions,2.89421366,2.81000000,0.79196655,1.19000000,5.00000000,19489,25314,5825,0.76989018,2120,4340,warning_stem_collisions,48852,10.79655060,2106,882,23.19658120,21.14640819,0.03477851,19,0.38892983,8178,0.14339821,2556187,322291,0.12608272,success,289,1026,-0.56045627,920,0.01976115,485,0.01041756,112,0.00240570,507,0.01089011,383,0.00822665,,,0.00620758,0.02203798,-0.01583040,0.02824555,3064,46556,warning_stem_collisions,success,success,exact-then-unique-porter-1.0.0,baek-smart-porter-1.0.0
S2025-242,0001402057,CDW,CDW Corporation,0001402057-26-000011,2025,2026-02-20,1.0.3,0.3.0,1,38,1.04358334,36413,1803,30,0.01663894,success,26,0.02650357,7,0.00713558,18,0.01834862,1,0.00101937,1,0.00101937,981,success,19,34,0.01936799,0.03465851,-0.28301887,0.05402650,-0.01529052,86,success,2.78581047,2.61000000,0.79309577,1.30000000,4.89000000,401,553,152,0.72513562,226,94,warning_stem_collisions,2.89360537,2.82000000,0.80043929,1.26000000,5.00000000,14814,19633,4819,0.75454592,1853,3730,warning_stem_collisions,36301,10.49960057,1803,880,20.13366611,21.11708714,0.02487535,38,1.04680312,7374,0.16883801,2431151,248545,0.10223347,success,200,613,-0.50799508,663,0.01899115,317,0.00908023,79,0.00226290,291,0.00833548,289,0.00827819,,,0.00572885,0.01755894,-0.01183008,0.02328779,2003,34911,warning_stem_collisions,success,success,exact-then-unique-porter-1.0.0,baek-smart-porter-1.0.0
S2025-243,0001730168,AVGO,Broadcom,0001730168-25-000121,2025,2025-12-18,1.0.3,0.3.0,1,81,1.75773621,46082,2247,57,0.02536716,success,34,0.01628352,5,0.00239464,27,0.01293103,3,0.00143678,13,0.00622605,2088,success,21,33,0.01005747,0.01580460,-0.22222222,0.02586207,-0.00574713,105,success,2.95996516,2.82000000,0.80450539,1.31000000,4.96000000,861,1277,416,0.67423649,346,258,warning_stem_collisions,2.86908167,2.80000000,0.80280927,1.19000000,5.00000000,18588,24790,6202,0.74981848,2140,4614,warning_stem_collisions,45867,10.73350118,2247,894,20.41255007,20.33279254,0.02354634,81,1.76597554,8504,0.15640691,2700028,311428,0.11534251,success,290,1051,-0.56748695,926,0.02093365,492,0.01112241,76,0.00171810,478,0.01080592,381,0.00861309,,,0.00655589,0.02375947,-0.01720357,0.03031536,3036,44235,warning_stem_collisions,success,success,exact-then-unique-porter-1.0.0,baek-smart-porter-1.0.0
S2025-244,0000097210,TER,Teradyne,0001193125-26-059002,2025,2026-02-19,1.0.3,0.3.0,1,45,0.70782540,63575,2853,33,0.01156677,success,14,0.01304753,8,0.00745573,8,0.00745573,1,0.00093197,1,0.00093197,1073,success,11,36,0.01025163,0.03355079,-0.53191489,0.04380242,-0.02329916,71,success,2.91478448,2.79000000,0.81464872,1.50000000,4.93000000,464,629,165,0.73767886,198,97,warning_stem_collisions,2.91175904,2.86000000,0.78810601,1.23000000,5.00000000,25440,33730,8290,0.75422473,2002,5788,warning_stem_collisions,63189,11.05388551,2853,1011,22.14826498,21.10077819,0.04203263,45,0.71214927,9503,0.13072965,7554803,424329,0.05616679,success,368,1001,-0.46238130,977,0.01633588,400,0.00668818,140,0.00234086,492,0.00822646,568,0.00949722,,,0.00615313,0.01673717,-0.01058405,0.02289030,3345,59807,warning_stem_collisions,success,success,exact-then-unique-porter-1.0.0,baek-smart-porter-1.0.0
S2025-245,0002023554,SNDK,Sandisk,0002023554-25-000034,2025,2025-08-21,1.0.3,0.3.0,1,26,0.47491187,54747,2369,22,0.00928662,success,21,0.03333333,9,0.01428571,13,0.02063492,2,0.00317460,4,0.00634921,630,success,15,35,0.02380952,0.05555556,-0.40000000,0.07936508,-0.03174603,85,success,2.79920415,2.62000000,0.84083933,1.28000000,4.86000000,289,396,107,0.72979798,184,66,warning_stem_collisions,2.87826860,2.78000000,0.79762535,1.19000000,5.00000000,21601,28599,6998,0.75530613,2178,4986,warning_stem_collisions,54698,10.90958242,2369,1048,23.08906712,21.35255033,0.02541226,26,0.47533731,6513,0.10640244,2090786,364693,0.17442866,success,354,1255,-0.55997514,1131,0.02155394,649,0.01236827,118,0.00224878,601,0.01145351,568,0.01082461,,,0.00674633,0.02391706,-0.01717074,0.03066339,3791,52473,warning_stem_collisions,success,success,exact-then-unique-porter-1.0.0,baek-smart-porter-1.0.0
S2025-246,0001341439,ORCL,Oracle Corporation,0000950170-25-087926,2025,2025-06-18,1.0.3,0.3.0,1,60,0.76441885,78491,2973,30,0.01009082,success,22,0.01730921,20,0.01573564,12,0.00944138,0,0.00000000,10,0.00786782,1271,success,18,25,0.01416208,0.01966955,-0.16279070,0.03383163,-0.00550747,92,success,2.91374000,2.88000000,0.79083615,1.30000000,4.93000000,500,752,252,0.66489362,277,157,warning_stem_collisions,2.90118974,2.83000000,0.81816130,1.19000000,4.97000000,31175,41351,10176,0.75391163,2165,7869,warning_stem_collisions,78365,11.26913268,2973,1029,26.35889674,22.54063825,0.03239967,60,0.76564793,8156,0.09426613,6549687,525156,0.08018032,success,424,1246,-0.49221557,1441,0.01927012,695,0.00929405,150,0.00200591,846,0.01131334,520,0.00695382,,,0.00567004,0.01666243,-0.01099239,0.02233247,4394,74779,warning_stem_collisions,success,success,exact-then-unique-porter-1.0.0,baek-smart-porter-1.0.0
S2025-247,0001327567,PANW,Palo Alto Networks,0001327567-25-000027,2025,2025-08-29,1.0.3,0.3.0,1,120,2.18003452,55045,2640,84,0.03181818,success,37,0.01596204,32,0.01380500,24,0.01035375,3,0.00129422,11,0.00474547,2318,success,44,64,0.01898188,0.02761001,-0.18518519,0.04659189,-0.00862813,185,success,2.84459639,2.81000000,0.77761693,1.30000000,4.86000000,1053,1550,497,0.67935484,418,263,warning_stem_collisions,2.83738107,2.76000000,0.79360720,1.23000000,5.00000000,21757,29049,7292,0.74897587,2296,5540,warning_stem_collisions,54716,10.90991145,2640,1142,20.72575758,19.94089534,0.02584253,120,2.19314277,7494,0.12046295,2812143,370248,0.13166045,success,391,1386,-0.55993247,1248,0.02374520,656,0.01248145,159,0.00302523,581,0.01105445,398,0.00757259,,,0.00743940,0.02637087,-0.01893147,0.03381027,3953,52558,warning_stem_collisions,success,success,exact-then-unique-porter-1.0.0,baek-smart-porter-1.0.0
S2025-248,0000857005,PTC,PTC Inc.,0001193125-25-291326,2025,2025-11-21,1.0.3,0.3.0,1,18,0.31933012,56368,2613,9,0.00344432,success,13,0.03779070,5,0.01453488,9,0.02616279,1,0.00290698,1,0.00290698,344,success,3,19,0.00872093,0.05523256,-0.72727273,0.06395349,-0.04651163,42,success,2.63918919,2.52000000,0.68577980,1.59000000,4.20000000,111,182,71,0.60989011,84,54,warning_stem_collisions,2.88975804,2.79000000,0.80061993,1.19000000,5.00000000,22028,29344,7316,0.75068157,1749,5233,warning_stem_collisions,56101,10.93490892,2613,941,21.46995790,20.09700279,0.04479421,18,0.32084990,6484,0.10360310,5328028,372255,0.06986731,success,281,784,-0.47230047,911,0.01721662,328,0.00619874,137,0.00258911,568,0.01073440,449,0.00848547,,,0.00531050,0.01481649,-0.00950599,0.02012700,2956,52914,warning_stem_collisions,success,success,exact-then-unique-porter-1.0.0,baek-smart-porter-1.0.0
S2025-249,0000896878,INTU,Intuit,0000896878-25-000035,2025,2025-09-03,1.0.3,0.3.0,1,74,1.37352439,53876,2613,59,0.02257941,success,34,0.01973302,19,0.01102728,24,0.01392919,8,0.00464306,7,0.00406268,1723,success,31,40,0.01799187,0.02321532,-0.12676056,0.04120720,-0.00522345,132,success,2.81030882,2.69000000,0.80496989,1.38000000,4.93000000,680,998,318,0.68136273,355,203,warning_stem_collisions,2.86389711,2.79000000,0.79362812,1.19000000,5.00000000,21285,28126,6841,0.75677309,2197,5273,warning_stem_collisions,53662,10.89046039,2613,848,20.53654803,19.93107252,0.03190340,74,1.37900190,11094,0.17132003,2757683,355103,0.12876861,success,329,1137,-0.55115962,926,0.01803311,497,0.00967868,91,0.00177215,423,0.00823759,463,0.00901655,,,0.00640701,0.02214216,-0.01573515,0.02854917,3186,51350,warning_stem_collisions,success,success,exact-then-unique-porter-1.0.0,baek-smart-porter-1.0.0
S2025-250,0000860731,TYL,Tyler Technologies,0000860731-26-000016,2025,2026-02-18,1.0.3,0.3.0,1,27,0.69591216,38798,1964,19,0.00967413,success,25,0.02934272,16,0.01877934,15,0.01760563,0,0.00000000,4,0.00469484,852,success,7,48,0.00821596,0.05633803,-0.74545455,0.06455399,-0.04812207,96,success,2.70294118,2.56000000,0.78394251,1.19000000,4.89000000,357,473,116,0.75475687,203,96,warning_stem_collisions,2.86575581,2.76000000,0.79281592,1.19000000,5.00000000,15758,20542,4784,0.76711128,1938,3554,warning_stem_collisions,38664,10.56266421,1964,849,19.68635438,19.98471848,0.03359714,27,0.69832402,6155,0.13733015,2212168,262235,0.11854208,success,259,642,-0.42508324,687,0.01865277,318,0.00863403,78,0.00211778,370,0.01004589,294,0.00798241,,,0.00703212,0.01743097,-0.01039885,0.02446309,2229,36831,warning_stem_collisions,success,success,exact-then-unique-porter-1.0.0,baek-smart-porter-1.0.0
S2025-251,0000320193,AAPL,Apple Inc.,0000320193-25-000079,2025,2025-10-31,1.0.3,0.3.0,1,10,0.39348391,25414,1307,6,0.00459067,success,9,0.02950820,9,0.02950820,2,0.00655738,1,0.00327869,2,0.00655738,305,success,0,12,0.00000000,0.03934426,-1.00000000,0.03934426,-0.03934426,31,success,2.82713287,2.74000000,0.76216257,1.30000000,4.83000000,143,192,49,0.74479167,93,42,warning_stem_collisions,2.95118286,2.86000000,0.87028121,1.19000000,5.00000000,9942,13607,3665,0.73065334,1483,2645,warning_stem_collisions,25393,10.14222882,1307,643,19.42846213,20.76223064,0.03945969,10,0.39380932,5660,0.18226902,1520208,172875,0.11371799,success,117,647,-0.69371728,450,0.01892744,230,0.00967403,51,0.00214511,295,0.01240799,250,0.01051525,,,0.00492114,0.02721346,-0.02229232,0.03213460,1701,23775,warning_stem_collisions,success,success,exact-then-unique-porter-1.0.0,baek-smart-porter-1.0.0
S2025-252,0000006281,ADI,Analog Devices,0000006281-25-000153,2025,2025-11-25,1.0.3,0.3.0,1,46,1.10952990,41459,1959,36,0.01837672,success,34,0.02972028,33,0.02884615,22,0.01923077,1,0.00087413,9,0.00786713,1144,success,18,37,0.01573427,0.03234266,-0.34545455,0.04807692,-0.01660839,124,success,2.75769392,2.61000000,0.81716884,1.50000000,5.00000000,477,672,195,0.70982143,251,119,warning_stem_collisions,2.85183742,2.74000000,0.80502431,1.04000000,5.00000000,16583,21888,5305,0.75762975,2038,4212,warning_stem_collisions,41375,10.63043211,1959,808,21.12046963,21.46502646,0.02663444,46,1.11178248,9988,0.19445905,2363512,279350,0.11819276,success,269,859,-0.52304965,821,0.02064214,450,0.01131421,94,0.00236341,440,0.01106278,380,0.00955422,,,0.00676338,0.02159757,-0.01483418,0.02836095,2710,39773,warning_stem_collisions,success,success,exact-then-unique-porter-1.0.0,baek-smart-porter-1.0.0
S2025-253,0001596532,ANET,Arista Networks,0001596532-26-000013,2025,2026-02-17,1.0.3,0.3.0,1,128,2.23815352,57190,2330,93,0.03991416,success,47,0.01488284,16,0.00506650,28,0.00886637,10,0.00316656,30,0.00949968,3158,success,37,40,0.01171628,0.01266624,-0.03896104,0.02438252,-0.00094997,175,success,2.87678425,2.69000000,0.84046844,1.30000000,5.00000000,1219,1840,621,0.66250000,483,379,warning_stem_collisions,2.84537775,2.76000000,0.80349275,1.19000000,5.00000000,22197,29867,7670,0.74319483,2371,6127,warning_stem_collisions,57223,10.95471119,2330,1029,24.55922747,21.21442914,0.01791238,128,2.23686280,4372,0.07097979,1932438,384349,0.19889332,success,421,1610,-0.58542590,1437,0.02583464,872,0.01567697,147,0.00264279,607,0.01091275,549,0.00987002,,,0.00756881,0.02894486,-0.02137605,0.03651367,4556,55623,warning_stem_collisions,success,success,exact-then-unique-porter-1.0.0,baek-smart-porter-1.0.0
S2025-254,0000006951,AMAT,Applied Materials,0001628280-25-056742,2025,2025-12-12,1.0.3,0.3.0,1,37,0.99443653,37207,1721,27,0.01568855,success,17,0.02275770,6,0.00803213,12,0.01606426,2,0.00267738,3,0.00401606,747,success,9,18,0.01204819,0.02409639,-0.33333333,0.03614458,-0.01204819,53,success,2.99029508,2.89000000,0.89464064,1.30000000,4.96000000,305,426,121,0.71596244,178,73,warning_stem_collisions,2.85833842,2.75000000,0.81018476,1.29000000,5.00000000,15064,19934,4870,0.75569379,1821,4053,warning_stem_collisions,37086,10.52099482,1721,793,21.54909936,21.29807749,0.02771936,37,0.99768107,6049,0.14023415,2221981,252636,0.11369854,success,237,735,-0.51234568,686,0.01921353,325,0.00910262,81,0.00226865,339,0.00949473,371,0.01039099,,,0.00663791,0.02058593,-0.01394802,0.02722384,2313,35704,warning_stem_collisions,success,success,exact-then-unique-porter-1.0.0,baek-smart-porter-1.0.0
S2025-255,0001751008,APP,AppLovin,0001751008-26-000010,2025,2026-02-19,1.0.3,0.3.0,1,64,1.21652189,52609,2176,49,0.02251838,success,43,0.02567164,60,0.03582090,26,0.01552239,2,0.00119403,10,0.00597015,1675,success,25,25,0.01492537,0.01492537,0.00000000,0.02985075,0.00000000,159,success,2.84127436,2.69000000,0.81176600,1.30000000,5.00000000,667,945,278,0.70582011,292,166,warning_stem_collisions,2.83340353,2.72000000,0.79877235,1.19000000,5.00000000,20514,27135,6621,0.75599779,2155,4977,warning_stem_collisions,52444,10.86750121,2176,1013,24.10110294,21.53812894,0.02455953,64,1.22034932,5490,0.09476301,2009739,349689,0.17399722,success,374,1355,-0.56737999,1137,0.02251619,709,0.01404044,122,0.00241599,773,0.01530784,485,0.00960453,,,0.00740638,0.02683328,-0.01942690,0.03423966,4005,50497,warning_stem_collisions,success,success,exact-then-unique-porter-1.0.0,baek-smart-porter-1.0.0
S2025-256,0001571996,DELL,Dell Technologies,0001571996-25-000034,2025,2025-03-25,1.0.3,0.3.0,1,79,1.23221862,64112,3028,59,0.01948481,success,26,0.01498559,22,0.01268012,13,0.00749280,5,0.00288184,9,0.00518732,1735,success,31,35,0.01786744,0.02017291,-0.06060606,0.03804035,-0.00230548,125,success,2.92015320,2.83000000,0.81213728,1.30000000,4.87000000,718,1034,316,0.69439072,298,190,warning_stem_collisions,2.90682987,2.82000000,0.81738658,1.19000000,4.97000000,26062,34386,8324,0.75792474,2154,6000,warning_stem_collisions,63797,11.06346145,3028,1299,21.06902246,21.41350325,0.02986034,79,1.23830274,15315,0.19358631,4182278,431298,0.10312514,success,404,1002,-0.42532006,952,0.01562244,424,0.00695789,128,0.00210050,555,0.00910762,398,0.00653123,,,0.00662969,0.01644294,-0.00981325,0.02307263,3250,60938,warning_stem_collisions,success,success,exact-then-unique-porter-1.0.0,baek-smart-porter-1.0.0
S2025-257,0001058290,CTSH,Cognizant,0001058290-26-000008,2025,2026-02-12,1.0.3,0.3.0,1,118,2.90604605,40605,1865,91,0.04879357,success,51,0.01786966,30,0.01051156,28,0.00981079,9,0.00315347,24,0.00840925,2854,success,49,34,0.01716889,0.01191310,0.18072289,0.02908199,0.00525578,192,success,2.79751464,2.61000000,0.80297091,1.23000000,4.93000000,1195,1724,529,0.69315545,503,324,warning_stem_collisions,2.82913776,2.72000000,0.78858343,1.19000000,5.00000000,16028,21279,5251,0.75323088,2085,3788,warning_stem_collisions,40470,10.60831624,1865,666,21.69973190,21.43500643,0.03049172,118,2.91574005,9360,0.18783865,2687972,270817,0.10075142,success,326,841,-0.44130249,741,0.01912554,334,0.00862069,75,0.00193578,584,0.01507330,294,0.00758827,,,0.00841421,0.02170659,-0.01329238,0.03012079,2697,38744,warning_stem_collisions,success,success,exact-then-unique-porter-1.0.0,baek-smart-porter-1.0.0
S2025-258,0000789019,MSFT,Microsoft,0000950170-25-100235,2025,2025-07-30,1.0.3,0.3.0,1,121,2.27208713,53255,2771,100,0.03608805,success,35,0.01314307,14,0.00525723,30,0.01126549,5,0.00187758,14,0.00525723,2663,success,33,49,0.01239204,0.01840030,-0.19512195,0.03079234,-0.00600826,139,success,2.97613285,2.83000000,0.84803153,1.30000000,4.93000000,1099,1668,569,0.65887290,448,338,warning_stem_collisions,2.90567827,2.82000000,0.82456522,1.23000000,5.00000000,21341,29336,7995,0.72746796,2015,5951,warning_stem_collisions,53083,10.87961201,2771,1158,19.15662216,19.86093046,0.02872859,121,2.27944916,7975,0.13061352,8158067,362760,0.04446642,success,321,894,-0.47160494,831,0.01631331,445,0.00873577,80,0.00157048,438,0.00859835,380,0.00745976,,,0.00630153,0.01755006,-0.01124853,0.02385159,2776,50940,warning_stem_collisions,success,success,exact-then-unique-porter-1.0.0,baek-smart-porter-1.0.0
S2025-259,0000723125,MU,Micron Technology,0000723125-25-000028,2025,2025-10-03,1.0.3,0.3.0,1,56,1.23822580,45226,2228,50,0.02244165,success,22,0.01397713,14,0.00889454,14,0.00889454,2,0.00127065,11,0.00698856,1574,success,35,17,0.02223634,0.01080051,0.34615385,0.03303685,0.01143583,100,success,2.92800314,2.88500000,0.84764803,1.37000000,4.93000000,636,947,311,0.67159451,333,159,warning_stem_collisions,2.88433627,2.80000000,0.81212272,1.26000000,5.00000000,17914,24165,6251,0.74132009,2006,4691,warning_stem_collisions,45250,10.71995795,2228,922,20.30969479,20.03529088,0.03169061,56,1.23756906,8181,0.15311336,2439110,303713,0.12451796,success,312,1147,-0.57230980,892,0.02057955,551,0.01271226,88,0.00203027,455,0.01049742,436,0.01005906,,,0.00719823,0.02646272,-0.01926449,0.03366094,3134,43344,warning_stem_collisions,success,success,exact-then-unique-porter-1.0.0,baek-smart-porter-1.0.0
S2025-260,0001375365,SMCI,Supermicro,0001375365-25-000027,2025,2025-08-28,1.0.3,0.3.0,1,52,0.55538941,93628,4012,42,0.01046859,success,32,0.02560000,8,0.00640000,16,0.01280000,3,0.00240000,18,0.01440000,1250,success,10,37,0.00800000,0.02960000,-0.57446809,0.03760000,-0.02160000,101,success,2.85356846,2.76000000,0.80884050,1.30000000,4.89000000,482,724,242,0.66574586,250,146,warning_stem_collisions,2.94789267,2.89000000,0.82693153,1.19000000,5.00000000,36131,48145,12014,0.75046215,2518,7715,warning_stem_collisions,93429,11.44495707,4012,1986,23.28738784,19.82438872,0.05078723,52,0.55657237,10476,0.10082287,3743004,609414,0.16281415,success,451,1378,-0.50683434,1192,0.01359179,647,0.00737742,191,0.00217788,811,0.00924743,695,0.00792474,,,0.00514253,0.01571266,-0.01057013,0.02085519,4512,87700,warning_stem_collisions,success,success,exact-then-unique-porter-1.0.0,baek-smart-porter-1.0.0
S2025-261,0000749251,IT,Gartner,0000749251-26-000112,2025,2026-02-12,1.0.3,0.3.0,1,47,1.19386304,39368,1940,31,0.01597938,success,50,0.04029009,20,0.01611604,33,0.02659146,1,0.00080580,15,0.01208703,1241,success,11,40,0.00886382,0.03223207,-0.56862745,0.04109589,-0.02336825,131,success,2.68567568,2.59000000,0.73351970,1.30000000,4.87000000,481,667,186,0.72113943,273,134,warning_stem_collisions,2.85853478,2.76000000,0.79415036,1.19000000,5.00000000,15397,20601,5204,0.74739090,1888,3855,warning_stem_collisions,39187,10.57610034,1940,703,20.19948454,20.68508742,0.04070227,47,1.19937734,6998,0.15152106,2239601,265585,0.11858586,success,251,664,-0.45136612,643,0.01739860,297,0.00803637,76,0.00205644,439,0.01187867,337,0.00911871,,,0.00679168,0.01796683,-0.01117515,0.02475850,2271,36957,warning_stem_collisions,success,success,exact-then-unique-porter-1.0.0,baek-smart-porter-1.0.0
S2025-262,0000877212,ZBRA,Zebra Technologies,0001628280-26-007668,2025,2026-02-12,1.0.3,0.3.0,1,33,0.88263614,37388,1873,24,0.01281367,success,13,0.01800554,8,0.01108033,10,0.01385042,1,0.00138504,8,0.01108033,722,success,7,14,0.00969529,0.01939058,-0.33333333,0.02908587,-0.00969529,51,success,2.84392857,2.71000000,0.85773892,1.26000000,5.00000000,308,433,125,0.71131640,201,82,warning_stem_collisions,2.89580534,2.82000000,0.80399391,1.26000000,5.00000000,15124,20216,5092,0.74812030,2008,3829,warning_stem_collisions,37332,10.52760615,1873,793,19.93166044,20.83529628,0.02732240,33,0.88396014,7346,0.16442097,2190006,255686,0.11675128,success,279,746,-0.45560976,780,0.02187447,403,0.01130181,65,0.00182287,341,0.00956307,300,0.00841326,,,0.00782433,0.02092097,-0.01309664,0.02874530,2383,35658,warning_stem_collisions,success,success,exact-then-unique-porter-1.0.0,baek-smart-porter-1.0.0
S2025-263,0000882835,ROP,Roper Technologies,0000882835-26-000009,2025,2026-02-24,1.0.3,0.3.0,1,62,1.87000452,33155,1554,44,0.02831403,success,42,0.03376206,18,0.01446945,25,0.02009646,6,0.00482315,9,0.00723473,1244,success,23,37,0.01848875,0.02974277,-0.23333333,0.04823151,-0.01125402,129,success,2.75390558,2.61000000,0.78000425,1.30000000,4.90000000,466,752,286,0.61968085,274,153,warning_stem_collisions,2.86659034,2.76000000,0.79692990,1.19000000,5.00000000,12796,17481,4685,0.73199474,1673,3229,warning_stem_collisions,32876,10.40049819,1554,699,21.15572716,21.59628810,0.04608225,62,1.88587419,5705,0.14787071,1968200,225170,0.11440402,success,178,579,-0.52972259,586,0.01895581,235,0.00760173,50,0.00161739,277,0.00896034,294,0.00951025,,,0.00575791,0.01872938,-0.01297147,0.02448729,1845,30914,warning_stem_collisions,success,success,exact-then-unique-porter-1.0.0,baek-smart-porter-1.0.0
S2025-264,0000024741,GLW,Corning Inc.,0000024741-26-000124,2025,2026-02-12,1.0.3,0.3.0,1,12,0.28165047,42606,2271,9,0.00396301,success,2,0.00680272,0,0.00000000,1,0.00340136,0,0.00000000,0,0.00000000,294,success,8,2,0.02721088,0.00680272,0.60000000,0.03401361,0.02040816,12,success,3.21622378,3.07000000,0.95812010,1.54000000,4.96000000,143,199,56,0.71859296,83,36,warning_stem_collisions,2.97961872,2.86000000,0.86125365,1.19000000,5.00000000,17520,23539,6019,0.74429670,2101,4344,warning_stem_collisions,42443,10.65591728,2271,1045,18.68912373,20.16237516,0.03845157,12,0.28273213,9573,0.18403953,3504825,291510,0.08317391,success,284,691,-0.41743590,620,0.01545980,227,0.00566028,78,0.00194494,369,0.00920108,286,0.00713146,,,0.00708159,0.01723020,-0.01014861,0.02431179,2201,40104,warning_stem_collisions,success,success,exact-then-unique-porter-1.0.0,baek-smart-porter-1.0.0
S2025-265,0000073309,NUE,Nucor,0001193125-26-071575,2025,2026-02-25,1.0.3,0.3.0,0,0,0.00000000,50716,2391,0,0.00000000,success,,,,,,,,,,,0,warning_denominator_zero,,,,,,,,,warning_denominator_zero,,,,,,0,0,0,,0,0,warning_denominator_zero,3.03258240,2.90000000,0.88961430,1.26000000,5.00000000,19478,27089,7611,0.71903725,2028,5047,warning_stem_collisions,50321,10.82617776,2391,858,21.04600586,19.98202587,0.04133463,0,0.00000000,8381,0.14277197,5473920,333017,0.06083702,success,274,570,-0.35071090,702,0.01481294,196,0.00413581,112,0.00236332,322,0.00679454,325,0.00685784,,,0.00578169,0.01202760,-0.00624591,0.01780929,2162,47391,warning_denominator_zero,warning_denominator_zero,success,exact-then-unique-porter-1.0.0,baek-smart-porter-1.0.0
S2025-266,0000031462,ECL,Ecolab,0001104659-26-018357,2025,2026-02-23,1.0.3,0.3.0,1,9,0.15343699,58656,3105,8,0.00257649,success,10,0.03344482,6,0.02006689,7,0.02341137,4,0.01337793,2,0.00668896,299,success,4,15,0.01337793,0.05016722,-0.57894737,0.06354515,-0.03678930,39,success,2.50654206,2.38000000,0.65947742,1.59000000,4.54000000,107,155,48,0.69032258,76,36,warning_stem_collisions,2.92807172,2.86000000,0.81167940,1.19000000,5.00000000,23648,31579,7931,0.74885209,2093,5794,warning_stem_collisions,58450,10.97592697,3105,975,18.82447665,20.44988115,0.03507271,9,0.15397776,15005,0.20427473,8192692,396201,0.04836029,success,404,905,-0.38273491,804,0.01447762,257,0.00462780,101,0.00181871,643,0.01157849,409,0.00736486,,,0.00727482,0.01629632,-0.00902150,0.02357115,3039,55534,warning_stem_collisions,success,success,exact-then-unique-porter-1.0.0,baek-smart-porter-1.0.0
S2025-267,0001285785,MOS,Mosaic Company (The),0001285785-26-000017,2025,2026-02-27,1.0.3,0.3.0,0,0,0.00000000,76822,4132,0,0.00000000,success,,,,,,,,,,,0,warning_denominator_zero,,,,,,,,,warning_denominator_zero,,,,,,0,0,0,,0,0,warning_denominator_zero,3.04363591,2.92000000,0.87979502,1.04000000,5.00000000,29734,40681,10947,0.73090632,2682,7013,warning_stem_collisions,76386,11.24355471,4132,1687,18.48644724,19.02632766,0.03969314,0,0.00000000,17072,0.18267029,4038513,502972,0.12454386,success,345,1025,-0.49635036,1059,0.01459361,426,0.00587052,93,0.00128159,691,0.00952237,588,0.00810297,,,0.00475429,0.01412507,-0.00937078,0.01887936,3605,72566,warning_denominator_zero,warning_denominator_zero,success,exact-then-unique-porter-1.0.0,baek-smart-porter-1.0.0
S2025-268,0001666700,DD,DuPont,0001666700-26-000013,2025,2026-02-17,1.0.3,0.3.0,1,3,0.04313382,69551,3251,1,0.00030760,success,1,0.02040816,0,0.00000000,1,0.02040816,1,0.02040816,1,0.02040816,49,success,2,1,0.04081633,0.02040816,0.33333333,0.06122449,0.02040816,5,success,3.12772727,3.19000000,0.85829075,1.81000000,4.53000000,22,32,10,0.68750000,22,6,warning_stem_collisions,2.88811989,2.81000000,0.80131755,1.26000000,5.00000000,26674,37225,10551,0.71656145,2088,6626,warning_stem_collisions,69381,11.14736833,3251,1361,21.34143341,21.12966765,0.04917773,3,0.04323950,11297,0.14002578,4009777,468371,0.11680724,success,225,1285,-0.70198675,891,0.01375573,333,0.00514103,163,0.00251648,886,0.01367854,526,0.00812067,,,0.00347367,0.01983851,-0.01636484,0.02331218,3678,64773,warning_stem_collisions,success,success,exact-then-unique-porter-1.0.0,baek-smart-porter-1.0.0
S2025-269,0001748790,AMCR,Amcor,0001748790-25-000023,2025,2025-08-15,1.0.3,0.3.0,1,1,0.02061346,48512,2251,1,0.00044425,success,2,0.22222222,0,0.00000000,1,0.11111111,0,0.00000000,0,0.00000000,9,success,0,0,0.00000000,0.00000000,,0.00000000,0.00000000,2,success,2.45800000,2.25000000,0.56757026,1.63000000,3.24000000,5,7,2,0.71428571,5,1,warning_stem_collisions,2.87386695,2.75000000,0.82854492,1.04000000,5.00000000,19752,26058,6306,0.75800138,2071,4776,warning_stem_collisions,48245,10.78404747,2251,990,21.43269658,21.55664439,0.03629392,1,0.02072754,13524,0.21894478,3402919,324242,0.09528349,success,277,1017,-0.57187017,988,0.02152599,401,0.00873676,80,0.00174300,447,0.00973899,387,0.00843174,,,0.00603512,0.02215783,-0.01612271,0.02819295,3016,45898,warning_stem_collisions,success,success,exact-then-unique-porter-1.0.0,baek-smart-porter-1.0.0
S2025-270,0000075677,PKG,Packaging Corporation of America,0001193125-26-074129,2025,2026-02-26,1.0.3,0.3.0,0,0,0.00000000,58362,2790,0,0.00000000,success,,,,,,,,,,,0,warning_denominator_zero,,,,,,,,,warning_denominator_zero,,,,,,0,0,0,,0,0,warning_denominator_zero,2.94360758,2.86000000,0.82312172,1.25000000,5.00000000,23021,30979,7958,0.74311630,1727,5549,warning_stem_collisions,57913,10.96669716,2790,855,20.75734767,20.15234403,0.04655259,0,0.00000000,7946,0.12065170,5945964,388104,0.06527184,success,219,719,-0.53304904,712,0.01306230,235,0.00431129,112,0.00205474,374,0.00686138,510,0.00935642,,,0.00401776,0.01319072,-0.00917297,0.01720848,2517,54508,warning_denominator_zero,warning_denominator_zero,success,exact-then-unique-porter-1.0.0,baek-smart-porter-1.0.0
S2025-271,0001755672,CTVA,Corteva,0001755672-26-000004,2025,2026-02-12,1.0.3,0.3.0,1,2,0.02834306,70564,3655,2,0.00054720,success,2,0.02631579,0,0.00000000,2,0.02631579,0,0.00000000,1,0.01315789,76,success,2,1,0.02631579,0.01315789,0.33333333,0.03947368,0.01315789,6,success,2.61666667,2.44000000,0.77594777,1.50000000,4.70000000,33,48,15,0.68750000,30,11,warning_stem_collisions,2.90234147,2.82000000,0.80679643,1.19000000,5.00000000,28196,38810,10614,0.72651379,2333,6509,warning_stem_collisions,70413,11.16213318,3655,1629,19.26484268,20.72044793,0.04051809,2,0.02840385,14339,0.16918775,4697980,479410,0.10204599,success,328,1421,-0.62492853,1044,0.01576016,402,0.00606857,127,0.00191718,1118,0.01687725,517,0.00780460,,,0.00495147,0.02145132,-0.01649986,0.02640279,4208,66243,warning_stem_collisions,success,success,exact-then-unique-porter-1.0.0,baek-smart-porter-1.0.0
S2025-272,0001751788,DOW,Dow Inc.,0001751788-26-000018,2025,2026-02-03,1.0.3,0.3.0,1,9,0.12933264,69588,3546,7,0.00197406,success,12,0.03252033,1,0.00271003,7,0.01897019,0,0.00000000,0,0.00000000,369,success,6,12,0.01626016,0.03252033,-0.33333333,0.04878049,-0.01626016,30,success,2.91217391,2.79000000,0.87360870,1.40000000,4.93000000,161,233,72,0.69098712,126,45,warning_stem_collisions,2.93871172,2.85000000,0.81523096,1.04000000,5.00000000,28084,38553,10469,0.72845174,2383,6782,warning_stem_collisions,69222,11.14507401,3546,1464,19.52115059,21.39972648,0.04151859,9,0.13001647,16738,0.19471847,5279542,473329,0.08965342,success,427,1181,-0.46890547,854,0.01318003,250,0.00385832,138,0.00212979,612,0.00944517,605,0.00933714,,,0.00659001,0.01822672,-0.01163670,0.02481673,3505,64795,warning_stem_collisions,success,success,exact-then-unique-porter-1.0.0,baek-smart-porter-1.0.0
S2025-273,0001489393,LYB,LyondellBasell,0001489393-26-000012,2025,2026-02-20,1.0.3,0.3.0,1,9,0.18480872,48699,2521,5,0.00198334,success,4,0.03076923,4,0.03076923,2,0.01538462,0,0.00000000,1,0.00769231,130,success,3,2,0.02307692,0.01538462,0.20000000,0.03846154,0.00769231,14,success,2.52338983,2.44000000,0.63772799,1.63000000,4.57000000,59,82,23,0.71951220,51,14,warning_stem_collisions,2.88250722,2.76000000,0.80789175,1.26000000,5.00000000,19041,25883,6842,0.73565661,2079,4932,warning_stem_collisions,48832,10.79614111,2521,1104,19.37009123,20.74584542,0.03372788,9,0.18430537,13370,0.21494486,3888279,328211,0.08441035,success,234,1016,-0.62560000,819,0.01757360,375,0.00804652,93,0.00199554,454,0.00974165,408,0.00875461,,,0.00502103,0.02180070,-0.01677968,0.02682173,2795,46604,warning_stem_collisions,success,success,exact-then-unique-porter-1.0.0,baek-smart-porter-1.0.0
S2025-274,0000089800,SHW,Sherwin-Williams,0000089800-26-000008,2025,2026-02-19,1.0.3,0.3.0,1,7,0.14238929,49161,2247,4,0.00178015,success,8,0.03463203,3,0.01298701,6,0.02597403,0,0.00000000,0,0.00000000,231,success,4,25,0.01731602,0.10822511,-0.72413793,0.12554113,-0.09090909,38,success,2.65861386,2.52000000,0.69358879,1.52000000,4.93000000,101,140,39,0.72142857,60,24,warning_stem_collisions,2.91718953,2.82000000,0.84009457,1.19000000,5.00000000,19712,26124,6412,0.75455520,1979,4608,warning_stem_collisions,48883,10.79718497,2247,884,21.75478416,21.58379999,0.04246875,7,0.14319907,10393,0.17533234,3046221,330631,0.10853809,success,208,1065,-0.67321288,768,0.01667101,313,0.00679430,68,0.00147608,614,0.01332812,359,0.00779283,,,0.00451506,0.02311800,-0.01860293,0.02763306,2817,46068,warning_stem_collisions,success,success,exact-then-unique-porter-1.0.0,baek-smart-porter-1.0.0
S2025-275,0000831259,FCX,Freeport-McMoRan,0000831259-26-000012,2025,2026-02-13,1.0.3,0.3.0,1,15,0.16044840,93488,4360,11,0.00252294,success,16,0.02925046,2,0.00365631,5,0.00914077,2,0.00365631,2,0.00365631,547,success,11,13,0.02010969,0.02376600,-0.08333333,0.04387569,-0.00365631,45,success,2.85547244,2.59000000,0.84557043,1.52000000,4.90000000,254,344,90,0.73837209,136,61,warning_stem_collisions,3.02812613,2.90000000,0.89629534,1.17000000,5.00000000,35995,51108,15113,0.70429287,2759,9546,warning_stem_collisions,93496,11.44567393,4360,1714,21.44403670,20.35041021,0.03965945,15,0.16043467,15432,0.14167156,6347478,622439,0.09806084,success,425,1613,-0.58292444,1579,0.01786624,578,0.00654002,203,0.00229693,1085,0.01227667,680,0.00769414,,,0.00480883,0.01825094,-0.01344211,0.02305978,5315,88379,warning_stem_collisions,success,success,exact-then-unique-porter-1.0.0,baek-smart-porter-1.0.0
S2025-276,0000910606,REG,Regency Centers,0001193125-26-051668,2025,2026-02-13,1.0.3,0.3.0,1,28,0.37586920,74494,3271,20,0.00611434,success,31,0.04874214,11,0.01729560,20,0.03144654,0,0.00000000,9,0.01415094,636,success,9,29,0.01415094,0.04559748,-0.52631579,0.05974843,-0.03144654,89,success,2.75048193,2.57000000,0.83598088,1.27000000,5.00000000,249,354,105,0.70338983,168,67,warning_stem_collisions,2.90243824,2.79000000,0.81974733,1.26000000,5.00000000,29751,39620,9869,0.75090863,1990,7423,warning_stem_collisions,74285,11.21566433,3271,1376,22.71018037,22.44463014,0.02502524,28,0.37692670,26993,0.26652383,21787975,499740,0.02293651,success,417,939,-0.38495575,1192,0.01671528,555,0.00778270,143,0.00200527,393,0.00551099,483,0.00677305,,,0.00584754,0.01316749,-0.00731995,0.01901503,3406,71312,warning_stem_collisions,success,success,exact-then-unique-porter-1.0.0,baek-smart-porter-1.0.0
S2025-277,0001053507,AMT,American Tower,0001053507-26-000035,2025,2026-02-24,1.0.3,0.3.0,1,27,0.40361158,66896,2974,18,0.00605245,success,14,0.02531646,6,0.01084991,8,0.01446655,1,0.00180832,8,0.01446655,553,success,2,27,0.00361664,0.04882459,-0.86206897,0.05244123,-0.04520796,56,success,2.89174468,2.74000000,0.84228005,1.50000000,5.00000000,235,333,98,0.70570571,168,53,warning_stem_collisions,2.93256390,2.83000000,0.81982413,1.19000000,5.00000000,26136,35551,9415,0.73516919,2134,6451,warning_stem_collisions,66690,11.10781030,2974,1373,22.42434432,21.62878186,0.04116059,27,0.40485830,15001,0.18363100,4332424,446885,0.10314895,success,318,1079,-0.54473873,1027,0.01624794,525,0.00830591,146,0.00230983,510,0.00806860,648,0.01025187,,,0.00503101,0.01707062,-0.01203962,0.02210163,3518,63208,warning_stem_collisions,success,success,exact-then-unique-porter-1.0.0,baek-smart-porter-1.0.0
S2025-278,0001101239,EQIX,Equinix,0001101239-26-000032,2025,2026-02-11,1.0.3,0.3.0,1,49,0.79172726,61890,3179,41,0.01289714,success,29,0.02801932,3,0.00289855,16,0.01545894,2,0.00193237,6,0.00579710,1035,success,23,20,0.02222222,0.01932367,0.06976744,0.04154589,0.00289855,80,success,2.89084706,2.82000000,0.85324473,1.33000000,4.79000000,425,611,186,0.69558101,252,101,warning_stem_collisions,2.86991020,2.76000000,0.81068721,1.19000000,5.00000000,23943,32168,8225,0.74431112,2399,5898,warning_stem_collisions,61783,11.03138352,3179,1521,19.43472790,19.69852683,0.03148115,49,0.79309843,12741,0.17096506,4071886,408266,0.10026459,success,431,1301,-0.50230947,1317,0.02225602,702,0.01186312,124,0.00209548,612,0.01034221,517,0.00873680,,,0.00728348,0.02198564,-0.01470215,0.02926912,4068,59175,warning_stem_collisions,success,success,exact-then-unique-porter-1.0.0,baek-smart-porter-1.0.0
S2025-279,0000740260,VTR,Ventas,0000740260-26-000006,2025,2026-02-06,1.0.3,0.3.0,1,24,0.33944811,70703,3273,17,0.00519401,success,25,0.04222973,13,0.02195946,20,0.03378378,0,0.00000000,7,0.01182432,592,success,9,32,0.01520270,0.05405405,-0.56097561,0.06925676,-0.03885135,83,success,2.67119617,2.50000000,0.79211485,1.50000000,4.61000000,209,315,106,0.66349206,132,83,warning_stem_collisions,2.81472125,2.71000000,0.79504021,1.19000000,5.00000000,27785,36952,9167,0.75192141,2197,6712,warning_stem_collisions,70443,11.16255915,3273,1422,21.52245646,20.77851392,0.02673083,24,0.34070099,15308,0.17851687,4361255,468827,0.10749819,success,426,1422,-0.53896104,1493,0.02199049,830,0.01222512,124,0.00182640,721,0.01061965,687,0.01011886,,,0.00627458,0.02094472,-0.01467014,0.02721930,4630,67893,warning_stem_collisions,success,success,exact-then-unique-porter-1.0.0,baek-smart-porter-1.0.0
S2025-280,0000915912,AVB,AvalonBay Communities,0000915912-26-000004,2025,2026-02-27,1.0.3,0.3.0,1,13,0.25113009,51766,2358,9,0.00381679,success,10,0.02710027,4,0.01084011,8,0.02168022,0,0.00000000,4,0.01084011,369,success,4,10,0.01084011,0.02710027,-0.42857143,0.03794038,-0.01626016,32,success,2.69811594,2.48000000,0.78577623,1.50000000,4.64000000,138,211,73,0.65402844,99,53,warning_stem_collisions,2.88840998,2.75000000,0.81615908,1.19000000,5.00000000,19918,26346,6428,0.75601609,1943,4811,warning_stem_collisions,51479,10.84892924,2358,1034,21.83163698,21.55555142,0.03817090,13,0.25253016,15741,0.23417138,6169057,341612,0.05537508,success,311,886,-0.48036759,873,0.01783307,473,0.00966213,139,0.00283940,490,0.01000940,395,0.00806880,,,0.00635290,0.01809862,-0.01174572,0.02445153,2905,48954,warning_stem_collisions,success,success,exact-then-unique-porter-1.0.0,baek-smart-porter-1.0.0
S2025-281,0001070750,HST,Host Hotels & Resorts,0001070750-26-000054,2025,2026-02-25,1.0.3,0.3.0,1,10,0.16353497,61149,2936,7,0.00238420,success,10,0.03389831,5,0.01694915,7,0.02372881,0,0.00000000,0,0.00000000,295,success,2,24,0.00677966,0.08135593,-0.84615385,0.08813559,-0.07457627,39,success,2.50992063,2.44000000,0.66424978,1.30000000,4.93000000,126,173,47,0.72832370,98,30,warning_stem_collisions,2.97733383,2.86000000,0.86655369,1.19000000,5.00000000,23922,31185,7263,0.76709957,2136,5167,warning_stem_collisions,61119,11.02057806,2936,1181,20.81709809,19.93534277,0.03275577,10,0.16361524,13388,0.17968781,4183882,397885,0.09509948,success,358,810,-0.38698630,832,0.01421760,385,0.00657906,155,0.00264871,420,0.00717716,470,0.00803158,,,0.00611767,0.01384166,-0.00772399,0.01995933,2905,58519,warning_stem_collisions,success,success,exact-then-unique-porter-1.0.0,baek-smart-porter-1.0.0
S2025-282,0000906345,CPT,Camden Property Trust,0001628280-26-007697,2025,2026-02-12,1.0.3,0.3.0,1,1,0.03386272,29531,1456,1,0.00068681,success,2,0.04081633,2,0.04081633,2,0.04081633,0,0.00000000,0,0.00000000,49,success,1,4,0.02040816,0.08163265,-0.60000000,0.10204082,-0.06122449,8,success,2.48150000,2.50000000,0.46506209,1.64000000,3.28000000,20,25,5,0.80000000,19,4,warning_stem_collisions,2.85403403,2.74000000,0.78134381,1.30000000,5.00000000,11579,15217,3638,0.76092528,1480,2800,warning_stem_collisions,29420,10.28942999,1456,623,20.20604396,20.79137022,0.04439157,1,0.03399048,9110,0.23643914,3167739,195482,0.06171026,success,177,434,-0.42062193,646,0.02322237,274,0.00984974,44,0.00158171,176,0.00632684,235,0.00844777,,,0.00636279,0.01560141,-0.00923862,0.02196420,1593,27818,warning_stem_collisions,success,success,exact-then-unique-porter-1.0.0,baek-smart-porter-1.0.0
S2025-283,0001057352,CSGP,CoStar Group,0001057352-26-000020,2025,2026-02-26,1.0.3,0.3.0,1,68,1.27357519,53393,2542,52,0.02045633,success,48,0.02825191,35,0.02060035,31,0.01824603,6,0.00353149,8,0.00470865,1699,success,30,46,0.01765745,0.02707475,-0.21052632,0.04473220,-0.00941730,165,success,2.77970859,2.61000000,0.82459606,1.28000000,4.93000000,652,948,296,0.68776371,337,195,warning_stem_collisions,2.89297612,2.82000000,0.79630054,1.19000000,5.00000000,21276,28286,7010,0.75217422,2219,5200,warning_stem_collisions,53285,10.88341014,2542,1096,20.96184107,21.16367508,0.02963311,68,1.27615652,10948,0.17044198,2783426,357776,0.12853800,success,313,1095,-0.55539773,1074,0.02103861,577,0.01130287,111,0.00217438,517,0.01012752,435,0.00852122,,,0.00613136,0.02144998,-0.01531862,0.02758134,3356,51049,warning_stem_collisions,success,success,exact-then-unique-porter-1.0.0,baek-smart-porter-1.0.0
S2025-284,0001035443,ARE,Alexandria Real Estate Equities,0001035443-26-000013,2025,2026-01-26,1.0.3,0.3.0,1,15,0.13745956,109123,8925,12,0.00134454,success,6,0.03157895,4,0.02105263,3,0.01578947,0,0.00000000,1,0.00526316,190,success,1,3,0.00526316,0.01578947,-0.50000000,0.02105263,-0.01052632,15,success,2.80469697,2.73000000,0.66481763,1.50000000,4.55000000,66,101,35,0.65346535,48,20,warning_stem_collisions,2.88978343,2.76000000,0.82100389,1.26000000,5.00000000,43773,57358,13585,0.76315422,2830,10093,warning_stem_collisions,107852,11.58851520,8925,6600,12.08425770,16.83990996,0.03339762,15,0.13907948,22288,0.17126172,12365511,729231,0.05897298,success,845,2498,-0.49446605,2054,0.01992588,1205,0.01168972,206,0.00199841,746,0.00723696,925,0.00897344,,,0.00819736,0.02423313,-0.01603578,0.03243049,6898,103082,warning_stem_collisions,success,success,exact-then-unique-porter-1.0.0,baek-smart-porter-1.0.0
S2025-285,0001393311,PSA,Public Storage,0001628280-26-007696,2025,2026-02-12,1.0.3,0.3.0,1,10,0.25886617,38630,1974,7,0.00354610,success,9,0.03180212,2,0.00706714,4,0.01413428,1,0.00353357,3,0.01060071,283,success,12,19,0.04240283,0.06713781,-0.22580645,0.10954064,-0.02473498,45,success,2.57568182,2.44000000,0.73440163,1.30000000,4.53000000,132,158,26,0.83544304,94,25,warning_stem_collisions,2.89821461,2.80000000,0.80282412,1.19000000,5.00000000,15302,20364,5062,0.75142408,1906,3380,warning_stem_collisions,38584,10.56059296,1974,872,19.54609929,20.28971078,0.04810284,10,0.25917479,12968,0.25155183,3643106,255946,0.07025489,success,243,602,-0.42485207,627,0.01736217,271,0.00750422,54,0.00149531,298,0.00825188,283,0.00783651,,,0.00672888,0.01666990,-0.00994102,0.02339878,2011,36113,warning_stem_collisions,success,success,exact-then-unique-porter-1.0.0,baek-smart-porter-1.0.0
S2025-286,0000906107,EQR,Equity Residential,0001193125-26-051433,2025,2026-02-13,1.0.3,0.3.0,1,11,0.16820601,65396,3018,10,0.00331345,success,14,0.04929577,3,0.01056338,11,0.03873239,2,0.00704225,1,0.00352113,284,success,5,11,0.01760563,0.03873239,-0.37500000,0.05633803,-0.02112676,34,success,2.57209091,2.50000000,0.66068297,1.50000000,4.34000000,110,147,37,0.74829932,80,26,warning_stem_collisions,2.87488387,2.78000000,0.80009682,1.25000000,5.00000000,25617,34436,8819,0.74390173,2005,6272,warning_stem_collisions,65200,11.08521475,3018,1199,21.60371107,22.04499554,0.03653374,11,0.16871166,19898,0.23382453,16694604,436751,0.02616121,success,352,831,-0.40490279,976,0.01578037,448,0.00724345,159,0.00257078,402,0.00649970,522,0.00843991,,,0.00569128,0.01343595,-0.00774467,0.01912723,3036,61849,warning_stem_collisions,success,success,exact-then-unique-porter-1.0.0,baek-smart-porter-1.0.0
S2025-287,0000106535,WY,Weyerhaeuser,0001193125-26-051422,2025,2026-02-13,1.0.3,0.3.0,1,16,0.23381899,68429,3534,11,0.00311262,success,18,0.05325444,5,0.01479290,12,0.03550296,2,0.00591716,5,0.01479290,338,success,8,12,0.02366864,0.03550296,-0.20000000,0.05917160,-0.01183432,48,success,2.55304000,2.41000000,0.73036892,1.30000000,4.73000000,125,184,59,0.67934783,107,41,warning_stem_collisions,2.97036912,2.87000000,0.85089300,1.26000000,5.00000000,27200,36111,8911,0.75323309,2298,6321,warning_stem_collisions,67773,11.12391916,3534,1545,19.17741935,19.39511357,0.03936671,16,0.23608222,14581,0.17705272,8262050,446968,0.05409892,success,333,834,-0.42930591,1009,0.01568402,406,0.00631091,170,0.00264250,551,0.00856481,488,0.00758553,,,0.00517619,0.01296380,-0.00778761,0.01813999,3260,64333,warning_stem_collisions,success,success,exact-then-unique-porter-1.0.0,baek-smart-porter-1.0.0
S2025-288,0001326160,DUK,Duke Energy,0001326160-26-000014,2025,2026-02-26,1.0.3,0.3.0,1,25,0.24295905,102898,6080,18,0.00296053,success,11,0.02235772,4,0.00813008,2,0.00406504,0,0.00000000,0,0.00000000,492,success,8,5,0.01626016,0.01016260,0.23076923,0.02642276,0.00609756,27,success,2.80929245,2.70500000,0.76242597,1.50000000,4.64000000,212,308,96,0.68831169,140,43,warning_stem_collisions,2.94063494,2.89000000,0.79982430,1.19000000,5.00000000,43658,59091,15433,0.73882656,2603,10219,warning_stem_collisions,102503,11.53764735,6080,2437,16.85904605,21.80377029,0.03149176,25,0.24389530,55791,0.35245177,16080176,690996,0.04297192,success,709,1380,-0.32120632,1262,0.01288715,490,0.00500373,178,0.00181768,1594,0.01627743,802,0.00818977,,,0.00724009,0.01409213,-0.00685204,0.02133222,5716,97927,warning_stem_collisions,success,success,exact-then-unique-porter-1.0.0,baek-smart-porter-1.0.0
S2025-289,0001692819,VST,Vistra Corp.,0001692819-26-000006,2025,2026-02-27,1.0.3,0.3.0,1,12,0.15138708,79267,3719,8,0.00215112,success,7,0.01813472,2,0.00518135,4,0.01036269,1,0.00259067,2,0.00518135,386,success,6,16,0.01554404,0.04145078,-0.45454545,0.05699482,-0.02590674,32,success,2.80739726,2.63000000,0.78579517,1.52000000,4.93000000,146,214,68,0.68224299,110,44,warning_stem_collisions,2.90940306,2.85000000,0.82207829,1.04000000,5.00000000,31561,43157,11596,0.73130662,2549,7666,warning_stem_collisions,78988,11.27705122,3719,1708,21.23904275,21.76764213,0.03218210,12,0.15192181,24738,0.23849372,5587052,526453,0.09422733,success,415,1611,-0.59032577,1429,0.01890487,697,0.00922092,192,0.00254005,947,0.01252828,765,0.01012052,,,0.00549022,0.02131262,-0.01582241,0.02680284,5117,75589,warning_stem_collisions,success,success,exact-then-unique-porter-1.0.0,baek-smart-porter-1.0.0
S2025-290,0000783325,WEC,WEC Energy Group,0000783325-26-000018,2025,2026-02-20,1.0.3,0.3.0,1,25,0.29686628,84213,4477,15,0.00335046,success,17,0.03786192,13,0.02895323,10,0.02227171,2,0.00445434,3,0.00668151,449,success,10,20,0.02227171,0.04454343,-0.33333333,0.06681514,-0.02227171,62,success,2.51563758,2.37000000,0.69393762,1.30000000,4.50000000,149,234,85,0.63675214,94,56,warning_stem_collisions,2.91690982,2.85000000,0.81047788,1.19000000,5.00000000,32956,45190,12234,0.72927639,2355,8174,warning_stem_collisions,83652,11.33442062,4477,1845,18.68483359,19.86423146,0.03839717,25,0.29885717,19986,0.19284432,6590988,553176,0.08392915,success,338,1101,-0.53022933,1183,0.01492161,540,0.00681122,156,0.00196768,1041,0.01313051,744,0.00938434,,,0.00426332,0.01388731,-0.00962400,0.01815063,4387,79281,warning_stem_collisions,success,success,exact-then-unique-porter-1.0.0,baek-smart-porter-1.0.0
S2025-291,0001032208,SRE,Sempra,0001032208-26-000010,2025,2026-02-26,1.0.3,0.3.0,1,9,0.07512772,119796,6074,9,0.00148173,success,7,0.02527076,5,0.01805054,3,0.01083032,2,0.00722022,1,0.00361011,277,success,1,13,0.00361011,0.04693141,-0.85714286,0.05054152,-0.04332130,28,success,2.69000000,2.56000000,0.72298998,1.50000000,4.87000000,124,163,39,0.76073620,75,32,warning_stem_collisions,2.89713713,2.81000000,0.79846636,1.17000000,5.00000000,44403,64036,19633,0.69340683,2594,10470,warning_stem_collisions,119654,11.69235952,6074,3232,19.69937438,19.90608481,0.04742006,9,0.07521688,30591,0.20360744,10290993,778316,0.07563080,success,358,1745,-0.65953400,1856,0.01653776,835,0.00744021,253,0.00225434,1571,0.01399829,922,0.00821542,,,0.00318993,0.01554870,-0.01235877,0.01873864,6421,112228,warning_stem_collisions,success,success,exact-then-unique-porter-1.0.0,baek-smart-porter-1.0.0
S2025-292,0000072903,XEL,Xcel Energy,0000072903-26-000009,2025,2026-02-25,1.0.3,0.3.0,1,4,0.08029065,49819,3435,3,0.00087336,success,3,0.04615385,0,0.00000000,2,0.03076923,0,0.00000000,0,0.00000000,65,success,2,3,0.03076923,0.04615385,-0.20000000,0.07692308,-0.01538462,8,success,2.84741935,2.64000000,0.77364645,1.63000000,4.64000000,31,42,11,0.73809524,28,6,warning_stem_collisions,2.88195444,2.83000000,0.79161316,1.26000000,5.00000000,20282,28111,7829,0.72149692,2091,5160,warning_stem_collisions,49456,10.80883866,3435,1360,14.39767103,19.49148023,0.03623423,4,0.08087997,22336,0.31112102,5225223,336412,0.06438232,success,129,743,-0.70412844,925,0.01971189,398,0.00848144,85,0.00181136,857,0.01826280,406,0.00865192,,,0.00274901,0.01583344,-0.01308443,0.01858245,3008,46926,warning_stem_collisions,success,success,exact-then-unique-porter-1.0.0,baek-smart-porter-1.0.0
S2025-293,0000753308,NEE,NextEra Energy,0000753308-26-000015,2025,2026-02-13,1.0.3,0.3.0,1,16,0.24400659,65572,2934,11,0.00374915,success,18,0.04488778,3,0.00748130,11,0.02743142,0,0.00000000,6,0.01496259,401,success,9,15,0.02244389,0.03740648,-0.25000000,0.05985037,-0.01496259,50,success,2.62598765,2.44500000,0.70905472,1.50000000,4.55000000,162,246,84,0.65853659,106,50,warning_stem_collisions,2.87795756,2.76000000,0.80407600,1.19000000,5.00000000,25401,35684,10283,0.71183163,2080,6136,warning_stem_collisions,64774,11.07865957,2934,1320,22.07702795,21.87996043,0.03702103,16,0.24701269,17315,0.21092960,4642182,435273,0.09376474,success,226,1070,-0.65123457,1084,0.01776816,419,0.00686795,92,0.00150800,862,0.01412929,565,0.00926108,,,0.00370443,0.01753868,-0.01383425,0.02124312,3713,61008,warning_stem_collisions,success,success,exact-then-unique-porter-1.0.0,baek-smart-porter-1.0.0
S2025-294,0000827052,EIX,Edison International,0000827052-26-000012,2025,2026-02-18,1.0.3,0.3.0,1,1,0.01313698,76121,3660,1,0.00027322,success,2,0.05263158,1,0.02631579,1,0.02631579,0,0.00000000,1,0.02631579,38,success,0,6,0.00000000,0.15789474,-1.00000000,0.15789474,-0.15789474,10,success,2.63052632,2.62000000,0.72715360,1.63000000,4.93000000,19,27,8,0.70370370,19,5,warning_stem_collisions,2.92704362,2.82000000,0.81790158,1.26000000,5.00000000,29553,42443,12890,0.69629857,2300,7292,warning_stem_collisions,76047,11.23910685,3660,1615,20.77786885,21.39422763,0.04169790,1,0.01314976,16304,0.17654384,4853491,513088,0.10571525,success,213,1691,-0.77626050,1240,0.01740717,408,0.00572752,221,0.00310241,1268,0.01780024,641,0.00899839,,,0.00299010,0.02373833,-0.02074823,0.02672843,4852,71235,warning_stem_collisions,success,success,exact-then-unique-porter-1.0.0,baek-smart-porter-1.0.0
S2025-295,0000352541,LNT,Alliant Energy,0000352541-26-000007,2025,2026-02-20,1.0.3,0.3.0,1,1,0.01708555,58529,2667,1,0.00037495,success,1,0.04347826,0,0.00000000,1,0.04347826,0,0.00000000,0,0.00000000,23,success,0,5,0.00000000,0.21739130,-1.00000000,0.21739130,-0.21739130,6,success,2.44909091,2.33000000,0.58361654,1.68000000,3.62000000,11,16,5,0.68750000,11,5,warning_stem_collisions,2.90492830,2.85000000,0.79232968,1.26000000,5.00000000,23292,33074,9782,0.70423898,2001,5793,warning_stem_collisions,57868,10.96591983,2667,1007,21.69778778,22.10943317,0.02980922,1,0.01728071,18707,0.24429644,5644326,391190,0.06930677,success,206,660,-0.52424942,796,0.01453749,386,0.00704958,97,0.00177153,729,0.01331385,473,0.00863848,,,0.00376221,0.01205369,-0.00829148,0.01581591,2877,54755,warning_stem_collisions,success,success,exact-then-unique-porter-1.0.0,baek-smart-porter-1.0.0
S2025-296,0000936340,DTE,DTE Energy,0000936340-26-000054,2025,2026-02-17,1.0.3,0.3.0,1,1,0.01706164,58611,3232,1,0.00030941,success,1,0.05263158,0,0.00000000,1,0.05263158,0,0.00000000,0,0.00000000,19,success,1,2,0.05263158,0.10526316,-0.33333333,0.15789474,-0.05263158,4,success,2.38625000,2.40000000,0.29773887,1.91000000,2.93000000,8,11,3,0.72727273,8,3,warning_stem_collisions,2.89334141,2.82000000,0.77860210,1.26000000,5.00000000,23942,33418,9476,0.71644024,2013,5955,warning_stem_collisions,58183,10.97134849,3232,1423,18.00216584,21.44173334,0.03095406,1,0.01718715,20593,0.26141211,6032479,398599,0.06607549,success,247,676,-0.46478873,860,0.01553160,305,0.00550830,125,0.00225750,704,0.01271424,484,0.00874104,,,0.00446082,0.01220856,-0.00774774,0.01666938,2948,55371,warning_stem_collisions,success,success,exact-then-unique-porter-1.0.0,baek-smart-porter-1.0.0
S2025-297,0001031296,FE,FirstEnergy,0001031296-26-000046,2025,2026-02-18,1.0.3,0.3.0,1,8,0.08184981,97740,4174,8,0.00191663,success,4,0.01038961,3,0.00779221,4,0.01038961,1,0.00259740,2,0.00519481,385,success,4,13,0.01038961,0.03376623,-0.52941176,0.04415584,-0.02337662,27,success,2.88569767,2.81500000,0.72890893,1.68000000,4.54000000,172,232,60,0.74137931,97,44,warning_stem_collisions,2.90422301,2.82000000,0.79610746,1.19000000,5.00000000,36796,52233,15437,0.70445887,2373,8915,warning_stem_collisions,97987,11.49259010,4174,1615,23.47556301,21.94059310,0.05167012,8,0.08164348,22862,0.18917823,6497062,645835,0.09940416,success,354,1668,-0.64985163,1479,0.01618587,700,0.00766065,196,0.00214498,1566,0.01713798,859,0.00940072,,,0.00387410,0.01825425,-0.01438014,0.02212835,5837,91376,warning_stem_collisions,success,success,exact-then-unique-porter-1.0.0,baek-smart-porter-1.0.0
S2025-298,0001109357,EXC,Exelon,0001109357-26-000018,2025,2026-02-12,1.0.3,0.3.0,1,2,0.02408565,83037,4982,2,0.00040145,success,2,0.04444444,0,0.00000000,1,0.02222222,0,0.00000000,0,0.00000000,45,success,0,0,0.00000000,0.00000000,,0.00000000,0.00000000,2,success,2.79130435,2.78000000,0.73890815,1.63000000,4.54000000,23,30,7,0.76666667,20,5,warning_stem_collisions,2.88622009,2.81000000,0.78556648,1.26000000,5.00000000,32932,45967,13035,0.71642700,2184,8663,warning_stem_collisions,82571,11.32141381,4982,2353,16.57386592,21.51833807,0.03908152,2,0.02422158,42944,0.34214237,14641208,564864,0.03858042,success,266,881,-0.53618134,921,0.01179137,361,0.00462181,173,0.00221488,1246,0.01595227,697,0.00892354,,,0.00340554,0.01127925,-0.00787371,0.01468480,4041,78108,warning_stem_collisions,success,success,exact-then-unique-porter-1.0.0,baek-smart-porter-1.0.0
S2025-299,0001047862,ED,Consolidated Edison,0001047862-26-000031,2025,2026-02-19,1.0.3,0.3.0,1,12,0.16702159,71847,4004,10,0.00249750,success,9,0.03169014,8,0.02816901,8,0.02816901,0,0.00000000,2,0.00704225,284,success,0,14,0.00000000,0.04929577,-1.00000000,0.04929577,-0.04929577,32,success,2.84861386,2.69000000,0.83566068,1.52000000,4.57000000,101,154,53,0.65584416,74,34,warning_stem_collisions,2.95789129,2.89000000,0.79805068,1.26000000,5.00000000,28093,38356,10263,0.73242778,2109,6595,warning_stem_collisions,71604,11.17890622,4004,1449,17.88311688,20.12662565,0.04823753,12,0.16758840,27864,0.28013029,6174722,469325,0.07600747,success,191,782,-0.60739979,748,0.01114239,302,0.00449867,142,0.00211527,772,0.01149990,443,0.00659904,,,0.00284518,0.01164887,-0.00880368,0.01449405,2992,67131,warning_stem_collisions,success,success,exact-then-unique-porter-1.0.0,baek-smart-porter-1.0.0
S2025-300,0001711269,EVRG,Evergy,0001711269-26-000017,2025,2026-02-19,1.0.3,0.3.0,1,16,0.25147743,63624,3353,13,0.00387712,success,16,0.01766004,16,0.01766004,8,0.00883002,1,0.00110375,5,0.00551876,906,success,2,30,0.00220751,0.03311258,-0.87500000,0.03532009,-0.03090508,67,success,2.86251989,2.76000000,0.81848976,1.31000000,5.00000000,377,530,153,0.71132075,226,109,warning_stem_collisions,2.89788491,2.79000000,0.80849701,1.26000000,5.00000000,25058,36223,11165,0.69177042,2109,6087,warning_stem_collisions,63458,11.05813355,3353,1351,18.92573814,22.23817771,0.03027199,16,0.25213527,25627,0.28766908,8540672,429225,0.05025658,success,205,902,-0.62962963,928,0.01536042,404,0.00668708,131,0.00216834,778,0.01287760,547,0.00905404,,,0.00339320,0.01493007,-0.01153687,0.01832326,3351,60415,warning_stem_collisions,success,success,exact-then-unique-porter-1.0.0,baek-smart-porter-1.0.0
