sample_order,company_id,final_sample_id,ticker,symbol,company_name,security,_company_key,cik,gics_sector,gics_sub_industry,accession_number,primary_document,form,filing_date,report_date,report_year,filing_url,source_manifest,sample_group,batch_id,r2_object_key,universe_order
1,S2023-001,S2023-001,MMM,MMM,3M,3M,cik:0000066740,0000066740,Industrials,Industrial Conglomerates,0000066740-24-000016,mmm-20231231.htm,10-K,2024-02-07,2023-12-31,2023,https://www.sec.gov/Archives/edgar/data/66740/000006674024000016/mmm-20231231.htm,2023/sp500_companies.csv,sample_2023,1,2023/sample_500/html/raw/0000066740/0000066740-24-000016.html,1
2,S2023-002,S2023-002,AOS,AOS,A. O. Smith,A. O. Smith,cik:0000091142,0000091142,Industrials,Building Products,0000091142-24-000041,aos-20231231.htm,10-K,2024-02-13,2023-12-31,2023,https://www.sec.gov/Archives/edgar/data/91142/000009114224000041/aos-20231231.htm,2023/sp500_companies.csv,sample_2023,1,2023/sample_500/html/raw/0000091142/0000091142-24-000041.html,2
3,S2023-003,S2023-003,AES,AES,AES Corporation,AES Corporation,cik:0000874761,0000874761,Utilities,Independent Power Producers & Energy Traders,0000874761-24-000011,aes-20231231.htm,10-K,2024-02-26,2023-12-31,2023,https://www.sec.gov/Archives/edgar/data/874761/000087476124000011/aes-20231231.htm,2023/sp500_companies.csv,sample_2023,1,2023/sample_500/html/raw/0000874761/0000874761-24-000011.html,3
4,S2023-004,S2023-004,APA,APA,APA Corporation,APA Corporation,cik:0001841666,0001841666,Energy,Oil & Gas Exploration & Production,0001784031-24-000003,apa-20231231.htm,10-K,2024-02-22,2023-12-31,2023,https://www.sec.gov/Archives/edgar/data/1841666/000178403124000003/apa-20231231.htm,2023/sp500_companies.csv,sample_2023,1,2023/sample_500/html/raw/0001841666/0001784031-24-000003.html,4
5,S2023-005,S2023-005,T,T,AT&T,AT&T,cik:0000732717,0000732717,Communication Services,Integrated Telecommunication Services,0000732717-24-000009,t-20231231.htm,10-K,2024-02-23,2023-12-31,2023,https://www.sec.gov/Archives/edgar/data/732717/000073271724000009/t-20231231.htm,2023/sp500_companies.csv,sample_2023,1,2023/sample_500/html/raw/0000732717/0000732717-24-000009.html,5
6,S2023-006,S2023-006,ABBV,ABBV,AbbVie,AbbVie,cik:0001551152,0001551152,Health Care,Biotechnology,0001551152-24-000011,abbv-20231231.htm,10-K,2024-02-20,2023-12-31,2023,https://www.sec.gov/Archives/edgar/data/1551152/000155115224000011/abbv-20231231.htm,2023/sp500_companies.csv,sample_2023,1,2023/sample_500/html/raw/0001551152/0001551152-24-000011.html,6
7,S2023-007,S2023-007,ABT,ABT,Abbott Laboratories,Abbott Laboratories,cik:0000001800,0000001800,Health Care,Health Care Equipment,0001628280-24-005348,abt-20231231.htm,10-K,2024-02-16,2023-12-31,2023,https://www.sec.gov/Archives/edgar/data/1800/000162828024005348/abt-20231231.htm,2023/sp500_companies.csv,sample_2023,1,2023/sample_500/html/raw/0000001800/0001628280-24-005348.html,7
8,S2023-008,S2023-008,ACN,ACN,Accenture,Accenture,cik:0001467373,0001467373,Information Technology,IT Consulting & Other Services,0001467373-23-000324,acn-20230831.htm,10-K,2023-10-12,2023-08-31,2023,https://www.sec.gov/Archives/edgar/data/1467373/000146737323000324/acn-20230831.htm,2023/sp500_companies.csv,sample_2023,1,2023/sample_500/html/raw/0001467373/0001467373-23-000324.html,8
9,S2023-009,S2023-009,ADBE,ADBE,Adobe Inc.,Adobe Inc.,cik:0000796343,0000796343,Information Technology,Application Software,0000796343-24-000006,adbe-20231201.htm,10-K,2024-01-17,2023-12-01,2023,https://www.sec.gov/Archives/edgar/data/796343/000079634324000006/adbe-20231201.htm,2023/sp500_companies.csv,sample_2023,1,2023/sample_500/html/raw/0000796343/0000796343-24-000006.html,9
10,S2023-010,S2023-010,AMD,AMD,Advanced Micro Devices,Advanced Micro Devices,cik:0000002488,0000002488,Information Technology,Semiconductors,0000002488-24-000012,amd-20231230.htm,10-K,2024-01-31,2023-12-30,2023,https://www.sec.gov/Archives/edgar/data/2488/000000248824000012/amd-20231230.htm,2023/sp500_companies.csv,sample_2023,1,2023/sample_500/html/raw/0000002488/0000002488-24-000012.html,10
11,S2023-011,S2023-011,AFL,AFL,Aflac,Aflac,cik:0000004977,0000004977,Financials,Life & Health Insurance,0000004977-24-000053,afl-20231231.htm,10-K,2024-02-22,2023-12-31,2023,https://www.sec.gov/Archives/edgar/data/4977/000000497724000053/afl-20231231.htm,2023/sp500_companies.csv,sample_2023,1,2023/sample_500/html/raw/0000004977/0000004977-24-000053.html,11
12,S2023-012,S2023-012,A,A,Agilent Technologies,Agilent Technologies,cik:0001090872,0001090872,Health Care,Life Sciences Tools & Services,0001090872-23-000020,a-20231031.htm,10-K,2023-12-20,2023-10-31,2023,https://www.sec.gov/Archives/edgar/data/1090872/000109087223000020/a-20231031.htm,2023/sp500_companies.csv,sample_2023,1,2023/sample_500/html/raw/0001090872/0001090872-23-000020.html,12
13,S2023-013,S2023-013,APD,APD,Air Products,Air Products,cik:0000002969,0000002969,Materials,Industrial Gases,0000002969-23-000047,apd-20230930.htm,10-K,2023-11-16,2023-09-30,2023,https://www.sec.gov/Archives/edgar/data/2969/000000296923000047/apd-20230930.htm,2023/sp500_companies.csv,sample_2023,1,2023/sample_500/html/raw/0000002969/0000002969-23-000047.html,13
14,S2023-014,S2023-014,ABNB,ABNB,Airbnb,Airbnb,cik:0001559720,0001559720,Consumer Discretionary,"Hotels, Resorts & Cruise Lines",0001559720-24-000006,abnb-20231231.htm,10-K,2024-02-16,2023-12-31,2023,https://www.sec.gov/Archives/edgar/data/1559720/000155972024000006/abnb-20231231.htm,2023/sp500_companies.csv,sample_2023,1,2023/sample_500/html/raw/0001559720/0001559720-24-000006.html,14
15,S2023-015,S2023-015,AKAM,AKAM,Akamai Technologies,Akamai Technologies,cik:0001086222,0001086222,Information Technology,Internet Services & Infrastructure,0001086222-24-000040,akam-20231231.htm,10-K,2024-02-28,2023-12-31,2023,https://www.sec.gov/Archives/edgar/data/1086222/000108622224000040/akam-20231231.htm,2023/sp500_companies.csv,sample_2023,1,2023/sample_500/html/raw/0001086222/0001086222-24-000040.html,15
16,S2023-016,S2023-016,ALB,ALB,Albemarle Corporation,Albemarle Corporation,cik:0000915913,0000915913,Materials,Specialty Chemicals,0000915913-24-000016,alb-20231231.htm,10-K,2024-02-15,2023-12-31,2023,https://www.sec.gov/Archives/edgar/data/915913/000091591324000016/alb-20231231.htm,2023/sp500_companies.csv,sample_2023,1,2023/sample_500/html/raw/0000915913/0000915913-24-000016.html,16
17,S2023-017,S2023-017,ARE,ARE,Alexandria Real Estate Equities,Alexandria Real Estate Equities,cik:0001035443,0001035443,Real Estate,Office REITs,0001035443-24-000072,are-20231231.htm,10-K,2024-01-29,2023-12-31,2023,https://www.sec.gov/Archives/edgar/data/1035443/000103544324000072/are-20231231.htm,2023/sp500_companies.csv,sample_2023,1,2023/sample_500/html/raw/0001035443/0001035443-24-000072.html,17
18,S2023-018,S2023-018,ALGN,ALGN,Align Technology,Align Technology,cik:0001097149,0001097149,Health Care,Health Care Supplies,0001097149-24-000011,algn-20231231.htm,10-K,2024-02-28,2023-12-31,2023,https://www.sec.gov/Archives/edgar/data/1097149/000109714924000011/algn-20231231.htm,2023/sp500_companies.csv,sample_2023,1,2023/sample_500/html/raw/0001097149/0001097149-24-000011.html,18
19,S2023-019,S2023-019,ALLE,ALLE,Allegion,Allegion,cik:0001579241,0001579241,Industrials,Building Products,0001579241-24-000006,alle-20231231.htm,10-K,2024-02-20,2023-12-31,2023,https://www.sec.gov/Archives/edgar/data/1579241/000157924124000006/alle-20231231.htm,2023/sp500_companies.csv,sample_2023,1,2023/sample_500/html/raw/0001579241/0001579241-24-000006.html,19
20,S2023-020,S2023-020,LNT,LNT,Alliant Energy,Alliant Energy,cik:0000352541,0000352541,Utilities,Electric Utilities,0000352541-24-000014,lnt-20231231.htm,10-K,2024-02-16,2023-12-31,2023,https://www.sec.gov/Archives/edgar/data/352541/000035254124000014/lnt-20231231.htm,2023/sp500_companies.csv,sample_2023,1,2023/sample_500/html/raw/0000352541/0000352541-24-000014.html,20
21,S2023-021,S2023-021,ALL,ALL,Allstate,Allstate,cik:0000899051,0000899051,Financials,Property & Casualty Insurance,0000899051-24-000013,all-20231231.htm,10-K,2024-02-21,2023-12-31,2023,https://www.sec.gov/Archives/edgar/data/899051/000089905124000013/all-20231231.htm,2023/sp500_companies.csv,sample_2023,1,2023/sample_500/html/raw/0000899051/0000899051-24-000013.html,21
22,S2023-022,S2023-022,GOOGL|GOOG,GOOGL|GOOG,Alphabet Inc. (Class A)|Alphabet Inc. (Class C),Alphabet Inc. (Class A)|Alphabet Inc. (Class C),cik:0001652044,0001652044,Communication Services,Interactive Media & Services,0001652044-24-000022,goog-20231231.htm,10-K,2024-01-31,2023-12-31,2023,https://www.sec.gov/Archives/edgar/data/1652044/000165204424000022/goog-20231231.htm,2023/sp500_companies.csv,sample_2023,1,2023/sample_500/html/raw/0001652044/0001652044-24-000022.html,22
23,S2023-023,S2023-023,MO,MO,Altria,Altria,cik:0000764180,0000764180,Consumer Staples,Tobacco,0000764180-24-000018,mo-20231231.htm,10-K,2024-02-27,2023-12-31,2023,https://www.sec.gov/Archives/edgar/data/764180/000076418024000018/mo-20231231.htm,2023/sp500_companies.csv,sample_2023,1,2023/sample_500/html/raw/0000764180/0000764180-24-000018.html,23
24,S2023-024,S2023-024,AMZN,AMZN,Amazon,Amazon,cik:0001018724,0001018724,Consumer Discretionary,Broadline Retail,0001018724-24-000008,amzn-20231231.htm,10-K,2024-02-02,2023-12-31,2023,https://www.sec.gov/Archives/edgar/data/1018724/000101872424000008/amzn-20231231.htm,2023/sp500_companies.csv,sample_2023,1,2023/sample_500/html/raw/0001018724/0001018724-24-000008.html,24
25,S2023-025,S2023-025,AMCR,AMCR,Amcor,Amcor,cik:0001748790,0001748790,Materials,Paper & Plastic Packaging Products & Materials,0001748790-23-000030,amcr-20230630.htm,10-K,2023-08-17,2023-06-30,2023,https://www.sec.gov/Archives/edgar/data/1748790/000174879023000030/amcr-20230630.htm,2023/sp500_companies.csv,sample_2023,1,2023/sample_500/html/raw/0001748790/0001748790-23-000030.html,25
26,S2023-026,S2023-026,AEE,AEE,Ameren,Ameren,cik:0001002910,0001002910,Utilities,Multi-Utilities,0001002910-24-000056,aee-20231231.htm,10-K,2024-02-29,2023-12-31,2023,https://www.sec.gov/Archives/edgar/data/1002910/000100291024000056/aee-20231231.htm,2023/sp500_companies.csv,sample_2023,1,2023/sample_500/html/raw/0001002910/0001002910-24-000056.html,26
27,S2023-027,S2023-027,AAL,AAL,American Airlines Group,American Airlines Group,cik:0000006201,0000006201,,,0000006201-24-000010,aal-20231231.htm,10-K,2024-02-21,2023-12-31,2023,https://www.sec.gov/Archives/edgar/data/6201/000000620124000010/aal-20231231.htm,2023/sp500_companies.csv,sample_2023,1,2023/sample_500/html/raw/0000006201/0000006201-24-000010.html,27
28,S2023-028,S2023-028,AEP,AEP,American Electric Power,American Electric Power,cik:0000004904,0000004904,Utilities,Electric Utilities,0000004904-24-000020,aep-20231231.htm,10-K,2024-02-26,2023-12-31,2023,https://www.sec.gov/Archives/edgar/data/4904/000000490424000020/aep-20231231.htm,2023/sp500_companies.csv,sample_2023,1,2023/sample_500/html/raw/0000004904/0000004904-24-000020.html,28
29,S2023-029,S2023-029,AXP,AXP,American Express,American Express,cik:0000004962,0000004962,Financials,Consumer Finance,0000004962-24-000013,axp-20231231.htm,10-K,2024-02-09,2023-12-31,2023,https://www.sec.gov/Archives/edgar/data/4962/000000496224000013/axp-20231231.htm,2023/sp500_companies.csv,sample_2023,1,2023/sample_500/html/raw/0000004962/0000004962-24-000013.html,29
30,S2023-030,S2023-030,AIG,AIG,American International Group,American International Group,cik:0000005272,0000005272,Financials,Multi-line Insurance,0000005272-24-000023,aig-20231231.htm,10-K,2024-02-14,2023-12-31,2023,https://www.sec.gov/Archives/edgar/data/5272/000000527224000023/aig-20231231.htm,2023/sp500_companies.csv,sample_2023,1,2023/sample_500/html/raw/0000005272/0000005272-24-000023.html,30
31,S2023-031,S2023-031,AMT,AMT,American Tower,American Tower,cik:0001053507,0001053507,Real Estate,Telecom Tower REITs,0001053507-24-000011,amt-20231231.htm,10-K,2024-02-27,2023-12-31,2023,https://www.sec.gov/Archives/edgar/data/1053507/000105350724000011/amt-20231231.htm,2023/sp500_companies.csv,sample_2023,1,2023/sample_500/html/raw/0001053507/0001053507-24-000011.html,31
32,S2023-032,S2023-032,AWK,AWK,American Water Works,American Water Works,cik:0001410636,0001410636,Utilities,Water Utilities,0001410636-24-000050,awk-20231231.htm,10-K,2024-02-14,2023-12-31,2023,https://www.sec.gov/Archives/edgar/data/1410636/000141063624000050/awk-20231231.htm,2023/sp500_companies.csv,sample_2023,1,2023/sample_500/html/raw/0001410636/0001410636-24-000050.html,32
33,S2023-033,S2023-033,AMP,AMP,Ameriprise Financial,Ameriprise Financial,cik:0000820027,0000820027,Financials,Asset Management & Custody Banks,0000820027-24-000015,amp-20231231.htm,10-K,2024-02-22,2023-12-31,2023,https://www.sec.gov/Archives/edgar/data/820027/000082002724000015/amp-20231231.htm,2023/sp500_companies.csv,sample_2023,1,2023/sample_500/html/raw/0000820027/0000820027-24-000015.html,33
34,S2023-034,S2023-034,AME,AME,Ametek,Ametek,cik:0001037868,0001037868,Industrials,Electrical Components & Equipment,0001037868-24-000009,ame-20231231.htm,10-K,2024-02-22,2023-12-31,2023,https://www.sec.gov/Archives/edgar/data/1037868/000103786824000009/ame-20231231.htm,2023/sp500_companies.csv,sample_2023,1,2023/sample_500/html/raw/0001037868/0001037868-24-000009.html,34
35,S2023-035,S2023-035,AMGN,AMGN,Amgen,Amgen,cik:0000318154,0000318154,Health Care,Biotechnology,0000318154-24-000011,amgn-20231231.htm,10-K,2024-02-14,2023-12-31,2023,https://www.sec.gov/Archives/edgar/data/318154/000031815424000011/amgn-20231231.htm,2023/sp500_companies.csv,sample_2023,1,2023/sample_500/html/raw/0000318154/0000318154-24-000011.html,35
36,S2023-036,S2023-036,APH,APH,Amphenol,Amphenol,cik:0000820313,0000820313,Information Technology,Electronic Components,0001558370-24-000866,aph-20231231x10k.htm,10-K,2024-02-07,2023-12-31,2023,https://www.sec.gov/Archives/edgar/data/820313/000155837024000866/aph-20231231x10k.htm,2023/sp500_companies.csv,sample_2023,1,2023/sample_500/html/raw/0000820313/0001558370-24-000866.html,36
37,S2023-037,S2023-037,ADI,ADI,Analog Devices,Analog Devices,cik:0000006281,0000006281,Information Technology,Semiconductors,0000006281-23-000203,adi-20231028.htm,10-K,2023-11-21,2023-10-28,2023,https://www.sec.gov/Archives/edgar/data/6281/000000628123000203/adi-20231028.htm,2023/sp500_companies.csv,sample_2023,1,2023/sample_500/html/raw/0000006281/0000006281-23-000203.html,37
38,S2023-038,S2023-038,AON,AON,Aon plc,Aon plc,cik:0000315293,0000315293,Financials,Insurance Brokers,0001628280-24-005392,aon-20231231.htm,10-K,2024-02-16,2023-12-31,2023,https://www.sec.gov/Archives/edgar/data/315293/000162828024005392/aon-20231231.htm,2023/sp500_companies.csv,sample_2023,1,2023/sample_500/html/raw/0000315293/0001628280-24-005392.html,39
39,S2023-039,S2023-039,AAPL,AAPL,Apple Inc.,Apple Inc.,cik:0000320193,0000320193,Information Technology,"Technology Hardware, Storage & Peripherals",0000320193-23-000106,aapl-20230930.htm,10-K,2023-11-03,2023-09-30,2023,https://www.sec.gov/Archives/edgar/data/320193/000032019323000106/aapl-20230930.htm,2023/sp500_companies.csv,sample_2023,1,2023/sample_500/html/raw/0000320193/0000320193-23-000106.html,40
40,S2023-040,S2023-040,AMAT,AMAT,Applied Materials,Applied Materials,cik:0000006951,0000006951,Information Technology,Semiconductor Materials & Equipment,0000006951-23-000041,amat-20231029.htm,10-K,2023-12-15,2023-10-29,2023,https://www.sec.gov/Archives/edgar/data/6951/000000695123000041/amat-20231029.htm,2023/sp500_companies.csv,sample_2023,1,2023/sample_500/html/raw/0000006951/0000006951-23-000041.html,41
41,S2023-041,S2023-041,APTV,APTV,Aptiv,Aptiv,cik:0001521332,0001521332,Consumer Discretionary,Automotive Parts & Equipment,0001521332-24-000011,aptv-20231231.htm,10-K,2024-02-06,2023-12-31,2023,https://www.sec.gov/Archives/edgar/data/1521332/000152133224000011/aptv-20231231.htm,2023/sp500_companies.csv,sample_2023,1,2023/sample_500/html/raw/0001521332/0001521332-24-000011.html,42
42,S2023-042,S2023-042,ACGL,ACGL,Arch Capital Group,Arch Capital Group,cik:0000947484,0000947484,Financials,Property & Casualty Insurance,0000947484-24-000020,acgl-20231231.htm,10-K,2024-02-23,2023-12-31,2023,https://www.sec.gov/Archives/edgar/data/947484/000094748424000020/acgl-20231231.htm,2023/sp500_companies.csv,sample_2023,1,2023/sample_500/html/raw/0000947484/0000947484-24-000020.html,43
43,S2023-043,S2023-043,ADM,ADM,Archer Daniels Midland,Archer Daniels Midland,cik:0000007084,0000007084,Consumer Staples,Agricultural Products & Services,0000007084-24-000009,adm-20231231.htm,10-K,2024-03-12,2023-12-31,2023,https://www.sec.gov/Archives/edgar/data/7084/000000708424000009/adm-20231231.htm,2023/sp500_companies.csv,sample_2023,1,2023/sample_500/html/raw/0000007084/0000007084-24-000009.html,44
44,S2023-044,S2023-044,ANET,ANET,Arista Networks,Arista Networks,cik:0001596532,0001596532,Information Technology,Communications Equipment,0001596532-24-000043,anet-20231231.htm,10-K,2024-02-13,2023-12-31,2023,https://www.sec.gov/Archives/edgar/data/1596532/000159653224000043/anet-20231231.htm,2023/sp500_companies.csv,sample_2023,1,2023/sample_500/html/raw/0001596532/0001596532-24-000043.html,45
45,S2023-045,S2023-045,AJG,AJG,Arthur J. Gallagher & Co.,Arthur J. Gallagher & Co.,cik:0000354190,0000354190,Financials,Insurance Brokers,0000950170-24-013370,ajg-20231231.htm,10-K,2024-02-09,2023-12-31,2023,https://www.sec.gov/Archives/edgar/data/354190/000095017024013370/ajg-20231231.htm,2023/sp500_companies.csv,sample_2023,1,2023/sample_500/html/raw/0000354190/0000950170-24-013370.html,46
46,S2023-046,S2023-046,AIZ,AIZ,Assurant,Assurant,cik:0001267238,0001267238,Financials,Multi-line Insurance,0001267238-24-000008,aiz-20231231.htm,10-K,2024-02-15,2023-12-31,2023,https://www.sec.gov/Archives/edgar/data/1267238/000126723824000008/aiz-20231231.htm,2023/sp500_companies.csv,sample_2023,1,2023/sample_500/html/raw/0001267238/0001267238-24-000008.html,47
47,S2023-047,S2023-047,ATO,ATO,Atmos Energy,Atmos Energy,cik:0000731802,0000731802,Utilities,Gas Utilities,0000731802-23-000028,ato-20230930.htm,10-K,2023-11-14,2023-09-30,2023,https://www.sec.gov/Archives/edgar/data/731802/000073180223000028/ato-20230930.htm,2023/sp500_companies.csv,sample_2023,1,2023/sample_500/html/raw/0000731802/0000731802-23-000028.html,48
48,S2023-048,S2023-048,AZO,AZO,AutoZone,AutoZone,cik:0000866787,0000866787,Consumer Discretionary,Automotive Retail,0001558370-23-016668,azo-20230826x10k.htm,10-K,2023-10-24,2023-08-26,2023,https://www.sec.gov/Archives/edgar/data/866787/000155837023016668/azo-20230826x10k.htm,2023/sp500_companies.csv,sample_2023,1,2023/sample_500/html/raw/0000866787/0001558370-23-016668.html,49
49,S2023-049,S2023-049,ADSK,ADSK,Autodesk,Autodesk,cik:0000769397,0000769397,Information Technology,Application Software,0000769397-23-000036,adsk-20230131.htm,10-K,2023-03-14,2023-01-31,2023,https://www.sec.gov/Archives/edgar/data/769397/000076939723000036/adsk-20230131.htm,2023/sp500_companies.csv,sample_2023,1,2023/sample_500/html/raw/0000769397/0000769397-23-000036.html,50
50,S2023-050,S2023-050,ADP,ADP,Automatic Data Processing,Automatic Data Processing,cik:0000008670,0000008670,Industrials,Human Resource & Employment Services,0000008670-23-000030,adp-20230630.htm,10-K,2023-08-03,2023-06-30,2023,https://www.sec.gov/Archives/edgar/data/8670/000000867023000030/adp-20230630.htm,2023/sp500_companies.csv,sample_2023,1,2023/sample_500/html/raw/0000008670/0000008670-23-000030.html,51
51,S2023-051,S2023-051,AVB,AVB,AvalonBay Communities,AvalonBay Communities,cik:0000915912,0000915912,Real Estate,Multi-Family Residential REITs,0000915912-24-000004,avb-20231231.htm,10-K,2024-02-23,2023-12-31,2023,https://www.sec.gov/Archives/edgar/data/915912/000091591224000004/avb-20231231.htm,2023/sp500_companies.csv,sample_2023,1,2023/sample_500/html/raw/0000915912/0000915912-24-000004.html,52
52,S2023-052,S2023-052,AVY,AVY,Avery Dennison,Avery Dennison,cik:0000008818,0000008818,Materials,Paper & Plastic Packaging Products & Materials,0000008818-24-000003,avy-20231230.htm,10-K,2024-02-21,2023-12-30,2023,https://www.sec.gov/Archives/edgar/data/8818/000000881824000003/avy-20231230.htm,2023/sp500_companies.csv,sample_2023,1,2023/sample_500/html/raw/0000008818/0000008818-24-000003.html,53
53,S2023-053,S2023-053,AXON,AXON,Axon Enterprise,Axon Enterprise,cik:0001069183,0001069183,Industrials,Aerospace & Defense,0001069183-24-000006,axon-20231231x10k.htm,10-K,2024-02-27,2023-12-31,2023,https://www.sec.gov/Archives/edgar/data/1069183/000106918324000006/axon-20231231x10k.htm,2023/sp500_companies.csv,sample_2023,1,2023/sample_500/html/raw/0001069183/0001069183-24-000006.html,54
54,S2023-054,S2023-054,BXP,BXP,"BXP, Inc.","BXP, Inc.",cik:0001037540,0001037540,Real Estate,Office REITs,0001656423-24-000007,bxp-20231231.htm,10-K,2024-02-27,2023-12-31,2023,https://www.sec.gov/Archives/edgar/data/1037540/000165642324000007/bxp-20231231.htm,2023/sp500_companies.csv,sample_2023,1,2023/sample_500/html/raw/0001037540/0001656423-24-000007.html,55
55,S2023-055,S2023-055,BKR,BKR,Baker Hughes,Baker Hughes,cik:0001701605,0001701605,Energy,Oil & Gas Equipment & Services,0001701605-24-000033,bkr-20231231.htm,10-K,2024-02-05,2023-12-31,2023,https://www.sec.gov/Archives/edgar/data/1701605/000170160524000033/bkr-20231231.htm,2023/sp500_companies.csv,sample_2023,1,2023/sample_500/html/raw/0001701605/0001701605-24-000033.html,56
56,S2023-056,S2023-056,BALL,BALL,Ball Corporation,Ball Corporation,cik:0000009389,0000009389,Materials,"Metal, Glass & Plastic Containers",0001558370-24-001349,ball-20231231x10k.htm,10-K,2024-02-20,2023-12-31,2023,https://www.sec.gov/Archives/edgar/data/9389/000155837024001349/ball-20231231x10k.htm,2023/sp500_companies.csv,sample_2023,1,2023/sample_500/html/raw/0000009389/0001558370-24-001349.html,57
57,S2023-057,S2023-057,BAC,BAC,Bank of America,Bank of America,cik:0000070858,0000070858,Financials,Diversified Banks,0000070858-24-000122,bac-20231231.htm,10-K,2024-02-20,2023-12-31,2023,https://www.sec.gov/Archives/edgar/data/70858/000007085824000122/bac-20231231.htm,2023/sp500_companies.csv,sample_2023,1,2023/sample_500/html/raw/0000070858/0000070858-24-000122.html,58
58,S2023-058,S2023-058,BK,BK,Bank of New York Mellon,Bank of New York Mellon,cik:0001390777,0001390777,,,0001390777-24-000051,bk-20231231.htm,10-K,2024-02-28,2023-12-31,2023,https://www.sec.gov/Archives/edgar/data/1390777/000139077724000051/bk-20231231.htm,2023/sp500_companies.csv,sample_2023,1,2023/sample_500/html/raw/0001390777/0001390777-24-000051.html,59
59,S2023-059,S2023-059,BBWI,BBWI,"Bath & Body Works, Inc.","Bath & Body Works, Inc.",cik:0000701985,0000701985,,,0000701985-23-000008,bbwi-20230128.htm,10-K,2023-03-17,2023-01-28,2023,https://www.sec.gov/Archives/edgar/data/701985/000070198523000008/bbwi-20230128.htm,2023/sp500_companies.csv,sample_2023,1,2023/sample_500/html/raw/0000701985/0000701985-23-000008.html,60
60,S2023-060,S2023-060,BAX,BAX,Baxter International,Baxter International,cik:0000010456,0000010456,Health Care,Health Care Equipment,0001628280-24-003932,bax-20231231.htm,10-K,2024-02-08,2023-12-31,2023,https://www.sec.gov/Archives/edgar/data/10456/000162828024003932/bax-20231231.htm,2023/sp500_companies.csv,sample_2023,1,2023/sample_500/html/raw/0000010456/0001628280-24-003932.html,61
61,S2023-061,S2023-061,BDX,BDX,Becton Dickinson,Becton Dickinson,cik:0000010795,0000010795,Health Care,Health Care Equipment,0000010795-23-000098,bdx-20230930.htm,10-K,2023-11-21,2023-09-30,2023,https://www.sec.gov/Archives/edgar/data/10795/000001079523000098/bdx-20230930.htm,2023/sp500_companies.csv,sample_2023,1,2023/sample_500/html/raw/0000010795/0000010795-23-000098.html,62
62,S2023-062,S2023-062,BRK-B,BRK-B,Berkshire Hathaway,Berkshire Hathaway,cik:0001067983,0001067983,Financials,Multi-Sector Holdings,0000950170-24-019719,brka-20231231.htm,10-K,2024-02-26,2023-12-31,2023,https://www.sec.gov/Archives/edgar/data/1067983/000095017024019719/brka-20231231.htm,2023/sp500_companies.csv,sample_2023,1,2023/sample_500/html/raw/0001067983/0000950170-24-019719.html,63
63,S2023-063,S2023-063,BBY,BBY,Best Buy,Best Buy,cik:0000764478,0000764478,Consumer Discretionary,Computer & Electronics Retail,0000764478-23-000006,bby-20230128x10k.htm,10-K,2023-03-17,2023-01-28,2023,https://www.sec.gov/Archives/edgar/data/764478/000076447823000006/bby-20230128x10k.htm,2023/sp500_companies.csv,sample_2023,1,2023/sample_500/html/raw/0000764478/0000764478-23-000006.html,64
64,S2023-064,S2023-064,BIO,BIO,Bio-Rad Laboratories,Bio-Rad Laboratories,cik:0000012208,0000012208,,,0000012208-24-000013,bio-20231231.htm,10-K,2024-02-16,2023-12-31,2023,https://www.sec.gov/Archives/edgar/data/12208/000001220824000013/bio-20231231.htm,2023/sp500_companies.csv,sample_2023,1,2023/sample_500/html/raw/0000012208/0000012208-24-000013.html,65
65,S2023-065,S2023-065,TECH,TECH,Bio-Techne,Bio-Techne,cik:0000842023,0000842023,Health Care,Life Sciences Tools & Services,0001558370-23-015226,tmb-20230630x10k.htm,10-K,2023-08-23,2023-06-30,2023,https://www.sec.gov/Archives/edgar/data/842023/000155837023015226/tmb-20230630x10k.htm,2023/sp500_companies.csv,sample_2023,1,2023/sample_500/html/raw/0000842023/0001558370-23-015226.html,66
66,S2023-066,S2023-066,BIIB,BIIB,Biogen,Biogen,cik:0000875045,0000875045,Health Care,Biotechnology,0000875045-24-000009,biib-20231231.htm,10-K,2024-02-14,2023-12-31,2023,https://www.sec.gov/Archives/edgar/data/875045/000087504524000009/biib-20231231.htm,2023/sp500_companies.csv,sample_2023,1,2023/sample_500/html/raw/0000875045/0000875045-24-000009.html,67
67,S2023-067,S2023-067,BX,BX,Blackstone Inc.,Blackstone Inc.,cik:0001393818,0001393818,Financials,Asset Management & Custody Banks,0001193125-24-044485,d734131d10k.htm,10-K,2024-02-23,2023-12-31,2023,https://www.sec.gov/Archives/edgar/data/1393818/000119312524044485/d734131d10k.htm,2023/sp500_companies.csv,sample_2023,1,2023/sample_500/html/raw/0001393818/0001193125-24-044485.html,69
68,S2023-068,S2023-068,BA,BA,Boeing,Boeing,cik:0000012927,0000012927,Industrials,Aerospace & Defense,0000012927-24-000010,ba-20231231.htm,10-K,2024-01-31,2023-12-31,2023,https://www.sec.gov/Archives/edgar/data/12927/000001292724000010/ba-20231231.htm,2023/sp500_companies.csv,sample_2023,1,2023/sample_500/html/raw/0000012927/0000012927-24-000010.html,70
69,S2023-069,S2023-069,BKNG,BKNG,Booking Holdings,Booking Holdings,cik:0001075531,0001075531,Consumer Discretionary,"Hotels, Resorts & Cruise Lines",0001075531-24-000014,bkng-20231231.htm,10-K,2024-02-22,2023-12-31,2023,https://www.sec.gov/Archives/edgar/data/1075531/000107553124000014/bkng-20231231.htm,2023/sp500_companies.csv,sample_2023,1,2023/sample_500/html/raw/0001075531/0001075531-24-000014.html,71
70,S2023-070,S2023-070,BWA,BWA,BorgWarner,BorgWarner,cik:0000908255,0000908255,,,0000908255-24-000007,bwa-20231231.htm,10-K,2024-02-08,2023-12-31,2023,https://www.sec.gov/Archives/edgar/data/908255/000090825524000007/bwa-20231231.htm,2023/sp500_companies.csv,sample_2023,1,2023/sample_500/html/raw/0000908255/0000908255-24-000007.html,72
71,S2023-071,S2023-071,BSX,BSX,Boston Scientific,Boston Scientific,cik:0000885725,0000885725,Health Care,Health Care Equipment,0000885725-24-000017,bsx-20231231.htm,10-K,2024-02-20,2023-12-31,2023,https://www.sec.gov/Archives/edgar/data/885725/000088572524000017/bsx-20231231.htm,2023/sp500_companies.csv,sample_2023,1,2023/sample_500/html/raw/0000885725/0000885725-24-000017.html,73
72,S2023-072,S2023-072,BMY,BMY,Bristol Myers Squibb,Bristol Myers Squibb,cik:0000014272,0000014272,Health Care,Pharmaceuticals,0000014272-24-000044,bmy-20231231.htm,10-K,2024-02-13,2023-12-31,2023,https://www.sec.gov/Archives/edgar/data/14272/000001427224000044/bmy-20231231.htm,2023/sp500_companies.csv,sample_2023,1,2023/sample_500/html/raw/0000014272/0000014272-24-000044.html,74
73,S2023-073,S2023-073,AVGO,AVGO,Broadcom,Broadcom,cik:0001730168,0001730168,Information Technology,Semiconductors,0001730168-23-000096,avgo-20231029.htm,10-K,2023-12-14,2023-10-29,2023,https://www.sec.gov/Archives/edgar/data/1730168/000173016823000096/avgo-20231029.htm,2023/sp500_companies.csv,sample_2023,1,2023/sample_500/html/raw/0001730168/0001730168-23-000096.html,75
74,S2023-074,S2023-074,BR,BR,Broadridge Financial Solutions,Broadridge Financial Solutions,cik:0001383312,0001383312,Industrials,Data Processing & Outsourced Services,0001383312-23-000037,br-20230630.htm,10-K,2023-08-08,2023-06-30,2023,https://www.sec.gov/Archives/edgar/data/1383312/000138331223000037/br-20230630.htm,2023/sp500_companies.csv,sample_2023,1,2023/sample_500/html/raw/0001383312/0001383312-23-000037.html,76
75,S2023-075,S2023-075,BRO,BRO,Brown & Brown,Brown & Brown,cik:0000079282,0000079282,Financials,Insurance Brokers,0000950170-24-018890,bro-20231231.htm,10-K,2024-02-22,2023-12-31,2023,https://www.sec.gov/Archives/edgar/data/79282/000095017024018890/bro-20231231.htm,2023/sp500_companies.csv,sample_2023,1,2023/sample_500/html/raw/0000079282/0000950170-24-018890.html,77
76,S2023-076,S2023-076,BF-B,BF-B,Brown–Forman,Brown–Forman,cik:0000014693,0000014693,Consumer Staples,Distillers & Vintners,0000014693-23-000074,bfb-20230430.htm,10-K,2023-06-16,2023-04-30,2023,https://www.sec.gov/Archives/edgar/data/14693/000001469323000074/bfb-20230430.htm,2023/sp500_companies.csv,sample_2023,1,2023/sample_500/html/raw/0000014693/0000014693-23-000074.html,78
77,S2023-077,S2023-077,BLDR,BLDR,Builders FirstSource,Builders FirstSource,cik:0001316835,0001316835,Industrials,Building Products,0000950170-24-018584,bldr-20231231.htm,10-K,2024-02-22,2023-12-31,2023,https://www.sec.gov/Archives/edgar/data/1316835/000095017024018584/bldr-20231231.htm,2023/sp500_companies.csv,sample_2023,1,2023/sample_500/html/raw/0001316835/0000950170-24-018584.html,79
78,S2023-078,S2023-078,BG,BG,Bunge Global,Bunge Global,cik:0001996862,0001996862,Consumer Staples,Agricultural Products & Services,0001996862-24-000007,bg-20231231.htm,10-K,2024-02-22,2023-12-31,2023,https://www.sec.gov/Archives/edgar/data/1996862/000199686224000007/bg-20231231.htm,2023/sp500_companies.csv,sample_2023,1,2023/sample_500/html/raw/0001996862/0001996862-24-000007.html,80
79,S2023-079,S2023-079,CHRW,CHRW,C.H. Robinson,C.H. Robinson,cik:0001043277,0001043277,Industrials,Air Freight & Logistics,0001043277-24-000011,chrw-20231231.htm,10-K,2024-02-16,2023-12-31,2023,https://www.sec.gov/Archives/edgar/data/1043277/000104327724000011/chrw-20231231.htm,2023/sp500_companies.csv,sample_2023,1,2023/sample_500/html/raw/0001043277/0001043277-24-000011.html,81
80,S2023-080,S2023-080,CBRE,CBRE,CBRE Group,CBRE Group,cik:0001138118,0001138118,Real Estate,Real Estate Services,0001138118-24-000006,cbre-20231231.htm,10-K,2024-02-20,2023-12-31,2023,https://www.sec.gov/Archives/edgar/data/1138118/000113811824000006/cbre-20231231.htm,2023/sp500_companies.csv,sample_2023,1,2023/sample_500/html/raw/0001138118/0001138118-24-000006.html,82
81,S2023-081,S2023-081,CDW,CDW,CDW Corporation,CDW Corporation,cik:0001402057,0001402057,Information Technology,Technology Distributors,0001402057-24-000015,cdw-20231231.htm,10-K,2024-02-26,2023-12-31,2023,https://www.sec.gov/Archives/edgar/data/1402057/000140205724000015/cdw-20231231.htm,2023/sp500_companies.csv,sample_2023,1,2023/sample_500/html/raw/0001402057/0001402057-24-000015.html,83
82,S2023-082,S2023-082,CF,CF,CF Industries,CF Industries,cik:0001324404,0001324404,Materials,Fertilizers & Agricultural Chemicals,0001324404-24-000008,cf-20231231.htm,10-K,2024-02-22,2023-12-31,2023,https://www.sec.gov/Archives/edgar/data/1324404/000132440424000008/cf-20231231.htm,2023/sp500_companies.csv,sample_2023,1,2023/sample_500/html/raw/0001324404/0001324404-24-000008.html,84
83,S2023-083,S2023-083,CME,CME,CME Group,CME Group,cik:0001156375,0001156375,Financials,Financial Exchanges & Data,0001156375-24-000010,cme-20231231.htm,10-K,2024-02-28,2023-12-31,2023,https://www.sec.gov/Archives/edgar/data/1156375/000115637524000010/cme-20231231.htm,2023/sp500_companies.csv,sample_2023,1,2023/sample_500/html/raw/0001156375/0001156375-24-000010.html,85
84,S2023-084,S2023-084,CMS,CMS,CMS Energy,CMS Energy,cik:0000811156,0000811156,Utilities,Multi-Utilities,0000811156-24-000044,cms-20231231.htm,10-K,2024-02-08,2023-12-31,2023,https://www.sec.gov/Archives/edgar/data/811156/000081115624000044/cms-20231231.htm,2023/sp500_companies.csv,sample_2023,1,2023/sample_500/html/raw/0000811156/0000811156-24-000044.html,86
85,S2023-085,S2023-085,CSX,CSX,CSX Corporation,CSX Corporation,cik:0000277948,0000277948,Industrials,Rail Transportation,0000277948-24-000010,csx-20231231.htm,10-K,2024-02-14,2023-12-31,2023,https://www.sec.gov/Archives/edgar/data/277948/000027794824000010/csx-20231231.htm,2023/sp500_companies.csv,sample_2023,1,2023/sample_500/html/raw/0000277948/0000277948-24-000010.html,87
86,S2023-086,S2023-086,CVS,CVS,CVS Health,CVS Health,cik:0000064803,0000064803,Health Care,Health Care Services,0000064803-24-000007,cvs-20231231.htm,10-K,2024-02-07,2023-12-31,2023,https://www.sec.gov/Archives/edgar/data/64803/000006480324000007/cvs-20231231.htm,2023/sp500_companies.csv,sample_2023,1,2023/sample_500/html/raw/0000064803/0000064803-24-000007.html,88
87,S2023-087,S2023-087,CDNS,CDNS,Cadence Design Systems,Cadence Design Systems,cik:0000813672,0000813672,Information Technology,Application Software,0000813672-24-000034,cdns-20231231.htm,10-K,2024-02-14,2023-12-31,2023,https://www.sec.gov/Archives/edgar/data/813672/000081367224000034/cdns-20231231.htm,2023/sp500_companies.csv,sample_2023,1,2023/sample_500/html/raw/0000813672/0000813672-24-000034.html,89
88,S2023-088,S2023-088,CZR,CZR,Caesars Entertainment,Caesars Entertainment,cik:0001590895,0001590895,,,0001590895-24-000051,czr-20231231.htm,10-K,2024-02-20,2023-12-31,2023,https://www.sec.gov/Archives/edgar/data/1590895/000159089524000051/czr-20231231.htm,2023/sp500_companies.csv,sample_2023,1,2023/sample_500/html/raw/0001590895/0001590895-24-000051.html,90
89,S2023-089,S2023-089,CPT,CPT,Camden Property Trust,Camden Property Trust,cik:0000906345,0000906345,Real Estate,Multi-Family Residential REITs,0000906345-24-000007,cpt-20231231.htm,10-K,2024-02-22,2023-12-31,2023,https://www.sec.gov/Archives/edgar/data/906345/000090634524000007/cpt-20231231.htm,2023/sp500_companies.csv,sample_2023,1,2023/sample_500/html/raw/0000906345/0000906345-24-000007.html,91
90,S2023-090,S2023-090,CPB,CPB,Campbell's,Campbell's,cik:0000016732,0000016732,,,0000016732-23-000109,cpb-20230730.htm,10-K,2023-09-21,2023-07-30,2023,https://www.sec.gov/Archives/edgar/data/16732/000001673223000109/cpb-20230730.htm,2023/sp500_companies.csv,sample_2023,1,2023/sample_500/html/raw/0000016732/0000016732-23-000109.html,92
91,S2023-091,S2023-091,COF,COF,Capital One,Capital One,cik:0000927628,0000927628,Financials,Consumer Finance,0000927628-24-000094,cof-20231231.htm,10-K,2024-02-23,2023-12-31,2023,https://www.sec.gov/Archives/edgar/data/927628/000092762824000094/cof-20231231.htm,2023/sp500_companies.csv,sample_2023,1,2023/sample_500/html/raw/0000927628/0000927628-24-000094.html,93
92,S2023-092,S2023-092,KMX,KMX,CarMax,CarMax,cik:0001170010,0001170010,,,0001170010-23-000010,kmx-20230228.htm,10-K,2023-04-13,2023-02-28,2023,https://www.sec.gov/Archives/edgar/data/1170010/000117001023000010/kmx-20230228.htm,2023/sp500_companies.csv,sample_2023,1,2023/sample_500/html/raw/0001170010/0001170010-23-000010.html,94
93,S2023-093,S2023-093,CAH,CAH,Cardinal Health,Cardinal Health,cik:0000721371,0000721371,Health Care,Health Care Distributors,0000721371-23-000060,cah-20230630.htm,10-K,2023-08-15,2023-06-30,2023,https://www.sec.gov/Archives/edgar/data/721371/000072137123000060/cah-20230630.htm,2023/sp500_companies.csv,sample_2023,1,2023/sample_500/html/raw/0000721371/0000721371-23-000060.html,95
94,S2023-094,S2023-094,CCL,CCL,Carnival Corporation,Carnival Corporation,cik:0000815097,0000815097,Consumer Discretionary,"Hotels, Resorts & Cruise Lines",0000815097-24-000011,ccl-20231130.htm,10-K,2024-01-26,2023-11-30,2023,https://www.sec.gov/Archives/edgar/data/815097/000081509724000011/ccl-20231130.htm,2023/sp500_companies.csv,sample_2023,1,2023/sample_500/html/raw/0000815097/0000815097-24-000011.html,96
95,S2023-095,S2023-095,CARR,CARR,Carrier Global,Carrier Global,cik:0001783180,0001783180,Industrials,Building Products,0001783180-24-000009,carr-20231231.htm,10-K,2024-02-06,2023-12-31,2023,https://www.sec.gov/Archives/edgar/data/1783180/000178318024000009/carr-20231231.htm,2023/sp500_companies.csv,sample_2023,1,2023/sample_500/html/raw/0001783180/0001783180-24-000009.html,97
96,S2023-096,S2023-096,CAT,CAT,Caterpillar Inc.,Caterpillar Inc.,cik:0000018230,0000018230,Industrials,Construction Machinery & Heavy Transportation Equipment,0000018230-24-000009,cat-20231231.htm,10-K,2024-02-16,2023-12-31,2023,https://www.sec.gov/Archives/edgar/data/18230/000001823024000009/cat-20231231.htm,2023/sp500_companies.csv,sample_2023,1,2023/sample_500/html/raw/0000018230/0000018230-24-000009.html,99
97,S2023-097,S2023-097,CBOE,CBOE,Cboe Global Markets,Cboe Global Markets,cik:0001374310,0001374310,Financials,Financial Exchanges & Data,0001558370-24-001277,cboe-20231231x10k.htm,10-K,2024-02-16,2023-12-31,2023,https://www.sec.gov/Archives/edgar/data/1374310/000155837024001277/cboe-20231231x10k.htm,2023/sp500_companies.csv,sample_2023,1,2023/sample_500/html/raw/0001374310/0001558370-24-001277.html,100
98,S2023-098,S2023-098,CE,CE,Celanese,Celanese,cik:0001306830,0001306830,,,0001306830-24-000029,ce-20231231.htm,10-K,2024-02-23,2023-12-31,2023,https://www.sec.gov/Archives/edgar/data/1306830/000130683024000029/ce-20231231.htm,2023/sp500_companies.csv,sample_2023,1,2023/sample_500/html/raw/0001306830/0001306830-24-000029.html,101
99,S2023-099,S2023-099,COR,COR,Cencora,Cencora,cik:0001140859,0001140859,Health Care,Health Care Distributors,0001140859-23-000197,cor-20230930.htm,10-K,2023-11-21,2023-09-30,2023,https://www.sec.gov/Archives/edgar/data/1140859/000114085923000197/cor-20230930.htm,2023/sp500_companies.csv,sample_2023,1,2023/sample_500/html/raw/0001140859/0001140859-23-000197.html,102
100,S2023-100,S2023-100,CNC,CNC,Centene Corporation,Centene Corporation,cik:0001071739,0001071739,Health Care,Managed Health Care,0001071739-24-000037,cnc-20231231.htm,10-K,2024-02-20,2023-12-31,2023,https://www.sec.gov/Archives/edgar/data/1071739/000107173924000037/cnc-20231231.htm,2023/sp500_companies.csv,sample_2023,1,2023/sample_500/html/raw/0001071739/0001071739-24-000037.html,103
101,S2023-101,S2023-101,CNP,CNP,CenterPoint Energy,CenterPoint Energy,cik:0001130310,0001130310,Utilities,Multi-Utilities,0001130310-24-000010,cnp-20231231.htm,10-K,2024-02-20,2023-12-31,2023,https://www.sec.gov/Archives/edgar/data/1130310/000113031024000010/cnp-20231231.htm,2023/sp500_companies.csv,sample_2023,2,2023/sample_500/html/raw/0001130310/0001130310-24-000010.html,104
102,S2023-102,S2023-102,CRL,CRL,Charles River Laboratories,Charles River Laboratories,cik:0001100682,0001100682,Health Care,Life Sciences Tools & Services,0001100682-24-000007,crl-20231230.htm,10-K,2024-02-14,2023-12-30,2023,https://www.sec.gov/Archives/edgar/data/1100682/000110068224000007/crl-20231230.htm,2023/sp500_companies.csv,sample_2023,2,2023/sample_500/html/raw/0001100682/0001100682-24-000007.html,106
103,S2023-103,S2023-103,SCHW,SCHW,Charles Schwab Corporation,Charles Schwab Corporation,cik:0000316709,0000316709,Financials,Investment Banking & Brokerage,0000316709-24-000018,schw-20231231.htm,10-K,2024-02-23,2023-12-31,2023,https://www.sec.gov/Archives/edgar/data/316709/000031670924000018/schw-20231231.htm,2023/sp500_companies.csv,sample_2023,2,2023/sample_500/html/raw/0000316709/0000316709-24-000018.html,107
104,S2023-104,S2023-104,CHTR,CHTR,Charter Communications,Charter Communications,cik:0001091667,0001091667,Communication Services,Cable & Satellite,0001091667-24-000028,chtr-20231231.htm,10-K,2024-02-02,2023-12-31,2023,https://www.sec.gov/Archives/edgar/data/1091667/000109166724000028/chtr-20231231.htm,2023/sp500_companies.csv,sample_2023,2,2023/sample_500/html/raw/0001091667/0001091667-24-000028.html,108
105,S2023-105,S2023-105,CVX,CVX,Chevron Corporation,Chevron Corporation,cik:0000093410,0000093410,Energy,Integrated Oil & Gas,0000093410-24-000013,cvx-20231231.htm,10-K,2024-02-26,2023-12-31,2023,https://www.sec.gov/Archives/edgar/data/93410/000009341024000013/cvx-20231231.htm,2023/sp500_companies.csv,sample_2023,2,2023/sample_500/html/raw/0000093410/0000093410-24-000013.html,109
106,S2023-106,S2023-106,CMG,CMG,Chipotle Mexican Grill,Chipotle Mexican Grill,cik:0001058090,0001058090,Consumer Discretionary,Restaurants,0001562762-24-000023,cmg-20231231x10k.htm,10-K,2024-02-08,2023-12-31,2023,https://www.sec.gov/Archives/edgar/data/1058090/000156276224000023/cmg-20231231x10k.htm,2023/sp500_companies.csv,sample_2023,2,2023/sample_500/html/raw/0001058090/0001562762-24-000023.html,110
107,S2023-107,S2023-107,CB,CB,Chubb Limited,Chubb Limited,cik:0000896159,0000896159,Financials,Property & Casualty Insurance,0000896159-24-000003,cb-20231231.htm,10-K,2024-02-23,2023-12-31,2023,https://www.sec.gov/Archives/edgar/data/896159/000089615924000003/cb-20231231.htm,2023/sp500_companies.csv,sample_2023,2,2023/sample_500/html/raw/0000896159/0000896159-24-000003.html,111
108,S2023-108,S2023-108,CHD,CHD,Church & Dwight,Church & Dwight,cik:0000313927,0000313927,Consumer Staples,Household Products,0000950170-24-015810,chd-20231231.htm,10-K,2024-02-15,2023-12-31,2023,https://www.sec.gov/Archives/edgar/data/313927/000095017024015810/chd-20231231.htm,2023/sp500_companies.csv,sample_2023,2,2023/sample_500/html/raw/0000313927/0000950170-24-015810.html,112
109,S2023-109,S2023-109,CI,CI,Cigna,Cigna,cik:0001739940,0001739940,Health Care,Health Care Services,0001739940-24-000005,ci-20231231.htm,10-K,2024-02-29,2023-12-31,2023,https://www.sec.gov/Archives/edgar/data/1739940/000173994024000005/ci-20231231.htm,2023/sp500_companies.csv,sample_2023,2,2023/sample_500/html/raw/0001739940/0001739940-24-000005.html,113
110,S2023-110,S2023-110,CINF,CINF,Cincinnati Financial,Cincinnati Financial,cik:0000020286,0000020286,Financials,Property & Casualty Insurance,0000020286-24-000014,cinf-20231231.htm,10-K,2024-02-26,2023-12-31,2023,https://www.sec.gov/Archives/edgar/data/20286/000002028624000014/cinf-20231231.htm,2023/sp500_companies.csv,sample_2023,2,2023/sample_500/html/raw/0000020286/0000020286-24-000014.html,114
111,S2023-111,S2023-111,CTAS,CTAS,Cintas,Cintas,cik:0000723254,0000723254,Industrials,Diversified Support Services,0000723254-23-000025,ctas-20230531.htm,10-K,2023-07-27,2023-05-31,2023,https://www.sec.gov/Archives/edgar/data/723254/000072325423000025/ctas-20230531.htm,2023/sp500_companies.csv,sample_2023,2,2023/sample_500/html/raw/0000723254/0000723254-23-000025.html,115
112,S2023-112,S2023-112,CSCO,CSCO,Cisco,Cisco,cik:0000858877,0000858877,Information Technology,Communications Equipment,0000858877-23-000023,csco-20230729.htm,10-K,2023-09-07,2023-07-29,2023,https://www.sec.gov/Archives/edgar/data/858877/000085887723000023/csco-20230729.htm,2023/sp500_companies.csv,sample_2023,2,2023/sample_500/html/raw/0000858877/0000858877-23-000023.html,116
113,S2023-113,S2023-113,C,C,Citigroup,Citigroup,cik:0000831001,0000831001,Financials,Diversified Banks,0000831001-24-000033,c-20231231.htm,10-K,2024-02-23,2023-12-31,2023,https://www.sec.gov/Archives/edgar/data/831001/000083100124000033/c-20231231.htm,2023/sp500_companies.csv,sample_2023,2,2023/sample_500/html/raw/0000831001/0000831001-24-000033.html,117
114,S2023-114,S2023-114,CFG,CFG,Citizens Financial Group,Citizens Financial Group,cik:0000759944,0000759944,Financials,Regional Banks,0000759944-24-000039,cfg-20231231.htm,10-K,2024-02-16,2023-12-31,2023,https://www.sec.gov/Archives/edgar/data/759944/000075994424000039/cfg-20231231.htm,2023/sp500_companies.csv,sample_2023,2,2023/sample_500/html/raw/0000759944/0000759944-24-000039.html,118
115,S2023-115,S2023-115,CLX,CLX,Clorox,Clorox,cik:0000021076,0000021076,Consumer Staples,Household Products,0000021076-23-000037,clx-20230630.htm,10-K,2023-08-10,2023-06-30,2023,https://www.sec.gov/Archives/edgar/data/21076/000002107623000037/clx-20230630.htm,2023/sp500_companies.csv,sample_2023,2,2023/sample_500/html/raw/0000021076/0000021076-23-000037.html,119
116,S2023-116,S2023-116,CSGP,CSGP,CoStar Group,CoStar Group,cik:0001057352,0001057352,Real Estate,Real Estate Services,0001057352-24-000013,csgp-20231231.htm,10-K,2024-02-22,2023-12-31,2023,https://www.sec.gov/Archives/edgar/data/1057352/000105735224000013/csgp-20231231.htm,2023/sp500_companies.csv,sample_2023,2,2023/sample_500/html/raw/0001057352/0001057352-24-000013.html,120
117,S2023-117,S2023-117,KO,KO,Coca-Cola Company (The),Coca-Cola Company (The),cik:0000021344,0000021344,Consumer Staples,Soft Drinks & Non-alcoholic Beverages,0000021344-24-000009,ko-20231231.htm,10-K,2024-02-20,2023-12-31,2023,https://www.sec.gov/Archives/edgar/data/21344/000002134424000009/ko-20231231.htm,2023/sp500_companies.csv,sample_2023,2,2023/sample_500/html/raw/0000021344/0000021344-24-000009.html,121
118,S2023-118,S2023-118,CTSH,CTSH,Cognizant,Cognizant,cik:0001058290,0001058290,Information Technology,IT Consulting & Other Services,0001058290-24-000017,ctsh-20231231.htm,10-K,2024-02-14,2023-12-31,2023,https://www.sec.gov/Archives/edgar/data/1058290/000105829024000017/ctsh-20231231.htm,2023/sp500_companies.csv,sample_2023,2,2023/sample_500/html/raw/0001058290/0001058290-24-000017.html,122
119,S2023-119,S2023-119,CL,CL,Colgate-Palmolive,Colgate-Palmolive,cik:0000021665,0000021665,Consumer Staples,Household Products,0000021665-24-000003,cl-20231231.htm,10-K,2024-02-15,2023-12-31,2023,https://www.sec.gov/Archives/edgar/data/21665/000002166524000003/cl-20231231.htm,2023/sp500_companies.csv,sample_2023,2,2023/sample_500/html/raw/0000021665/0000021665-24-000003.html,123
120,S2023-120,S2023-120,CMCSA,CMCSA,Comcast,Comcast,cik:0001166691,0001166691,Communication Services,Cable & Satellite,0001166691-24-000011,cmcsa-20231231.htm,10-K,2024-01-31,2023-12-31,2023,https://www.sec.gov/Archives/edgar/data/1166691/000116669124000011/cmcsa-20231231.htm,2023/sp500_companies.csv,sample_2023,2,2023/sample_500/html/raw/0001166691/0001166691-24-000011.html,124
121,S2023-121,S2023-121,CAG,CAG,Conagra Brands,Conagra Brands,cik:0000023217,0000023217,,,0001437749-23-019879,cag20230206_10k.htm,10-K,2023-07-13,2023-05-28,2023,https://www.sec.gov/Archives/edgar/data/23217/000143774923019879/cag20230206_10k.htm,2023/sp500_companies.csv,sample_2023,2,2023/sample_500/html/raw/0000023217/0001437749-23-019879.html,126
122,S2023-122,S2023-122,COP,COP,ConocoPhillips,ConocoPhillips,cik:0001163165,0001163165,Energy,Oil & Gas Exploration & Production,0001163165-24-000010,cop-20231231.htm,10-K,2024-02-15,2023-12-31,2023,https://www.sec.gov/Archives/edgar/data/1163165/000116316524000010/cop-20231231.htm,2023/sp500_companies.csv,sample_2023,2,2023/sample_500/html/raw/0001163165/0001163165-24-000010.html,127
123,S2023-123,S2023-123,ED,ED,Consolidated Edison,Consolidated Edison,cik:0001047862,0001047862,Utilities,Multi-Utilities,0001047862-24-000012,ed-20231231.htm,10-K,2024-02-15,2023-12-31,2023,https://www.sec.gov/Archives/edgar/data/1047862/000104786224000012/ed-20231231.htm,2023/sp500_companies.csv,sample_2023,2,2023/sample_500/html/raw/0001047862/0001047862-24-000012.html,128
124,S2023-124,S2023-124,STZ,STZ,Constellation Brands,Constellation Brands,cik:0000016918,0000016918,Consumer Staples,Distillers & Vintners,0000016918-23-000045,stz-20230228.htm,10-K,2023-04-20,2023-02-28,2023,https://www.sec.gov/Archives/edgar/data/16918/000001691823000045/stz-20230228.htm,2023/sp500_companies.csv,sample_2023,2,2023/sample_500/html/raw/0000016918/0000016918-23-000045.html,129
125,S2023-125,S2023-125,CEG,CEG,Constellation Energy,Constellation Energy,cik:0001868275,0001868275,Utilities,Electric Utilities,0001868275-24-000014,ceg-20231231.htm,10-K,2024-02-27,2023-12-31,2023,https://www.sec.gov/Archives/edgar/data/1868275/000186827524000014/ceg-20231231.htm,2023/sp500_companies.csv,sample_2023,2,2023/sample_500/html/raw/0001868275/0001868275-24-000014.html,130
126,S2023-126,S2023-126,COO,COO,Cooper Companies (The),Cooper Companies (The),cik:0000711404,0000711404,Health Care,Health Care Supplies,0000711404-23-000072,coo-20231031.htm,10-K,2023-12-08,2023-10-31,2023,https://www.sec.gov/Archives/edgar/data/711404/000071140423000072/coo-20231031.htm,2023/sp500_companies.csv,sample_2023,2,2023/sample_500/html/raw/0000711404/0000711404-23-000072.html,131
127,S2023-127,S2023-127,CPRT,CPRT,Copart,Copart,cik:0000900075,0000900075,Industrials,Diversified Support Services,0000900075-23-000034,cprt-20230731.htm,10-K,2023-09-28,2023-07-31,2023,https://www.sec.gov/Archives/edgar/data/900075/000090007523000034/cprt-20230731.htm,2023/sp500_companies.csv,sample_2023,2,2023/sample_500/html/raw/0000900075/0000900075-23-000034.html,132
128,S2023-128,S2023-128,GLW,GLW,Corning Inc.,Corning Inc.,cik:0000024741,0000024741,Information Technology,Electronic Components,0001437749-24-003735,glw20231231_10k.htm,10-K,2024-02-12,2023-12-31,2023,https://www.sec.gov/Archives/edgar/data/24741/000143774924003735/glw20231231_10k.htm,2023/sp500_companies.csv,sample_2023,2,2023/sample_500/html/raw/0000024741/0001437749-24-003735.html,133
129,S2023-129,S2023-129,CTVA,CTVA,Corteva,Corteva,cik:0001755672,0001755672,Materials,Fertilizers & Agricultural Chemicals,0001755672-24-000004,ctva-20231231.htm,10-K,2024-02-08,2023-12-31,2023,https://www.sec.gov/Archives/edgar/data/1755672/000175567224000004/ctva-20231231.htm,2023/sp500_companies.csv,sample_2023,2,2023/sample_500/html/raw/0001755672/0001755672-24-000004.html,134
130,S2023-130,S2023-130,COST,COST,Costco,Costco,cik:0000909832,0000909832,Consumer Staples,Consumer Staples Merchandise Retail,0000909832-23-000042,cost-20230903.htm,10-K,2023-10-11,2023-09-03,2023,https://www.sec.gov/Archives/edgar/data/909832/000090983223000042/cost-20230903.htm,2023/sp500_companies.csv,sample_2023,2,2023/sample_500/html/raw/0000909832/0000909832-23-000042.html,135
131,S2023-131,S2023-131,CCI,CCI,Crown Castle,Crown Castle,cik:0001051470,0001051470,Real Estate,Telecom Tower REITs,0001051470-24-000062,cci-20231231.htm,10-K,2024-02-23,2023-12-31,2023,https://www.sec.gov/Archives/edgar/data/1051470/000105147024000062/cci-20231231.htm,2023/sp500_companies.csv,sample_2023,2,2023/sample_500/html/raw/0001051470/0001051470-24-000062.html,137
132,S2023-132,S2023-132,CMI,CMI,Cummins,Cummins,cik:0000026172,0000026172,Industrials,Construction Machinery & Heavy Transportation Equipment,0000026172-24-000012,cmi-20231231.htm,10-K,2024-02-12,2023-12-31,2023,https://www.sec.gov/Archives/edgar/data/26172/000002617224000012/cmi-20231231.htm,2023/sp500_companies.csv,sample_2023,2,2023/sample_500/html/raw/0000026172/0000026172-24-000012.html,138
133,S2023-133,S2023-133,DHI,DHI,D. R. Horton,D. R. Horton,cik:0000882184,0000882184,Consumer Discretionary,Homebuilding,0000882184-23-000115,dhi-20230930.htm,10-K,2023-11-17,2023-09-30,2023,https://www.sec.gov/Archives/edgar/data/882184/000088218423000115/dhi-20230930.htm,2023/sp500_companies.csv,sample_2023,2,2023/sample_500/html/raw/0000882184/0000882184-23-000115.html,139
134,S2023-134,S2023-134,DTE,DTE,DTE Energy,DTE Energy,cik:0000936340,0000936340,Utilities,Multi-Utilities,0000936340-24-000076,dte-20231231.htm,10-K,2024-02-08,2023-12-31,2023,https://www.sec.gov/Archives/edgar/data/936340/000093634024000076/dte-20231231.htm,2023/sp500_companies.csv,sample_2023,2,2023/sample_500/html/raw/0000936340/0000936340-24-000076.html,140
135,S2023-135,S2023-135,DVA,DVA,DaVita,DaVita,cik:0000927066,0000927066,Health Care,Health Care Services,0000927066-24-000013,dva-20231231.htm,10-K,2024-02-14,2023-12-31,2023,https://www.sec.gov/Archives/edgar/data/927066/000092706624000013/dva-20231231.htm,2023/sp500_companies.csv,sample_2023,2,2023/sample_500/html/raw/0000927066/0000927066-24-000013.html,141
136,S2023-136,S2023-136,DHR,DHR,Danaher Corporation,Danaher Corporation,cik:0000313616,0000313616,Health Care,Life Sciences Tools & Services,0000313616-24-000052,dhr-20231231.htm,10-K,2024-02-21,2023-12-31,2023,https://www.sec.gov/Archives/edgar/data/313616/000031361624000052/dhr-20231231.htm,2023/sp500_companies.csv,sample_2023,2,2023/sample_500/html/raw/0000313616/0000313616-24-000052.html,142
137,S2023-137,S2023-137,DRI,DRI,Darden Restaurants,Darden Restaurants,cik:0000940944,0000940944,Consumer Discretionary,Restaurants,0000940944-23-000037,dri-20230528.htm,10-K,2023-07-21,2023-05-28,2023,https://www.sec.gov/Archives/edgar/data/940944/000094094423000037/dri-20230528.htm,2023/sp500_companies.csv,sample_2023,2,2023/sample_500/html/raw/0000940944/0000940944-23-000037.html,143
138,S2023-138,S2023-138,DE,DE,Deere & Company,Deere & Company,cik:0000315189,0000315189,Industrials,Agricultural & Farm Machinery,0001558370-23-019812,de-20231029x10k.htm,10-K,2023-12-15,2023-10-29,2023,https://www.sec.gov/Archives/edgar/data/315189/000155837023019812/de-20231029x10k.htm,2023/sp500_companies.csv,sample_2023,2,2023/sample_500/html/raw/0000315189/0001558370-23-019812.html,144
139,S2023-139,S2023-139,DAL,DAL,Delta Air Lines,Delta Air Lines,cik:0000027904,0000027904,Industrials,Passenger Airlines,0000027904-24-000003,dal-20231231.htm,10-K,2024-02-12,2023-12-31,2023,https://www.sec.gov/Archives/edgar/data/27904/000002790424000003/dal-20231231.htm,2023/sp500_companies.csv,sample_2023,2,2023/sample_500/html/raw/0000027904/0000027904-24-000003.html,145
140,S2023-140,S2023-140,XRAY,XRAY,Dentsply Sirona,Dentsply Sirona,cik:0000818479,0000818479,,,0000818479-24-000021,xray-20231231.htm,10-K,2024-02-29,2023-12-31,2023,https://www.sec.gov/Archives/edgar/data/818479/000081847924000021/xray-20231231.htm,2023/sp500_companies.csv,sample_2023,2,2023/sample_500/html/raw/0000818479/0000818479-24-000021.html,146
141,S2023-141,S2023-141,DVN,DVN,Devon Energy,Devon Energy,cik:0001090012,0001090012,Energy,Oil & Gas Exploration & Production,0000950170-24-021781,dvn-20231231.htm,10-K,2024-02-28,2023-12-31,2023,https://www.sec.gov/Archives/edgar/data/1090012/000095017024021781/dvn-20231231.htm,2023/sp500_companies.csv,sample_2023,2,2023/sample_500/html/raw/0001090012/0000950170-24-021781.html,147
142,S2023-142,S2023-142,DXCM,DXCM,Dexcom,Dexcom,cik:0001093557,0001093557,Health Care,Health Care Equipment,0001093557-24-000021,dxcm-20231231.htm,10-K,2024-02-08,2023-12-31,2023,https://www.sec.gov/Archives/edgar/data/1093557/000109355724000021/dxcm-20231231.htm,2023/sp500_companies.csv,sample_2023,2,2023/sample_500/html/raw/0001093557/0001093557-24-000021.html,148
143,S2023-143,S2023-143,FANG,FANG,Diamondback Energy,Diamondback Energy,cik:0001539838,0001539838,Energy,Oil & Gas Exploration & Production,0001539838-24-000019,fang-20231231.htm,10-K,2024-02-22,2023-12-31,2023,https://www.sec.gov/Archives/edgar/data/1539838/000153983824000019/fang-20231231.htm,2023/sp500_companies.csv,sample_2023,2,2023/sample_500/html/raw/0001539838/0001539838-24-000019.html,149
144,S2023-144,S2023-144,DLR,DLR,Digital Realty,Digital Realty,cik:0001297996,0001297996,Real Estate,Data Center REITs,0001558370-24-001575,dlr-20231231x10k.htm,10-K,2024-02-23,2023-12-31,2023,https://www.sec.gov/Archives/edgar/data/1297996/000155837024001575/dlr-20231231x10k.htm,2023/sp500_companies.csv,sample_2023,2,2023/sample_500/html/raw/0001297996/0001558370-24-001575.html,150
145,S2023-145,S2023-145,DG,DG,Dollar General,Dollar General,cik:0000029534,0000029534,Consumer Staples,Consumer Staples Merchandise Retail,0001558370-23-004574,dg-20230203x10k.htm,10-K,2023-03-24,2023-02-03,2023,https://www.sec.gov/Archives/edgar/data/29534/000155837023004574/dg-20230203x10k.htm,2023/sp500_companies.csv,sample_2023,2,2023/sample_500/html/raw/0000029534/0001558370-23-004574.html,152
146,S2023-146,S2023-146,DLTR,DLTR,Dollar Tree,Dollar Tree,cik:0000935703,0000935703,Consumer Staples,Consumer Staples Merchandise Retail,0000935703-23-000016,dltr-20230128.htm,10-K,2023-03-10,2023-01-28,2023,https://www.sec.gov/Archives/edgar/data/935703/000093570323000016/dltr-20230128.htm,2023/sp500_companies.csv,sample_2023,2,2023/sample_500/html/raw/0000935703/0000935703-23-000016.html,153
147,S2023-147,S2023-147,D,D,Dominion Energy,Dominion Energy,cik:0000715957,0000715957,Utilities,Multi-Utilities,0000950170-24-019110,d-20231231.htm,10-K,2024-02-23,2023-12-31,2023,https://www.sec.gov/Archives/edgar/data/715957/000095017024019110/d-20231231.htm,2023/sp500_companies.csv,sample_2023,2,2023/sample_500/html/raw/0000715957/0000950170-24-019110.html,154
148,S2023-148,S2023-148,DOV,DOV,Dover Corporation,Dover Corporation,cik:0000029905,0000029905,Industrials,Industrial Machinery & Supplies & Components,0000029905-24-000008,dov-20231231.htm,10-K,2024-02-09,2023-12-31,2023,https://www.sec.gov/Archives/edgar/data/29905/000002990524000008/dov-20231231.htm,2023/sp500_companies.csv,sample_2023,2,2023/sample_500/html/raw/0000029905/0000029905-24-000008.html,156
149,S2023-149,S2023-149,DOW,DOW,Dow Inc.,Dow Inc.,cik:0001751788,0001751788,Materials,Commodity Chemicals,0001751788-24-000010,dow-20231231.htm,10-K,2024-01-31,2023-12-31,2023,https://www.sec.gov/Archives/edgar/data/1751788/000175178824000010/dow-20231231.htm,2023/sp500_companies.csv,sample_2023,2,2023/sample_500/html/raw/0001751788/0001751788-24-000010.html,157
150,S2023-150,S2023-150,DD,DD,DuPont,DuPont,cik:0001666700,0001666700,Materials,Specialty Chemicals,0001666700-24-000008,dd-20231231.htm,10-K,2024-02-15,2023-12-31,2023,https://www.sec.gov/Archives/edgar/data/1666700/000166670024000008/dd-20231231.htm,2023/sp500_companies.csv,sample_2023,2,2023/sample_500/html/raw/0001666700/0001666700-24-000008.html,158
151,S2023-151,S2023-151,DUK,DUK,Duke Energy,Duke Energy,cik:0001326160,0001326160,Utilities,Electric Utilities,0001326160-24-000037,duk-20231231.htm,10-K,2024-02-23,2023-12-31,2023,https://www.sec.gov/Archives/edgar/data/1326160/000132616024000037/duk-20231231.htm,2023/sp500_companies.csv,sample_2023,2,2023/sample_500/html/raw/0001326160/0001326160-24-000037.html,159
152,S2023-152,S2023-152,EOG,EOG,EOG Resources,EOG Resources,cik:0000821189,0000821189,Energy,Oil & Gas Exploration & Production,0000821189-24-000011,eog-20231231.htm,10-K,2024-02-22,2023-12-31,2023,https://www.sec.gov/Archives/edgar/data/821189/000082118924000011/eog-20231231.htm,2023/sp500_companies.csv,sample_2023,2,2023/sample_500/html/raw/0000821189/0000821189-24-000011.html,160
153,S2023-153,S2023-153,EPAM,EPAM,EPAM Systems,EPAM Systems,cik:0001352010,0001352010,,,0001352010-24-000008,epam-20231231.htm,10-K,2024-02-22,2023-12-31,2023,https://www.sec.gov/Archives/edgar/data/1352010/000135201024000008/epam-20231231.htm,2023/sp500_companies.csv,sample_2023,2,2023/sample_500/html/raw/0001352010/0001352010-24-000008.html,161
154,S2023-154,S2023-154,EQT,EQT,EQT Corporation,EQT Corporation,cik:0000033213,0000033213,Energy,Oil & Gas Exploration & Production,0000033213-24-000008,eqt-20231231.htm,10-K,2024-02-14,2023-12-31,2023,https://www.sec.gov/Archives/edgar/data/33213/000003321324000008/eqt-20231231.htm,2023/sp500_companies.csv,sample_2023,2,2023/sample_500/html/raw/0000033213/0000033213-24-000008.html,162
155,S2023-155,S2023-155,EMN,EMN,Eastman Chemical Co.,Eastman Chemical Co.,cik:0000915389,0000915389,,,0000915389-24-000016,emn-20231231.htm,10-K,2024-02-14,2023-12-31,2023,https://www.sec.gov/Archives/edgar/data/915389/000091538924000016/emn-20231231.htm,2023/sp500_companies.csv,sample_2023,2,2023/sample_500/html/raw/0000915389/0000915389-24-000016.html,163
156,S2023-156,S2023-156,ETN,ETN,Eaton Corporation,Eaton Corporation,cik:0001551182,0001551182,Industrials,Electrical Components & Equipment,0001551182-24-000006,etn-20231231.htm,10-K,2024-02-29,2023-12-31,2023,https://www.sec.gov/Archives/edgar/data/1551182/000155118224000006/etn-20231231.htm,2023/sp500_companies.csv,sample_2023,2,2023/sample_500/html/raw/0001551182/0001551182-24-000006.html,164
157,S2023-157,S2023-157,ECL,ECL,Ecolab,Ecolab,cik:0000031462,0000031462,Materials,Specialty Chemicals,0001558370-24-001581,ecl-20231231x10k.htm,10-K,2024-02-23,2023-12-31,2023,https://www.sec.gov/Archives/edgar/data/31462/000155837024001581/ecl-20231231x10k.htm,2023/sp500_companies.csv,sample_2023,2,2023/sample_500/html/raw/0000031462/0001558370-24-001581.html,165
158,S2023-158,S2023-158,EIX,EIX,Edison International,Edison International,cik:0000827052,0000827052,Utilities,Electric Utilities,0000827052-24-000013,eix-20231231x10k.htm,10-K,2024-02-22,2023-12-31,2023,https://www.sec.gov/Archives/edgar/data/827052/000082705224000013/eix-20231231x10k.htm,2023/sp500_companies.csv,sample_2023,2,2023/sample_500/html/raw/0000827052/0000827052-24-000013.html,166
159,S2023-159,S2023-159,EW,EW,Edwards Lifesciences,Edwards Lifesciences,cik:0001099800,0001099800,Health Care,Health Care Equipment,0001099800-24-000004,ew-20231231.htm,10-K,2024-02-12,2023-12-31,2023,https://www.sec.gov/Archives/edgar/data/1099800/000109980024000004/ew-20231231.htm,2023/sp500_companies.csv,sample_2023,2,2023/sample_500/html/raw/0001099800/0001099800-24-000004.html,167
160,S2023-160,S2023-160,EA,EA,Electronic Arts,Electronic Arts,cik:0000712515,0000712515,Communication Services,Interactive Home Entertainment,0000712515-23-000028,ea-20230331.htm,10-K,2023-05-24,2023-03-31,2023,https://www.sec.gov/Archives/edgar/data/712515/000071251523000028/ea-20230331.htm,2023/sp500_companies.csv,sample_2023,2,2023/sample_500/html/raw/0000712515/0000712515-23-000028.html,168
161,S2023-161,S2023-161,ELV,ELV,Elevance Health,Elevance Health,cik:0001156039,0001156039,Health Care,Managed Health Care,0001156039-24-000015,elv-20231231.htm,10-K,2024-02-21,2023-12-31,2023,https://www.sec.gov/Archives/edgar/data/1156039/000115603924000015/elv-20231231.htm,2023/sp500_companies.csv,sample_2023,2,2023/sample_500/html/raw/0001156039/0001156039-24-000015.html,169
162,S2023-162,S2023-162,EMR,EMR,Emerson Electric,Emerson Electric,cik:0000032604,0000032604,Industrials,Electrical Components & Equipment,0000032604-23-000044,emr-20230930.htm,10-K,2023-11-13,2023-09-30,2023,https://www.sec.gov/Archives/edgar/data/32604/000003260423000044/emr-20230930.htm,2023/sp500_companies.csv,sample_2023,2,2023/sample_500/html/raw/0000032604/0000032604-23-000044.html,170
163,S2023-163,S2023-163,ENPH,ENPH,Enphase Energy,Enphase Energy,cik:0001463101,0001463101,,,0001463101-24-000024,enph-20231231.htm,10-K,2024-02-09,2023-12-31,2023,https://www.sec.gov/Archives/edgar/data/1463101/000146310124000024/enph-20231231.htm,2023/sp500_companies.csv,sample_2023,2,2023/sample_500/html/raw/0001463101/0001463101-24-000024.html,171
164,S2023-164,S2023-164,ETR,ETR,Entergy,Entergy,cik:0000065984,0000065984,Utilities,Electric Utilities,0000065984-24-000012,etr-20231231.htm,10-K,2024-02-23,2023-12-31,2023,https://www.sec.gov/Archives/edgar/data/65984/000006598424000012/etr-20231231.htm,2023/sp500_companies.csv,sample_2023,2,2023/sample_500/html/raw/0000065984/0000065984-24-000012.html,172
165,S2023-165,S2023-165,EFX,EFX,Equifax,Equifax,cik:0000033185,0000033185,Industrials,Research & Consulting Services,0000033185-24-000017,efx-20231231.htm,10-K,2024-02-22,2023-12-31,2023,https://www.sec.gov/Archives/edgar/data/33185/000003318524000017/efx-20231231.htm,2023/sp500_companies.csv,sample_2023,2,2023/sample_500/html/raw/0000033185/0000033185-24-000017.html,173
166,S2023-166,S2023-166,EQIX,EQIX,Equinix,Equinix,cik:0001101239,0001101239,Real Estate,Data Center REITs,0001628280-24-005350,eqix-20231231.htm,10-K,2024-02-16,2023-12-31,2023,https://www.sec.gov/Archives/edgar/data/1101239/000162828024005350/eqix-20231231.htm,2023/sp500_companies.csv,sample_2023,2,2023/sample_500/html/raw/0001101239/0001628280-24-005350.html,174
167,S2023-167,S2023-167,EQR,EQR,Equity Residential,Equity Residential,cik:0000906107,0000906107,Real Estate,Multi-Family Residential REITs,0000950170-24-015907,eqr-20231231.htm,10-K,2024-02-15,2023-12-31,2023,https://www.sec.gov/Archives/edgar/data/906107/000095017024015907/eqr-20231231.htm,2023/sp500_companies.csv,sample_2023,2,2023/sample_500/html/raw/0000906107/0000950170-24-015907.html,175
168,S2023-168,S2023-168,ESS,ESS,Essex Property Trust,Essex Property Trust,cik:0000920522,0000920522,Real Estate,Multi-Family Residential REITs,0000920522-24-000033,ess-20231231.htm,10-K,2024-02-23,2023-12-31,2023,https://www.sec.gov/Archives/edgar/data/920522/000092052224000033/ess-20231231.htm,2023/sp500_companies.csv,sample_2023,2,2023/sample_500/html/raw/0000920522/0000920522-24-000033.html,176
169,S2023-169,S2023-169,EL,EL,Estée Lauder Companies (The),Estée Lauder Companies (The),cik:0001001250,0001001250,Consumer Staples,Personal Care Products,0001001250-23-000112,el-20230630.htm,10-K,2023-08-18,2023-06-30,2023,https://www.sec.gov/Archives/edgar/data/1001250/000100125023000112/el-20230630.htm,2023/sp500_companies.csv,sample_2023,2,2023/sample_500/html/raw/0001001250/0001001250-23-000112.html,177
170,S2023-170,S2023-170,ETSY,ETSY,Etsy,Etsy,cik:0001370637,0001370637,,,0001370637-24-000013,etsy-20231231.htm,10-K,2024-02-22,2023-12-31,2023,https://www.sec.gov/Archives/edgar/data/1370637/000137063724000013/etsy-20231231.htm,2023/sp500_companies.csv,sample_2023,2,2023/sample_500/html/raw/0001370637/0001370637-24-000013.html,178
171,S2023-171,S2023-171,EG,EG,Everest Group,Everest Group,cik:0001095073,0001095073,Financials,Reinsurance,0001095073-24-000009,eg-20231231.htm,10-K,2024-02-28,2023-12-31,2023,https://www.sec.gov/Archives/edgar/data/1095073/000109507324000009/eg-20231231.htm,2023/sp500_companies.csv,sample_2023,2,2023/sample_500/html/raw/0001095073/0001095073-24-000009.html,179
172,S2023-172,S2023-172,EVRG,EVRG,Evergy,Evergy,cik:0001711269,0001711269,Utilities,Electric Utilities,0001711269-24-000007,evrg-20231231.htm,10-K,2024-02-29,2023-12-31,2023,https://www.sec.gov/Archives/edgar/data/1711269/000171126924000007/evrg-20231231.htm,2023/sp500_companies.csv,sample_2023,2,2023/sample_500/html/raw/0001711269/0001711269-24-000007.html,180
173,S2023-173,S2023-173,ES,ES,Eversource Energy,Eversource Energy,cik:0000072741,0000072741,Utilities,Electric Utilities,0000072741-24-000005,es-20231231.htm,10-K,2024-02-14,2023-12-31,2023,https://www.sec.gov/Archives/edgar/data/72741/000007274124000005/es-20231231.htm,2023/sp500_companies.csv,sample_2023,2,2023/sample_500/html/raw/0000072741/0000072741-24-000005.html,181
174,S2023-174,S2023-174,EXC,EXC,Exelon,Exelon,cik:0001109357,0001109357,Utilities,Electric Utilities,0001109357-24-000053,exc-20231231.htm,10-K,2024-02-21,2023-12-31,2023,https://www.sec.gov/Archives/edgar/data/1109357/000110935724000053/exc-20231231.htm,2023/sp500_companies.csv,sample_2023,2,2023/sample_500/html/raw/0001109357/0001109357-24-000053.html,182
175,S2023-175,S2023-175,EXPE,EXPE,Expedia Group,Expedia Group,cik:0001324424,0001324424,Consumer Discretionary,"Hotels, Resorts & Cruise Lines",0001324424-24-000007,expe-20231231.htm,10-K,2024-02-09,2023-12-31,2023,https://www.sec.gov/Archives/edgar/data/1324424/000132442424000007/expe-20231231.htm,2023/sp500_companies.csv,sample_2023,2,2023/sample_500/html/raw/0001324424/0001324424-24-000007.html,183
176,S2023-176,S2023-176,EXPD,EXPD,Expeditors International,Expeditors International,cik:0000746515,0000746515,Industrials,Air Freight & Logistics,0000950170-24-019394,expd-20231231.htm,10-K,2024-02-23,2023-12-31,2023,https://www.sec.gov/Archives/edgar/data/746515/000095017024019394/expd-20231231.htm,2023/sp500_companies.csv,sample_2023,2,2023/sample_500/html/raw/0000746515/0000950170-24-019394.html,184
177,S2023-177,S2023-177,EXR,EXR,Extra Space Storage,Extra Space Storage,cik:0001289490,0001289490,Real Estate,Self-Storage REITs,0001628280-24-008044,exr-20231231.htm,10-K,2024-02-29,2023-12-31,2023,https://www.sec.gov/Archives/edgar/data/1289490/000162828024008044/exr-20231231.htm,2023/sp500_companies.csv,sample_2023,2,2023/sample_500/html/raw/0001289490/0001628280-24-008044.html,185
178,S2023-178,S2023-178,XOM,XOM,ExxonMobil,ExxonMobil,cik:0000034088,0000034088,Energy,Integrated Oil & Gas,0000034088-24-000018,xom-20231231.htm,10-K,2024-02-28,2023-12-31,2023,https://www.sec.gov/Archives/edgar/data/34088/000003408824000018/xom-20231231.htm,2023/sp500_companies.csv,sample_2023,2,2023/sample_500/html/raw/0000034088/0000034088-24-000018.html,186
179,S2023-179,S2023-179,FFIV,FFIV,"F5, Inc.","F5, Inc.",cik:0001048695,0001048695,Information Technology,Communications Equipment,0001048695-23-000039,ffiv-20230930.htm,10-K,2023-11-14,2023-09-30,2023,https://www.sec.gov/Archives/edgar/data/1048695/000104869523000039/ffiv-20230930.htm,2023/sp500_companies.csv,sample_2023,2,2023/sample_500/html/raw/0001048695/0001048695-23-000039.html,187
180,S2023-180,S2023-180,FMC,FMC,FMC Corporation,FMC Corporation,cik:0000037785,0000037785,,,0000037785-24-000033,fmc-20231231.htm,10-K,2024-02-27,2023-12-31,2023,https://www.sec.gov/Archives/edgar/data/37785/000003778524000033/fmc-20231231.htm,2023/sp500_companies.csv,sample_2023,2,2023/sample_500/html/raw/0000037785/0000037785-24-000033.html,189
181,S2023-181,S2023-181,FDS,FDS,FactSet,FactSet,cik:0001013237,0001013237,Financials,Financial Exchanges & Data,0001013237-23-000128,fds-20230831.htm,10-K,2023-10-27,2023-08-31,2023,https://www.sec.gov/Archives/edgar/data/1013237/000101323723000128/fds-20230831.htm,2023/sp500_companies.csv,sample_2023,2,2023/sample_500/html/raw/0001013237/0001013237-23-000128.html,190
182,S2023-182,S2023-182,FICO,FICO,Fair Isaac,Fair Isaac,cik:0000814547,0000814547,Information Technology,Application Software,0000814547-23-000022,fico-20230930.htm,10-K,2023-11-08,2023-09-30,2023,https://www.sec.gov/Archives/edgar/data/814547/000081454723000022/fico-20230930.htm,2023/sp500_companies.csv,sample_2023,2,2023/sample_500/html/raw/0000814547/0000814547-23-000022.html,191
183,S2023-183,S2023-183,FAST,FAST,Fastenal,Fastenal,cik:0000815556,0000815556,Industrials,Trading Companies & Distributors,0000815556-24-000009,fast-20231231.htm,10-K,2024-02-06,2023-12-31,2023,https://www.sec.gov/Archives/edgar/data/815556/000081555624000009/fast-20231231.htm,2023/sp500_companies.csv,sample_2023,2,2023/sample_500/html/raw/0000815556/0000815556-24-000009.html,192
184,S2023-184,S2023-184,FDX,FDX,FedEx,FedEx,cik:0001048911,0001048911,Industrials,Air Freight & Logistics,0000950170-23-033201,fdx-20230531.htm,10-K,2023-07-17,2023-05-31,2023,https://www.sec.gov/Archives/edgar/data/1048911/000095017023033201/fdx-20230531.htm,2023/sp500_companies.csv,sample_2023,2,2023/sample_500/html/raw/0001048911/0000950170-23-033201.html,193
185,S2023-185,S2023-185,FRT,FRT,Federal Realty Investment Trust,Federal Realty Investment Trust,cik:0000034903,0000034903,Real Estate,Retail REITs,0000034903-24-000032,frt-20231231.htm,10-K,2024-02-12,2023-12-31,2023,https://www.sec.gov/Archives/edgar/data/34903/000003490324000032/frt-20231231.htm,2023/sp500_companies.csv,sample_2023,2,2023/sample_500/html/raw/0000034903/0000034903-24-000032.html,194
186,S2023-186,S2023-186,FIS,FIS,Fidelity National Information Services,Fidelity National Information Services,cik:0001136893,0001136893,Financials,Transaction & Payment Processing Services,0001136893-24-000015,fis-20231231.htm,10-K,2024-02-26,2023-12-31,2023,https://www.sec.gov/Archives/edgar/data/1136893/000113689324000015/fis-20231231.htm,2023/sp500_companies.csv,sample_2023,2,2023/sample_500/html/raw/0001136893/0001136893-24-000015.html,195
187,S2023-187,S2023-187,FITB,FITB,Fifth Third Bancorp,Fifth Third Bancorp,cik:0000035527,0000035527,Financials,Regional Banks,0000035527-24-000088,fitb-20231231.htm,10-K,2024-02-27,2023-12-31,2023,https://www.sec.gov/Archives/edgar/data/35527/000003552724000088/fitb-20231231.htm,2023/sp500_companies.csv,sample_2023,2,2023/sample_500/html/raw/0000035527/0000035527-24-000088.html,196
188,S2023-188,S2023-188,FSLR,FSLR,First Solar,First Solar,cik:0001274494,0001274494,Information Technology,Semiconductors,0001274494-24-000004,fslr-20231231.htm,10-K,2024-02-27,2023-12-31,2023,https://www.sec.gov/Archives/edgar/data/1274494/000127449424000004/fslr-20231231.htm,2023/sp500_companies.csv,sample_2023,2,2023/sample_500/html/raw/0001274494/0001274494-24-000004.html,197
189,S2023-189,S2023-189,FE,FE,FirstEnergy,FirstEnergy,cik:0001031296,0001031296,Utilities,Electric Utilities,0001031296-24-000008,fe-20231231.htm,10-K,2024-02-13,2023-12-31,2023,https://www.sec.gov/Archives/edgar/data/1031296/000103129624000008/fe-20231231.htm,2023/sp500_companies.csv,sample_2023,2,2023/sample_500/html/raw/0001031296/0001031296-24-000008.html,198
190,S2023-190,S2023-190,FI,FI,Fiserv,Fiserv,cik:0000798354,0000798354,,,0000798354-24-000037,fi-20231231.htm,10-K,2024-02-22,2023-12-31,2023,https://www.sec.gov/Archives/edgar/data/798354/000079835424000037/fi-20231231.htm,2023/sp500_companies.csv,sample_2023,2,2023/sample_500/html/raw/0000798354/0000798354-24-000037.html,199
191,S2023-191,S2023-191,F,F,Ford Motor Company,Ford Motor Company,cik:0000037996,0000037996,Consumer Discretionary,Automobile Manufacturers,0000037996-24-000009,f-20231231.htm,10-K,2024-02-07,2023-12-31,2023,https://www.sec.gov/Archives/edgar/data/37996/000003799624000009/f-20231231.htm,2023/sp500_companies.csv,sample_2023,2,2023/sample_500/html/raw/0000037996/0000037996-24-000009.html,200
192,S2023-192,S2023-192,FTNT,FTNT,Fortinet,Fortinet,cik:0001262039,0001262039,Information Technology,Systems Software,0001262039-24-000014,ftnt-20231231.htm,10-K,2024-02-26,2023-12-31,2023,https://www.sec.gov/Archives/edgar/data/1262039/000126203924000014/ftnt-20231231.htm,2023/sp500_companies.csv,sample_2023,2,2023/sample_500/html/raw/0001262039/0001262039-24-000014.html,201
193,S2023-193,S2023-193,FTV,FTV,Fortive,Fortive,cik:0001659166,0001659166,Industrials,Industrial Machinery & Supplies & Components,0001659166-24-000046,ftv-20231231.htm,10-K,2024-02-27,2023-12-31,2023,https://www.sec.gov/Archives/edgar/data/1659166/000165916624000046/ftv-20231231.htm,2023/sp500_companies.csv,sample_2023,2,2023/sample_500/html/raw/0001659166/0001659166-24-000046.html,202
194,S2023-194,S2023-194,FOXA|FOX,FOXA|FOX,Fox Corporation (Class A)|Fox Corporation (Class B),Fox Corporation (Class A)|Fox Corporation (Class B),cik:0001754301,0001754301,Communication Services,Broadcasting,0001628280-23-029065,fox-20230630.htm,10-K,2023-08-11,2023-06-30,2023,https://www.sec.gov/Archives/edgar/data/1754301/000162828023029065/fox-20230630.htm,2023/sp500_companies.csv,sample_2023,2,2023/sample_500/html/raw/0001754301/0001628280-23-029065.html,203
195,S2023-195,S2023-195,BEN,BEN,Franklin Resources,Franklin Resources,cik:0000038777,0000038777,Financials,Asset Management & Custody Banks,0000038777-23-000169,ben-20230930.htm,10-K,2023-11-14,2023-09-30,2023,https://www.sec.gov/Archives/edgar/data/38777/000003877723000169/ben-20230930.htm,2023/sp500_companies.csv,sample_2023,2,2023/sample_500/html/raw/0000038777/0000038777-23-000169.html,204
196,S2023-196,S2023-196,FCX,FCX,Freeport-McMoRan,Freeport-McMoRan,cik:0000831259,0000831259,Materials,Copper,0000831259-24-000011,fcx-20231231.htm,10-K,2024-02-16,2023-12-31,2023,https://www.sec.gov/Archives/edgar/data/831259/000083125924000011/fcx-20231231.htm,2023/sp500_companies.csv,sample_2023,2,2023/sample_500/html/raw/0000831259/0000831259-24-000011.html,205
197,S2023-197,S2023-197,GE,GE,GE Aerospace,GE Aerospace,cik:0000040545,0000040545,Industrials,Aerospace & Defense,0000040545-24-000027,ge-20231231.htm,10-K,2024-02-02,2023-12-31,2023,https://www.sec.gov/Archives/edgar/data/40545/000004054524000027/ge-20231231.htm,2023/sp500_companies.csv,sample_2023,2,2023/sample_500/html/raw/0000040545/0000040545-24-000027.html,206
198,S2023-198,S2023-198,GEHC,GEHC,GE HealthCare,GE HealthCare,cik:0001932393,0001932393,Health Care,Health Care Equipment,0001932393-24-000013,gehc-20231231.htm,10-K,2024-02-06,2023-12-31,2023,https://www.sec.gov/Archives/edgar/data/1932393/000193239324000013/gehc-20231231.htm,2023/sp500_companies.csv,sample_2023,2,2023/sample_500/html/raw/0001932393/0001932393-24-000013.html,207
199,S2023-199,S2023-199,GRMN,GRMN,Garmin,Garmin,cik:0001121788,0001121788,Consumer Discretionary,Consumer Electronics,0000950170-24-017559,grmn-20231230.htm,10-K,2024-02-21,2023-12-30,2023,https://www.sec.gov/Archives/edgar/data/1121788/000095017024017559/grmn-20231230.htm,2023/sp500_companies.csv,sample_2023,2,2023/sample_500/html/raw/0001121788/0000950170-24-017559.html,208
200,S2023-200,S2023-200,IT,IT,Gartner,Gartner,cik:0000749251,0000749251,Information Technology,IT Consulting & Other Services,0000749251-24-000006,it-20231231.htm,10-K,2024-02-15,2023-12-31,2023,https://www.sec.gov/Archives/edgar/data/749251/000074925124000006/it-20231231.htm,2023/sp500_companies.csv,sample_2023,2,2023/sample_500/html/raw/0000749251/0000749251-24-000006.html,209
201,S2023-201,S2023-201,GEN,GEN,Gen Digital,Gen Digital,cik:0000849399,0000849399,Information Technology,Systems Software,0000849399-23-000014,gen-20230331.htm,10-K,2023-05-25,2023-03-31,2023,https://www.sec.gov/Archives/edgar/data/849399/000084939923000014/gen-20230331.htm,2023/sp500_companies.csv,sample_2023,3,2023/sample_500/html/raw/0000849399/0000849399-23-000014.html,210
202,S2023-202,S2023-202,GNRC,GNRC,Generac,Generac,cik:0001474735,0001474735,Industrials,Heavy Electrical Equipment,0001437749-24-005040,gnrc20231231_10k.htm,10-K,2024-02-21,2023-12-31,2023,https://www.sec.gov/Archives/edgar/data/1474735/000143774924005040/gnrc20231231_10k.htm,2023/sp500_companies.csv,sample_2023,3,2023/sample_500/html/raw/0001474735/0001437749-24-005040.html,211
203,S2023-203,S2023-203,GD,GD,General Dynamics,General Dynamics,cik:0000040533,0000040533,Industrials,Aerospace & Defense,0000040533-24-000007,gd-20231231.htm,10-K,2024-02-08,2023-12-31,2023,https://www.sec.gov/Archives/edgar/data/40533/000004053324000007/gd-20231231.htm,2023/sp500_companies.csv,sample_2023,3,2023/sample_500/html/raw/0000040533/0000040533-24-000007.html,212
204,S2023-204,S2023-204,GIS,GIS,General Mills,General Mills,cik:0000040704,0000040704,Consumer Staples,Packaged Foods & Meats,0001193125-23-177500,d523469d10k.htm,10-K,2023-06-28,2023-05-28,2023,https://www.sec.gov/Archives/edgar/data/40704/000119312523177500/d523469d10k.htm,2023/sp500_companies.csv,sample_2023,3,2023/sample_500/html/raw/0000040704/0001193125-23-177500.html,213
205,S2023-205,S2023-205,GM,GM,General Motors,General Motors,cik:0001467858,0001467858,Consumer Discretionary,Automobile Manufacturers,0001467858-24-000031,gm-20231231.htm,10-K,2024-01-30,2023-12-31,2023,https://www.sec.gov/Archives/edgar/data/1467858/000146785824000031/gm-20231231.htm,2023/sp500_companies.csv,sample_2023,3,2023/sample_500/html/raw/0001467858/0001467858-24-000031.html,214
206,S2023-206,S2023-206,GPC,GPC,Genuine Parts Company,Genuine Parts Company,cik:0000040987,0000040987,Consumer Discretionary,Distributors,0000040987-24-000024,gpc-20231231.htm,10-K,2024-02-22,2023-12-31,2023,https://www.sec.gov/Archives/edgar/data/40987/000004098724000024/gpc-20231231.htm,2023/sp500_companies.csv,sample_2023,3,2023/sample_500/html/raw/0000040987/0000040987-24-000024.html,215
207,S2023-207,S2023-207,GILD,GILD,Gilead Sciences,Gilead Sciences,cik:0000882095,0000882095,Health Care,Biotechnology,0000882095-24-000007,gild-20231231.htm,10-K,2024-02-23,2023-12-31,2023,https://www.sec.gov/Archives/edgar/data/882095/000088209524000007/gild-20231231.htm,2023/sp500_companies.csv,sample_2023,3,2023/sample_500/html/raw/0000882095/0000882095-24-000007.html,216
208,S2023-208,S2023-208,GPN,GPN,Global Payments,Global Payments,cik:0001123360,0001123360,Financials,Transaction & Payment Processing Services,0001123360-24-000004,gpn-20231231.htm,10-K,2024-02-14,2023-12-31,2023,https://www.sec.gov/Archives/edgar/data/1123360/000112336024000004/gpn-20231231.htm,2023/sp500_companies.csv,sample_2023,3,2023/sample_500/html/raw/0001123360/0001123360-24-000004.html,217
209,S2023-209,S2023-209,GL,GL,Globe Life,Globe Life,cik:0000320335,0000320335,Financials,Life & Health Insurance,0000320335-24-000006,gl-20231231.htm,10-K,2024-02-28,2023-12-31,2023,https://www.sec.gov/Archives/edgar/data/320335/000032033524000006/gl-20231231.htm,2023/sp500_companies.csv,sample_2023,3,2023/sample_500/html/raw/0000320335/0000320335-24-000006.html,218
210,S2023-210,S2023-210,GS,GS,Goldman Sachs,Goldman Sachs,cik:0000886982,0000886982,Financials,Investment Banking & Brokerage,0000886982-24-000006,gs-20231231.htm,10-K,2024-02-23,2023-12-31,2023,https://www.sec.gov/Archives/edgar/data/886982/000088698224000006/gs-20231231.htm,2023/sp500_companies.csv,sample_2023,3,2023/sample_500/html/raw/0000886982/0000886982-24-000006.html,219
211,S2023-211,S2023-211,HCA,HCA,HCA Healthcare,HCA Healthcare,cik:0000860730,0000860730,Health Care,Health Care Facilities,0000950170-24-016524,hca-20231231.htm,10-K,2024-02-16,2023-12-31,2023,https://www.sec.gov/Archives/edgar/data/860730/000095017024016524/hca-20231231.htm,2023/sp500_companies.csv,sample_2023,3,2023/sample_500/html/raw/0000860730/0000950170-24-016524.html,220
212,S2023-212,S2023-212,HPQ,HPQ,HP Inc.,HP Inc.,cik:0000047217,0000047217,Information Technology,"Technology Hardware, Storage & Peripherals",0000047217-23-000100,hpq-20231031.htm,10-K,2023-12-18,2023-10-31,2023,https://www.sec.gov/Archives/edgar/data/47217/000004721723000100/hpq-20231031.htm,2023/sp500_companies.csv,sample_2023,3,2023/sample_500/html/raw/0000047217/0000047217-23-000100.html,221
213,S2023-213,S2023-213,HAL,HAL,Halliburton,Halliburton,cik:0000045012,0000045012,Energy,Oil & Gas Equipment & Services,0000045012-24-000007,hal-20231231.htm,10-K,2024-02-06,2023-12-31,2023,https://www.sec.gov/Archives/edgar/data/45012/000004501224000007/hal-20231231.htm,2023/sp500_companies.csv,sample_2023,3,2023/sample_500/html/raw/0000045012/0000045012-24-000007.html,222
214,S2023-214,S2023-214,HIG,HIG,Hartford (The),Hartford (The),cik:0000874766,0000874766,Financials,Property & Casualty Insurance,0000874766-24-000016,hig-20231231.htm,10-K,2024-02-23,2023-12-31,2023,https://www.sec.gov/Archives/edgar/data/874766/000087476624000016/hig-20231231.htm,2023/sp500_companies.csv,sample_2023,3,2023/sample_500/html/raw/0000874766/0000874766-24-000016.html,223
215,S2023-215,S2023-215,HAS,HAS,Hasbro,Hasbro,cik:0000046080,0000046080,Consumer Discretionary,Leisure Products,0000046080-24-000034,has-20231231.htm,10-K,2024-02-28,2023-12-31,2023,https://www.sec.gov/Archives/edgar/data/46080/000004608024000034/has-20231231.htm,2023/sp500_companies.csv,sample_2023,3,2023/sample_500/html/raw/0000046080/0000046080-24-000034.html,224
216,S2023-216,S2023-216,PEAK,PEAK,Healthpeak Properties,Healthpeak Properties,cik:0000765880,0000765880,,,0001628280-24-004094,peak-20231231.htm,10-K,2024-02-09,2023-12-31,2023,https://www.sec.gov/Archives/edgar/data/765880/000162828024004094/peak-20231231.htm,2023/sp500_companies.csv,sample_2023,3,2023/sample_500/html/raw/0000765880/0001628280-24-004094.html,225
217,S2023-217,S2023-217,HSIC,HSIC,Henry Schein,Henry Schein,cik:0001000228,0001000228,Health Care,Health Care Distributors,0001000228-24-000011,form10k20231230.htm,10-K,2024-02-28,2023-12-30,2023,https://www.sec.gov/Archives/edgar/data/1000228/000100022824000011/form10k20231230.htm,2023/sp500_companies.csv,sample_2023,3,2023/sample_500/html/raw/0001000228/0001000228-24-000011.html,226
218,S2023-218,S2023-218,HSY,HSY,Hershey Company (The),Hershey Company (The),cik:0000047111,0000047111,Consumer Staples,Packaged Foods & Meats,0000047111-24-000009,hsy-20231231.htm,10-K,2024-02-20,2023-12-31,2023,https://www.sec.gov/Archives/edgar/data/47111/000004711124000009/hsy-20231231.htm,2023/sp500_companies.csv,sample_2023,3,2023/sample_500/html/raw/0000047111/0000047111-24-000009.html,227
219,S2023-219,S2023-219,HPE,HPE,Hewlett Packard Enterprise,Hewlett Packard Enterprise,cik:0001645590,0001645590,Information Technology,"Technology Hardware, Storage & Peripherals",0001645590-23-000117,hpe-20231031.htm,10-K,2023-12-22,2023-10-31,2023,https://www.sec.gov/Archives/edgar/data/1645590/000164559023000117/hpe-20231031.htm,2023/sp500_companies.csv,sample_2023,3,2023/sample_500/html/raw/0001645590/0001645590-23-000117.html,229
220,S2023-220,S2023-220,HLT,HLT,Hilton Worldwide,Hilton Worldwide,cik:0001585689,0001585689,Consumer Discretionary,"Hotels, Resorts & Cruise Lines",0001585689-24-000027,hlt-20231231.htm,10-K,2024-02-07,2023-12-31,2023,https://www.sec.gov/Archives/edgar/data/1585689/000158568924000027/hlt-20231231.htm,2023/sp500_companies.csv,sample_2023,3,2023/sample_500/html/raw/0001585689/0001585689-24-000027.html,230
221,S2023-221,S2023-221,HD,HD,Home Depot (The),Home Depot (The),cik:0000354950,0000354950,Consumer Discretionary,Home Improvement Retail,0000354950-23-000059,hd-20230129.htm,10-K,2023-03-15,2023-01-29,2023,https://www.sec.gov/Archives/edgar/data/354950/000035495023000059/hd-20230129.htm,2023/sp500_companies.csv,sample_2023,3,2023/sample_500/html/raw/0000354950/0000354950-23-000059.html,232
222,S2023-222,S2023-222,HON,HON,Honeywell Technologies,Honeywell Technologies,cik:0000773840,0000773840,Industrials,Industrial Conglomerates,0000773840-24-000014,hon-20231231.htm,10-K,2024-02-16,2023-12-31,2023,https://www.sec.gov/Archives/edgar/data/773840/000077384024000014/hon-20231231.htm,2023/sp500_companies.csv,sample_2023,3,2023/sample_500/html/raw/0000773840/0000773840-24-000014.html,233
223,S2023-223,S2023-223,HRL,HRL,Hormel Foods,Hormel Foods,cik:0000048465,0000048465,Consumer Staples,Packaged Foods & Meats,0000048465-23-000083,hrl-20231029.htm,10-K,2023-12-06,2023-10-29,2023,https://www.sec.gov/Archives/edgar/data/48465/000004846523000083/hrl-20231029.htm,2023/sp500_companies.csv,sample_2023,3,2023/sample_500/html/raw/0000048465/0000048465-23-000083.html,234
224,S2023-224,S2023-224,HST,HST,Host Hotels & Resorts,Host Hotels & Resorts,cik:0001070750,0001070750,Real Estate,Hotel & Resort REITs,0001070750-24-000081,hst-20231231.htm,10-K,2024-02-28,2023-12-31,2023,https://www.sec.gov/Archives/edgar/data/1070750/000107075024000081/hst-20231231.htm,2023/sp500_companies.csv,sample_2023,3,2023/sample_500/html/raw/0001070750/0001070750-24-000081.html,235
225,S2023-225,S2023-225,HWM,HWM,Howmet Aerospace,Howmet Aerospace,cik:0000004281,0000004281,Industrials,Aerospace & Defense,0000004281-24-000007,hwm-20231231.htm,10-K,2024-02-13,2023-12-31,2023,https://www.sec.gov/Archives/edgar/data/4281/000000428124000007/hwm-20231231.htm,2023/sp500_companies.csv,sample_2023,3,2023/sample_500/html/raw/0000004281/0000004281-24-000007.html,236
226,S2023-226,S2023-226,HUBB,HUBB,Hubbell Incorporated,Hubbell Incorporated,cik:0000048898,0000048898,Industrials,Industrial Machinery & Supplies & Components,0001628280-24-003792,hubb-20231231.htm,10-K,2024-02-08,2023-12-31,2023,https://www.sec.gov/Archives/edgar/data/48898/000162828024003792/hubb-20231231.htm,2023/sp500_companies.csv,sample_2023,3,2023/sample_500/html/raw/0000048898/0001628280-24-003792.html,237
227,S2023-227,S2023-227,HUM,HUM,Humana,Humana,cik:0000049071,0000049071,Health Care,Managed Health Care,0000049071-24-000012,hum-20231231.htm,10-K,2024-02-15,2023-12-31,2023,https://www.sec.gov/Archives/edgar/data/49071/000004907124000012/hum-20231231.htm,2023/sp500_companies.csv,sample_2023,3,2023/sample_500/html/raw/0000049071/0000049071-24-000012.html,238
228,S2023-228,S2023-228,HBAN,HBAN,Huntington Bancshares,Huntington Bancshares,cik:0000049196,0000049196,Financials,Regional Banks,0000049196-24-000020,hban-20231231.htm,10-K,2024-02-16,2023-12-31,2023,https://www.sec.gov/Archives/edgar/data/49196/000004919624000020/hban-20231231.htm,2023/sp500_companies.csv,sample_2023,3,2023/sample_500/html/raw/0000049196/0000049196-24-000020.html,239
229,S2023-229,S2023-229,HII,HII,Huntington Ingalls Industries,Huntington Ingalls Industries,cik:0001501585,0001501585,Industrials,Aerospace & Defense,0001501585-24-000007,hii-20231231.htm,10-K,2024-02-01,2023-12-31,2023,https://www.sec.gov/Archives/edgar/data/1501585/000150158524000007/hii-20231231.htm,2023/sp500_companies.csv,sample_2023,3,2023/sample_500/html/raw/0001501585/0001501585-24-000007.html,240
230,S2023-230,S2023-230,IBM,IBM,IBM,IBM,cik:0000051143,0000051143,Information Technology,IT Consulting & Other Services,0000051143-24-000012,ibm-20231231.htm,10-K,2024-02-26,2023-12-31,2023,https://www.sec.gov/Archives/edgar/data/51143/000005114324000012/ibm-20231231.htm,2023/sp500_companies.csv,sample_2023,3,2023/sample_500/html/raw/0000051143/0000051143-24-000012.html,241
231,S2023-231,S2023-231,IEX,IEX,IDEX Corporation,IDEX Corporation,cik:0000832101,0000832101,Industrials,Industrial Machinery & Supplies & Components,0000832101-24-000009,iex-20231231.htm,10-K,2024-02-22,2023-12-31,2023,https://www.sec.gov/Archives/edgar/data/832101/000083210124000009/iex-20231231.htm,2023/sp500_companies.csv,sample_2023,3,2023/sample_500/html/raw/0000832101/0000832101-24-000009.html,242
232,S2023-232,S2023-232,IQV,IQV,IQVIA,IQVIA,cik:0001478242,0001478242,Health Care,Life Sciences Tools & Services,0001478242-24-000038,iqv-20231231.htm,10-K,2024-02-15,2023-12-31,2023,https://www.sec.gov/Archives/edgar/data/1478242/000147824224000038/iqv-20231231.htm,2023/sp500_companies.csv,sample_2023,3,2023/sample_500/html/raw/0001478242/0001478242-24-000038.html,243
233,S2023-233,S2023-233,IDXX,IDXX,Idexx Laboratories,Idexx Laboratories,cik:0000874716,0000874716,Health Care,Health Care Equipment,0000874716-24-000057,idxx-20231231.htm,10-K,2024-02-22,2023-12-31,2023,https://www.sec.gov/Archives/edgar/data/874716/000087471624000057/idxx-20231231.htm,2023/sp500_companies.csv,sample_2023,3,2023/sample_500/html/raw/0000874716/0000874716-24-000057.html,244
234,S2023-234,S2023-234,ITW,ITW,Illinois Tool Works,Illinois Tool Works,cik:0000049826,0000049826,Industrials,Industrial Machinery & Supplies & Components,0000049826-24-000008,itw-20231231.htm,10-K,2024-02-09,2023-12-31,2023,https://www.sec.gov/Archives/edgar/data/49826/000004982624000008/itw-20231231.htm,2023/sp500_companies.csv,sample_2023,3,2023/sample_500/html/raw/0000049826/0000049826-24-000008.html,245
235,S2023-235,S2023-235,INCY,INCY,Incyte,Incyte,cik:0000879169,0000879169,Health Care,Biotechnology,0000879169-24-000045,incy-20231231.htm,10-K,2024-02-13,2023-12-31,2023,https://www.sec.gov/Archives/edgar/data/879169/000087916924000045/incy-20231231.htm,2023/sp500_companies.csv,sample_2023,3,2023/sample_500/html/raw/0000879169/0000879169-24-000045.html,247
236,S2023-236,S2023-236,IR,IR,Ingersoll Rand,Ingersoll Rand,cik:0001699150,0001699150,Industrials,Industrial Machinery & Supplies & Components,0001628280-24-006642,iri-20231231.htm,10-K,2024-02-23,2023-12-31,2023,https://www.sec.gov/Archives/edgar/data/1699150/000162828024006642/iri-20231231.htm,2023/sp500_companies.csv,sample_2023,3,2023/sample_500/html/raw/0001699150/0001628280-24-006642.html,248
237,S2023-237,S2023-237,PODD,PODD,Insulet Corporation,Insulet Corporation,cik:0001145197,0001145197,Health Care,Health Care Equipment,0001145197-24-000011,podd-20231231.htm,10-K,2024-02-23,2023-12-31,2023,https://www.sec.gov/Archives/edgar/data/1145197/000114519724000011/podd-20231231.htm,2023/sp500_companies.csv,sample_2023,3,2023/sample_500/html/raw/0001145197/0001145197-24-000011.html,249
238,S2023-238,S2023-238,INTC,INTC,Intel,Intel,cik:0000050863,0000050863,Information Technology,Semiconductors,0000050863-24-000010,intc-20231230.htm,10-K,2024-01-26,2023-12-30,2023,https://www.sec.gov/Archives/edgar/data/50863/000005086324000010/intc-20231230.htm,2023/sp500_companies.csv,sample_2023,3,2023/sample_500/html/raw/0000050863/0000050863-24-000010.html,250
239,S2023-239,S2023-239,ICE,ICE,Intercontinental Exchange,Intercontinental Exchange,cik:0001571949,0001571949,Financials,Financial Exchanges & Data,0001571949-24-000007,ice-20231231.htm,10-K,2024-02-08,2023-12-31,2023,https://www.sec.gov/Archives/edgar/data/1571949/000157194924000007/ice-20231231.htm,2023/sp500_companies.csv,sample_2023,3,2023/sample_500/html/raw/0001571949/0001571949-24-000007.html,251
240,S2023-240,S2023-240,IFF,IFF,International Flavors & Fragrances,International Flavors & Fragrances,cik:0000051253,0000051253,Materials,Specialty Chemicals,0000051253-24-000006,iff-20231231.htm,10-K,2024-02-28,2023-12-31,2023,https://www.sec.gov/Archives/edgar/data/51253/000005125324000006/iff-20231231.htm,2023/sp500_companies.csv,sample_2023,3,2023/sample_500/html/raw/0000051253/0000051253-24-000006.html,252
241,S2023-241,S2023-241,IP,IP,International Paper,International Paper,cik:0000051434,0000051434,Materials,Paper & Plastic Packaging Products & Materials,0000051434-24-000024,ip-20231231.htm,10-K,2024-02-16,2023-12-31,2023,https://www.sec.gov/Archives/edgar/data/51434/000005143424000024/ip-20231231.htm,2023/sp500_companies.csv,sample_2023,3,2023/sample_500/html/raw/0000051434/0000051434-24-000024.html,253
242,S2023-242,S2023-242,INTU,INTU,Intuit,Intuit,cik:0000896878,0000896878,Information Technology,Application Software,0000896878-23-000034,intu-20230731.htm,10-K,2023-09-01,2023-07-31,2023,https://www.sec.gov/Archives/edgar/data/896878/000089687823000034/intu-20230731.htm,2023/sp500_companies.csv,sample_2023,3,2023/sample_500/html/raw/0000896878/0000896878-23-000034.html,255
243,S2023-243,S2023-243,ISRG,ISRG,Intuitive Surgical,Intuitive Surgical,cik:0001035267,0001035267,Health Care,Health Care Equipment,0001035267-24-000021,isrg-20231231.htm,10-K,2024-01-31,2023-12-31,2023,https://www.sec.gov/Archives/edgar/data/1035267/000103526724000021/isrg-20231231.htm,2023/sp500_companies.csv,sample_2023,3,2023/sample_500/html/raw/0001035267/0001035267-24-000021.html,256
244,S2023-244,S2023-244,IVZ,IVZ,Invesco,Invesco,cik:0000914208,0000914208,Financials,Asset Management & Custody Banks,0000914208-24-000219,ivz-20231231.htm,10-K,2024-02-21,2023-12-31,2023,https://www.sec.gov/Archives/edgar/data/914208/000091420824000219/ivz-20231231.htm,2023/sp500_companies.csv,sample_2023,3,2023/sample_500/html/raw/0000914208/0000914208-24-000219.html,257
245,S2023-245,S2023-245,INVH,INVH,Invitation Homes,Invitation Homes,cik:0001687229,0001687229,Real Estate,Single-Family Residential REITs,0001687229-24-000013,invh-20231231.htm,10-K,2024-02-21,2023-12-31,2023,https://www.sec.gov/Archives/edgar/data/1687229/000168722924000013/invh-20231231.htm,2023/sp500_companies.csv,sample_2023,3,2023/sample_500/html/raw/0001687229/0001687229-24-000013.html,258
246,S2023-246,S2023-246,IRM,IRM,Iron Mountain,Iron Mountain,cik:0001020569,0001020569,Real Estate,Other Specialized REITs,0001020569-24-000040,irm-20231231.htm,10-K,2024-02-22,2023-12-31,2023,https://www.sec.gov/Archives/edgar/data/1020569/000102056924000040/irm-20231231.htm,2023/sp500_companies.csv,sample_2023,3,2023/sample_500/html/raw/0001020569/0001020569-24-000040.html,259
247,S2023-247,S2023-247,JBHT,JBHT,J.B. Hunt,J.B. Hunt,cik:0000728535,0000728535,Industrials,Cargo Ground Transportation,0001437749-24-005368,jbht20231231_10k.htm,10-K,2024-02-23,2023-12-31,2023,https://www.sec.gov/Archives/edgar/data/728535/000143774924005368/jbht20231231_10k.htm,2023/sp500_companies.csv,sample_2023,3,2023/sample_500/html/raw/0000728535/0001437749-24-005368.html,260
248,S2023-248,S2023-248,SJM,SJM,J.M. Smucker Company (The),J.M. Smucker Company (The),cik:0000091419,0000091419,Consumer Staples,Packaged Foods & Meats,0000091419-23-000072,sjm-20230430.htm,10-K,2023-06-20,2023-04-30,2023,https://www.sec.gov/Archives/edgar/data/91419/000009141923000072/sjm-20230430.htm,2023/sp500_companies.csv,sample_2023,3,2023/sample_500/html/raw/0000091419/0000091419-23-000072.html,261
249,S2023-249,S2023-249,JPM,JPM,JPMorgan Chase,JPMorgan Chase,cik:0000019617,0000019617,Financials,Diversified Banks,0000019617-24-000225,jpm-20231231.htm,10-K,2024-02-16,2023-12-31,2023,https://www.sec.gov/Archives/edgar/data/19617/000001961724000225/jpm-20231231.htm,2023/sp500_companies.csv,sample_2023,3,2023/sample_500/html/raw/0000019617/0000019617-24-000225.html,262
250,S2023-250,S2023-250,JBL,JBL,Jabil,Jabil,cik:0000898293,0000898293,Information Technology,Electronic Manufacturing Services,0001193125-23-259599,d533726d10k.htm,10-K,2023-10-20,2023-08-31,2023,https://www.sec.gov/Archives/edgar/data/898293/000119312523259599/d533726d10k.htm,2023/sp500_companies.csv,sample_2023,3,2023/sample_500/html/raw/0000898293/0001193125-23-259599.html,263
251,S2023-251,S2023-251,JKHY,JKHY,Jack Henry & Associates,Jack Henry & Associates,cik:0000779152,0000779152,Financials,Transaction & Payment Processing Services,0000779152-23-000062,jkhy-20230630.htm,10-K,2023-08-24,2023-06-30,2023,https://www.sec.gov/Archives/edgar/data/779152/000077915223000062/jkhy-20230630.htm,2023/sp500_companies.csv,sample_2023,3,2023/sample_500/html/raw/0000779152/0000779152-23-000062.html,264
252,S2023-252,S2023-252,J,J,Jacobs Solutions,Jacobs Solutions,cik:0000052988,0000052988,Industrials,Construction & Engineering,0000052988-23-000084,jec-20230929.htm,10-K,2023-11-21,2023-09-29,2023,https://www.sec.gov/Archives/edgar/data/52988/000005298823000084/jec-20230929.htm,2023/sp500_companies.csv,sample_2023,3,2023/sample_500/html/raw/0000052988/0000052988-23-000084.html,265
253,S2023-253,S2023-253,JCI,JCI,Johnson Controls,Johnson Controls,cik:0000833444,0000833444,Industrials,Building Products,0000833444-23-000048,jci-20230930.htm,10-K,2023-12-14,2023-09-30,2023,https://www.sec.gov/Archives/edgar/data/833444/000083344423000048/jci-20230930.htm,2023/sp500_companies.csv,sample_2023,3,2023/sample_500/html/raw/0000833444/0000833444-23-000048.html,267
254,S2023-254,S2023-254,KLAC,KLAC,KLA Corporation,KLA Corporation,cik:0000319201,0000319201,Information Technology,Semiconductor Materials & Equipment,0000319201-23-000031,klac-20230630.htm,10-K,2023-08-04,2023-06-30,2023,https://www.sec.gov/Archives/edgar/data/319201/000031920123000031/klac-20230630.htm,2023/sp500_companies.csv,sample_2023,3,2023/sample_500/html/raw/0000319201/0000319201-23-000031.html,269
255,S2023-255,S2023-255,KVUE,KVUE,Kenvue,Kenvue,cik:0001944048,0001944048,Consumer Staples,Personal Care Products,0001944048-24-000057,kvue-20231231.htm,10-K,2024-03-01,2023-12-31,2023,https://www.sec.gov/Archives/edgar/data/1944048/000194404824000057/kvue-20231231.htm,2023/sp500_companies.csv,sample_2023,3,2023/sample_500/html/raw/0001944048/0001944048-24-000057.html,271
256,S2023-256,S2023-256,KDP,KDP,Keurig Dr Pepper,Keurig Dr Pepper,cik:0001418135,0001418135,Consumer Staples,Soft Drinks & Non-alcoholic Beverages,0001418135-24-000007,kdp-20231231.htm,10-K,2024-02-22,2023-12-31,2023,https://www.sec.gov/Archives/edgar/data/1418135/000141813524000007/kdp-20231231.htm,2023/sp500_companies.csv,sample_2023,3,2023/sample_500/html/raw/0001418135/0001418135-24-000007.html,272
257,S2023-257,S2023-257,KEY,KEY,KeyCorp,KeyCorp,cik:0000091576,0000091576,Financials,Regional Banks,0000091576-24-000040,key-20231231.htm,10-K,2024-02-22,2023-12-31,2023,https://www.sec.gov/Archives/edgar/data/91576/000009157624000040/key-20231231.htm,2023/sp500_companies.csv,sample_2023,3,2023/sample_500/html/raw/0000091576/0000091576-24-000040.html,273
258,S2023-258,S2023-258,KEYS,KEYS,Keysight Technologies,Keysight Technologies,cik:0001601046,0001601046,Information Technology,Electronic Equipment & Instruments,0001601046-23-000134,keys-20231031.htm,10-K,2023-12-15,2023-10-31,2023,https://www.sec.gov/Archives/edgar/data/1601046/000160104623000134/keys-20231031.htm,2023/sp500_companies.csv,sample_2023,3,2023/sample_500/html/raw/0001601046/0001601046-23-000134.html,274
259,S2023-259,S2023-259,KMB,KMB,Kimberly-Clark,Kimberly-Clark,cik:0000055785,0000055785,Consumer Staples,Household Products,0000055785-24-000018,kmb-20231231.htm,10-K,2024-02-08,2023-12-31,2023,https://www.sec.gov/Archives/edgar/data/55785/000005578524000018/kmb-20231231.htm,2023/sp500_companies.csv,sample_2023,3,2023/sample_500/html/raw/0000055785/0000055785-24-000018.html,275
260,S2023-260,S2023-260,KIM,KIM,Kimco Realty,Kimco Realty,cik:0000879101,0000879101,Real Estate,Retail REITs,0001437749-24-005407,kim20231231_10k.htm,10-K,2024-02-26,2023-12-31,2023,https://www.sec.gov/Archives/edgar/data/879101/000143774924005407/kim20231231_10k.htm,2023/sp500_companies.csv,sample_2023,3,2023/sample_500/html/raw/0000879101/0001437749-24-005407.html,276
261,S2023-261,S2023-261,KMI,KMI,Kinder Morgan,Kinder Morgan,cik:0001506307,0001506307,Energy,Oil & Gas Storage & Transportation,0001506307-24-000011,kmi-20231231.htm,10-K,2024-02-20,2023-12-31,2023,https://www.sec.gov/Archives/edgar/data/1506307/000150630724000011/kmi-20231231.htm,2023/sp500_companies.csv,sample_2023,3,2023/sample_500/html/raw/0001506307/0001506307-24-000011.html,277
262,S2023-262,S2023-262,KHC,KHC,Kraft Heinz,Kraft Heinz,cik:0001637459,0001637459,Consumer Staples,Packaged Foods & Meats,0001637459-24-000018,khc-20231230.htm,10-K,2024-02-15,2023-12-30,2023,https://www.sec.gov/Archives/edgar/data/1637459/000163745924000018/khc-20231230.htm,2023/sp500_companies.csv,sample_2023,3,2023/sample_500/html/raw/0001637459/0001637459-24-000018.html,278
263,S2023-263,S2023-263,KR,KR,Kroger,Kroger,cik:0000056873,0000056873,Consumer Staples,Food Retail,0001558370-23-004767,kr-20230128x10k.htm,10-K,2023-03-28,2023-01-28,2023,https://www.sec.gov/Archives/edgar/data/56873/000155837023004767/kr-20230128x10k.htm,2023/sp500_companies.csv,sample_2023,3,2023/sample_500/html/raw/0000056873/0001558370-23-004767.html,279
264,S2023-264,S2023-264,LHX,LHX,L3Harris,L3Harris,cik:0000202058,0000202058,Industrials,Aerospace & Defense,0000202058-24-000029,hrs-20231229.htm,10-K,2024-02-20,2023-12-29,2023,https://www.sec.gov/Archives/edgar/data/202058/000020205824000029/hrs-20231229.htm,2023/sp500_companies.csv,sample_2023,3,2023/sample_500/html/raw/0000202058/0000202058-24-000029.html,280
265,S2023-265,S2023-265,LKQ,LKQ,LKQ Corporation,LKQ Corporation,cik:0001065696,0001065696,,,0001065696-24-000009,lkq-20231231.htm,10-K,2024-02-22,2023-12-31,2023,https://www.sec.gov/Archives/edgar/data/1065696/000106569624000009/lkq-20231231.htm,2023/sp500_companies.csv,sample_2023,3,2023/sample_500/html/raw/0001065696/0001065696-24-000009.html,281
266,S2023-266,S2023-266,LH,LH,Labcorp,Labcorp,cik:0000920148,0000920148,Health Care,Health Care Services,0000920148-24-000014,lh-20231231.htm,10-K,2024-02-26,2023-12-31,2023,https://www.sec.gov/Archives/edgar/data/920148/000092014824000014/lh-20231231.htm,2023/sp500_companies.csv,sample_2023,3,2023/sample_500/html/raw/0000920148/0000920148-24-000014.html,282
267,S2023-267,S2023-267,LRCX,LRCX,Lam Research,Lam Research,cik:0000707549,0000707549,Information Technology,Semiconductor Materials & Equipment,0000707549-23-000102,lrcx-20230625.htm,10-K,2023-08-15,2023-06-25,2023,https://www.sec.gov/Archives/edgar/data/707549/000070754923000102/lrcx-20230625.htm,2023/sp500_companies.csv,sample_2023,3,2023/sample_500/html/raw/0000707549/0000707549-23-000102.html,283
268,S2023-268,S2023-268,LW,LW,Lamb Weston,Lamb Weston,cik:0001679273,0001679273,,,0001558370-23-012203,lw-20230528x10k.htm,10-K,2023-07-25,2023-05-28,2023,https://www.sec.gov/Archives/edgar/data/1679273/000155837023012203/lw-20230528x10k.htm,2023/sp500_companies.csv,sample_2023,3,2023/sample_500/html/raw/0001679273/0001558370-23-012203.html,284
269,S2023-269,S2023-269,LVS,LVS,Las Vegas Sands,Las Vegas Sands,cik:0001300514,0001300514,Consumer Discretionary,Casinos & Gaming,0001300514-24-000048,lvs-20231231.htm,10-K,2024-02-07,2023-12-31,2023,https://www.sec.gov/Archives/edgar/data/1300514/000130051424000048/lvs-20231231.htm,2023/sp500_companies.csv,sample_2023,3,2023/sample_500/html/raw/0001300514/0001300514-24-000048.html,285
270,S2023-270,S2023-270,LDOS,LDOS,Leidos,Leidos,cik:0001336920,0001336920,Industrials,Diversified Support Services,0001336920-24-000008,ldos-20231229.htm,10-K,2024-02-13,2023-12-29,2023,https://www.sec.gov/Archives/edgar/data/1336920/000133692024000008/ldos-20231229.htm,2023/sp500_companies.csv,sample_2023,3,2023/sample_500/html/raw/0001336920/0001336920-24-000008.html,286
271,S2023-271,S2023-271,LEN,LEN,Lennar,Lennar,cik:0000920760,0000920760,Consumer Discretionary,Homebuilding,0001628280-24-002371,len-20231130.htm,10-K,2024-01-26,2023-11-30,2023,https://www.sec.gov/Archives/edgar/data/920760/000162828024002371/len-20231130.htm,2023/sp500_companies.csv,sample_2023,3,2023/sample_500/html/raw/0000920760/0001628280-24-002371.html,287
272,S2023-272,S2023-272,LLY,LLY,Lilly (Eli),Lilly (Eli),cik:0000059478,0000059478,Health Care,Pharmaceuticals,0000059478-24-000065,lly-20231231.htm,10-K,2024-02-21,2023-12-31,2023,https://www.sec.gov/Archives/edgar/data/59478/000005947824000065/lly-20231231.htm,2023/sp500_companies.csv,sample_2023,3,2023/sample_500/html/raw/0000059478/0000059478-24-000065.html,288
273,S2023-273,S2023-273,LIN,LIN,Linde plc,Linde plc,cik:0001707925,0001707925,Materials,Industrial Gases,0001628280-24-007424,lin-20231231.htm,10-K,2024-02-28,2023-12-31,2023,https://www.sec.gov/Archives/edgar/data/1707925/000162828024007424/lin-20231231.htm,2023/sp500_companies.csv,sample_2023,3,2023/sample_500/html/raw/0001707925/0001628280-24-007424.html,289
274,S2023-274,S2023-274,LYV,LYV,Live Nation Entertainment,Live Nation Entertainment,cik:0001335258,0001335258,Communication Services,Movies & Entertainment,0001335258-24-000017,lyv-20231231.htm,10-K,2024-02-22,2023-12-31,2023,https://www.sec.gov/Archives/edgar/data/1335258/000133525824000017/lyv-20231231.htm,2023/sp500_companies.csv,sample_2023,3,2023/sample_500/html/raw/0001335258/0001335258-24-000017.html,290
275,S2023-275,S2023-275,LMT,LMT,Lockheed Martin,Lockheed Martin,cik:0000936468,0000936468,Industrials,Aerospace & Defense,0000936468-24-000010,lmt-20231231.htm,10-K,2024-01-23,2023-12-31,2023,https://www.sec.gov/Archives/edgar/data/936468/000093646824000010/lmt-20231231.htm,2023/sp500_companies.csv,sample_2023,3,2023/sample_500/html/raw/0000936468/0000936468-24-000010.html,291
276,S2023-276,S2023-276,L,L,Loews Corporation,Loews Corporation,cik:0000060086,0000060086,Financials,Multi-line Insurance,0000060086-24-000029,l-20231231.htm,10-K,2024-02-06,2023-12-31,2023,https://www.sec.gov/Archives/edgar/data/60086/000006008624000029/l-20231231.htm,2023/sp500_companies.csv,sample_2023,3,2023/sample_500/html/raw/0000060086/0000060086-24-000029.html,292
277,S2023-277,S2023-277,LOW,LOW,Lowe's,Lowe's,cik:0000060667,0000060667,Consumer Discretionary,Home Improvement Retail,0000060667-23-000034,low-20230203.htm,10-K,2023-03-27,2023-02-03,2023,https://www.sec.gov/Archives/edgar/data/60667/000006066723000034/low-20230203.htm,2023/sp500_companies.csv,sample_2023,3,2023/sample_500/html/raw/0000060667/0000060667-23-000034.html,293
278,S2023-278,S2023-278,LULU,LULU,Lululemon Athletica,Lululemon Athletica,cik:0001397187,0001397187,Consumer Discretionary,"Apparel, Accessories & Luxury Goods",0001397187-23-000012,lulu-20230129.htm,10-K,2023-03-28,2023-01-29,2023,https://www.sec.gov/Archives/edgar/data/1397187/000139718723000012/lulu-20230129.htm,2023/sp500_companies.csv,sample_2023,3,2023/sample_500/html/raw/0001397187/0001397187-23-000012.html,294
279,S2023-279,S2023-279,LYB,LYB,LyondellBasell,LyondellBasell,cik:0001489393,0001489393,Materials,Specialty Chemicals,0001489393-24-000012,lyb-20231231.htm,10-K,2024-02-22,2023-12-31,2023,https://www.sec.gov/Archives/edgar/data/1489393/000148939324000012/lyb-20231231.htm,2023/sp500_companies.csv,sample_2023,3,2023/sample_500/html/raw/0001489393/0001489393-24-000012.html,295
280,S2023-280,S2023-280,MTB,MTB,M&T Bank,M&T Bank,cik:0000036270,0000036270,Financials,Regional Banks,0000950170-24-017990,mtb-20231231.htm,10-K,2024-02-21,2023-12-31,2023,https://www.sec.gov/Archives/edgar/data/36270/000095017024017990/mtb-20231231.htm,2023/sp500_companies.csv,sample_2023,3,2023/sample_500/html/raw/0000036270/0000950170-24-017990.html,296
281,S2023-281,S2023-281,MGM,MGM,MGM Resorts,MGM Resorts,cik:0000789570,0000789570,Consumer Discretionary,Casinos & Gaming,0000789570-24-000005,mgm-20231231.htm,10-K,2024-02-23,2023-12-31,2023,https://www.sec.gov/Archives/edgar/data/789570/000078957024000005/mgm-20231231.htm,2023/sp500_companies.csv,sample_2023,3,2023/sample_500/html/raw/0000789570/0000789570-24-000005.html,297
282,S2023-282,S2023-282,MSCI,MSCI,MSCI Inc.,MSCI Inc.,cik:0001408198,0001408198,Financials,Financial Exchanges & Data,0001408198-24-000030,msci-20231231.htm,10-K,2024-02-09,2023-12-31,2023,https://www.sec.gov/Archives/edgar/data/1408198/000140819824000030/msci-20231231.htm,2023/sp500_companies.csv,sample_2023,3,2023/sample_500/html/raw/0001408198/0001408198-24-000030.html,298
283,S2023-283,S2023-283,MPC,MPC,Marathon Petroleum,Marathon Petroleum,cik:0001510295,0001510295,Energy,Oil & Gas Refining & Marketing,0001510295-24-000015,mpc-20231231.htm,10-K,2024-02-28,2023-12-31,2023,https://www.sec.gov/Archives/edgar/data/1510295/000151029524000015/mpc-20231231.htm,2023/sp500_companies.csv,sample_2023,3,2023/sample_500/html/raw/0001510295/0001510295-24-000015.html,300
284,S2023-284,S2023-284,MKTX,MKTX,MarketAxess,MarketAxess,cik:0001278021,0001278021,,,0000950170-24-018935,mktx-20231231.htm,10-K,2024-02-22,2023-12-31,2023,https://www.sec.gov/Archives/edgar/data/1278021/000095017024018935/mktx-20231231.htm,2023/sp500_companies.csv,sample_2023,3,2023/sample_500/html/raw/0001278021/0000950170-24-018935.html,301
285,S2023-285,S2023-285,MAR,MAR,Marriott International,Marriott International,cik:0001048286,0001048286,Consumer Discretionary,"Hotels, Resorts & Cruise Lines",0001628280-24-004372,mar-20231231.htm,10-K,2024-02-13,2023-12-31,2023,https://www.sec.gov/Archives/edgar/data/1048286/000162828024004372/mar-20231231.htm,2023/sp500_companies.csv,sample_2023,3,2023/sample_500/html/raw/0001048286/0001628280-24-004372.html,302
286,S2023-286,S2023-286,MMC,MMC,Marsh & McLennan,Marsh & McLennan,cik:0000062709,0000062709,,,0000062709-24-000016,mmc-20231231.htm,10-K,2024-02-12,2023-12-31,2023,https://www.sec.gov/Archives/edgar/data/62709/000006270924000016/mmc-20231231.htm,2023/sp500_companies.csv,sample_2023,3,2023/sample_500/html/raw/0000062709/0000062709-24-000016.html,303
287,S2023-287,S2023-287,MLM,MLM,Martin Marietta Materials,Martin Marietta Materials,cik:0000916076,0000916076,Materials,Construction Materials,0000950170-24-019275,mlm-20231231.htm,10-K,2024-02-23,2023-12-31,2023,https://www.sec.gov/Archives/edgar/data/916076/000095017024019275/mlm-20231231.htm,2023/sp500_companies.csv,sample_2023,3,2023/sample_500/html/raw/0000916076/0000950170-24-019275.html,304
288,S2023-288,S2023-288,MAS,MAS,Masco,Masco,cik:0000062996,0000062996,Industrials,Building Products,0000062996-24-000006,mas-20231231.htm,10-K,2024-02-08,2023-12-31,2023,https://www.sec.gov/Archives/edgar/data/62996/000006299624000006/mas-20231231.htm,2023/sp500_companies.csv,sample_2023,3,2023/sample_500/html/raw/0000062996/0000062996-24-000006.html,305
289,S2023-289,S2023-289,MA,MA,Mastercard,Mastercard,cik:0001141391,0001141391,Financials,Transaction & Payment Processing Services,0001141391-24-000022,ma-20231231.htm,10-K,2024-02-13,2023-12-31,2023,https://www.sec.gov/Archives/edgar/data/1141391/000114139124000022/ma-20231231.htm,2023/sp500_companies.csv,sample_2023,3,2023/sample_500/html/raw/0001141391/0001141391-24-000022.html,306
290,S2023-290,S2023-290,MTCH,MTCH,Match Group,Match Group,cik:0000891103,0000891103,,,0000891103-24-000014,mtch-20231231.htm,10-K,2024-02-23,2023-12-31,2023,https://www.sec.gov/Archives/edgar/data/891103/000089110324000014/mtch-20231231.htm,2023/sp500_companies.csv,sample_2023,3,2023/sample_500/html/raw/0000891103/0000891103-24-000014.html,307
291,S2023-291,S2023-291,MKC,MKC,McCormick & Company,McCormick & Company,cik:0000063754,0000063754,Consumer Staples,Packaged Foods & Meats,0000063754-24-000027,mkc-20231130.htm,10-K,2024-01-25,2023-11-30,2023,https://www.sec.gov/Archives/edgar/data/63754/000006375424000027/mkc-20231130.htm,2023/sp500_companies.csv,sample_2023,3,2023/sample_500/html/raw/0000063754/0000063754-24-000027.html,308
292,S2023-292,S2023-292,MCD,MCD,McDonald's,McDonald's,cik:0000063908,0000063908,Consumer Discretionary,Restaurants,0000063908-24-000072,mcd-20231231.htm,10-K,2024-02-22,2023-12-31,2023,https://www.sec.gov/Archives/edgar/data/63908/000006390824000072/mcd-20231231.htm,2023/sp500_companies.csv,sample_2023,3,2023/sample_500/html/raw/0000063908/0000063908-24-000072.html,309
293,S2023-293,S2023-293,MCK,MCK,McKesson Corporation,McKesson Corporation,cik:0000927653,0000927653,Health Care,Health Care Distributors,0000927653-23-000038,mck-20230331.htm,10-K,2023-05-09,2023-03-31,2023,https://www.sec.gov/Archives/edgar/data/927653/000092765323000038/mck-20230331.htm,2023/sp500_companies.csv,sample_2023,3,2023/sample_500/html/raw/0000927653/0000927653-23-000038.html,310
294,S2023-294,S2023-294,MDT,MDT,Medtronic,Medtronic,cik:0001613103,0001613103,Health Care,Health Care Equipment,0001613103-23-000040,mdt-20230428.htm,10-K,2023-06-22,2023-04-28,2023,https://www.sec.gov/Archives/edgar/data/1613103/000161310323000040/mdt-20230428.htm,2023/sp500_companies.csv,sample_2023,3,2023/sample_500/html/raw/0001613103/0001613103-23-000040.html,311
295,S2023-295,S2023-295,MRK,MRK,Merck & Co.,Merck & Co.,cik:0000310158,0000310158,Health Care,Pharmaceuticals,0001628280-24-006850,mrk-20231231.htm,10-K,2024-02-26,2023-12-31,2023,https://www.sec.gov/Archives/edgar/data/310158/000162828024006850/mrk-20231231.htm,2023/sp500_companies.csv,sample_2023,3,2023/sample_500/html/raw/0000310158/0001628280-24-006850.html,312
296,S2023-296,S2023-296,MET,MET,MetLife,MetLife,cik:0001099219,0001099219,Financials,Life & Health Insurance,0001099219-24-000035,met-20231231.htm,10-K,2024-02-16,2023-12-31,2023,https://www.sec.gov/Archives/edgar/data/1099219/000109921924000035/met-20231231.htm,2023/sp500_companies.csv,sample_2023,3,2023/sample_500/html/raw/0001099219/0001099219-24-000035.html,313
297,S2023-297,S2023-297,META,META,Meta Platforms,Meta Platforms,cik:0001326801,0001326801,Communication Services,Interactive Media & Services,0001326801-24-000012,meta-20231231.htm,10-K,2024-02-02,2023-12-31,2023,https://www.sec.gov/Archives/edgar/data/1326801/000132680124000012/meta-20231231.htm,2023/sp500_companies.csv,sample_2023,3,2023/sample_500/html/raw/0001326801/0001326801-24-000012.html,314
298,S2023-298,S2023-298,MTD,MTD,Mettler Toledo,Mettler Toledo,cik:0001037646,0001037646,Health Care,Life Sciences Tools & Services,0001037646-24-000007,mtd-20231231.htm,10-K,2024-02-09,2023-12-31,2023,https://www.sec.gov/Archives/edgar/data/1037646/000103764624000007/mtd-20231231.htm,2023/sp500_companies.csv,sample_2023,3,2023/sample_500/html/raw/0001037646/0001037646-24-000007.html,315
299,S2023-299,S2023-299,MCHP,MCHP,Microchip Technology,Microchip Technology,cik:0000827054,0000827054,Information Technology,Semiconductors,0000827054-23-000080,mchp-20230331.htm,10-K,2023-05-25,2023-03-31,2023,https://www.sec.gov/Archives/edgar/data/827054/000082705423000080/mchp-20230331.htm,2023/sp500_companies.csv,sample_2023,3,2023/sample_500/html/raw/0000827054/0000827054-23-000080.html,316
300,S2023-300,S2023-300,MU,MU,Micron Technology,Micron Technology,cik:0000723125,0000723125,Information Technology,Semiconductors,0000723125-23-000054,mu-20230831.htm,10-K,2023-10-06,2023-08-31,2023,https://www.sec.gov/Archives/edgar/data/723125/000072312523000054/mu-20230831.htm,2023/sp500_companies.csv,sample_2023,3,2023/sample_500/html/raw/0000723125/0000723125-23-000054.html,317
301,S2023-301,S2023-301,MSFT,MSFT,Microsoft,Microsoft,cik:0000789019,0000789019,Information Technology,Systems Software,0000950170-23-035122,msft-20230630.htm,10-K,2023-07-27,2023-06-30,2023,https://www.sec.gov/Archives/edgar/data/789019/000095017023035122/msft-20230630.htm,2023/sp500_companies.csv,sample_2023,4,2023/sample_500/html/raw/0000789019/0000950170-23-035122.html,318
302,S2023-302,S2023-302,MAA,MAA,Mid-America Apartment Communities,Mid-America Apartment Communities,cik:0000912595,0000912595,Real Estate,Multi-Family Residential REITs,0000950170-24-013275,maa-20231231.htm,10-K,2024-02-09,2023-12-31,2023,https://www.sec.gov/Archives/edgar/data/912595/000095017024013275/maa-20231231.htm,2023/sp500_companies.csv,sample_2023,4,2023/sample_500/html/raw/0000912595/0000950170-24-013275.html,319
303,S2023-303,S2023-303,MRNA,MRNA,Moderna,Moderna,cik:0001682852,0001682852,Health Care,Biotechnology,0001682852-24-000015,mrna-20231231.htm,10-K,2024-02-23,2023-12-31,2023,https://www.sec.gov/Archives/edgar/data/1682852/000168285224000015/mrna-20231231.htm,2023/sp500_companies.csv,sample_2023,4,2023/sample_500/html/raw/0001682852/0001682852-24-000015.html,320
304,S2023-304,S2023-304,MHK,MHK,Mohawk Industries,Mohawk Industries,cik:0000851968,0000851968,,,0000851968-24-000027,mhk-20231231.htm,10-K,2024-02-23,2023-12-31,2023,https://www.sec.gov/Archives/edgar/data/851968/000085196824000027/mhk-20231231.htm,2023/sp500_companies.csv,sample_2023,4,2023/sample_500/html/raw/0000851968/0000851968-24-000027.html,321
305,S2023-305,S2023-305,MOH,MOH,Molina Healthcare,Molina Healthcare,cik:0001179929,0001179929,,,0001179929-24-000033,moh-20231231.htm,10-K,2024-02-13,2023-12-31,2023,https://www.sec.gov/Archives/edgar/data/1179929/000117992924000033/moh-20231231.htm,2023/sp500_companies.csv,sample_2023,4,2023/sample_500/html/raw/0001179929/0001179929-24-000033.html,322
306,S2023-306,S2023-306,TAP,TAP,Molson Coors Beverage Company,Molson Coors Beverage Company,cik:0000024545,0000024545,Consumer Staples,Brewers,0000024545-24-000005,tap-20231231.htm,10-K,2024-02-20,2023-12-31,2023,https://www.sec.gov/Archives/edgar/data/24545/000002454524000005/tap-20231231.htm,2023/sp500_companies.csv,sample_2023,4,2023/sample_500/html/raw/0000024545/0000024545-24-000005.html,323
307,S2023-307,S2023-307,MDLZ,MDLZ,Mondelez International,Mondelez International,cik:0001103982,0001103982,Consumer Staples,Packaged Foods & Meats,0001103982-24-000019,mdlz-20231231.htm,10-K,2024-02-02,2023-12-31,2023,https://www.sec.gov/Archives/edgar/data/1103982/000110398224000019/mdlz-20231231.htm,2023/sp500_companies.csv,sample_2023,4,2023/sample_500/html/raw/0001103982/0001103982-24-000019.html,324
308,S2023-308,S2023-308,MPWR,MPWR,Monolithic Power Systems,Monolithic Power Systems,cik:0001280452,0001280452,Information Technology,Semiconductors,0001437749-24-006133,mpwr20231231_10k.htm,10-K,2024-02-29,2023-12-31,2023,https://www.sec.gov/Archives/edgar/data/1280452/000143774924006133/mpwr20231231_10k.htm,2023/sp500_companies.csv,sample_2023,4,2023/sample_500/html/raw/0001280452/0001437749-24-006133.html,325
309,S2023-309,S2023-309,MNST,MNST,Monster Beverage,Monster Beverage,cik:0000865752,0000865752,Consumer Staples,Soft Drinks & Non-alcoholic Beverages,0001104659-24-029425,mnst-20231231x10k.htm,10-K,2024-02-29,2023-12-31,2023,https://www.sec.gov/Archives/edgar/data/865752/000110465924029425/mnst-20231231x10k.htm,2023/sp500_companies.csv,sample_2023,4,2023/sample_500/html/raw/0000865752/0001104659-24-029425.html,326
310,S2023-310,S2023-310,MCO,MCO,Moody's Corporation,Moody's Corporation,cik:0001059556,0001059556,Financials,Financial Exchanges & Data,0001059556-24-000017,mco-20231231.htm,10-K,2024-02-14,2023-12-31,2023,https://www.sec.gov/Archives/edgar/data/1059556/000105955624000017/mco-20231231.htm,2023/sp500_companies.csv,sample_2023,4,2023/sample_500/html/raw/0001059556/0001059556-24-000017.html,327
311,S2023-311,S2023-311,MS,MS,Morgan Stanley,Morgan Stanley,cik:0000895421,0000895421,Financials,Investment Banking & Brokerage,0000895421-24-000300,ms-20231231.htm,10-K,2024-02-22,2023-12-31,2023,https://www.sec.gov/Archives/edgar/data/895421/000089542124000300/ms-20231231.htm,2023/sp500_companies.csv,sample_2023,4,2023/sample_500/html/raw/0000895421/0000895421-24-000300.html,328
312,S2023-312,S2023-312,MOS,MOS,Mosaic Company (The),Mosaic Company (The),cik:0001285785,0001285785,Materials,Fertilizers & Agricultural Chemicals,0001618034-24-000004,mos-20231231.htm,10-K,2024-02-22,2023-12-31,2023,https://www.sec.gov/Archives/edgar/data/1285785/000161803424000004/mos-20231231.htm,2023/sp500_companies.csv,sample_2023,4,2023/sample_500/html/raw/0001285785/0001618034-24-000004.html,329
313,S2023-313,S2023-313,MSI,MSI,Motorola Solutions,Motorola Solutions,cik:0000068505,0000068505,Information Technology,Communications Equipment,0000068505-24-000008,msi-20231231.htm,10-K,2024-02-15,2023-12-31,2023,https://www.sec.gov/Archives/edgar/data/68505/000006850524000008/msi-20231231.htm,2023/sp500_companies.csv,sample_2023,4,2023/sample_500/html/raw/0000068505/0000068505-24-000008.html,330
314,S2023-314,S2023-314,NRG,NRG,NRG Energy,NRG Energy,cik:0001013871,0001013871,Utilities,Independent Power Producers & Energy Traders,0001013871-24-000005,nrg-20231231.htm,10-K,2024-02-28,2023-12-31,2023,https://www.sec.gov/Archives/edgar/data/1013871/000101387124000005/nrg-20231231.htm,2023/sp500_companies.csv,sample_2023,4,2023/sample_500/html/raw/0001013871/0001013871-24-000005.html,331
315,S2023-315,S2023-315,NVR,NVR,"NVR, Inc.","NVR, Inc.",cik:0000906163,0000906163,Consumer Discretionary,Homebuilding,0000906163-24-000033,nvr-20231231.htm,10-K,2024-02-14,2023-12-31,2023,https://www.sec.gov/Archives/edgar/data/906163/000090616324000033/nvr-20231231.htm,2023/sp500_companies.csv,sample_2023,4,2023/sample_500/html/raw/0000906163/0000906163-24-000033.html,332
316,S2023-316,S2023-316,NXPI,NXPI,NXP Semiconductors,NXP Semiconductors,cik:0001413447,0001413447,Information Technology,Semiconductors,0001413447-24-000013,nxpi-20231231.htm,10-K,2024-02-22,2023-12-31,2023,https://www.sec.gov/Archives/edgar/data/1413447/000141344724000013/nxpi-20231231.htm,2023/sp500_companies.csv,sample_2023,4,2023/sample_500/html/raw/0001413447/0001413447-24-000013.html,333
317,S2023-317,S2023-317,NDAQ,NDAQ,"Nasdaq, Inc.","Nasdaq, Inc.",cik:0001120193,0001120193,Financials,Financial Exchanges & Data,0001120193-24-000006,ndaq-20231231.htm,10-K,2024-02-21,2023-12-31,2023,https://www.sec.gov/Archives/edgar/data/1120193/000112019324000006/ndaq-20231231.htm,2023/sp500_companies.csv,sample_2023,4,2023/sample_500/html/raw/0001120193/0001120193-24-000006.html,334
318,S2023-318,S2023-318,NTAP,NTAP,NetApp,NetApp,cik:0001002047,0001002047,Information Technology,"Technology Hardware, Storage & Peripherals",0000950170-23-027948,ntap-20230428.htm,10-K,2023-06-14,2023-04-28,2023,https://www.sec.gov/Archives/edgar/data/1002047/000095017023027948/ntap-20230428.htm,2023/sp500_companies.csv,sample_2023,4,2023/sample_500/html/raw/0001002047/0000950170-23-027948.html,335
319,S2023-319,S2023-319,NFLX,NFLX,Netflix,Netflix,cik:0001065280,0001065280,Communication Services,Movies & Entertainment,0001065280-24-000030,nflx-20231231.htm,10-K,2024-01-26,2023-12-31,2023,https://www.sec.gov/Archives/edgar/data/1065280/000106528024000030/nflx-20231231.htm,2023/sp500_companies.csv,sample_2023,4,2023/sample_500/html/raw/0001065280/0001065280-24-000030.html,336
320,S2023-320,S2023-320,NEM,NEM,Newmont,Newmont,cik:0001164727,0001164727,Materials,Gold,0001164727-24-000016,nem-20231231.htm,10-K,2024-02-29,2023-12-31,2023,https://www.sec.gov/Archives/edgar/data/1164727/000116472724000016/nem-20231231.htm,2023/sp500_companies.csv,sample_2023,4,2023/sample_500/html/raw/0001164727/0001164727-24-000016.html,337
321,S2023-321,S2023-321,NWSA|NWS,NWSA|NWS,News Corp (Class A)|News Corp (Class B),News Corp (Class A)|News Corp (Class B),cik:0001564708,0001564708,Communication Services,Publishing,0001564708-23-000368,nws-20230630.htm,10-K,2023-08-15,2023-06-30,2023,https://www.sec.gov/Archives/edgar/data/1564708/000156470823000368/nws-20230630.htm,2023/sp500_companies.csv,sample_2023,4,2023/sample_500/html/raw/0001564708/0001564708-23-000368.html,338
322,S2023-322,S2023-322,NEE,NEE,NextEra Energy,NextEra Energy,cik:0000753308,0000753308,Utilities,Multi-Utilities,0000753308-24-000008,nee-20231231.htm,10-K,2024-02-16,2023-12-31,2023,https://www.sec.gov/Archives/edgar/data/753308/000075330824000008/nee-20231231.htm,2023/sp500_companies.csv,sample_2023,4,2023/sample_500/html/raw/0000753308/0000753308-24-000008.html,339
323,S2023-323,S2023-323,NI,NI,NiSource,NiSource,cik:0001111711,0001111711,Utilities,Multi-Utilities,0001111711-24-000011,nix-20231231.htm,10-K,2024-02-21,2023-12-31,2023,https://www.sec.gov/Archives/edgar/data/1111711/000111171124000011/nix-20231231.htm,2023/sp500_companies.csv,sample_2023,4,2023/sample_500/html/raw/0001111711/0001111711-24-000011.html,340
324,S2023-324,S2023-324,NKE,NKE,"Nike, Inc.","Nike, Inc.",cik:0000320187,0000320187,Consumer Discretionary,"Apparel, Accessories & Luxury Goods",0000320187-23-000039,nke-20230531.htm,10-K,2023-07-20,2023-05-31,2023,https://www.sec.gov/Archives/edgar/data/320187/000032018723000039/nke-20230531.htm,2023/sp500_companies.csv,sample_2023,4,2023/sample_500/html/raw/0000320187/0000320187-23-000039.html,341
325,S2023-325,S2023-325,NDSN,NDSN,Nordson Corporation,Nordson Corporation,cik:0000072331,0000072331,Industrials,Industrial Machinery & Supplies & Components,0000072331-23-000242,ndsn-20231031.htm,10-K,2023-12-20,2023-10-31,2023,https://www.sec.gov/Archives/edgar/data/72331/000007233123000242/ndsn-20231031.htm,2023/sp500_companies.csv,sample_2023,4,2023/sample_500/html/raw/0000072331/0000072331-23-000242.html,342
326,S2023-326,S2023-326,NSC,NSC,Norfolk Southern,Norfolk Southern,cik:0000702165,0000702165,Industrials,Rail Transportation,0000702165-24-000005,nsc-20231231.htm,10-K,2024-02-05,2023-12-31,2023,https://www.sec.gov/Archives/edgar/data/702165/000070216524000005/nsc-20231231.htm,2023/sp500_companies.csv,sample_2023,4,2023/sample_500/html/raw/0000702165/0000702165-24-000005.html,343
327,S2023-327,S2023-327,NTRS,NTRS,Northern Trust,Northern Trust,cik:0000073124,0000073124,Financials,Asset Management & Custody Banks,0000073124-24-000073,ntrs-20231231.htm,10-K,2024-02-27,2023-12-31,2023,https://www.sec.gov/Archives/edgar/data/73124/000007312424000073/ntrs-20231231.htm,2023/sp500_companies.csv,sample_2023,4,2023/sample_500/html/raw/0000073124/0000073124-24-000073.html,344
328,S2023-328,S2023-328,NOC,NOC,Northrop Grumman,Northrop Grumman,cik:0001133421,0001133421,Industrials,Aerospace & Defense,0001133421-24-000006,noc-20231231.htm,10-K,2024-01-25,2023-12-31,2023,https://www.sec.gov/Archives/edgar/data/1133421/000113342124000006/noc-20231231.htm,2023/sp500_companies.csv,sample_2023,4,2023/sample_500/html/raw/0001133421/0001133421-24-000006.html,345
329,S2023-329,S2023-329,NCLH,NCLH,Norwegian Cruise Line Holdings,Norwegian Cruise Line Holdings,cik:0001513761,0001513761,Consumer Discretionary,"Hotels, Resorts & Cruise Lines",0001558370-24-001935,nclh-20231231x10k.htm,10-K,2024-02-28,2023-12-31,2023,https://www.sec.gov/Archives/edgar/data/1513761/000155837024001935/nclh-20231231x10k.htm,2023/sp500_companies.csv,sample_2023,4,2023/sample_500/html/raw/0001513761/0001558370-24-001935.html,346
330,S2023-330,S2023-330,NUE,NUE,Nucor,Nucor,cik:0000073309,0000073309,Materials,Steel,0000950170-24-021195,nue-20231231.htm,10-K,2024-02-27,2023-12-31,2023,https://www.sec.gov/Archives/edgar/data/73309/000095017024021195/nue-20231231.htm,2023/sp500_companies.csv,sample_2023,4,2023/sample_500/html/raw/0000073309/0000950170-24-021195.html,347
331,S2023-331,S2023-331,NVDA,NVDA,Nvidia,Nvidia,cik:0001045810,0001045810,Information Technology,Semiconductors,0001045810-23-000017,nvda-20230129.htm,10-K,2023-02-24,2023-01-29,2023,https://www.sec.gov/Archives/edgar/data/1045810/000104581023000017/nvda-20230129.htm,2023/sp500_companies.csv,sample_2023,4,2023/sample_500/html/raw/0001045810/0001045810-23-000017.html,348
332,S2023-332,S2023-332,ON,ON,ON Semiconductor,ON Semiconductor,cik:0001097864,0001097864,Information Technology,Semiconductors,0001628280-24-003201,on-20231231.htm,10-K,2024-02-05,2023-12-31,2023,https://www.sec.gov/Archives/edgar/data/1097864/000162828024003201/on-20231231.htm,2023/sp500_companies.csv,sample_2023,4,2023/sample_500/html/raw/0001097864/0001628280-24-003201.html,349
333,S2023-333,S2023-333,OXY,OXY,Occidental Petroleum,Occidental Petroleum,cik:0000797468,0000797468,Energy,Oil & Gas Exploration & Production,0000797468-24-000034,oxy-20231231.htm,10-K,2024-02-14,2023-12-31,2023,https://www.sec.gov/Archives/edgar/data/797468/000079746824000034/oxy-20231231.htm,2023/sp500_companies.csv,sample_2023,4,2023/sample_500/html/raw/0000797468/0000797468-24-000034.html,350
334,S2023-334,S2023-334,ODFL,ODFL,Old Dominion,Old Dominion,cik:0000878927,0000878927,Industrials,Cargo Ground Transportation,0000950170-24-020176,odfl-20231231.htm,10-K,2024-02-26,2023-12-31,2023,https://www.sec.gov/Archives/edgar/data/878927/000095017024020176/odfl-20231231.htm,2023/sp500_companies.csv,sample_2023,4,2023/sample_500/html/raw/0000878927/0000950170-24-020176.html,351
335,S2023-335,S2023-335,OMC,OMC,Omnicom Group,Omnicom Group,cik:0000029989,0000029989,Communication Services,Advertising,0000029989-24-000007,omc-20231231.htm,10-K,2024-02-07,2023-12-31,2023,https://www.sec.gov/Archives/edgar/data/29989/000002998924000007/omc-20231231.htm,2023/sp500_companies.csv,sample_2023,4,2023/sample_500/html/raw/0000029989/0000029989-24-000007.html,352
336,S2023-336,S2023-336,OKE,OKE,Oneok,Oneok,cik:0001039684,0001039684,Energy,Oil & Gas Storage & Transportation,0001039684-24-000015,oke-20231231.htm,10-K,2024-02-27,2023-12-31,2023,https://www.sec.gov/Archives/edgar/data/1039684/000103968424000015/oke-20231231.htm,2023/sp500_companies.csv,sample_2023,4,2023/sample_500/html/raw/0001039684/0001039684-24-000015.html,353
337,S2023-337,S2023-337,ORCL,ORCL,Oracle Corporation,Oracle Corporation,cik:0001341439,0001341439,Information Technology,Application Software,0000950170-23-028914,orcl-20230531.htm,10-K,2023-06-20,2023-05-31,2023,https://www.sec.gov/Archives/edgar/data/1341439/000095017023028914/orcl-20230531.htm,2023/sp500_companies.csv,sample_2023,4,2023/sample_500/html/raw/0001341439/0000950170-23-028914.html,354
338,S2023-338,S2023-338,OTIS,OTIS,Otis Worldwide,Otis Worldwide,cik:0001781335,0001781335,Industrials,Industrial Machinery & Supplies & Components,0001781335-24-000013,otis-20231231.htm,10-K,2024-02-02,2023-12-31,2023,https://www.sec.gov/Archives/edgar/data/1781335/000178133524000013/otis-20231231.htm,2023/sp500_companies.csv,sample_2023,4,2023/sample_500/html/raw/0001781335/0001781335-24-000013.html,355
339,S2023-339,S2023-339,ORLY,ORLY,O’Reilly Automotive,O’Reilly Automotive,cik:0000898173,0000898173,Consumer Discretionary,Automotive Retail,0000898173-24-000009,orly-20231231x10k.htm,10-K,2024-02-28,2023-12-31,2023,https://www.sec.gov/Archives/edgar/data/898173/000089817324000009/orly-20231231x10k.htm,2023/sp500_companies.csv,sample_2023,4,2023/sample_500/html/raw/0000898173/0000898173-24-000009.html,356
340,S2023-340,S2023-340,PCG,PCG,PG&E Corporation,PG&E Corporation,cik:0001004980,0001004980,Utilities,Multi-Utilities,0001004980-24-000014,pcg-20231231.htm,10-K,2024-02-22,2023-12-31,2023,https://www.sec.gov/Archives/edgar/data/1004980/000100498024000014/pcg-20231231.htm,2023/sp500_companies.csv,sample_2023,4,2023/sample_500/html/raw/0001004980/0001004980-24-000014.html,357
341,S2023-341,S2023-341,PNC,PNC,PNC Financial Services,PNC Financial Services,cik:0000713676,0000713676,Financials,Diversified Banks,0000713676-24-000028,pnc-20231231.htm,10-K,2024-02-21,2023-12-31,2023,https://www.sec.gov/Archives/edgar/data/713676/000071367624000028/pnc-20231231.htm,2023/sp500_companies.csv,sample_2023,4,2023/sample_500/html/raw/0000713676/0000713676-24-000028.html,358
342,S2023-342,S2023-342,PPG,PPG,PPG Industries,PPG Industries,cik:0000079879,0000079879,Materials,Specialty Chemicals,0000079879-24-000040,ppg-20231231.htm,10-K,2024-02-15,2023-12-31,2023,https://www.sec.gov/Archives/edgar/data/79879/000007987924000040/ppg-20231231.htm,2023/sp500_companies.csv,sample_2023,4,2023/sample_500/html/raw/0000079879/0000079879-24-000040.html,359
343,S2023-343,S2023-343,PPL,PPL,PPL Corporation,PPL Corporation,cik:0000922224,0000922224,Utilities,Electric Utilities,0000922224-24-000008,ppl-20231231.htm,10-K,2024-02-16,2023-12-31,2023,https://www.sec.gov/Archives/edgar/data/922224/000092222424000008/ppl-20231231.htm,2023/sp500_companies.csv,sample_2023,4,2023/sample_500/html/raw/0000922224/0000922224-24-000008.html,360
344,S2023-344,S2023-344,PTC,PTC,PTC Inc.,PTC Inc.,cik:0000857005,0000857005,Information Technology,Application Software,0000950123-23-011049,ptc-20230930.htm,10-K,2023-11-20,2023-09-30,2023,https://www.sec.gov/Archives/edgar/data/857005/000095012323011049/ptc-20230930.htm,2023/sp500_companies.csv,sample_2023,4,2023/sample_500/html/raw/0000857005/0000950123-23-011049.html,361
345,S2023-345,S2023-345,PCAR,PCAR,Paccar,Paccar,cik:0000075362,0000075362,Industrials,Construction Machinery & Heavy Transportation Equipment,0000950170-24-017900,pcar-20231231.htm,10-K,2024-02-21,2023-12-31,2023,https://www.sec.gov/Archives/edgar/data/75362/000095017024017900/pcar-20231231.htm,2023/sp500_companies.csv,sample_2023,4,2023/sample_500/html/raw/0000075362/0000950170-24-017900.html,362
346,S2023-346,S2023-346,PKG,PKG,Packaging Corporation of America,Packaging Corporation of America,cik:0000075677,0000075677,Materials,Paper & Plastic Packaging Products & Materials,0000950170-24-022794,pkg-20231231.htm,10-K,2024-02-29,2023-12-31,2023,https://www.sec.gov/Archives/edgar/data/75677/000095017024022794/pkg-20231231.htm,2023/sp500_companies.csv,sample_2023,4,2023/sample_500/html/raw/0000075677/0000950170-24-022794.html,363
347,S2023-347,S2023-347,PANW,PANW,Palo Alto Networks,Palo Alto Networks,cik:0001327567,0001327567,Information Technology,Systems Software,0001327567-23-000024,panw-20230731.htm,10-K,2023-09-01,2023-07-31,2023,https://www.sec.gov/Archives/edgar/data/1327567/000132756723000024/panw-20230731.htm,2023/sp500_companies.csv,sample_2023,4,2023/sample_500/html/raw/0001327567/0001327567-23-000024.html,364
348,S2023-348,S2023-348,PARA,PARA,Paramount Global,Paramount Global,cik:0000813828,0000813828,,,0000813828-24-000007,para-20231231.htm,10-K,2024-02-28,2023-12-31,2023,https://www.sec.gov/Archives/edgar/data/813828/000081382824000007/para-20231231.htm,2023/sp500_companies.csv,sample_2023,4,2023/sample_500/html/raw/0000813828/0000813828-24-000007.html,365
349,S2023-349,S2023-349,PH,PH,Parker Hannifin,Parker Hannifin,cik:0000076334,0000076334,Industrials,Industrial Machinery & Supplies & Components,0000076334-23-000042,ph-20230630.htm,10-K,2023-08-24,2023-06-30,2023,https://www.sec.gov/Archives/edgar/data/76334/000007633423000042/ph-20230630.htm,2023/sp500_companies.csv,sample_2023,4,2023/sample_500/html/raw/0000076334/0000076334-23-000042.html,366
350,S2023-350,S2023-350,PYPL,PYPL,PayPal,PayPal,cik:0001633917,0001633917,Financials,Transaction & Payment Processing Services,0001633917-24-000024,pypl-20231231.htm,10-K,2024-02-08,2023-12-31,2023,https://www.sec.gov/Archives/edgar/data/1633917/000163391724000024/pypl-20231231.htm,2023/sp500_companies.csv,sample_2023,4,2023/sample_500/html/raw/0001633917/0001633917-24-000024.html,367
351,S2023-351,S2023-351,PAYX,PAYX,Paychex,Paychex,cik:0000723531,0000723531,Industrials,Human Resource & Employment Services,0000950170-23-032988,payx-20230531.htm,10-K,2023-07-14,2023-05-31,2023,https://www.sec.gov/Archives/edgar/data/723531/000095017023032988/payx-20230531.htm,2023/sp500_companies.csv,sample_2023,4,2023/sample_500/html/raw/0000723531/0000950170-23-032988.html,368
352,S2023-352,S2023-352,PAYC,PAYC,Paycom,Paycom,cik:0001590955,0001590955,,,0000950170-24-015863,payc-20231231.htm,10-K,2024-02-15,2023-12-31,2023,https://www.sec.gov/Archives/edgar/data/1590955/000095017024015863/payc-20231231.htm,2023/sp500_companies.csv,sample_2023,4,2023/sample_500/html/raw/0001590955/0000950170-24-015863.html,369
353,S2023-353,S2023-353,PNR,PNR,Pentair,Pentair,cik:0000077360,0000077360,Industrials,Industrial Machinery & Supplies & Components,0000077360-24-000007,pnr-20231231.htm,10-K,2024-02-20,2023-12-31,2023,https://www.sec.gov/Archives/edgar/data/77360/000007736024000007/pnr-20231231.htm,2023/sp500_companies.csv,sample_2023,4,2023/sample_500/html/raw/0000077360/0000077360-24-000007.html,370
354,S2023-354,S2023-354,PEP,PEP,PepsiCo,PepsiCo,cik:0000077476,0000077476,Consumer Staples,Soft Drinks & Non-alcoholic Beverages,0000077476-24-000008,pep-20231230.htm,10-K,2024-02-09,2023-12-30,2023,https://www.sec.gov/Archives/edgar/data/77476/000007747624000008/pep-20231230.htm,2023/sp500_companies.csv,sample_2023,4,2023/sample_500/html/raw/0000077476/0000077476-24-000008.html,371
355,S2023-355,S2023-355,PFE,PFE,Pfizer,Pfizer,cik:0000078003,0000078003,Health Care,Pharmaceuticals,0000078003-24-000039,pfe-20231231.htm,10-K,2024-02-22,2023-12-31,2023,https://www.sec.gov/Archives/edgar/data/78003/000007800324000039/pfe-20231231.htm,2023/sp500_companies.csv,sample_2023,4,2023/sample_500/html/raw/0000078003/0000078003-24-000039.html,372
356,S2023-356,S2023-356,PM,PM,Philip Morris International,Philip Morris International,cik:0001413329,0001413329,Consumer Staples,Tobacco,0001413329-24-000013,pm-20231231.htm,10-K,2024-02-08,2023-12-31,2023,https://www.sec.gov/Archives/edgar/data/1413329/000141332924000013/pm-20231231.htm,2023/sp500_companies.csv,sample_2023,4,2023/sample_500/html/raw/0001413329/0001413329-24-000013.html,373
357,S2023-357,S2023-357,PSX,PSX,Phillips 66,Phillips 66,cik:0001534701,0001534701,Energy,Oil & Gas Refining & Marketing,0001534701-24-000078,psx-20231231.htm,10-K,2024-02-21,2023-12-31,2023,https://www.sec.gov/Archives/edgar/data/1534701/000153470124000078/psx-20231231.htm,2023/sp500_companies.csv,sample_2023,4,2023/sample_500/html/raw/0001534701/0001534701-24-000078.html,374
358,S2023-358,S2023-358,PNW,PNW,Pinnacle West Capital,Pinnacle West Capital,cik:0000764622,0000764622,Utilities,Multi-Utilities,0000764622-24-000016,pnw-20231231.htm,10-K,2024-02-27,2023-12-31,2023,https://www.sec.gov/Archives/edgar/data/764622/000076462224000016/pnw-20231231.htm,2023/sp500_companies.csv,sample_2023,4,2023/sample_500/html/raw/0000764622/0000764622-24-000016.html,375
359,S2023-359,S2023-359,POOL,POOL,Pool Corporation,Pool Corporation,cik:0000945841,0000945841,,,0000945841-24-000021,pool-20231231.htm,10-K,2024-02-27,2023-12-31,2023,https://www.sec.gov/Archives/edgar/data/945841/000094584124000021/pool-20231231.htm,2023/sp500_companies.csv,sample_2023,4,2023/sample_500/html/raw/0000945841/0000945841-24-000021.html,377
360,S2023-360,S2023-360,PFG,PFG,Principal Financial Group,Principal Financial Group,cik:0001126328,0001126328,Financials,Life & Health Insurance,0001104659-24-025516,pfg-20231231x10k.htm,10-K,2024-02-20,2023-12-31,2023,https://www.sec.gov/Archives/edgar/data/1126328/000110465924025516/pfg-20231231x10k.htm,2023/sp500_companies.csv,sample_2023,4,2023/sample_500/html/raw/0001126328/0001104659-24-025516.html,378
361,S2023-361,S2023-361,PG,PG,Procter & Gamble,Procter & Gamble,cik:0000080424,0000080424,Consumer Staples,Personal Care Products,0000080424-23-000073,pg-20230630.htm,10-K,2023-08-04,2023-06-30,2023,https://www.sec.gov/Archives/edgar/data/80424/000008042423000073/pg-20230630.htm,2023/sp500_companies.csv,sample_2023,4,2023/sample_500/html/raw/0000080424/0000080424-23-000073.html,379
362,S2023-362,S2023-362,PGR,PGR,Progressive Corporation,Progressive Corporation,cik:0000080661,0000080661,Financials,Property & Casualty Insurance,0000080661-24-000007,pgr-20231231.htm,10-K,2024-02-26,2023-12-31,2023,https://www.sec.gov/Archives/edgar/data/80661/000008066124000007/pgr-20231231.htm,2023/sp500_companies.csv,sample_2023,4,2023/sample_500/html/raw/0000080661/0000080661-24-000007.html,380
363,S2023-363,S2023-363,PLD,PLD,Prologis,Prologis,cik:0001045609,0001045609,Real Estate,Industrial REITs,0000950170-24-014539,pld-20231231.htm,10-K,2024-02-13,2023-12-31,2023,https://www.sec.gov/Archives/edgar/data/1045609/000095017024014539/pld-20231231.htm,2023/sp500_companies.csv,sample_2023,4,2023/sample_500/html/raw/0001045609/0000950170-24-014539.html,381
364,S2023-364,S2023-364,PRU,PRU,Prudential Financial,Prudential Financial,cik:0001137774,0001137774,Financials,Life & Health Insurance,0001137774-24-000045,pru-20231231.htm,10-K,2024-02-21,2023-12-31,2023,https://www.sec.gov/Archives/edgar/data/1137774/000113777424000045/pru-20231231.htm,2023/sp500_companies.csv,sample_2023,4,2023/sample_500/html/raw/0001137774/0001137774-24-000045.html,382
365,S2023-365,S2023-365,PEG,PEG,Public Service Enterprise Group,Public Service Enterprise Group,cik:0000788784,0000788784,Utilities,Electric Utilities,0001628280-24-006885,pseg-20231231.htm,10-K,2024-02-26,2023-12-31,2023,https://www.sec.gov/Archives/edgar/data/788784/000162828024006885/pseg-20231231.htm,2023/sp500_companies.csv,sample_2023,4,2023/sample_500/html/raw/0000788784/0001628280-24-006885.html,383
366,S2023-366,S2023-366,PSA,PSA,Public Storage,Public Storage,cik:0001393311,0001393311,Real Estate,Self-Storage REITs,0001393311-24-000043,psa-20231231.htm,10-K,2024-02-20,2023-12-31,2023,https://www.sec.gov/Archives/edgar/data/1393311/000139331124000043/psa-20231231.htm,2023/sp500_companies.csv,sample_2023,4,2023/sample_500/html/raw/0001393311/0001393311-24-000043.html,384
367,S2023-367,S2023-367,PHM,PHM,PulteGroup,PulteGroup,cik:0000822416,0000822416,Consumer Discretionary,Homebuilding,0000822416-24-000010,phm-20231231.htm,10-K,2024-02-05,2023-12-31,2023,https://www.sec.gov/Archives/edgar/data/822416/000082241624000010/phm-20231231.htm,2023/sp500_companies.csv,sample_2023,4,2023/sample_500/html/raw/0000822416/0000822416-24-000010.html,385
368,S2023-368,S2023-368,QRVO,QRVO,Qorvo,Qorvo,cik:0001604778,0001604778,,,0001604778-23-000055,rfmd-20230401.htm,10-K,2023-05-19,2023-04-01,2023,https://www.sec.gov/Archives/edgar/data/1604778/000160477823000055/rfmd-20230401.htm,2023/sp500_companies.csv,sample_2023,4,2023/sample_500/html/raw/0001604778/0001604778-23-000055.html,386
369,S2023-369,S2023-369,QCOM,QCOM,Qualcomm,Qualcomm,cik:0000804328,0000804328,Information Technology,Semiconductors,0000804328-23-000055,qcom-20230924.htm,10-K,2023-11-01,2023-09-24,2023,https://www.sec.gov/Archives/edgar/data/804328/000080432823000055/qcom-20230924.htm,2023/sp500_companies.csv,sample_2023,4,2023/sample_500/html/raw/0000804328/0000804328-23-000055.html,387
370,S2023-370,S2023-370,PWR,PWR,Quanta Services,Quanta Services,cik:0001050915,0001050915,Industrials,Construction & Engineering,0001050915-24-000009,pwr-20231231.htm,10-K,2024-02-22,2023-12-31,2023,https://www.sec.gov/Archives/edgar/data/1050915/000105091524000009/pwr-20231231.htm,2023/sp500_companies.csv,sample_2023,4,2023/sample_500/html/raw/0001050915/0001050915-24-000009.html,388
371,S2023-371,S2023-371,DGX,DGX,Quest Diagnostics,Quest Diagnostics,cik:0001022079,0001022079,Health Care,Health Care Services,0001022079-24-000041,dgx-20231231.htm,10-K,2024-02-22,2023-12-31,2023,https://www.sec.gov/Archives/edgar/data/1022079/000102207924000041/dgx-20231231.htm,2023/sp500_companies.csv,sample_2023,4,2023/sample_500/html/raw/0001022079/0001022079-24-000041.html,389
372,S2023-372,S2023-372,RTX,RTX,RTX Corporation,RTX Corporation,cik:0000101829,0000101829,Industrials,Aerospace & Defense,0000101829-24-000008,rtx-20231231.htm,10-K,2024-02-05,2023-12-31,2023,https://www.sec.gov/Archives/edgar/data/101829/000010182924000008/rtx-20231231.htm,2023/sp500_companies.csv,sample_2023,4,2023/sample_500/html/raw/0000101829/0000101829-24-000008.html,390
373,S2023-373,S2023-373,RL,RL,Ralph Lauren Corporation,Ralph Lauren Corporation,cik:0001037038,0001037038,Consumer Discretionary,"Apparel, Accessories & Luxury Goods",0001037038-23-000015,rl-20230401.htm,10-K,2023-05-25,2023-04-01,2023,https://www.sec.gov/Archives/edgar/data/1037038/000103703823000015/rl-20230401.htm,2023/sp500_companies.csv,sample_2023,4,2023/sample_500/html/raw/0001037038/0001037038-23-000015.html,391
374,S2023-374,S2023-374,RJF,RJF,Raymond James Financial,Raymond James Financial,cik:0000720005,0000720005,Financials,Investment Banking & Brokerage,0000720005-23-000079,rjf-20230930.htm,10-K,2023-11-21,2023-09-30,2023,https://www.sec.gov/Archives/edgar/data/720005/000072000523000079/rjf-20230930.htm,2023/sp500_companies.csv,sample_2023,4,2023/sample_500/html/raw/0000720005/0000720005-23-000079.html,392
375,S2023-375,S2023-375,O,O,Realty Income,Realty Income,cik:0000726728,0000726728,Real Estate,Retail REITs,0000726728-24-000047,o-20231231.htm,10-K,2024-02-21,2023-12-31,2023,https://www.sec.gov/Archives/edgar/data/726728/000072672824000047/o-20231231.htm,2023/sp500_companies.csv,sample_2023,4,2023/sample_500/html/raw/0000726728/0000726728-24-000047.html,393
376,S2023-376,S2023-376,REG,REG,Regency Centers,Regency Centers,cik:0000910606,0000910606,Real Estate,Retail REITs,0000950170-24-016260,reg-20231231.htm,10-K,2024-02-16,2023-12-31,2023,https://www.sec.gov/Archives/edgar/data/910606/000095017024016260/reg-20231231.htm,2023/sp500_companies.csv,sample_2023,4,2023/sample_500/html/raw/0000910606/0000950170-24-016260.html,394
377,S2023-377,S2023-377,REGN,REGN,Regeneron Pharmaceuticals,Regeneron Pharmaceuticals,cik:0000872589,0000872589,Health Care,Biotechnology,0001804220-24-000009,regn-20231231.htm,10-K,2024-02-05,2023-12-31,2023,https://www.sec.gov/Archives/edgar/data/872589/000180422024000009/regn-20231231.htm,2023/sp500_companies.csv,sample_2023,4,2023/sample_500/html/raw/0000872589/0001804220-24-000009.html,395
378,S2023-378,S2023-378,RF,RF,Regions Financial Corporation,Regions Financial Corporation,cik:0001281761,0001281761,Financials,Regional Banks,0001281761-24-000010,rf-20231231.htm,10-K,2024-02-23,2023-12-31,2023,https://www.sec.gov/Archives/edgar/data/1281761/000128176124000010/rf-20231231.htm,2023/sp500_companies.csv,sample_2023,4,2023/sample_500/html/raw/0001281761/0001281761-24-000010.html,396
379,S2023-379,S2023-379,RSG,RSG,Republic Services,Republic Services,cik:0001060391,0001060391,Industrials,Environmental & Facilities Services,0001060391-24-000142,rsg-20231231.htm,10-K,2024-02-29,2023-12-31,2023,https://www.sec.gov/Archives/edgar/data/1060391/000106039124000142/rsg-20231231.htm,2023/sp500_companies.csv,sample_2023,4,2023/sample_500/html/raw/0001060391/0001060391-24-000142.html,397
380,S2023-380,S2023-380,RMD,RMD,ResMed,ResMed,cik:0000943819,0000943819,Health Care,Health Care Equipment,0000943819-23-000011,rmd-20230630.htm,10-K,2023-08-11,2023-06-30,2023,https://www.sec.gov/Archives/edgar/data/943819/000094381923000011/rmd-20230630.htm,2023/sp500_companies.csv,sample_2023,4,2023/sample_500/html/raw/0000943819/0000943819-23-000011.html,398
381,S2023-381,S2023-381,RHI,RHI,Robert Half,Robert Half,cik:0000315213,0000315213,,,0000315213-24-000011,rhi-20231231.htm,10-K,2024-02-20,2023-12-31,2023,https://www.sec.gov/Archives/edgar/data/315213/000031521324000011/rhi-20231231.htm,2023/sp500_companies.csv,sample_2023,4,2023/sample_500/html/raw/0000315213/0000315213-24-000011.html,400
382,S2023-382,S2023-382,ROK,ROK,Rockwell Automation,Rockwell Automation,cik:0001024478,0001024478,Industrials,Electrical Components & Equipment,0001024478-23-000126,rok-20230930.htm,10-K,2023-11-08,2023-09-30,2023,https://www.sec.gov/Archives/edgar/data/1024478/000102447823000126/rok-20230930.htm,2023/sp500_companies.csv,sample_2023,4,2023/sample_500/html/raw/0001024478/0001024478-23-000126.html,401
383,S2023-383,S2023-383,ROL,ROL,"Rollins, Inc.","Rollins, Inc.",cik:0000084839,0000084839,Industrials,Environmental & Facilities Services,0000084839-24-000025,rol-20231231.htm,10-K,2024-02-15,2023-12-31,2023,https://www.sec.gov/Archives/edgar/data/84839/000008483924000025/rol-20231231.htm,2023/sp500_companies.csv,sample_2023,4,2023/sample_500/html/raw/0000084839/0000084839-24-000025.html,402
384,S2023-384,S2023-384,ROP,ROP,Roper Technologies,Roper Technologies,cik:0000882835,0000882835,Information Technology,Electronic Equipment & Instruments,0000882835-24-000008,rop-20231231.htm,10-K,2024-02-22,2023-12-31,2023,https://www.sec.gov/Archives/edgar/data/882835/000088283524000008/rop-20231231.htm,2023/sp500_companies.csv,sample_2023,4,2023/sample_500/html/raw/0000882835/0000882835-24-000008.html,403
385,S2023-385,S2023-385,ROST,ROST,Ross Stores,Ross Stores,cik:0000745732,0000745732,Consumer Discretionary,Apparel Retail,0000745732-23-000013,rost-20230128.htm,10-K,2023-03-28,2023-01-28,2023,https://www.sec.gov/Archives/edgar/data/745732/000074573223000013/rost-20230128.htm,2023/sp500_companies.csv,sample_2023,4,2023/sample_500/html/raw/0000745732/0000745732-23-000013.html,404
386,S2023-386,S2023-386,RCL,RCL,Royal Caribbean Group,Royal Caribbean Group,cik:0000884887,0000884887,Consumer Discretionary,"Hotels, Resorts & Cruise Lines",0000884887-24-000075,rcl-20231231.htm,10-K,2024-02-21,2023-12-31,2023,https://www.sec.gov/Archives/edgar/data/884887/000088488724000075/rcl-20231231.htm,2023/sp500_companies.csv,sample_2023,4,2023/sample_500/html/raw/0000884887/0000884887-24-000075.html,405
387,S2023-387,S2023-387,SPGI,SPGI,S&P Global,S&P Global,cik:0000064040,0000064040,Financials,Financial Exchanges & Data,0000064040-24-000071,spgi-20231231.htm,10-K,2024-02-09,2023-12-31,2023,https://www.sec.gov/Archives/edgar/data/64040/000006404024000071/spgi-20231231.htm,2023/sp500_companies.csv,sample_2023,4,2023/sample_500/html/raw/0000064040/0000064040-24-000071.html,406
388,S2023-388,S2023-388,SBAC,SBAC,SBA Communications,SBA Communications,cik:0001034054,0001034054,Real Estate,Telecom Tower REITs,0001034054-24-000002,sbac-20231231x10k.htm,10-K,2024-02-28,2023-12-31,2023,https://www.sec.gov/Archives/edgar/data/1034054/000103405424000002/sbac-20231231x10k.htm,2023/sp500_companies.csv,sample_2023,4,2023/sample_500/html/raw/0001034054/0001034054-24-000002.html,407
389,S2023-389,S2023-389,CRM,CRM,Salesforce,Salesforce,cik:0001108524,0001108524,Information Technology,Application Software,0001108524-23-000011,crm-20230131.htm,10-K,2023-03-08,2023-01-31,2023,https://www.sec.gov/Archives/edgar/data/1108524/000110852423000011/crm-20230131.htm,2023/sp500_companies.csv,sample_2023,4,2023/sample_500/html/raw/0001108524/0001108524-23-000011.html,408
390,S2023-390,S2023-390,SLB,SLB,Schlumberger,Schlumberger,cik:0000087347,0000087347,Energy,Oil & Gas Equipment & Services,0000950170-24-006884,slb-20231231.htm,10-K,2024-01-24,2023-12-31,2023,https://www.sec.gov/Archives/edgar/data/87347/000095017024006884/slb-20231231.htm,2023/sp500_companies.csv,sample_2023,4,2023/sample_500/html/raw/0000087347/0000950170-24-006884.html,409
391,S2023-391,S2023-391,STX,STX,Seagate Technology,Seagate Technology,cik:0001137789,0001137789,Information Technology,"Technology Hardware, Storage & Peripherals",0001137789-23-000049,stx-20230630.htm,10-K,2023-08-04,2023-06-30,2023,https://www.sec.gov/Archives/edgar/data/1137789/000113778923000049/stx-20230630.htm,2023/sp500_companies.csv,sample_2023,4,2023/sample_500/html/raw/0001137789/0001137789-23-000049.html,410
392,S2023-392,S2023-392,SRE,SRE,Sempra,Sempra,cik:0001032208,0001032208,Utilities,Multi-Utilities,0001032208-24-000007,sre-20231231.htm,10-K,2024-02-27,2023-12-31,2023,https://www.sec.gov/Archives/edgar/data/1032208/000103220824000007/sre-20231231.htm,2023/sp500_companies.csv,sample_2023,4,2023/sample_500/html/raw/0001032208/0001032208-24-000007.html,411
393,S2023-393,S2023-393,NOW,NOW,ServiceNow,ServiceNow,cik:0001373715,0001373715,Information Technology,Systems Software,0001373715-24-000030,now-20231231.htm,10-K,2024-01-25,2023-12-31,2023,https://www.sec.gov/Archives/edgar/data/1373715/000137371524000030/now-20231231.htm,2023/sp500_companies.csv,sample_2023,4,2023/sample_500/html/raw/0001373715/0001373715-24-000030.html,412
394,S2023-394,S2023-394,SHW,SHW,Sherwin-Williams,Sherwin-Williams,cik:0000089800,0000089800,Materials,Specialty Chemicals,0000089800-24-000033,shw-20231231.htm,10-K,2024-02-20,2023-12-31,2023,https://www.sec.gov/Archives/edgar/data/89800/000008980024000033/shw-20231231.htm,2023/sp500_companies.csv,sample_2023,4,2023/sample_500/html/raw/0000089800/0000089800-24-000033.html,413
395,S2023-395,S2023-395,SPG,SPG,Simon Property Group,Simon Property Group,cik:0001063761,0001063761,Real Estate,Retail REITs,0001558370-24-001532,spg-20231231x10k.htm,10-K,2024-02-22,2023-12-31,2023,https://www.sec.gov/Archives/edgar/data/1063761/000155837024001532/spg-20231231x10k.htm,2023/sp500_companies.csv,sample_2023,4,2023/sample_500/html/raw/0001063761/0001558370-24-001532.html,414
396,S2023-396,S2023-396,SWKS,SWKS,Skyworks Solutions,Skyworks Solutions,cik:0000004127,0000004127,Information Technology,Semiconductors,0000004127-23-000030,swks-20230929.htm,10-K,2023-11-17,2023-09-29,2023,https://www.sec.gov/Archives/edgar/data/4127/000000412723000030/swks-20230929.htm,2023/sp500_companies.csv,sample_2023,4,2023/sample_500/html/raw/0000004127/0000004127-23-000030.html,415
397,S2023-397,S2023-397,SNA,SNA,Snap-on,Snap-on,cik:0000091440,0000091440,Industrials,Industrial Machinery & Supplies & Components,0000091440-24-000005,sna-20231230.htm,10-K,2024-02-16,2023-12-30,2023,https://www.sec.gov/Archives/edgar/data/91440/000009144024000005/sna-20231230.htm,2023/sp500_companies.csv,sample_2023,4,2023/sample_500/html/raw/0000091440/0000091440-24-000005.html,416
398,S2023-398,S2023-398,SO,SO,Southern Company,Southern Company,cik:0000092122,0000092122,Utilities,Electric Utilities,0000092122-24-000009,so-20231231.htm,10-K,2024-02-15,2023-12-31,2023,https://www.sec.gov/Archives/edgar/data/92122/000009212224000009/so-20231231.htm,2023/sp500_companies.csv,sample_2023,4,2023/sample_500/html/raw/0000092122/0000092122-24-000009.html,417
399,S2023-399,S2023-399,LUV,LUV,Southwest Airlines,Southwest Airlines,cik:0000092380,0000092380,Industrials,Passenger Airlines,0000092380-24-000027,luv-20231231.htm,10-K,2024-02-06,2023-12-31,2023,https://www.sec.gov/Archives/edgar/data/92380/000009238024000027/luv-20231231.htm,2023/sp500_companies.csv,sample_2023,4,2023/sample_500/html/raw/0000092380/0000092380-24-000027.html,418
400,S2023-400,S2023-400,SWK,SWK,Stanley Black & Decker,Stanley Black & Decker,cik:0000093556,0000093556,Industrials,Industrial Machinery & Supplies & Components,0000093556-24-000032,swk-20231230.htm,10-K,2024-02-27,2023-12-30,2023,https://www.sec.gov/Archives/edgar/data/93556/000009355624000032/swk-20231230.htm,2023/sp500_companies.csv,sample_2023,4,2023/sample_500/html/raw/0000093556/0000093556-24-000032.html,419
401,S2023-401,S2023-401,SBUX,SBUX,Starbucks,Starbucks,cik:0000829224,0000829224,Consumer Discretionary,Restaurants,0000829224-23-000058,sbux-20231001.htm,10-K,2023-11-17,2023-10-01,2023,https://www.sec.gov/Archives/edgar/data/829224/000082922423000058/sbux-20231001.htm,2023/sp500_companies.csv,sample_2023,5,2023/sample_500/html/raw/0000829224/0000829224-23-000058.html,420
402,S2023-402,S2023-402,STT,STT,State Street Corporation,State Street Corporation,cik:0000093751,0000093751,Financials,Asset Management & Custody Banks,0000093751-24-000498,stt-20231231.htm,10-K,2024-02-15,2023-12-31,2023,https://www.sec.gov/Archives/edgar/data/93751/000009375124000498/stt-20231231.htm,2023/sp500_companies.csv,sample_2023,5,2023/sample_500/html/raw/0000093751/0000093751-24-000498.html,421
403,S2023-403,S2023-403,STLD,STLD,Steel Dynamics,Steel Dynamics,cik:0001022671,0001022671,Materials,Steel,0001558370-24-002152,stld-20231231x10k.htm,10-K,2024-02-29,2023-12-31,2023,https://www.sec.gov/Archives/edgar/data/1022671/000155837024002152/stld-20231231x10k.htm,2023/sp500_companies.csv,sample_2023,5,2023/sample_500/html/raw/0001022671/0001558370-24-002152.html,422
404,S2023-404,S2023-404,STE,STE,Steris,Steris,cik:0001757898,0001757898,Health Care,Health Care Equipment,0001757898-23-000005,ste-20230331.htm,10-K,2023-05-26,2023-03-31,2023,https://www.sec.gov/Archives/edgar/data/1757898/000175789823000005/ste-20230331.htm,2023/sp500_companies.csv,sample_2023,5,2023/sample_500/html/raw/0001757898/0001757898-23-000005.html,423
405,S2023-405,S2023-405,SYK,SYK,Stryker Corporation,Stryker Corporation,cik:0000310764,0000310764,Health Care,Health Care Equipment,0000310764-24-000024,syk-20231231.htm,10-K,2024-02-14,2023-12-31,2023,https://www.sec.gov/Archives/edgar/data/310764/000031076424000024/syk-20231231.htm,2023/sp500_companies.csv,sample_2023,5,2023/sample_500/html/raw/0000310764/0000310764-24-000024.html,424
406,S2023-406,S2023-406,SYF,SYF,Synchrony Financial,Synchrony Financial,cik:0001601712,0001601712,Financials,Consumer Finance,0001601712-24-000047,syf-20231231.htm,10-K,2024-02-08,2023-12-31,2023,https://www.sec.gov/Archives/edgar/data/1601712/000160171224000047/syf-20231231.htm,2023/sp500_companies.csv,sample_2023,5,2023/sample_500/html/raw/0001601712/0001601712-24-000047.html,425
407,S2023-407,S2023-407,SNPS,SNPS,Synopsys,Synopsys,cik:0000883241,0000883241,Information Technology,Application Software,0000883241-23-000019,snps-20231031.htm,10-K,2023-12-12,2023-10-31,2023,https://www.sec.gov/Archives/edgar/data/883241/000088324123000019/snps-20231031.htm,2023/sp500_companies.csv,sample_2023,5,2023/sample_500/html/raw/0000883241/0000883241-23-000019.html,426
408,S2023-408,S2023-408,SYY,SYY,Sysco,Sysco,cik:0000096021,0000096021,Consumer Staples,Food Distributors,0000096021-23-000117,syy-20230701.htm,10-K,2023-08-25,2023-07-01,2023,https://www.sec.gov/Archives/edgar/data/96021/000009602123000117/syy-20230701.htm,2023/sp500_companies.csv,sample_2023,5,2023/sample_500/html/raw/0000096021/0000096021-23-000117.html,427
409,S2023-409,S2023-409,TMUS,TMUS,T-Mobile US,T-Mobile US,cik:0001283699,0001283699,Communication Services,Wireless Telecommunication Services,0001283699-24-000008,tmus-20231231.htm,10-K,2024-02-02,2023-12-31,2023,https://www.sec.gov/Archives/edgar/data/1283699/000128369924000008/tmus-20231231.htm,2023/sp500_companies.csv,sample_2023,5,2023/sample_500/html/raw/0001283699/0001283699-24-000008.html,428
410,S2023-410,S2023-410,TROW,TROW,T. Rowe Price,T. Rowe Price,cik:0001113169,0001113169,Financials,Asset Management & Custody Banks,0001113169-24-000007,trow-20231231.htm,10-K,2024-02-16,2023-12-31,2023,https://www.sec.gov/Archives/edgar/data/1113169/000111316924000007/trow-20231231.htm,2023/sp500_companies.csv,sample_2023,5,2023/sample_500/html/raw/0001113169/0001113169-24-000007.html,429
411,S2023-411,S2023-411,TEL,TEL,TE Connectivity,TE Connectivity,cik:0001385157,0001385157,Information Technology,Electronic Manufacturing Services,0001558370-23-018833,tel-20230929x10k.htm,10-K,2023-11-13,2023-09-29,2023,https://www.sec.gov/Archives/edgar/data/1385157/000155837023018833/tel-20230929x10k.htm,2023/sp500_companies.csv,sample_2023,5,2023/sample_500/html/raw/0001385157/0001558370-23-018833.html,430
412,S2023-412,S2023-412,TJX,TJX,TJX Companies,TJX Companies,cik:0000109198,0000109198,Consumer Discretionary,Apparel Retail,0000109198-23-000004,tjx-20230128.htm,10-K,2023-03-29,2023-01-28,2023,https://www.sec.gov/Archives/edgar/data/109198/000010919823000004/tjx-20230128.htm,2023/sp500_companies.csv,sample_2023,5,2023/sample_500/html/raw/0000109198/0000109198-23-000004.html,431
413,S2023-413,S2023-413,TTWO,TTWO,Take-Two Interactive,Take-Two Interactive,cik:0000946581,0000946581,Communication Services,Interactive Home Entertainment,0001628280-23-019851,ttwo-20230331.htm,10-K,2023-05-26,2023-03-31,2023,https://www.sec.gov/Archives/edgar/data/946581/000162828023019851/ttwo-20230331.htm,2023/sp500_companies.csv,sample_2023,5,2023/sample_500/html/raw/0000946581/0001628280-23-019851.html,432
414,S2023-414,S2023-414,TPR,TPR,"Tapestry, Inc.","Tapestry, Inc.",cik:0001116132,0001116132,Consumer Discretionary,"Apparel, Accessories & Luxury Goods",0001116132-23-000020,tpr-20230701.htm,10-K,2023-08-17,2023-07-01,2023,https://www.sec.gov/Archives/edgar/data/1116132/000111613223000020/tpr-20230701.htm,2023/sp500_companies.csv,sample_2023,5,2023/sample_500/html/raw/0001116132/0001116132-23-000020.html,433
415,S2023-415,S2023-415,TRGP,TRGP,Targa Resources,Targa Resources,cik:0001389170,0001389170,Energy,Oil & Gas Storage & Transportation,0000950170-24-015841,trgp-20231231.htm,10-K,2024-02-15,2023-12-31,2023,https://www.sec.gov/Archives/edgar/data/1389170/000095017024015841/trgp-20231231.htm,2023/sp500_companies.csv,sample_2023,5,2023/sample_500/html/raw/0001389170/0000950170-24-015841.html,434
416,S2023-416,S2023-416,TGT,TGT,Target Corporation,Target Corporation,cik:0000027419,0000027419,Consumer Staples,Consumer Staples Merchandise Retail,0000027419-23-000015,tgt-20230128.htm,10-K,2023-03-08,2023-01-28,2023,https://www.sec.gov/Archives/edgar/data/27419/000002741923000015/tgt-20230128.htm,2023/sp500_companies.csv,sample_2023,5,2023/sample_500/html/raw/0000027419/0000027419-23-000015.html,435
417,S2023-417,S2023-417,TFX,TFX,Teleflex,Teleflex,cik:0000096943,0000096943,,,0000096943-24-000036,tfx-20231231.htm,10-K,2024-02-23,2023-12-31,2023,https://www.sec.gov/Archives/edgar/data/96943/000009694324000036/tfx-20231231.htm,2023/sp500_companies.csv,sample_2023,5,2023/sample_500/html/raw/0000096943/0000096943-24-000036.html,437
418,S2023-418,S2023-418,TER,TER,Teradyne,Teradyne,cik:0000097210,0000097210,Information Technology,Semiconductor Materials & Equipment,0000950170-24-018701,ter-20231231.htm,10-K,2024-02-22,2023-12-31,2023,https://www.sec.gov/Archives/edgar/data/97210/000095017024018701/ter-20231231.htm,2023/sp500_companies.csv,sample_2023,5,2023/sample_500/html/raw/0000097210/0000950170-24-018701.html,438
419,S2023-419,S2023-419,TSLA,TSLA,"Tesla, Inc.","Tesla, Inc.",cik:0001318605,0001318605,Consumer Discretionary,Automobile Manufacturers,0001628280-24-002390,tsla-20231231.htm,10-K,2024-01-29,2023-12-31,2023,https://www.sec.gov/Archives/edgar/data/1318605/000162828024002390/tsla-20231231.htm,2023/sp500_companies.csv,sample_2023,5,2023/sample_500/html/raw/0001318605/0001628280-24-002390.html,439
420,S2023-420,S2023-420,TXN,TXN,Texas Instruments,Texas Instruments,cik:0000097476,0000097476,Information Technology,Semiconductors,0000097476-24-000007,txn-20231231.htm,10-K,2024-02-02,2023-12-31,2023,https://www.sec.gov/Archives/edgar/data/97476/000009747624000007/txn-20231231.htm,2023/sp500_companies.csv,sample_2023,5,2023/sample_500/html/raw/0000097476/0000097476-24-000007.html,440
421,S2023-421,S2023-421,TXT,TXT,Textron,Textron,cik:0000217346,0000217346,Industrials,Aerospace & Defense,0000217346-24-000017,txt-20231230.htm,10-K,2024-02-12,2023-12-30,2023,https://www.sec.gov/Archives/edgar/data/217346/000021734624000017/txt-20231230.htm,2023/sp500_companies.csv,sample_2023,5,2023/sample_500/html/raw/0000217346/0000217346-24-000017.html,441
422,S2023-422,S2023-422,TMO,TMO,Thermo Fisher Scientific,Thermo Fisher Scientific,cik:0000097745,0000097745,Health Care,Life Sciences Tools & Services,0000097745-24-000007,tmo-20231231.htm,10-K,2024-02-22,2023-12-31,2023,https://www.sec.gov/Archives/edgar/data/97745/000009774524000007/tmo-20231231.htm,2023/sp500_companies.csv,sample_2023,5,2023/sample_500/html/raw/0000097745/0000097745-24-000007.html,442
423,S2023-423,S2023-423,TSCO,TSCO,Tractor Supply,Tractor Supply,cik:0000916365,0000916365,Consumer Discretionary,Other Specialty Retail,0000916365-24-000046,tsco-20231230.htm,10-K,2024-02-23,2023-12-30,2023,https://www.sec.gov/Archives/edgar/data/916365/000091636524000046/tsco-20231230.htm,2023/sp500_companies.csv,sample_2023,5,2023/sample_500/html/raw/0000916365/0000916365-24-000046.html,443
424,S2023-424,S2023-424,TT,TT,Trane Technologies,Trane Technologies,cik:0001466258,0001466258,Industrials,Building Products,0001466258-24-000047,tt-20231231.htm,10-K,2024-02-08,2023-12-31,2023,https://www.sec.gov/Archives/edgar/data/1466258/000146625824000047/tt-20231231.htm,2023/sp500_companies.csv,sample_2023,5,2023/sample_500/html/raw/0001466258/0001466258-24-000047.html,444
425,S2023-425,S2023-425,TDG,TDG,TransDigm Group,TransDigm Group,cik:0001260221,0001260221,Industrials,Aerospace & Defense,0001260221-23-000081,tdg-20230930.htm,10-K,2023-11-09,2023-09-30,2023,https://www.sec.gov/Archives/edgar/data/1260221/000126022123000081/tdg-20230930.htm,2023/sp500_companies.csv,sample_2023,5,2023/sample_500/html/raw/0001260221/0001260221-23-000081.html,445
426,S2023-426,S2023-426,TRV,TRV,Travelers Companies (The),Travelers Companies (The),cik:0000086312,0000086312,Financials,Property & Casualty Insurance,0000086312-24-000012,trv-20231231.htm,10-K,2024-02-15,2023-12-31,2023,https://www.sec.gov/Archives/edgar/data/86312/000008631224000012/trv-20231231.htm,2023/sp500_companies.csv,sample_2023,5,2023/sample_500/html/raw/0000086312/0000086312-24-000012.html,446
427,S2023-427,S2023-427,TRMB,TRMB,Trimble Inc.,Trimble Inc.,cik:0000864749,0000864749,Information Technology,Application Software,0000864749-24-000047,trmb-20231229.htm,10-K,2024-02-26,2023-12-29,2023,https://www.sec.gov/Archives/edgar/data/864749/000086474924000047/trmb-20231229.htm,2023/sp500_companies.csv,sample_2023,5,2023/sample_500/html/raw/0000864749/0000864749-24-000047.html,447
428,S2023-428,S2023-428,TFC,TFC,Truist Financial,Truist Financial,cik:0000092230,0000092230,Financials,Diversified Banks,0000092230-24-000010,tfc-20231231.htm,10-K,2024-02-27,2023-12-31,2023,https://www.sec.gov/Archives/edgar/data/92230/000009223024000010/tfc-20231231.htm,2023/sp500_companies.csv,sample_2023,5,2023/sample_500/html/raw/0000092230/0000092230-24-000010.html,448
429,S2023-429,S2023-429,TYL,TYL,Tyler Technologies,Tyler Technologies,cik:0000860731,0000860731,Information Technology,Application Software,0000860731-24-000006,tyl-20231231.htm,10-K,2024-02-21,2023-12-31,2023,https://www.sec.gov/Archives/edgar/data/860731/000086073124000006/tyl-20231231.htm,2023/sp500_companies.csv,sample_2023,5,2023/sample_500/html/raw/0000860731/0000860731-24-000006.html,449
430,S2023-430,S2023-430,TSN,TSN,Tyson Foods,Tyson Foods,cik:0000100493,0000100493,Consumer Staples,Packaged Foods & Meats,0000100493-23-000105,tsn-20230930.htm,10-K,2023-11-13,2023-09-30,2023,https://www.sec.gov/Archives/edgar/data/100493/000010049323000105/tsn-20230930.htm,2023/sp500_companies.csv,sample_2023,5,2023/sample_500/html/raw/0000100493/0000100493-23-000105.html,450
431,S2023-431,S2023-431,USB,USB,U.S. Bancorp,U.S. Bancorp,cik:0000036104,0000036104,Financials,Diversified Banks,0000036104-24-000018,usb-20231231.htm,10-K,2024-02-20,2023-12-31,2023,https://www.sec.gov/Archives/edgar/data/36104/000003610424000018/usb-20231231.htm,2023/sp500_companies.csv,sample_2023,5,2023/sample_500/html/raw/0000036104/0000036104-24-000018.html,451
432,S2023-432,S2023-432,UDR,UDR,"UDR, Inc.","UDR, Inc.",cik:0000074208,0000074208,Real Estate,Multi-Family Residential REITs,0000074208-24-000011,udr-20231231x10k.htm,10-K,2024-02-20,2023-12-31,2023,https://www.sec.gov/Archives/edgar/data/74208/000007420824000011/udr-20231231x10k.htm,2023/sp500_companies.csv,sample_2023,5,2023/sample_500/html/raw/0000074208/0000074208-24-000011.html,452
433,S2023-433,S2023-433,UBER,UBER,Uber,Uber,cik:0001543151,0001543151,Industrials,Passenger Ground Transportation,0001543151-24-000012,uber-20231231.htm,10-K,2024-02-15,2023-12-31,2023,https://www.sec.gov/Archives/edgar/data/1543151/000154315124000012/uber-20231231.htm,2023/sp500_companies.csv,sample_2023,5,2023/sample_500/html/raw/0001543151/0001543151-24-000012.html,453
434,S2023-434,S2023-434,ULTA,ULTA,Ulta Beauty,Ulta Beauty,cik:0001403568,0001403568,Consumer Discretionary,Other Specialty Retail,0001558370-23-004581,ulta-20230128x10k.htm,10-K,2023-03-24,2023-01-28,2023,https://www.sec.gov/Archives/edgar/data/1403568/000155837023004581/ulta-20230128x10k.htm,2023/sp500_companies.csv,sample_2023,5,2023/sample_500/html/raw/0001403568/0001558370-23-004581.html,454
435,S2023-435,S2023-435,UNP,UNP,Union Pacific Corporation,Union Pacific Corporation,cik:0000100885,0000100885,Industrials,Rail Transportation,0001437749-24-003599,unp20231231_10k.htm,10-K,2024-02-09,2023-12-31,2023,https://www.sec.gov/Archives/edgar/data/100885/000143774924003599/unp20231231_10k.htm,2023/sp500_companies.csv,sample_2023,5,2023/sample_500/html/raw/0000100885/0001437749-24-003599.html,455
436,S2023-436,S2023-436,UAL,UAL,United Airlines Holdings,United Airlines Holdings,cik:0000100517,0000100517,Industrials,Passenger Airlines,0000100517-24-000027,ual-20231231.htm,10-K,2024-02-29,2023-12-31,2023,https://www.sec.gov/Archives/edgar/data/100517/000010051724000027/ual-20231231.htm,2023/sp500_companies.csv,sample_2023,5,2023/sample_500/html/raw/0000100517/0000100517-24-000027.html,456
437,S2023-437,S2023-437,UPS,UPS,United Parcel Service,United Parcel Service,cik:0001090727,0001090727,Industrials,Air Freight & Logistics,0001090727-24-000008,ups-20231231.htm,10-K,2024-02-20,2023-12-31,2023,https://www.sec.gov/Archives/edgar/data/1090727/000109072724000008/ups-20231231.htm,2023/sp500_companies.csv,sample_2023,5,2023/sample_500/html/raw/0001090727/0001090727-24-000008.html,457
438,S2023-438,S2023-438,URI,URI,United Rentals,United Rentals,cik:0001067701,0001067701,Industrials,Trading Companies & Distributors,0001067701-24-000007,uri-20231231.htm,10-K,2024-01-24,2023-12-31,2023,https://www.sec.gov/Archives/edgar/data/1067701/000106770124000007/uri-20231231.htm,2023/sp500_companies.csv,sample_2023,5,2023/sample_500/html/raw/0001067701/0001067701-24-000007.html,458
439,S2023-439,S2023-439,UNH,UNH,UnitedHealth Group,UnitedHealth Group,cik:0000731766,0000731766,Health Care,Managed Health Care,0000731766-24-000081,unh-20231231.htm,10-K,2024-02-28,2023-12-31,2023,https://www.sec.gov/Archives/edgar/data/731766/000073176624000081/unh-20231231.htm,2023/sp500_companies.csv,sample_2023,5,2023/sample_500/html/raw/0000731766/0000731766-24-000081.html,459
440,S2023-440,S2023-440,UHS,UHS,Universal Health Services,Universal Health Services,cik:0000352915,0000352915,Health Care,Health Care Facilities,0000950170-24-021175,uhs-20231231.htm,10-K,2024-02-27,2023-12-31,2023,https://www.sec.gov/Archives/edgar/data/352915/000095017024021175/uhs-20231231.htm,2023/sp500_companies.csv,sample_2023,5,2023/sample_500/html/raw/0000352915/0000950170-24-021175.html,460
441,S2023-441,S2023-441,VFC,VFC,VF Corporation,VF Corporation,cik:0000103379,0000103379,,,0000103379-23-000006,vfc-20230401.htm,10-K,2023-05-25,2023-04-01,2023,https://www.sec.gov/Archives/edgar/data/103379/000010337923000006/vfc-20230401.htm,2023/sp500_companies.csv,sample_2023,5,2023/sample_500/html/raw/0000103379/0000103379-23-000006.html,461
442,S2023-442,S2023-442,VLO,VLO,Valero Energy,Valero Energy,cik:0001035002,0001035002,Energy,Oil & Gas Refining & Marketing,0001035002-24-000007,vlo-20231231.htm,10-K,2024-02-22,2023-12-31,2023,https://www.sec.gov/Archives/edgar/data/1035002/000103500224000007/vlo-20231231.htm,2023/sp500_companies.csv,sample_2023,5,2023/sample_500/html/raw/0001035002/0001035002-24-000007.html,462
443,S2023-443,S2023-443,VTR,VTR,Ventas,Ventas,cik:0000740260,0000740260,Real Estate,Health Care REITs,0000740260-24-000067,vtr-20231231.htm,10-K,2024-02-15,2023-12-31,2023,https://www.sec.gov/Archives/edgar/data/740260/000074026024000067/vtr-20231231.htm,2023/sp500_companies.csv,sample_2023,5,2023/sample_500/html/raw/0000740260/0000740260-24-000067.html,463
444,S2023-444,S2023-444,VLTO,VLTO,Veralto,Veralto,cik:0001967680,0001967680,Industrials,Environmental & Facilities Services,0001967680-24-000033,vlto-20231231.htm,10-K,2024-02-28,2023-12-31,2023,https://www.sec.gov/Archives/edgar/data/1967680/000196768024000033/vlto-20231231.htm,2023/sp500_companies.csv,sample_2023,5,2023/sample_500/html/raw/0001967680/0001967680-24-000033.html,464
445,S2023-445,S2023-445,VRSN,VRSN,Verisign,Verisign,cik:0001014473,0001014473,Information Technology,Internet Services & Infrastructure,0001014473-24-000006,vrsn-20231231.htm,10-K,2024-02-15,2023-12-31,2023,https://www.sec.gov/Archives/edgar/data/1014473/000101447324000006/vrsn-20231231.htm,2023/sp500_companies.csv,sample_2023,5,2023/sample_500/html/raw/0001014473/0001014473-24-000006.html,465
446,S2023-446,S2023-446,VRSK,VRSK,Verisk Analytics,Verisk Analytics,cik:0001442145,0001442145,Industrials,Research & Consulting Services,0001437749-24-004939,vrsk20231231c_10k.htm,10-K,2024-02-21,2023-12-31,2023,https://www.sec.gov/Archives/edgar/data/1442145/000143774924004939/vrsk20231231c_10k.htm,2023/sp500_companies.csv,sample_2023,5,2023/sample_500/html/raw/0001442145/0001437749-24-004939.html,466
447,S2023-447,S2023-447,VZ,VZ,Verizon,Verizon,cik:0000732712,0000732712,Communication Services,Integrated Telecommunication Services,0000732712-24-000010,vz-20231231.htm,10-K,2024-02-09,2023-12-31,2023,https://www.sec.gov/Archives/edgar/data/732712/000073271224000010/vz-20231231.htm,2023/sp500_companies.csv,sample_2023,5,2023/sample_500/html/raw/0000732712/0000732712-24-000010.html,467
448,S2023-448,S2023-448,VRTX,VRTX,Vertex Pharmaceuticals,Vertex Pharmaceuticals,cik:0000875320,0000875320,Health Care,Biotechnology,0000875320-24-000062,vrtx-20231231.htm,10-K,2024-02-15,2023-12-31,2023,https://www.sec.gov/Archives/edgar/data/875320/000087532024000062/vrtx-20231231.htm,2023/sp500_companies.csv,sample_2023,5,2023/sample_500/html/raw/0000875320/0000875320-24-000062.html,468
449,S2023-449,S2023-449,VTRS,VTRS,Viatris,Viatris,cik:0001792044,0001792044,Health Care,Pharmaceuticals,0001792044-24-000008,vtrs-20231231.htm,10-K,2024-02-28,2023-12-31,2023,https://www.sec.gov/Archives/edgar/data/1792044/000179204424000008/vtrs-20231231.htm,2023/sp500_companies.csv,sample_2023,5,2023/sample_500/html/raw/0001792044/0001792044-24-000008.html,469
450,S2023-450,S2023-450,VICI,VICI,Vici Properties,Vici Properties,cik:0001705696,0001705696,Real Estate,Hotel & Resort REITs,0001705696-24-000033,vici-20231231.htm,10-K,2024-02-22,2023-12-31,2023,https://www.sec.gov/Archives/edgar/data/1705696/000170569624000033/vici-20231231.htm,2023/sp500_companies.csv,sample_2023,5,2023/sample_500/html/raw/0001705696/0001705696-24-000033.html,470
451,S2023-451,S2023-451,V,V,Visa Inc.,Visa Inc.,cik:0001403161,0001403161,Financials,Transaction & Payment Processing Services,0001403161-23-000099,v-20230930.htm,10-K,2023-11-15,2023-09-30,2023,https://www.sec.gov/Archives/edgar/data/1403161/000140316123000099/v-20230930.htm,2023/sp500_companies.csv,sample_2023,5,2023/sample_500/html/raw/0001403161/0001403161-23-000099.html,471
452,S2023-452,S2023-452,VMC,VMC,Vulcan Materials Company,Vulcan Materials Company,cik:0001396009,0001396009,Materials,Construction Materials,0001396009-24-000006,vmc-20231231x10k.htm,10-K,2024-02-22,2023-12-31,2023,https://www.sec.gov/Archives/edgar/data/1396009/000139600924000006/vmc-20231231x10k.htm,2023/sp500_companies.csv,sample_2023,5,2023/sample_500/html/raw/0001396009/0001396009-24-000006.html,472
453,S2023-453,S2023-453,WRB,WRB,W. R. Berkley Corporation,W. R. Berkley Corporation,cik:0000011544,0000011544,Financials,Property & Casualty Insurance,0000011544-24-000005,wrb-20231231.htm,10-K,2024-02-23,2023-12-31,2023,https://www.sec.gov/Archives/edgar/data/11544/000001154424000005/wrb-20231231.htm,2023/sp500_companies.csv,sample_2023,5,2023/sample_500/html/raw/0000011544/0000011544-24-000005.html,473
454,S2023-454,S2023-454,GWW,GWW,W. W. Grainger,W. W. Grainger,cik:0000277135,0000277135,Industrials,Industrial Machinery & Supplies & Components,0000277135-24-000011,gww-20231231.htm,10-K,2024-02-22,2023-12-31,2023,https://www.sec.gov/Archives/edgar/data/277135/000027713524000011/gww-20231231.htm,2023/sp500_companies.csv,sample_2023,5,2023/sample_500/html/raw/0000277135/0000277135-24-000011.html,474
455,S2023-455,S2023-455,WEC,WEC,WEC Energy Group,WEC Energy Group,cik:0000783325,0000783325,Utilities,Electric Utilities,0000107815-24-000095,wec-20231231.htm,10-K,2024-02-22,2023-12-31,2023,https://www.sec.gov/Archives/edgar/data/783325/000010781524000095/wec-20231231.htm,2023/sp500_companies.csv,sample_2023,5,2023/sample_500/html/raw/0000783325/0000107815-24-000095.html,475
456,S2023-456,S2023-456,WAB,WAB,Wabtec,Wabtec,cik:0000943452,0000943452,Industrials,Construction Machinery & Heavy Transportation Equipment,0001628280-24-004774,wab-20231231.htm,10-K,2024-02-14,2023-12-31,2023,https://www.sec.gov/Archives/edgar/data/943452/000162828024004774/wab-20231231.htm,2023/sp500_companies.csv,sample_2023,5,2023/sample_500/html/raw/0000943452/0001628280-24-004774.html,476
457,S2023-457,S2023-457,WMT,WMT,Walmart,Walmart,cik:0000104169,0000104169,Consumer Staples,Consumer Staples Merchandise Retail,0000104169-23-000020,wmt-20230131.htm,10-K,2023-03-17,2023-01-31,2023,https://www.sec.gov/Archives/edgar/data/104169/000010416923000020/wmt-20230131.htm,2023/sp500_companies.csv,sample_2023,5,2023/sample_500/html/raw/0000104169/0000104169-23-000020.html,478
458,S2023-458,S2023-458,DIS,DIS,Walt Disney Company (The),Walt Disney Company (The),cik:0001744489,0001744489,Communication Services,Movies & Entertainment,0001744489-23-000216,dis-20230930.htm,10-K,2023-11-21,2023-09-30,2023,https://www.sec.gov/Archives/edgar/data/1744489/000174448923000216/dis-20230930.htm,2023/sp500_companies.csv,sample_2023,5,2023/sample_500/html/raw/0001744489/0001744489-23-000216.html,479
459,S2023-459,S2023-459,WBD,WBD,Warner Bros. Discovery,Warner Bros. Discovery,cik:0001437107,0001437107,Communication Services,Broadcasting,0001437107-24-000017,wbd-20231231.htm,10-K,2024-02-23,2023-12-31,2023,https://www.sec.gov/Archives/edgar/data/1437107/000143710724000017/wbd-20231231.htm,2023/sp500_companies.csv,sample_2023,5,2023/sample_500/html/raw/0001437107/0001437107-24-000017.html,480
460,S2023-460,S2023-460,WM,WM,Waste Management,Waste Management,cik:0000823768,0000823768,Industrials,Environmental & Facilities Services,0001558370-24-001049,wm-20231231x10k.htm,10-K,2024-02-13,2023-12-31,2023,https://www.sec.gov/Archives/edgar/data/823768/000155837024001049/wm-20231231x10k.htm,2023/sp500_companies.csv,sample_2023,5,2023/sample_500/html/raw/0000823768/0001558370-24-001049.html,481
461,S2023-461,S2023-461,WAT,WAT,Waters Corporation,Waters Corporation,cik:0001000697,0001000697,Health Care,Life Sciences Tools & Services,0001193125-24-047491,d691142d10k.htm,10-K,2024-02-27,2023-12-31,2023,https://www.sec.gov/Archives/edgar/data/1000697/000119312524047491/d691142d10k.htm,2023/sp500_companies.csv,sample_2023,5,2023/sample_500/html/raw/0001000697/0001193125-24-047491.html,482
462,S2023-462,S2023-462,WFC,WFC,Wells Fargo,Wells Fargo,cik:0000072971,0000072971,Financials,Diversified Banks,0000072971-24-000064,wfc-20231231.htm,10-K,2024-02-20,2023-12-31,2023,https://www.sec.gov/Archives/edgar/data/72971/000007297124000064/wfc-20231231.htm,2023/sp500_companies.csv,sample_2023,5,2023/sample_500/html/raw/0000072971/0000072971-24-000064.html,483
463,S2023-463,S2023-463,WELL,WELL,Welltower,Welltower,cik:0000766704,0000766704,Real Estate,Health Care REITs,0000766704-24-000008,well-20231231.htm,10-K,2024-02-15,2023-12-31,2023,https://www.sec.gov/Archives/edgar/data/766704/000076670424000008/well-20231231.htm,2023/sp500_companies.csv,sample_2023,5,2023/sample_500/html/raw/0000766704/0000766704-24-000008.html,484
464,S2023-464,S2023-464,WST,WST,West Pharmaceutical Services,West Pharmaceutical Services,cik:0000105770,0000105770,Health Care,Health Care Supplies,0000105770-24-000015,wst-20231231.htm,10-K,2024-02-20,2023-12-31,2023,https://www.sec.gov/Archives/edgar/data/105770/000010577024000015/wst-20231231.htm,2023/sp500_companies.csv,sample_2023,5,2023/sample_500/html/raw/0000105770/0000105770-24-000015.html,485
465,S2023-465,S2023-465,WRK,WRK,WestRock,WestRock,cik:0001732845,0001732845,,,0000950170-23-064855,wrk-20230930.htm,10-K,2023-11-17,2023-09-30,2023,https://www.sec.gov/Archives/edgar/data/1732845/000095017023064855/wrk-20230930.htm,2023/sp500_companies.csv,sample_2023,5,2023/sample_500/html/raw/0001732845/0000950170-23-064855.html,486
466,S2023-466,S2023-466,WDC,WDC,Western Digital,Western Digital,cik:0000106040,0000106040,Information Technology,"Technology Hardware, Storage & Peripherals",0000106040-23-000024,wdc-20230630.htm,10-K,2023-08-22,2023-06-30,2023,https://www.sec.gov/Archives/edgar/data/106040/000010604023000024/wdc-20230630.htm,2023/sp500_companies.csv,sample_2023,5,2023/sample_500/html/raw/0000106040/0000106040-23-000024.html,487
467,S2023-467,S2023-467,WY,WY,Weyerhaeuser,Weyerhaeuser,cik:0000106535,0000106535,Real Estate,Timber REITs,0000950170-24-016434,wy-20231231.htm,10-K,2024-02-16,2023-12-31,2023,https://www.sec.gov/Archives/edgar/data/106535/000095017024016434/wy-20231231.htm,2023/sp500_companies.csv,sample_2023,5,2023/sample_500/html/raw/0000106535/0000950170-24-016434.html,488
468,S2023-468,S2023-468,WHR,WHR,Whirlpool Corporation,Whirlpool Corporation,cik:0000106640,0000106640,,,0000106640-24-000020,whr-20231231.htm,10-K,2024-02-14,2023-12-31,2023,https://www.sec.gov/Archives/edgar/data/106640/000010664024000020/whr-20231231.htm,2023/sp500_companies.csv,sample_2023,5,2023/sample_500/html/raw/0000106640/0000106640-24-000020.html,489
469,S2023-469,S2023-469,WMB,WMB,Williams Companies,Williams Companies,cik:0000107263,0000107263,Energy,Oil & Gas Storage & Transportation,0000107263-24-000019,wmb-20231231.htm,10-K,2024-02-21,2023-12-31,2023,https://www.sec.gov/Archives/edgar/data/107263/000010726324000019/wmb-20231231.htm,2023/sp500_companies.csv,sample_2023,5,2023/sample_500/html/raw/0000107263/0000107263-24-000019.html,490
470,S2023-470,S2023-470,WTW,WTW,Willis Towers Watson,Willis Towers Watson,cik:0001140536,0001140536,Financials,Insurance Brokers,0000950170-24-018575,wtw-20231231.htm,10-K,2024-02-22,2023-12-31,2023,https://www.sec.gov/Archives/edgar/data/1140536/000095017024018575/wtw-20231231.htm,2023/sp500_companies.csv,sample_2023,5,2023/sample_500/html/raw/0001140536/0000950170-24-018575.html,491
471,S2023-471,S2023-471,WYNN,WYNN,Wynn Resorts,Wynn Resorts,cik:0001174922,0001174922,Consumer Discretionary,Casinos & Gaming,0001174922-24-000046,wynn-20231231.htm,10-K,2024-02-23,2023-12-31,2023,https://www.sec.gov/Archives/edgar/data/1174922/000117492224000046/wynn-20231231.htm,2023/sp500_companies.csv,sample_2023,5,2023/sample_500/html/raw/0001174922/0001174922-24-000046.html,492
472,S2023-472,S2023-472,XEL,XEL,Xcel Energy,Xcel Energy,cik:0000072903,0000072903,Utilities,Multi-Utilities,0000072903-24-000034,xel-20231231.htm,10-K,2024-02-21,2023-12-31,2023,https://www.sec.gov/Archives/edgar/data/72903/000007290324000034/xel-20231231.htm,2023/sp500_companies.csv,sample_2023,5,2023/sample_500/html/raw/0000072903/0000072903-24-000034.html,493
473,S2023-473,S2023-473,XYL,XYL,Xylem Inc.,Xylem Inc.,cik:0001524472,0001524472,Industrials,Industrial Machinery & Supplies & Components,0001524472-24-000006,xyl-20231231.htm,10-K,2024-02-28,2023-12-31,2023,https://www.sec.gov/Archives/edgar/data/1524472/000152447224000006/xyl-20231231.htm,2023/sp500_companies.csv,sample_2023,5,2023/sample_500/html/raw/0001524472/0001524472-24-000006.html,494
474,S2023-474,S2023-474,YUM,YUM,Yum! Brands,Yum! Brands,cik:0001041061,0001041061,Consumer Discretionary,Restaurants,0001041061-24-000011,yum-20231231.htm,10-K,2024-02-20,2023-12-31,2023,https://www.sec.gov/Archives/edgar/data/1041061/000104106124000011/yum-20231231.htm,2023/sp500_companies.csv,sample_2023,5,2023/sample_500/html/raw/0001041061/0001041061-24-000011.html,495
475,S2023-475,S2023-475,ZBRA,ZBRA,Zebra Technologies,Zebra Technologies,cik:0000877212,0000877212,Information Technology,Electronic Equipment & Instruments,0000877212-24-000029,zbra-20231231.htm,10-K,2024-02-15,2023-12-31,2023,https://www.sec.gov/Archives/edgar/data/877212/000087721224000029/zbra-20231231.htm,2023/sp500_companies.csv,sample_2023,5,2023/sample_500/html/raw/0000877212/0000877212-24-000029.html,496
476,S2023-476,S2023-476,ZBH,ZBH,Zimmer Biomet,Zimmer Biomet,cik:0001136869,0001136869,Health Care,Health Care Equipment,0000950170-24-019353,zbh-20231231.htm,10-K,2024-02-23,2023-12-31,2023,https://www.sec.gov/Archives/edgar/data/1136869/000095017024019353/zbh-20231231.htm,2023/sp500_companies.csv,sample_2023,5,2023/sample_500/html/raw/0001136869/0000950170-24-019353.html,497
477,S2023-477,S2023-477,ZION,ZION,Zions Bancorporation,Zions Bancorporation,cik:0000109380,0000109380,,,0000109380-24-000061,zions-20231231.htm,10-K,2024-02-23,2023-12-31,2023,https://www.sec.gov/Archives/edgar/data/109380/000010938024000061/zions-20231231.htm,2023/sp500_companies.csv,sample_2023,5,2023/sample_500/html/raw/0000109380/0000109380-24-000061.html,498
478,S2023-478,S2023-478,ZTS,ZTS,Zoetis,Zoetis,cik:0001555280,0001555280,Health Care,Pharmaceuticals,0001555280-24-000143,zts-20231231.htm,10-K,2024-02-13,2023-12-31,2023,https://www.sec.gov/Archives/edgar/data/1555280/000155528024000143/zts-20231231.htm,2023/sp500_companies.csv,sample_2023,5,2023/sample_500/html/raw/0001555280/0001555280-24-000143.html,499
479,S2023-479,S2023-479,EBAY,EBAY,eBay Inc.,eBay Inc.,cik:0001065088,0001065088,Consumer Discretionary,Broadline Retail,0001065088-24-000036,ebay-20231231.htm,10-K,2024-02-28,2023-12-31,2023,https://www.sec.gov/Archives/edgar/data/1065088/000106508824000036/ebay-20231231.htm,2023/sp500_companies.csv,sample_2023,5,2023/sample_500/html/raw/0001065088/0001065088-24-000036.html,500
