company_id,cik,ticker,company_name,accession_number,report_year,filing_date,parser_version,language_measurement_version,ai_disclosure_binary,ai_term_count,ai_terms_per_1000_words,total_analysis_word_count,total_analysis_sentence_count,ai_sentence_count,ai_sentence_ratio,ai_detection_status,ai_uncertainty_count,ai_uncertainty_ratio,ai_litigious_count,ai_litigious_ratio,ai_weak_modal_count,ai_weak_modal_ratio,ai_strong_modal_count,ai_strong_modal_ratio,ai_constraining_count,ai_constraining_ratio,ai_total_eligible_word_count,uncertainty_status,ai_positive_count,ai_negative_count,ai_positive_ratio,ai_negative_ratio,ai_net_tone,ai_sentiment_word_coverage,ai_net_tone_by_words,ai_total_lm_matched_word_count,sentiment_status,ai_concreteness_mean,ai_concreteness_median,ai_concreteness_standard_deviation,ai_concreteness_min,ai_concreteness_max,ai_concreteness_matched_token_count,ai_concreteness_eligible_token_count,ai_concreteness_unmatched_token_count,ai_concreteness_coverage,ai_concreteness_unique_dictionary_entries,ai_concreteness_stem_collision_count,ai_concreteness_status,report_concreteness_mean,report_concreteness_median,report_concreteness_standard_deviation,report_concreteness_min,report_concreteness_max,report_concreteness_matched_token_count,report_concreteness_eligible_token_count,report_concreteness_unmatched_token_count,report_concreteness_coverage,report_concreteness_unique_dictionary_entries,report_concreteness_stem_collision_count,report_concreteness_status,report_word_count,log_report_word_count,report_sentence_count,report_paragraph_count,report_mean_sentence_length,report_fog_index,report_numeric_token_ratio,report_ai_term_count,report_ai_terms_per_1000_words,report_table_text_word_count,report_table_text_ratio,source_html_bytes,analysis_text_bytes,analysis_text_to_html_ratio,report_control_status,report_positive_count,report_negative_count,report_net_tone,report_uncertainty_count,report_uncertainty_ratio,report_weak_modal_count,report_weak_modal_ratio,report_strong_modal_count,report_strong_modal_ratio,report_litigious_count,report_litigious_ratio,report_constraining_count,report_constraining_ratio,report_forward_looking_count,report_forward_looking_ratio,report_positive_ratio,report_negative_ratio,report_net_tone_by_words,report_sentiment_word_coverage,report_total_lm_matched_word_count,report_total_eligible_word_count,concreteness_status,lm_ai_status,lm_report_status,matching_strategy_version,concreteness_preprocessing_version
S2020-001,0000066740,MMM,3M,0001558370-21-000737,2020,2021-02-04,1.0.3,0.3.0,1,3,0.03179920,94342,4394,3,0.00068275,success,0,0.00000000,0,0.00000000,0,0.00000000,0,0.00000000,0,0.00000000,74,success,7,1,0.09459459,0.01351351,0.75000000,0.10810811,0.08108108,8,success,2.85948718,2.93000000,0.74393599,1.78000000,4.65000000,39,53,14,0.73584906,24,3,warning_stem_collisions,2.93975883,2.85000000,0.82627635,1.26000000,5.00000000,36613,50512,13899,0.72483766,2260,9205,warning_stem_collisions,95132,11.46302068,4394,1168,21.65043241,21.07655734,0.04681916,3,0.03153513,19786,0.17217494,9544083,628267,0.06582791,success,345,2515,-0.75874126,1251,0.01405934,360,0.00404585,134,0.00150596,2216,0.02490447,534,0.00600135,,,0.00387728,0.02826478,-0.02438750,0.03214205,6025,88980,warning_stem_collisions,success,success,exact-then-unique-porter-1.0.0,baek-smart-porter-1.0.0
S2020-002,0000091142,AOS,A. O. Smith,0000091142-21-000025,2020,2021-02-12,1.0.3,0.3.0,0,0,0.00000000,26738,1535,0,0.00000000,success,,,,,,,,,,,0,warning_denominator_zero,,,,,,,,,warning_denominator_zero,,,,,,0,0,0,,0,0,warning_denominator_zero,2.97726542,2.89000000,0.85321679,1.19000000,5.00000000,10700,13863,3163,0.77183871,1574,2365,warning_stem_collisions,26766,10.19488770,1535,550,17.43713355,18.67734587,0.04976463,0,0.00000000,6906,0.20509622,2588670,175545,0.06781282,success,104,477,-0.64199656,460,0.01834423,154,0.00614133,56,0.00223321,238,0.00949115,175,0.00697878,,,0.00414739,0.01902217,-0.01487478,0.02316956,1400,25076,warning_denominator_zero,warning_denominator_zero,success,exact-then-unique-porter-1.0.0,baek-smart-porter-1.0.0
S2020-003,0000874761,AES,AES Corporation,0000874761-21-000015,2020,2021-02-25,1.0.3,0.3.0,0,0,0.00000000,100462,4800,0,0.00000000,success,,,,,,,,,,,0,warning_denominator_zero,,,,,,,,,warning_denominator_zero,,,,,,0,0,0,,0,0,warning_denominator_zero,2.91210406,2.82000000,0.81333432,1.19000000,5.00000000,37998,53369,15371,0.71198636,2620,9077,warning_stem_collisions,99845,11.51137426,4800,1949,20.80104167,21.01474278,0.03952126,0,0.00000000,21768,0.17899402,7999658,661710,0.08271729,success,526,1663,-0.51941526,1515,0.01604635,561,0.00594192,258,0.00273265,1298,0.01374796,886,0.00938420,,,0.00557121,0.01761391,-0.01204271,0.02318512,5726,94414,warning_denominator_zero,warning_denominator_zero,success,exact-then-unique-porter-1.0.0,baek-smart-porter-1.0.0
S2020-004,0000732717,T,AT&T,0000732717-21-000012,2020,2021-02-25,1.0.3,0.3.0,0,0,0.00000000,56052,3016,0,0.00000000,success,,,,,,,,,,,0,warning_denominator_zero,,,,,,,,,warning_denominator_zero,,,,,,0,0,0,,0,0,warning_denominator_zero,2.94044017,2.85000000,0.83033688,1.26000000,5.00000000,21719,29498,7779,0.73628721,2147,5647,warning_stem_collisions,56009,10.93326767,3016,1105,18.57062334,20.13596993,0.04470710,0,0.00000000,17290,0.23588316,6678357,373642,0.05594819,success,288,675,-0.40186916,629,0.01190364,263,0.00497720,135,0.00255483,507,0.00959482,401,0.00758880,,,0.00545031,0.01277417,-0.00732386,0.01822448,2494,52841,warning_denominator_zero,warning_denominator_zero,success,exact-then-unique-porter-1.0.0,baek-smart-porter-1.0.0
S2020-005,0001551152,ABBV,AbbVie,0001551152-21-000008,2020,2021-02-19,1.0.3,0.3.0,0,0,0.00000000,48413,2592,0,0.00000000,success,,,,,,,,,,,0,warning_denominator_zero,,,,,,,,,warning_denominator_zero,,,,,,0,0,0,,0,0,warning_denominator_zero,2.87895219,2.74000000,0.81217752,1.19000000,5.00000000,18782,26864,8082,0.69915128,2268,4798,warning_stem_collisions,48391,10.78706913,2592,976,18.66936728,20.50814355,0.03324998,0,0.00000000,13601,0.21939928,4917702,330598,0.06722611,success,352,907,-0.44082605,824,0.01801250,351,0.00767280,136,0.00297294,676,0.01477725,350,0.00765094,,,0.00769466,0.01982687,-0.01213221,0.02752153,3016,45746,warning_denominator_zero,warning_denominator_zero,success,exact-then-unique-porter-1.0.0,baek-smart-porter-1.0.0
S2020-006,0000001800,ABT,Abbott Laboratories,0001104659-21-025751,2020,2021-02-19,1.0.3,0.3.0,0,0,0.00000000,37825,2188,0,0.00000000,success,,,,,,,,,,,0,warning_denominator_zero,,,,,,,,,warning_denominator_zero,,,,,,0,0,0,,0,0,warning_denominator_zero,2.89931437,2.81000000,0.78696122,1.30000000,5.00000000,14906,20633,5727,0.72243493,1651,3906,warning_stem_collisions,37531,10.53292254,2188,807,17.15310786,19.85681790,0.05203698,0,0.00000000,14598,0.28003606,4280199,255025,0.05958251,success,169,558,-0.53507565,571,0.01634511,185,0.00529570,85,0.00243316,373,0.01067728,293,0.00838724,,,0.00483769,0.01597298,-0.01113528,0.02081067,1907,34934,warning_denominator_zero,warning_denominator_zero,success,exact-then-unique-porter-1.0.0,baek-smart-porter-1.0.0
S2020-007,0001467373,ACN,Accenture,0001467373-20-000376,2020,2020-10-22,1.0.3,0.3.0,1,6,0.15669069,38292,1969,6,0.00304723,success,1,0.00357143,0,0.00000000,0,0.00000000,0,0.00000000,0,0.00000000,280,success,10,1,0.03571429,0.00357143,0.81818182,0.03928571,0.03214286,12,success,2.90687075,2.77000000,0.78748355,1.63000000,4.93000000,147,196,49,0.75000000,99,39,warning_stem_collisions,2.82204704,2.72000000,0.79064257,1.19000000,4.97000000,14880,19645,4765,0.75744464,1860,3678,warning_stem_collisions,38313,10.55354454,1969,749,19.45810056,20.64543396,0.03126876,6,0.15660481,11559,0.23177334,4379363,255597,0.05836397,success,360,828,-0.39393939,795,0.02161560,444,0.01207211,73,0.00198483,528,0.01435602,294,0.00799369,,,0.00978819,0.02251285,-0.01272465,0.03230104,2755,36779,warning_stem_collisions,success,success,exact-then-unique-porter-1.0.0,baek-smart-porter-1.0.0
S2020-008,0000796343,ADBE,Adobe Inc.,0000796343-21-000004,2020,2021-01-15,1.0.3,0.3.0,1,49,0.85190723,57518,2742,33,0.01203501,success,18,0.01451613,5,0.00403226,9,0.00725806,6,0.00483871,0,0.00000000,1240,success,40,14,0.03225806,0.01129032,0.48148148,0.04354839,0.02096774,79,success,3.07996454,2.96000000,0.91278469,1.30000000,5.00000000,564,785,221,0.71847134,272,138,warning_stem_collisions,2.93094942,2.83000000,0.83700106,1.19000000,5.00000000,23351,31124,7773,0.75025704,2505,6064,warning_stem_collisions,57446,10.95860066,2742,1241,20.95040117,20.67361428,0.02800891,49,0.85297497,8678,0.13123828,3594607,390728,0.10869839,success,623,984,-0.22464219,886,0.01609914,439,0.00797689,101,0.00183523,490,0.00890359,356,0.00646873,,,0.01132027,0.01787986,-0.00655958,0.02920013,3264,55034,warning_stem_collisions,success,success,exact-then-unique-porter-1.0.0,baek-smart-porter-1.0.0
S2020-009,0000002488,AMD,Advanced Micro Devices,0001628280-21-001185,2020,2021-01-29,1.0.3,0.3.0,1,15,0.30604125,49013,2216,13,0.00586643,success,0,0.00000000,0,0.00000000,0,0.00000000,0,0.00000000,2,0.00597015,335,success,1,0,0.00298507,0.00000000,1.00000000,0.00298507,0.00298507,3,success,3.24040268,3.18000000,0.80419527,1.41000000,4.70000000,149,209,60,0.71291866,85,23,warning_stem_collisions,2.92993056,2.85000000,0.83673012,1.19000000,5.00000000,18720,25665,6945,0.72939801,2153,4539,warning_stem_collisions,49008,10.79973883,2216,885,22.11552347,20.68855369,0.03209680,15,0.30607248,8222,0.14366591,2403831,323755,0.13468293,success,367,1202,-0.53218611,894,0.01915167,524,0.01122536,148,0.00317052,488,0.01045416,362,0.00775493,,,0.00786204,0.02574979,-0.01788775,0.03361183,3219,46680,warning_stem_collisions,success,success,exact-then-unique-porter-1.0.0,baek-smart-porter-1.0.0
S2020-010,0000004977,AFL,Aflac,0000004977-21-000047,2020,2021-02-23,1.0.3,0.3.0,0,0,0.00000000,77912,4151,0,0.00000000,success,,,,,,,,,,,0,warning_denominator_zero,,,,,,,,,warning_denominator_zero,,,,,,0,0,0,,0,0,warning_denominator_zero,2.92170603,2.79000000,0.84374951,1.19000000,5.00000000,31119,42525,11406,0.73178131,2258,7470,warning_stem_collisions,78290,11.26817516,4151,1724,18.86051554,21.24503742,0.03241793,0,0.00000000,26810,0.25509039,9978706,522051,0.05231650,success,396,1272,-0.52517986,1253,0.01692740,405,0.00547135,187,0.00252628,629,0.00849747,467,0.00630894,,,0.00534976,0.01718408,-0.01183432,0.02253384,3945,74022,warning_denominator_zero,warning_denominator_zero,success,exact-then-unique-porter-1.0.0,baek-smart-porter-1.0.0
S2020-011,0001090872,A,Agilent Technologies,0001090872-20-000020,2020,2020-12-18,1.0.3,0.3.0,1,3,0.05016722,59800,2894,2,0.00069109,success,0,0.00000000,0,0.00000000,0,0.00000000,1,0.01388889,0,0.00000000,72,success,1,0,0.01388889,0.00000000,1.00000000,0.01388889,0.01388889,2,success,3.04450000,2.98000000,0.78443594,1.75000000,4.69000000,40,47,7,0.85106383,37,3,warning_stem_collisions,2.89265010,2.81000000,0.77751013,1.26000000,5.00000000,24101,31975,7874,0.75374511,2135,5884,warning_stem_collisions,59824,10.99916220,2894,1097,20.67173462,20.42690445,0.04157194,3,0.05014710,9420,0.13604067,4456779,401504,0.09008838,success,351,928,-0.45113370,910,0.01606355,426,0.00751986,120,0.00211827,568,0.01002648,474,0.00836717,,,0.00619594,0.01638129,-0.01018535,0.02257723,3178,56650,warning_stem_collisions,success,success,exact-then-unique-porter-1.0.0,baek-smart-porter-1.0.0
S2020-012,0000002969,APD,Air Products,0000002969-20-000049,2020,2020-11-19,1.0.3,0.3.0,0,0,0.00000000,50003,2621,0,0.00000000,success,,,,,,,,,,,0,warning_denominator_zero,,,,,,,,,warning_denominator_zero,,,,,,0,0,0,,0,0,warning_denominator_zero,2.88615435,2.76000000,0.81202452,1.19000000,5.00000000,19825,26338,6513,0.75271471,1907,4824,warning_stem_collisions,49671,10.81317654,2621,1079,18.95116368,20.07612425,0.03867448,0,0.00000000,11973,0.19422815,5035850,331254,0.06577916,success,205,784,-0.58543984,815,0.01727244,288,0.00610363,66,0.00139875,569,0.01205892,395,0.00837130,,,0.00434460,0.01661545,-0.01227085,0.02096005,2679,47185,warning_denominator_zero,warning_denominator_zero,success,exact-then-unique-porter-1.0.0,baek-smart-porter-1.0.0
S2020-013,0001086222,AKAM,Akamai Technologies,0001086222-21-000075,2020,2021-02-26,1.0.3,0.3.0,0,0,0.00000000,44420,2020,0,0.00000000,success,,,,,,,,,,,0,warning_denominator_zero,,,,,,,,,warning_denominator_zero,,,,,,0,0,0,,0,0,warning_denominator_zero,2.88259010,2.81000000,0.79216268,1.19000000,5.00000000,17231,22746,5515,0.75753979,1995,4244,warning_stem_collisions,44245,10.69749765,2020,893,21.90346535,20.95440371,0.03880664,0,0.00000000,6999,0.13658184,3094300,295188,0.09539734,success,317,726,-0.39213806,692,0.01654552,332,0.00793803,89,0.00212796,409,0.00977907,313,0.00748374,,,0.00757938,0.01735845,-0.00977907,0.02493783,2441,41824,warning_denominator_zero,warning_denominator_zero,success,exact-then-unique-porter-1.0.0,baek-smart-porter-1.0.0
S2020-014,0000766421,ALK,Alaska Air Group,0000766421-21-000018,2020,2021-02-26,1.0.3,0.3.0,0,0,0.00000000,43817,2251,0,0.00000000,success,,,,,,,,,,,0,warning_denominator_zero,,,,,,,,,warning_denominator_zero,,,,,,0,0,0,,0,0,warning_denominator_zero,3.00150026,2.90000000,0.84104402,1.26000000,5.00000000,17497,23165,5668,0.75532053,2075,4026,warning_stem_collisions,43773,10.68677247,2251,949,19.44602399,18.90320235,0.03904233,0,0.00000000,7478,0.14590935,3393971,285778,0.08420166,success,253,679,-0.45708155,634,0.01527784,252,0.00607258,148,0.00356644,338,0.00814497,331,0.00797629,,,0.00609668,0.01636223,-0.01026555,0.02245891,2230,41498,warning_denominator_zero,warning_denominator_zero,success,exact-then-unique-porter-1.0.0,baek-smart-porter-1.0.0
S2020-015,0000915913,ALB,Albemarle Corporation,0000915913-21-000018,2020,2021-02-19,1.0.3,0.3.0,0,0,0.00000000,62845,2894,0,0.00000000,success,,,,,,,,,,,0,warning_denominator_zero,,,,,,,,,warning_denominator_zero,,,,,,0,0,0,,0,0,warning_denominator_zero,2.90509262,2.80000000,0.82709979,1.19000000,5.00000000,24076,32066,7990,0.75082642,2434,5587,warning_stem_collisions,62707,11.04622836,2894,1023,21.66793366,21.17775689,0.03789051,0,0.00000000,14026,0.18278967,4448826,414404,0.09314907,success,336,1044,-0.51304348,1088,0.01821561,493,0.00825395,135,0.00226021,625,0.01046393,503,0.00842137,,,0.00562541,0.01747895,-0.01185354,0.02310435,3555,59729,warning_denominator_zero,warning_denominator_zero,success,exact-then-unique-porter-1.0.0,baek-smart-porter-1.0.0
S2020-016,0001035443,ARE,Alexandria Real Estate Equities,0001035443-21-000044,2020,2021-02-01,1.0.3,0.3.0,0,0,0.00000000,99569,4249,0,0.00000000,success,,,,,,,,,,,0,warning_denominator_zero,,,,,,,,,warning_denominator_zero,,,,,,0,0,0,,0,0,warning_denominator_zero,2.88582699,2.75000000,0.81427506,1.25000000,5.00000000,39662,52114,12452,0.76106229,2823,8995,warning_stem_collisions,99423,11.50713875,4249,2113,23.39915274,21.57754362,0.03551492,0,0.00000000,21587,0.17839022,7799253,661426,0.08480633,success,701,1891,-0.45910494,1672,0.01762467,982,0.01035133,218,0.00229795,627,0.00660925,794,0.00836961,,,0.00738929,0.01993317,-0.01254388,0.02732246,5632,94867,warning_denominator_zero,warning_denominator_zero,success,exact-then-unique-porter-1.0.0,baek-smart-porter-1.0.0
S2020-017,0001097149,ALGN,Align Technology,0001097149-21-000007,2020,2021-02-26,1.0.3,0.3.0,0,0,0.00000000,54698,2397,0,0.00000000,success,,,,,,,,,,,0,warning_denominator_zero,,,,,,,,,warning_denominator_zero,,,,,,0,0,0,,0,0,warning_denominator_zero,2.86708544,2.80000000,0.80711524,1.19000000,5.00000000,21396,28780,7384,0.74343294,2364,5458,warning_stem_collisions,54657,10.90883257,2397,1070,22.80225282,20.84674212,0.02760854,0,0.00000000,6052,0.09968868,2924036,365437,0.12497692,success,379,1252,-0.53525445,1099,0.02087132,538,0.01021726,112,0.00212701,602,0.01143270,441,0.00837511,,,0.00719766,0.02377697,-0.01657931,0.03097463,3606,52656,warning_denominator_zero,warning_denominator_zero,success,exact-then-unique-porter-1.0.0,baek-smart-porter-1.0.0
S2020-018,0001579241,ALLE,Allegion,0001579241-21-000020,2020,2021-02-16,1.0.3,0.3.0,0,0,0.00000000,43439,2113,0,0.00000000,success,,,,,,,,,,,0,warning_denominator_zero,,,,,,,,,warning_denominator_zero,,,,,,0,0,0,,0,0,warning_denominator_zero,2.86722092,2.76000000,0.80504576,1.04000000,5.00000000,17110,22919,5809,0.74654217,2062,4336,warning_stem_collisions,43354,10.67715425,2113,942,20.51774728,20.93213054,0.03559072,0,0.00000000,8812,0.16892229,3608432,290665,0.08055161,success,249,856,-0.54932127,768,0.01860645,314,0.00760733,100,0.00242272,367,0.00889137,367,0.00889137,,,0.00603256,0.02073844,-0.01470588,0.02677100,2508,41276,warning_denominator_zero,warning_denominator_zero,success,exact-then-unique-porter-1.0.0,baek-smart-porter-1.0.0
S2020-019,0000352541,LNT,Alliant Energy,0000352541-21-000022,2020,2021-02-19,1.0.3,0.3.0,0,0,0.00000000,50591,2582,0,0.00000000,success,,,,,,,,,,,0,warning_denominator_zero,,,,,,,,,warning_denominator_zero,,,,,,0,0,0,,0,0,warning_denominator_zero,2.91346659,2.86000000,0.80166508,1.26000000,5.00000000,19636,28449,8813,0.69021758,1830,5047,warning_stem_collisions,50070,10.82117731,2582,1036,19.39194423,21.16619996,0.03013781,0,0.00000000,17931,0.26368730,7198330,336173,0.04670153,success,142,558,-0.59428571,646,0.01362007,288,0.00607211,92,0.00193970,655,0.01380983,434,0.00915033,,,0.00299389,0.01176471,-0.00877082,0.01475859,2459,47430,warning_denominator_zero,warning_denominator_zero,success,exact-then-unique-porter-1.0.0,baek-smart-porter-1.0.0
S2020-020,0000899051,ALL,Allstate,0000899051-21-000011,2020,2021-02-22,1.0.3,0.3.0,0,0,0.00000000,122251,6003,0,0.00000000,success,,,,,,,,,,,0,warning_denominator_zero,,,,,,,,,warning_denominator_zero,,,,,,0,0,0,,0,0,warning_denominator_zero,2.82459568,2.72000000,0.77187842,1.19000000,5.00000000,50010,67653,17643,0.73921334,2559,12297,warning_stem_collisions,122022,11.71195664,6003,2507,20.32683658,21.80450418,0.03554277,0,0.00000000,30338,0.19912050,11942557,830846,0.06957019,success,618,3454,-0.69646365,2169,0.01866128,657,0.00565259,245,0.00210789,2412,0.02075196,792,0.00681408,,,0.00531704,0.02971694,-0.02439990,0.03503398,8837,116230,warning_denominator_zero,warning_denominator_zero,success,exact-then-unique-porter-1.0.0,baek-smart-porter-1.0.0
S2020-021,0001652044,GOOGL|GOOG,Alphabet Inc. (Class A)|Alphabet Inc. (Class C),0001652044-21-000010,2020,2021-02-03,1.0.3,0.3.0,1,17,0.38216847,44483,2264,14,0.00618375,success,3,0.00785340,2,0.00523560,3,0.00785340,3,0.00785340,1,0.00261780,382,success,14,6,0.03664921,0.01570681,0.40000000,0.05235602,0.02094241,28,success,2.98189349,2.96000000,0.90905502,1.30000000,4.83000000,169,216,47,0.78240741,119,34,warning_stem_collisions,2.91311706,2.85000000,0.81732995,1.26000000,5.00000000,17709,23132,5423,0.76556286,2079,4343,warning_stem_collisions,44446,10.70203025,2264,1061,19.63162544,19.53100697,0.02796652,17,0.38248661,8957,0.16772466,3194798,294874,0.09229817,success,289,1017,-0.55742726,842,0.01969545,460,0.01075998,104,0.00243269,499,0.01167224,286,0.00668990,,,0.00676008,0.02378892,-0.01702884,0.03054899,2846,42751,warning_stem_collisions,success,success,exact-then-unique-porter-1.0.0,baek-smart-porter-1.0.0
S2020-022,0000764180,MO,Altria,0000764180-21-000037,2020,2021-02-26,1.0.3,0.3.0,0,0,0.00000000,70880,3180,0,0.00000000,success,,,,,,,,,,,0,warning_denominator_zero,,,,,,,,,warning_denominator_zero,,,,,,0,0,0,,0,0,warning_denominator_zero,2.94093550,2.83000000,0.84152420,1.26000000,5.00000000,26371,38196,11825,0.69041261,2207,6756,warning_stem_collisions,70328,11.16092529,3180,1381,22.11572327,20.26620888,0.04210272,0,0.00000000,11039,0.13566925,4975624,471220,0.09470571,success,233,1832,-0.77433414,991,0.01504593,365,0.00554164,131,0.00198892,1394,0.02116450,608,0.00923100,,,0.00353754,0.02781447,-0.02427693,0.03135201,4548,65865,warning_denominator_zero,warning_denominator_zero,success,exact-then-unique-porter-1.0.0,baek-smart-porter-1.0.0
S2020-023,0001018724,AMZN,Amazon,0001018724-21-000004,2020,2021-02-03,1.0.3,0.3.0,1,7,0.22082716,31699,1609,5,0.00310752,success,1,0.00507614,4,0.02030457,0,0.00000000,2,0.01015228,0,0.00000000,197,success,6,0,0.03045685,0.00000000,1.00000000,0.03045685,0.03045685,12,success,2.99250000,3.14000000,0.72054853,1.62000000,4.37000000,84,125,41,0.67200000,49,33,warning_stem_collisions,2.92061466,2.86000000,0.80562206,1.19000000,5.00000000,12690,16842,4152,0.75347346,1616,3380,warning_stem_collisions,31525,10.35853616,1609,726,19.59291485,20.36778495,0.03409992,7,0.22204600,6265,0.16578460,2455655,213989,0.08714131,success,175,623,-0.56140351,527,0.01749436,224,0.00743593,45,0.00149383,319,0.01058956,256,0.00849821,,,0.00580932,0.02068118,-0.01487186,0.02649051,1824,30124,warning_stem_collisions,success,success,exact-then-unique-porter-1.0.0,baek-smart-porter-1.0.0
S2020-024,0001748790,AMCR,Amcor,0001748790-20-000025,2020,2020-08-27,1.0.3,0.3.0,0,0,0.00000000,43794,2087,0,0.00000000,success,,,,,,,,,,,0,warning_denominator_zero,,,,,,,,,warning_denominator_zero,,,,,,0,0,0,,0,0,warning_denominator_zero,2.87419601,2.76000000,0.81320581,1.26000000,5.00000000,17295,23014,5719,0.75149909,1862,4252,warning_stem_collisions,43672,10.68446244,2087,978,20.92573071,20.94526120,0.04151401,0,0.00000000,12485,0.22232313,5528216,289045,0.05228540,success,172,908,-0.68148148,802,0.01937526,317,0.00765830,96,0.00231923,399,0.00963931,350,0.00845554,,,0.00415529,0.02193608,-0.01778078,0.02609137,2532,41393,warning_denominator_zero,warning_denominator_zero,success,exact-then-unique-porter-1.0.0,baek-smart-porter-1.0.0
S2020-025,0001002910,AEE,Ameren,0001002910-21-000065,2020,2021-02-22,1.0.3,0.3.0,0,0,0.00000000,81751,3783,0,0.00000000,success,,,,,,,,,,,0,warning_denominator_zero,,,,,,,,,warning_denominator_zero,,,,,,0,0,0,,0,0,warning_denominator_zero,2.90696698,2.83000000,0.79046945,1.19000000,5.00000000,31523,45466,13943,0.69333128,2054,7541,warning_stem_collisions,81240,11.30516302,3783,1529,21.47501983,23.33651285,0.04027573,0,0.00000000,21977,0.21292035,9591808,549439,0.05728211,success,224,986,-0.62975207,922,0.01204615,408,0.00533062,185,0.00241707,1116,0.01458080,665,0.00868838,,,0.00292661,0.01288232,-0.00995571,0.01580893,3949,76539,warning_denominator_zero,warning_denominator_zero,success,exact-then-unique-porter-1.0.0,baek-smart-porter-1.0.0
S2020-026,0000006201,AAL,American Airlines Group,0000006201-21-000014,2020,2021-02-17,1.0.3,0.3.0,0,0,0.00000000,106653,4681,0,0.00000000,success,,,,,,,,,,,0,warning_denominator_zero,,,,,,,,,warning_denominator_zero,,,,,,0,0,0,,0,0,warning_denominator_zero,2.90772388,2.82000000,0.81731288,1.19000000,5.00000000,42691,56510,13819,0.75545921,2356,9203,warning_stem_collisions,106641,11.57722333,4681,2112,22.78167058,21.98523457,0.04725200,0,0.00000000,30644,0.22321448,7448494,702290,0.09428617,success,347,1656,-0.65351972,1471,0.01467185,667,0.00665270,377,0.00376022,874,0.00871733,1130,0.01127070,,,0.00346100,0.01651706,-0.01305605,0.01997806,5554,100260,warning_denominator_zero,warning_denominator_zero,success,exact-then-unique-porter-1.0.0,baek-smart-porter-1.0.0
S2020-027,0000004904,AEP,American Electric Power,0000004904-21-000010,2020,2021-02-25,1.0.3,0.3.0,0,0,0.00000000,123640,7402,0,0.00000000,success,,,,,,,,,,,0,warning_denominator_zero,,,,,,,,,warning_denominator_zero,,,,,,0,0,0,,0,0,warning_denominator_zero,2.88724898,2.81000000,0.78906432,1.26000000,5.00000000,49160,68922,19762,0.71327007,2638,11320,warning_stem_collisions,123177,11.72137762,7402,3233,16.64104296,20.05337796,0.04025914,0,0.00000000,54195,0.30554428,26017820,824280,0.03168136,success,357,1546,-0.62480294,1461,0.01258116,501,0.00431428,224,0.00192894,1838,0.01582764,891,0.00767270,,,0.00307425,0.01331313,-0.01023888,0.01638737,5976,116126,warning_denominator_zero,warning_denominator_zero,success,exact-then-unique-porter-1.0.0,baek-smart-porter-1.0.0
S2020-028,0000004962,AXP,American Express,0000004962-21-000013,2020,2021-02-12,1.0.3,0.3.0,1,11,0.15331651,71747,3054,7,0.00229208,success,7,0.01745636,5,0.01246883,4,0.00997506,2,0.00498753,3,0.00748130,401,success,6,8,0.01496259,0.01995012,-0.14285714,0.03491272,-0.00498753,27,success,2.91454054,2.87000000,0.75111444,1.52000000,4.90000000,185,238,53,0.77731092,125,41,warning_stem_collisions,2.85341134,2.74000000,0.82028618,1.26000000,5.00000000,29569,38860,9291,0.76091096,2413,7070,warning_stem_collisions,71682,11.17999495,3054,1440,23.47151277,21.87794059,0.02451103,11,0.15345554,14828,0.17140215,5826682,481750,0.08267999,success,347,1614,-0.64609893,1341,0.01942296,524,0.00758958,130,0.00188291,831,0.01203615,633,0.00916833,,,0.00502593,0.02337707,-0.01835115,0.02840300,4672,69042,warning_stem_collisions,success,success,exact-then-unique-porter-1.0.0,baek-smart-porter-1.0.0
S2020-029,0000005272,AIG,American International Group,0001104659-21-025742,2020,2021-02-19,1.0.3,0.3.0,0,0,0.00000000,173060,8054,0,0.00000000,success,,,,,,,,,,,0,warning_denominator_zero,,,,,,,,,warning_denominator_zero,,,,,,0,0,0,,0,0,warning_denominator_zero,2.77271816,2.69000000,0.76212447,1.19000000,5.00000000,70945,94601,23656,0.74993922,2841,17104,warning_stem_collisions,172207,12.05645252,8054,3603,21.38154954,22.24016711,0.03258869,0,0.00000000,46318,0.21195744,25888183,1162273,0.04489589,success,975,4650,-0.65333333,3667,0.02225918,1042,0.00632508,332,0.00201528,2230,0.01353640,1159,0.00703529,,,0.00591838,0.02822612,-0.02230774,0.03414451,12307,164741,warning_denominator_zero,warning_denominator_zero,success,exact-then-unique-porter-1.0.0,baek-smart-porter-1.0.0
S2020-030,0001053507,AMT,American Tower,0001053507-21-000026,2020,2021-02-25,1.0.3,0.3.0,0,0,0.00000000,65009,2798,0,0.00000000,success,,,,,,,,,,,0,warning_denominator_zero,,,,,,,,,warning_denominator_zero,,,,,,0,0,0,,0,0,warning_denominator_zero,2.92804233,2.82000000,0.81527923,1.19000000,5.00000000,25280,34036,8756,0.74274298,1930,5862,warning_stem_collisions,64746,11.07822720,2798,1349,23.14010007,21.53065681,0.04451240,0,0.00000000,13149,0.16880416,5289707,431198,0.08151642,success,246,792,-0.52601156,960,0.01570295,451,0.00737712,149,0.00243723,416,0.00680461,618,0.01010878,,,0.00402388,0.01295494,-0.00893105,0.01697882,3025,61135,warning_denominator_zero,warning_denominator_zero,success,exact-then-unique-porter-1.0.0,baek-smart-porter-1.0.0
S2020-031,0001410636,AWK,American Water Works,0001410636-21-000101,2020,2021-02-24,1.0.3,0.3.0,1,1,0.01368363,73080,3174,1,0.00031506,success,0,0.00000000,0,0.00000000,0,0.00000000,0,0.00000000,0,0.00000000,41,success,0,0,0.00000000,0.00000000,,0.00000000,0.00000000,0,success,3.05500000,2.96000000,0.76535642,1.67000000,5.00000000,22,28,6,0.78571429,19,5,warning_stem_collisions,2.95254519,2.86000000,0.84897031,1.19000000,5.00000000,28548,38758,10210,0.73657051,2478,7143,warning_stem_collisions,73102,11.19961101,3174,1177,23.03150599,22.32441760,0.03768707,1,0.01367952,15637,0.17621339,4586179,488231,0.10645703,success,388,1435,-0.57432803,1119,0.01618853,531,0.00768196,161,0.00232918,1310,0.01895172,630,0.00911419,,,0.00561318,0.02076009,-0.01514691,0.02637328,4841,69123,warning_stem_collisions,success,success,exact-then-unique-porter-1.0.0,baek-smart-porter-1.0.0
S2020-032,0000820027,AMP,Ameriprise Financial,0000820027-21-000012,2020,2021-02-24,1.0.3,0.3.0,0,0,0.00000000,92897,4231,0,0.00000000,success,,,,,,,,,,,0,warning_denominator_zero,,,,,,,,,warning_denominator_zero,,,,,,0,0,0,,0,0,warning_denominator_zero,2.85874155,2.74000000,0.77184438,1.19000000,5.00000000,38333,50775,12442,0.75495815,2294,8677,warning_stem_collisions,92529,11.43527739,4231,1813,21.86929804,21.72717616,0.03459456,0,0.00000000,17812,0.16142685,8246541,622099,0.07543757,success,413,1429,-0.55157438,1793,0.02033133,504,0.00571500,207,0.00234723,1081,0.01225776,628,0.00712107,,,0.00468312,0.01620383,-0.01152071,0.02088696,5233,88189,warning_denominator_zero,warning_denominator_zero,success,exact-then-unique-porter-1.0.0,baek-smart-porter-1.0.0
S2020-033,0001140859,ABC,AmerisourceBergen,0001140859-20-000050,2020,2020-11-19,1.0.3,0.3.0,0,0,0.00000000,50019,2157,0,0.00000000,success,,,,,,,,,,,0,warning_denominator_zero,,,,,,,,,warning_denominator_zero,,,,,,0,0,0,,0,0,warning_denominator_zero,2.89086088,2.84500000,0.79576984,1.26000000,5.00000000,19968,26659,6691,0.74901534,1885,4818,warning_stem_collisions,49924,10.81825713,2157,777,23.14510895,22.43107419,0.04528884,0,0.00000000,10245,0.17027041,2831601,336531,0.11884831,success,207,1174,-0.70021723,850,0.01807050,377,0.00801480,79,0.00167949,911,0.01936732,370,0.00786598,,,0.00440070,0.02495854,-0.02055785,0.02935924,3192,47038,warning_denominator_zero,warning_denominator_zero,success,exact-then-unique-porter-1.0.0,baek-smart-porter-1.0.0
S2020-034,0001037868,AME,Ametek,0001037868-21-000007,2020,2021-02-18,1.0.3,0.3.0,0,0,0.00000000,32387,1805,0,0.00000000,success,,,,,,,,,,,0,warning_denominator_zero,,,,,,,,,warning_denominator_zero,,,,,,0,0,0,,0,0,warning_denominator_zero,2.89536288,2.86000000,0.79748762,1.26000000,5.00000000,13021,17160,4139,0.75879953,1713,3064,warning_stem_collisions,32209,10.38000120,1805,778,17.84432133,20.04894582,0.04650874,0,0.00000000,7151,0.18168191,2852666,218042,0.07643447,success,202,453,-0.38320611,494,0.01635491,206,0.00682006,70,0.00231750,292,0.00966727,276,0.00913756,,,0.00668763,0.01499752,-0.00830988,0.02168515,1677,30205,warning_denominator_zero,warning_denominator_zero,success,exact-then-unique-porter-1.0.0,baek-smart-porter-1.0.0
S2020-035,0000318154,AMGN,Amgen,0000318154-21-000010,2020,2021-02-09,1.0.3,0.3.0,0,0,0.00000000,76876,3536,0,0.00000000,success,,,,,,,,,,,0,warning_denominator_zero,,,,,,,,,warning_denominator_zero,,,,,,0,0,0,,0,0,warning_denominator_zero,2.88050332,2.78000000,0.80277857,1.19000000,5.00000000,28014,39753,11739,0.70470153,2625,7336,warning_stem_collisions,76774,11.24862132,3536,1288,21.71210407,20.45149312,0.03847657,0,0.00000000,13503,0.14957298,4446756,510727,0.11485384,success,456,1656,-0.56818182,1131,0.01551802,616,0.00845190,138,0.00189345,1377,0.01889329,550,0.00754634,,,0.00625660,0.02272135,-0.01646474,0.02897795,4940,72883,warning_denominator_zero,warning_denominator_zero,success,exact-then-unique-porter-1.0.0,baek-smart-porter-1.0.0
S2020-036,0000820313,APH,Amphenol,0001558370-21-000881,2020,2021-02-10,1.0.3,0.3.0,0,0,0.00000000,60363,2582,0,0.00000000,success,,,,,,,,,,,0,warning_denominator_zero,,,,,,,,,warning_denominator_zero,,,,,,0,0,0,,0,0,warning_denominator_zero,2.93785850,2.85000000,0.82441397,1.19000000,5.00000000,23166,30656,7490,0.75567589,1744,5643,warning_stem_collisions,60239,11.00607526,2582,692,23.33036406,21.93251342,0.05287272,0,0.00000000,13801,0.18639924,5118049,397101,0.07758835,success,177,645,-0.56934307,962,0.01713207,346,0.00616185,112,0.00199459,536,0.00954552,399,0.00710571,,,0.00315216,0.01148668,-0.00833452,0.01463884,2681,56152,warning_denominator_zero,warning_denominator_zero,success,exact-then-unique-porter-1.0.0,baek-smart-porter-1.0.0
S2020-037,0000006281,ADI,Analog Devices,0000006281-20-000156,2020,2020-11-24,1.0.3,0.3.0,0,0,0.00000000,49764,2377,0,0.00000000,success,,,,,,,,,,,0,warning_denominator_zero,,,,,,,,,warning_denominator_zero,,,,,,0,0,0,,0,0,warning_denominator_zero,2.86612968,2.76000000,0.79948233,1.04000000,5.00000000,19510,25751,6241,0.75764048,2065,4928,warning_stem_collisions,49706,10.81388093,2377,991,20.91123265,20.92140036,0.03665553,0,0.00000000,10900,0.17985018,3436026,331783,0.09656010,success,291,859,-0.49391304,833,0.01762403,429,0.00907648,145,0.00306781,401,0.00848408,450,0.00952079,,,0.00615678,0.01817412,-0.01201735,0.02433090,2801,47265,warning_denominator_zero,warning_denominator_zero,success,exact-then-unique-porter-1.0.0,baek-smart-porter-1.0.0
S2020-038,0001156039,ANTM,Anthem,0001156039-21-000012,2020,2021-02-18,1.0.3,0.3.0,0,0,0.00000000,79592,3557,0,0.00000000,success,,,,,,,,,,,0,warning_denominator_zero,,,,,,,,,warning_denominator_zero,,,,,,0,0,0,,0,0,warning_denominator_zero,2.82672612,2.72000000,0.76567233,1.26000000,4.97000000,31678,42543,10865,0.74461133,2441,8051,warning_stem_collisions,79480,11.28326070,3557,1532,22.34467248,21.42244714,0.03734273,0,0.00000000,12860,0.13926792,5762512,533596,0.09259781,success,498,1511,-0.50423096,1211,0.01600349,475,0.00627717,163,0.00215406,1264,0.01670389,727,0.00960738,,,0.00658112,0.01996802,-0.01338690,0.02654914,4832,75671,warning_denominator_zero,warning_denominator_zero,success,exact-then-unique-porter-1.0.0,baek-smart-porter-1.0.0
S2020-039,0000315293,AON,Aon plc,0001628280-21-002574,2020,2021-02-19,1.0.3,0.3.0,0,0,0.00000000,53293,2512,0,0.00000000,success,,,,,,,,,,,0,warning_denominator_zero,,,,,,,,,warning_denominator_zero,,,,,,0,0,0,,0,0,warning_denominator_zero,2.82323132,2.74000000,0.77394916,1.19000000,4.97000000,20846,27664,6818,0.75354251,2086,5041,warning_stem_collisions,53294,10.88357903,2512,1033,21.21576433,21.25998166,0.03261155,0,0.00000000,12855,0.19433400,4320439,355473,0.08227706,success,314,1171,-0.57710438,1083,0.02123654,508,0.00996137,108,0.00211777,702,0.01376552,437,0.00856913,,,0.00615722,0.02296214,-0.01680491,0.02911936,3584,50997,warning_denominator_zero,warning_denominator_zero,success,exact-then-unique-porter-1.0.0,baek-smart-porter-1.0.0
S2020-040,0000320193,AAPL,Apple Inc.,0000320193-20-000096,2020,2020-10-30,1.0.3,0.3.0,0,0,0.00000000,30294,1496,0,0.00000000,success,,,,,,,,,,,0,warning_denominator_zero,,,,,,,,,warning_denominator_zero,,,,,,0,0,0,,0,0,warning_denominator_zero,2.96402713,2.86000000,0.86633205,1.26000000,5.00000000,11867,16064,4197,0.73873257,1497,2999,warning_stem_collisions,30324,10.31969476,1496,710,20.27005348,20.78952310,0.04237568,0,0.00000000,6481,0.17609021,2467306,204460,0.08286771,success,108,612,-0.70000000,552,0.01951151,284,0.01003853,57,0.00201478,248,0.00876604,253,0.00894277,,,0.00381747,0.02163232,-0.01781485,0.02544979,1723,28291,warning_denominator_zero,warning_denominator_zero,success,exact-then-unique-porter-1.0.0,baek-smart-porter-1.0.0
S2020-041,0000006951,AMAT,Applied Materials,0000006951-20-000048,2020,2020-12-11,1.0.3,0.3.0,1,2,0.04924895,40610,1985,2,0.00100756,success,0,0.00000000,0,0.00000000,0,0.00000000,0,0.00000000,0,0.00000000,70,success,0,0,0.00000000,0.00000000,,0.00000000,0.00000000,0,success,3.10000000,2.91000000,0.94128237,1.72000000,4.71000000,32,38,6,0.84210526,15,4,warning_stem_collisions,2.84006538,2.73000000,0.81800499,1.04000000,5.00000000,16825,22607,5782,0.74423851,1812,4472,warning_stem_collisions,40476,10.60846448,1985,938,20.39093199,21.15180452,0.03090720,2,0.04941200,9158,0.18451062,3882482,280923,0.07235655,success,227,658,-0.48700565,679,0.01764324,310,0.00805509,84,0.00218267,280,0.00727556,394,0.01023775,,,0.00589840,0.01709757,-0.01119917,0.02299597,2159,38485,warning_stem_collisions,success,success,exact-then-unique-porter-1.0.0,baek-smart-porter-1.0.0
S2020-042,0001521332,APTV,Aptiv,0001521332-21-000009,2020,2021-02-08,1.0.3,0.3.0,1,2,0.02993564,66810,2997,2,0.00066733,success,0,0.00000000,0,0.00000000,0,0.00000000,0,0.00000000,0,0.00000000,54,success,0,0,0.00000000,0.00000000,,0.00000000,0.00000000,0,success,3.03875000,3.04500000,0.87713935,1.80000000,4.93000000,32,36,4,0.88888889,16,0,success,2.86923670,2.75000000,0.80191736,1.19000000,5.00000000,26333,35152,8819,0.74911812,2178,6282,warning_stem_collisions,66631,11.10692521,2997,1088,22.23256590,21.69684062,0.04020651,2,0.03001606,13511,0.16858826,5322735,446258,0.08383998,success,479,1056,-0.37589577,1201,0.01905744,437,0.00693431,182,0.00288797,541,0.00858458,498,0.00790225,,,0.00760076,0.01675659,-0.00915582,0.02435735,3726,63020,success,success,success,exact-then-unique-porter-1.0.0,baek-smart-porter-1.0.0
S2020-043,0000007084,ADM,Archer Daniels Midland,0000007084-21-000008,2020,2021-02-18,1.0.3,0.3.0,0,0,0.00000000,47488,2461,0,0.00000000,success,,,,,,,,,,,0,warning_denominator_zero,,,,,,,,,warning_denominator_zero,,,,,,0,0,0,,0,0,warning_denominator_zero,2.98772185,2.90000000,0.83831318,1.19000000,5.00000000,19270,26123,6853,0.73766413,1965,4681,warning_stem_collisions,47248,10.76316560,2461,994,19.19869972,20.82658240,0.05128259,0,0.00000000,11232,0.19206566,4905715,320900,0.06541350,success,336,661,-0.32597793,540,0.01232398,172,0.00392542,55,0.00125522,392,0.00894630,308,0.00702924,,,0.00766826,0.01508547,-0.00741721,0.02275373,2118,43817,warning_denominator_zero,warning_denominator_zero,success,exact-then-unique-porter-1.0.0,baek-smart-porter-1.0.0
S2020-044,0001596532,ANET,Arista Networks,0001596532-21-000049,2020,2021-02-19,1.0.3,0.3.0,1,10,0.18067827,55347,2427,8,0.00329625,success,1,0.00330033,0,0.00000000,0,0.00000000,0,0.00000000,0,0.00000000,303,success,1,5,0.00330033,0.01650165,-0.66666667,0.01980198,-0.01320132,7,success,3.04923567,2.93000000,0.79780395,1.40000000,4.93000000,157,204,47,0.76960784,100,24,warning_stem_collisions,2.85885776,2.80000000,0.79836902,1.19000000,5.00000000,21843,29111,7268,0.75033492,2236,5831,warning_stem_collisions,55350,10.92143194,2427,1085,22.80593325,20.69029245,0.01990967,10,0.18066847,6161,0.10016095,3004614,371429,0.12361954,success,363,1476,-0.60522023,1319,0.02457657,803,0.01496208,133,0.00247815,571,0.01063929,483,0.00899961,,,0.00676368,0.02750191,-0.02073823,0.03426559,4102,53669,warning_stem_collisions,success,success,exact-then-unique-porter-1.0.0,baek-smart-porter-1.0.0
S2020-045,0000354190,AJG,Arthur J. Gallagher & Co.,0001564590-21-004555,2020,2021-02-08,1.0.3,0.3.0,1,4,0.07068262,56591,2783,3,0.00107797,success,1,0.01282051,0,0.00000000,1,0.01282051,0,0.00000000,0,0.00000000,78,success,3,1,0.03846154,0.01282051,0.50000000,0.05128205,0.02564103,5,success,2.73470588,2.55500000,0.75921103,1.63000000,4.25000000,34,46,12,0.73913043,29,8,warning_stem_collisions,2.84794164,2.74000000,0.77553418,1.19000000,4.96000000,21794,28403,6609,0.76731331,2012,4903,warning_stem_collisions,56398,10.94018898,2783,842,20.26518146,21.24446637,0.04404412,4,0.07092450,19951,0.26131318,10518333,371021,0.03527375,success,187,964,-0.67506516,1122,0.02105619,415,0.00778816,129,0.00242090,648,0.01216079,475,0.00891416,,,0.00350936,0.01809106,-0.01458169,0.02160042,3318,53286,warning_stem_collisions,success,success,exact-then-unique-porter-1.0.0,baek-smart-porter-1.0.0
S2020-046,0001267238,AIZ,Assurant,0001267238-21-000010,2020,2021-02-19,1.0.3,0.3.0,0,0,0.00000000,90877,4040,0,0.00000000,success,,,,,,,,,,,0,warning_denominator_zero,,,,,,,,,warning_denominator_zero,,,,,,0,0,0,,0,0,warning_denominator_zero,2.82396362,2.74000000,0.77875171,1.26000000,5.00000000,36507,48008,11501,0.76043576,2353,8762,warning_stem_collisions,90443,11.41247510,4040,1722,22.38688119,21.62528156,0.03687405,0,0.00000000,15817,0.14885187,7745863,606331,0.07827804,success,513,2104,-0.60794803,1786,0.02076068,705,0.00819501,210,0.00244107,1192,0.01385595,690,0.00802064,,,0.00596317,0.02445715,-0.01849398,0.03042033,5989,86028,warning_denominator_zero,warning_denominator_zero,success,exact-then-unique-porter-1.0.0,baek-smart-porter-1.0.0
S2020-047,0000731802,ATO,Atmos Energy,0000731802-20-000040,2020,2020-11-13,1.0.3,0.3.0,0,0,0.00000000,32007,1848,0,0.00000000,success,,,,,,,,,,,0,warning_denominator_zero,,,,,,,,,warning_denominator_zero,,,,,,0,0,0,,0,0,warning_denominator_zero,2.87223991,2.77000000,0.80167416,1.26000000,5.00000000,12938,16837,3899,0.76842668,1604,2943,warning_stem_collisions,31643,10.36227223,1848,748,17.12283550,20.74080467,0.03729103,0,0.00000000,15068,0.32257926,4415742,211304,0.04785243,success,122,336,-0.46724891,455,0.01511176,185,0.00614434,65,0.00215882,347,0.01152479,240,0.00797104,,,0.00405194,0.01115945,-0.00710751,0.01521140,1502,30109,warning_denominator_zero,warning_denominator_zero,success,exact-then-unique-porter-1.0.0,baek-smart-porter-1.0.0
S2020-048,0000866787,AZO,AutoZone,0001558370-20-011748,2020,2020-10-26,1.0.3,0.3.0,0,0,0.00000000,43600,2109,0,0.00000000,success,,,,,,,,,,,0,warning_denominator_zero,,,,,,,,,warning_denominator_zero,,,,,,0,0,0,,0,0,warning_denominator_zero,2.95030974,2.86000000,0.82836162,1.19000000,5.00000000,17660,23168,5508,0.76225829,1769,4029,warning_stem_collisions,43436,10.67904387,2109,616,20.59554291,20.04091080,0.04641311,0,0.00000000,9054,0.17249000,3140595,287885,0.09166575,success,184,620,-0.54228856,604,0.01481481,218,0.00534707,113,0.00277165,332,0.00814324,290,0.00711307,,,0.00451312,0.01520726,-0.01069414,0.01972038,2003,40770,warning_denominator_zero,warning_denominator_zero,success,exact-then-unique-porter-1.0.0,baek-smart-porter-1.0.0
S2020-049,0000769397,ADSK,Autodesk,0000769397-20-000013,2020,2020-03-19,1.0.3,0.3.0,0,0,0.00000000,49656,2569,0,0.00000000,success,,,,,,,,,,,0,warning_denominator_zero,,,,,,,,,warning_denominator_zero,,,,,,0,0,0,,0,0,warning_denominator_zero,2.86636458,2.79000000,0.79634899,1.26000000,4.96000000,19343,25891,6548,0.74709358,2054,4760,warning_stem_collisions,49178,10.80320165,2569,997,19.14285714,20.59192294,0.04011957,0,0.00000000,13156,0.21105657,3772027,330910,0.08772737,success,328,883,-0.45829893,834,0.01789968,388,0.00832743,124,0.00266134,413,0.00886399,401,0.00860644,,,0.00703968,0.01895134,-0.01191166,0.02599103,2811,46593,warning_denominator_zero,warning_denominator_zero,success,exact-then-unique-porter-1.0.0,baek-smart-porter-1.0.0
S2020-050,0000008670,ADP,Automatic Data Processing,0000008670-20-000032,2020,2020-08-05,1.0.3,0.3.0,1,4,0.10537963,37958,1817,3,0.00165107,success,0,0.00000000,1,0.00699301,0,0.00000000,0,0.00000000,0,0.00000000,143,success,2,2,0.01398601,0.01398601,0.00000000,0.02797203,0.00000000,5,success,2.82754386,2.90000000,0.81628444,1.38000000,4.25000000,57,85,28,0.67058824,51,17,warning_stem_collisions,2.92324210,2.85000000,0.80800888,1.23000000,5.00000000,15126,20473,5347,0.73882675,1864,3694,warning_stem_collisions,37850,10.54138626,1817,736,20.83104018,20.73480201,0.03495376,4,0.10568032,9018,0.19241273,4440522,253037,0.05698362,success,192,568,-0.49473684,500,0.01396141,209,0.00583587,52,0.00145199,325,0.00907492,324,0.00904699,,,0.00536118,0.01586016,-0.01049898,0.02122134,1844,35813,warning_stem_collisions,success,success,exact-then-unique-porter-1.0.0,baek-smart-porter-1.0.0
S2020-051,0000915912,AVB,AvalonBay Communities,0000915912-21-000004,2020,2021-02-25,1.0.3,0.3.0,0,0,0.00000000,47851,2201,0,0.00000000,success,,,,,,,,,,,0,warning_denominator_zero,,,,,,,,,warning_denominator_zero,,,,,,0,0,0,,0,0,warning_denominator_zero,2.88823694,2.74000000,0.81442121,1.19000000,5.00000000,18258,24125,5867,0.75680829,1826,4408,warning_stem_collisions,47586,10.77029388,2201,1053,21.62017265,21.42007833,0.04099945,0,0.00000000,14735,0.23643716,7990317,315303,0.03946064,success,303,649,-0.36344538,767,0.01699798,406,0.00899763,140,0.00310263,261,0.00578419,345,0.00764577,,,0.00671498,0.01438291,-0.00766793,0.02109789,2361,45123,warning_denominator_zero,warning_denominator_zero,success,exact-then-unique-porter-1.0.0,baek-smart-porter-1.0.0
S2020-052,0001037540,BXP,"BXP, Inc.",0001656423-21-000006,2020,2021-02-26,1.0.3,0.3.0,0,0,0.00000000,90937,3828,0,0.00000000,success,,,,,,,,,,,0,warning_denominator_zero,,,,,,,,,warning_denominator_zero,,,,,,0,0,0,,0,0,warning_denominator_zero,2.90888129,2.76000000,0.83158901,1.19000000,5.00000000,34513,46960,12447,0.73494463,2299,8244,warning_stem_collisions,90658,11.41484946,3828,1682,23.68286311,21.84074649,0.04652651,0,0.00000000,23232,0.20398630,9601770,599704,0.06245765,success,499,1232,-0.42345465,1813,0.02128534,692,0.00812435,263,0.00308772,440,0.00516577,666,0.00781910,,,0.00585846,0.01446417,-0.00860571,0.02032263,4693,85176,warning_denominator_zero,warning_denominator_zero,success,exact-then-unique-porter-1.0.0,baek-smart-porter-1.0.0
S2020-053,0001701605,BKR,Baker Hughes,0001701605-21-000026,2020,2021-02-25,1.0.3,0.3.0,1,45,0.90691066,49619,2565,26,0.01013645,success,4,0.00561010,1,0.00140252,0,0.00000000,3,0.00420757,8,0.01122020,713,success,11,10,0.01542777,0.01402525,0.04761905,0.02945302,0.00140252,34,success,2.95830935,2.93000000,0.82664944,1.44000000,4.93000000,278,375,97,0.74133333,160,51,warning_stem_collisions,2.93007490,2.85000000,0.84252751,1.26000000,5.00000000,19225,25849,6624,0.74374250,2264,4822,warning_stem_collisions,49589,10.81152431,2565,1100,19.33294347,19.34595434,0.04164230,45,0.90745932,8607,0.14789676,2986887,325148,0.10885849,success,256,1078,-0.61619190,803,0.01706550,368,0.00782080,103,0.00218897,692,0.01470651,429,0.00911718,,,0.00544056,0.02290985,-0.01746929,0.02835041,3081,47054,warning_stem_collisions,success,success,exact-then-unique-porter-1.0.0,baek-smart-porter-1.0.0
S2020-054,0000009389,BLL,Ball Corporation,0001558370-21-001121,2020,2021-02-17,1.0.3,0.3.0,0,0,0.00000000,52988,2626,0,0.00000000,success,,,,,,,,,,,0,warning_denominator_zero,,,,,,,,,warning_denominator_zero,,,,,,0,0,0,,0,0,warning_denominator_zero,2.97335624,2.86000000,0.86669695,1.22000000,5.00000000,20955,27879,6924,0.75164102,1908,5099,warning_stem_collisions,52898,10.87612081,2626,895,20.14394516,20.99992416,0.03726039,0,0.00000000,12753,0.19425447,4822482,354273,0.07346279,success,250,639,-0.43757030,830,0.01655893,284,0.00566595,134,0.00267337,761,0.01518235,414,0.00825952,,,0.00498763,0.01274838,-0.00776075,0.01773601,2889,50124,warning_denominator_zero,warning_denominator_zero,success,exact-then-unique-porter-1.0.0,baek-smart-porter-1.0.0
S2020-055,0000070858,BAC,Bank of America,0000070858-21-000023,2020,2021-02-24,1.0.3,0.3.0,1,4,0.03114586,128428,5715,3,0.00052493,success,5,0.05000000,0,0.00000000,0,0.00000000,0,0.00000000,0,0.00000000,100,success,0,5,0.00000000,0.05000000,-1.00000000,0.05000000,-0.05000000,10,success,2.72386364,2.50000000,0.75135095,1.63000000,4.93000000,44,62,18,0.70967742,37,13,warning_stem_collisions,2.85343726,2.72000000,0.79770765,1.26000000,5.00000000,52411,70087,17676,0.74779916,2557,12617,warning_stem_collisions,128300,11.76212655,5715,2195,22.44969379,21.86164249,0.03586126,4,0.03117693,33791,0.20846932,16273358,865568,0.05318927,success,368,2866,-0.77241806,2514,0.02064531,705,0.00578956,162,0.00133037,1283,0.01053617,1038,0.00852420,,,0.00302207,0.02353598,-0.02051392,0.02655805,7788,121771,warning_stem_collisions,success,success,exact-then-unique-porter-1.0.0,baek-smart-porter-1.0.0
S2020-056,0001390777,BK,Bank of New York Mellon,0001390777-21-000037,2020,2021-02-25,1.0.3,0.3.0,0,0,0.00000000,5915,621,0,0.00000000,success,,,,,,,,,,,0,warning_denominator_zero,,,,,,,,,warning_denominator_zero,,,,,,0,0,0,,0,0,warning_denominator_zero,2.92274116,2.80000000,0.85400982,1.26000000,5.00000000,2291,3151,860,0.72707077,621,526,warning_stem_collisions,5909,8.68423189,621,208,9.51529791,17.30722982,0.03350821,0,0.00000000,4721,0.44412041,1608608,39991,0.02486062,success,11,106,-0.81196581,106,0.01875111,55,0.00972935,3,0.00053069,74,0.01309039,41,0.00725279,,,0.00194587,0.01875111,-0.01680524,0.02069698,334,5653,warning_denominator_zero,warning_denominator_zero,success,exact-then-unique-porter-1.0.0,baek-smart-porter-1.0.0
S2020-057,0000010456,BAX,Baxter International,0001628280-21-001867,2020,2021-02-11,1.0.3,0.3.0,0,0,0.00000000,52241,2517,0,0.00000000,success,,,,,,,,,,,0,warning_denominator_zero,,,,,,,,,warning_denominator_zero,,,,,,0,0,0,,0,0,warning_denominator_zero,2.87106441,2.76000000,0.80133901,1.26000000,5.00000000,20105,27075,6970,0.74256694,2100,5048,warning_stem_collisions,52286,10.86448393,2517,976,20.77314263,20.44519074,0.04398883,0,0.00000000,11996,0.18661523,4123774,345736,0.08383971,success,303,1015,-0.54021244,844,0.01706947,358,0.00724037,87,0.00175953,587,0.01187178,329,0.00665386,,,0.00612802,0.02052786,-0.01439984,0.02665588,2969,49445,warning_denominator_zero,warning_denominator_zero,success,exact-then-unique-porter-1.0.0,baek-smart-porter-1.0.0
S2020-058,0000010795,BDX,Becton Dickinson,0000010795-20-000055,2020,2020-11-25,1.0.3,0.3.0,0,0,0.00000000,45173,2404,0,0.00000000,success,,,,,,,,,,,0,warning_denominator_zero,,,,,,,,,warning_denominator_zero,,,,,,0,0,0,,0,0,warning_denominator_zero,2.89138095,2.81000000,0.79217580,1.19000000,4.96000000,17640,24106,6466,0.73176802,1976,4513,warning_stem_collisions,45059,10.71572802,2404,1007,18.74334443,20.25678064,0.03539803,0,0.00000000,10587,0.19025626,3848328,304546,0.07913723,success,258,844,-0.53176044,666,0.01558624,288,0.00674000,87,0.00203604,628,0.01469693,328,0.00767611,,,0.00603791,0.01975193,-0.01371402,0.02578984,2568,42730,warning_denominator_zero,warning_denominator_zero,success,exact-then-unique-porter-1.0.0,baek-smart-porter-1.0.0
S2020-059,0001067983,BRK-B,Berkshire Hathaway,0001564590-21-009611,2020,2021-03-01,1.0.3,0.3.0,0,0,0.00000000,57274,3183,0,0.00000000,success,,,,,,,,,,,0,warning_denominator_zero,,,,,,,,,warning_denominator_zero,,,,,,0,0,0,,0,0,warning_denominator_zero,2.94680728,2.86000000,0.83963642,1.26000000,5.00000000,23729,32784,9055,0.72379819,2483,5963,warning_stem_collisions,57311,10.95624786,3183,1175,18.00534087,20.63897428,0.04466856,0,0.00000000,13592,0.19169852,12645381,397282,0.03141716,success,255,1246,-0.66022652,815,0.01514251,227,0.00421761,75,0.00139348,778,0.01445506,294,0.00546245,,,0.00473784,0.02315038,-0.01841255,0.02788822,3225,53822,warning_denominator_zero,warning_denominator_zero,success,exact-then-unique-porter-1.0.0,baek-smart-porter-1.0.0
S2020-060,0000764478,BBY,Best Buy,0000764478-20-000017,2020,2020-03-23,1.0.3,0.3.0,0,0,0.00000000,37931,1998,0,0.00000000,success,,,,,,,,,,,0,warning_denominator_zero,,,,,,,,,warning_denominator_zero,,,,,,0,0,0,,0,0,warning_denominator_zero,2.89293090,2.81000000,0.81656345,1.26000000,5.00000000,15224,19789,4565,0.76931629,1932,3494,warning_stem_collisions,37725,10.53807828,1998,943,18.88138138,19.23844345,0.03557323,0,0.00000000,7095,0.15829987,9086723,249913,0.02750309,success,318,582,-0.29333333,576,0.01604457,273,0.00760446,171,0.00476323,245,0.00682451,272,0.00757660,,,0.00885794,0.01621170,-0.00735376,0.02506964,1941,35900,warning_denominator_zero,warning_denominator_zero,success,exact-then-unique-porter-1.0.0,baek-smart-porter-1.0.0
S2020-061,0000012208,BIO,Bio-Rad Laboratories,0000012208-21-000012,2020,2021-02-16,1.0.3,0.3.0,0,0,0.00000000,37427,1767,0,0.00000000,success,,,,,,,,,,,0,warning_denominator_zero,,,,,,,,,warning_denominator_zero,,,,,,0,0,0,,0,0,warning_denominator_zero,2.84269549,2.74000000,0.77518787,1.27000000,5.00000000,14502,19212,4710,0.75484072,1879,3636,warning_stem_collisions,37352,10.52814174,1767,683,21.13865308,20.54174128,0.03539302,0,0.00000000,7341,0.16425391,3290531,247768,0.07529727,success,145,733,-0.66970387,673,0.01889494,304,0.00853501,96,0.00269527,382,0.01072491,337,0.00946151,,,0.00407098,0.02057948,-0.01650851,0.02465046,2243,35618,warning_denominator_zero,warning_denominator_zero,success,exact-then-unique-porter-1.0.0,baek-smart-porter-1.0.0
S2020-062,0000875045,BIIB,Biogen,0000875045-21-000010,2020,2021-02-03,1.0.3,0.3.0,0,0,0.00000000,85773,4382,0,0.00000000,success,,,,,,,,,,,0,warning_denominator_zero,,,,,,,,,warning_denominator_zero,,,,,,0,0,0,,0,0,warning_denominator_zero,2.86036978,2.77000000,0.77010146,1.19000000,5.00000000,32533,44589,12056,0.72961941,2498,7358,warning_stem_collisions,85746,11.35914472,4382,2209,19.56777727,19.93707925,0.03818254,0,0.00000000,12607,0.12818114,5145141,573940,0.11154991,success,719,1289,-0.28386454,1450,0.01776678,654,0.00801343,206,0.00252411,829,0.01015770,622,0.00762133,,,0.00880987,0.01579405,-0.00698418,0.02460392,4819,81613,warning_denominator_zero,warning_denominator_zero,success,exact-then-unique-porter-1.0.0,baek-smart-porter-1.0.0
S2020-063,0000012927,BA,Boeing,0000012927-21-000011,2020,2021-02-01,1.0.3,0.3.0,0,0,0.00000000,58387,2834,0,0.00000000,success,,,,,,,,,,,0,warning_denominator_zero,,,,,,,,,warning_denominator_zero,,,,,,0,0,0,,0,0,warning_denominator_zero,2.89469837,2.81000000,0.80524449,1.26000000,5.00000000,22561,30561,8000,0.73822846,2042,6143,warning_stem_collisions,58628,10.97896768,2834,1094,20.68736768,20.26377434,0.04665006,0,0.00000000,10955,0.15743788,4538701,388400,0.08557515,success,305,1162,-0.58418541,882,0.01599971,358,0.00649421,177,0.00321083,647,0.01173675,478,0.00867104,,,0.00553278,0.02107898,-0.01554620,0.02661176,3471,55126,warning_denominator_zero,warning_denominator_zero,success,exact-then-unique-porter-1.0.0,baek-smart-porter-1.0.0
S2020-064,0001075531,BKNG,Booking Holdings,0001075531-21-000019,2020,2021-02-24,1.0.3,0.3.0,1,3,0.03758692,79815,3017,3,0.00099437,success,3,0.01428571,0,0.00000000,2,0.00952381,1,0.00476190,1,0.00476190,210,success,3,1,0.01428571,0.00476190,0.50000000,0.01904762,0.00952381,9,success,2.89706522,2.89000000,0.73283182,1.62000000,4.82000000,92,114,22,0.80701754,69,15,warning_stem_collisions,2.91093728,2.82000000,0.81983993,1.23000000,5.00000000,30802,41172,10370,0.74812980,2334,7826,warning_stem_collisions,80005,11.28984441,3017,1092,26.51806430,22.14405011,0.03297294,3,0.03749766,7058,0.08106773,3502567,529102,0.15106121,success,522,1711,-0.53246753,1430,0.01875041,742,0.00972923,187,0.00245198,751,0.00984724,683,0.00895562,,,0.00684456,0.02243493,-0.01559038,0.02927949,4934,76265,warning_stem_collisions,success,success,exact-then-unique-porter-1.0.0,baek-smart-porter-1.0.0
S2020-065,0000908255,BWA,BorgWarner,0000908255-21-000008,2020,2021-02-22,1.0.3,0.3.0,0,0,0.00000000,46598,2295,0,0.00000000,success,,,,,,,,,,,0,warning_denominator_zero,,,,,,,,,warning_denominator_zero,,,,,,0,0,0,,0,0,warning_denominator_zero,2.89084363,2.79000000,0.80016645,1.19000000,5.00000000,18539,24876,6337,0.74525647,1869,4495,warning_stem_collisions,46424,10.74557185,2295,944,20.22832244,21.60413362,0.04030243,0,0.00000000,12013,0.20557181,4791098,315735,0.06590034,success,245,792,-0.52748312,857,0.01957560,294,0.00671555,113,0.00258115,364,0.00831449,295,0.00673839,,,0.00559629,0.01809087,-0.01249458,0.02368716,2506,43779,warning_denominator_zero,warning_denominator_zero,success,exact-then-unique-porter-1.0.0,baek-smart-porter-1.0.0
S2020-066,0000885725,BSX,Boston Scientific,0000885725-21-000008,2020,2021-02-23,1.0.3,0.3.0,0,0,0.00000000,72477,3185,0,0.00000000,success,,,,,,,,,,,0,warning_denominator_zero,,,,,,,,,warning_denominator_zero,,,,,,0,0,0,,0,0,warning_denominator_zero,2.87893177,2.76000000,0.80226193,1.04000000,5.00000000,28449,38222,9773,0.74430956,2639,6813,warning_stem_collisions,72364,11.18946422,3185,1265,22.72025118,21.56729726,0.03474103,0,0.00000000,15174,0.17334186,4642144,483906,0.10424192,success,483,1519,-0.51748252,1173,0.01698941,446,0.00645974,142,0.00205669,896,0.01297742,550,0.00796605,,,0.00699564,0.02200078,-0.01500514,0.02899642,4398,69043,warning_denominator_zero,warning_denominator_zero,success,exact-then-unique-porter-1.0.0,baek-smart-porter-1.0.0
S2020-067,0000014272,BMY,Bristol Myers Squibb,0000014272-21-000066,2020,2021-02-10,1.0.3,0.3.0,0,0,0.00000000,63653,3208,0,0.00000000,success,,,,,,,,,,,0,warning_denominator_zero,,,,,,,,,warning_denominator_zero,,,,,,0,0,0,,0,0,warning_denominator_zero,2.88869685,2.79000000,0.80403952,1.26000000,5.00000000,24387,34042,9655,0.71637977,2484,6089,warning_stem_collisions,63799,11.06349280,3208,1106,19.88746883,21.46470887,0.02924811,0,0.00000000,21752,0.25425769,5654027,428993,0.07587389,success,560,1432,-0.43775100,1027,0.01683082,445,0.00729281,128,0.00209771,1054,0.01727331,427,0.00699782,,,0.00917747,0.02346810,-0.01429063,0.03264557,4272,61019,warning_denominator_zero,warning_denominator_zero,success,exact-then-unique-porter-1.0.0,baek-smart-porter-1.0.0
S2020-068,0001730168,AVGO,Broadcom,0001730168-20-000226,2020,2020-12-18,1.0.3,0.3.0,1,5,0.08390951,59588,2900,3,0.00103448,success,1,0.00943396,1,0.00943396,1,0.00943396,0,0.00000000,1,0.00943396,106,success,1,4,0.00943396,0.03773585,-0.60000000,0.04716981,-0.02830189,8,success,3.06903226,2.93000000,0.85172446,1.50000000,4.96000000,62,77,15,0.80519481,52,10,warning_stem_collisions,2.85532910,2.80000000,0.79334261,1.19000000,5.00000000,23762,31556,7794,0.75301052,2263,5714,warning_stem_collisions,59506,10.99383243,2900,1127,20.51931034,20.29299514,0.03003059,5,0.08402514,12131,0.16933987,4280979,398446,0.09307357,success,292,1216,-0.61273210,1155,0.02023795,611,0.01070596,104,0.00182229,612,0.01072348,471,0.00825288,,,0.00511643,0.02130679,-0.01619036,0.02642323,3656,57071,warning_stem_collisions,success,success,exact-then-unique-porter-1.0.0,baek-smart-porter-1.0.0
S2020-069,0001383312,BR,Broadridge Financial Solutions,0001383312-20-000055,2020,2020-08-11,1.0.3,0.3.0,1,1,0.01992230,50195,2355,1,0.00042463,success,0,0.00000000,0,0.00000000,0,0.00000000,0,0.00000000,0,0.00000000,28,success,1,0,0.03571429,0.00000000,1.00000000,0.03571429,0.03571429,1,success,3.17000000,3.24000000,0.84882807,1.64000000,4.54000000,11,16,5,0.68750000,11,3,warning_stem_collisions,2.88571554,2.80000000,0.78091633,1.28000000,5.00000000,20502,27444,6942,0.74704854,1902,4903,warning_stem_collisions,50152,10.82281367,2355,984,21.29596603,21.41003965,0.03459483,1,0.01993938,8626,0.14675559,4875309,342608,0.07027411,success,295,613,-0.35022026,681,0.01433835,299,0.00629540,99,0.00208443,543,0.01143278,329,0.00692704,,,0.00621118,0.01290662,-0.00669544,0.01911780,2432,47495,warning_stem_collisions,success,success,exact-then-unique-porter-1.0.0,baek-smart-porter-1.0.0
S2020-070,0000014693,BF-B,Brown–Forman,0000014693-20-000066,2020,2020-06-19,1.0.3,0.3.0,0,0,0.00000000,31058,1894,0,0.00000000,success,,,,,,,,,,,0,warning_denominator_zero,,,,,,,,,warning_denominator_zero,,,,,,0,0,0,,0,0,warning_denominator_zero,2.89651536,2.76000000,0.84773878,1.19000000,5.00000000,12073,16144,4071,0.74783201,1992,3015,warning_stem_collisions,31002,10.34180700,1894,594,16.36853221,19.35659777,0.02877234,0,0.00000000,14338,0.31623291,3145393,205275,0.06526212,success,207,576,-0.47126437,602,0.02029259,267,0.00900020,61,0.00205623,196,0.00660689,249,0.00839345,,,0.00697768,0.01941617,-0.01243848,0.02639385,1792,29666,warning_denominator_zero,warning_denominator_zero,success,exact-then-unique-porter-1.0.0,baek-smart-porter-1.0.0
S2020-071,0001043277,CHRW,C.H. Robinson,0001043277-21-000009,2020,2021-02-19,1.0.3,0.3.0,1,1,0.03139225,31855,1773,1,0.00056402,success,0,0.00000000,0,0.00000000,0,0.00000000,0,0.00000000,0,0.00000000,34,success,0,1,0.00000000,0.02941176,-1.00000000,0.02941176,-0.02941176,1,success,3.15277778,3.07000000,0.90261229,1.85000000,4.55000000,18,22,4,0.81818182,16,4,warning_stem_collisions,2.97239685,2.86000000,0.84167144,1.19000000,5.00000000,12967,16913,3946,0.76668835,1798,3023,warning_stem_collisions,31928,10.37123865,1773,685,18.00789622,19.02786139,0.03476572,1,0.03132047,5519,0.14738163,2317775,213116,0.09194853,success,184,419,-0.38971808,481,0.01575087,213,0.00697492,55,0.00180103,324,0.01060973,223,0.00730238,,,0.00602528,0.01372061,-0.00769533,0.01974589,1592,30538,warning_stem_collisions,success,success,exact-then-unique-porter-1.0.0,baek-smart-porter-1.0.0
S2020-072,0001138118,CBRE,CBRE Group,0001138118-21-000012,2020,2021-02-24,1.0.3,0.3.0,0,0,0.00000000,60759,2604,0,0.00000000,success,,,,,,,,,,,0,warning_denominator_zero,,,,,,,,,warning_denominator_zero,,,,,,0,0,0,,0,0,warning_denominator_zero,2.86096441,2.74000000,0.78011504,1.19000000,5.00000000,23994,31583,7589,0.75971250,2043,5496,warning_stem_collisions,60613,11.01226467,2604,1148,23.27688172,21.33538846,0.04406645,0,0.00000000,9415,0.13444622,4208697,402887,0.09572725,success,273,970,-0.56074014,965,0.01682709,417,0.00727140,116,0.00202274,501,0.00873614,459,0.00800377,,,0.00476041,0.01691428,-0.01215387,0.02167469,3101,57348,warning_denominator_zero,warning_denominator_zero,success,exact-then-unique-porter-1.0.0,baek-smart-porter-1.0.0
S2020-073,0001402057,CDW,CDW Corporation,0001402057-21-000022,2020,2021-02-26,1.0.3,0.3.0,1,1,0.02667520,37488,1903,1,0.00052549,success,0,0.00000000,0,0.00000000,0,0.00000000,0,0.00000000,0,0.00000000,54,success,2,0,0.03703704,0.00000000,1.00000000,0.03703704,0.03703704,2,success,3.02217391,3.00000000,0.79669948,1.97000000,4.62000000,23,32,9,0.71875000,19,3,warning_stem_collisions,2.90831123,2.85500000,0.80013573,1.26000000,5.00000000,14928,19672,4744,0.75884506,1781,3588,warning_stem_collisions,37396,10.52931903,1903,913,19.65107725,20.58616727,0.03224944,1,0.02674083,8506,0.18530783,3321422,249518,0.07512385,success,198,523,-0.45076283,597,0.01672737,282,0.00790137,78,0.00218549,264,0.00739703,291,0.00815354,,,0.00554777,0.01465396,-0.00910619,0.02020174,1834,35690,warning_stem_collisions,success,success,exact-then-unique-porter-1.0.0,baek-smart-porter-1.0.0
S2020-074,0001324404,CF,CF Industries,0001324404-21-000008,2020,2021-02-24,1.0.3,0.3.0,0,0,0.00000000,63436,2973,0,0.00000000,success,,,,,,,,,,,0,warning_denominator_zero,,,,,,,,,warning_denominator_zero,,,,,,0,0,0,,0,0,warning_denominator_zero,2.95029368,2.87000000,0.81946455,1.19000000,5.00000000,24823,33615,8792,0.73845010,2165,6190,warning_stem_collisions,63449,11.05799171,2973,1303,21.34174235,20.20558126,0.04198648,0,0.00000000,11802,0.15683513,4793697,416060,0.08679314,success,256,970,-0.58238173,865,0.01435446,416,0.00690342,104,0.00172585,584,0.00969134,488,0.00809824,,,0.00424826,0.01609691,-0.01184866,0.02034517,3090,60260,warning_denominator_zero,warning_denominator_zero,success,exact-then-unique-porter-1.0.0,baek-smart-porter-1.0.0
S2020-075,0001156375,CME,CME Group,0001156375-21-000020,2020,2021-02-26,1.0.3,0.3.0,0,0,0.00000000,46363,2464,0,0.00000000,success,,,,,,,,,,,0,warning_denominator_zero,,,,,,,,,warning_denominator_zero,,,,,,0,0,0,,0,0,warning_denominator_zero,2.91601220,2.83000000,0.81829190,1.19000000,5.00000000,18030,24670,6640,0.73084718,2045,4779,warning_stem_collisions,46355,10.74408444,2464,1004,18.81290584,19.26444917,0.02653435,0,0.00000000,8493,0.15484612,3115178,307918,0.09884443,success,312,827,-0.45215101,867,0.01946172,373,0.00837280,106,0.00237940,563,0.01263777,402,0.00902377,,,0.00700352,0.01856383,-0.01156030,0.02556735,2919,44549,warning_denominator_zero,warning_denominator_zero,success,exact-then-unique-porter-1.0.0,baek-smart-porter-1.0.0
S2020-076,0000811156,CMS,CMS Energy,0000811156-21-000016,2020,2021-02-11,1.0.3,0.3.0,0,0,0.00000000,72851,3816,0,0.00000000,success,,,,,,,,,,,0,warning_denominator_zero,,,,,,,,,warning_denominator_zero,,,,,,0,0,0,,0,0,warning_denominator_zero,2.92652386,2.87000000,0.79507535,1.26000000,5.00000000,28500,40908,12408,0.69668524,2067,8076,warning_stem_collisions,72701,11.19411042,3816,1641,19.05162474,20.99336138,0.04404341,0,0.00000000,17039,0.18987074,7618998,489173,0.06420437,success,244,879,-0.56544969,831,0.01216905,373,0.00546216,161,0.00235766,986,0.01443885,613,0.00897669,,,0.00357310,0.01287195,-0.00929885,0.01644506,3577,68288,warning_denominator_zero,warning_denominator_zero,success,exact-then-unique-porter-1.0.0,baek-smart-porter-1.0.0
S2020-077,0000277948,CSX,CSX Corporation,0000277948-21-000014,2020,2021-02-10,1.0.3,0.3.0,0,0,0.00000000,34281,2309,0,0.00000000,success,,,,,,,,,,,0,warning_denominator_zero,,,,,,,,,warning_denominator_zero,,,,,,0,0,0,,0,0,warning_denominator_zero,3.01236150,2.90000000,0.85048569,1.19000000,5.00000000,13809,18902,5093,0.73055761,1800,3317,warning_stem_collisions,34267,10.44193807,2309,1218,14.84062365,18.20012877,0.04441591,0,0.00000000,8064,0.19049869,2959630,229629,0.07758706,success,128,463,-0.56683587,405,0.01265981,184,0.00575162,55,0.00171923,309,0.00965897,233,0.00728330,,,0.00400113,0.01447282,-0.01047170,0.01847395,1492,31991,warning_denominator_zero,warning_denominator_zero,success,exact-then-unique-porter-1.0.0,baek-smart-porter-1.0.0
S2020-078,0000064803,CVS,CVS Health,0000064803-21-000011,2020,2021-02-16,1.0.3,0.3.0,1,2,0.01934498,103386,4209,2,0.00047517,success,0,0.00000000,0,0.00000000,0,0.00000000,0,0.00000000,0,0.00000000,50,success,1,0,0.02000000,0.00000000,1.00000000,0.02000000,0.02000000,1,success,2.85318182,2.77500000,0.72995259,1.80000000,4.45000000,22,29,7,0.75862069,19,7,warning_stem_collisions,2.87618218,2.79000000,0.79385442,1.26000000,5.00000000,41453,57104,15651,0.72592113,2635,11243,warning_stem_collisions,103588,11.54817677,4209,1768,24.61107151,22.43983939,0.02892227,2,0.01930726,13042,0.11182372,5818574,703413,0.12089096,success,538,2263,-0.61585148,1641,0.01660679,721,0.00729646,186,0.00188231,1576,0.01594900,897,0.00907757,,,0.00544452,0.02290138,-0.01745686,0.02834590,6551,98815,warning_stem_collisions,success,success,exact-then-unique-porter-1.0.0,baek-smart-porter-1.0.0
S2020-079,0000858470,COG,Cabot Oil & Gas,0000858470-21-000013,2020,2021-02-26,1.0.3,0.3.0,0,0,0.00000000,49730,2421,0,0.00000000,success,,,,,,,,,,,0,warning_denominator_zero,,,,,,,,,warning_denominator_zero,,,,,,0,0,0,,0,0,warning_denominator_zero,2.92424262,2.79000000,0.85234148,1.04000000,5.00000000,19792,26220,6428,0.75484363,2226,5066,warning_stem_collisions,49603,10.81180659,2421,1027,20.48864106,20.41836281,0.03146987,0,0.00000000,7446,0.13051938,3484477,329801,0.09464864,success,186,925,-0.66516652,954,0.02004665,436,0.00916178,105,0.00220639,590,0.01239782,504,0.01059068,,,0.00390847,0.01943726,-0.01552880,0.02334573,3108,47589,warning_denominator_zero,warning_denominator_zero,success,exact-then-unique-porter-1.0.0,baek-smart-porter-1.0.0
S2020-080,0000016732,CPB,Campbell's,0000016732-20-000111,2020,2020-09-24,1.0.3,0.3.0,0,0,0.00000000,43533,2342,0,0.00000000,success,,,,,,,,,,,0,warning_denominator_zero,,,,,,,,,warning_denominator_zero,,,,,,0,0,0,,0,0,warning_denominator_zero,2.93415079,2.86000000,0.82119562,1.30000000,5.00000000,17057,22598,5541,0.75480131,1732,4259,warning_stem_collisions,43110,10.67151027,2342,984,18.40734415,19.34640622,0.05611227,0,0.00000000,10181,0.19104539,5816664,287570,0.04943899,success,202,784,-0.59026369,703,0.01752505,241,0.00600788,79,0.00196939,360,0.00897442,352,0.00877499,,,0.00503565,0.01954430,-0.01450865,0.02457995,2293,40114,warning_denominator_zero,warning_denominator_zero,success,exact-then-unique-porter-1.0.0,baek-smart-porter-1.0.0
S2020-081,0000927628,COF,Capital One,0000927628-21-000094,2020,2021-02-25,1.0.3,0.3.0,1,3,0.03337227,89895,4646,2,0.00043048,success,0,0.00000000,0,0.00000000,0,0.00000000,0,0.00000000,0,0.00000000,48,success,0,2,0.00000000,0.04166667,-1.00000000,0.04166667,-0.04166667,2,success,2.87636364,2.93000000,0.72492975,1.83000000,4.36000000,22,28,6,0.78571429,18,4,warning_stem_collisions,2.85718216,2.72000000,0.79338332,1.26000000,4.97000000,36709,48402,11693,0.75841907,2374,8500,warning_stem_collisions,89972,11.40725379,4646,2040,19.36547568,20.99586395,0.03546659,3,0.03334371,27164,0.23190138,10715968,605026,0.05646023,success,341,1974,-0.70539957,1586,0.01850620,561,0.00654601,161,0.00187862,845,0.00985986,698,0.00814460,,,0.00397895,0.02303357,-0.01905462,0.02701252,5384,85701,warning_stem_collisions,success,success,exact-then-unique-porter-1.0.0,baek-smart-porter-1.0.0
S2020-082,0001170010,KMX,CarMax,0001170010-20-000033,2020,2020-04-21,1.0.3,0.3.0,1,1,0.02639846,37881,2176,1,0.00045956,success,0,0.00000000,0,0.00000000,0,0.00000000,0,0.00000000,0,0.00000000,21,success,0,0,0.00000000,0.00000000,,0.00000000,0.00000000,0,success,3.06222222,3.14000000,0.82289162,1.80000000,4.25000000,9,12,3,0.75000000,9,2,warning_stem_collisions,2.92520538,2.86000000,0.82740190,1.19000000,5.00000000,15313,20099,4786,0.76187870,1788,3434,warning_stem_collisions,37773,10.53934984,2176,663,17.35891544,19.25503971,0.03213936,1,0.02647394,12250,0.24488735,3367558,248580,0.07381610,success,172,672,-0.59241706,574,0.01593073,261,0.00724376,68,0.00188726,264,0.00732702,242,0.00671644,,,0.00477367,0.01865061,-0.01387694,0.02342427,1897,36031,warning_stem_collisions,success,success,exact-then-unique-porter-1.0.0,baek-smart-porter-1.0.0
S2020-083,0000721371,CAH,Cardinal Health,0000721371-20-000089,2020,2020-08-13,1.0.3,0.3.0,0,0,0.00000000,50933,2670,0,0.00000000,success,,,,,,,,,,,0,warning_denominator_zero,,,,,,,,,warning_denominator_zero,,,,,,0,0,0,,0,0,warning_denominator_zero,2.85430057,2.77000000,0.79364043,1.26000000,4.97000000,20095,26614,6519,0.75505373,1706,4926,warning_stem_collisions,50512,10.82996621,2670,888,18.91835206,20.45433228,0.03741685,0,0.00000000,17309,0.25521594,3569562,338017,0.09469425,success,206,1325,-0.73089484,898,0.01867837,341,0.00709279,83,0.00172640,866,0.01801277,419,0.00871519,,,0.00428479,0.02755996,-0.02327516,0.03184475,3395,48077,warning_denominator_zero,warning_denominator_zero,success,exact-then-unique-porter-1.0.0,baek-smart-porter-1.0.0
S2020-084,0000815097,CCL,Carnival Corporation,0000815097-21-000027,2020,2021-01-26,1.0.3,0.3.0,0,0,0.00000000,52361,2803,0,0.00000000,success,,,,,,,,,,,0,warning_denominator_zero,,,,,,,,,warning_denominator_zero,,,,,,0,0,0,,0,0,warning_denominator_zero,2.97461984,2.86000000,0.86068689,1.19000000,5.00000000,20202,27034,6832,0.74728120,2223,4885,warning_stem_collisions,52262,10.86402481,2803,1385,18.64502319,18.84784091,0.03713980,0,0.00000000,9838,0.15842190,3817608,342499,0.08971560,success,317,856,-0.45950554,684,0.01373136,282,0.00566117,134,0.00269006,521,0.01045912,600,0.01204505,,,0.00636380,0.01718427,-0.01082047,0.02354807,2889,49813,warning_denominator_zero,warning_denominator_zero,success,exact-then-unique-porter-1.0.0,baek-smart-porter-1.0.0
S2020-085,0001783180,CARR,Carrier Global,0001783180-21-000011,2020,2021-02-09,1.0.3,0.3.0,1,2,0.03636364,55000,2401,1,0.00041649,success,0,0.00000000,0,0.00000000,0,0.00000000,0,0.00000000,0,0.00000000,18,success,0,0,0.00000000,0.00000000,,0.00000000,0.00000000,0,success,3.28428571,3.14000000,0.78208252,2.24000000,4.25000000,7,13,6,0.53846154,7,5,warning_stem_collisions,2.89151518,2.82000000,0.80844158,1.26000000,5.00000000,21674,29069,7395,0.74560528,2075,5357,warning_stem_collisions,54813,10.91168267,2401,978,22.82923782,21.14226841,0.03696203,2,0.03648769,8555,0.13500505,3793474,367188,0.09679465,success,265,1067,-0.60210210,988,0.01898284,439,0.00843468,106,0.00203662,682,0.01310354,506,0.00972198,,,0.00509155,0.02050070,-0.01540915,0.02559225,3334,52047,warning_stem_collisions,success,success,exact-then-unique-porter-1.0.0,baek-smart-porter-1.0.0
S2020-086,0000018230,CAT,Caterpillar Inc.,0000018230-21-000063,2020,2021-02-17,1.0.3,0.3.0,0,0,0.00000000,50119,2632,0,0.00000000,success,,,,,,,,,,,0,warning_denominator_zero,,,,,,,,,warning_denominator_zero,,,,,,0,0,0,,0,0,warning_denominator_zero,2.93146664,2.80000000,0.82743941,1.19000000,5.00000000,20789,27421,6632,0.75814157,2018,4934,warning_stem_collisions,50121,10.82219536,2632,1063,19.04293313,21.06924107,0.03529459,0,0.00000000,18877,0.27358764,8443080,338588,0.04010243,success,186,852,-0.64161850,781,0.01642205,305,0.00641322,65,0.00136675,406,0.00853694,357,0.00750662,,,0.00391101,0.01791497,-0.01400395,0.02182598,2511,47558,warning_denominator_zero,warning_denominator_zero,success,exact-then-unique-porter-1.0.0,baek-smart-porter-1.0.0
S2020-087,0001374310,CBOE,Cboe Global Markets,0001558370-21-001286,2020,2021-02-19,1.0.3,0.3.0,0,0,0.00000000,77929,3761,0,0.00000000,success,,,,,,,,,,,0,warning_denominator_zero,,,,,,,,,warning_denominator_zero,,,,,,0,0,0,,0,0,warning_denominator_zero,2.90503841,2.82000000,0.79901129,1.19000000,5.00000000,29291,40691,11400,0.71983977,2291,7100,warning_stem_collisions,77820,11.26215375,3761,1152,20.69130550,20.43448044,0.03675148,0,0.00000000,21029,0.21273862,6869302,506676,0.07375946,success,333,1366,-0.60800471,1183,0.01600812,590,0.00798376,163,0.00220568,980,0.01326116,707,0.00956698,,,0.00450609,0.01848444,-0.01397835,0.02299053,4415,73900,warning_denominator_zero,warning_denominator_zero,success,exact-then-unique-porter-1.0.0,baek-smart-porter-1.0.0
S2020-088,0001306830,CE,Celanese,0001306830-21-000020,2020,2021-02-11,1.0.3,0.3.0,0,0,0.00000000,45951,2452,0,0.00000000,success,,,,,,,,,,,0,warning_denominator_zero,,,,,,,,,warning_denominator_zero,,,,,,0,0,0,,0,0,warning_denominator_zero,2.91461385,2.82000000,0.83011339,1.19000000,5.00000000,18063,24641,6578,0.73304655,2171,4562,warning_stem_collisions,45533,10.72619262,2452,1052,18.56973899,20.97375647,0.02918762,0,0.00000000,12089,0.20979834,4674976,309842,0.06627670,success,247,780,-0.51898734,763,0.01749198,326,0.00747364,83,0.00190280,484,0.01109583,378,0.00866575,,,0.00566254,0.01788171,-0.01221917,0.02354425,2613,43620,warning_denominator_zero,warning_denominator_zero,success,exact-then-unique-porter-1.0.0,baek-smart-porter-1.0.0
S2020-089,0001071739,CNC,Centene Corporation,0001071739-21-000039,2020,2021-02-22,1.0.3,0.3.0,1,4,0.06605783,60553,2819,3,0.00106421,success,1,0.01851852,0,0.00000000,0,0.00000000,0,0.00000000,0,0.00000000,54,success,0,0,0.00000000,0.00000000,,0.00000000,0.00000000,1,success,2.89322581,2.93000000,0.67688750,1.63000000,4.48000000,31,39,8,0.79487179,16,3,warning_stem_collisions,2.83168119,2.74000000,0.76368875,1.26000000,5.00000000,24322,32647,8325,0.74499954,2466,5983,warning_stem_collisions,60189,11.00524489,2819,1164,21.35118836,20.97654806,0.03045407,4,0.06645733,7571,0.11173259,3537466,406580,0.11493538,success,391,1290,-0.53480071,1009,0.01750976,496,0.00860738,134,0.00232538,970,0.01683297,487,0.00845119,,,0.00678525,0.02238612,-0.01560087,0.02917137,3944,57625,warning_stem_collisions,success,success,exact-then-unique-porter-1.0.0,baek-smart-porter-1.0.0
S2020-090,0001130310,CNP,CenterPoint Energy,0001130310-21-000009,2020,2021-02-25,1.0.3,0.3.0,0,0,0.00000000,98455,4428,0,0.00000000,success,,,,,,,,,,,0,warning_denominator_zero,,,,,,,,,warning_denominator_zero,,,,,,0,0,0,,0,0,warning_denominator_zero,2.88240325,2.81000000,0.80283310,1.19000000,5.00000000,38502,53980,15478,0.71326417,2490,9628,warning_stem_collisions,98262,11.49539266,4428,1806,22.19105691,23.18231556,0.03292219,0,0.00000000,29203,0.22910603,9838266,664224,0.06751434,success,548,1616,-0.49353050,1444,0.01546337,706,0.00756034,247,0.00264505,1282,0.01372856,866,0.00927374,,,0.00586837,0.01730526,-0.01143689,0.02317363,5687,93382,warning_denominator_zero,warning_denominator_zero,success,exact-then-unique-porter-1.0.0,baek-smart-porter-1.0.0
S2020-091,0000316709,SCHW,Charles Schwab Corporation,0000316709-21-000012,2020,2021-02-24,1.0.3,0.3.0,0,0,0.00000000,62317,3468,0,0.00000000,success,,,,,,,,,,,0,warning_denominator_zero,,,,,,,,,warning_denominator_zero,,,,,,0,0,0,,0,0,warning_denominator_zero,2.92523084,2.81000000,0.79506577,1.19000000,5.00000000,24952,34559,9607,0.72201163,2102,5815,warning_stem_collisions,61838,11.03227334,3468,1746,17.83102653,20.02949000,0.03942560,0,0.00000000,16680,0.21243537,6601335,418861,0.06345095,success,249,887,-0.56161972,864,0.01482498,306,0.00525051,120,0.00205903,490,0.00840769,546,0.00936857,,,0.00427248,0.01521963,-0.01094715,0.01949211,2988,58280,warning_denominator_zero,warning_denominator_zero,success,exact-then-unique-porter-1.0.0,baek-smart-porter-1.0.0
S2020-092,0001091667,CHTR,Charter Communications,0001091667-21-000022,2020,2021-01-29,1.0.3,0.3.0,0,0,0.00000000,51966,2726,0,0.00000000,success,,,,,,,,,,,0,warning_denominator_zero,,,,,,,,,warning_denominator_zero,,,,,,0,0,0,,0,0,warning_denominator_zero,2.95489619,2.90000000,0.81251147,1.26000000,5.00000000,20904,27819,6915,0.75142888,2207,5066,warning_stem_collisions,51997,10.85894130,2726,1148,19.07446809,20.33942441,0.03917534,0,0.00000000,16525,0.24116342,3590209,348268,0.09700494,success,234,633,-0.46020761,610,0.01239057,291,0.00591091,109,0.00221405,454,0.00922183,477,0.00968902,,,0.00475310,0.01285775,-0.00810465,0.01761085,2388,49231,warning_denominator_zero,warning_denominator_zero,success,exact-then-unique-porter-1.0.0,baek-smart-porter-1.0.0
S2020-093,0000093410,CVX,Chevron Corporation,0000093410-21-000009,2020,2021-02-25,1.0.3,0.3.0,0,0,0.00000000,48233,2579,0,0.00000000,success,,,,,,,,,,,0,warning_denominator_zero,,,,,,,,,warning_denominator_zero,,,,,,0,0,0,,0,0,warning_denominator_zero,3.00893388,2.85000000,0.88690961,1.26000000,5.00000000,18572,26145,7573,0.71034615,2080,4903,warning_stem_collisions,48084,10.78070476,2579,1063,18.64443583,20.98544151,0.05003743,0,0.00000000,18174,0.27429141,6836700,322696,0.04720055,success,217,658,-0.50400000,643,0.01441607,225,0.00504450,43,0.00096406,401,0.00899043,387,0.00867655,,,0.00486514,0.01475237,-0.00988723,0.01961751,2170,44603,warning_denominator_zero,warning_denominator_zero,success,exact-then-unique-porter-1.0.0,baek-smart-porter-1.0.0
S2020-094,0001058090,CMG,Chipotle Mexican Grill,0001058090-21-000010,2020,2021-02-10,1.0.3,0.3.0,0,0,0.00000000,29495,1426,0,0.00000000,success,,,,,,,,,,,0,warning_denominator_zero,,,,,,,,,warning_denominator_zero,,,,,,0,0,0,,0,0,warning_denominator_zero,2.93161590,2.82000000,0.87320916,1.26000000,5.00000000,12049,15463,3414,0.77921490,1879,2615,warning_stem_collisions,29424,10.28956595,1426,613,20.63394109,20.57911304,0.03218461,0,0.00000000,5501,0.15750895,4751420,195939,0.04123799,success,186,720,-0.58940397,502,0.01781279,276,0.00979349,59,0.00209353,306,0.01085799,249,0.00883543,,,0.00659996,0.02554822,-0.01894826,0.03214818,1863,28182,warning_denominator_zero,warning_denominator_zero,success,exact-then-unique-porter-1.0.0,baek-smart-porter-1.0.0
S2020-095,0000896159,CB,Chubb Limited,0000896159-21-000003,2020,2021-02-25,1.0.3,0.3.0,0,0,0.00000000,86201,4326,0,0.00000000,success,,,,,,,,,,,0,warning_denominator_zero,,,,,,,,,warning_denominator_zero,,,,,,0,0,0,,0,0,warning_denominator_zero,2.80900069,2.71000000,0.76743884,1.25000000,5.00000000,35985,47383,11398,0.75944959,2510,7755,warning_stem_collisions,86280,11.36535310,4326,1979,19.94452150,21.47929589,0.02884794,0,0.00000000,25658,0.22921617,12579409,582165,0.04627920,success,444,2486,-0.69692833,1601,0.01935585,496,0.00599657,173,0.00209154,1071,0.01294823,601,0.00726600,,,0.00536789,0.03005537,-0.02468748,0.03542327,6031,82714,warning_denominator_zero,warning_denominator_zero,success,exact-then-unique-porter-1.0.0,baek-smart-porter-1.0.0
S2020-096,0000313927,CHD,Church & Dwight,0001564590-21-006669,2020,2021-02-18,1.0.3,0.3.0,0,0,0.00000000,44644,2224,0,0.00000000,success,,,,,,,,,,,0,warning_denominator_zero,,,,,,,,,warning_denominator_zero,,,,,,0,0,0,,0,0,warning_denominator_zero,2.95022995,2.85000000,0.85382933,1.19000000,5.00000000,17482,23212,5730,0.75314493,2188,4256,warning_stem_collisions,44325,10.69930413,2224,817,19.93030576,20.28537170,0.03284828,0,0.00000000,10833,0.19639943,5160512,295971,0.05735303,success,204,810,-0.59763314,772,0.01819853,371,0.00874567,79,0.00186229,380,0.00895783,313,0.00737842,,,0.00480894,0.01909432,-0.01428538,0.02390326,2419,42421,warning_denominator_zero,warning_denominator_zero,success,exact-then-unique-porter-1.0.0,baek-smart-porter-1.0.0
S2020-097,0001739940,CI,Cigna,0001739940-21-000007,2020,2021-02-25,1.0.3,0.3.0,1,2,0.02624224,76213,3806,2,0.00052549,success,1,0.01063830,0,0.00000000,0,0.00000000,0,0.00000000,0,0.00000000,94,success,4,1,0.04255319,0.01063830,0.60000000,0.05319149,0.03191489,6,success,2.88818182,2.73000000,0.73119850,1.66000000,4.69000000,44,57,13,0.77192982,38,8,warning_stem_collisions,2.86445592,2.74000000,0.78907070,1.19000000,5.00000000,31769,42781,11012,0.74259601,2548,8257,warning_stem_collisions,75933,11.23760665,3806,1517,19.95086705,21.86867682,0.02533813,2,0.02633901,20773,0.21480570,6746861,523403,0.07757726,success,503,1461,-0.48778004,1167,0.01600933,480,0.00658481,140,0.00192057,1281,0.01757322,581,0.00797037,,,0.00690034,0.02004253,-0.01314219,0.02694286,4757,72895,warning_stem_collisions,success,success,exact-then-unique-porter-1.0.0,baek-smart-porter-1.0.0
S2020-098,0000020286,CINF,Cincinnati Financial,0000020286-21-000013,2020,2021-02-25,1.0.3,0.3.0,0,0,0.00000000,71439,3782,0,0.00000000,success,,,,,,,,,,,0,warning_denominator_zero,,,,,,,,,warning_denominator_zero,,,,,,0,0,0,,0,0,warning_denominator_zero,2.85133810,2.76000000,0.77480043,1.19000000,5.00000000,29796,38733,8937,0.76926652,2352,6615,warning_stem_collisions,70831,11.16805204,3782,1573,18.72845056,20.96146244,0.04572857,0,0.00000000,19229,0.21351321,8404156,477562,0.05682450,success,593,2255,-0.58356742,1276,0.01915168,395,0.00592862,112,0.00168103,806,0.01209738,383,0.00574851,,,0.00890043,0.03384565,-0.02494522,0.04274608,4980,66626,warning_denominator_zero,warning_denominator_zero,success,exact-then-unique-porter-1.0.0,baek-smart-porter-1.0.0
S2020-099,0000723254,CTAS,Cintas,0000723254-20-000025,2020,2020-07-29,1.0.3,0.3.0,0,0,0.00000000,31087,1544,0,0.00000000,success,,,,,,,,,,,0,warning_denominator_zero,,,,,,,,,warning_denominator_zero,,,,,,0,0,0,,0,0,warning_denominator_zero,2.84459670,2.74000000,0.79704556,1.26000000,5.00000000,12063,16350,4287,0.73779817,1449,3248,warning_stem_collisions,31099,10.34493094,1544,505,20.14183938,20.10489724,0.04678607,0,0.00000000,7001,0.18375328,3715256,205855,0.05540803,success,99,530,-0.68521463,554,0.01887886,318,0.01083660,66,0.00224911,292,0.00995059,283,0.00964389,,,0.00337366,0.01806100,-0.01468734,0.02143466,1679,29345,warning_denominator_zero,warning_denominator_zero,success,exact-then-unique-porter-1.0.0,baek-smart-porter-1.0.0
S2020-100,0000858877,CSCO,Cisco,0000858877-20-000010,2020,2020-09-03,1.0.3,0.3.0,1,5,0.09798158,51030,2546,3,0.00117832,success,0,0.00000000,0,0.00000000,0,0.00000000,0,0.00000000,0,0.00000000,80,success,3,0,0.03750000,0.00000000,1.00000000,0.03750000,0.03750000,3,success,2.85351351,2.86000000,0.74087682,1.63000000,4.68000000,37,50,13,0.74000000,32,6,warning_stem_collisions,2.86401269,2.79000000,0.79939616,1.19000000,5.00000000,19852,26391,6539,0.75222614,1982,5056,warning_stem_collisions,50771,10.83508060,2546,818,19.94147683,20.13501603,0.02562486,5,0.09848142,12975,0.20354218,4917842,340676,0.06927347,success,326,1125,-0.55065472,1005,0.02056056,469,0.00959493,127,0.00259820,510,0.01043372,402,0.00822422,,,0.00666939,0.02301555,-0.01634615,0.02968494,3254,48880,warning_stem_collisions,success,success,exact-then-unique-porter-1.0.0,baek-smart-porter-1.0.0
S2020-101,0000831001,C,Citigroup,0000831001-21-000042,2020,2021-02-26,1.0.3,0.3.0,1,1,0.00568744,175826,8012,1,0.00012481,success,0,0.00000000,0,0.00000000,0,0.00000000,0,0.00000000,0,0.00000000,36,success,1,0,0.02777778,0.00000000,1.00000000,0.02777778,0.02777778,1,success,3.08312500,2.90000000,0.76620590,1.80000000,4.48000000,16,21,5,0.76190476,15,4,warning_stem_collisions,2.85003602,2.72000000,0.79615737,1.19000000,5.00000000,68854,96089,27235,0.71656485,2739,17124,warning_stem_collisions,176210,12.07943174,8012,3197,21.99326011,21.37057346,0.03416378,1,0.00567505,41674,0.19126691,20763110,1181992,0.05692750,success,532,3856,-0.75752051,3178,0.01910085,776,0.00466402,344,0.00206756,2511,0.01509196,1160,0.00697199,,,0.00319750,0.02317586,-0.01997836,0.02637336,10661,166380,warning_stem_collisions,success,success,exact-then-unique-porter-1.0.0,baek-smart-porter-1.0.0
S2020-102,0000759944,CFG,Citizens Financial Group,0000759944-21-000034,2020,2021-02-23,1.0.3,0.3.0,1,2,0.02761744,72418,3377,1,0.00029612,success,0,0.00000000,0,0.00000000,0,0.00000000,0,0.00000000,0,0.00000000,39,success,1,0,0.02564103,0.00000000,1.00000000,0.02564103,0.02564103,1,success,3.11739130,3.03000000,0.77234379,1.80000000,4.54000000,23,28,5,0.82142857,23,4,warning_stem_collisions,2.86430092,2.74000000,0.80339080,1.19000000,5.00000000,29210,38834,9624,0.75217593,2446,6874,warning_stem_collisions,72373,11.18958858,3377,1412,21.43115191,21.62184056,0.03889572,2,0.02763462,20919,0.22423145,7809425,483061,0.06185615,success,341,1237,-0.56780735,1326,0.01936332,456,0.00665888,112,0.00163551,743,0.01084988,624,0.00911215,,,0.00497956,0.01806367,-0.01308411,0.02304322,4196,68480,warning_stem_collisions,success,success,exact-then-unique-porter-1.0.0,baek-smart-porter-1.0.0
S2020-103,0000021076,CLX,Clorox,0000021076-20-000016,2020,2020-08-13,1.0.3,0.3.0,0,0,0.00000000,20795,849,0,0.00000000,success,,,,,,,,,,,0,warning_denominator_zero,,,,,,,,,warning_denominator_zero,,,,,,0,0,0,,0,0,warning_denominator_zero,2.92604060,2.82000000,0.85143274,1.19000000,5.00000000,8029,11171,3142,0.71873601,1462,2299,warning_stem_collisions,20728,9.93924072,849,296,24.41460542,22.63025893,0.02180625,0,0.00000000,2273,0.09882179,948436,141802,0.14951141,success,147,601,-0.60695187,519,0.02621609,364,0.01838662,33,0.00166692,222,0.01121382,158,0.00798101,,,0.00742537,0.03035814,-0.02293277,0.03778350,1580,19797,warning_denominator_zero,warning_denominator_zero,success,exact-then-unique-porter-1.0.0,baek-smart-porter-1.0.0
S2020-104,0000021344,KO,Coca-Cola Company (The),0000021344-21-000008,2020,2021-02-25,1.0.3,0.3.0,1,1,0.01228215,81419,3582,1,0.00027917,success,0,0.00000000,0,0.00000000,0,0.00000000,0,0.00000000,0,0.00000000,85,success,2,0,0.02352941,0.00000000,1.00000000,0.02352941,0.02352941,2,success,3.02727273,2.94000000,0.74627671,1.72000000,4.79000000,33,46,13,0.71739130,26,10,warning_stem_collisions,2.93819316,2.82000000,0.82926381,1.19000000,5.00000000,32554,42817,10263,0.76030549,2425,7531,warning_stem_collisions,81070,11.30306826,3582,1401,22.63260748,21.63101430,0.03323054,1,0.01233502,17354,0.17631878,5469179,536393,0.09807560,success,525,1399,-0.45426195,1156,0.01496944,515,0.00666891,158,0.00204600,649,0.00840412,566,0.00732933,,,0.00679840,0.01811613,-0.01131773,0.02491453,4159,77224,warning_stem_collisions,success,success,exact-then-unique-porter-1.0.0,baek-smart-porter-1.0.0
S2020-105,0001058290,CTSH,Cognizant,0001058290-21-000031,2020,2021-02-12,1.0.3,0.3.0,1,19,0.45139219,42092,1914,16,0.00835946,success,1,0.00185529,2,0.00371058,0,0.00000000,0,0.00000000,1,0.00185529,539,success,6,1,0.01113173,0.00185529,0.71428571,0.01298701,0.00927644,11,success,3.01473029,2.85000000,0.81175750,1.64000000,4.89000000,241,332,91,0.72590361,107,35,warning_stem_collisions,2.87272327,2.76000000,0.78630549,1.19000000,4.97000000,16594,21838,5244,0.75986812,1981,3816,warning_stem_collisions,42013,10.64573437,1914,785,21.95036573,21.15444843,0.03732178,19,0.45224097,8316,0.16523277,3665765,278105,0.07586547,success,271,784,-0.48625592,633,0.01582104,281,0.00702324,63,0.00157461,550,0.01374656,294,0.00734816,,,0.00677331,0.01959510,-0.01282179,0.02636841,2431,40010,warning_stem_collisions,success,success,exact-then-unique-porter-1.0.0,baek-smart-porter-1.0.0
S2020-106,0000021665,CL,Colgate-Palmolive,0000021665-21-000007,2020,2021-02-18,1.0.3,0.3.0,0,0,0.00000000,46718,2194,0,0.00000000,success,,,,,,,,,,,0,warning_denominator_zero,,,,,,,,,warning_denominator_zero,,,,,,0,0,0,,0,0,warning_denominator_zero,2.91872355,2.82000000,0.82533772,1.26000000,5.00000000,18575,24789,6214,0.74932430,1825,4300,warning_stem_collisions,46586,10.74905535,2194,1052,21.23336372,20.66707078,0.04413343,0,0.00000000,8507,0.15441163,4044081,311995,0.07714855,success,267,769,-0.48455598,680,0.01558096,254,0.00581995,58,0.00132896,449,0.01028802,281,0.00643860,,,0.00611782,0.01762024,-0.01150242,0.02373806,2359,43643,warning_denominator_zero,warning_denominator_zero,success,exact-then-unique-porter-1.0.0,baek-smart-porter-1.0.0
S2020-107,0001166691,CMCSA,Comcast,0001166691-21-000008,2020,2021-02-04,1.0.3,0.3.0,0,0,0.00000000,54439,2626,0,0.00000000,success,,,,,,,,,,,0,warning_denominator_zero,,,,,,,,,warning_denominator_zero,,,,,,0,0,0,,0,0,warning_denominator_zero,2.98799672,2.86000000,0.86551943,1.19000000,5.00000000,21360,29549,8189,0.72286710,2078,5995,warning_stem_collisions,54412,10.90434000,2626,1075,20.72048743,20.69321365,0.02409395,0,0.00000000,11970,0.18031997,3371726,368573,0.10931286,success,197,663,-0.54186047,586,0.01119560,318,0.00607543,111,0.00212067,481,0.00918956,386,0.00737457,,,0.00376371,0.01266669,-0.00890298,0.01643040,2294,52342,warning_denominator_zero,warning_denominator_zero,success,exact-then-unique-porter-1.0.0,baek-smart-porter-1.0.0
S2020-108,0000023217,CAG,Conagra Brands,0001564590-20-033366,2020,2020-07-24,1.0.3,0.3.0,0,0,0.00000000,52388,2576,0,0.00000000,success,,,,,,,,,,,0,warning_denominator_zero,,,,,,,,,warning_denominator_zero,,,,,,0,0,0,,0,0,warning_denominator_zero,2.87804289,2.75000000,0.82944258,1.19000000,5.00000000,20331,26857,6526,0.75700935,1869,4715,warning_stem_collisions,51828,10.85568582,2576,985,20.11956522,20.17103543,0.05340742,0,0.00000000,14425,0.21772599,7735982,343334,0.04438144,success,246,1024,-0.61259843,1085,0.02240671,579,0.01195713,108,0.00223035,437,0.00902464,377,0.00778556,,,0.00508023,0.02114698,-0.01606675,0.02622721,3030,48423,warning_denominator_zero,warning_denominator_zero,success,exact-then-unique-porter-1.0.0,baek-smart-porter-1.0.0
S2020-109,0001163165,COP,ConocoPhillips,0001562762-21-000027,2020,2021-02-16,1.0.3,0.3.0,0,0,0.00000000,53063,9226,0,0.00000000,success,,,,,,,,,,,0,warning_denominator_zero,,,,,,,,,warning_denominator_zero,,,,,,0,0,0,,0,0,warning_denominator_zero,2.99301949,2.89000000,0.82294972,1.26000000,5.00000000,19245,26077,6832,0.73800667,1515,4126,warning_stem_collisions,50087,10.82151677,9226,8326,5.42889660,13.59402065,0.14492783,0,0.00000000,0,0.00000000,5959798,343075,0.05756487,success,168,571,-0.54533153,369,0.00871805,85,0.00200822,53,0.00125219,379,0.00895431,359,0.00848178,,,0.00396919,0.01349053,-0.00952133,0.01745972,1765,42326,warning_denominator_zero,warning_denominator_zero,success,exact-then-unique-porter-1.0.0,baek-smart-porter-1.0.0
S2020-110,0001047862,ED,Consolidated Edison,0001047862-21-000049,2020,2021-02-18,1.0.3,0.3.0,0,0,0.00000000,78415,4141,0,0.00000000,success,,,,,,,,,,,0,warning_denominator_zero,,,,,,,,,warning_denominator_zero,,,,,,0,0,0,,0,0,warning_denominator_zero,2.95695512,2.90000000,0.78881964,1.26000000,5.00000000,30658,41929,11271,0.73118844,2058,7342,warning_stem_collisions,78244,11.26758743,4141,1555,18.89495291,20.63277294,0.05292419,0,0.00000000,29758,0.27553193,8608796,514037,0.05971067,success,166,867,-0.67860600,712,0.00975463,274,0.00375389,119,0.00163034,839,0.01149457,550,0.00753518,,,0.00227425,0.01187818,-0.00960392,0.01415243,3120,72991,warning_denominator_zero,warning_denominator_zero,success,exact-then-unique-porter-1.0.0,baek-smart-porter-1.0.0
S2020-111,0000016918,STZ,Constellation Brands,0000016918-20-000078,2020,2020-04-21,1.0.3,0.3.0,0,0,0.00000000,45654,3011,0,0.00000000,success,,,,,,,,,,,0,warning_denominator_zero,,,,,,,,,warning_denominator_zero,,,,,,0,0,0,,0,0,warning_denominator_zero,2.97765797,2.86000000,0.87508277,1.26000000,5.00000000,18121,23708,5587,0.76434115,1876,4030,warning_stem_collisions,45463,10.72465409,3011,879,15.09897044,19.67264167,0.03303785,0,0.00000000,28314,0.38377814,6142506,299679,0.04878774,success,242,772,-0.52268245,706,0.01627928,290,0.00668696,106,0.00244420,305,0.00703284,313,0.00721730,,,0.00558015,0.01780114,-0.01222099,0.02338129,2308,43368,warning_denominator_zero,warning_denominator_zero,success,exact-then-unique-porter-1.0.0,baek-smart-porter-1.0.0
S2020-112,0000711404,COO,Cooper Companies (The),0000711404-20-000042,2020,2020-12-11,1.0.3,0.3.0,0,0,0.00000000,50765,2814,0,0.00000000,success,,,,,,,,,,,0,warning_denominator_zero,,,,,,,,,warning_denominator_zero,,,,,,0,0,0,,0,0,warning_denominator_zero,2.85561201,2.74000000,0.79651548,1.26000000,5.00000000,19779,26962,7183,0.73358801,2191,5072,warning_stem_collisions,50705,10.83377980,2814,1096,18.01883440,20.33593769,0.03125924,0,0.00000000,14777,0.22566507,3396840,339996,0.10009185,success,247,1024,-0.61132966,887,0.01828338,474,0.00977038,177,0.00364843,722,0.01488230,539,0.01111019,,,0.00509131,0.02110731,-0.01601600,0.02619862,3415,48514,warning_denominator_zero,warning_denominator_zero,success,exact-then-unique-porter-1.0.0,baek-smart-porter-1.0.0
S2020-113,0000900075,CPRT,Copart,0000900075-20-000021,2020,2020-09-28,1.0.3,0.3.0,1,1,0.02040442,49009,2139,1,0.00046751,success,1,0.02857143,0,0.00000000,1,0.02857143,0,0.00000000,0,0.00000000,35,success,0,0,0.00000000,0.00000000,,0.00000000,0.00000000,1,success,2.86375000,2.78500000,0.92351824,1.68000000,4.64000000,16,22,6,0.72727273,16,4,warning_stem_collisions,2.94328090,2.86000000,0.83908329,1.26000000,5.00000000,19580,25184,5604,0.77747776,2009,4132,warning_stem_collisions,49083,10.80126802,2139,873,22.94670407,20.72373095,0.03127356,1,0.02037365,6751,0.12091199,3698028,320712,0.08672514,success,235,768,-0.53140578,738,0.01567511,390,0.00828360,128,0.00271872,469,0.00996156,381,0.00809244,,,0.00499140,0.01631231,-0.01132092,0.02130371,2564,47081,warning_stem_collisions,success,success,exact-then-unique-porter-1.0.0,baek-smart-porter-1.0.0
S2020-114,0000024741,GLW,Corning Inc.,0001562762-21-000023,2020,2021-02-12,1.0.3,0.3.0,0,0,0.00000000,46649,2721,0,0.00000000,success,,,,,,,,,,,0,warning_denominator_zero,,,,,,,,,warning_denominator_zero,,,,,,0,0,0,,0,0,warning_denominator_zero,2.97502564,2.86000000,0.86262260,1.26000000,5.00000000,19114,25292,6178,0.75573304,1975,4255,warning_stem_collisions,46271,10.74227069,2721,1306,17.00514517,19.55102860,0.04560092,0,0.00000000,13551,0.22652202,13784910,314258,0.02279725,success,276,670,-0.41649049,615,0.01420389,186,0.00429581,93,0.00214791,378,0.00873020,334,0.00771398,,,0.00637443,0.01547416,-0.00909973,0.02184858,2185,43298,warning_denominator_zero,warning_denominator_zero,success,exact-then-unique-porter-1.0.0,baek-smart-porter-1.0.0
S2020-115,0001755672,CTVA,Corteva,0001755672-21-000008,2020,2021-02-11,1.0.3,0.3.0,0,0,0.00000000,83854,4231,0,0.00000000,success,,,,,,,,,,,0,warning_denominator_zero,,,,,,,,,warning_denominator_zero,,,,,,0,0,0,,0,0,warning_denominator_zero,2.88219909,2.76000000,0.79775033,1.19000000,5.00000000,32759,45434,12675,0.72102390,2312,7724,warning_stem_collisions,83510,11.33272166,4231,1958,19.73765067,20.68979240,0.04365944,0,0.00000000,15637,0.15771531,7062580,562322,0.07961991,success,348,1445,-0.61182376,1215,0.01551130,453,0.00578322,138,0.00176178,947,0.01208988,579,0.00739180,,,0.00444274,0.01844759,-0.01400485,0.02289034,4318,78330,warning_denominator_zero,warning_denominator_zero,success,exact-then-unique-porter-1.0.0,baek-smart-porter-1.0.0
S2020-116,0000909832,COST,Costco,0000909832-20-000017,2020,2020-10-07,1.0.3,0.3.0,0,0,0.00000000,27679,1487,0,0.00000000,success,,,,,,,,,,,0,warning_denominator_zero,,,,,,,,,warning_denominator_zero,,,,,,0,0,0,,0,0,warning_denominator_zero,2.94085112,2.86000000,0.83906598,1.29000000,5.00000000,11009,14743,3734,0.74672726,1659,2749,warning_stem_collisions,27761,10.23138744,1487,600,18.66913248,19.74599498,0.03886748,0,0.00000000,5156,0.15663639,2777058,186162,0.06703569,success,136,607,-0.63391655,473,0.01799985,205,0.00780120,31,0.00117969,285,0.01084557,160,0.00608874,,,0.00517543,0.02309917,-0.01792374,0.02827460,1577,26278,warning_denominator_zero,warning_denominator_zero,success,exact-then-unique-porter-1.0.0,baek-smart-porter-1.0.0
S2020-117,0001051470,CCI,Crown Castle,0001051470-21-000031,2020,2021-02-22,1.0.3,0.3.0,0,0,0.00000000,48095,2244,0,0.00000000,success,,,,,,,,,,,0,warning_denominator_zero,,,,,,,,,warning_denominator_zero,,,,,,0,0,0,,0,0,warning_denominator_zero,2.94692043,2.83000000,0.83635268,1.19000000,5.00000000,19178,25147,5969,0.76263570,1778,4429,warning_stem_collisions,48054,10.78008066,2244,1004,21.41443850,20.69708935,0.04399218,0,0.00000000,10478,0.17901319,3179969,320002,0.10063054,success,180,643,-0.56257594,777,0.01717279,327,0.00722716,117,0.00258586,429,0.00948150,406,0.00897317,,,0.00397825,0.01421120,-0.01023295,0.01818945,2438,45246,warning_denominator_zero,warning_denominator_zero,success,exact-then-unique-porter-1.0.0,baek-smart-porter-1.0.0
S2020-118,0000026172,CMI,Cummins,0000026172-21-000012,2020,2021-02-10,1.0.3,0.3.0,0,0,0.00000000,50434,2664,0,0.00000000,success,,,,,,,,,,,0,warning_denominator_zero,,,,,,,,,warning_denominator_zero,,,,,,0,0,0,,0,0,warning_denominator_zero,2.93115320,2.85000000,0.81892122,1.19000000,5.00000000,20378,26970,6592,0.75558027,2073,4837,warning_stem_collisions,50286,10.82548199,2664,1084,18.87612613,19.70317097,0.03460208,0,0.00000000,13658,0.21359314,5776415,335653,0.05810749,success,288,765,-0.45299145,721,0.01503744,266,0.00554779,110,0.00229420,394,0.00821741,315,0.00656975,,,0.00600663,0.01595512,-0.00994848,0.02196175,2455,47947,warning_denominator_zero,warning_denominator_zero,success,exact-then-unique-porter-1.0.0,baek-smart-porter-1.0.0
S2020-119,0000882184,DHI,D. R. Horton,0000882184-20-000143,2020,2020-11-20,1.0.3,0.3.0,0,0,0.00000000,47761,2535,0,0.00000000,success,,,,,,,,,,,0,warning_denominator_zero,,,,,,,,,warning_denominator_zero,,,,,,0,0,0,,0,0,warning_denominator_zero,2.89819925,2.86000000,0.78368992,1.19000000,5.00000000,18720,25033,6313,0.74781289,1718,4979,warning_stem_collisions,47462,10.76768467,2535,1050,18.72268245,19.96867646,0.04424592,0,0.00000000,10894,0.18668175,3744255,317221,0.08472206,success,192,705,-0.57190635,669,0.01491306,324,0.00722247,72,0.00160499,460,0.01025412,492,0.01096745,,,0.00427998,0.01571556,-0.01143558,0.01999554,2395,44860,warning_denominator_zero,warning_denominator_zero,success,exact-then-unique-porter-1.0.0,baek-smart-porter-1.0.0
S2020-120,0000936340,DTE,DTE Energy,0000936340-21-000112,2020,2021-02-19,1.0.3,0.3.0,0,0,0.00000000,65401,3534,0,0.00000000,success,,,,,,,,,,,0,warning_denominator_zero,,,,,,,,,warning_denominator_zero,,,,,,0,0,0,,0,0,warning_denominator_zero,2.91141943,2.86000000,0.78101633,1.26000000,5.00000000,26553,36885,10332,0.71988613,2087,6563,warning_stem_collisions,64914,11.08081860,3534,1571,18.36842105,21.37881945,0.03617093,0,0.00000000,22259,0.25534282,8002082,441290,0.05514690,success,218,687,-0.51823204,927,0.01508986,325,0.00529040,152,0.00247428,784,0.01276208,479,0.00779724,,,0.00354864,0.01118310,-0.00763446,0.01473174,3103,61432,warning_denominator_zero,warning_denominator_zero,success,exact-then-unique-porter-1.0.0,baek-smart-porter-1.0.0
S2020-121,0001688568,DXC,DXC Technology,0001688568-20-000032,2020,2020-06-01,1.0.3,0.3.0,1,1,0.01792950,55774,2868,1,0.00034868,success,0,0.00000000,0,0.00000000,0,0.00000000,0,0.00000000,0,0.00000000,45,success,0,0,0.00000000,0.00000000,,0.00000000,0.00000000,0,success,3.02520000,3.00000000,0.69905147,1.81000000,4.54000000,25,30,5,0.83333333,22,4,warning_stem_collisions,2.86460974,2.75000000,0.80790176,1.19000000,5.00000000,21678,29380,7702,0.73784888,2057,5262,warning_stem_collisions,55253,10.91967792,2868,1099,19.26534170,21.18042459,0.03407960,1,0.01809856,21623,0.28127114,5973749,366580,0.06136515,success,295,1283,-0.62610900,947,0.01800791,468,0.00889937,111,0.00211075,797,0.01515555,399,0.00758728,,,0.00560964,0.02439720,-0.01878756,0.03000685,3562,52588,warning_stem_collisions,success,success,exact-then-unique-porter-1.0.0,baek-smart-porter-1.0.0
S2020-122,0000927066,DVA,DaVita,0000927066-21-000008,2020,2021-02-12,1.0.3,0.3.0,1,2,0.02504539,79855,3105,1,0.00032206,success,1,0.05263158,0,0.00000000,1,0.05263158,0,0.00000000,0,0.00000000,19,success,1,0,0.05263158,0.00000000,1.00000000,0.05263158,0.05263158,2,success,3.09111111,3.14000000,0.73330976,2.00000000,4.25000000,9,12,3,0.75000000,9,3,warning_stem_collisions,2.84685560,2.72000000,0.78477255,1.26000000,5.00000000,30645,41528,10883,0.73793585,2382,8044,warning_stem_collisions,79820,11.28752938,3105,1428,25.70692432,22.67517964,0.02924079,2,0.02505638,8466,0.09589289,4214441,533806,0.12666116,success,420,1825,-0.62583519,1515,0.01979693,825,0.01078051,161,0.00210383,1176,0.01536713,775,0.01012714,,,0.00548826,0.02384779,-0.01835953,0.02933605,5552,76527,warning_stem_collisions,success,success,exact-then-unique-porter-1.0.0,baek-smart-porter-1.0.0
S2020-123,0000313616,DHR,Danaher Corporation,0000313616-21-000045,2020,2021-02-25,1.0.3,0.3.0,1,1,0.01436575,69610,2707,1,0.00036941,success,0,0.00000000,1,0.01538462,0,0.00000000,0,0.00000000,0,0.00000000,65,success,2,1,0.03076923,0.01538462,0.33333333,0.04615385,0.01538462,4,success,2.72107143,2.70000000,0.47565248,2.00000000,4.11000000,28,41,13,0.68292683,28,9,warning_stem_collisions,2.86665872,2.76000000,0.79989911,1.04000000,5.00000000,26831,36935,10104,0.72643834,2443,7086,warning_stem_collisions,69531,11.14952798,2707,1074,25.68562985,23.26555178,0.03448821,1,0.01438207,11271,0.13948912,4302597,470979,0.10946389,success,347,1449,-0.61358575,1109,0.01687488,413,0.00628433,111,0.00168901,859,0.01307080,593,0.00902327,,,0.00528006,0.02204842,-0.01676836,0.02732847,4202,65719,warning_stem_collisions,success,success,exact-then-unique-porter-1.0.0,baek-smart-porter-1.0.0
S2020-124,0000940944,DRI,Darden Restaurants,0000940944-20-000046,2020,2020-07-24,1.0.3,0.3.0,0,0,0.00000000,43168,2180,0,0.00000000,success,,,,,,,,,,,0,warning_denominator_zero,,,,,,,,,warning_denominator_zero,,,,,,0,0,0,,0,0,warning_denominator_zero,2.98456617,2.85000000,0.90246505,1.26000000,5.00000000,17380,22720,5340,0.76496479,2134,4016,warning_stem_collisions,42894,10.66648723,2180,731,19.67614679,20.24815916,0.03436378,0,0.00000000,13948,0.24538194,3904511,284277,0.07280732,success,262,822,-0.51660517,786,0.01925527,465,0.01139147,74,0.00181284,296,0.00725135,362,0.00886820,,,0.00641842,0.02013719,-0.01371877,0.02655561,2408,40820,warning_denominator_zero,warning_denominator_zero,success,exact-then-unique-porter-1.0.0,baek-smart-porter-1.0.0
S2020-125,0000315189,DE,Deere & Company,0001558370-20-014436,2020,2020-12-17,1.0.3,0.3.0,0,0,0.00000000,66124,3077,0,0.00000000,success,,,,,,,,,,,0,warning_denominator_zero,,,,,,,,,warning_denominator_zero,,,,,,0,0,0,,0,0,warning_denominator_zero,2.98559338,2.90000000,0.84865687,1.26000000,5.00000000,27116,35854,8738,0.75628940,1892,6460,warning_stem_collisions,65344,11.08742090,3077,982,21.23626909,21.29718181,0.04592618,0,0.00000000,14973,0.18642380,9957841,442589,0.04444628,success,207,967,-0.64735945,886,0.01446578,309,0.00504506,56,0.00091432,433,0.00706962,507,0.00827782,,,0.00337970,0.01578827,-0.01240857,0.01916797,2876,61248,warning_denominator_zero,warning_denominator_zero,success,exact-then-unique-porter-1.0.0,baek-smart-porter-1.0.0
S2020-126,0000027904,DAL,Delta Air Lines,0000027904-21-000003,2020,2021-02-12,1.0.3,0.3.0,0,0,0.00000000,61266,3135,0,0.00000000,success,,,,,,,,,,,0,warning_denominator_zero,,,,,,,,,warning_denominator_zero,,,,,,0,0,0,,0,0,warning_denominator_zero,2.98729821,2.89000000,0.82945135,1.19000000,5.00000000,24580,32440,7860,0.75770654,2178,5798,warning_stem_collisions,61619,11.02872554,3135,1381,19.65518341,18.87678496,0.04920560,0,0.00000000,8455,0.12065816,3623973,403743,0.11140894,success,331,937,-0.47791798,847,0.01464486,312,0.00539456,122,0.00210941,417,0.00721004,545,0.00942320,,,0.00572308,0.01620098,-0.01047790,0.02192406,3050,57836,warning_denominator_zero,warning_denominator_zero,success,exact-then-unique-porter-1.0.0,baek-smart-porter-1.0.0
S2020-127,0000818479,XRAY,Dentsply Sirona,0000818479-21-000007,2020,2021-03-01,1.0.3,0.3.0,0,0,0.00000000,56667,2610,0,0.00000000,success,,,,,,,,,,,0,warning_denominator_zero,,,,,,,,,warning_denominator_zero,,,,,,0,0,0,,0,0,warning_denominator_zero,2.89068508,2.82000000,0.80359576,1.04000000,5.00000000,22012,30419,8407,0.72362668,2160,5891,warning_stem_collisions,56556,10.94298658,2610,1049,21.66896552,21.39681605,0.03645944,0,0.00000000,10774,0.16001782,4613751,381800,0.08275262,success,315,1311,-0.61254613,1168,0.02189193,459,0.00860308,139,0.00260529,580,0.01087099,544,0.01019624,,,0.00590407,0.02457219,-0.01866812,0.03047626,3655,53353,warning_denominator_zero,warning_denominator_zero,success,exact-then-unique-porter-1.0.0,baek-smart-porter-1.0.0
S2020-128,0001090012,DVN,Devon Energy,0001564590-21-006239,2020,2021-02-17,1.0.3,0.3.0,1,1,0.02470356,40480,2447,1,0.00040866,success,2,0.06666667,0,0.00000000,0,0.00000000,0,0.00000000,1,0.03333333,30,success,0,0,0.00000000,0.00000000,,0.00000000,0.00000000,2,success,2.78000000,2.93000000,0.62314257,1.54000000,3.93000000,15,16,1,0.93750000,14,1,warning_stem_collisions,2.92926417,2.81000000,0.84290649,1.19000000,5.00000000,16145,22063,5918,0.73176812,1910,4064,warning_stem_collisions,40312,10.60440447,2447,995,16.47404986,20.21138920,0.03502679,1,0.02480651,15639,0.27951243,7867337,270571,0.03439169,success,185,726,-0.59385291,607,0.01582048,184,0.00479566,65,0.00169412,353,0.00920038,437,0.01138970,,,0.00482173,0.01892202,-0.01410029,0.02374374,2173,38368,warning_stem_collisions,success,success,exact-then-unique-porter-1.0.0,baek-smart-porter-1.0.0
S2020-129,0001093557,DXCM,Dexcom,0001093557-21-000024,2020,2021-02-11,1.0.3,0.3.0,1,2,0.02594673,77081,3225,2,0.00062016,success,2,0.03278689,0,0.00000000,0,0.00000000,0,0.00000000,0,0.00000000,61,success,0,0,0.00000000,0.00000000,,0.00000000,0.00000000,2,success,2.75062500,2.50000000,0.71235936,1.66000000,4.25000000,32,40,8,0.80000000,15,4,warning_stem_collisions,2.84579355,2.72000000,0.80425335,1.19000000,5.00000000,29847,39226,9379,0.76089838,2758,7021,warning_stem_collisions,77146,11.25345501,3225,1314,23.92124031,20.87604883,0.02287870,2,0.02592487,7858,0.09244271,2876514,506536,0.17609370,success,472,2058,-0.62687747,1695,0.02271600,1119,0.01499658,278,0.00372569,1090,0.01460793,754,0.01010494,,,0.00632564,0.02758085,-0.02125521,0.03390648,6025,74617,warning_stem_collisions,success,success,exact-then-unique-porter-1.0.0,baek-smart-porter-1.0.0
S2020-130,0001539838,FANG,Diamondback Energy,0001539838-21-000015,2020,2021-02-25,1.0.3,0.3.0,0,0,0.00000000,74545,3258,0,0.00000000,success,,,,,,,,,,,0,warning_denominator_zero,,,,,,,,,warning_denominator_zero,,,,,,0,0,0,,0,0,warning_denominator_zero,2.92822908,2.79000000,0.87609476,1.19000000,5.00000000,29702,39007,9305,0.76145307,2419,6967,warning_stem_collisions,74469,11.21813821,3258,1413,22.85727440,21.44090559,0.03593442,0,0.00000000,12700,0.14569400,4255150,489413,0.11501663,success,359,1419,-0.59617548,1587,0.02234739,848,0.01194114,243,0.00342181,741,0.01043442,800,0.01126523,,,0.00505527,0.01998169,-0.01492642,0.02503696,4899,71015,warning_denominator_zero,warning_denominator_zero,success,exact-then-unique-porter-1.0.0,baek-smart-porter-1.0.0
S2020-131,0001297996,DLR,Digital Realty,0001558370-21-002191,2020,2021-03-01,1.0.3,0.3.0,1,1,0.01072570,93234,4821,1,0.00020743,success,0,0.00000000,0,0.00000000,0,0.00000000,0,0.00000000,0,0.00000000,19,success,1,0,0.05263158,0.00000000,1.00000000,0.05263158,0.05263158,1,success,3.12300000,3.05500000,0.82023228,2.00000000,4.64000000,10,11,1,0.90909091,10,1,warning_stem_collisions,2.87409051,2.81000000,0.77260576,1.19000000,5.00000000,37609,48682,11073,0.77254427,2307,8046,warning_stem_collisions,93509,11.44581297,4821,1673,19.39618336,20.94826013,0.03726914,1,0.01069416,34813,0.27129409,11557121,615985,0.05329917,success,598,1149,-0.31539782,1629,0.01829268,747,0.00838836,275,0.00308808,533,0.00598527,666,0.00747878,,,0.00671518,0.01290257,-0.00618740,0.01961775,4665,89052,warning_stem_collisions,success,success,exact-then-unique-porter-1.0.0,baek-smart-porter-1.0.0
S2020-132,0000029534,DG,Dollar General,0001558370-20-002915,2020,2020-03-19,1.0.3,0.3.0,0,0,0.00000000,38966,1792,0,0.00000000,success,,,,,,,,,,,0,warning_denominator_zero,,,,,,,,,warning_denominator_zero,,,,,,0,0,0,,0,0,warning_denominator_zero,2.91497601,2.83000000,0.83670997,1.19000000,5.00000000,15633,20277,4644,0.77097204,1836,3477,warning_stem_collisions,38808,10.56638169,1792,581,21.65625000,21.11034773,0.04406308,0,0.00000000,9366,0.19442023,2546837,256528,0.10072415,success,228,657,-0.48474576,679,0.01857221,297,0.00812363,93,0.00254376,329,0.00899891,278,0.00760394,,,0.00623632,0.01797046,-0.01173414,0.02420678,2106,36560,warning_denominator_zero,warning_denominator_zero,success,exact-then-unique-porter-1.0.0,baek-smart-porter-1.0.0
S2020-133,0000935703,DLTR,Dollar Tree,0000935703-20-000006,2020,2020-03-20,1.0.3,0.3.0,0,0,0.00000000,31752,1738,0,0.00000000,success,,,,,,,,,,,0,warning_denominator_zero,,,,,,,,,warning_denominator_zero,,,,,,0,0,0,,0,0,warning_denominator_zero,3.02958617,2.89000000,0.90715704,1.26000000,5.00000000,12759,16409,3650,0.77756109,1701,2818,warning_stem_collisions,31425,10.35535903,1738,656,18.08112773,19.57386466,0.04610979,0,0.00000000,9958,0.24063021,2521506,207060,0.08211759,success,162,617,-0.58408216,543,0.01837937,226,0.00764961,75,0.00253859,218,0.00737882,270,0.00913891,,,0.00548335,0.02088411,-0.01540076,0.02636745,1690,29544,warning_denominator_zero,warning_denominator_zero,success,exact-then-unique-porter-1.0.0,baek-smart-porter-1.0.0
S2020-134,0000715957,D,Dominion Energy,0001564590-21-008442,2020,2021-02-25,1.0.3,0.3.0,0,0,0.00000000,92471,5167,0,0.00000000,success,,,,,,,,,,,0,warning_denominator_zero,,,,,,,,,warning_denominator_zero,,,,,,0,0,0,,0,0,warning_denominator_zero,2.88591084,2.85000000,0.79622984,1.19000000,5.00000000,38135,51694,13559,0.73770650,2415,8612,warning_stem_collisions,91923,11.42870655,5167,1730,17.79040062,22.27659928,0.03904355,0,0.00000000,45430,0.33075361,19293027,623243,0.03230405,success,339,1320,-0.59132007,1222,0.01409312,503,0.00580101,209,0.00241036,1421,0.01638815,713,0.00822291,,,0.00390963,0.01522333,-0.01131370,0.01913296,4913,86709,warning_denominator_zero,warning_denominator_zero,success,exact-then-unique-porter-1.0.0,baek-smart-porter-1.0.0
S2020-135,0000029905,DOV,Dover Corporation,0000029905-21-000010,2020,2021-02-12,1.0.3,0.3.0,1,2,0.04233880,47238,2401,2,0.00083299,success,0,0.00000000,0,0.00000000,0,0.00000000,0,0.00000000,0,0.00000000,110,success,5,0,0.04545455,0.00000000,1.00000000,0.04545455,0.04545455,5,success,3.27641509,3.48000000,0.84626838,1.80000000,4.90000000,53,74,21,0.71621622,44,12,warning_stem_collisions,2.93205317,2.85000000,0.80868186,1.26000000,5.00000000,19107,25384,6277,0.75271825,2000,4732,warning_stem_collisions,47046,10.75888113,2401,1023,19.59433569,20.76889208,0.04438209,2,0.04251158,11567,0.19734530,4404802,319134,0.07245138,success,415,740,-0.28138528,641,0.01447802,215,0.00485612,69,0.00155848,314,0.00709220,301,0.00679857,,,0.00937345,0.01671410,-0.00734065,0.02608755,2362,44274,warning_stem_collisions,success,success,exact-then-unique-porter-1.0.0,baek-smart-porter-1.0.0
S2020-136,0001751788,DOW,Dow Inc.,0001751788-21-000010,2020,2021-02-05,1.0.3,0.3.0,1,3,0.03821802,78497,3790,2,0.00052770,success,0,0.00000000,0,0.00000000,0,0.00000000,2,0.04651163,0,0.00000000,43,success,1,0,0.02325581,0.00000000,1.00000000,0.02325581,0.02325581,3,success,3.51222222,3.72500000,1.02633412,1.62000000,4.79000000,18,35,17,0.51428571,15,2,warning_stem_collisions,2.94210086,2.87000000,0.80042911,1.04000000,5.00000000,30597,42642,12045,0.71753201,2319,7320,warning_stem_collisions,78096,11.26569412,3790,1567,20.60580475,21.35082694,0.05275558,3,0.03841426,16690,0.17608086,7742047,526110,0.06795490,success,399,1197,-0.50000000,762,0.01050730,207,0.00285435,124,0.00170985,650,0.00896292,592,0.00816315,,,0.00550185,0.01650556,-0.01100371,0.02200742,3385,72521,warning_stem_collisions,success,success,exact-then-unique-porter-1.0.0,baek-smart-porter-1.0.0
S2020-137,0001666700,DD,DuPont,0001666700-21-000005,2020,2021-02-12,1.0.3,0.3.0,0,0,0.00000000,68949,3373,0,0.00000000,success,,,,,,,,,,,0,warning_denominator_zero,,,,,,,,,warning_denominator_zero,,,,,,0,0,0,,0,0,warning_denominator_zero,2.90870705,2.83000000,0.79039275,1.26000000,5.00000000,26660,37267,10607,0.71537822,2128,6521,warning_stem_collisions,68961,11.14129641,3373,1453,20.44500445,20.69780222,0.04443091,0,0.00000000,12967,0.15827312,5828800,461819,0.07923054,success,277,1222,-0.63042028,870,0.01347062,345,0.00534180,141,0.00218317,722,0.01117907,552,0.00854688,,,0.00428892,0.01892080,-0.01463188,0.02320972,3420,64585,warning_denominator_zero,warning_denominator_zero,success,exact-then-unique-porter-1.0.0,baek-smart-porter-1.0.0
S2020-138,0001326160,DUK,Duke Energy,0001326160-21-000063,2020,2021-02-25,1.0.3,0.3.0,0,0,0.00000000,107632,6310,0,0.00000000,success,,,,,,,,,,,0,warning_denominator_zero,,,,,,,,,warning_denominator_zero,,,,,,0,0,0,,0,0,warning_denominator_zero,2.94865443,2.90000000,0.80341466,1.19000000,5.00000000,45698,61248,15550,0.74611416,2536,10631,warning_stem_collisions,106991,11.58050000,6310,2565,16.95578447,21.42685955,0.03652644,0,0.00000000,50494,0.32062736,19237040,718581,0.03735403,success,626,1433,-0.39193783,1318,0.01295905,472,0.00464087,176,0.00173050,1786,0.01756059,837,0.00822968,,,0.00615506,0.01408977,-0.00793471,0.02024483,5950,101705,warning_denominator_zero,warning_denominator_zero,success,exact-then-unique-porter-1.0.0,baek-smart-porter-1.0.0
S2020-139,0000821189,EOG,EOG Resources,0000821189-21-000017,2020,2021-02-25,1.0.3,0.3.0,0,0,0.00000000,54009,2455,0,0.00000000,success,,,,,,,,,,,0,warning_denominator_zero,,,,,,,,,warning_denominator_zero,,,,,,0,0,0,,0,0,warning_denominator_zero,2.95715636,2.83000000,0.87656874,1.26000000,5.00000000,21054,29465,8411,0.71454268,1936,5563,warning_stem_collisions,53969,10.89616509,2455,1008,21.98329939,21.06487137,0.05332691,0,0.00000000,12667,0.19009244,5459962,354895,0.06499954,success,149,756,-0.67071823,745,0.01480348,325,0.00645789,77,0.00153002,687,0.01365100,383,0.00761038,,,0.00296070,0.01502206,-0.01206136,0.01798275,2664,50326,warning_denominator_zero,warning_denominator_zero,success,exact-then-unique-porter-1.0.0,baek-smart-porter-1.0.0
S2020-140,0000915389,EMN,Eastman Chemical Co.,0000915389-21-000016,2020,2021-02-22,1.0.3,0.3.0,0,0,0.00000000,47461,2302,0,0.00000000,success,,,,,,,,,,,0,warning_denominator_zero,,,,,,,,,warning_denominator_zero,,,,,,0,0,0,,0,0,warning_denominator_zero,2.94791479,2.86000000,0.82164697,1.26000000,5.00000000,19552,27040,7488,0.72307692,1817,4940,warning_stem_collisions,47343,10.76517425,2302,1033,20.56602954,22.28811903,0.03614051,0,0.00000000,13662,0.22394886,5325010,327098,0.06142674,success,318,616,-0.31905782,677,0.01516373,164,0.00367334,82,0.00183667,334,0.00748107,317,0.00710030,,,0.00712270,0.01379743,-0.00667473,0.02092013,2173,44646,warning_denominator_zero,warning_denominator_zero,success,exact-then-unique-porter-1.0.0,baek-smart-porter-1.0.0
S2020-141,0001551182,ETN,Eaton Corporation,0001551182-21-000022,2020,2021-02-24,1.0.3,0.3.0,0,0,0.00000000,33101,1801,0,0.00000000,success,,,,,,,,,,,0,warning_denominator_zero,,,,,,,,,warning_denominator_zero,,,,,,0,0,0,,0,0,warning_denominator_zero,2.92241409,2.86000000,0.80703115,1.04000000,5.00000000,12891,17646,4755,0.73053383,1625,3359,warning_stem_collisions,32977,10.40356563,1801,726,18.31038312,20.54570471,0.04533463,0,0.00000000,12237,0.27064626,4542812,219386,0.04829300,success,172,421,-0.41989882,364,0.01175559,101,0.00326185,67,0.00216380,283,0.00913965,238,0.00768635,,,0.00555484,0.01359643,-0.00804160,0.01915127,1448,30964,warning_denominator_zero,warning_denominator_zero,success,exact-then-unique-porter-1.0.0,baek-smart-porter-1.0.0
S2020-142,0000031462,ECL,Ecolab,0001558370-21-001916,2020,2021-02-26,1.0.3,0.3.0,1,1,0.01639936,60978,3311,1,0.00030202,success,0,0.00000000,0,0.00000000,0,0.00000000,0,0.00000000,0,0.00000000,30,success,0,0,0.00000000,0.00000000,,0.00000000,0.00000000,0,success,3.14076923,2.93000000,0.73557368,2.21000000,4.54000000,13,20,7,0.65000000,13,2,warning_stem_collisions,2.91661313,2.83000000,0.80794378,1.19000000,5.00000000,24533,32762,8229,0.74882486,2090,6291,warning_stem_collisions,60823,11.01572329,3311,1030,18.36997886,20.37735943,0.03648291,1,0.01644115,18149,0.22981563,9223562,410508,0.04450645,success,395,827,-0.35351882,792,0.01369295,248,0.00428769,103,0.00178077,530,0.00916321,390,0.00674274,,,0.00682918,0.01429806,-0.00746888,0.02112725,2869,57840,warning_stem_collisions,success,success,exact-then-unique-porter-1.0.0,baek-smart-porter-1.0.0
S2020-143,0000827052,EIX,Edison International,0000827052-21-000019,2020,2021-02-25,1.0.3,0.3.0,0,0,0.00000000,78277,3514,0,0.00000000,success,,,,,,,,,,,0,warning_denominator_zero,,,,,,,,,warning_denominator_zero,,,,,,0,0,0,,0,0,warning_denominator_zero,2.91732428,2.82000000,0.80437088,1.17000000,5.00000000,29835,43095,13260,0.69230769,2217,7467,warning_stem_collisions,78301,11.26831565,3514,1452,22.28258395,21.92281705,0.05102106,0,0.00000000,15979,0.16948451,6851238,525327,0.07667622,success,209,1530,-0.75963197,1087,0.01495371,362,0.00497998,229,0.00315032,1215,0.01671459,635,0.00873561,,,0.00287518,0.02104800,-0.01817281,0.02392318,4492,72691,warning_denominator_zero,warning_denominator_zero,success,exact-then-unique-porter-1.0.0,baek-smart-porter-1.0.0
S2020-144,0001099800,EW,Edwards Lifesciences,0001099800-21-000007,2020,2021-02-12,1.0.3,0.3.0,0,0,0.00000000,39801,2040,0,0.00000000,success,,,,,,,,,,,0,warning_denominator_zero,,,,,,,,,warning_denominator_zero,,,,,,0,0,0,,0,0,warning_denominator_zero,2.87269826,2.76000000,0.80361575,1.26000000,5.00000000,15888,21291,5403,0.74623080,1943,3801,warning_stem_collisions,39567,10.58575072,2040,898,19.39558824,20.58119161,0.03424571,0,0.00000000,7624,0.16155623,3687645,269775,0.07315645,success,215,697,-0.52850877,735,0.01951828,355,0.00942720,69,0.00183233,450,0.01194997,344,0.00913509,,,0.00570943,0.01850917,-0.01279975,0.02421860,2370,37657,warning_denominator_zero,warning_denominator_zero,success,exact-then-unique-porter-1.0.0,baek-smart-porter-1.0.0
S2020-145,0000712515,EA,Electronic Arts,0000712515-20-000019,2020,2020-05-20,1.0.3,0.3.0,0,0,0.00000000,41755,1848,0,0.00000000,success,,,,,,,,,,,0,warning_denominator_zero,,,,,,,,,warning_denominator_zero,,,,,,0,0,0,,0,0,warning_denominator_zero,2.89997407,2.83000000,0.81480704,1.25000000,5.00000000,16580,21864,5284,0.75832419,1818,3984,warning_stem_collisions,41689,10.63799258,1848,772,22.55898268,20.30036187,0.03406174,0,0.00000000,6680,0.13810498,4155367,275187,0.06622448,success,239,660,-0.46829811,691,0.01739415,358,0.00901173,94,0.00236621,303,0.00762725,329,0.00828173,,,0.00601621,0.01661380,-0.01059759,0.02263002,2216,39726,warning_denominator_zero,warning_denominator_zero,success,exact-then-unique-porter-1.0.0,baek-smart-porter-1.0.0
S2020-146,0000032604,EMR,Emerson Electric,0000032604-20-000041,2020,2020-11-16,1.0.3,0.3.0,0,0,0.00000000,33115,1601,0,0.00000000,success,,,,,,,,,,,0,warning_denominator_zero,,,,,,,,,warning_denominator_zero,,,,,,0,0,0,,0,0,warning_denominator_zero,2.96589516,2.86000000,0.80977597,1.26000000,5.00000000,13545,17896,4351,0.75687304,1754,3195,warning_stem_collisions,33024,10.40498985,1601,649,20.62710806,20.58935410,0.06449855,0,0.00000000,4365,0.11674557,2721156,222391,0.08172666,success,192,489,-0.43612335,460,0.01512312,165,0.00542460,40,0.00131505,275,0.00904100,203,0.00667390,,,0.00631226,0.01607654,-0.00976428,0.02238880,1566,30417,warning_denominator_zero,warning_denominator_zero,success,exact-then-unique-porter-1.0.0,baek-smart-porter-1.0.0
S2020-147,0000065984,ETR,Entergy,0000065984-21-000096,2020,2021-02-26,1.0.3,0.3.0,0,0,0.00000000,211345,10482,0,0.00000000,success,,,,,,,,,,,0,warning_denominator_zero,,,,,,,,,warning_denominator_zero,,,,,,0,0,0,,0,0,warning_denominator_zero,2.93316819,2.90000000,0.77313603,1.17000000,5.00000000,82899,117659,34760,0.70456999,2927,18317,warning_stem_collisions,209796,12.25389091,10482,4707,20.01488266,21.62827429,0.04296555,0,0.00000000,50823,0.19500881,19630995,1413482,0.07200257,success,617,2808,-0.63970803,2385,0.01209181,938,0.00475560,376,0.00190630,2717,0.01377503,1469,0.00744774,,,0.00312815,0.01423639,-0.01110824,0.01736454,9925,197241,warning_denominator_zero,warning_denominator_zero,success,exact-then-unique-porter-1.0.0,baek-smart-porter-1.0.0
S2020-148,0000033185,EFX,Equifax,0000033185-21-000025,2020,2021-02-25,1.0.3,0.3.0,1,11,0.17916185,61397,2921,7,0.00239644,success,5,0.01893939,6,0.02272727,5,0.01893939,0,0.00000000,4,0.01515152,264,success,4,1,0.01515152,0.00378788,0.60000000,0.01893939,0.01136364,20,success,2.77147826,2.60000000,0.79832786,1.50000000,4.93000000,115,149,34,0.77181208,66,30,warning_stem_collisions,2.85209048,2.79000000,0.75592531,1.19000000,4.96000000,24028,32014,7986,0.75054664,2214,5684,warning_stem_collisions,61486,11.02656479,2921,1014,21.04964053,20.96403215,0.03763458,11,0.17890251,10760,0.14893558,4794907,409944,0.08549571,success,303,1281,-0.61742424,891,0.01521724,386,0.00659243,153,0.00261306,922,0.01574669,545,0.00930797,,,0.00517489,0.02187799,-0.01670310,0.02705288,3831,58552,warning_stem_collisions,success,success,exact-then-unique-porter-1.0.0,baek-smart-porter-1.0.0
S2020-149,0001101239,EQIX,Equinix,0001628280-21-002563,2020,2021-02-19,1.0.3,0.3.0,0,0,0.00000000,69652,3463,0,0.00000000,success,,,,,,,,,,,0,warning_denominator_zero,,,,,,,,,warning_denominator_zero,,,,,,0,0,0,,0,0,warning_denominator_zero,2.91298467,2.83000000,0.81337103,1.19000000,5.00000000,26673,36070,9397,0.73947879,2281,6421,warning_stem_collisions,69365,11.14713770,3463,1640,20.03032053,19.96482552,0.04007785,0,0.00000000,16522,0.19236904,7187204,454076,0.06317839,success,362,1138,-0.51733333,1291,0.01963618,674,0.01025157,160,0.00243361,518,0.00787881,556,0.00845679,,,0.00550604,0.01730904,-0.01180300,0.02281508,3846,65746,warning_denominator_zero,warning_denominator_zero,success,exact-then-unique-porter-1.0.0,baek-smart-porter-1.0.0
S2020-150,0000906107,EQR,Equity Residential,0001564590-21-006679,2020,2021-02-18,1.0.3,0.3.0,0,0,0.00000000,36113,2467,0,0.00000000,success,,,,,,,,,,,0,warning_denominator_zero,,,,,,,,,warning_denominator_zero,,,,,,0,0,0,,0,0,warning_denominator_zero,2.84714224,2.74000000,0.79104244,1.25000000,5.00000000,13892,18645,4753,0.74507911,1729,3431,warning_stem_collisions,36200,10.49681440,2467,885,14.67369274,21.05640748,0.03483425,0,0.00000000,30846,0.46007219,18124470,240548,0.01327200,success,171,501,-0.49107143,626,0.01817759,316,0.00917591,96,0.00278762,229,0.00664963,335,0.00972763,,,0.00496545,0.01454788,-0.00958244,0.01951333,1871,34438,warning_denominator_zero,warning_denominator_zero,success,exact-then-unique-porter-1.0.0,baek-smart-porter-1.0.0
S2020-151,0000920522,ESS,Essex Property Trust,0000920522-21-000015,2020,2021-02-19,1.0.3,0.3.0,0,0,0.00000000,63548,2965,0,0.00000000,success,,,,,,,,,,,0,warning_denominator_zero,,,,,,,,,warning_denominator_zero,,,,,,0,0,0,,0,0,warning_denominator_zero,2.90340202,2.82000000,0.81589499,1.19000000,5.00000000,23974,32466,8492,0.73843405,2128,6000,warning_stem_collisions,63401,11.05723491,2965,1345,21.38313659,21.19186623,0.04689200,0,0.00000000,17040,0.21183227,7920868,417328,0.05268715,success,324,1065,-0.53347732,1167,0.01964680,734,0.01235711,142,0.00239061,384,0.00646476,499,0.00840081,,,0.00545464,0.01792959,-0.01247496,0.02338423,3407,59399,warning_denominator_zero,warning_denominator_zero,success,exact-then-unique-porter-1.0.0,baek-smart-porter-1.0.0
S2020-152,0001001250,EL,Estée Lauder Companies (The),0001001250-20-000065,2020,2020-08-28,1.0.3,0.3.0,0,0,0.00000000,55119,2754,0,0.00000000,success,,,,,,,,,,,0,warning_denominator_zero,,,,,,,,,warning_denominator_zero,,,,,,0,0,0,,0,0,warning_denominator_zero,2.90592968,2.82000000,0.81443649,1.26000000,5.00000000,21787,29231,7444,0.74533885,2012,5337,warning_stem_collisions,55029,10.91561560,2754,1190,19.98148148,20.66043964,0.03814352,0,0.00000000,22446,0.28971926,7290350,366501,0.05027207,success,365,750,-0.34529148,849,0.01630748,265,0.00509008,112,0.00215128,312,0.00599285,339,0.00651147,,,0.00701087,0.01440590,-0.00739503,0.02141677,2547,52062,warning_denominator_zero,warning_denominator_zero,success,exact-then-unique-porter-1.0.0,baek-smart-porter-1.0.0
S2020-153,0001370637,ETSY,Etsy,0001370637-21-000012,2020,2021-02-26,1.0.3,0.3.0,1,12,0.17199123,69771,3111,11,0.00353584,success,4,0.01142857,0,0.00000000,3,0.00857143,0,0.00000000,0,0.00000000,350,success,15,3,0.04285714,0.00857143,0.66666667,0.05142857,0.03428571,22,success,2.97722581,2.93000000,0.88532592,1.44000000,4.93000000,155,195,40,0.79487179,96,30,warning_stem_collisions,2.91305073,2.82000000,0.82391270,1.19000000,5.00000000,27223,35586,8363,0.76499185,2547,6158,warning_stem_collisions,69760,11.15281606,3111,1265,22.42365799,20.31949979,0.02987385,12,0.17201835,13033,0.15741669,3719290,455482,0.12246477,success,537,1285,-0.41053787,1445,0.02163400,909,0.01360921,156,0.00233557,651,0.00974653,511,0.00765050,,,0.00803976,0.01923854,-0.01119878,0.02727831,4348,66793,warning_stem_collisions,success,success,exact-then-unique-porter-1.0.0,baek-smart-porter-1.0.0
S2020-154,0001711269,EVRG,Evergy,0001711269-21-000023,2020,2021-02-26,1.0.3,0.3.0,0,0,0.00000000,58535,3014,0,0.00000000,success,,,,,,,,,,,0,warning_denominator_zero,,,,,,,,,warning_denominator_zero,,,,,,0,0,0,,0,0,warning_denominator_zero,2.89113255,2.76000000,0.79486127,1.26000000,5.00000000,22648,32684,10036,0.69293844,1893,5390,warning_stem_collisions,58369,10.97454021,3014,1327,19.36595886,22.07379053,0.03496719,0,0.00000000,22933,0.28207178,9920674,390116,0.03932354,success,157,693,-0.63058824,792,0.01432914,357,0.00645897,119,0.00215299,703,0.01271892,455,0.00823202,,,0.00284050,0.01253799,-0.00969750,0.01537849,2821,55272,warning_denominator_zero,warning_denominator_zero,success,exact-then-unique-porter-1.0.0,baek-smart-porter-1.0.0
S2020-155,0000072741,ES,Eversource Energy,0000072741-21-000005,2020,2021-02-17,1.0.3,0.3.0,0,0,0.00000000,106949,4636,0,0.00000000,success,,,,,,,,,,,0,warning_denominator_zero,,,,,,,,,warning_denominator_zero,,,,,,0,0,0,,0,0,warning_denominator_zero,2.95445602,2.90000000,0.79739834,1.19000000,5.00000000,42226,58680,16454,0.71959782,2491,9554,warning_stem_collisions,107323,11.58359826,4636,1934,23.14991372,21.58595392,0.05038994,0,0.00000000,20948,0.16331049,10232491,712919,0.06967209,success,482,1201,-0.42721331,965,0.00962440,367,0.00366026,189,0.00188499,1312,0.01308519,633,0.00631321,,,0.00480721,0.01197814,-0.00717093,0.01678535,4606,100266,warning_denominator_zero,warning_denominator_zero,success,exact-then-unique-porter-1.0.0,baek-smart-porter-1.0.0
S2020-156,0001109357,EXC,Exelon,0001109357-21-000022,2020,2021-02-24,1.0.3,0.3.0,0,0,0.00000000,126789,7482,0,0.00000000,success,,,,,,,,,,,0,warning_denominator_zero,,,,,,,,,warning_denominator_zero,,,,,,0,0,0,,0,0,warning_denominator_zero,2.87762869,2.80000000,0.79489925,1.26000000,5.00000000,49888,70007,20119,0.71261445,2509,13125,warning_stem_collisions,125921,11.74341001,7482,3414,16.82985833,21.33852060,0.03673732,0,0.00000000,56341,0.30912094,24458360,864013,0.03532588,success,397,1536,-0.58923952,1679,0.01412052,639,0.00537404,276,0.00232118,1766,0.01485219,1166,0.00980615,,,0.00333880,0.01291788,-0.00957908,0.01625668,6476,118905,warning_denominator_zero,warning_denominator_zero,success,exact-then-unique-porter-1.0.0,baek-smart-porter-1.0.0
S2020-157,0001324424,EXPE,Expedia Group,0001324424-21-000015,2020,2021-02-12,1.0.3,0.3.0,1,2,0.03213109,62245,2707,2,0.00073883,success,1,0.02173913,0,0.00000000,1,0.02173913,0,0.00000000,0,0.00000000,46,success,0,0,0.00000000,0.00000000,,0.00000000,0.00000000,1,success,3.11150000,2.96500000,0.72592200,2.20000000,4.52000000,20,27,7,0.74074074,18,6,warning_stem_collisions,2.92577037,2.83000000,0.82930109,1.26000000,5.00000000,24378,32504,8126,0.75000000,2356,5787,warning_stem_collisions,62090,11.03634022,2707,1067,22.93683044,20.93108136,0.03543244,2,0.03221131,11152,0.15226236,3609395,409867,0.11355560,success,295,1230,-0.61311475,1019,0.01719106,501,0.00845213,108,0.00182202,846,0.01427246,464,0.00782792,,,0.00497680,0.02075074,-0.01577394,0.02572754,3660,59275,warning_stem_collisions,success,success,exact-then-unique-porter-1.0.0,baek-smart-porter-1.0.0
S2020-158,0000746515,EXPD,Expeditors International,0001564590-21-006925,2020,2021-02-19,1.0.3,0.3.0,0,0,0.00000000,30422,1688,0,0.00000000,success,,,,,,,,,,,0,warning_denominator_zero,,,,,,,,,warning_denominator_zero,,,,,,0,0,0,,0,0,warning_denominator_zero,2.91838918,2.82000000,0.82981008,1.19000000,5.00000000,12205,16223,4018,0.75232694,1786,3044,warning_stem_collisions,30432,10.32324997,1688,620,18.02843602,20.36902057,0.03062566,0,0.00000000,7585,0.19951601,3512380,205160,0.05841054,success,190,467,-0.42161339,495,0.01698171,210,0.00720436,57,0.00195547,275,0.00943429,211,0.00723867,,,0.00651823,0.01602113,-0.00950290,0.02253937,1624,29149,warning_denominator_zero,warning_denominator_zero,success,exact-then-unique-porter-1.0.0,baek-smart-porter-1.0.0
S2020-159,0001289490,EXR,Extra Space Storage,0001628280-21-003458,2020,2021-02-26,1.0.3,0.3.0,0,0,0.00000000,36083,1824,0,0.00000000,success,,,,,,,,,,,0,warning_denominator_zero,,,,,,,,,warning_denominator_zero,,,,,,0,0,0,,0,0,warning_denominator_zero,2.89910366,2.79000000,0.81293626,1.19000000,5.00000000,13979,18238,4259,0.76647659,1649,3105,warning_stem_collisions,35949,10.48985655,1824,785,19.70888158,19.79948726,0.03791482,0,0.00000000,8341,0.18832694,3503103,232924,0.06649077,success,158,468,-0.49520767,571,0.01671692,285,0.00834382,88,0.00257634,246,0.00720204,243,0.00711421,,,0.00462570,0.01370144,-0.00907574,0.01832714,1666,34157,warning_denominator_zero,warning_denominator_zero,success,exact-then-unique-porter-1.0.0,baek-smart-porter-1.0.0
S2020-160,0000034088,XOM,ExxonMobil,0000034088-21-000012,2020,2021-02-24,1.0.3,0.3.0,0,0,0.00000000,42318,2323,0,0.00000000,success,,,,,,,,,,,0,warning_denominator_zero,,,,,,,,,warning_denominator_zero,,,,,,0,0,0,,0,0,warning_denominator_zero,2.93806877,2.82000000,0.82423002,1.30000000,5.00000000,16984,23158,6174,0.73339667,1914,4441,warning_stem_collisions,42282,10.65211674,2323,925,18.20146362,20.89445160,0.03814862,0,0.00000000,16702,0.28316154,6179087,286651,0.04639051,success,261,541,-0.34912718,513,0.01286359,198,0.00496489,88,0.00220662,262,0.00656971,332,0.00832497,,,0.00654463,0.01356570,-0.00702106,0.02011033,1866,39880,warning_denominator_zero,warning_denominator_zero,success,exact-then-unique-porter-1.0.0,baek-smart-porter-1.0.0
S2020-161,0001048695,FFIV,"F5, Inc.",0001048695-20-000041,2020,2020-11-19,1.0.3,0.3.0,1,5,0.11935453,41892,2000,5,0.00250000,success,0,0.00000000,0,0.00000000,0,0.00000000,1,0.00740741,0,0.00000000,135,success,2,4,0.01481481,0.02962963,-0.33333333,0.04444444,-0.01481481,6,success,2.94689655,3.12000000,0.80246647,1.62000000,4.48000000,58,98,40,0.59183673,45,17,warning_stem_collisions,2.90385487,2.83000000,0.79909171,1.26000000,5.00000000,16509,22205,5696,0.74348120,1968,4235,warning_stem_collisions,41961,10.64449589,2000,823,20.98050000,20.36183227,0.03827364,5,0.11915827,5821,0.12182412,2878752,280417,0.09740922,success,252,762,-0.50295858,714,0.01795684,360,0.00905387,83,0.00208742,327,0.00822393,324,0.00814848,,,0.00633771,0.01916403,-0.01282632,0.02550174,2328,39762,warning_stem_collisions,success,success,exact-then-unique-porter-1.0.0,baek-smart-porter-1.0.0
S2020-162,0000037785,FMC,FMC Corporation,0000037785-21-000024,2020,2021-02-25,1.0.3,0.3.0,1,3,0.05457125,54974,2818,2,0.00070972,success,0,0.00000000,0,0.00000000,0,0.00000000,0,0.00000000,0,0.00000000,74,success,3,0,0.04054054,0.00000000,1.00000000,0.04054054,0.04054054,3,success,3.20147059,3.19000000,0.85003160,1.83000000,4.89000000,34,46,12,0.73913043,32,8,warning_stem_collisions,2.90343415,2.82000000,0.80429385,1.26000000,5.00000000,21656,28829,7173,0.75118804,2181,5165,warning_stem_collisions,54766,10.91082484,2818,1219,19.43435060,20.15481177,0.04221597,3,0.05477851,11949,0.17910515,4664401,368616,0.07902751,success,299,974,-0.53024352,841,0.01622018,283,0.00545816,128,0.00246871,641,0.01236282,418,0.00806187,,,0.00576675,0.01878532,-0.01301857,0.02455206,3109,51849,warning_stem_collisions,success,success,exact-then-unique-porter-1.0.0,baek-smart-porter-1.0.0
S2020-163,0001326801,FB,Facebook,0001326801-21-000014,2020,2021-01-28,1.0.3,0.3.0,1,12,0.20569783,58338,2411,12,0.00497719,success,8,0.01188707,10,0.01485884,4,0.00594354,0,0.00000000,2,0.00297177,673,success,4,6,0.00594354,0.00891530,-0.20000000,0.01485884,-0.00297177,30,success,3.05822368,3.07000000,0.81537899,1.50000000,4.93000000,304,388,84,0.78350515,108,76,warning_stem_collisions,2.86619693,2.81000000,0.80775503,1.19000000,5.00000000,22069,29040,6971,0.75995179,2040,5617,warning_stem_collisions,58284,10.97308289,2411,1000,24.17420158,20.64498005,0.02386590,12,0.20588841,6459,0.09976368,2768590,377676,0.13641456,success,257,1554,-0.71617891,1197,0.02119147,663,0.01173763,167,0.00295654,897,0.01588032,457,0.00809064,,,0.00454988,0.02751173,-0.02296185,0.03206161,4300,56485,warning_stem_collisions,success,success,exact-then-unique-porter-1.0.0,baek-smart-porter-1.0.0
S2020-164,0000815556,FAST,Fastenal,0000815556-21-000008,2020,2021-02-08,1.0.3,0.3.0,0,0,0.00000000,36232,1812,0,0.00000000,success,,,,,,,,,,,0,warning_denominator_zero,,,,,,,,,warning_denominator_zero,,,,,,0,0,0,,0,0,warning_denominator_zero,2.96210232,2.89000000,0.81434994,1.04000000,5.00000000,14113,18577,4464,0.75970286,2055,3331,warning_stem_collisions,36294,10.49940772,1812,675,20.02980132,19.43027613,0.03353171,0,0.00000000,6146,0.14481621,2430835,237574,0.09773349,success,300,479,-0.22978177,524,0.01511873,232,0.00669379,82,0.00236591,156,0.00450100,136,0.00392394,,,0.00865576,0.01382036,-0.00516460,0.02247612,1615,34659,warning_denominator_zero,warning_denominator_zero,success,exact-then-unique-porter-1.0.0,baek-smart-porter-1.0.0
S2020-165,0001048911,FDX,FedEx,0001564590-20-032775,2020,2020-07-20,1.0.3,0.3.0,1,1,0.01681266,59479,3522,1,0.00028393,success,0,0.00000000,0,0.00000000,0,0.00000000,0,0.00000000,1,0.04347826,23,success,1,1,0.04347826,0.04347826,0.00000000,0.08695652,0.00000000,3,success,2.82166667,2.82000000,0.78571447,1.76000000,4.63000000,12,15,3,0.80000000,10,2,warning_stem_collisions,2.95136742,2.83000000,0.83114470,1.19000000,5.00000000,23453,31731,8278,0.73911947,2386,5327,warning_stem_collisions,59390,10.99188114,3522,1151,16.86257808,20.05280197,0.03839030,1,0.01683785,29317,0.33049252,9007538,396928,0.04406620,success,349,826,-0.40595745,983,0.01747183,497,0.00883367,144,0.00255945,559,0.00993566,446,0.00792720,,,0.00620312,0.01468131,-0.00847819,0.02088443,3096,56262,warning_stem_collisions,success,success,exact-then-unique-porter-1.0.0,baek-smart-porter-1.0.0
S2020-166,0000034903,FRT,Federal Realty Investment Trust,0000034903-21-000020,2020,2021-02-11,1.0.3,0.3.0,0,0,0.00000000,42639,2053,0,0.00000000,success,,,,,,,,,,,0,warning_denominator_zero,,,,,,,,,warning_denominator_zero,,,,,,0,0,0,,0,0,warning_denominator_zero,2.86225108,2.74000000,0.80010906,1.19000000,5.00000000,16481,21337,4856,0.77241412,1735,3719,warning_stem_collisions,42428,10.65556380,2053,989,20.66634194,20.02822691,0.04492316,0,0.00000000,13243,0.23787969,4150484,274109,0.06604266,success,221,593,-0.45700246,786,0.01958537,390,0.00971793,110,0.00274095,211,0.00525765,345,0.00859663,,,0.00550683,0.01477624,-0.00926941,0.02028307,2175,40132,warning_denominator_zero,warning_denominator_zero,success,exact-then-unique-porter-1.0.0,baek-smart-porter-1.0.0
S2020-167,0001136893,FIS,Fidelity National Information Services,0001136893-21-000025,2020,2021-02-18,1.0.3,0.3.0,1,5,0.09112946,54867,2599,3,0.00115429,success,2,0.02061856,2,0.02061856,0,0.00000000,0,0.00000000,0,0.00000000,97,success,0,1,0.00000000,0.01030928,-1.00000000,0.01030928,-0.01030928,5,success,2.94203704,2.84500000,0.84554690,1.63000000,4.54000000,54,65,11,0.83076923,31,9,warning_stem_collisions,2.86199799,2.74000000,0.79777313,1.19000000,5.00000000,21932,29286,7354,0.74889025,2125,5426,warning_stem_collisions,54802,10.91148197,2599,1115,21.08580223,21.22606148,0.02808292,5,0.09123755,9364,0.14593398,3527154,371458,0.10531380,success,274,1054,-0.58734940,941,0.01792313,424,0.00807588,103,0.00196183,668,0.01272332,495,0.00942821,,,0.00521885,0.02007543,-0.01485658,0.02529427,3337,52502,warning_stem_collisions,success,success,exact-then-unique-porter-1.0.0,baek-smart-porter-1.0.0
S2020-168,0000035527,FITB,Fifth Third Bancorp,0000035527-21-000100,2020,2021-02-26,1.0.3,0.3.0,0,0,0.00000000,122719,5676,0,0.00000000,success,,,,,,,,,,,0,warning_denominator_zero,,,,,,,,,warning_denominator_zero,,,,,,0,0,0,,0,0,warning_denominator_zero,2.84296366,2.72000000,0.77212870,1.26000000,4.97000000,47276,65294,18018,0.72404815,2609,11463,warning_stem_collisions,122569,11.71642942,5676,2376,21.59425652,20.89880956,0.04528062,0,0.00000000,30008,0.19667447,11858035,812769,0.06854163,success,411,2370,-0.70442287,1844,0.01607336,644,0.00561347,174,0.00151668,1180,0.01028555,878,0.00765315,,,0.00358251,0.02065828,-0.01707576,0.02424079,6466,114724,warning_denominator_zero,warning_denominator_zero,success,exact-then-unique-porter-1.0.0,baek-smart-porter-1.0.0
S2020-169,0001031296,FE,FirstEnergy,0001031296-21-000020,2020,2021-02-18,1.0.3,0.3.0,0,0,0.00000000,82040,3624,0,0.00000000,success,,,,,,,,,,,0,warning_denominator_zero,,,,,,,,,warning_denominator_zero,,,,,,0,0,0,,0,0,warning_denominator_zero,2.88819902,2.80000000,0.78550190,1.19000000,5.00000000,30811,44210,13399,0.69692377,2249,7611,warning_stem_collisions,82279,11.31787119,3624,1317,22.70391832,21.66741670,0.05107014,0,0.00000000,14487,0.14971168,5402531,546915,0.10123311,success,321,1691,-0.68091451,1197,0.01557985,540,0.00702850,173,0.00225172,1527,0.01987505,659,0.00857738,,,0.00417806,0.02200963,-0.01783158,0.02618769,5301,76830,warning_denominator_zero,warning_denominator_zero,success,exact-then-unique-porter-1.0.0,baek-smart-porter-1.0.0
S2020-170,0000798354,FISV,Fiserv,0000798354-21-000004,2020,2021-02-26,1.0.3,0.3.0,1,1,0.01555041,64307,2632,1,0.00037994,success,0,0.00000000,0,0.00000000,0,0.00000000,0,0.00000000,0,0.00000000,33,success,0,1,0.00000000,0.03030303,-1.00000000,0.03030303,-0.03030303,1,success,2.82571429,2.74000000,0.70636947,1.68000000,4.31000000,21,25,4,0.84000000,21,1,warning_stem_collisions,2.89291229,2.80000000,0.79199958,1.19000000,5.00000000,25255,33757,8502,0.74814113,2134,6326,warning_stem_collisions,64200,11.06975849,2632,1022,24.39209726,21.84305330,0.03792835,1,0.01557632,8415,0.11588515,4023680,430382,0.10696228,success,430,932,-0.36857562,952,0.01565480,442,0.00726830,135,0.00221996,605,0.00994869,535,0.00879761,,,0.00707097,0.01532592,-0.00825495,0.02239690,3424,60812,warning_stem_collisions,success,success,exact-then-unique-porter-1.0.0,baek-smart-porter-1.0.0
S2020-171,0000030625,FLS,Flowserve,0000030625-21-000034,2020,2021-02-23,1.0.3,0.3.0,1,1,0.01768472,56546,2514,1,0.00039777,success,1,0.00740741,0,0.00000000,0,0.00000000,0,0.00000000,1,0.00740741,135,success,4,1,0.02962963,0.00740741,0.60000000,0.03703704,0.02222222,7,success,2.73532258,2.61000000,0.71342590,1.63000000,4.62000000,62,88,26,0.70454545,57,17,warning_stem_collisions,2.86892434,2.76000000,0.79739124,1.26000000,5.00000000,22349,29653,7304,0.75368428,2166,5602,warning_stem_collisions,56634,10.94436479,2514,1006,22.52744630,21.14355109,0.04258926,1,0.01765724,10039,0.15057070,4623485,377930,0.08174137,success,326,1000,-0.50829563,930,0.01733845,297,0.00553712,128,0.00238637,522,0.00973191,431,0.00803535,,,0.00607778,0.01864350,-0.01256572,0.02472128,3070,53638,warning_stem_collisions,success,success,exact-then-unique-porter-1.0.0,baek-smart-porter-1.0.0
S2020-172,0000037996,F,Ford Motor Company,0000037996-21-000012,2020,2021-02-05,1.0.3,0.3.0,1,32,0.46219398,69235,3780,22,0.00582011,success,1,0.00141643,0,0.00000000,0,0.00000000,1,0.00141643,2,0.00283286,706,success,5,2,0.00708215,0.00283286,0.42857143,0.00991501,0.00424929,11,success,2.97992308,2.85000000,0.81876689,1.67000000,4.81000000,260,452,192,0.57522124,100,73,warning_stem_collisions,2.95541359,2.85000000,0.83841266,1.26000000,5.00000000,28748,37922,9174,0.75808238,2333,6525,warning_stem_collisions,69007,11.14196323,3780,1643,18.25582011,19.40343770,0.03114177,32,0.46372107,16754,0.19535686,7160736,463458,0.06472212,success,307,1317,-0.62192118,1040,0.01580115,379,0.00575830,129,0.00195995,558,0.00847792,529,0.00803732,,,0.00466438,0.02000972,-0.01534535,0.02467410,3661,65818,warning_stem_collisions,success,success,exact-then-unique-porter-1.0.0,baek-smart-porter-1.0.0
S2020-173,0001262039,FTNT,Fortinet,0001262039-21-000008,2020,2021-02-19,1.0.3,0.3.0,1,11,0.18731375,58725,2541,6,0.00236128,success,0,0.00000000,0,0.00000000,0,0.00000000,0,0.00000000,0,0.00000000,230,success,2,7,0.00869565,0.03043478,-0.55555556,0.03913043,-0.02173913,9,success,2.99991228,2.82000000,0.75654744,1.64000000,4.69000000,114,161,47,0.70807453,52,25,warning_stem_collisions,2.87215145,2.82000000,0.78376067,1.26000000,5.00000000,23031,30865,7834,0.74618500,2214,5869,warning_stem_collisions,58633,10.97905296,2541,1129,23.07477371,20.84810975,0.02273464,11,0.18760766,6646,0.10180916,3262953,394476,0.12089540,success,328,1654,-0.66902119,1221,0.02155873,759,0.01340137,126,0.00222473,661,0.01167102,429,0.00757469,,,0.00579137,0.02920404,-0.02341267,0.03499541,4164,56636,warning_stem_collisions,success,success,exact-then-unique-porter-1.0.0,baek-smart-porter-1.0.0
S2020-174,0001659166,FTV,Fortive,0001659166-21-000062,2020,2021-02-26,1.0.3,0.3.0,0,0,0.00000000,60094,2537,0,0.00000000,success,,,,,,,,,,,0,warning_denominator_zero,,,,,,,,,warning_denominator_zero,,,,,,0,0,0,,0,0,warning_denominator_zero,2.85585034,2.76000000,0.78142603,1.26000000,5.00000000,23520,31206,7686,0.75370121,2134,5569,warning_stem_collisions,59881,11.00011454,2537,1118,23.60307450,21.98617216,0.04002939,0,0.00000000,11202,0.15759042,4147687,402032,0.09692920,success,336,1132,-0.54223433,947,0.01671580,417,0.00736060,137,0.00241823,649,0.01145570,468,0.00826082,,,0.00593084,0.01998129,-0.01405045,0.02591213,3456,56653,warning_denominator_zero,warning_denominator_zero,success,exact-then-unique-porter-1.0.0,baek-smart-porter-1.0.0
S2020-175,0001754301,FOXA|FOX,Fox Corporation (Class A)|Fox Corporation (Class B),0001564590-20-038975,2020,2020-08-10,1.0.3,0.3.0,0,0,0.00000000,50316,2374,0,0.00000000,success,,,,,,,,,,,0,warning_denominator_zero,,,,,,,,,warning_denominator_zero,,,,,,0,0,0,,0,0,warning_denominator_zero,3.00474217,2.90000000,0.87980183,1.26000000,5.00000000,20343,27381,7038,0.74296045,1985,4675,warning_stem_collisions,50561,10.83093581,2374,912,21.29780960,21.80839773,0.03287119,0,0.00000000,15594,0.23571914,6920522,339399,0.04904240,success,207,831,-0.60115607,817,0.01704214,397,0.00828118,90,0.00187735,495,0.01032541,336,0.00700876,,,0.00431790,0.01733417,-0.01301627,0.02165207,2600,47940,warning_denominator_zero,warning_denominator_zero,success,exact-then-unique-porter-1.0.0,baek-smart-porter-1.0.0
S2020-176,0000038777,BEN,Franklin Resources,0000038777-20-000203,2020,2020-11-23,1.0.3,0.3.0,0,0,0.00000000,50741,2203,0,0.00000000,success,,,,,,,,,,,0,warning_denominator_zero,,,,,,,,,warning_denominator_zero,,,,,,0,0,0,,0,0,warning_denominator_zero,2.87204608,2.78000000,0.79091476,1.19000000,5.00000000,20224,27162,6938,0.74456962,1890,4690,warning_stem_collisions,50605,10.83180566,2203,800,22.97094871,21.89239516,0.02829760,0,0.00000000,11864,0.18991820,4710177,339996,0.07218327,success,181,827,-0.64087302,919,0.01897114,426,0.00879402,91,0.00187854,627,0.01294331,405,0.00836051,,,0.00373643,0.01707196,-0.01333554,0.02080839,2874,48442,warning_denominator_zero,warning_denominator_zero,success,exact-then-unique-porter-1.0.0,baek-smart-porter-1.0.0
S2020-177,0000831259,FCX,Freeport-McMoRan,0000831259-21-000009,2020,2021-02-16,1.0.3,0.3.0,1,1,0.01131017,88416,4175,1,0.00023952,success,0,0.00000000,0,0.00000000,0,0.00000000,0,0.00000000,0,0.00000000,32,success,3,0,0.09375000,0.00000000,1.00000000,0.09375000,0.09375000,3,success,3.11444444,3.04000000,0.71375550,2.07000000,4.25000000,9,19,10,0.47368421,9,8,warning_stem_collisions,3.02881864,2.90000000,0.88627351,1.19000000,5.00000000,34020,48020,14000,0.70845481,2732,8550,warning_stem_collisions,88300,11.38849539,4175,1549,21.14970060,20.00020201,0.04609287,1,0.01132503,16812,0.15994368,7799534,581510,0.07455702,success,360,1448,-0.60176991,1397,0.01688462,502,0.00606735,208,0.00251396,995,0.01202591,681,0.00823080,,,0.00435108,0.01750103,-0.01314994,0.02185211,4819,82738,warning_stem_collisions,success,success,exact-then-unique-porter-1.0.0,baek-smart-porter-1.0.0
S2020-178,0000040545,GE,GE Aerospace,0000040545-21-000011,2020,2021-02-12,1.0.3,0.3.0,1,2,0.03051059,65551,2762,2,0.00072411,success,0,0.00000000,0,0.00000000,0,0.00000000,0,0.00000000,0,0.00000000,53,success,3,0,0.05660377,0.00000000,1.00000000,0.05660377,0.05660377,3,success,2.79437500,2.71500000,0.69146103,1.82000000,4.60000000,32,43,11,0.74418605,27,6,warning_stem_collisions,2.88542594,2.82000000,0.78648840,1.04000000,5.00000000,25649,34975,9326,0.73335239,2232,6468,warning_stem_collisions,65238,11.08579740,2762,961,23.61984070,22.58559071,0.05041540,2,0.03065698,18661,0.22242220,7228705,433319,0.05994421,success,346,1303,-0.58035173,953,0.01560913,298,0.00488093,109,0.00178530,753,0.01233334,402,0.00658434,,,0.00566711,0.02134176,-0.01567465,0.02700888,3574,61054,warning_stem_collisions,success,success,exact-then-unique-porter-1.0.0,baek-smart-porter-1.0.0
S2020-179,0001121788,GRMN,Garmin,0001564590-21-006192,2020,2021-02-17,1.0.3,0.3.0,1,1,0.02889422,34609,1803,1,0.00055463,success,0,0.00000000,1,0.04347826,0,0.00000000,0,0.00000000,0,0.00000000,23,success,0,0,0.00000000,0.00000000,,0.00000000,0.00000000,1,success,3.75000000,3.59000000,0.86557990,2.57000000,4.79000000,7,16,9,0.43750000,5,1,warning_stem_collisions,2.91422440,2.85000000,0.81597761,1.26000000,5.00000000,13235,17885,4650,0.74000559,1849,3198,warning_stem_collisions,34570,10.45074153,1803,632,19.17359956,20.65714656,0.03855944,1,0.02892682,11687,0.25265365,5568426,229400,0.04119656,success,184,663,-0.56552538,630,0.01921904,315,0.00960952,69,0.00210494,306,0.00933496,228,0.00695546,,,0.00561318,0.02022575,-0.01461257,0.02583893,1971,32780,warning_stem_collisions,success,success,exact-then-unique-porter-1.0.0,baek-smart-porter-1.0.0
S2020-180,0000749251,IT,Gartner,0000749251-21-000010,2020,2021-02-24,1.0.3,0.3.0,0,0,0.00000000,43334,2088,0,0.00000000,success,,,,,,,,,,,0,warning_denominator_zero,,,,,,,,,warning_denominator_zero,,,,,,0,0,0,,0,0,warning_denominator_zero,2.85909426,2.75000000,0.79004303,1.19000000,4.96000000,16528,22133,5605,0.74675823,1907,4038,warning_stem_collisions,43178,10.67308639,2088,783,20.67911877,20.33788563,0.04773264,0,0.00000000,6864,0.13716478,3040264,288243,0.09480854,success,235,641,-0.46347032,653,0.01615577,280,0.00692744,105,0.00259779,421,0.01041589,322,0.00796655,,,0.00581410,0.01585888,-0.01004478,0.02167298,2262,40419,warning_denominator_zero,warning_denominator_zero,success,exact-then-unique-porter-1.0.0,baek-smart-porter-1.0.0
S2020-181,0000040533,GD,General Dynamics,0000040533-21-000010,2020,2021-02-09,1.0.3,0.3.0,1,7,0.18654231,37525,2103,5,0.00237756,success,0,0.00000000,1,0.00606061,0,0.00000000,0,0.00000000,0,0.00000000,165,success,4,2,0.02424242,0.01212121,0.33333333,0.03636364,0.01212121,6,success,3.01712329,2.93000000,0.81063560,1.67000000,4.93000000,73,118,45,0.61864407,59,23,warning_stem_collisions,2.94010856,2.86000000,0.81969187,1.26000000,5.00000000,14462,19548,5086,0.73981993,1876,3684,warning_stem_collisions,37577,10.53414744,2103,846,17.86828340,19.74431239,0.03419645,7,0.18628416,9743,0.20589603,3973612,251500,0.06329254,success,233,422,-0.28854962,477,0.01340905,143,0.00401990,55,0.00154612,511,0.01436483,273,0.00767436,,,0.00654991,0.01186293,-0.00531302,0.01841284,1879,35573,warning_stem_collisions,success,success,exact-then-unique-porter-1.0.0,baek-smart-porter-1.0.0
S2020-182,0000040704,GIS,General Mills,0001193125-20-186469,2020,2020-07-02,1.0.3,0.3.0,0,0,0.00000000,42188,2267,0,0.00000000,success,,,,,,,,,,,0,warning_denominator_zero,,,,,,,,,warning_denominator_zero,,,,,,0,0,0,,0,0,warning_denominator_zero,2.93476684,2.79000000,0.86902997,1.26000000,5.00000000,17177,22871,5694,0.75103843,1803,4008,warning_stem_collisions,42012,10.64571057,2267,984,18.53198059,19.08469901,0.04053604,0,0.00000000,11379,0.21312581,5730563,277605,0.04844288,success,245,682,-0.47141316,787,0.01980422,388,0.00976371,57,0.00143436,216,0.00543547,321,0.00807771,,,0.00616523,0.01716198,-0.01099675,0.02332721,2143,39739,warning_denominator_zero,warning_denominator_zero,success,exact-then-unique-porter-1.0.0,baek-smart-porter-1.0.0
S2020-183,0001467858,GM,General Motors,0001467858-21-000037,2020,2021-02-10,1.0.3,0.3.0,0,0,0.00000000,51758,2433,0,0.00000000,success,,,,,,,,,,,0,warning_denominator_zero,,,,,,,,,warning_denominator_zero,,,,,,0,0,0,,0,0,warning_denominator_zero,2.92603873,2.83000000,0.83810580,1.25000000,5.00000000,21122,28244,7122,0.74784025,2264,4944,warning_stem_collisions,51625,10.85176133,2433,937,21.21866009,21.61167348,0.03794673,0,0.00000000,12914,0.20009607,5081502,345412,0.06797439,success,281,1086,-0.58888076,825,0.01683227,341,0.00695734,122,0.00248914,577,0.01177239,418,0.00852835,,,0.00573317,0.02215739,-0.01642421,0.02789056,3060,49013,warning_denominator_zero,warning_denominator_zero,success,exact-then-unique-porter-1.0.0,baek-smart-porter-1.0.0
S2020-184,0000040987,GPC,Genuine Parts Company,0000040987-21-000009,2020,2021-02-19,1.0.3,0.3.0,0,0,0.00000000,38546,2005,0,0.00000000,success,,,,,,,,,,,0,warning_denominator_zero,,,,,,,,,warning_denominator_zero,,,,,,0,0,0,,0,0,warning_denominator_zero,2.92410046,2.85000000,0.81116632,1.30000000,4.97000000,15091,20299,5208,0.74343564,1824,3954,warning_stem_collisions,38462,10.55742602,2005,844,19.18304239,20.52626490,0.04544745,0,0.00000000,7777,0.16819135,3055417,257644,0.08432368,success,189,700,-0.57480315,675,0.01862531,259,0.00714660,62,0.00171077,239,0.00659474,269,0.00742253,,,0.00521509,0.01931514,-0.01410005,0.02453023,1991,36241,warning_denominator_zero,warning_denominator_zero,success,exact-then-unique-porter-1.0.0,baek-smart-porter-1.0.0
S2020-185,0000882095,GILD,Gilead Sciences,0000882095-21-000008,2020,2021-02-25,1.0.3,0.3.0,0,0,0.00000000,57874,2682,0,0.00000000,success,,,,,,,,,,,0,warning_denominator_zero,,,,,,,,,warning_denominator_zero,,,,,,0,0,0,,0,0,warning_denominator_zero,2.87514078,2.80000000,0.79437848,1.19000000,5.00000000,21913,29970,8057,0.73116450,2161,5092,warning_stem_collisions,57705,10.96309910,2682,1141,21.51565996,20.81888296,0.03881813,0,0.00000000,11084,0.16113041,4491814,384171,0.08552692,success,399,1120,-0.47465438,1025,0.01870916,444,0.00810426,135,0.00246413,806,0.01471179,397,0.00724638,,,0.00728288,0.02044318,-0.01316030,0.02772606,3579,54786,warning_denominator_zero,warning_denominator_zero,success,exact-then-unique-porter-1.0.0,baek-smart-porter-1.0.0
S2020-186,0001123360,GPN,Global Payments,0001123360-21-000009,2020,2021-02-19,1.0.3,0.3.0,0,0,0.00000000,52005,2207,0,0.00000000,success,,,,,,,,,,,0,warning_denominator_zero,,,,,,,,,warning_denominator_zero,,,,,,0,0,0,,0,0,warning_denominator_zero,2.85636588,2.77000000,0.77864825,1.19000000,4.97000000,20701,27043,6342,0.76548460,2003,5003,warning_stem_collisions,51833,10.85578229,2207,864,23.48572723,21.58070156,0.03518994,0,0.00000000,7547,0.12709667,3222062,345866,0.10734306,success,236,836,-0.55970149,876,0.01770233,423,0.00854804,103,0.00208144,517,0.01044761,464,0.00937658,,,0.00476912,0.01689401,-0.01212489,0.02166313,2907,49485,warning_denominator_zero,warning_denominator_zero,success,exact-then-unique-porter-1.0.0,baek-smart-porter-1.0.0
S2020-187,0000320335,GL,Globe Life,0000320335-21-000010,2020,2021-02-25,1.0.3,0.3.0,0,0,0.00000000,41804,2662,0,0.00000000,success,,,,,,,,,,,0,warning_denominator_zero,,,,,,,,,warning_denominator_zero,,,,,,0,0,0,,0,0,warning_denominator_zero,2.90517028,2.83000000,0.79424817,1.26000000,4.97000000,17765,22768,5003,0.78026177,1735,3668,warning_stem_collisions,41789,10.64038843,2662,1280,15.69834711,19.25093181,0.04429395,0,0.00000000,15235,0.26716821,6857758,277324,0.04043946,success,208,709,-0.54634678,464,0.01180391,155,0.00394312,88,0.00223867,395,0.01004859,289,0.00735201,,,0.00529141,0.01803658,-0.01274517,0.02332799,1977,39309,warning_denominator_zero,warning_denominator_zero,success,exact-then-unique-porter-1.0.0,baek-smart-porter-1.0.0
S2020-188,0000886982,GS,Goldman Sachs,0001193125-21-049380,2020,2021-02-22,1.0.3,0.3.0,0,0,0.00000000,112053,7315,0,0.00000000,success,,,,,,,,,,,0,warning_denominator_zero,,,,,,,,,warning_denominator_zero,,,,,,0,0,0,,0,0,warning_denominator_zero,2.88223977,2.75000000,0.80946555,1.19000000,5.00000000,44250,60208,15958,0.73495217,2391,10931,warning_stem_collisions,112275,11.62870650,7315,2890,15.34859877,19.24171983,0.03131597,0,0.00000000,50437,0.30997714,13902256,750893,0.05401231,success,493,2531,-0.67394180,1883,0.01759386,554,0.00517631,172,0.00160709,1763,0.01647263,1005,0.00939024,,,0.00460636,0.02364846,-0.01904210,0.02825482,7230,107026,warning_denominator_zero,warning_denominator_zero,success,exact-then-unique-porter-1.0.0,baek-smart-porter-1.0.0
S2020-189,0000860730,HCA,HCA Healthcare,0001193125-21-048994,2020,2021-02-19,1.0.3,0.3.0,0,0,0.00000000,36815,2633,0,0.00000000,success,,,,,,,,,,,0,warning_denominator_zero,,,,,,,,,warning_denominator_zero,,,,,,0,0,0,,0,0,warning_denominator_zero,2.81501036,2.72000000,0.74734744,1.26000000,5.00000000,14957,19875,4918,0.75255346,1812,3637,warning_stem_collisions,36785,10.51284543,2633,1266,13.97075579,19.56937683,0.04580671,0,0.00000000,18001,0.32856934,3267977,248927,0.07617159,success,171,841,-0.66205534,547,0.01576323,296,0.00853001,83,0.00239186,534,0.01538861,328,0.00945218,,,0.00492781,0.02423561,-0.01930780,0.02916342,2360,34701,warning_denominator_zero,warning_denominator_zero,success,exact-then-unique-porter-1.0.0,baek-smart-porter-1.0.0
S2020-190,0000047217,HPQ,HP Inc.,0000047217-20-000045,2020,2020-12-10,1.0.3,0.3.0,0,0,0.00000000,61540,3092,0,0.00000000,success,,,,,,,,,,,0,warning_denominator_zero,,,,,,,,,warning_denominator_zero,,,,,,0,0,0,,0,0,warning_denominator_zero,2.89819402,2.81000000,0.81955969,1.19000000,5.00000000,24430,33477,9047,0.72975476,2394,6294,warning_stem_collisions,61570,11.02793002,3092,1386,19.91267788,19.98013753,0.03045314,0,0.00000000,11873,0.16166279,4966847,412533,0.08305732,success,343,1492,-0.62615804,1183,0.02013309,617,0.01050052,96,0.00163379,860,0.01463606,440,0.00748821,,,0.00583740,0.02539185,-0.01955445,0.03122926,4132,58759,warning_denominator_zero,warning_denominator_zero,success,exact-then-unique-porter-1.0.0,baek-smart-porter-1.0.0
S2020-191,0000045012,HAL,Halliburton,0000045012-21-000009,2020,2021-02-05,1.0.3,0.3.0,1,1,0.03150202,31744,1815,1,0.00055096,success,0,0.00000000,0,0.00000000,0,0.00000000,0,0.00000000,0,0.00000000,36,success,0,0,0.00000000,0.00000000,,0.00000000,0.00000000,0,success,3.40500000,3.50000000,0.88593736,1.85000000,4.93000000,20,24,4,0.83333333,20,4,warning_stem_collisions,2.91012542,2.76000000,0.83302494,1.19000000,5.00000000,12518,16540,4022,0.75683192,1804,3167,warning_stem_collisions,31563,10.35974083,1815,780,17.39008264,19.71921628,0.04207458,1,0.03168267,9294,0.22747632,2543971,209861,0.08249347,success,159,639,-0.60150376,541,0.01806284,231,0.00771260,50,0.00166939,268,0.00894795,324,0.01081767,,,0.00530867,0.02133485,-0.01602618,0.02664352,1849,29951,warning_stem_collisions,success,success,exact-then-unique-porter-1.0.0,baek-smart-porter-1.0.0
S2020-192,0000874766,HIG,Hartford (The),0000874766-21-000022,2020,2021-02-19,1.0.3,0.3.0,0,0,0.00000000,144539,6813,0,0.00000000,success,,,,,,,,,,,0,warning_denominator_zero,,,,,,,,,warning_denominator_zero,,,,,,0,0,0,,0,0,warning_denominator_zero,2.85747346,2.75000000,0.78216490,1.26000000,5.00000000,59445,79078,19633,0.75172614,2659,14134,warning_stem_collisions,143888,11.87679050,6813,2835,21.11962425,21.72717823,0.03390832,0,0.00000000,31738,0.18071356,12956408,966962,0.07463195,success,759,4323,-0.70129870,2550,0.01862497,798,0.00582852,271,0.00197936,1834,0.01339537,968,0.00707018,,,0.00554367,0.03157480,-0.02603113,0.03711846,9920,136913,warning_denominator_zero,warning_denominator_zero,success,exact-then-unique-porter-1.0.0,baek-smart-porter-1.0.0
S2020-193,0000046080,HAS,Hasbro,0000046080-21-000035,2020,2021-02-24,1.0.3,0.3.0,0,0,0.00000000,69342,3277,0,0.00000000,success,,,,,,,,,,,0,warning_denominator_zero,,,,,,,,,warning_denominator_zero,,,,,,0,0,0,,0,0,warning_denominator_zero,2.97547510,2.89000000,0.83384532,1.19000000,5.00000000,26889,35939,9050,0.74818442,2285,6566,warning_stem_collisions,68879,11.14010662,3277,1451,21.01891974,19.97440915,0.04242222,0,0.00000000,10079,0.12765014,3934685,458113,0.11642940,success,404,980,-0.41618497,894,0.01376380,377,0.00580420,128,0.00197066,370,0.00569643,439,0.00675873,,,0.00621988,0.01508783,-0.00886795,0.02130771,3057,64953,warning_denominator_zero,warning_denominator_zero,success,exact-then-unique-porter-1.0.0,baek-smart-porter-1.0.0
S2020-194,0000765880,PEAK,Healthpeak Properties,0001628280-21-001804,2020,2021-02-10,1.0.3,0.3.0,0,0,0.00000000,74545,3157,0,0.00000000,success,,,,,,,,,,,0,warning_denominator_zero,,,,,,,,,warning_denominator_zero,,,,,,0,0,0,,0,0,warning_denominator_zero,2.89394705,2.79000000,0.80887275,1.19000000,5.00000000,28971,39213,10242,0.73881111,2188,6972,warning_stem_collisions,74124,11.21349465,3157,1600,23.47925245,21.56202104,0.03882683,0,0.00000000,18758,0.20195517,12350101,492114,0.03984696,success,370,1600,-0.62436548,1078,0.01533734,600,0.00853655,132,0.00187804,676,0.00961785,673,0.00957516,,,0.00526421,0.02276414,-0.01749993,0.02802834,4256,70286,warning_denominator_zero,warning_denominator_zero,success,exact-then-unique-porter-1.0.0,baek-smart-porter-1.0.0
S2020-195,0001000228,HSIC,Henry Schein,0001000228-21-000019,2020,2021-02-17,1.0.3,0.3.0,0,0,0.00000000,42621,6551,0,0.00000000,success,,,,,,,,,,,0,warning_denominator_zero,,,,,,,,,warning_denominator_zero,,,,,,0,0,0,,0,0,warning_denominator_zero,2.94904023,2.90000000,0.79619651,1.26000000,5.00000000,15087,20467,5380,0.73713783,1618,3336,warning_stem_collisions,40136,10.60002897,6551,5792,6.12669821,13.76419076,0.14049731,0,0.00000000,0,0.00000000,3890290,279195,0.07176714,success,134,583,-0.62622036,389,0.01144151,121,0.00355893,57,0.00167652,537,0.01579458,254,0.00747081,,,0.00394129,0.01714756,-0.01320627,0.02108886,1790,33999,warning_denominator_zero,warning_denominator_zero,success,exact-then-unique-porter-1.0.0,baek-smart-porter-1.0.0
S2020-196,0000047111,HSY,Hershey Company (The),0000047111-21-000007,2020,2021-02-17,1.0.3,0.3.0,0,0,0.00000000,41729,2370,0,0.00000000,success,,,,,,,,,,,0,warning_denominator_zero,,,,,,,,,warning_denominator_zero,,,,,,0,0,0,,0,0,warning_denominator_zero,2.93168396,2.82000000,0.83063881,1.19000000,5.00000000,16574,22177,5603,0.74735086,1920,4147,warning_stem_collisions,41550,10.63465280,2370,1074,17.53164557,19.50924278,0.04206980,0,0.00000000,12446,0.23049856,4095372,279826,0.06832737,success,265,469,-0.27792916,603,0.01538972,187,0.00477260,62,0.00158236,243,0.00620183,273,0.00696749,,,0.00676331,0.01196978,-0.00520647,0.01873309,1811,39182,warning_denominator_zero,warning_denominator_zero,success,exact-then-unique-porter-1.0.0,baek-smart-porter-1.0.0
S2020-197,0001645590,HPE,Hewlett Packard Enterprise,0001645590-20-000056,2020,2020-12-10,1.0.3,0.3.0,1,16,0.22223148,71997,3331,13,0.00390273,success,0,0.00000000,0,0.00000000,0,0.00000000,0,0.00000000,0,0.00000000,378,success,5,0,0.01322751,0.00000000,1.00000000,0.01322751,0.01322751,5,success,3.13617021,3.12000000,0.74568989,1.64000000,4.89000000,188,263,75,0.71482890,117,29,warning_stem_collisions,2.88896321,2.80000000,0.80533548,1.19000000,5.00000000,28868,39303,10435,0.73449864,2355,7072,warning_stem_collisions,71910,11.18317062,3331,1539,21.58811168,21.11294817,0.03172021,16,0.22250035,13431,0.15738039,5701079,483834,0.08486709,success,390,1341,-0.54939341,1249,0.01823943,542,0.00791495,133,0.00194223,786,0.01147814,476,0.00695114,,,0.00569526,0.01958293,-0.01388767,0.02527819,4075,68478,warning_stem_collisions,success,success,exact-then-unique-porter-1.0.0,baek-smart-porter-1.0.0
S2020-198,0001585689,HLT,Hilton Worldwide,0001585689-21-000016,2020,2021-02-17,1.0.3,0.3.0,0,0,0.00000000,60935,2639,0,0.00000000,success,,,,,,,,,,,0,warning_denominator_zero,,,,,,,,,warning_denominator_zero,,,,,,0,0,0,,0,0,warning_denominator_zero,2.89148156,2.75000000,0.84295007,1.19000000,5.00000000,23617,31392,7775,0.75232543,2457,5855,warning_stem_collisions,60823,11.01572329,2639,1158,23.04774536,21.30455614,0.02839386,0,0.00000000,13081,0.17699989,4007426,400332,0.09989754,success,435,1237,-0.47966507,1044,0.01785165,567,0.00969529,128,0.00218871,605,0.01034506,570,0.00974659,,,0.00743819,0.02115181,-0.01371362,0.02858999,3805,58482,warning_denominator_zero,warning_denominator_zero,success,exact-then-unique-porter-1.0.0,baek-smart-porter-1.0.0
S2020-199,0000354950,HD,Home Depot (The),0000354950-20-000015,2020,2020-03-25,1.0.3,0.3.0,0,0,0.00000000,30809,1733,0,0.00000000,success,,,,,,,,,,,0,warning_denominator_zero,,,,,,,,,warning_denominator_zero,,,,,,0,0,0,,0,0,warning_denominator_zero,2.92592506,2.82000000,0.84005967,1.04000000,5.00000000,12410,16325,3915,0.76018377,1851,3083,warning_stem_collisions,30740,10.33332002,1733,604,17.73802654,19.24333735,0.03191282,0,0.00000000,9924,0.24404879,2622554,204402,0.07794005,success,235,489,-0.35082873,435,0.01479642,211,0.00717711,63,0.00214293,174,0.00591857,217,0.00738120,,,0.00799347,0.01663322,-0.00863975,0.02462669,1506,29399,warning_denominator_zero,warning_denominator_zero,success,exact-then-unique-porter-1.0.0,baek-smart-porter-1.0.0
S2020-200,0000773840,HON,Honeywell Technologies,0000773840-21-000015,2020,2021-02-12,1.0.3,0.3.0,0,0,0.00000000,42607,2252,0,0.00000000,success,,,,,,,,,,,0,warning_denominator_zero,,,,,,,,,warning_denominator_zero,,,,,,0,0,0,,0,0,warning_denominator_zero,2.89284557,2.81000000,0.79807257,1.19000000,5.00000000,17529,23411,5882,0.74875059,2005,4050,warning_stem_collisions,42610,10.65984425,2252,1128,18.92095915,21.13098231,0.03623563,0,0.00000000,12557,0.22761796,4938575,292145,0.05915573,success,262,829,-0.51970669,637,0.01574044,213,0.00526329,81,0.00200153,641,0.01583928,359,0.00887099,,,0.00647409,0.02048482,-0.01401072,0.02695891,2604,40469,warning_denominator_zero,warning_denominator_zero,success,exact-then-unique-porter-1.0.0,baek-smart-porter-1.0.0
S2020-201,0000048465,HRL,Hormel Foods,0000048465-20-000043,2020,2020-12-04,1.0.3,0.3.0,0,0,0.00000000,31071,1761,0,0.00000000,success,,,,,,,,,,,0,warning_denominator_zero,,,,,,,,,warning_denominator_zero,,,,,,0,0,0,,0,0,warning_denominator_zero,2.94589570,2.81000000,0.84932816,1.19000000,5.00000000,12694,16966,4272,0.74820229,1670,3053,warning_stem_collisions,30939,10.33977280,1761,663,17.56899489,19.82169416,0.03649116,0,0.00000000,8821,0.22185614,3524515,208303,0.05910118,success,167,446,-0.45513866,459,0.01571918,159,0.00544521,51,0.00174658,249,0.00852740,244,0.00835616,,,0.00571918,0.01527397,-0.00955479,0.02099315,1496,29200,warning_denominator_zero,warning_denominator_zero,success,exact-then-unique-porter-1.0.0,baek-smart-porter-1.0.0
S2020-202,0001070750,HST,Host Hotels & Resorts,0001564590-21-008676,2020,2021-02-25,1.0.3,0.3.0,0,0,0.00000000,49870,2813,0,0.00000000,success,,,,,,,,,,,0,warning_denominator_zero,,,,,,,,,warning_denominator_zero,,,,,,0,0,0,,0,0,warning_denominator_zero,2.95011745,2.82000000,0.85666608,1.19000000,5.00000000,19413,25116,5703,0.77293359,1936,4108,warning_stem_collisions,49965,10.81907804,2813,874,17.76217561,19.96569353,0.03408386,0,0.00000000,23487,0.31975984,9956095,321317,0.03227340,success,243,701,-0.48516949,715,0.01494347,325,0.00679248,158,0.00330219,347,0.00725228,477,0.00996928,,,0.00507869,0.01465087,-0.00957218,0.01972955,2515,47847,warning_denominator_zero,warning_denominator_zero,success,exact-then-unique-porter-1.0.0,baek-smart-porter-1.0.0
S2020-203,0000004281,HWM,Howmet Aerospace,0000004281-21-000049,2020,2021-02-16,1.0.3,0.3.0,0,0,0.00000000,59999,2676,0,0.00000000,success,,,,,,,,,,,0,warning_denominator_zero,,,,,,,,,warning_denominator_zero,,,,,,0,0,0,,0,0,warning_denominator_zero,2.90794393,2.79000000,0.81275323,1.19000000,5.00000000,22757,31336,8579,0.72622543,2174,5781,warning_stem_collisions,59771,10.99827587,2676,964,22.33594918,21.58600538,0.04448646,0,0.00000000,12373,0.17150421,4390205,397773,0.09060465,success,279,1443,-0.67595819,871,0.01548913,446,0.00793129,100,0.00177832,715,0.01271495,526,0.00935394,,,0.00496150,0.02566109,-0.02069959,0.03062259,3602,56233,warning_denominator_zero,warning_denominator_zero,success,exact-then-unique-porter-1.0.0,baek-smart-porter-1.0.0
S2020-204,0000049071,HUM,Humana,0000049071-21-000039,2020,2021-02-18,1.0.3,0.3.0,0,0,0.00000000,59970,2656,0,0.00000000,success,,,,,,,,,,,0,warning_denominator_zero,,,,,,,,,warning_denominator_zero,,,,,,0,0,0,,0,0,warning_denominator_zero,2.85703358,2.76000000,0.77197953,1.19000000,5.00000000,24447,32396,7949,0.75463020,2048,5721,warning_stem_collisions,59841,10.99944632,2656,1103,22.53049699,21.63699799,0.04017313,0,0.00000000,10364,0.14762481,4357485,399887,0.09177014,success,400,1028,-0.43977591,906,0.01598419,332,0.00585734,80,0.00141141,942,0.01661933,435,0.00767453,,,0.00705704,0.01813659,-0.01107955,0.02519363,3471,56681,warning_denominator_zero,warning_denominator_zero,success,exact-then-unique-porter-1.0.0,baek-smart-porter-1.0.0
S2020-205,0000049196,HBAN,Huntington Bancshares,0000049196-21-000018,2020,2021-02-26,1.0.3,0.3.0,0,0,0.00000000,74825,3687,0,0.00000000,success,,,,,,,,,,,0,warning_denominator_zero,,,,,,,,,warning_denominator_zero,,,,,,0,0,0,,0,0,warning_denominator_zero,2.82467524,2.71000000,0.79181677,1.19000000,5.00000000,30238,40397,10159,0.74852093,2424,6835,warning_stem_collisions,74675,11.22090064,3687,1552,20.25359371,21.39769606,0.03583529,0,0.00000000,21384,0.22261319,9026767,502260,0.05564118,success,332,1423,-0.62165242,1391,0.01959845,508,0.00715745,185,0.00260655,632,0.00890454,713,0.01004579,,,0.00467770,0.02004931,-0.01537161,0.02472702,4484,70975,warning_denominator_zero,warning_denominator_zero,success,exact-then-unique-porter-1.0.0,baek-smart-porter-1.0.0
S2020-206,0001501585,HII,Huntington Ingalls Industries,0001501585-21-000008,2020,2021-02-11,1.0.3,0.3.0,1,1,0.01682454,59437,2798,1,0.00035740,success,2,0.04761905,0,0.00000000,1,0.02380952,0,0.00000000,0,0.00000000,42,success,0,1,0.00000000,0.02380952,-1.00000000,0.02380952,-0.02380952,3,success,3.14100000,2.98000000,0.78810469,1.68000000,4.64000000,20,27,7,0.74074074,19,2,warning_stem_collisions,2.91672915,2.86000000,0.80695358,1.04000000,5.00000000,23578,31901,8323,0.73909909,2204,5689,warning_stem_collisions,59435,10.99263856,2798,1038,21.24195854,20.72026234,0.04017835,1,0.01682510,9635,0.13949616,3632868,397669,0.10946420,success,320,1107,-0.55150666,964,0.01712286,378,0.00671415,97,0.00172294,960,0.01705181,511,0.00907654,,,0.00568394,0.01966287,-0.01397893,0.02534681,3734,56299,warning_stem_collisions,success,success,exact-then-unique-porter-1.0.0,baek-smart-porter-1.0.0
S2020-207,0000051143,IBM,IBM,0001558370-21-001489,2020,2021-02-23,1.0.3,0.3.0,1,10,1.01235068,9878,543,9,0.01657459,success,6,0.01226994,9,0.01840491,5,0.01022495,1,0.00204499,0,0.00000000,489,success,9,21,0.01840491,0.04294479,-0.40000000,0.06134969,-0.02453988,45,success,2.88040000,2.80500000,0.83303772,1.45000000,4.89000000,200,272,72,0.73529412,141,46,warning_stem_collisions,2.92671163,2.85000000,0.83605430,1.30000000,5.00000000,3929,5342,1413,0.73549232,1031,959,warning_stem_collisions,9955,9.20583022,543,201,18.33333333,21.99574479,0.02812657,10,1.00452034,4810,0.32577040,1513272,67974,0.04491856,success,82,237,-0.48589342,238,0.02522523,128,0.01356651,27,0.00286169,122,0.01293058,52,0.00551139,,,0.00869104,0.02511924,-0.01642819,0.03381028,734,9435,warning_stem_collisions,success,success,exact-then-unique-porter-1.0.0,baek-smart-porter-1.0.0
S2020-208,0000832101,IEX,IDEX Corporation,0000832101-21-000017,2020,2021-02-25,1.0.3,0.3.0,0,0,0.00000000,39225,1819,0,0.00000000,success,,,,,,,,,,,0,warning_denominator_zero,,,,,,,,,warning_denominator_zero,,,,,,0,0,0,,0,0,warning_denominator_zero,2.95067658,2.89000000,0.81072557,1.04000000,5.00000000,15460,20865,5405,0.74095375,1872,3731,warning_stem_collisions,38979,10.57077832,1819,693,21.42880704,21.06218163,0.05025783,0,0.00000000,9792,0.20077505,4389480,261028,0.05946672,success,180,549,-0.50617284,519,0.01423126,176,0.00482602,69,0.00189202,289,0.00792454,321,0.00880200,,,0.00493570,0.01505388,-0.01011818,0.01998958,1774,36469,warning_denominator_zero,warning_denominator_zero,success,exact-then-unique-porter-1.0.0,baek-smart-porter-1.0.0
S2020-209,0001111928,IPGP,IPG Photonics,0001111928-21-000026,2020,2021-02-22,1.0.3,0.3.0,0,0,0.00000000,43711,2163,0,0.00000000,success,,,,,,,,,,,0,warning_denominator_zero,,,,,,,,,warning_denominator_zero,,,,,,0,0,0,,0,0,warning_denominator_zero,2.93906390,2.86000000,0.84111053,1.19000000,5.00000000,17135,22922,5787,0.74753512,2154,4334,warning_stem_collisions,43617,10.68320226,2163,847,20.16504854,19.98377783,0.03278538,0,0.00000000,6864,0.13597195,3051364,290084,0.09506699,success,241,896,-0.57607740,772,0.01852607,407,0.00976698,79,0.00189580,323,0.00775119,372,0.00892707,,,0.00578340,0.02150176,-0.01571837,0.02728516,2492,41671,warning_denominator_zero,warning_denominator_zero,success,exact-then-unique-porter-1.0.0,baek-smart-porter-1.0.0
S2020-210,0001478242,IQV,IQVIA,0001478242-21-000020,2020,2021-02-12,1.0.3,0.3.0,1,1,0.01714002,58343,2721,1,0.00036751,success,0,0.00000000,0,0.00000000,0,0.00000000,0,0.00000000,0,0.00000000,14,success,0,0,0.00000000,0.00000000,,0.00000000,0.00000000,0,success,2.49750000,2.43500000,0.60794223,1.85000000,3.93000000,8,10,2,0.80000000,8,2,warning_stem_collisions,2.84576360,2.73000000,0.78055505,1.19000000,5.00000000,23291,30529,7238,0.76291395,2400,5525,warning_stem_collisions,58029,10.96869816,2721,1162,21.32635061,20.97093884,0.02896827,1,0.01723276,10467,0.15281184,4534402,390460,0.08611058,success,371,1185,-0.52313625,1244,0.02233273,640,0.01148951,116,0.00208247,808,0.01450550,532,0.00955065,,,0.00666032,0.02127354,-0.01461322,0.02793386,4057,55703,warning_stem_collisions,success,success,exact-then-unique-porter-1.0.0,baek-smart-porter-1.0.0
S2020-211,0000874716,IDXX,Idexx Laboratories,0000874716-21-000008,2020,2021-02-12,1.0.3,0.3.0,0,0,0.00000000,58240,2596,0,0.00000000,success,,,,,,,,,,,0,warning_denominator_zero,,,,,,,,,warning_denominator_zero,,,,,,0,0,0,,0,0,warning_denominator_zero,2.90954164,2.82000000,0.82081458,1.19000000,5.00000000,22668,30725,8057,0.73777055,2209,5897,warning_stem_collisions,58224,10.97205292,2596,916,22.42835131,21.09007186,0.03213451,0,0.00000000,10596,0.15396687,3716444,388973,0.10466268,success,372,796,-0.36301370,962,0.01727885,388,0.00696902,137,0.00246071,519,0.00932196,497,0.00892681,,,0.00668163,0.01429726,-0.00761563,0.02097890,3110,55675,warning_denominator_zero,warning_denominator_zero,success,exact-then-unique-porter-1.0.0,baek-smart-porter-1.0.0
S2020-212,0000049826,ITW,Illinois Tool Works,0000049826-21-000007,2020,2021-02-12,1.0.3,0.3.0,0,0,0.00000000,33110,1794,0,0.00000000,success,,,,,,,,,,,0,warning_denominator_zero,,,,,,,,,warning_denominator_zero,,,,,,0,0,0,,0,0,warning_denominator_zero,2.96360995,2.89000000,0.83779978,1.30000000,5.00000000,13593,18144,4551,0.74917328,1575,3217,warning_stem_collisions,32722,10.39580291,1794,844,18.23968785,20.61699018,0.05079152,0,0.00000000,8566,0.20746948,3363681,223021,0.06630266,success,287,515,-0.28428928,447,0.01472284,157,0.00517111,61,0.00200916,124,0.00408419,159,0.00523698,,,0.00945292,0.01696255,-0.00750963,0.02641547,1522,30361,warning_denominator_zero,warning_denominator_zero,success,exact-then-unique-porter-1.0.0,baek-smart-porter-1.0.0
S2020-213,0000879169,INCY,Incyte,0001558370-21-000825,2020,2021-02-09,1.0.3,0.3.0,0,0,0.00000000,84820,3603,0,0.00000000,success,,,,,,,,,,,0,warning_denominator_zero,,,,,,,,,warning_denominator_zero,,,,,,0,0,0,,0,0,warning_denominator_zero,2.85739525,2.76000000,0.78139982,1.04000000,5.00000000,31550,43244,11694,0.72958098,2400,7060,warning_stem_collisions,84626,11.34599683,3603,965,23.48764918,21.60508576,0.03647815,0,0.00000000,13566,0.13815789,3581218,560137,0.15640963,success,918,1235,-0.14723641,1285,0.01594590,733,0.00909599,257,0.00318918,762,0.00945585,524,0.00650245,,,0.01139170,0.01532543,-0.00393373,0.02671713,4781,80585,warning_denominator_zero,warning_denominator_zero,success,exact-then-unique-porter-1.0.0,baek-smart-porter-1.0.0
S2020-214,0001699150,IR,Ingersoll Rand,0001628280-21-003454,2020,2021-02-26,1.0.3,0.3.0,0,0,0.00000000,61304,2688,0,0.00000000,success,,,,,,,,,,,0,warning_denominator_zero,,,,,,,,,warning_denominator_zero,,,,,,0,0,0,,0,0,warning_denominator_zero,2.90924012,2.83000000,0.80681219,1.19000000,5.00000000,24438,32481,8043,0.75237831,2278,5795,warning_stem_collisions,61171,11.02142850,2688,1175,22.75706845,21.85019139,0.04018244,0,0.00000000,11796,0.16166212,4816434,410888,0.08530959,success,273,970,-0.56074014,1001,0.01727590,374,0.00645473,128,0.00220911,594,0.01025163,452,0.00780090,,,0.00471161,0.01674088,-0.01202927,0.02145249,3198,57942,warning_denominator_zero,warning_denominator_zero,success,exact-then-unique-porter-1.0.0,baek-smart-porter-1.0.0
S2020-215,0000050863,INTC,Intel,0000050863-21-000010,2020,2021-01-22,1.0.3,0.3.0,1,43,0.88439152,48621,2779,31,0.01115509,success,3,0.00343249,5,0.00572082,3,0.00343249,0,0.00000000,0,0.00000000,874,success,18,19,0.02059497,0.02173913,-0.02702703,0.04233410,-0.00114416,43,success,3.06337950,3.00000000,0.85658938,1.30000000,4.93000000,361,552,191,0.65398551,229,99,warning_stem_collisions,2.91245227,2.83000000,0.82081762,1.19000000,5.00000000,18697,25668,6971,0.72841671,2358,4650,warning_stem_collisions,48726,10.79396805,2779,897,17.53364520,19.93060040,0.03281616,43,0.88248574,19844,0.28939770,4090677,322368,0.07880554,success,449,1240,-0.46832445,715,0.01539256,305,0.00656606,117,0.00251878,527,0.01134529,298,0.00641536,,,0.00966610,0.02669480,-0.01702870,0.03636090,3105,46451,warning_stem_collisions,success,success,exact-then-unique-porter-1.0.0,baek-smart-porter-1.0.0
S2020-216,0001571949,ICE,Intercontinental Exchange,0001571949-21-000003,2020,2021-02-04,1.0.3,0.3.0,1,11,0.13603087,80864,3603,5,0.00138773,success,2,0.01197605,0,0.00000000,0,0.00000000,0,0.00000000,0,0.00000000,167,success,5,0,0.02994012,0.00000000,1.00000000,0.02994012,0.02994012,7,success,2.93630435,2.82000000,0.75827280,1.63000000,4.89000000,92,119,27,0.77310924,43,13,warning_stem_collisions,2.92276719,2.86000000,0.81038062,1.19000000,5.00000000,31635,42458,10823,0.74508926,2557,7587,warning_stem_collisions,80682,11.29827078,3603,1444,22.39300583,20.97965204,0.03179148,11,0.13633772,16367,0.16864677,5577872,531901,0.09535913,success,446,1431,-0.52477357,1390,0.01801311,621,0.00804759,180,0.00233263,974,0.01262214,589,0.00763290,,,0.00577975,0.01854444,-0.01276469,0.02432418,4720,77166,warning_stem_collisions,success,success,exact-then-unique-porter-1.0.0,baek-smart-porter-1.0.0
S2020-217,0000051253,IFF,International Flavors & Fragrances,0000051253-21-000011,2020,2021-02-22,1.0.3,0.3.0,0,0,0.00000000,56521,2591,0,0.00000000,success,,,,,,,,,,,0,warning_denominator_zero,,,,,,,,,warning_denominator_zero,,,,,,0,0,0,,0,0,warning_denominator_zero,2.89357041,2.80000000,0.82438788,1.26000000,5.00000000,21737,29190,7453,0.74467283,2288,5420,warning_stem_collisions,56454,10.94118143,2591,1101,21.78849865,20.90626156,0.03742870,0,0.00000000,12396,0.18004357,4735902,372917,0.07874255,success,363,1131,-0.51405622,1021,0.01900100,497,0.00924926,118,0.00219600,587,0.01092418,420,0.00781628,,,0.00675550,0.02104813,-0.01429263,0.02780363,3409,53734,warning_denominator_zero,warning_denominator_zero,success,exact-then-unique-porter-1.0.0,baek-smart-porter-1.0.0
S2020-218,0000051434,IP,International Paper,0000051434-21-000012,2020,2021-02-19,1.0.3,0.3.0,0,0,0.00000000,55434,2783,0,0.00000000,success,,,,,,,,,,,0,warning_denominator_zero,,,,,,,,,warning_denominator_zero,,,,,,0,0,0,,0,0,warning_denominator_zero,2.95716795,2.85000000,0.84310810,1.04000000,5.00000000,21864,29469,7605,0.74193220,1947,5420,warning_stem_collisions,55182,10.91839209,2783,1157,19.82824290,20.25652444,0.04499656,0,0.00000000,12673,0.18676590,5023540,365565,0.07277040,success,208,846,-0.60531309,819,0.01577032,284,0.00546858,111,0.00213737,514,0.00989737,401,0.00772149,,,0.00400516,0.01629022,-0.01228506,0.02029538,2686,51933,warning_denominator_zero,warning_denominator_zero,success,exact-then-unique-porter-1.0.0,baek-smart-porter-1.0.0
S2020-219,0000896878,INTU,Intuit,0000896878-20-000148,2020,2020-08-31,1.0.3,0.3.0,1,9,0.19097333,47127,2518,7,0.00277998,success,0,0.00000000,0,0.00000000,0,0.00000000,0,0.00000000,0,0.00000000,172,success,4,3,0.02325581,0.01744186,0.14285714,0.04069767,0.00581395,7,success,2.73205479,2.61000000,0.73120460,1.76000000,4.89000000,73,94,21,0.77659574,57,14,warning_stem_collisions,2.89781351,2.82000000,0.81455695,1.26000000,5.00000000,18628,24393,5765,0.76366171,2003,4460,warning_stem_collisions,46890,10.75555971,2518,775,18.62192216,19.37700512,0.02951589,9,0.19193858,14482,0.23597080,4210205,307268,0.07298172,success,240,936,-0.59183673,853,0.01893116,451,0.01000932,90,0.00199743,360,0.00798970,367,0.00814506,,,0.00532647,0.02077323,-0.01544676,0.02609969,2655,45058,warning_stem_collisions,success,success,exact-then-unique-porter-1.0.0,baek-smart-porter-1.0.0
S2020-220,0001035267,ISRG,Intuitive Surgical,0001035267-21-000028,2020,2021-02-10,1.0.3,0.3.0,0,0,0.00000000,74420,3259,0,0.00000000,success,,,,,,,,,,,0,warning_denominator_zero,,,,,,,,,warning_denominator_zero,,,,,,0,0,0,,0,0,warning_denominator_zero,2.90086779,2.85000000,0.81874641,1.19000000,5.00000000,28244,39132,10888,0.72176224,2707,7354,warning_stem_collisions,74718,11.22147631,3259,1208,22.92666462,20.52455020,0.03161220,0,0.00000000,5709,0.07098362,3185831,496264,0.15577223,success,391,1621,-0.61133201,1462,0.02046072,780,0.01091611,234,0.00327483,828,0.01158787,545,0.00762728,,,0.00547205,0.02268592,-0.01721387,0.02815798,4831,71454,warning_denominator_zero,warning_denominator_zero,success,exact-then-unique-porter-1.0.0,baek-smart-porter-1.0.0
S2020-221,0000914208,IVZ,Invesco,0000914208-21-000331,2020,2021-02-19,1.0.3,0.3.0,0,0,0.00000000,58279,2662,0,0.00000000,success,,,,,,,,,,,0,warning_denominator_zero,,,,,,,,,warning_denominator_zero,,,,,,0,0,0,,0,0,warning_denominator_zero,2.88788184,2.80000000,0.79374903,1.19000000,4.96000000,23308,30690,7382,0.75946562,2092,5080,warning_stem_collisions,58145,10.97069517,2662,1112,21.84259955,21.33213661,0.04014103,0,0.00000000,13269,0.18580390,4910325,388503,0.07911961,success,328,998,-0.50527903,944,0.01715927,412,0.00748900,134,0.00243574,513,0.00932490,453,0.00823427,,,0.00596212,0.01814084,-0.01217872,0.02410296,3189,55014,warning_denominator_zero,warning_denominator_zero,success,exact-then-unique-porter-1.0.0,baek-smart-porter-1.0.0
S2020-222,0001020569,IRM,Iron Mountain,0001020569-21-000067,2020,2021-02-24,1.0.3,0.3.0,1,2,0.03583074,55818,3120,2,0.00064103,success,0,0.00000000,0,0.00000000,0,0.00000000,0,0.00000000,0,0.00000000,44,success,0,0,0.00000000,0.00000000,,0.00000000,0.00000000,0,success,3.03230769,3.14000000,0.81046192,1.80000000,4.25000000,26,32,6,0.81250000,13,2,warning_stem_collisions,2.90017334,2.80000000,0.80786500,1.19000000,5.00000000,21922,28891,6969,0.75878301,1875,5143,warning_stem_collisions,55564,10.92529079,3120,1537,17.80897436,19.97762653,0.04427327,2,0.03599453,22918,0.29201600,7200021,367675,0.05106582,success,280,765,-0.46411483,877,0.01664358,380,0.00721158,126,0.00239121,349,0.00662327,475,0.00901448,,,0.00531380,0.01451806,-0.00920426,0.01983186,2729,52693,warning_stem_collisions,success,success,exact-then-unique-porter-1.0.0,baek-smart-porter-1.0.0
S2020-223,0000728535,JBHT,J.B. Hunt,0001437749-21-003667,2020,2021-02-23,1.0.3,0.3.0,0,0,0.00000000,24189,1316,0,0.00000000,success,,,,,,,,,,,0,warning_denominator_zero,,,,,,,,,warning_denominator_zero,,,,,,0,0,0,,0,0,warning_denominator_zero,2.94030505,2.89000000,0.81572470,1.19000000,5.00000000,9605,12665,3060,0.75838926,1488,2285,warning_stem_collisions,24124,10.09096247,1316,424,18.33130699,19.45532181,0.05160836,0,0.00000000,5038,0.17275907,1748698,160011,0.09150294,success,68,402,-0.71063830,325,0.01441178,133,0.00589774,28,0.00124163,281,0.01246064,149,0.00660725,,,0.00301539,0.01782626,-0.01481087,0.02084165,1158,22551,warning_denominator_zero,warning_denominator_zero,success,exact-then-unique-porter-1.0.0,baek-smart-porter-1.0.0
S2020-224,0000091419,SJM,J.M. Smucker Company (The),0000091419-20-000065,2020,2020-06-19,1.0.3,0.3.0,0,0,0.00000000,37460,1797,0,0.00000000,success,,,,,,,,,,,0,warning_denominator_zero,,,,,,,,,warning_denominator_zero,,,,,,0,0,0,,0,0,warning_denominator_zero,2.91066392,2.77000000,0.84804167,1.19000000,5.00000000,14791,19349,4558,0.76443227,1826,3501,warning_stem_collisions,37312,10.52707027,1797,690,20.76349471,20.16647585,0.03754824,0,0.00000000,9498,0.20290536,4748417,245932,0.05179242,success,214,781,-0.56984925,718,0.02023504,327,0.00921568,62,0.00174732,331,0.00932841,300,0.00845475,,,0.00603106,0.02201054,-0.01597948,0.02804160,2223,35483,warning_denominator_zero,warning_denominator_zero,success,exact-then-unique-porter-1.0.0,baek-smart-porter-1.0.0
S2020-225,0000019617,JPM,JPMorgan Chase,0000019617-21-000236,2020,2021-02-23,1.0.3,0.3.0,1,1,0.00563485,177467,8811,1,0.00011349,success,0,0.00000000,2,0.05882353,0,0.00000000,0,0.00000000,0,0.00000000,34,success,1,1,0.02941176,0.02941176,0.00000000,0.05882353,0.00000000,4,success,2.80454545,2.56500000,0.74816580,1.44000000,3.93000000,22,26,4,0.84615385,19,3,warning_stem_collisions,2.86395788,2.73000000,0.79759533,1.19000000,5.00000000,69805,96452,26647,0.72372786,2843,16705,warning_stem_collisions,177269,12.08542363,8811,4084,20.11905573,20.26182151,0.02864573,1,0.00564114,44980,0.20238561,16943466,1194609,0.07050559,success,575,3715,-0.73193473,3398,0.02021368,876,0.00521106,243,0.00144553,1761,0.01047566,1352,0.00804264,,,0.00342050,0.02209941,-0.01867891,0.02551992,10501,168104,warning_stem_collisions,success,success,exact-then-unique-porter-1.0.0,baek-smart-porter-1.0.0
S2020-226,0000779152,JKHY,Jack Henry & Associates,0000779152-20-000064,2020,2020-08-25,1.0.3,0.3.0,0,0,0.00000000,34003,1688,0,0.00000000,success,,,,,,,,,,,0,warning_denominator_zero,,,,,,,,,warning_denominator_zero,,,,,,0,0,0,,0,0,warning_denominator_zero,2.87167785,2.76000000,0.79560478,1.19000000,5.00000000,13565,18131,4566,0.74816612,1696,3455,warning_stem_collisions,33845,10.42954656,1688,716,20.05035545,20.18775582,0.04464470,0,0.00000000,3794,0.10079970,2644857,228938,0.08655969,success,186,481,-0.44227886,484,0.01521582,209,0.00657047,65,0.00204345,287,0.00902260,316,0.00993430,,,0.00584740,0.01512151,-0.00927410,0.02096891,1729,31809,warning_denominator_zero,warning_denominator_zero,success,exact-then-unique-porter-1.0.0,baek-smart-porter-1.0.0
S2020-227,0000052988,J,Jacobs Solutions,0000052988-20-000070,2020,2020-11-24,1.0.3,0.3.0,1,3,0.04565098,65716,3079,3,0.00097434,success,2,0.01379310,0,0.00000000,0,0.00000000,0,0.00000000,0,0.00000000,145,success,2,0,0.01379310,0.00000000,1.00000000,0.01379310,0.01379310,4,success,2.86768293,2.77500000,0.74611563,1.66000000,4.82000000,82,102,20,0.80392157,50,11,warning_stem_collisions,2.88549809,2.81000000,0.79610970,1.04000000,5.00000000,25638,34148,8510,0.75079068,2509,6137,warning_stem_collisions,65868,11.09540802,3079,1335,21.39265995,20.58762885,0.03892634,3,0.04554564,11242,0.14579173,4508999,436917,0.09689889,success,390,1437,-0.57307061,1164,0.01862191,583,0.00932696,115,0.00183979,919,0.01470235,539,0.00862303,,,0.00623930,0.02298943,-0.01675012,0.02922873,4273,62507,warning_stem_collisions,success,success,exact-then-unique-porter-1.0.0,baek-smart-porter-1.0.0
S2020-228,0000833444,JCI,Johnson Controls,0000833444-20-000048,2020,2020-11-16,1.0.3,0.3.0,1,1,0.01700854,58794,2457,1,0.00040700,success,2,0.04255319,0,0.00000000,0,0.00000000,0,0.00000000,0,0.00000000,47,success,0,0,0.00000000,0.00000000,,0.00000000,0.00000000,2,success,2.73600000,2.64500000,0.81069764,1.63000000,4.64000000,30,36,6,0.83333333,29,2,warning_stem_collisions,2.90974174,2.82000000,0.81956721,1.04000000,5.00000000,22961,31499,8538,0.72894378,2180,5971,warning_stem_collisions,58769,10.98136978,2457,1007,23.91900692,22.33436022,0.03707737,1,0.01701577,11320,0.16150894,4807399,395014,0.08216792,success,242,1354,-0.69674185,962,0.01727916,411,0.00738226,111,0.00199375,826,0.01483637,532,0.00955563,,,0.00434673,0.02432015,-0.01997342,0.02866688,3613,55674,warning_stem_collisions,success,success,exact-then-unique-porter-1.0.0,baek-smart-porter-1.0.0
S2020-229,0000319201,KLAC,KLA Corporation,0000319201-20-000047,2020,2020-08-07,1.0.3,0.3.0,1,8,0.12354640,64753,2719,6,0.00220669,success,0,0.00000000,0,0.00000000,0,0.00000000,0,0.00000000,0,0.00000000,189,success,5,0,0.02645503,0.00000000,1.00000000,0.02645503,0.02645503,5,success,3.14606061,3.04000000,0.91551037,1.50000000,4.90000000,99,131,32,0.75572519,74,14,warning_stem_collisions,2.87754963,2.79000000,0.80340400,1.26000000,5.00000000,25490,33972,8482,0.75032380,2360,6335,warning_stem_collisions,64640,11.07658869,2719,1100,23.77344612,21.36371491,0.03004332,8,0.12376238,10321,0.13768493,5513029,432106,0.07837905,success,336,1217,-0.56728912,1116,0.01799826,501,0.00807986,165,0.00266103,542,0.00874109,537,0.00866045,,,0.00541883,0.01962713,-0.01420830,0.02504596,3674,62006,warning_stem_collisions,success,success,exact-then-unique-porter-1.0.0,baek-smart-porter-1.0.0
S2020-230,0000091576,KEY,KeyCorp,0000091576-21-000044,2020,2021-02-22,1.0.3,0.3.0,0,0,0.00000000,81865,4200,0,0.00000000,success,,,,,,,,,,,0,warning_denominator_zero,,,,,,,,,warning_denominator_zero,,,,,,0,0,0,,0,0,warning_denominator_zero,2.86133422,2.74000000,0.80445312,1.26000000,5.00000000,32978,43619,10641,0.75604668,2457,7423,warning_stem_collisions,81655,11.31025833,4200,1662,19.44166667,20.68771316,0.03976486,0,0.00000000,27281,0.25043145,10336895,543483,0.05257701,success,311,1458,-0.64838892,1492,0.01929369,458,0.00592259,140,0.00181040,685,0.00885803,669,0.00865112,,,0.00402167,0.01885402,-0.01483234,0.02287569,4586,77331,warning_denominator_zero,warning_denominator_zero,success,exact-then-unique-porter-1.0.0,baek-smart-porter-1.0.0
S2020-231,0001601046,KEYS,Keysight Technologies,0001601046-20-000154,2020,2020-12-17,1.0.3,0.3.0,1,10,0.19768706,50585,2628,6,0.00228311,success,0,0.00000000,0,0.00000000,0,0.00000000,0,0.00000000,0,0.00000000,250,success,9,1,0.03600000,0.00400000,0.80000000,0.04000000,0.03200000,10,success,3.21333333,3.13500000,0.87687022,1.41000000,4.97000000,144,162,18,0.88888889,52,11,warning_stem_collisions,2.88613892,2.80000000,0.79068617,1.26000000,4.97000000,20515,26966,6451,0.76077283,2090,4920,warning_stem_collisions,50624,10.83218105,2628,850,19.26331811,20.59732031,0.03460809,10,0.19753477,13817,0.21441318,4328634,340032,0.07855411,success,299,878,-0.49192863,875,0.01814111,408,0.00845894,123,0.00255012,519,0.01076027,478,0.00991023,,,0.00619908,0.01820330,-0.01200423,0.02440238,3005,48233,warning_stem_collisions,success,success,exact-then-unique-porter-1.0.0,baek-smart-porter-1.0.0
S2020-232,0000055785,KMB,Kimberly-Clark,0000055785-21-000016,2020,2021-02-11,1.0.3,0.3.0,0,0,0.00000000,28192,1637,0,0.00000000,success,,,,,,,,,,,0,warning_denominator_zero,,,,,,,,,warning_denominator_zero,,,,,,0,0,0,,0,0,warning_denominator_zero,2.90420878,2.76000000,0.82452430,1.19000000,5.00000000,11141,14890,3749,0.74822028,1522,2804,warning_stem_collisions,28056,10.24195779,1637,656,17.13866830,19.25694628,0.04312803,0,0.00000000,7460,0.21004618,3039882,187002,0.06151620,success,147,431,-0.49134948,412,0.01556009,136,0.00513634,31,0.00117078,210,0.00793111,161,0.00608052,,,0.00555178,0.01627766,-0.01072589,0.02182944,1293,26478,warning_denominator_zero,warning_denominator_zero,success,exact-then-unique-porter-1.0.0,baek-smart-porter-1.0.0
S2020-233,0000879101,KIM,Kimco Realty,0001437749-21-003766,2020,2021-02-23,1.0.3,0.3.0,0,0,0.00000000,46238,2370,0,0.00000000,success,,,,,,,,,,,0,warning_denominator_zero,,,,,,,,,warning_denominator_zero,,,,,,0,0,0,,0,0,warning_denominator_zero,2.91423169,2.81000000,0.80168616,1.26000000,5.00000000,17981,24217,6236,0.74249494,1830,4249,warning_stem_collisions,46165,10.73997721,2370,875,19.47890295,21.27705824,0.03686776,0,0.00000000,21814,0.32089322,7773015,306227,0.03939617,success,240,643,-0.45639864,656,0.01505001,330,0.00757089,140,0.00321189,227,0.00520786,338,0.00775443,,,0.00550610,0.01475177,-0.00924566,0.02025787,2089,43588,warning_denominator_zero,warning_denominator_zero,success,exact-then-unique-porter-1.0.0,baek-smart-porter-1.0.0
S2020-234,0001506307,KMI,Kinder Morgan,0001506307-21-000022,2020,2021-02-05,1.0.3,0.3.0,0,0,0.00000000,64821,2800,0,0.00000000,success,,,,,,,,,,,0,warning_denominator_zero,,,,,,,,,warning_denominator_zero,,,,,,0,0,0,,0,0,warning_denominator_zero,2.90750709,2.76000000,0.84909606,1.26000000,5.00000000,25035,33799,8764,0.74070239,2296,6293,warning_stem_collisions,64697,11.07747011,2800,1176,23.10607143,21.58628692,0.03290724,0,0.00000000,15078,0.18900658,5716561,426028,0.07452523,success,244,1333,-0.69055168,1122,0.01813392,489,0.00790329,142,0.00229502,881,0.01423884,679,0.01097409,,,0.00394356,0.02154413,-0.01760057,0.02548769,4084,61873,warning_denominator_zero,warning_denominator_zero,success,exact-then-unique-porter-1.0.0,baek-smart-porter-1.0.0
S2020-235,0001637459,KHC,Kraft Heinz,0001637459-21-000009,2020,2021-02-17,1.0.3,0.3.0,0,0,0.00000000,63003,2962,0,0.00000000,success,,,,,,,,,,,0,warning_denominator_zero,,,,,,,,,warning_denominator_zero,,,,,,0,0,0,,0,0,warning_denominator_zero,2.87921468,2.74000000,0.81000861,1.26000000,5.00000000,24818,33525,8707,0.74028337,2110,6124,warning_stem_collisions,62848,11.04847439,2962,1157,21.21809588,20.25219945,0.04094005,0,0.00000000,14248,0.18480855,5286601,416478,0.07877992,success,279,1493,-0.68510158,1066,0.01791868,402,0.00675732,116,0.00194987,522,0.00877444,656,0.01102688,,,0.00468979,0.02509623,-0.02040645,0.02978602,3657,59491,warning_denominator_zero,warning_denominator_zero,success,exact-then-unique-porter-1.0.0,baek-smart-porter-1.0.0
S2020-236,0000056873,KR,Kroger,0001558370-20-003501,2020,2020-04-01,1.0.3,0.3.0,0,0,0.00000000,48045,2499,0,0.00000000,success,,,,,,,,,,,0,warning_denominator_zero,,,,,,,,,warning_denominator_zero,,,,,,0,0,0,,0,0,warning_denominator_zero,2.95045083,2.82000000,0.84765485,1.19000000,5.00000000,18699,24561,5862,0.76132894,1646,4335,warning_stem_collisions,47366,10.76565995,2499,668,18.95398159,20.11817885,0.05016256,0,0.00000000,15688,0.24880261,5265244,310632,0.05899670,success,173,576,-0.53805073,693,0.01569436,221,0.00500498,92,0.00208352,246,0.00557116,371,0.00840203,,,0.00391793,0.01304466,-0.00912673,0.01696259,1983,44156,warning_denominator_zero,warning_denominator_zero,success,exact-then-unique-porter-1.0.0,baek-smart-porter-1.0.0
S2020-237,0001065696,LKQ,LKQ Corporation,0001065696-21-000010,2020,2021-02-26,1.0.3,0.3.0,1,1,0.01511076,66178,2887,1,0.00034638,success,0,0.00000000,0,0.00000000,0,0.00000000,0,0.00000000,0,0.00000000,31,success,0,1,0.00000000,0.03225806,-1.00000000,0.03225806,-0.03225806,1,success,2.86111111,2.71000000,0.68294207,2.19000000,4.93000000,18,19,1,0.94736842,16,0,success,2.93209860,2.86000000,0.80085415,1.19000000,5.00000000,25517,33773,8256,0.75554437,2402,6093,warning_stem_collisions,66126,11.09931729,2887,1162,22.90474541,20.92425359,0.04199558,1,0.01512264,11602,0.14926410,4259749,430678,0.10110408,success,344,1262,-0.57160648,971,0.01544309,510,0.00811120,114,0.00181309,537,0.00854062,565,0.00898594,,,0.00547109,0.02007125,-0.01460017,0.02554234,3560,62876,success,success,success,exact-then-unique-porter-1.0.0,baek-smart-porter-1.0.0
S2020-238,0000920148,LH,Labcorp,0000920148-21-000018,2020,2021-02-25,1.0.3,0.3.0,1,4,0.06019020,66456,3255,4,0.00122888,success,2,0.01574803,0,0.00000000,0,0.00000000,2,0.01574803,0,0.00000000,127,success,6,0,0.04724409,0.00000000,1.00000000,0.04724409,0.04724409,10,success,2.81208333,2.63000000,0.69882627,1.82000000,4.55000000,48,71,23,0.67605634,32,17,warning_stem_collisions,2.89860084,2.80000000,0.80252726,1.26000000,5.00000000,25887,35809,9922,0.72291882,2417,6787,warning_stem_collisions,66537,11.10551346,3255,1461,20.44147465,20.89390899,0.03322963,4,0.06011693,9116,0.12049753,3904892,449680,0.11515811,success,421,1624,-0.58826406,1062,0.01685768,497,0.00788914,146,0.00231753,1135,0.01801644,530,0.00841297,,,0.00668275,0.02577860,-0.01909584,0.03246135,4579,62998,warning_stem_collisions,success,success,exact-then-unique-porter-1.0.0,baek-smart-porter-1.0.0
S2020-239,0000707549,LRCX,Lam Research,0000707549-20-000138,2020,2020-08-18,1.0.3,0.3.0,1,4,0.09173050,43606,2275,2,0.00087912,success,2,0.01941748,0,0.00000000,1,0.00970874,0,0.00000000,0,0.00000000,103,success,2,1,0.01941748,0.00970874,0.33333333,0.02912621,0.00970874,5,success,3.00325581,2.93000000,0.78349165,1.63000000,4.83000000,43,55,12,0.78181818,32,12,warning_stem_collisions,2.92201727,2.83000000,0.83630812,1.26000000,4.96000000,16909,22521,5612,0.75081035,1935,4131,warning_stem_collisions,43410,10.67844511,2275,906,19.08131868,19.97726429,0.04411426,4,0.09214467,12405,0.22225208,3948909,287523,0.07281074,success,262,708,-0.45979381,777,0.01898549,363,0.00886967,117,0.00285882,418,0.01021356,406,0.00992034,,,0.00640180,0.01729952,-0.01089772,0.02370131,2546,40926,warning_stem_collisions,success,success,exact-then-unique-porter-1.0.0,baek-smart-porter-1.0.0
S2020-240,0001679273,LW,Lamb Weston,0001558370-20-008501,2020,2020-07-28,1.0.3,0.3.0,0,0,0.00000000,43433,2227,0,0.00000000,success,,,,,,,,,,,0,warning_denominator_zero,,,,,,,,,warning_denominator_zero,,,,,,0,0,0,,0,0,warning_denominator_zero,2.89931904,2.82000000,0.83042530,1.26000000,5.00000000,17211,22640,5429,0.76020318,1776,4059,warning_stem_collisions,43305,10.67602338,2227,680,19.44544230,20.19284860,0.04650733,0,0.00000000,13798,0.24163354,3885992,287035,0.07386402,success,159,664,-0.61360875,808,0.01978646,462,0.01131355,85,0.00208150,258,0.00631795,348,0.00852189,,,0.00389362,0.01626016,-0.01236654,0.02015379,2203,40836,warning_denominator_zero,warning_denominator_zero,success,exact-then-unique-porter-1.0.0,baek-smart-porter-1.0.0
S2020-241,0001300514,LVS,Las Vegas Sands,0001300514-21-000033,2020,2021-02-05,1.0.3,0.3.0,0,0,0.00000000,61150,2685,0,0.00000000,success,,,,,,,,,,,0,warning_denominator_zero,,,,,,,,,warning_denominator_zero,,,,,,0,0,0,,0,0,warning_denominator_zero,3.01040357,2.90000000,0.85176063,1.17000000,5.00000000,22945,31911,8966,0.71903106,2309,5379,warning_stem_collisions,60915,11.01723473,2685,1182,22.68715084,20.83179730,0.04550603,0,0.00000000,12628,0.17170907,4113816,395350,0.09610299,success,249,965,-0.58978583,815,0.01416455,390,0.00677813,211,0.00366714,623,0.01082763,493,0.00856825,,,0.00432757,0.01677152,-0.01244395,0.02109910,3216,57538,warning_denominator_zero,warning_denominator_zero,success,exact-then-unique-porter-1.0.0,baek-smart-porter-1.0.0
S2020-242,0000058492,LEG,Leggett & Platt,0000058492-21-000005,2020,2021-02-24,1.0.3,0.3.0,0,0,0.00000000,50398,2841,0,0.00000000,success,,,,,,,,,,,0,warning_denominator_zero,,,,,,,,,warning_denominator_zero,,,,,,0,0,0,,0,0,warning_denominator_zero,2.98193567,2.86000000,0.85280170,1.19000000,5.00000000,19523,26148,6625,0.74663454,2050,4673,warning_stem_collisions,50205,10.82386990,2841,1146,17.67159451,19.20244029,0.04081267,0,0.00000000,15257,0.23306651,5528585,330543,0.05978799,success,264,920,-0.55405405,750,0.01576790,309,0.00649637,82,0.00172396,307,0.00645433,388,0.00815726,,,0.00555030,0.01934195,-0.01379165,0.02489225,2496,47565,warning_denominator_zero,warning_denominator_zero,success,exact-then-unique-porter-1.0.0,baek-smart-porter-1.0.0
S2020-243,0001336920,LDOS,Leidos,0001336920-20-000023,2020,2020-02-18,1.0.3,0.3.0,0,0,0.00000000,43212,2639,0,0.00000000,success,,,,,,,,,,,0,warning_denominator_zero,,,,,,,,,warning_denominator_zero,,,,,,0,0,0,,0,0,warning_denominator_zero,2.83714764,2.75000000,0.78936209,1.19000000,5.00000000,16723,22601,5878,0.73992301,1751,4339,warning_stem_collisions,42905,10.66674365,2639,1089,16.25805229,19.45085865,0.03652255,0,0.00000000,16094,0.27278428,3706726,286174,0.07720398,success,196,941,-0.65523307,693,0.01700113,327,0.00802218,80,0.00196261,808,0.01982238,366,0.00897895,,,0.00480840,0.02308523,-0.01827683,0.02789363,2903,40762,warning_denominator_zero,warning_denominator_zero,success,exact-then-unique-porter-1.0.0,baek-smart-porter-1.0.0
S2020-244,0000920760,LEN,Lennar,0001628280-21-000722,2020,2021-01-22,1.0.3,0.3.0,0,0,0.00000000,46018,2147,0,0.00000000,success,,,,,,,,,,,0,warning_denominator_zero,,,,,,,,,warning_denominator_zero,,,,,,0,0,0,,0,0,warning_denominator_zero,2.91408909,2.85000000,0.79794375,1.19000000,5.00000000,17466,23597,6131,0.74017884,1760,4548,warning_stem_collisions,45933,10.73493909,2147,948,21.39403819,21.10938998,0.03870855,0,0.00000000,9549,0.17210987,3890970,304485,0.07825427,success,204,609,-0.49815498,616,0.01413038,284,0.00651466,89,0.00204157,396,0.00908382,385,0.00883149,,,0.00467954,0.01396981,-0.00929027,0.01864936,2154,43594,warning_denominator_zero,warning_denominator_zero,success,exact-then-unique-porter-1.0.0,baek-smart-porter-1.0.0
S2020-245,0000059478,LLY,Lilly (Eli),0000059478-21-000083,2020,2021-02-17,1.0.3,0.3.0,0,0,0.00000000,52437,2539,0,0.00000000,success,,,,,,,,,,,0,warning_denominator_zero,,,,,,,,,warning_denominator_zero,,,,,,0,0,0,,0,0,warning_denominator_zero,2.88086042,2.76000000,0.80886694,1.19000000,5.00000000,20211,27432,7221,0.73676728,2234,4808,warning_stem_collisions,52418,10.86700532,2539,1049,20.64513588,20.65943688,0.03399596,0,0.00000000,9942,0.15942912,4234005,351788,0.08308634,success,399,1084,-0.46190155,869,0.01737548,328,0.00655829,115,0.00229940,814,0.01627577,301,0.00601844,,,0.00797793,0.02167436,-0.01369644,0.02965229,3282,50013,warning_denominator_zero,warning_denominator_zero,success,exact-then-unique-porter-1.0.0,baek-smart-porter-1.0.0
S2020-246,0000059558,LNC,Lincoln National Corporation,0000059558-21-000011,2020,2021-02-18,1.0.3,0.3.0,1,2,0.02086790,95841,4566,1,0.00021901,success,0,0.00000000,0,0.00000000,0,0.00000000,0,0.00000000,0,0.00000000,37,success,0,0,0.00000000,0.00000000,,0.00000000,0.00000000,0,success,2.50944444,2.46500000,0.58700248,1.38000000,3.48000000,18,24,6,0.75000000,16,5,warning_stem_collisions,2.80129892,2.71000000,0.76364556,1.19000000,4.96000000,38255,51146,12891,0.74795683,2372,9256,warning_stem_collisions,95497,11.46685011,4566,1969,20.91480508,21.17800287,0.02441962,2,0.02094307,23955,0.20054080,28368599,638409,0.02250407,success,550,1933,-0.55698752,1967,0.02136627,680,0.00738641,194,0.00210730,1319,0.01432746,704,0.00764710,,,0.00597430,0.02099695,-0.01502265,0.02697125,6212,92061,warning_stem_collisions,success,success,exact-then-unique-porter-1.0.0,baek-smart-porter-1.0.0
S2020-247,0001707925,LIN,Linde plc,0001628280-21-003574,2020,2021-03-01,1.0.3,0.3.0,0,0,0.00000000,40627,2169,0,0.00000000,success,,,,,,,,,,,0,warning_denominator_zero,,,,,,,,,warning_denominator_zero,,,,,,0,0,0,,0,0,warning_denominator_zero,2.90247244,2.82000000,0.79708818,1.26000000,5.00000000,15693,21950,6257,0.71494305,1765,3990,warning_stem_collisions,40365,10.60571835,2169,938,18.60995851,20.21203532,0.04853214,0,0.00000000,12394,0.23491727,4800335,271789,0.05661876,success,160,560,-0.55555556,619,0.01644178,218,0.00579048,79,0.00209839,377,0.01001381,298,0.00791543,,,0.00424989,0.01487463,-0.01062473,0.01912452,1981,37648,warning_denominator_zero,warning_denominator_zero,success,exact-then-unique-porter-1.0.0,baek-smart-porter-1.0.0
S2020-248,0001335258,LYV,Live Nation Entertainment,0001335258-21-000009,2020,2021-03-01,1.0.3,0.3.0,0,0,0.00000000,55490,2446,0,0.00000000,success,,,,,,,,,,,0,warning_denominator_zero,,,,,,,,,warning_denominator_zero,,,,,,0,0,0,,0,0,warning_denominator_zero,2.88781150,2.82000000,0.80161227,1.19000000,5.00000000,21188,28254,7066,0.74991152,2187,5623,warning_stem_collisions,55380,10.92197380,2446,1005,22.64104661,20.27497353,0.03082340,0,0.00000000,9327,0.14414206,4020610,361246,0.08984856,success,278,1001,-0.56528538,941,0.01771661,449,0.00845352,192,0.00361487,479,0.00901834,530,0.00997854,,,0.00523402,0.01884626,-0.01361223,0.02408028,3206,53114,warning_denominator_zero,warning_denominator_zero,success,exact-then-unique-porter-1.0.0,baek-smart-porter-1.0.0
S2020-249,0000936468,LMT,Lockheed Martin,0000936468-21-000013,2020,2021-01-28,1.0.3,0.3.0,1,1,0.01522904,65664,2779,1,0.00035984,success,0,0.00000000,0,0.00000000,0,0.00000000,0,0.00000000,0,0.00000000,40,success,2,0,0.05000000,0.00000000,1.00000000,0.05000000,0.05000000,2,success,2.99350000,3.23500000,0.69885818,1.76000000,3.93000000,20,26,6,0.76923077,20,5,warning_stem_collisions,2.87501307,2.82000000,0.78668121,1.19000000,5.00000000,25641,34275,8634,0.74809628,2122,6309,warning_stem_collisions,65994,11.09731911,2779,942,23.74739115,21.01442389,0.03833682,1,0.01515289,9470,0.12549030,3927232,435683,0.11093895,success,315,991,-0.51761103,1174,0.01874022,502,0.00801328,100,0.00159627,1074,0.01714395,578,0.00922645,,,0.00502825,0.01581905,-0.01079079,0.02084730,4026,62646,warning_stem_collisions,success,success,exact-then-unique-porter-1.0.0,baek-smart-porter-1.0.0
S2020-250,0000060086,L,Loews Corporation,0001140361-21-003906,2020,2021-02-09,1.0.3,0.3.0,0,0,0.00000000,88668,3948,0,0.00000000,success,,,,,,,,,,,0,warning_denominator_zero,,,,,,,,,warning_denominator_zero,,,,,,0,0,0,,0,0,warning_denominator_zero,2.87607601,2.79000000,0.81806041,1.19000000,5.00000000,36677,48698,12021,0.75315208,2306,8510,warning_stem_collisions,88114,11.38638671,3948,1169,22.31864235,22.14936461,0.03402411,0,0.00000000,19317,0.17980844,8866199,594490,0.06705128,success,376,2206,-0.70875290,1738,0.02068727,632,0.00752265,187,0.00222585,1428,0.01699737,742,0.00883197,,,0.00447550,0.02625784,-0.02178234,0.03073334,6186,84013,warning_denominator_zero,warning_denominator_zero,success,exact-then-unique-porter-1.0.0,baek-smart-porter-1.0.0
S2020-251,0000060667,LOW,Lowe's,0000060667-20-000036,2020,2020-03-23,1.0.3,0.3.0,0,0,0.00000000,34286,1784,0,0.00000000,success,,,,,,,,,,,0,warning_denominator_zero,,,,,,,,,warning_denominator_zero,,,,,,0,0,0,,0,0,warning_denominator_zero,2.93548962,2.85000000,0.83558414,1.26000000,5.00000000,13531,17871,4340,0.75714845,1884,3308,warning_stem_collisions,33733,10.42623187,1784,630,18.90863229,20.81885867,0.04013874,0,0.00000000,12070,0.26351986,3438826,226303,0.06580821,success,224,605,-0.45958987,455,0.01432800,197,0.00620355,60,0.00188941,221,0.00695931,237,0.00746316,,,0.00705379,0.01905152,-0.01199773,0.02610530,1680,31756,warning_denominator_zero,warning_denominator_zero,success,exact-then-unique-porter-1.0.0,baek-smart-porter-1.0.0
S2020-252,0000018926,LUMN,Lumen Technologies,0000018926-21-000017,2020,2021-02-25,1.0.3,0.3.0,0,0,0.00000000,58983,2821,0,0.00000000,success,,,,,,,,,,,0,warning_denominator_zero,,,,,,,,,warning_denominator_zero,,,,,,0,0,0,,0,0,warning_denominator_zero,2.85907543,2.76000000,0.78744787,1.19000000,5.00000000,22670,30787,8117,0.73634976,2260,6167,warning_stem_collisions,58684,10.97992240,2821,1246,20.80255229,20.83785698,0.04115261,0,0.00000000,15118,0.20484540,4542749,394062,0.08674527,success,322,965,-0.49961150,889,0.01599065,322,0.00579189,120,0.00215847,647,0.01163774,551,0.00991096,,,0.00579189,0.01735768,-0.01156579,0.02314956,3273,55595,warning_denominator_zero,warning_denominator_zero,success,exact-then-unique-porter-1.0.0,baek-smart-porter-1.0.0
S2020-253,0001489393,LYB,LyondellBasell,0001489393-21-000007,2020,2021-02-25,1.0.3,0.3.0,0,0,0.00000000,54757,2756,0,0.00000000,success,,,,,,,,,,,0,warning_denominator_zero,,,,,,,,,warning_denominator_zero,,,,,,0,0,0,,0,0,warning_denominator_zero,2.89147080,2.78000000,0.80868566,1.26000000,5.00000000,20941,28722,7781,0.72909268,2074,5439,warning_stem_collisions,54773,10.91095265,2756,1260,19.87409289,20.46354356,0.04051266,0,0.00000000,14413,0.20832249,5868647,363324,0.06190933,success,203,786,-0.58948433,854,0.01646106,366,0.00705474,100,0.00192753,447,0.00861604,377,0.00726677,,,0.00391288,0.01515035,-0.01123747,0.01906322,2600,51880,warning_denominator_zero,warning_denominator_zero,success,exact-then-unique-porter-1.0.0,baek-smart-porter-1.0.0
S2020-254,0000036270,MTB,M&T Bank,0001564590-21-007188,2020,2021-02-22,1.0.3,0.3.0,0,0,0.00000000,75503,3616,0,0.00000000,success,,,,,,,,,,,0,warning_denominator_zero,,,,,,,,,warning_denominator_zero,,,,,,0,0,0,,0,0,warning_denominator_zero,2.90700902,2.81000000,0.80404589,1.19000000,5.00000000,29833,39725,9892,0.75098804,2196,7155,warning_stem_collisions,75918,11.23740909,3616,1048,20.99502212,22.08187819,0.05430860,0,0.00000000,26665,0.25993586,22101353,503585,0.02278526,success,245,1344,-0.69162996,1111,0.01576692,422,0.00598887,108,0.00153270,687,0.00974966,563,0.00798990,,,0.00347695,0.01907357,-0.01559662,0.02255052,3912,70464,warning_denominator_zero,warning_denominator_zero,success,exact-then-unique-porter-1.0.0,baek-smart-porter-1.0.0
S2020-255,0000789570,MGM,MGM Resorts,0001564590-21-009205,2020,2021-02-26,1.0.3,0.3.0,0,0,0.00000000,59033,2572,0,0.00000000,success,,,,,,,,,,,0,warning_denominator_zero,,,,,,,,,warning_denominator_zero,,,,,,0,0,0,,0,0,warning_denominator_zero,2.94040172,2.83000000,0.83250552,1.26000000,5.00000000,22553,30673,8120,0.73527206,2174,4976,warning_stem_collisions,58705,10.98028018,2572,778,22.82465008,21.94184624,0.03687931,0,0.00000000,18574,0.24034990,6986164,381534,0.05461280,success,257,881,-0.54833040,764,0.01366164,387,0.00692023,168,0.00300413,502,0.00897663,509,0.00910180,,,0.00459560,0.01575380,-0.01115820,0.02034941,2946,55923,warning_denominator_zero,warning_denominator_zero,success,exact-then-unique-porter-1.0.0,baek-smart-porter-1.0.0
S2020-256,0001408198,MSCI,MSCI Inc.,0001564590-21-005811,2020,2021-02-12,1.0.3,0.3.0,0,0,0.00000000,41136,2035,0,0.00000000,success,,,,,,,,,,,0,warning_denominator_zero,,,,,,,,,warning_denominator_zero,,,,,,0,0,0,,0,0,warning_denominator_zero,2.88321795,2.82000000,0.78088409,1.19000000,4.96000000,15889,21381,5492,0.74313643,1873,3912,warning_stem_collisions,41165,10.62534366,2035,750,20.22850123,21.89231233,0.03835783,0,0.00000000,19094,0.31686553,6861181,272654,0.03973864,success,245,663,-0.46035242,692,0.01774541,374,0.00959073,84,0.00215407,322,0.00825726,288,0.00738537,,,0.00628270,0.01700174,-0.01071905,0.02328444,2178,38996,warning_denominator_zero,warning_denominator_zero,success,exact-then-unique-porter-1.0.0,baek-smart-porter-1.0.0
S2020-257,0001510295,MPC,Marathon Petroleum,0001510295-21-000027,2020,2021-02-26,1.0.3,0.3.0,0,0,0.00000000,73216,3578,0,0.00000000,success,,,,,,,,,,,0,warning_denominator_zero,,,,,,,,,warning_denominator_zero,,,,,,0,0,0,,0,0,warning_denominator_zero,2.96237849,2.85000000,0.85954305,1.26000000,5.00000000,29153,39382,10229,0.74026205,2416,7157,warning_stem_collisions,72980,11.19794071,3578,1553,20.39686976,20.41028946,0.03925733,0,0.00000000,14132,0.16222794,5613701,484482,0.08630349,success,244,1174,-0.65585331,1109,0.01598213,444,0.00639862,142,0.00204640,644,0.00928088,687,0.00990056,,,0.00351636,0.01691886,-0.01340251,0.02043522,3641,69390,warning_denominator_zero,warning_denominator_zero,success,exact-then-unique-porter-1.0.0,baek-smart-porter-1.0.0
S2020-258,0001278021,MKTX,MarketAxess,0001564590-21-006981,2020,2021-02-19,1.0.3,0.3.0,1,2,0.04370152,45765,2146,2,0.00093197,success,0,0.00000000,0,0.00000000,0,0.00000000,1,0.01785714,0,0.00000000,56,success,2,0,0.03571429,0.00000000,1.00000000,0.03571429,0.03571429,2,success,3.16500000,3.14000000,0.62983667,1.97000000,4.60000000,26,34,8,0.76470588,20,4,warning_stem_collisions,2.88620226,2.82000000,0.79279255,1.19000000,5.00000000,17700,23904,6204,0.74046185,1968,4315,warning_stem_collisions,45860,10.73334856,2146,814,21.36999068,21.36631771,0.02714784,2,0.04361099,11130,0.19529742,6382188,309303,0.04846347,success,401,794,-0.32887029,799,0.01829422,387,0.00886090,140,0.00320550,540,0.01236405,361,0.00826560,,,0.00918145,0.01817974,-0.00899828,0.02736119,2901,43675,warning_stem_collisions,success,success,exact-then-unique-porter-1.0.0,baek-smart-porter-1.0.0
S2020-259,0001048286,MAR,Marriott International,0001628280-21-002433,2020,2021-02-18,1.0.3,0.3.0,0,0,0.00000000,40028,1958,0,0.00000000,success,,,,,,,,,,,0,warning_denominator_zero,,,,,,,,,warning_denominator_zero,,,,,,0,0,0,,0,0,warning_denominator_zero,2.88876672,2.76000000,0.82112983,1.19000000,5.00000000,15471,20411,4940,0.75797364,1897,3666,warning_stem_collisions,40041,10.59765921,1958,686,20.44994893,20.43291746,0.03441472,0,0.00000000,12087,0.23187155,2975867,261675,0.08793236,success,214,865,-0.60333642,690,0.01807560,363,0.00950934,94,0.00246247,353,0.00924737,333,0.00872344,,,0.00560606,0.02266000,-0.01705394,0.02826605,2409,38173,warning_denominator_zero,warning_denominator_zero,success,exact-then-unique-porter-1.0.0,baek-smart-porter-1.0.0
S2020-260,0000062709,MMC,Marsh & McLennan,0000062709-21-000008,2020,2021-02-17,1.0.3,0.3.0,1,3,0.04508363,66543,2971,2,0.00067317,success,1,0.01030928,1,0.01030928,0,0.00000000,0,0.00000000,0,0.00000000,97,success,3,8,0.03092784,0.08247423,-0.45454545,0.11340206,-0.05154639,12,success,2.70127660,2.52000000,0.77198175,1.63000000,4.48000000,47,61,14,0.77049180,40,9,warning_stem_collisions,2.90732494,2.82000000,0.81966226,1.26000000,5.00000000,26762,35250,8488,0.75920567,2227,5765,warning_stem_collisions,66396,11.10339209,2971,1352,22.34803097,20.84068478,0.04430990,3,0.04518344,7706,0.10399180,4672460,440759,0.09433125,success,311,1100,-0.55917789,1222,0.01958616,456,0.00730875,87,0.00139443,760,0.01218124,415,0.00665160,,,0.00498469,0.01763075,-0.01264605,0.02261544,3660,62391,warning_stem_collisions,success,success,exact-then-unique-porter-1.0.0,baek-smart-porter-1.0.0
S2020-261,0000916076,MLM,Martin Marietta Materials,0001564590-21-006959,2020,2021-02-19,1.0.3,0.3.0,0,0,0.00000000,52444,2880,0,0.00000000,success,,,,,,,,,,,0,warning_denominator_zero,,,,,,,,,warning_denominator_zero,,,,,,0,0,0,,0,0,warning_denominator_zero,3.01517856,2.92000000,0.87117707,1.26000000,5.00000000,20805,28434,7629,0.73169445,2261,5295,warning_stem_collisions,52144,10.86176440,2880,1015,18.10555556,20.53519974,0.03601565,0,0.00000000,15658,0.23093714,7703380,354645,0.04603758,success,294,666,-0.38750000,863,0.01753851,348,0.00707231,108,0.00219485,349,0.00709263,440,0.00894200,,,0.00597488,0.01353493,-0.00756005,0.01950982,2568,49206,warning_denominator_zero,warning_denominator_zero,success,exact-then-unique-porter-1.0.0,baek-smart-porter-1.0.0
S2020-262,0000062996,MAS,Masco,0000062996-21-000008,2020,2021-02-09,1.0.3,0.3.0,0,0,0.00000000,33811,1807,0,0.00000000,success,,,,,,,,,,,0,warning_denominator_zero,,,,,,,,,warning_denominator_zero,,,,,,0,0,0,,0,0,warning_denominator_zero,2.87312016,2.76000000,0.80269321,1.30000000,5.00000000,13307,17512,4205,0.75987894,1631,3216,warning_stem_collisions,33579,10.42165615,1807,820,18.58273381,19.35404812,0.04490902,0,0.00000000,7105,0.17463868,3464024,224741,0.06487859,success,177,578,-0.53112583,600,0.01895016,223,0.00704314,55,0.00173710,206,0.00650622,257,0.00811699,,,0.00559030,0.01825532,-0.01266502,0.02384562,1771,31662,warning_denominator_zero,warning_denominator_zero,success,exact-then-unique-porter-1.0.0,baek-smart-porter-1.0.0
S2020-263,0001141391,MA,Mastercard,0001141391-21-000018,2020,2021-02-12,1.0.3,0.3.0,1,10,0.19825142,50441,2859,8,0.00279818,success,4,0.01509434,10,0.03773585,3,0.01132075,0,0.00000000,1,0.00377358,265,success,2,6,0.00754717,0.02264151,-0.50000000,0.03018868,-0.01509434,22,success,2.95549020,2.89500000,0.78775510,1.50000000,4.55000000,102,151,49,0.67549669,71,37,warning_stem_collisions,2.90330828,2.82000000,0.80774712,1.23000000,5.00000000,20225,26924,6699,0.75118853,2096,5138,warning_stem_collisions,50347,10.82669431,2859,1293,17.61000350,20.06052573,0.03158083,10,0.19862157,11910,0.19130379,3958928,340849,0.08609629,success,319,1039,-0.53019146,814,0.01697495,446,0.00930077,54,0.00112610,890,0.01855984,339,0.00706942,,,0.00665235,0.02166705,-0.01501470,0.02831940,3189,47953,warning_stem_collisions,success,success,exact-then-unique-porter-1.0.0,baek-smart-porter-1.0.0
S2020-264,0000063754,MKC,McCormick & Company,0000063754-21-000020,2020,2021-01-28,1.0.3,0.3.0,0,0,0.00000000,47860,2199,0,0.00000000,success,,,,,,,,,,,0,warning_denominator_zero,,,,,,,,,warning_denominator_zero,,,,,,0,0,0,,0,0,warning_denominator_zero,2.90848882,2.85000000,0.79550802,1.19000000,5.00000000,18694,24729,6035,0.75595455,1864,4357,warning_stem_collisions,47761,10.77396469,2199,832,21.71941792,20.16141614,0.04941270,0,0.00000000,10239,0.17653448,3506323,312221,0.08904513,success,246,617,-0.42989571,730,0.01630228,248,0.00553831,78,0.00174189,270,0.00602961,305,0.00681123,,,0.00549365,0.01377878,-0.00828513,0.01927243,2119,44779,warning_denominator_zero,warning_denominator_zero,success,exact-then-unique-porter-1.0.0,baek-smart-porter-1.0.0
S2020-265,0000063908,MCD,McDonald's,0000063908-21-000013,2020,2021-02-23,1.0.3,0.3.0,0,0,0.00000000,32868,1645,0,0.00000000,success,,,,,,,,,,,0,warning_denominator_zero,,,,,,,,,warning_denominator_zero,,,,,,0,0,0,,0,0,warning_denominator_zero,2.94446361,2.85000000,0.85758820,1.26000000,5.00000000,13218,17477,4259,0.75630829,1770,3063,warning_stem_collisions,32810,10.39848863,1645,802,19.94528875,20.86316902,0.04181652,0,0.00000000,7538,0.18682463,2525475,221891,0.08786110,success,265,479,-0.28763441,484,0.01575213,232,0.00755061,64,0.00208293,209,0.00680206,203,0.00660678,,,0.00862462,0.01558940,-0.00696479,0.02421402,1585,30726,warning_denominator_zero,warning_denominator_zero,success,exact-then-unique-porter-1.0.0,baek-smart-porter-1.0.0
S2020-266,0000927653,MCK,McKesson Corporation,0000927653-20-000033,2020,2020-05-22,1.0.3,0.3.0,0,0,0.00000000,59337,3155,0,0.00000000,success,,,,,,,,,,,0,warning_denominator_zero,,,,,,,,,warning_denominator_zero,,,,,,0,0,0,,0,0,warning_denominator_zero,2.90033063,2.80000000,0.79139838,1.26000000,5.00000000,23198,31311,8113,0.74088978,2069,5554,warning_stem_collisions,58623,10.97888239,3155,1109,18.58098257,20.35284429,0.04324241,0,0.00000000,18520,0.24007363,5620411,394697,0.07022565,success,217,1407,-0.73275862,973,0.01764151,396,0.00717990,83,0.00150488,816,0.01479494,418,0.00757878,,,0.00393444,0.02551039,-0.02157595,0.02944483,3536,55154,warning_denominator_zero,warning_denominator_zero,success,exact-then-unique-porter-1.0.0,baek-smart-porter-1.0.0
S2020-267,0001613103,MDT,Medtronic,0001613103-20-000021,2020,2020-06-19,1.0.3,0.3.0,1,2,0.03256215,61421,2802,1,0.00035689,success,0,0.00000000,0,0.00000000,0,0.00000000,0,0.00000000,0,0.00000000,35,success,0,0,0.00000000,0.00000000,,0.00000000,0.00000000,0,success,3.34157895,3.29000000,0.70680350,2.24000000,4.62000000,19,26,7,0.73076923,17,3,warning_stem_collisions,2.89796025,2.82000000,0.81329079,1.19000000,5.00000000,24856,33338,8482,0.74557562,2449,5713,warning_stem_collisions,61467,11.02625572,2802,1198,21.93683084,21.34216200,0.03636097,2,0.03253778,13266,0.17751194,6449979,413974,0.06418222,success,318,1217,-0.58566775,905,0.01550348,439,0.00752047,116,0.00198719,739,0.01265975,390,0.00668106,,,0.00544763,0.02084832,-0.01540069,0.02629595,3438,58374,warning_stem_collisions,success,success,exact-then-unique-porter-1.0.0,baek-smart-porter-1.0.0
S2020-268,0000310158,MRK,Merck & Co.,0000310158-21-000004,2020,2021-02-25,1.0.3,0.3.0,0,0,0.00000000,75342,3411,0,0.00000000,success,,,,,,,,,,,0,warning_denominator_zero,,,,,,,,,warning_denominator_zero,,,,,,0,0,0,,0,0,warning_denominator_zero,2.91814919,2.81000000,0.82884631,1.26000000,5.00000000,28366,40527,12161,0.69992844,2514,7298,warning_stem_collisions,75360,11.23003191,3411,1405,22.09322779,21.27949957,0.03597399,0,0.00000000,12228,0.13960817,6620114,507717,0.07669309,success,566,1307,-0.39562200,1147,0.01610209,389,0.00546095,254,0.00356576,816,0.01145536,397,0.00557326,,,0.00794576,0.01834824,-0.01040248,0.02629399,4142,71233,warning_denominator_zero,warning_denominator_zero,success,exact-then-unique-porter-1.0.0,baek-smart-porter-1.0.0
S2020-269,0001099219,MET,MetLife,0001099219-21-000050,2020,2021-02-19,1.0.3,0.3.0,0,0,0.00000000,139462,7037,0,0.00000000,success,,,,,,,,,,,0,warning_denominator_zero,,,,,,,,,warning_denominator_zero,,,,,,0,0,0,,0,0,warning_denominator_zero,2.82407448,2.72000000,0.78001135,1.26000000,5.00000000,55958,75796,19838,0.73827115,2611,13979,warning_stem_collisions,138724,11.84024163,7037,3279,19.71351428,21.30155337,0.03038407,0,0.00000000,37837,0.21429987,15681318,945854,0.06031725,success,643,2687,-0.61381381,2880,0.02168838,959,0.00722193,222,0.00167181,1799,0.01354771,1076,0.00810302,,,0.00484223,0.02023496,-0.01539273,0.02507719,8704,132790,warning_denominator_zero,warning_denominator_zero,success,exact-then-unique-porter-1.0.0,baek-smart-porter-1.0.0
S2020-270,0001037646,MTD,Mettler Toledo,0001037646-21-000008,2020,2021-02-08,1.0.3,0.3.0,0,0,0.00000000,38566,2132,0,0.00000000,success,,,,,,,,,,,0,warning_denominator_zero,,,,,,,,,warning_denominator_zero,,,,,,0,0,0,,0,0,warning_denominator_zero,2.90944579,2.85000000,0.81612613,1.23000000,5.00000000,14886,19849,4963,0.74996221,1876,3647,warning_stem_collisions,38570,10.56023005,2132,1001,18.09099437,19.17247914,0.04534612,0,0.00000000,6930,0.15230769,3527640,258453,0.07326513,success,238,566,-0.40796020,655,0.01806747,326,0.00899236,77,0.00212396,258,0.00711665,288,0.00794417,,,0.00656497,0.01561250,-0.00904753,0.02217747,2011,36253,warning_denominator_zero,warning_denominator_zero,success,exact-then-unique-porter-1.0.0,baek-smart-porter-1.0.0
S2020-271,0000827054,MCHP,Microchip Technology,0000827054-20-000119,2020,2020-05-22,1.0.3,0.3.0,0,0,0.00000000,57227,2808,0,0.00000000,success,,,,,,,,,,,0,warning_denominator_zero,,,,,,,,,warning_denominator_zero,,,,,,0,0,0,,0,0,warning_denominator_zero,2.89513691,2.81000000,0.82302153,1.26000000,5.00000000,22533,29232,6699,0.77083333,2060,5074,warning_stem_collisions,56968,10.95024499,2808,928,20.28774929,20.36213136,0.03856551,0,0.00000000,13585,0.19255028,3634492,375010,0.10318086,success,221,1141,-0.67547724,959,0.01769895,443,0.00817585,167,0.00308209,648,0.01195925,479,0.00884025,,,0.00407869,0.02105788,-0.01697918,0.02513657,3387,54184,warning_denominator_zero,warning_denominator_zero,success,exact-then-unique-porter-1.0.0,baek-smart-porter-1.0.0
S2020-272,0000723125,MU,Micron Technology,0000723125-20-000082,2020,2020-10-19,1.0.3,0.3.0,1,14,0.33379429,41942,2000,11,0.00550000,success,0,0.00000000,0,0.00000000,0,0.00000000,0,0.00000000,3,0.00849858,353,success,8,2,0.02266289,0.00566572,0.60000000,0.02832861,0.01699717,13,success,3.14280193,3.00000000,0.93094201,1.50000000,4.89000000,207,242,35,0.85537190,94,19,warning_stem_collisions,2.90497298,2.83000000,0.81208267,1.26000000,5.00000000,16099,21987,5888,0.73220539,1889,4263,warning_stem_collisions,41957,10.64440056,2000,830,20.97850000,20.07014797,0.03989799,14,0.33367495,7673,0.15460407,3505180,278218,0.07937338,success,213,975,-0.64141414,773,0.01940699,441,0.01107178,72,0.00180764,427,0.01072029,405,0.01016796,,,0.00534759,0.02447842,-0.01913083,0.02982601,2687,39831,warning_stem_collisions,success,success,exact-then-unique-porter-1.0.0,baek-smart-porter-1.0.0
S2020-273,0000789019,MSFT,Microsoft,0001564590-20-034944,2020,2020-07-30,1.0.3,0.3.0,1,34,0.90367850,37624,2395,26,0.01085595,success,10,0.01785714,3,0.00535714,8,0.01428571,0,0.00000000,4,0.00714286,560,success,13,16,0.02321429,0.02857143,-0.10344828,0.05178571,-0.00535714,45,success,2.95476190,2.82000000,0.90986123,1.30000000,4.93000000,231,348,117,0.66379310,168,66,warning_stem_collisions,2.92772585,2.86000000,0.83059918,1.23000000,5.00000000,15342,20632,5290,0.74360217,2004,3926,warning_stem_collisions,37615,10.53515819,2395,1019,15.70563674,18.96636646,0.02847268,34,0.90389472,13563,0.26501622,6623045,253507,0.03827650,success,276,681,-0.42319749,617,0.01707533,349,0.00965849,66,0.00182653,365,0.01010129,265,0.00733381,,,0.00763824,0.01884652,-0.01120828,0.02648475,2105,36134,warning_stem_collisions,success,success,exact-then-unique-porter-1.0.0,baek-smart-porter-1.0.0
S2020-274,0000912595,MAA,Mid-America Apartment Communities,0001564590-21-006666,2020,2021-02-18,1.0.3,0.3.0,0,0,0.00000000,38633,2126,0,0.00000000,success,,,,,,,,,,,0,warning_denominator_zero,,,,,,,,,warning_denominator_zero,,,,,,0,0,0,,0,0,warning_denominator_zero,2.87006804,2.77000000,0.81252384,1.26000000,5.00000000,14844,19943,5099,0.74432132,1785,3558,warning_stem_collisions,38689,10.56331060,2126,720,18.19802446,20.86112239,0.03923596,0,0.00000000,21120,0.35312411,15382414,252480,0.01641355,success,196,613,-0.51545117,660,0.01800278,363,0.00990153,85,0.00231854,300,0.00818308,263,0.00717384,,,0.00534628,0.01672077,-0.01137449,0.02206705,2025,36661,warning_denominator_zero,warning_denominator_zero,success,exact-then-unique-porter-1.0.0,baek-smart-porter-1.0.0
S2020-275,0000851968,MHK,Mohawk Industries,0000851968-21-000019,2020,2021-02-24,1.0.3,0.3.0,0,0,0.00000000,36471,1879,0,0.00000000,success,,,,,,,,,,,0,warning_denominator_zero,,,,,,,,,warning_denominator_zero,,,,,,0,0,0,,0,0,warning_denominator_zero,2.99784782,2.90000000,0.85919332,1.29000000,5.00000000,14562,19860,5298,0.73323263,1846,3677,warning_stem_collisions,36326,10.50028902,1879,822,19.33262374,20.43760575,0.04071464,0,0.00000000,6856,0.15876986,3162312,247550,0.07828133,success,230,647,-0.47548461,639,0.01872637,244,0.00715060,85,0.00249099,337,0.00987604,243,0.00712130,,,0.00674032,0.01896082,-0.01222050,0.02570114,2015,34123,warning_denominator_zero,warning_denominator_zero,success,exact-then-unique-porter-1.0.0,baek-smart-porter-1.0.0
S2020-276,0000024545,TAP,Molson Coors Beverage Company,0000024545-21-000004,2020,2021-02-11,1.0.3,0.3.0,0,0,0.00000000,79822,3413,0,0.00000000,success,,,,,,,,,,,0,warning_denominator_zero,,,,,,,,,warning_denominator_zero,,,,,,0,0,0,,0,0,warning_denominator_zero,2.90335168,2.77000000,0.84113854,1.04000000,5.00000000,30519,41387,10868,0.73740547,2474,7383,warning_stem_collisions,79895,11.28846855,3413,1270,23.40902432,21.13562573,0.03283059,0,0.00000000,13473,0.14429997,5388995,525884,0.09758480,success,368,1596,-0.62525458,1535,0.02010478,586,0.00767518,124,0.00162410,678,0.00888016,659,0.00863130,,,0.00481991,0.02090373,-0.01608382,0.02572364,4623,76350,warning_denominator_zero,warning_denominator_zero,success,exact-then-unique-porter-1.0.0,baek-smart-porter-1.0.0
S2020-277,0001103982,MDLZ,Mondelez International,0001103982-21-000004,2020,2021-02-05,1.0.3,0.3.0,0,0,0.00000000,58991,2687,0,0.00000000,success,,,,,,,,,,,0,warning_denominator_zero,,,,,,,,,warning_denominator_zero,,,,,,0,0,0,,0,0,warning_denominator_zero,2.94366695,2.86000000,0.83717405,1.26000000,5.00000000,23690,31920,8230,0.74216792,2175,5795,warning_stem_collisions,58835,10.98249219,2687,1080,21.89616673,21.00077892,0.04318858,0,0.00000000,14746,0.20040500,5651816,392252,0.06940283,success,458,1193,-0.44518474,976,0.01761606,393,0.00709335,103,0.00185907,440,0.00794166,403,0.00727384,,,0.00826655,0.02153274,-0.01326619,0.02979929,3347,55404,warning_denominator_zero,warning_denominator_zero,success,exact-then-unique-porter-1.0.0,baek-smart-porter-1.0.0
S2020-278,0000865752,MNST,Monster Beverage,0001104659-21-029943,2020,2021-03-01,1.0.3,0.3.0,0,0,0.00000000,57601,2710,0,0.00000000,success,,,,,,,,,,,0,warning_denominator_zero,,,,,,,,,warning_denominator_zero,,,,,,0,0,0,,0,0,warning_denominator_zero,2.99844137,2.92000000,0.84004282,1.26000000,5.00000000,23232,30859,7627,0.75284358,2110,5334,warning_stem_collisions,57617,10.96157294,2710,955,21.26088561,21.06783714,0.04588923,0,0.00000000,13912,0.19449454,3943805,387061,0.09814405,success,207,998,-0.65643154,902,0.01673004,390,0.00723361,88,0.00163220,483,0.00895855,407,0.00754892,,,0.00383938,0.01851062,-0.01467124,0.02235000,2870,53915,warning_denominator_zero,warning_denominator_zero,success,exact-then-unique-porter-1.0.0,baek-smart-porter-1.0.0
S2020-279,0001059556,MCO,Moody's Corporation,0001059556-21-000010,2020,2021-02-22,1.0.3,0.3.0,0,0,0.00000000,49419,2490,0,0.00000000,success,,,,,,,,,,,0,warning_denominator_zero,,,,,,,,,warning_denominator_zero,,,,,,0,0,0,,0,0,warning_denominator_zero,2.85224719,2.73000000,0.79869624,1.26000000,4.97000000,18828,26267,7439,0.71679293,1976,5080,warning_stem_collisions,49648,10.81271339,2490,1212,19.93895582,21.53484684,0.03867225,0,0.00000000,18871,0.27541266,6092092,333748,0.05478381,success,231,920,-0.59860990,953,0.02050609,342,0.00735895,100,0.00215174,549,0.01181306,391,0.00841331,,,0.00497052,0.01979601,-0.01482549,0.02476654,2958,46474,warning_denominator_zero,warning_denominator_zero,success,exact-then-unique-porter-1.0.0,baek-smart-porter-1.0.0
S2020-280,0000895421,MS,Morgan Stanley,0000895421-21-000286,2020,2021-02-26,1.0.3,0.3.0,0,0,0.00000000,126539,6618,0,0.00000000,success,,,,,,,,,,,0,warning_denominator_zero,,,,,,,,,warning_denominator_zero,,,,,,0,0,0,,0,0,warning_denominator_zero,2.83128105,2.72000000,0.78386346,1.19000000,5.00000000,51817,69805,17988,0.74231072,2470,12486,warning_stem_collisions,127070,11.75249339,6618,2431,19.20066485,20.33428605,0.02163375,0,0.00000000,30517,0.19365176,12265109,857766,0.06993546,success,373,2489,-0.73934312,2538,0.02075208,658,0.00538017,223,0.00182337,1750,0.01430896,1300,0.01062951,,,0.00304985,0.02035143,-0.01730158,0.02340128,8228,122301,warning_denominator_zero,warning_denominator_zero,success,exact-then-unique-porter-1.0.0,baek-smart-porter-1.0.0
S2020-281,0001285785,MOS,Mosaic Company (The),0001618034-21-000003,2020,2021-02-22,1.0.3,0.3.0,0,0,0.00000000,74554,3491,0,0.00000000,success,,,,,,,,,,,0,warning_denominator_zero,,,,,,,,,warning_denominator_zero,,,,,,0,0,0,,0,0,warning_denominator_zero,2.99954454,2.89000000,0.85863527,1.04000000,5.00000000,28784,38976,10192,0.73850575,2478,6772,warning_stem_collisions,74138,11.21368350,3491,1443,21.23689487,19.72389403,0.03666136,0,0.00000000,11065,0.12986632,4642946,487622,0.10502427,success,317,1150,-0.56782549,1095,0.01548907,436,0.00616734,101,0.00142867,903,0.01277318,572,0.00809110,,,0.00448405,0.01626706,-0.01178301,0.02075111,3912,70695,warning_denominator_zero,warning_denominator_zero,success,exact-then-unique-porter-1.0.0,baek-smart-porter-1.0.0
S2020-282,0000068505,MSI,Motorola Solutions,0000068505-21-000008,2020,2021-02-12,1.0.3,0.3.0,1,18,0.33258194,54122,2597,14,0.00539084,success,13,0.02529183,10,0.01945525,11,0.02140078,1,0.00194553,2,0.00389105,514,success,5,16,0.00972763,0.03112840,-0.52380952,0.04085603,-0.02140078,47,success,2.91832512,2.72000000,0.90326292,1.30000000,5.00000000,203,286,83,0.70979021,114,59,warning_stem_collisions,2.92102054,2.86000000,0.79848568,1.19000000,5.00000000,21420,28502,7082,0.75152621,2109,5231,warning_stem_collisions,53887,10.89464454,2597,1026,20.74971121,20.77386123,0.04182827,18,0.33403233,12078,0.18309710,4487026,360045,0.08024134,success,307,830,-0.45998241,834,0.01639634,393,0.00772633,98,0.00192667,552,0.01085226,361,0.00709722,,,0.00603558,0.01631770,-0.01028212,0.02235329,2846,50865,warning_stem_collisions,success,success,exact-then-unique-porter-1.0.0,baek-smart-porter-1.0.0
S2020-283,0001013871,NRG,NRG Energy,0001013871-21-000005,2020,2021-03-01,1.0.3,0.3.0,0,0,0.00000000,83357,3873,0,0.00000000,success,,,,,,,,,,,0,warning_denominator_zero,,,,,,,,,warning_denominator_zero,,,,,,0,0,0,,0,0,warning_denominator_zero,2.91317259,2.85000000,0.81017014,1.26000000,5.00000000,31810,44680,12870,0.71195166,2591,7862,warning_stem_collisions,82859,11.32489565,3873,1610,21.39400981,21.21873971,0.04260249,0,0.00000000,20290,0.19670574,6783874,545613,0.08042794,success,308,1275,-0.61086545,1295,0.01666860,525,0.00675754,170,0.00218816,895,0.01152000,754,0.00970511,,,0.00396442,0.01641117,-0.01244674,0.02037559,4444,77691,warning_denominator_zero,warning_denominator_zero,success,exact-then-unique-porter-1.0.0,baek-smart-porter-1.0.0
S2020-284,0000906163,NVR,"NVR, Inc.",0000906163-21-000017,2020,2021-02-12,1.0.3,0.3.0,0,0,0.00000000,31921,1702,0,0.00000000,success,,,,,,,,,,,0,warning_denominator_zero,,,,,,,,,warning_denominator_zero,,,,,,0,0,0,,0,0,warning_denominator_zero,2.89070472,2.80000000,0.79784976,1.19000000,5.00000000,12473,16400,3927,0.76054878,1400,3006,warning_stem_collisions,31842,10.36854145,1702,702,18.70857814,19.19219857,0.04456378,0,0.00000000,6582,0.17129919,2570202,209295,0.08143134,success,133,543,-0.60650888,548,0.01817217,189,0.00626741,75,0.00248707,347,0.01150683,354,0.01173896,,,0.00441040,0.01800637,-0.01359597,0.02241677,1881,30156,warning_denominator_zero,warning_denominator_zero,success,exact-then-unique-porter-1.0.0,baek-smart-porter-1.0.0
S2020-285,0001120193,NDAQ,"Nasdaq, Inc.",0001120193-21-000011,2020,2021-02-23,1.0.3,0.3.0,1,1,0.01186226,84301,4207,1,0.00023770,success,0,0.00000000,1,0.03571429,0,0.00000000,0,0.00000000,0,0.00000000,28,success,1,0,0.03571429,0.00000000,1.00000000,0.03571429,0.03571429,2,success,2.97909091,3.14000000,0.67687053,1.79000000,4.25000000,11,18,7,0.61111111,10,5,warning_stem_collisions,2.89488388,2.82000000,0.79911204,1.26000000,5.00000000,32855,44678,11823,0.73537311,2321,8129,warning_stem_collisions,84058,11.33926232,4207,1742,19.98050868,19.53376092,0.03307240,1,0.01189655,9669,0.10316131,4097378,560644,0.13682994,success,384,1468,-0.58531317,1274,0.01590234,504,0.00629104,155,0.00193474,888,0.01108421,792,0.00988591,,,0.00479317,0.01832389,-0.01353072,0.02311706,4661,80114,warning_stem_collisions,success,success,exact-then-unique-porter-1.0.0,baek-smart-porter-1.0.0
S2020-286,0001002047,NTAP,NetApp,0001564590-20-029349,2020,2020-06-15,1.0.3,0.3.0,1,4,0.08857004,45162,2206,3,0.00135993,success,3,0.03614458,0,0.00000000,0,0.00000000,0,0.00000000,2,0.02409639,83,success,2,1,0.02409639,0.01204819,0.33333333,0.03614458,0.01204819,6,success,2.74647059,2.53000000,0.71305013,1.81000000,4.61000000,34,50,16,0.68000000,32,10,warning_stem_collisions,2.88342427,2.82000000,0.80612312,1.28000000,5.00000000,17887,23818,5931,0.75098665,2055,4456,warning_stem_collisions,45132,10.71734681,2206,852,20.45874887,20.50748192,0.03006736,4,0.08862891,11840,0.20782139,5694940,301129,0.05287659,success,242,858,-0.56000000,834,0.01928903,429,0.00992206,86,0.00198904,452,0.01045401,359,0.00830307,,,0.00559706,0.01984411,-0.01424706,0.02544117,2674,43237,warning_stem_collisions,success,success,exact-then-unique-porter-1.0.0,baek-smart-porter-1.0.0
S2020-287,0001065280,NFLX,Netflix,0001065280-21-000040,2020,2021-01-28,1.0.3,0.3.0,0,0,0.00000000,28060,1354,0,0.00000000,success,,,,,,,,,,,0,warning_denominator_zero,,,,,,,,,warning_denominator_zero,,,,,,0,0,0,,0,0,warning_denominator_zero,2.85346957,2.74000000,0.78479549,1.26000000,5.00000000,11206,14332,3126,0.78188669,1650,2411,warning_stem_collisions,28061,10.24213599,1354,551,20.72451994,20.29075344,0.02811732,0,0.00000000,5827,0.17194877,2071867,185611,0.08958635,success,163,593,-0.56878307,586,0.02172543,358,0.01327253,60,0.00222445,268,0.00993586,282,0.01045490,,,0.00604308,0.02198495,-0.01594187,0.02802803,1863,26973,warning_denominator_zero,warning_denominator_zero,success,exact-then-unique-porter-1.0.0,baek-smart-porter-1.0.0
S2020-288,0000814453,NWL,Newell Brands,0000814453-21-000050,2020,2021-02-19,1.0.3,0.3.0,0,0,0.00000000,60793,2677,0,0.00000000,success,,,,,,,,,,,0,warning_denominator_zero,,,,,,,,,warning_denominator_zero,,,,,,0,0,0,,0,0,warning_denominator_zero,2.92298129,2.83000000,0.82329409,1.26000000,5.00000000,24003,32605,8602,0.73617543,2212,5992,warning_stem_collisions,60748,11.01448944,2677,1033,22.69256631,21.80115246,0.03809179,0,0.00000000,11644,0.16084650,4273926,410124,0.09595955,success,354,1374,-0.59027778,1057,0.01848969,421,0.00736439,135,0.00236150,543,0.00949849,551,0.00963843,,,0.00619238,0.02403485,-0.01784246,0.03022723,3681,57167,warning_denominator_zero,warning_denominator_zero,success,exact-then-unique-porter-1.0.0,baek-smart-porter-1.0.0
S2020-289,0001164727,NEM,Newmont,0001164727-21-000027,2020,2021-02-18,1.0.3,0.3.0,0,0,0.00000000,99426,4710,0,0.00000000,success,,,,,,,,,,,0,warning_denominator_zero,,,,,,,,,warning_denominator_zero,,,,,,0,0,0,,0,0,warning_denominator_zero,2.99341282,2.86000000,0.88246951,1.19000000,5.00000000,38373,53220,14847,0.72102593,2748,9410,warning_stem_collisions,98916,11.50202628,4710,2081,21.00127389,20.63382067,0.04673663,0,0.00000000,20666,0.17281865,9564423,657425,0.06873650,success,349,1619,-0.64532520,1463,0.01573000,600,0.00645113,178,0.00191383,968,0.01040782,659,0.00708549,,,0.00375241,0.01740729,-0.01365489,0.02115970,4901,93007,warning_denominator_zero,warning_denominator_zero,success,exact-then-unique-porter-1.0.0,baek-smart-porter-1.0.0
S2020-290,0001564708,NWSA|NWS,News Corp (Class A)|News Corp (Class B),0001564708-20-000022,2020,2020-08-11,1.0.3,0.3.0,0,0,0.00000000,79210,3350,0,0.00000000,success,,,,,,,,,,,0,warning_denominator_zero,,,,,,,,,warning_denominator_zero,,,,,,0,0,0,,0,0,warning_denominator_zero,2.97029580,2.90000000,0.83654957,1.19000000,5.00000000,31575,42793,11218,0.73785432,2306,7279,warning_stem_collisions,79334,11.28142207,3350,1480,23.68179104,21.40817803,0.04274334,0,0.00000000,11821,0.12968022,6833859,530823,0.07767544,success,319,1340,-0.61543098,1243,0.01669824,462,0.00620642,142,0.00190760,647,0.00869168,606,0.00814089,,,0.00428539,0.01800132,-0.01371593,0.02228670,3963,74439,warning_denominator_zero,warning_denominator_zero,success,exact-then-unique-porter-1.0.0,baek-smart-porter-1.0.0
S2020-291,0000753308,NEE,NextEra Energy,0000753308-21-000014,2020,2021-02-12,1.0.3,0.3.0,0,0,0.00000000,64484,2868,0,0.00000000,success,,,,,,,,,,,0,warning_denominator_zero,,,,,,,,,warning_denominator_zero,,,,,,0,0,0,,0,0,warning_denominator_zero,2.87395984,2.76000000,0.80226340,1.19000000,5.00000000,24900,35021,10121,0.71100197,1934,5865,warning_stem_collisions,63602,11.06040020,2868,1236,22.17642957,21.73275396,0.03778183,0,0.00000000,16107,0.20207254,5833822,425123,0.07287212,success,216,871,-0.60257590,1082,0.01809819,367,0.00613866,103,0.00172284,776,0.01297984,543,0.00908255,,,0.00361295,0.01456887,-0.01095593,0.01818182,3446,59785,warning_denominator_zero,warning_denominator_zero,success,exact-then-unique-porter-1.0.0,baek-smart-porter-1.0.0
S2020-292,0001111711,NI,NiSource,0001111711-21-000010,2020,2021-02-17,1.0.3,0.3.0,0,0,0.00000000,56347,3248,0,0.00000000,success,,,,,,,,,,,0,warning_denominator_zero,,,,,,,,,warning_denominator_zero,,,,,,0,0,0,,0,0,warning_denominator_zero,2.86722220,2.77000000,0.77782837,1.26000000,5.00000000,22291,29675,7384,0.75117102,2050,5124,warning_stem_collisions,56031,10.93366039,3248,1291,17.25092365,19.83857645,0.04235156,0,0.00000000,14229,0.20251921,5521015,373097,0.06757761,success,195,1007,-0.67554077,824,0.01554541,344,0.00648983,130,0.00245255,717,0.01352677,470,0.00886692,,,0.00367883,0.01899785,-0.01531902,0.02267668,3186,53006,warning_denominator_zero,warning_denominator_zero,success,exact-then-unique-porter-1.0.0,baek-smart-porter-1.0.0
S2020-293,0000320187,NKE,"Nike, Inc.",0000320187-20-000047,2020,2020-07-24,1.0.3,0.3.0,0,0,0.00000000,46827,2277,0,0.00000000,success,,,,,,,,,,,0,warning_denominator_zero,,,,,,,,,warning_denominator_zero,,,,,,0,0,0,,0,0,warning_denominator_zero,2.89656376,2.79000000,0.82541455,1.26000000,5.00000000,18657,24794,6137,0.75248044,1991,4522,warning_stem_collisions,46682,10.75111393,2277,830,20.50153711,20.61241926,0.03585965,0,0.00000000,13670,0.22650451,3944719,310332,0.07867024,success,235,958,-0.60603521,1062,0.02393293,558,0.01257493,86,0.00193807,419,0.00944247,301,0.00678325,,,0.00529589,0.02158922,-0.01629332,0.02688511,2915,44374,warning_denominator_zero,warning_denominator_zero,success,exact-then-unique-porter-1.0.0,baek-smart-porter-1.0.0
S2020-294,0000702165,NSC,Norfolk Southern,0000702165-21-000006,2020,2021-02-04,1.0.3,0.3.0,0,0,0.00000000,25655,1688,0,0.00000000,success,,,,,,,,,,,0,warning_denominator_zero,,,,,,,,,warning_denominator_zero,,,,,,0,0,0,,0,0,warning_denominator_zero,2.94394233,2.85000000,0.83136065,1.19000000,5.00000000,10230,13421,3191,0.76223828,1663,2367,warning_stem_collisions,25596,10.15019137,1688,725,15.16350711,19.12563238,0.04774183,0,0.00000000,12445,0.32714703,2924346,170248,0.05821746,success,114,474,-0.61224490,352,0.01461430,154,0.00639376,62,0.00257411,295,0.01224778,150,0.00622768,,,0.00473304,0.01967948,-0.01494644,0.02441252,1341,24086,warning_denominator_zero,warning_denominator_zero,success,exact-then-unique-porter-1.0.0,baek-smart-porter-1.0.0
S2020-295,0000073124,NTRS,Northern Trust,0000073124-21-000071,2020,2021-02-23,1.0.3,0.3.0,1,2,0.02275908,87877,4190,1,0.00023866,success,0,0.00000000,0,0.00000000,0,0.00000000,0,0.00000000,1,0.01666667,60,success,2,0,0.03333333,0.00000000,1.00000000,0.03333333,0.03333333,3,success,3.08625000,3.15000000,0.88862165,1.63000000,4.93000000,24,36,12,0.66666667,22,9,warning_stem_collisions,2.82945996,2.72000000,0.79352548,1.19000000,5.00000000,36738,48514,11776,0.75726594,2414,8509,warning_stem_collisions,88015,11.38526253,4190,1782,21.00596659,21.08976606,0.03934557,2,0.02272340,22160,0.20113456,9452128,597755,0.06324026,success,357,1529,-0.62142100,1617,0.01946879,424,0.00510499,130,0.00156521,802,0.00965614,727,0.00875313,,,0.00429830,0.01840927,-0.01411096,0.02270757,4949,83056,warning_stem_collisions,success,success,exact-then-unique-porter-1.0.0,baek-smart-porter-1.0.0
S2020-296,0001133421,NOC,Northrop Grumman,0001133421-21-000006,2020,2021-01-28,1.0.3,0.3.0,0,0,0.00000000,45374,2369,0,0.00000000,success,,,,,,,,,,,0,warning_denominator_zero,,,,,,,,,warning_denominator_zero,,,,,,0,0,0,,0,0,warning_denominator_zero,2.87102921,2.79000000,0.79382852,1.19000000,5.00000000,18315,24640,6325,0.74330357,2038,4592,warning_stem_collisions,45532,10.72617065,2369,1131,19.21992402,20.24965652,0.03322938,0,0.00000000,12626,0.21709825,3937414,308438,0.07833517,success,231,877,-0.58303249,799,0.01840166,340,0.00783049,56,0.00128973,718,0.01653616,352,0.00810686,,,0.00532013,0.02019807,-0.01487794,0.02551819,2887,43420,warning_denominator_zero,warning_denominator_zero,success,exact-then-unique-porter-1.0.0,baek-smart-porter-1.0.0
S2020-297,0000849399,NLOK,NortonLifeLock,0000849399-20-000004,2020,2020-05-28,1.0.3,0.3.0,0,0,0.00000000,38690,2143,0,0.00000000,success,,,,,,,,,,,0,warning_denominator_zero,,,,,,,,,warning_denominator_zero,,,,,,0,0,0,,0,0,warning_denominator_zero,2.83016503,2.74000000,0.77958386,1.26000000,5.00000000,14846,19471,4625,0.76246726,1809,3545,warning_stem_collisions,38340,10.55424902,2143,837,17.89080728,19.64020492,0.03888889,0,0.00000000,13174,0.25573630,3527604,251858,0.07139634,success,186,988,-0.68313458,726,0.01988605,411,0.01125781,86,0.00235565,442,0.01210694,266,0.00728607,,,0.00509477,0.02706256,-0.02196779,0.03215734,2534,36508,warning_denominator_zero,warning_denominator_zero,success,exact-then-unique-porter-1.0.0,baek-smart-porter-1.0.0
S2020-298,0001513761,NCLH,Norwegian Cruise Line Holdings,0001558370-21-001998,2020,2021-02-26,1.0.3,0.3.0,0,0,0.00000000,74922,3235,0,0.00000000,success,,,,,,,,,,,0,warning_denominator_zero,,,,,,,,,warning_denominator_zero,,,,,,0,0,0,,0,0,warning_denominator_zero,2.91506062,2.79000000,0.82516680,1.19000000,5.00000000,28623,37918,9295,0.75486576,2415,6499,warning_stem_collisions,75120,11.22684211,3235,977,23.22102009,20.78646510,0.04138711,0,0.00000000,14844,0.16499933,3998914,486501,0.12165828,success,414,1240,-0.49939541,1211,0.01701918,594,0.00834797,296,0.00415993,774,0.01087766,716,0.01006254,,,0.00581828,0.01742674,-0.01160846,0.02324503,4401,71155,warning_denominator_zero,warning_denominator_zero,success,exact-then-unique-porter-1.0.0,baek-smart-porter-1.0.0
S2020-299,0001021860,NOV,Nov,0001564590-21-005708,2020,2021-02-12,1.0.3,0.3.0,1,1,0.03066450,32611,1997,1,0.00050075,success,0,0.00000000,0,0.00000000,0,0.00000000,0,0.00000000,0,0.00000000,31,success,1,0,0.03225806,0.00000000,1.00000000,0.03225806,0.03225806,1,success,3.46000000,3.64500000,0.72738401,2.00000000,4.25000000,16,23,7,0.69565217,12,3,warning_stem_collisions,2.97825154,2.89000000,0.86344269,1.19000000,5.00000000,13286,17758,4472,0.74816984,2005,3291,warning_stem_collisions,32544,10.39034830,1997,632,16.29644467,20.23417822,0.03493732,1,0.03072763,15018,0.31575628,6560734,220435,0.03359914,success,225,617,-0.46555819,552,0.01785830,224,0.00724685,59,0.00190877,336,0.01087027,297,0.00960854,,,0.00727920,0.01996118,-0.01268198,0.02724038,1922,30910,warning_stem_collisions,success,success,exact-then-unique-porter-1.0.0,baek-smart-porter-1.0.0
S2020-300,0000073309,NUE,Nucor,0001564590-21-009503,2020,2021-02-26,1.0.3,0.3.0,0,0,0.00000000,36966,1887,0,0.00000000,success,,,,,,,,,,,0,warning_denominator_zero,,,,,,,,,warning_denominator_zero,,,,,,0,0,0,,0,0,warning_denominator_zero,3.01792220,2.89500000,0.89167634,1.25000000,5.00000000,14010,19436,5426,0.72082733,1879,3676,warning_stem_collisions,36798,10.51319877,1887,639,19.50079491,19.73057146,0.04350780,0,0.00000000,9793,0.21019081,4700111,241179,0.05131347,success,222,549,-0.42412451,552,0.01596022,170,0.00491528,89,0.00257330,238,0.00688140,301,0.00870294,,,0.00641878,0.01587347,-0.00945469,0.02229226,1768,34586,warning_denominator_zero,warning_denominator_zero,success,exact-then-unique-porter-1.0.0,baek-smart-porter-1.0.0
S2020-301,0001045810,NVDA,Nvidia,0001045810-20-000010,2020,2020-02-20,1.0.3,0.3.0,1,81,2.53410086,31964,1710,60,0.03508772,success,1,0.00059952,0,0.00000000,0,0.00000000,2,0.00119904,2,0.00119904,1668,success,29,3,0.01738609,0.00179856,0.81250000,0.01918465,0.01558753,37,success,3.29282164,3.25000000,0.85776284,1.40000000,5.00000000,684,1068,384,0.64044944,309,141,warning_stem_collisions,2.93046840,2.87000000,0.82010302,1.19000000,5.00000000,12596,16951,4355,0.74308300,1885,2899,warning_stem_collisions,31909,10.37064338,1710,738,18.66023392,19.65787562,0.03419098,81,2.53846877,8386,0.20811515,2655153,211546,0.07967375,success,193,596,-0.51077313,485,0.01592461,275,0.00902942,65,0.00213423,335,0.01099947,190,0.00623851,,,0.00633701,0.01956921,-0.01323220,0.02590623,1753,30456,warning_stem_collisions,success,success,exact-then-unique-porter-1.0.0,baek-smart-porter-1.0.0
S2020-302,0000797468,OXY,Occidental Petroleum,0000797468-21-000009,2020,2021-02-26,1.0.3,0.3.0,0,0,0.00000000,72089,3621,0,0.00000000,success,,,,,,,,,,,0,warning_denominator_zero,,,,,,,,,warning_denominator_zero,,,,,,0,0,0,,0,0,warning_denominator_zero,2.92093708,2.79000000,0.84945472,1.19000000,5.00000000,27383,39140,11757,0.69961676,2113,7579,warning_stem_collisions,71517,11.17769046,3621,1248,19.75062138,20.92079386,0.04252136,0,0.00000000,18375,0.20441196,6172646,482682,0.07819694,success,313,1165,-0.57645467,1120,0.01669449,374,0.00557477,114,0.00169926,770,0.01147746,584,0.00870498,,,0.00466551,0.01736525,-0.01269974,0.02203077,3763,67088,warning_denominator_zero,warning_denominator_zero,success,exact-then-unique-porter-1.0.0,baek-smart-porter-1.0.0
S2020-303,0000878927,ODFL,Old Dominion,0001564590-21-008056,2020,2021-02-24,1.0.3,0.3.0,0,0,0.00000000,25357,1318,0,0.00000000,success,,,,,,,,,,,0,warning_denominator_zero,,,,,,,,,warning_denominator_zero,,,,,,0,0,0,,0,0,warning_denominator_zero,2.92741711,2.83000000,0.83391934,1.19000000,5.00000000,10043,13024,2981,0.77111486,1531,2268,warning_stem_collisions,25359,10.14088898,1318,534,19.24051593,19.92434562,0.03616073,0,0.00000000,7252,0.22237895,2351775,167361,0.07116370,success,128,508,-0.59748428,511,0.02115329,272,0.01125968,47,0.00194561,248,0.01026618,202,0.00836197,,,0.00529867,0.02102910,-0.01573043,0.02632777,1569,24157,warning_denominator_zero,warning_denominator_zero,success,exact-then-unique-porter-1.0.0,baek-smart-porter-1.0.0
S2020-304,0000029989,OMC,Omnicom Group,0000029989-21-000004,2020,2021-02-18,1.0.3,0.3.0,0,0,0.00000000,35453,1847,0,0.00000000,success,,,,,,,,,,,0,warning_denominator_zero,,,,,,,,,warning_denominator_zero,,,,,,0,0,0,,0,0,warning_denominator_zero,2.87196212,2.75000000,0.77358099,1.19000000,5.00000000,13939,18443,4504,0.75578810,1426,3392,warning_stem_collisions,35481,10.47675262,1847,670,19.21007038,19.88395463,0.04024689,0,0.00000000,8061,0.18513160,2500975,234599,0.09380302,success,143,472,-0.53495935,487,0.01447423,183,0.00543898,48,0.00142662,247,0.00734114,314,0.00933246,,,0.00425013,0.01402841,-0.00977828,0.01827855,1605,33646,warning_denominator_zero,warning_denominator_zero,success,exact-then-unique-porter-1.0.0,baek-smart-porter-1.0.0
S2020-305,0001039684,OKE,Oneok,0001039684-21-000015,2020,2021-02-23,1.0.3,0.3.0,0,0,0.00000000,52688,2483,0,0.00000000,success,,,,,,,,,,,0,warning_denominator_zero,,,,,,,,,warning_denominator_zero,,,,,,0,0,0,,0,0,warning_denominator_zero,2.93367487,2.83000000,0.84963072,1.26000000,5.00000000,21130,28134,7004,0.75104855,2093,4995,warning_stem_collisions,52161,10.86209037,2483,1083,21.00724930,21.41441403,0.02818198,0,0.00000000,14567,0.21830416,4577812,350617,0.07659052,success,193,815,-0.61706349,861,0.01722241,415,0.00830116,73,0.00146020,555,0.01110155,482,0.00964135,,,0.00386054,0.01630228,-0.01244174,0.02016282,2769,49993,warning_denominator_zero,warning_denominator_zero,success,exact-then-unique-porter-1.0.0,baek-smart-porter-1.0.0
S2020-306,0001341439,ORCL,Oracle Corporation,0001564590-20-030125,2020,2020-06-22,1.0.3,0.3.0,1,7,0.13648949,51286,2619,5,0.00190913,success,2,0.01149425,0,0.00000000,1,0.00574713,0,0.00000000,1,0.00574713,174,success,3,2,0.01724138,0.01149425,0.20000000,0.02873563,0.00574713,8,success,3.14441860,3.05500000,0.79482133,1.64000000,4.93000000,86,118,32,0.72881356,50,20,warning_stem_collisions,2.91060941,2.85000000,0.81942952,1.23000000,5.00000000,20528,27165,6637,0.75567826,2078,5300,warning_stem_collisions,51342,10.84626441,2619,993,19.60366552,21.39550574,0.03005337,7,0.13634062,17180,0.25072240,6643894,345680,0.05202973,success,281,832,-0.49505840,1061,0.02158478,535,0.01088394,101,0.00205472,624,0.01269454,322,0.00655071,,,0.00571661,0.01692605,-0.01120944,0.02264266,3026,49155,warning_stem_collisions,success,success,exact-then-unique-porter-1.0.0,baek-smart-porter-1.0.0
S2020-307,0001781335,OTIS,Otis Worldwide,0001781335-21-000023,2020,2021-02-05,1.0.3,0.3.0,0,0,0.00000000,47925,2205,0,0.00000000,success,,,,,,,,,,,0,warning_denominator_zero,,,,,,,,,warning_denominator_zero,,,,,,0,0,0,,0,0,warning_denominator_zero,2.86395778,2.77000000,0.79915367,1.19000000,5.00000000,18662,25233,6571,0.73958705,1958,4704,warning_stem_collisions,47881,10.77647405,2205,871,21.71473923,21.04210433,0.03613124,0,0.00000000,9098,0.15967286,3539664,320613,0.09057724,success,205,790,-0.58793970,835,0.01832668,363,0.00796717,82,0.00179975,627,0.01376147,344,0.00755015,,,0.00449936,0.01733901,-0.01283965,0.02183837,2757,45562,warning_denominator_zero,warning_denominator_zero,success,exact-then-unique-porter-1.0.0,baek-smart-porter-1.0.0
S2020-308,0000898173,ORLY,O’Reilly Automotive,0000898173-21-000012,2020,2021-02-26,1.0.3,0.3.0,0,0,0.00000000,40230,1959,0,0.00000000,success,,,,,,,,,,,0,warning_denominator_zero,,,,,,,,,warning_denominator_zero,,,,,,0,0,0,,0,0,warning_denominator_zero,2.95287298,2.87000000,0.82095621,1.19000000,5.00000000,16422,21434,5012,0.76616590,1767,3460,warning_stem_collisions,40203,10.60169690,1959,671,20.52220521,21.17214227,0.04509614,0,0.00000000,11570,0.22347556,3135447,268575,0.08565764,success,274,475,-0.26835781,513,0.01363673,207,0.00550254,82,0.00217975,207,0.00550254,261,0.00693798,,,0.00728355,0.01262660,-0.00534304,0.01991015,1695,37619,warning_denominator_zero,warning_denominator_zero,success,exact-then-unique-porter-1.0.0,baek-smart-porter-1.0.0
S2020-309,0000713676,PNC,PNC Financial Services,0000713676-21-000025,2020,2021-02-26,1.0.3,0.3.0,1,4,0.03676910,108787,5088,2,0.00039308,success,1,0.01754386,0,0.00000000,0,0.00000000,0,0.00000000,0,0.00000000,57,success,1,1,0.01754386,0.01754386,0.00000000,0.03508772,0.00000000,3,success,2.92323529,2.83500000,0.83017971,1.63000000,4.93000000,34,39,5,0.87179487,29,5,warning_stem_collisions,2.85977549,2.72000000,0.80893571,1.19000000,5.00000000,43339,58195,14856,0.74472034,2682,10095,warning_stem_collisions,108487,11.59438563,5088,2560,21.32213050,21.37019963,0.03292560,4,0.03687078,27185,0.20037296,10902178,719092,0.06595856,success,451,2278,-0.66947600,1946,0.01877798,544,0.00524934,163,0.00157287,1128,0.01088467,798,0.00770032,,,0.00435194,0.02198163,-0.01762969,0.02633356,6417,103632,warning_stem_collisions,success,success,exact-then-unique-porter-1.0.0,baek-smart-porter-1.0.0
S2020-310,0000079879,PPG,PPG Industries,0000079879-21-000008,2020,2021-02-18,1.0.3,0.3.0,0,0,0.00000000,39234,2085,0,0.00000000,success,,,,,,,,,,,0,warning_denominator_zero,,,,,,,,,warning_denominator_zero,,,,,,0,0,0,,0,0,warning_denominator_zero,2.89196001,2.82000000,0.80201690,1.26000000,5.00000000,15255,20879,5624,0.73063844,1863,3958,warning_stem_collisions,39276,10.57836892,2085,946,18.83741007,20.16617863,0.05003055,0,0.00000000,10079,0.20421437,3907992,261726,0.06697199,success,182,774,-0.61924686,560,0.01527300,179,0.00488191,86,0.00234550,535,0.01459117,235,0.00640921,,,0.00496373,0.02110947,-0.01614575,0.02607320,2128,36666,warning_denominator_zero,warning_denominator_zero,success,exact-then-unique-porter-1.0.0,baek-smart-porter-1.0.0
S2020-311,0000922224,PPL,PPL Corporation,0000922224-21-000006,2020,2021-02-18,1.0.3,0.3.0,0,0,0.00000000,96710,5301,0,0.00000000,success,,,,,,,,,,,0,warning_denominator_zero,,,,,,,,,warning_denominator_zero,,,,,,0,0,0,,0,0,warning_denominator_zero,2.86372294,2.79000000,0.77668291,1.19000000,5.00000000,37285,53433,16148,0.69778976,2399,9412,warning_stem_collisions,97266,11.48520477,5301,2646,18.34861347,20.27365839,0.03360887,0,0.00000000,34564,0.26218615,13941537,637948,0.04575880,success,259,1215,-0.64857531,1242,0.01344141,456,0.00493501,185,0.00200214,1579,0.01708856,714,0.00772719,,,0.00280300,0.01314921,-0.01034621,0.01595221,4961,92401,warning_denominator_zero,warning_denominator_zero,success,exact-then-unique-porter-1.0.0,baek-smart-porter-1.0.0
S2020-312,0000078239,PVH,PVH,0000078239-20-000023,2020,2020-04-01,1.0.3,0.3.0,0,0,0.00000000,59468,2879,0,0.00000000,success,,,,,,,,,,,0,warning_denominator_zero,,,,,,,,,warning_denominator_zero,,,,,,0,0,0,,0,0,warning_denominator_zero,2.95959121,2.85000000,0.82789286,1.26000000,5.00000000,22261,30616,8355,0.72710348,1911,5082,warning_stem_collisions,58891,10.98344356,2879,1044,20.45536645,21.15317637,0.04350410,0,0.00000000,22802,0.27911816,5037543,384247,0.07627667,success,257,762,-0.49558391,752,0.01354686,312,0.00562051,83,0.00149520,319,0.00574661,420,0.00756607,,,0.00462971,0.01372701,-0.00909730,0.01835672,2391,55511,warning_denominator_zero,warning_denominator_zero,success,exact-then-unique-porter-1.0.0,baek-smart-porter-1.0.0
S2020-313,0000075362,PCAR,Paccar,0001564590-21-006370,2020,2021-02-17,1.0.3,0.3.0,0,0,0.00000000,28404,1753,0,0.00000000,success,,,,,,,,,,,0,warning_denominator_zero,,,,,,,,,warning_denominator_zero,,,,,,0,0,0,,0,0,warning_denominator_zero,2.96759521,2.88000000,0.84076484,1.30000000,4.96000000,11028,15034,4006,0.73353732,1385,2811,warning_stem_collisions,28272,10.24962719,1753,632,16.12778095,19.55663647,0.05114601,0,0.00000000,11549,0.29002285,9043037,188118,0.02080252,success,78,416,-0.68421053,310,0.01177498,105,0.00398830,46,0.00174726,235,0.00892620,183,0.00695104,,,0.00296274,0.01580127,-0.01283853,0.01876401,1187,26327,warning_denominator_zero,warning_denominator_zero,success,exact-then-unique-porter-1.0.0,baek-smart-porter-1.0.0
S2020-314,0000075677,PKG,Packaging Corporation of America,0001564590-21-008051,2020,2021-02-24,1.0.3,0.3.0,0,0,0.00000000,34067,2014,0,0.00000000,success,,,,,,,,,,,0,warning_denominator_zero,,,,,,,,,warning_denominator_zero,,,,,,0,0,0,,0,0,warning_denominator_zero,2.96622029,2.86000000,0.85632328,1.25000000,5.00000000,13210,17910,4700,0.73757677,1623,3379,warning_stem_collisions,33874,10.43040304,2014,632,16.81926514,19.71470018,0.04537403,0,0.00000000,13442,0.28408995,6432200,225571,0.03506903,success,93,465,-0.66666667,478,0.01497025,211,0.00660821,64,0.00200438,207,0.00648293,323,0.01011588,,,0.00291262,0.01456311,-0.01165049,0.01747573,1517,31930,warning_denominator_zero,warning_denominator_zero,success,exact-then-unique-porter-1.0.0,baek-smart-porter-1.0.0
S2020-315,0000076334,PH,Parker Hannifin,0000076334-20-000099,2020,2020-08-26,1.0.3,0.3.0,0,0,0.00000000,26688,1522,0,0.00000000,success,,,,,,,,,,,0,warning_denominator_zero,,,,,,,,,warning_denominator_zero,,,,,,0,0,0,,0,0,warning_denominator_zero,2.88523774,2.79000000,0.80159684,1.30000000,5.00000000,10579,13825,3246,0.76520796,1490,2464,warning_stem_collisions,26365,10.17979265,1522,507,17.32260184,20.59513827,0.04164612,0,0.00000000,10706,0.28879717,3165925,176202,0.05565577,success,130,381,-0.49119374,466,0.01870209,183,0.00734438,56,0.00224746,239,0.00959184,188,0.00754505,,,0.00521732,0.01529077,-0.01007344,0.02050809,1383,24917,warning_denominator_zero,warning_denominator_zero,success,exact-then-unique-porter-1.0.0,baek-smart-porter-1.0.0
S2020-316,0001633917,PYPL,PayPal,0001633917-21-000018,2020,2021-02-05,1.0.3,0.3.0,1,3,0.05133558,58439,2608,2,0.00076687,success,1,0.00925926,2,0.01851852,0,0.00000000,0,0.00000000,1,0.00925926,108,success,2,1,0.01851852,0.00925926,0.33333333,0.02777778,0.00925926,7,success,3.06442623,3.00000000,0.87815851,1.67000000,4.90000000,61,73,12,0.83561644,46,4,warning_stem_collisions,2.86677758,2.75000000,0.79254655,1.23000000,5.00000000,23231,30942,7711,0.75079180,2136,5888,warning_stem_collisions,58619,10.97881416,2608,1047,22.47661043,21.06580086,0.03196916,3,0.05117795,9032,0.13350874,3929794,394384,0.10035742,success,335,1423,-0.61888510,1053,0.01874833,497,0.00884893,108,0.00192291,747,0.01330010,429,0.00763821,,,0.00596457,0.02533606,-0.01937149,0.03130063,3906,56165,warning_stem_collisions,success,success,exact-then-unique-porter-1.0.0,baek-smart-porter-1.0.0
S2020-317,0000723531,PAYX,Paychex,0000723531-20-000048,2020,2020-07-17,1.0.3,0.3.0,1,5,0.12975554,38534,1844,2,0.00108460,success,2,0.02631579,0,0.00000000,1,0.01315789,0,0.00000000,0,0.00000000,76,success,3,1,0.03947368,0.01315789,0.50000000,0.05263158,0.02631579,6,success,2.57085714,2.38000000,0.74452812,1.23000000,4.25000000,35,41,6,0.85365854,31,5,warning_stem_collisions,2.88356154,2.78000000,0.80648161,1.19000000,5.00000000,15162,20343,5181,0.74531780,1759,3544,warning_stem_collisions,38481,10.55791989,1844,719,20.86822126,20.37174044,0.03908422,5,0.12993425,8268,0.17685940,7689828,257230,0.03345068,success,199,634,-0.52220888,744,0.02052357,400,0.01103418,81,0.00223442,335,0.00924112,299,0.00824805,,,0.00548950,0.01748917,-0.01199967,0.02297868,2113,36251,warning_stem_collisions,success,success,exact-then-unique-porter-1.0.0,baek-smart-porter-1.0.0
S2020-318,0001590955,PAYC,Paycom,0001564590-21-006660,2020,2021-02-18,1.0.3,0.3.0,1,2,0.05086599,39319,2049,1,0.00048804,success,1,0.05263158,0,0.00000000,0,0.00000000,0,0.00000000,0,0.00000000,19,success,1,1,0.05263158,0.05263158,0.00000000,0.10526316,0.00000000,3,success,2.64500000,2.58500000,0.78728965,1.63000000,4.25000000,10,10,0,1.00000000,10,0,success,2.86700498,2.80000000,0.78955242,1.19000000,5.00000000,15676,20407,4731,0.76816779,1911,3471,warning_stem_collisions,39348,10.58020043,2049,697,19.20351391,20.02744403,0.02820982,2,0.05082850,10524,0.21102021,3516453,259696,0.07385169,success,240,633,-0.45017182,696,0.01843611,396,0.01048951,92,0.00243696,353,0.00935050,347,0.00919157,,,0.00635728,0.01676732,-0.01041004,0.02312460,2240,37752,success,success,success,exact-then-unique-porter-1.0.0,baek-smart-porter-1.0.0
S2020-319,0000077360,PNR,Pentair,0000077360-21-000005,2020,2021-02-16,1.0.3,0.3.0,0,0,0.00000000,41818,2155,0,0.00000000,success,,,,,,,,,,,0,warning_denominator_zero,,,,,,,,,warning_denominator_zero,,,,,,0,0,0,,0,0,warning_denominator_zero,2.87147418,2.76000000,0.79832740,1.26000000,5.00000000,16477,21790,5313,0.75617256,1952,4047,warning_stem_collisions,41763,10.63976606,2155,1035,19.37958237,19.96192695,0.03201398,0,0.00000000,9220,0.18084460,2934891,278366,0.09484713,success,195,787,-0.60285132,750,0.01877206,386,0.00966135,72,0.00180212,433,0.01083773,378,0.00946112,,,0.00488073,0.01969815,-0.01481741,0.02457888,2443,39953,warning_denominator_zero,warning_denominator_zero,success,exact-then-unique-porter-1.0.0,baek-smart-porter-1.0.0
S2020-320,0000077476,PEP,PepsiCo,0000077476-21-000007,2020,2021-02-11,1.0.3,0.3.0,0,0,0.00000000,48500,2314,0,0.00000000,success,,,,,,,,,,,0,warning_denominator_zero,,,,,,,,,warning_denominator_zero,,,,,,0,0,0,,0,0,warning_denominator_zero,2.93581154,2.82000000,0.84590652,1.19000000,5.00000000,19198,25943,6745,0.74000694,2024,4774,warning_stem_collisions,48406,10.78737905,2314,1031,20.91875540,21.02143048,0.03536752,0,0.00000000,12921,0.21069023,4943851,325473,0.06583390,success,262,766,-0.49027237,692,0.01505035,199,0.00432806,85,0.00184867,420,0.00913460,337,0.00732943,,,0.00569825,0.01665978,-0.01096153,0.02235803,2424,45979,warning_denominator_zero,warning_denominator_zero,success,exact-then-unique-porter-1.0.0,baek-smart-porter-1.0.0
S2020-321,0001585364,PRGO,Perrigo,0001585364-21-000012,2020,2021-03-01,1.0.3,0.3.0,0,0,0.00000000,86612,4391,0,0.00000000,success,,,,,,,,,,,0,warning_denominator_zero,,,,,,,,,warning_denominator_zero,,,,,,0,0,0,,0,0,warning_denominator_zero,2.93775287,2.86000000,0.82130095,1.19000000,5.00000000,33051,45648,12597,0.72404048,2624,7754,warning_stem_collisions,86099,11.36325308,4391,1953,19.60806194,19.60734780,0.04659752,0,0.00000000,14788,0.14657984,5136717,567475,0.11047426,success,476,2266,-0.65280817,1321,0.01627228,615,0.00757566,238,0.00293172,1499,0.01846491,642,0.00790825,,,0.00586344,0.02791294,-0.02204949,0.03377638,5705,81181,warning_denominator_zero,warning_denominator_zero,success,exact-then-unique-porter-1.0.0,baek-smart-porter-1.0.0
S2020-322,0000078003,PFE,Pfizer,0000078003-21-000038,2020,2021-02-25,1.0.3,0.3.0,0,0,0.00000000,72251,3787,0,0.00000000,success,,,,,,,,,,,0,warning_denominator_zero,,,,,,,,,warning_denominator_zero,,,,,,0,0,0,,0,0,warning_denominator_zero,2.85909104,2.76000000,0.78064580,1.26000000,5.00000000,27163,37692,10529,0.72065690,2463,6891,warning_stem_collisions,72574,11.19236201,3787,1519,19.16398204,20.64897431,0.03108551,0,0.00000000,23402,0.24383179,7546636,485242,0.06429911,success,567,1539,-0.46153846,1174,0.01694793,479,0.00691487,132,0.00190556,1168,0.01686131,422,0.00609202,,,0.00818524,0.02221709,-0.01403185,0.03040233,4537,69271,warning_denominator_zero,warning_denominator_zero,success,exact-then-unique-porter-1.0.0,baek-smart-porter-1.0.0
S2020-323,0001413329,PM,Philip Morris International,0001413329-21-000007,2020,2021-02-09,1.0.3,0.3.0,0,0,0.00000000,56037,2685,0,0.00000000,success,,,,,,,,,,,0,warning_denominator_zero,,,,,,,,,warning_denominator_zero,,,,,,0,0,0,,0,0,warning_denominator_zero,2.97604343,2.86000000,0.86790107,1.25000000,5.00000000,21185,30065,8880,0.70463995,2174,5044,warning_stem_collisions,55705,10.92782519,2685,1136,20.74674115,19.95209360,0.04017593,0,0.00000000,12048,0.17782238,4680079,370136,0.07908755,success,280,1339,-0.65410747,866,0.01648519,270,0.00513972,121,0.00230336,1012,0.01926445,383,0.00729079,,,0.00533008,0.02548923,-0.02015914,0.03081931,3597,52532,warning_denominator_zero,warning_denominator_zero,success,exact-then-unique-porter-1.0.0,baek-smart-porter-1.0.0
S2020-324,0001534701,PSX,Phillips 66,0001534701-21-000074,2020,2021-02-24,1.0.3,0.3.0,0,0,0.00000000,54105,2909,0,0.00000000,success,,,,,,,,,,,0,warning_denominator_zero,,,,,,,,,warning_denominator_zero,,,,,,0,0,0,,0,0,warning_denominator_zero,2.96148357,2.87000000,0.86092286,1.26000000,5.00000000,21455,29198,7743,0.73481060,2132,5046,warning_stem_collisions,53888,10.89466310,2909,1279,18.52457889,19.76001103,0.04475950,0,0.00000000,12617,0.18971506,5164863,360779,0.06985258,success,197,800,-0.60481444,768,0.01509286,329,0.00646556,94,0.00184730,519,0.01019947,516,0.01014051,,,0.00387147,0.01572173,-0.01185025,0.01959320,2686,50885,warning_denominator_zero,warning_denominator_zero,success,exact-then-unique-porter-1.0.0,baek-smart-porter-1.0.0
S2020-325,0000764622,PNW,Pinnacle West Capital,0000764622-21-000013,2020,2021-02-24,1.0.3,0.3.0,0,0,0.00000000,77356,3936,0,0.00000000,success,,,,,,,,,,,0,warning_denominator_zero,,,,,,,,,warning_denominator_zero,,,,,,0,0,0,,0,0,warning_denominator_zero,2.95846972,2.86000000,0.83713441,1.26000000,5.00000000,30831,41874,11043,0.73628027,2362,7213,warning_stem_collisions,77030,11.25195024,3936,1532,19.57063008,20.14358429,0.04600805,0,0.00000000,21063,0.21472480,6586270,506927,0.07696724,success,316,1005,-0.52157456,1039,0.01437943,418,0.00578499,216,0.00298937,1153,0.01595715,579,0.00801318,,,0.00437334,0.01390888,-0.00953554,0.01828222,4109,72256,warning_denominator_zero,warning_denominator_zero,success,exact-then-unique-porter-1.0.0,baek-smart-porter-1.0.0
S2020-326,0000945841,POOL,Pool Corporation,0000945841-21-000022,2020,2021-02-25,1.0.3,0.3.0,0,0,0.00000000,36704,1922,0,0.00000000,success,,,,,,,,,,,0,warning_denominator_zero,,,,,,,,,warning_denominator_zero,,,,,,0,0,0,,0,0,warning_denominator_zero,2.94121831,2.86000000,0.82513867,1.26000000,5.00000000,15029,19494,4465,0.77095517,1873,3497,warning_stem_collisions,36635,10.50875935,1922,850,19.06087409,19.38785878,0.03919749,0,0.00000000,6642,0.15347644,2601306,243346,0.09354763,success,282,516,-0.29323308,632,0.01816249,225,0.00646607,82,0.00235652,202,0.00580510,300,0.00862143,,,0.00810415,0.01482886,-0.00672472,0.02293301,1871,34797,warning_denominator_zero,warning_denominator_zero,success,exact-then-unique-porter-1.0.0,baek-smart-porter-1.0.0
S2020-327,0001126328,PFG,Principal Financial Group,0001104659-21-022074,2020,2021-02-12,1.0.3,0.3.0,0,0,0.00000000,122644,6670,0,0.00000000,success,,,,,,,,,,,0,warning_denominator_zero,,,,,,,,,warning_denominator_zero,,,,,,0,0,0,,0,0,warning_denominator_zero,2.83821194,2.74000000,0.76576250,1.19000000,4.97000000,51156,66201,15045,0.77273757,2252,11397,warning_stem_collisions,122238,11.71372524,6670,2139,18.32653673,20.87324966,0.03429375,0,0.00000000,37043,0.23256383,17387329,823112,0.04733976,success,532,2102,-0.59605163,2240,0.01916758,738,0.00631503,261,0.00223337,1344,0.01150055,782,0.00669154,,,0.00455230,0.01798672,-0.01343442,0.02253902,6786,116864,warning_denominator_zero,warning_denominator_zero,success,exact-then-unique-porter-1.0.0,baek-smart-porter-1.0.0
S2020-328,0000080424,PG,Procter & Gamble,0000080424-20-000053,2020,2020-08-06,1.0.3,0.3.0,0,0,0.00000000,43960,2279,0,0.00000000,success,,,,,,,,,,,0,warning_denominator_zero,,,,,,,,,warning_denominator_zero,,,,,,0,0,0,,0,0,warning_denominator_zero,2.94711362,2.82000000,0.83714339,1.19000000,5.00000000,18272,24219,5947,0.75444899,1755,4388,warning_stem_collisions,43779,10.68690953,2279,927,19.20974111,19.54297880,0.03396606,0,0.00000000,10846,0.19855378,4503588,291142,0.06464668,success,278,674,-0.41596639,741,0.01779069,250,0.00600226,52,0.00124847,225,0.00540203,305,0.00732275,,,0.00667451,0.01618208,-0.00950757,0.02285659,2098,41651,warning_denominator_zero,warning_denominator_zero,success,exact-then-unique-porter-1.0.0,baek-smart-porter-1.0.0
S2020-329,0000080661,PGR,Progressive Corporation,0000080661-21-000014,2020,2021-03-01,1.0.3,0.3.0,0,0,0.00000000,21315,1060,0,0.00000000,success,,,,,,,,,,,0,warning_denominator_zero,,,,,,,,,warning_denominator_zero,,,,,,0,0,0,,0,0,warning_denominator_zero,2.83376162,2.76000000,0.81170464,1.26000000,5.00000000,8390,10984,2594,0.76383831,1595,2116,warning_stem_collisions,21116,9.95778633,1060,517,19.92075472,21.42970189,0.02325251,0,0.00000000,4877,0.18762744,1591039,142719,0.08970176,success,155,611,-0.59530026,473,0.02318287,269,0.01318434,39,0.00191148,300,0.01470372,188,0.00921433,,,0.00759692,0.02994658,-0.02234965,0.03754350,1626,20403,warning_denominator_zero,warning_denominator_zero,success,exact-then-unique-porter-1.0.0,baek-smart-porter-1.0.0
S2020-330,0001045609,PLD,Prologis,0001564590-21-005312,2020,2021-02-11,1.0.3,0.3.0,0,0,0.00000000,41540,2689,0,0.00000000,success,,,,,,,,,,,0,warning_denominator_zero,,,,,,,,,warning_denominator_zero,,,,,,0,0,0,,0,0,warning_denominator_zero,2.86053066,2.72000000,0.81389282,1.19000000,5.00000000,15980,21235,5255,0.75253120,1683,3794,warning_stem_collisions,41622,10.63638415,2689,861,15.47861659,20.84473715,0.02835039,0,0.00000000,28450,0.40601096,12876811,273104,0.02120898,success,226,463,-0.34397678,619,0.01546495,285,0.00712037,81,0.00202368,213,0.00532154,241,0.00602109,,,0.00564633,0.01156748,-0.00592115,0.01721381,1798,40026,warning_denominator_zero,warning_denominator_zero,success,exact-then-unique-porter-1.0.0,baek-smart-porter-1.0.0
S2020-331,0001137774,PRU,Prudential Financial,0001137774-21-000049,2020,2021-02-19,1.0.3,0.3.0,0,0,0.00000000,147886,7075,0,0.00000000,success,,,,,,,,,,,0,warning_denominator_zero,,,,,,,,,warning_denominator_zero,,,,,,0,0,0,,0,0,warning_denominator_zero,2.82827014,2.72000000,0.78721222,1.19000000,5.00000000,59531,80170,20639,0.74255956,2706,14972,warning_stem_collisions,147984,11.90485944,7075,3054,20.91646643,22.23734909,0.03211158,0,0.00000000,40951,0.21674650,16476120,1011029,0.06136329,success,739,2339,-0.51981806,2655,0.01882071,704,0.00499050,302,0.00214081,1757,0.01245499,829,0.00587660,,,0.00523861,0.01658066,-0.01134205,0.02181926,8092,141068,warning_denominator_zero,warning_denominator_zero,success,exact-then-unique-porter-1.0.0,baek-smart-porter-1.0.0
S2020-332,0000788784,PEG,Public Service Enterprise Group,0000788784-21-000007,2020,2021-03-01,1.0.3,0.3.0,0,0,0.00000000,90845,4757,0,0.00000000,success,,,,,,,,,,,0,warning_denominator_zero,,,,,,,,,warning_denominator_zero,,,,,,0,0,0,,0,0,warning_denominator_zero,2.87751996,2.79000000,0.79808136,1.17000000,5.00000000,34943,49308,14365,0.70866796,2430,8665,warning_stem_collisions,91225,11.42108426,4757,2289,19.17700231,19.21125239,0.03432173,0,0.00000000,18440,0.16814845,10170540,595281,0.05852993,success,463,1228,-0.45239503,1326,0.01531231,589,0.00680162,252,0.00291003,1137,0.01312979,813,0.00938832,,,0.00534661,0.01418063,-0.00883402,0.01952724,4996,86597,warning_denominator_zero,warning_denominator_zero,success,exact-then-unique-porter-1.0.0,baek-smart-porter-1.0.0
S2020-333,0001393311,PSA,Public Storage,0001562762-21-000058,2020,2021-02-24,1.0.3,0.3.0,0,0,0.00000000,36820,1829,0,0.00000000,success,,,,,,,,,,,0,warning_denominator_zero,,,,,,,,,warning_denominator_zero,,,,,,0,0,0,,0,0,warning_denominator_zero,2.89344594,2.80000000,0.80780063,1.26000000,5.00000000,14327,18717,4390,0.76545387,1828,3008,warning_stem_collisions,36658,10.50938696,1829,842,20.04264625,20.05568523,0.05223962,0,0.00000000,10611,0.22448116,11119582,240498,0.02162833,success,194,533,-0.46629986,642,0.01873796,253,0.00738427,67,0.00195552,263,0.00767614,244,0.00712159,,,0.00566225,0.01555659,-0.00989434,0.02121884,1838,34262,warning_denominator_zero,warning_denominator_zero,success,exact-then-unique-porter-1.0.0,baek-smart-porter-1.0.0
S2020-334,0000822416,PHM,PulteGroup,0000822416-21-000007,2020,2021-02-02,1.0.3,0.3.0,0,0,0.00000000,37025,1814,0,0.00000000,success,,,,,,,,,,,0,warning_denominator_zero,,,,,,,,,warning_denominator_zero,,,,,,0,0,0,,0,0,warning_denominator_zero,2.87101678,2.79000000,0.80207442,1.26000000,5.00000000,14359,19039,4680,0.75418877,1784,3807,warning_stem_collisions,36891,10.51572290,1814,749,20.33682470,20.54089051,0.04174460,0,0.00000000,7720,0.17305149,2867913,245854,0.08572575,success,201,690,-0.54882155,542,0.01547820,260,0.00742497,49,0.00139932,409,0.01168004,343,0.00979524,,,0.00574007,0.01970471,-0.01396465,0.02544478,2039,35017,warning_denominator_zero,warning_denominator_zero,success,exact-then-unique-porter-1.0.0,baek-smart-porter-1.0.0
S2020-335,0001604778,QRVO,Qorvo,0001604778-20-000030,2020,2020-05-20,1.0.3,0.3.0,0,0,0.00000000,43011,2146,0,0.00000000,success,,,,,,,,,,,0,warning_denominator_zero,,,,,,,,,warning_denominator_zero,,,,,,0,0,0,,0,0,warning_denominator_zero,2.89630765,2.82000000,0.80777881,1.26000000,5.00000000,16610,22112,5502,0.75117583,1889,4036,warning_stem_collisions,42649,10.66075911,2146,889,19.87371855,20.25169076,0.04086848,0,0.00000000,10732,0.20104532,2802026,282047,0.10065824,success,218,719,-0.53468517,653,0.01617097,332,0.00822169,105,0.00260023,269,0.00666155,398,0.00985612,,,0.00539858,0.01780540,-0.01240682,0.02320398,2238,40381,warning_denominator_zero,warning_denominator_zero,success,exact-then-unique-porter-1.0.0,baek-smart-porter-1.0.0
S2020-336,0000804328,QCOM,Qualcomm,0001728949-20-000067,2020,2020-11-04,1.0.3,0.3.0,1,18,0.28619582,62894,2624,13,0.00495427,success,2,0.00458716,0,0.00000000,1,0.00229358,1,0.00229358,0,0.00000000,436,success,2,1,0.00458716,0.00229358,0.33333333,0.00688073,0.00229358,6,success,3.06117647,2.93000000,0.87882976,1.65000000,5.00000000,204,286,82,0.71328671,122,43,warning_stem_collisions,2.88017361,2.82000000,0.80414642,1.19000000,5.00000000,24307,32740,8433,0.74242517,2318,6007,warning_stem_collisions,63249,11.05483460,2624,997,24.10403963,21.11366648,0.03726541,18,0.28458948,5728,0.08304217,2818987,421196,0.14941396,success,423,1364,-0.52658086,1051,0.01746950,594,0.00987334,100,0.00166218,785,0.01304810,471,0.00782886,,,0.00703102,0.02267212,-0.01564110,0.02970313,3938,60162,warning_stem_collisions,success,success,exact-then-unique-porter-1.0.0,baek-smart-porter-1.0.0
S2020-337,0001050915,PWR,Quanta Services,0001050915-21-000009,2020,2021-03-01,1.0.3,0.3.0,0,0,0.00000000,79954,3113,0,0.00000000,success,,,,,,,,,,,0,warning_denominator_zero,,,,,,,,,warning_denominator_zero,,,,,,0,0,0,,0,0,warning_denominator_zero,2.83527176,2.74000000,0.77716500,1.19000000,5.00000000,31443,42009,10566,0.74848247,2293,8042,warning_stem_collisions,79506,11.28358777,3113,1239,25.53999358,22.77711939,0.02941916,0,0.00000000,8988,0.10156621,3747187,539250,0.14390795,success,346,1992,-0.70402053,1560,0.02045177,726,0.00951794,146,0.00191408,1048,0.01373940,786,0.01030455,,,0.00453610,0.02611534,-0.02157924,0.03065144,5504,76277,warning_denominator_zero,warning_denominator_zero,success,exact-then-unique-porter-1.0.0,baek-smart-porter-1.0.0
S2020-338,0001022079,DGX,Quest Diagnostics,0001022079-21-000029,2020,2021-02-22,1.0.3,0.3.0,1,3,0.05389383,55665,2913,3,0.00102987,success,3,0.03750000,0,0.00000000,3,0.03750000,0,0.00000000,0,0.00000000,80,success,0,1,0.00000000,0.01250000,-1.00000000,0.01250000,-0.01250000,4,success,2.99108108,2.93000000,0.65793610,1.89000000,4.69000000,37,47,10,0.78723404,27,7,warning_stem_collisions,2.86886587,2.79000000,0.77159799,1.19000000,5.00000000,22546,29761,7215,0.75756863,2178,5423,warning_stem_collisions,55344,10.92132353,2913,1272,18.99897013,21.68178476,0.03951648,3,0.05420642,16955,0.23451223,3596488,376398,0.10465710,success,508,922,-0.28951049,776,0.01480633,304,0.00580042,80,0.00152643,398,0.00759397,300,0.00572410,,,0.00969281,0.01759206,-0.00789926,0.02728487,2798,52410,warning_stem_collisions,success,success,exact-then-unique-porter-1.0.0,baek-smart-porter-1.0.0
S2020-339,0000101829,RTX,RTX Corporation,0000101829-21-000008,2020,2021-02-08,1.0.3,0.3.0,0,0,0.00000000,78060,3432,0,0.00000000,success,,,,,,,,,,,0,warning_denominator_zero,,,,,,,,,warning_denominator_zero,,,,,,0,0,0,,0,0,warning_denominator_zero,2.87046605,2.79000000,0.79178252,1.26000000,5.00000000,30061,41740,11679,0.72019645,2253,8311,warning_stem_collisions,78247,11.26762577,3432,1290,22.79924242,21.54068646,0.03761167,0,0.00000000,16279,0.17221717,6396779,526909,0.08237099,success,371,1590,-0.62162162,1372,0.01842179,544,0.00730427,118,0.00158438,996,0.01337326,661,0.00887522,,,0.00498140,0.02134887,-0.01636747,0.02633028,4859,74477,warning_denominator_zero,warning_denominator_zero,success,exact-then-unique-porter-1.0.0,baek-smart-porter-1.0.0
S2020-340,0001037038,RL,Ralph Lauren Corporation,0001037038-20-000014,2020,2020-05-27,1.0.3,0.3.0,0,0,0.00000000,60807,3234,0,0.00000000,success,,,,,,,,,,,0,warning_denominator_zero,,,,,,,,,warning_denominator_zero,,,,,,0,0,0,,0,0,warning_denominator_zero,2.89809734,2.79000000,0.82931141,1.26000000,5.00000000,24245,32222,7977,0.75243622,2228,5414,warning_stem_collisions,60520,11.01072917,3234,1082,18.71366729,20.58484782,0.03319564,0,0.00000000,24677,0.28964635,4907095,404947,0.08252276,success,326,1108,-0.54532775,921,0.01603329,390,0.00678934,123,0.00214125,336,0.00584928,452,0.00786867,,,0.00567519,0.01928869,-0.01361350,0.02496388,3043,57443,warning_denominator_zero,warning_denominator_zero,success,exact-then-unique-porter-1.0.0,baek-smart-porter-1.0.0
S2020-341,0000720005,RJF,Raymond James Financial,0000720005-20-000063,2020,2020-11-24,1.0.3,0.3.0,0,0,0.00000000,74218,3697,0,0.00000000,success,,,,,,,,,,,0,warning_denominator_zero,,,,,,,,,warning_denominator_zero,,,,,,0,0,0,,0,0,warning_denominator_zero,2.85135544,2.72000000,0.79347324,1.26000000,5.00000000,29496,39782,10286,0.74144085,2197,6934,warning_stem_collisions,74378,11.21691548,3697,1524,20.11847444,20.79631898,0.02472505,0,0.00000000,16201,0.17886044,7580669,498084,0.06570449,success,260,1382,-0.68331303,1259,0.01765085,532,0.00745850,94,0.00131786,696,0.00975774,692,0.00970166,,,0.00364513,0.01937528,-0.01573015,0.02302041,4135,71328,warning_denominator_zero,warning_denominator_zero,success,exact-then-unique-porter-1.0.0,baek-smart-porter-1.0.0
S2020-342,0000726728,O,Realty Income,0000726728-21-000043,2020,2021-02-23,1.0.3,0.3.0,0,0,0.00000000,51057,2464,0,0.00000000,success,,,,,,,,,,,0,warning_denominator_zero,,,,,,,,,warning_denominator_zero,,,,,,0,0,0,,0,0,warning_denominator_zero,2.88379706,2.79500000,0.79389929,1.19000000,5.00000000,19602,25526,5924,0.76792290,1828,4616,warning_stem_collisions,50858,10.83679271,2464,1241,20.64042208,20.15406786,0.04687561,0,0.00000000,13572,0.21064721,4820459,330935,0.06865218,success,251,693,-0.46822034,845,0.01759867,415,0.00864313,116,0.00241591,307,0.00639384,416,0.00866396,,,0.00522753,0.01443299,-0.00920546,0.01966052,2511,48015,warning_denominator_zero,warning_denominator_zero,success,exact-then-unique-porter-1.0.0,baek-smart-porter-1.0.0
S2020-343,0000910606,REG,Regency Centers,0001564590-21-006390,2020,2021-02-17,1.0.3,0.3.0,0,0,0.00000000,40687,2495,0,0.00000000,success,,,,,,,,,,,0,warning_denominator_zero,,,,,,,,,warning_denominator_zero,,,,,,0,0,0,,0,0,warning_denominator_zero,2.88049551,2.74000000,0.81893568,1.26000000,5.00000000,16044,21251,5207,0.75497624,1733,4077,warning_stem_collisions,40735,10.61484295,2495,956,16.32665331,21.61564816,0.02567816,0,0.00000000,35412,0.46504787,20786327,271128,0.01304357,success,182,621,-0.54669988,727,0.01856676,389,0.00993462,105,0.00268158,236,0.00602717,308,0.00786597,,,0.00464807,0.01585964,-0.01121156,0.02050771,2071,39156,warning_denominator_zero,warning_denominator_zero,success,exact-then-unique-porter-1.0.0,baek-smart-porter-1.0.0
S2020-344,0000872589,REGN,Regeneron Pharmaceuticals,0001804220-21-000008,2020,2021-02-08,1.0.3,0.3.0,0,0,0.00000000,81557,3389,0,0.00000000,success,,,,,,,,,,,0,warning_denominator_zero,,,,,,,,,warning_denominator_zero,,,,,,0,0,0,,0,0,warning_denominator_zero,2.87480363,2.76000000,0.79433632,1.04000000,5.00000000,29790,41870,12080,0.71148794,2604,7786,warning_stem_collisions,81923,11.31353506,3389,1324,24.17320744,22.29910481,0.02755026,0,0.00000000,15632,0.16023781,3775063,545040,0.14437905,success,832,1798,-0.36730038,1362,0.01735784,827,0.01053960,284,0.00361940,1252,0.01595596,746,0.00950730,,,0.01060332,0.02291438,-0.01231106,0.03351770,5911,78466,warning_denominator_zero,warning_denominator_zero,success,exact-then-unique-porter-1.0.0,baek-smart-porter-1.0.0
S2020-345,0001281761,RF,Regions Financial Corporation,0001281761-21-000012,2020,2021-02-24,1.0.3,0.3.0,0,0,0.00000000,89992,4509,0,0.00000000,success,,,,,,,,,,,0,warning_denominator_zero,,,,,,,,,warning_denominator_zero,,,,,,0,0,0,,0,0,warning_denominator_zero,2.86126193,2.72000000,0.80070495,1.19000000,5.00000000,36143,49025,12882,0.73723610,2590,9654,warning_stem_collisions,89975,11.40728713,4509,1773,19.95453537,20.98896127,0.03180884,0,0.00000000,23682,0.20836376,9915165,604130,0.06092990,success,347,1800,-0.67675827,1721,0.02005617,646,0.00752835,233,0.00271533,738,0.00860050,822,0.00957941,,,0.00404386,0.02097682,-0.01693296,0.02502069,5399,85809,warning_denominator_zero,warning_denominator_zero,success,exact-then-unique-porter-1.0.0,baek-smart-porter-1.0.0
S2020-346,0001060391,RSG,Republic Services,0001060391-21-000014,2020,2021-02-23,1.0.3,0.3.0,0,0,0.00000000,62775,3221,0,0.00000000,success,,,,,,,,,,,0,warning_denominator_zero,,,,,,,,,warning_denominator_zero,,,,,,0,0,0,,0,0,warning_denominator_zero,2.89415871,2.81000000,0.81215546,1.19000000,5.00000000,24837,32577,7740,0.76240906,2273,6215,warning_stem_collisions,62564,11.04394531,3221,1352,19.42378143,20.26585159,0.03967138,0,0.00000000,12161,0.16274339,4385382,418128,0.09534586,success,351,989,-0.47611940,1040,0.01750017,467,0.00785825,173,0.00291109,626,0.01053376,620,0.01043279,,,0.00590631,0.01664199,-0.01073568,0.02254829,3619,59428,warning_denominator_zero,warning_denominator_zero,success,exact-then-unique-porter-1.0.0,baek-smart-porter-1.0.0
S2020-347,0000943819,RMD,ResMed,0000943819-20-000013,2020,2020-08-13,1.0.3,0.3.0,0,0,0.00000000,51668,2528,0,0.00000000,success,,,,,,,,,,,0,warning_denominator_zero,,,,,,,,,warning_denominator_zero,,,,,,0,0,0,,0,0,warning_denominator_zero,2.87610283,2.81000000,0.77939831,1.19000000,5.00000000,19994,26566,6572,0.75261613,2288,4559,warning_stem_collisions,51472,10.84879325,2528,997,20.36075949,19.45741414,0.03724355,0,0.00000000,8049,0.13522958,6821880,338727,0.04965303,success,233,1139,-0.66034985,769,0.01567724,448,0.00913316,142,0.00289489,684,0.01394439,467,0.00952051,,,0.00475006,0.02322026,-0.01847019,0.02797032,3211,49052,warning_denominator_zero,warning_denominator_zero,success,exact-then-unique-porter-1.0.0,baek-smart-porter-1.0.0
S2020-348,0000315213,RHI,Robert Half,0000315213-21-000025,2020,2021-02-12,1.0.3,0.3.0,1,3,0.10966516,27356,1329,2,0.00150489,success,0,0.00000000,0,0.00000000,0,0.00000000,0,0.00000000,0,0.00000000,47,success,1,0,0.02127660,0.00000000,1.00000000,0.02127660,0.02127660,1,success,3.05500000,3.09000000,0.77731196,1.83000000,4.70000000,18,32,14,0.56250000,18,10,warning_stem_collisions,2.87602280,2.82000000,0.79002909,1.26000000,5.00000000,11053,14799,3746,0.74687479,1545,2641,warning_stem_collisions,27313,10.21511806,1329,495,20.55154251,21.39889809,0.03778421,3,0.10983781,4865,0.15119025,1969910,186554,0.09470179,success,140,548,-0.59302326,457,0.01778418,182,0.00708254,58,0.00225707,351,0.01365918,182,0.00708254,,,0.00544811,0.02132545,-0.01587734,0.02677355,1592,25697,warning_stem_collisions,success,success,exact-then-unique-porter-1.0.0,baek-smart-porter-1.0.0
S2020-349,0001024478,ROK,Rockwell Automation,0001024478-20-000038,2020,2020-11-10,1.0.3,0.3.0,0,0,0.00000000,34071,2079,0,0.00000000,success,,,,,,,,,,,0,warning_denominator_zero,,,,,,,,,warning_denominator_zero,,,,,,0,0,0,,0,0,warning_denominator_zero,2.88758415,2.80000000,0.79606538,1.19000000,5.00000000,13577,17799,4222,0.76279566,1594,3329,warning_stem_collisions,33715,10.42569812,2079,820,16.21693122,20.03383159,0.03763903,0,0.00000000,15204,0.31079948,4542654,226461,0.04985213,success,178,458,-0.44025157,571,0.01779038,189,0.00588858,44,0.00137089,307,0.00956505,224,0.00697906,,,0.00554586,0.01426969,-0.00872383,0.01981555,1663,32096,warning_denominator_zero,warning_denominator_zero,success,exact-then-unique-porter-1.0.0,baek-smart-porter-1.0.0
S2020-350,0000084839,ROL,"Rollins, Inc.",0001171200-21-000076,2020,2021-02-26,1.0.3,0.3.0,0,0,0.00000000,28310,1589,0,0.00000000,success,,,,,,,,,,,0,warning_denominator_zero,,,,,,,,,warning_denominator_zero,,,,,,0,0,0,,0,0,warning_denominator_zero,2.88806835,2.85000000,0.80904490,1.19000000,5.00000000,11177,14935,3758,0.74837630,1597,2549,warning_stem_collisions,28253,10.24895493,1589,513,17.78036501,20.51652877,0.04707465,0,0.00000000,9848,0.25847091,1665326,189835,0.11399270,success,122,539,-0.63086233,453,0.01711371,167,0.00630903,55,0.00207782,366,0.01382697,208,0.00785795,,,0.00460899,0.02036267,-0.01575368,0.02497167,1601,26470,warning_denominator_zero,warning_denominator_zero,success,exact-then-unique-porter-1.0.0,baek-smart-porter-1.0.0
S2020-351,0000882835,ROP,Roper Technologies,0000882835-21-000011,2020,2021-02-22,1.0.3,0.3.0,0,0,0.00000000,30586,1502,0,0.00000000,success,,,,,,,,,,,0,warning_denominator_zero,,,,,,,,,warning_denominator_zero,,,,,,0,0,0,,0,0,warning_denominator_zero,2.85815014,2.76000000,0.79255776,1.19000000,5.00000000,11536,15611,4075,0.73896611,1596,2988,warning_stem_collisions,30273,10.31801151,1502,694,20.15512650,20.70697971,0.05133287,0,0.00000000,5685,0.15810112,2695312,203883,0.07564356,success,119,501,-0.61612903,488,0.01718976,199,0.00700976,59,0.00207827,228,0.00803128,266,0.00936983,,,0.00419176,0.01764768,-0.01345592,0.02183944,1530,28389,warning_denominator_zero,warning_denominator_zero,success,exact-then-unique-porter-1.0.0,baek-smart-porter-1.0.0
S2020-352,0000745732,ROST,Ross Stores,0000745732-20-000016,2020,2020-03-31,1.0.3,0.3.0,0,0,0.00000000,27940,1418,0,0.00000000,success,,,,,,,,,,,0,warning_denominator_zero,,,,,,,,,warning_denominator_zero,,,,,,0,0,0,,0,0,warning_denominator_zero,2.96699768,2.86000000,0.85228578,1.19000000,5.00000000,11228,14553,3325,0.77152477,1530,2433,warning_stem_collisions,27905,10.23656116,1418,499,19.67912553,19.83483779,0.05221287,0,0.00000000,6394,0.18641943,2683810,183669,0.06843592,success,147,465,-0.51960784,417,0.01602121,212,0.00814507,54,0.00207469,179,0.00687721,187,0.00718457,,,0.00564776,0.01786538,-0.01221761,0.02351314,1383,26028,warning_denominator_zero,warning_denominator_zero,success,exact-then-unique-porter-1.0.0,baek-smart-porter-1.0.0
S2020-353,0000884887,RCL,Royal Caribbean Group,0000884887-21-000006,2020,2021-02-26,1.0.3,0.3.0,1,2,0.02424419,82494,3678,2,0.00054377,success,0,0.00000000,0,0.00000000,0,0.00000000,0,0.00000000,0,0.00000000,60,success,4,0,0.06666667,0.00000000,1.00000000,0.06666667,0.06666667,4,success,2.65259259,2.36000000,0.72327236,1.62000000,4.10000000,27,36,9,0.75000000,21,9,warning_stem_collisions,2.93120047,2.82000000,0.82354758,1.26000000,5.00000000,31596,41740,10144,0.75697173,2419,7244,warning_stem_collisions,82340,11.31861230,3678,1496,22.38716694,20.49350373,0.04299247,2,0.02428953,14185,0.14695675,4583686,538030,0.11737933,success,356,1352,-0.58313817,1341,0.01719958,494,0.00633601,261,0.00334757,572,0.00733644,820,0.01051727,,,0.00456603,0.01734067,-0.01277464,0.02190670,4368,77967,warning_stem_collisions,success,success,exact-then-unique-porter-1.0.0,baek-smart-porter-1.0.0
S2020-354,0000064040,SPGI,S&P Global,0000064040-21-000063,2020,2021-02-09,1.0.3,0.3.0,1,4,0.06998513,57155,2656,2,0.00075301,success,0,0.00000000,0,0.00000000,0,0.00000000,0,0.00000000,0,0.00000000,58,success,2,0,0.03448276,0.00000000,1.00000000,0.03448276,0.03448276,2,success,3.17066667,2.93000000,0.77943113,2.07000000,4.86000000,30,44,14,0.68181818,15,6,warning_stem_collisions,2.85507314,2.77000000,0.77490030,1.26000000,5.00000000,22148,29872,7724,0.74143010,2097,5543,warning_stem_collisions,56892,10.94891001,2656,1258,21.42018072,20.55714387,0.04389018,4,0.07030865,10537,0.15626807,4655250,378141,0.08122894,success,395,961,-0.41740413,919,0.01712699,398,0.00741735,128,0.00238548,675,0.01257967,408,0.00760371,,,0.00736144,0.01790972,-0.01054829,0.02527116,3264,53658,warning_stem_collisions,success,success,exact-then-unique-porter-1.0.0,baek-smart-porter-1.0.0
S2020-355,0001034054,SBAC,SBA Communications,0001034054-21-000003,2020,2021-02-25,1.0.3,0.3.0,0,0,0.00000000,51113,2343,0,0.00000000,success,,,,,,,,,,,0,warning_denominator_zero,,,,,,,,,warning_denominator_zero,,,,,,0,0,0,,0,0,warning_denominator_zero,2.92756253,2.82000000,0.83062112,1.19000000,5.00000000,19951,26341,6390,0.75741240,1795,4742,warning_stem_collisions,51177,10.84304549,2343,978,21.84250960,20.42085039,0.04900639,0,0.00000000,9592,0.15784364,10078151,331571,0.03289998,success,188,602,-0.52405063,778,0.01613874,376,0.00779970,178,0.00369241,332,0.00688697,477,0.00989483,,,0.00389985,0.01248781,-0.00858796,0.01638766,2460,48207,warning_denominator_zero,warning_denominator_zero,success,exact-then-unique-porter-1.0.0,baek-smart-porter-1.0.0
S2020-356,0001040971,SLG,SL Green Realty,0001040971-21-000007,2020,2021-02-26,1.0.3,0.3.0,0,0,0.00000000,61111,3026,0,0.00000000,success,,,,,,,,,,,0,warning_denominator_zero,,,,,,,,,warning_denominator_zero,,,,,,0,0,0,,0,0,warning_denominator_zero,2.92465264,2.82000000,0.80625889,1.26000000,4.96000000,23909,31186,7277,0.76665812,1851,5187,warning_stem_collisions,61062,11.01964502,3026,1444,20.17911434,20.73015104,0.04698503,0,0.00000000,20060,0.24728187,6771870,394968,0.05832481,success,324,671,-0.34874372,750,0.01302309,404,0.00701511,134,0.00232679,282,0.00489668,361,0.00626845,,,0.00562598,0.01165133,-0.00602535,0.01727731,2421,57590,warning_denominator_zero,warning_denominator_zero,success,exact-then-unique-porter-1.0.0,baek-smart-porter-1.0.0
S2020-357,0001108524,CRM,Salesforce,0001108524-20-000014,2020,2020-03-05,1.0.3,0.3.0,1,18,0.34993585,51438,2399,15,0.00625261,success,9,0.02479339,2,0.00550964,7,0.01928375,0,0.00000000,2,0.00550964,363,success,6,12,0.01652893,0.03305785,-0.33333333,0.04958678,-0.01652893,30,success,2.75706294,2.62000000,0.79032332,1.30000000,4.93000000,143,208,65,0.68750000,79,45,warning_stem_collisions,2.87536177,2.76000000,0.81291643,1.19000000,5.00000000,20206,27089,6883,0.74591162,2120,5131,warning_stem_collisions,51325,10.84593324,2399,1120,21.39433097,21.42402562,0.02797857,18,0.35070628,8329,0.13962182,4451924,347072,0.07796000,success,362,928,-0.43875969,1022,0.02075043,537,0.01090311,75,0.00152278,546,0.01108584,405,0.00822302,,,0.00734996,0.01884187,-0.01149192,0.02619183,3143,49252,warning_stem_collisions,success,success,exact-then-unique-porter-1.0.0,baek-smart-porter-1.0.0
S2020-358,0000087347,SLB,Schlumberger,0001564590-21-002477,2020,2021-01-27,1.0.3,0.3.0,1,1,0.04271131,23413,1494,1,0.00066934,success,1,0.04000000,0,0.00000000,1,0.04000000,0,0.00000000,0,0.00000000,25,success,0,0,0.00000000,0.00000000,,0.00000000,0.00000000,1,success,3.44444444,3.30000000,0.56170596,2.50000000,4.25000000,9,10,1,0.90000000,9,1,warning_stem_collisions,2.89646598,2.80000000,0.82082703,1.30000000,5.00000000,8687,12206,3519,0.71169916,1502,2472,warning_stem_collisions,23214,10.05251082,1494,567,15.53815261,20.70472617,0.04583441,1,0.04307745,14585,0.38585677,7900660,158242,0.02002896,success,148,404,-0.46376812,382,0.01755515,140,0.00643382,41,0.00188419,170,0.00781250,175,0.00804228,,,0.00680147,0.01856618,-0.01176471,0.02536765,1229,21760,warning_stem_collisions,success,success,exact-then-unique-porter-1.0.0,baek-smart-porter-1.0.0
S2020-359,0001137789,STX,Seagate Technology,0001137789-20-000057,2020,2020-08-07,1.0.3,0.3.0,1,7,0.14158003,49442,2406,5,0.00207814,success,1,0.00806452,0,0.00000000,0,0.00000000,1,0.00806452,0,0.00000000,124,success,1,1,0.00806452,0.00806452,0.00000000,0.01612903,0.00000000,4,success,3.21919355,3.14000000,0.93358017,1.75000000,4.93000000,62,77,15,0.80519481,51,7,warning_stem_collisions,2.90379867,2.83000000,0.81743115,1.30000000,5.00000000,19312,25616,6304,0.75390381,2071,4594,warning_stem_collisions,49222,10.80409596,2406,1059,20.45802161,19.70433266,0.03772703,7,0.14221283,9840,0.16660459,4858278,323286,0.06654333,success,252,1073,-0.61962264,878,0.01876108,459,0.00980790,157,0.00335477,475,0.01014979,412,0.00880361,,,0.00538473,0.02292784,-0.01754311,0.02831257,3072,46799,warning_stem_collisions,success,success,exact-then-unique-porter-1.0.0,baek-smart-porter-1.0.0
S2020-360,0001032208,SRE,Sempra,0001032208-21-000007,2020,2021-02-25,1.0.3,0.3.0,0,0,0.00000000,123217,5807,0,0.00000000,success,,,,,,,,,,,0,warning_denominator_zero,,,,,,,,,warning_denominator_zero,,,,,,0,0,0,,0,0,warning_denominator_zero,2.87145475,2.76000000,0.80146117,1.17000000,5.00000000,46063,65984,19921,0.69809348,2625,11248,warning_stem_collisions,122903,11.71915071,5807,2902,21.16462890,21.43767617,0.03768826,0,0.00000000,32843,0.21087540,13967749,809156,0.05793031,success,448,2194,-0.66086298,1936,0.01660876,950,0.00814996,217,0.00186162,1620,0.01389783,920,0.00789259,,,0.00384335,0.01882212,-0.01497877,0.02266547,6936,116565,warning_denominator_zero,warning_denominator_zero,success,exact-then-unique-porter-1.0.0,baek-smart-porter-1.0.0
S2020-361,0001373715,NOW,ServiceNow,0001373715-21-000061,2020,2021-02-12,1.0.3,0.3.0,1,27,0.58417534,46219,2005,15,0.00748130,success,7,0.01545254,3,0.00662252,3,0.00662252,0,0.00000000,2,0.00441501,453,success,9,0,0.01986755,0.00000000,1.00000000,0.01986755,0.01986755,21,success,2.87715640,2.75000000,0.73786131,1.50000000,4.93000000,211,282,71,0.74822695,129,49,warning_stem_collisions,2.85023160,2.75000000,0.78927777,1.19000000,5.00000000,18178,23849,5671,0.76221225,2076,4623,warning_stem_collisions,46168,10.74004220,2005,842,23.02643392,20.97395798,0.03147202,27,0.58482065,5757,0.11087145,2621922,307061,0.11711294,success,261,864,-0.53600000,879,0.01985588,487,0.01100093,108,0.00243963,502,0.01133976,333,0.00752219,,,0.00589577,0.01951704,-0.01362127,0.02541282,2816,44269,warning_stem_collisions,success,success,exact-then-unique-porter-1.0.0,baek-smart-porter-1.0.0
S2020-362,0000089800,SHW,Sherwin-Williams,0000089800-21-000010,2020,2021-02-19,1.0.3,0.3.0,0,0,0.00000000,44581,2062,0,0.00000000,success,,,,,,,,,,,0,warning_denominator_zero,,,,,,,,,warning_denominator_zero,,,,,,0,0,0,,0,0,warning_denominator_zero,2.93093782,2.86000000,0.83522059,1.04000000,5.00000000,17658,23488,5830,0.75178815,1846,3996,warning_stem_collisions,44386,10.70067938,2062,791,21.52570320,21.44101625,0.04933988,0,0.00000000,10990,0.19846143,3821508,297719,0.07790616,success,141,961,-0.74410163,642,0.01548480,245,0.00590931,66,0.00159190,648,0.01562952,287,0.00692233,,,0.00340087,0.02317897,-0.01977810,0.02657984,2442,41460,warning_denominator_zero,warning_denominator_zero,success,exact-then-unique-porter-1.0.0,baek-smart-porter-1.0.0
S2020-363,0001063761,SPG,Simon Property Group,0001558370-21-001700,2020,2021-02-25,1.0.3,0.3.0,0,0,0.00000000,67779,3801,0,0.00000000,success,,,,,,,,,,,0,warning_denominator_zero,,,,,,,,,warning_denominator_zero,,,,,,0,0,0,,0,0,warning_denominator_zero,2.90862326,2.82000000,0.80256190,1.19000000,5.00000000,25713,34188,8475,0.75210600,1750,5689,warning_stem_collisions,67497,11.11983843,3801,1148,17.75769534,20.50125545,0.04635762,0,0.00000000,34642,0.33916526,10667757,441386,0.04137571,success,309,841,-0.46260870,877,0.01380885,432,0.00680208,130,0.00204692,277,0.00436152,508,0.00799874,,,0.00486538,0.01324201,-0.00837663,0.01810738,2796,63510,warning_denominator_zero,warning_denominator_zero,success,exact-then-unique-porter-1.0.0,baek-smart-porter-1.0.0
S2020-364,0000004127,SWKS,Skyworks Solutions,0000004127-20-000058,2020,2020-11-17,1.0.3,0.3.0,0,0,0.00000000,31881,1515,0,0.00000000,success,,,,,,,,,,,0,warning_denominator_zero,,,,,,,,,warning_denominator_zero,,,,,,0,0,0,,0,0,warning_denominator_zero,2.88723678,2.81000000,0.81930050,1.26000000,5.00000000,12746,16768,4022,0.76013836,1949,3122,warning_stem_collisions,31760,10.36596292,1515,743,20.96369637,20.81176067,0.02610202,0,0.00000000,4748,0.13005369,1996495,215454,0.10791612,success,213,653,-0.50808314,620,0.02031921,347,0.01137220,61,0.00199915,328,0.01074952,285,0.00934028,,,0.00698063,0.02140071,-0.01442008,0.02838135,2042,30513,warning_denominator_zero,warning_denominator_zero,success,exact-then-unique-porter-1.0.0,baek-smart-porter-1.0.0
S2020-365,0000092122,SO,Southern Company,0000092122-21-000006,2020,2021-02-18,1.0.3,0.3.0,0,0,0.00000000,145360,7630,0,0.00000000,success,,,,,,,,,,,0,warning_denominator_zero,,,,,,,,,warning_denominator_zero,,,,,,0,0,0,,0,0,warning_denominator_zero,2.95092941,2.86000000,0.81924935,1.26000000,5.00000000,62018,82309,20291,0.75347775,2497,12385,warning_stem_collisions,144797,11.88308804,7630,4063,18.97732634,20.94701672,0.04875792,0,0.00000000,41253,0.22173072,19699096,976644,0.04957811,success,387,1406,-0.56832125,1571,0.01157684,575,0.00423723,231,0.00170226,1829,0.01347806,927,0.00683114,,,0.00285184,0.01036094,-0.00750910,0.01321278,6036,135702,warning_denominator_zero,warning_denominator_zero,success,exact-then-unique-porter-1.0.0,baek-smart-porter-1.0.0
S2020-366,0000092380,LUV,Southwest Airlines,0000092380-21-000033,2020,2021-02-08,1.0.3,0.3.0,0,0,0.00000000,71071,2960,0,0.00000000,success,,,,,,,,,,,0,warning_denominator_zero,,,,,,,,,warning_denominator_zero,,,,,,0,0,0,,0,0,warning_denominator_zero,3.01029000,2.89000000,0.85745560,1.19000000,5.00000000,28207,37772,9565,0.74677009,2541,6518,warning_stem_collisions,71130,11.17226447,2960,1062,24.03040541,21.42962134,0.04261212,0,0.00000000,10448,0.12807375,3790704,471816,0.12446659,success,368,1123,-0.50637156,915,0.01373029,345,0.00517699,172,0.00258099,636,0.00954367,591,0.00886841,,,0.00552213,0.01685149,-0.01132936,0.02237361,3566,66641,warning_denominator_zero,warning_denominator_zero,success,exact-then-unique-porter-1.0.0,baek-smart-porter-1.0.0
S2020-367,0000829224,SBUX,Starbucks,0000829224-20-000078,2020,2020-11-12,1.0.3,0.3.0,0,0,0.00000000,45622,2049,0,0.00000000,success,,,,,,,,,,,0,warning_denominator_zero,,,,,,,,,warning_denominator_zero,,,,,,0,0,0,,0,0,warning_denominator_zero,2.95119817,2.85000000,0.86123072,1.26000000,5.00000000,18620,24360,5740,0.76436782,2045,4081,warning_stem_collisions,45481,10.72504994,2049,910,22.19668131,20.84529471,0.04014863,0,0.00000000,10303,0.18469454,4363857,303605,0.06957263,success,260,782,-0.50095969,735,0.01709978,296,0.00688644,69,0.00160529,320,0.00744480,336,0.00781704,,,0.00604890,0.01819324,-0.01214434,0.02424214,2287,42983,warning_denominator_zero,warning_denominator_zero,success,exact-then-unique-porter-1.0.0,baek-smart-porter-1.0.0
S2020-368,0000093751,STT,State Street Corporation,0000093751-21-000476,2020,2021-02-19,1.0.3,0.3.0,1,2,0.01625963,123004,5455,1,0.00018332,success,1,0.04166667,1,0.04166667,0,0.00000000,1,0.04166667,1,0.04166667,24,success,0,0,0.00000000,0.00000000,,0.00000000,0.00000000,4,success,2.89500000,2.84500000,0.86089447,1.63000000,4.53000000,14,16,2,0.87500000,14,2,warning_stem_collisions,2.84798980,2.72000000,0.81122383,1.26000000,5.00000000,49786,65145,15359,0.76423363,2573,11012,warning_stem_collisions,122649,11.71708190,5455,2597,22.48377635,21.82890381,0.03320043,2,0.01630670,22779,0.15663421,10071692,823430,0.08175687,success,531,2397,-0.63729508,2925,0.02503616,913,0.00781471,202,0.00172899,1253,0.01072489,1062,0.00909005,,,0.00454503,0.02051681,-0.01597179,0.02506184,8007,116831,warning_stem_collisions,success,success,exact-then-unique-porter-1.0.0,baek-smart-porter-1.0.0
S2020-369,0001757898,STE,Steris,0001757898-20-000012,2020,2020-05-29,1.0.3,0.3.0,0,0,0.00000000,31560,2179,0,0.00000000,success,,,,,,,,,,,0,warning_denominator_zero,,,,,,,,,warning_denominator_zero,,,,,,0,0,0,,0,0,warning_denominator_zero,2.87151626,2.76000000,0.79266950,1.19000000,4.96000000,12577,16692,4115,0.75347472,1503,3106,warning_stem_collisions,31317,10.35191636,2179,740,14.37218908,20.42895043,0.04131941,0,0.00000000,20883,0.40005747,3924890,212519,0.05414649,success,127,457,-0.56506849,472,0.01590082,139,0.00468266,68,0.00229080,311,0.01047702,242,0.00815254,,,0.00427840,0.01539550,-0.01111710,0.01967390,1574,29684,warning_denominator_zero,warning_denominator_zero,success,exact-then-unique-porter-1.0.0,baek-smart-porter-1.0.0
S2020-370,0000310764,SYK,Stryker Corporation,0000310764-21-000027,2020,2021-02-11,1.0.3,0.3.0,0,0,0.00000000,30161,1647,0,0.00000000,success,,,,,,,,,,,0,warning_denominator_zero,,,,,,,,,warning_denominator_zero,,,,,,0,0,0,,0,0,warning_denominator_zero,2.86144593,2.74000000,0.79940315,1.26000000,5.00000000,12013,16075,4062,0.74730949,1600,2981,warning_stem_collisions,30096,10.31214755,1647,536,18.27322404,20.76080131,0.03541999,0,0.00000000,11375,0.27428806,3378022,201945,0.05978203,success,175,528,-0.50213371,485,0.01689542,207,0.00721104,59,0.00205532,324,0.01128684,212,0.00738522,,,0.00609629,0.01839337,-0.01229708,0.02448965,1655,28706,warning_denominator_zero,warning_denominator_zero,success,exact-then-unique-porter-1.0.0,baek-smart-porter-1.0.0
S2020-371,0001601712,SYF,Synchrony Financial,0001601712-21-000057,2020,2021-02-11,1.0.3,0.3.0,1,1,0.01387713,72061,2996,1,0.00033378,success,0,0.00000000,0,0.00000000,0,0.00000000,0,0.00000000,0,0.00000000,28,success,0,0,0.00000000,0.00000000,,0.00000000,0.00000000,0,success,3.17400000,3.07000000,0.52603929,2.43000000,4.26000000,15,17,2,0.88235294,14,1,warning_stem_collisions,2.83688461,2.72000000,0.80454393,1.19000000,5.00000000,29258,38162,8904,0.76667890,2300,6607,warning_stem_collisions,71934,11.18350431,2996,1321,24.01001335,22.19387510,0.02487002,1,0.01390163,15102,0.17351441,3742745,483390,0.12915387,success,317,1563,-0.66276596,1388,0.02006389,607,0.00877434,179,0.00258749,850,0.01228697,666,0.00962720,,,0.00458232,0.02259356,-0.01801125,0.02717588,4748,69179,warning_stem_collisions,success,success,exact-then-unique-porter-1.0.0,baek-smart-porter-1.0.0
S2020-372,0000883241,SNPS,Synopsys,0000883241-20-000015,2020,2020-12-15,1.0.3,0.3.0,1,6,0.15620932,38410,2141,5,0.00233536,success,1,0.00724638,0,0.00000000,0,0.00000000,0,0.00000000,0,0.00000000,138,success,2,2,0.01449275,0.01449275,0.00000000,0.02898551,0.00000000,5,success,3.00538462,3.03000000,0.81043213,1.58000000,4.71000000,65,83,18,0.78313253,50,14,warning_stem_collisions,2.88633186,2.81000000,0.80182104,1.23000000,5.00000000,15422,20466,5044,0.75354246,1923,3772,warning_stem_collisions,38325,10.55385770,2141,795,17.90051378,19.88393667,0.03465101,6,0.15655577,12441,0.24506560,3516966,255880,0.07275589,success,222,617,-0.47079857,689,0.01885811,321,0.00878586,62,0.00169696,437,0.01196081,286,0.00782790,,,0.00607620,0.01688745,-0.01081125,0.02296365,2196,36536,warning_stem_collisions,success,success,exact-then-unique-porter-1.0.0,baek-smart-porter-1.0.0
S2020-373,0000096021,SYY,Sysco,0000096021-20-000100,2020,2020-08-26,1.0.3,0.3.0,0,0,0.00000000,54115,2683,0,0.00000000,success,,,,,,,,,,,0,warning_denominator_zero,,,,,,,,,warning_denominator_zero,,,,,,0,0,0,,0,0,warning_denominator_zero,2.88096152,2.79000000,0.81296741,1.19000000,5.00000000,20946,28299,7353,0.74016750,2115,5464,warning_stem_collisions,54103,10.89864492,2683,1092,20.16511368,20.13728828,0.03726226,0,0.00000000,15034,0.21745230,6357262,358278,0.05635728,success,226,972,-0.62270451,891,0.01735252,392,0.00763433,132,0.00257074,419,0.00816017,446,0.00868600,,,0.00440143,0.01893003,-0.01452860,0.02333145,2944,51347,warning_denominator_zero,warning_denominator_zero,success,exact-then-unique-porter-1.0.0,baek-smart-porter-1.0.0
S2020-374,0001283699,TMUS,T-Mobile US,0001283699-21-000039,2020,2021-02-23,1.0.3,0.3.0,0,0,0.00000000,70260,3290,0,0.00000000,success,,,,,,,,,,,0,warning_denominator_zero,,,,,,,,,warning_denominator_zero,,,,,,0,0,0,,0,0,warning_denominator_zero,2.86753445,2.78000000,0.78415592,1.26000000,5.00000000,27580,36603,9023,0.75349015,2153,6457,warning_stem_collisions,69697,11.15191255,3290,1632,21.18449848,20.84966504,0.03759129,0,0.00000000,15990,0.18660940,5584746,465266,0.08331015,success,225,1069,-0.65224111,955,0.01443972,404,0.00610853,139,0.00210170,673,0.01017585,614,0.00928376,,,0.00340203,0.01616342,-0.01276139,0.01956545,3518,66137,warning_denominator_zero,warning_denominator_zero,success,exact-then-unique-porter-1.0.0,baek-smart-porter-1.0.0
S2020-375,0001113169,TROW,T. Rowe Price,0001113169-21-000006,2020,2021-02-11,1.0.3,0.3.0,0,0,0.00000000,34636,2058,0,0.00000000,success,,,,,,,,,,,0,warning_denominator_zero,,,,,,,,,warning_denominator_zero,,,,,,0,0,0,,0,0,warning_denominator_zero,2.95173082,2.89000000,0.80046939,1.26000000,4.96000000,13976,18200,4224,0.76791209,1703,3206,warning_stem_collisions,34700,10.45449497,2058,769,16.86103013,19.22550643,0.04103746,0,0.00000000,9825,0.22066255,3314129,230295,0.06948885,success,205,472,-0.39438700,452,0.01376580,210,0.00639561,80,0.00243642,286,0.00871022,229,0.00697427,,,0.00624334,0.01437490,-0.00813157,0.02061824,1637,32835,warning_denominator_zero,warning_denominator_zero,success,exact-then-unique-porter-1.0.0,baek-smart-porter-1.0.0
S2020-376,0001385157,TEL,TE Connectivity,0001558370-20-013511,2020,2020-11-10,1.0.3,0.3.0,0,0,0.00000000,46873,2567,0,0.00000000,success,,,,,,,,,,,0,warning_denominator_zero,,,,,,,,,warning_denominator_zero,,,,,,0,0,0,,0,0,warning_denominator_zero,2.84150488,2.74000000,0.78874497,1.19000000,4.93000000,18965,24565,5600,0.77203338,1719,4353,warning_stem_collisions,46798,10.75359575,2567,898,18.23061940,19.77373209,0.03525792,0,0.00000000,14816,0.24046483,5911781,311235,0.05264657,success,176,842,-0.65422397,789,0.01764943,303,0.00677792,145,0.00324356,513,0.01147548,421,0.00941750,,,0.00393701,0.01883500,-0.01489800,0.02277201,2702,44704,warning_denominator_zero,warning_denominator_zero,success,exact-then-unique-porter-1.0.0,baek-smart-porter-1.0.0
S2020-377,0000109198,TJX,TJX Companies,0000109198-20-000004,2020,2020-03-27,1.0.3,0.3.0,0,0,0.00000000,35494,1745,0,0.00000000,success,,,,,,,,,,,0,warning_denominator_zero,,,,,,,,,warning_denominator_zero,,,,,,0,0,0,,0,0,warning_denominator_zero,2.89622472,2.82000000,0.81762283,1.26000000,5.00000000,14044,18566,4522,0.75643650,1760,3333,warning_stem_collisions,35592,10.47987617,1745,751,20.39656160,19.73534917,0.03520454,0,0.00000000,8867,0.19944218,3895494,232667,0.05972721,success,149,576,-0.58896552,591,0.01740847,297,0.00874842,55,0.00162008,278,0.00818875,223,0.00656868,,,0.00438894,0.01696663,-0.01257769,0.02135556,1791,33949,warning_denominator_zero,warning_denominator_zero,success,exact-then-unique-porter-1.0.0,baek-smart-porter-1.0.0
S2020-378,0000946581,TTWO,Take-Two Interactive,0001628280-20-008291,2020,2020-05-22,1.0.3,0.3.0,0,0,0.00000000,46256,2043,0,0.00000000,success,,,,,,,,,,,0,warning_denominator_zero,,,,,,,,,warning_denominator_zero,,,,,,0,0,0,,0,0,warning_denominator_zero,2.89896576,2.82000000,0.82383448,1.19000000,4.97000000,18168,23804,5636,0.76323307,2015,4385,warning_stem_collisions,46228,10.74134095,2043,831,22.62750857,20.54302772,0.03495717,0,0.00000000,8329,0.15266602,4233039,303166,0.07161900,success,270,892,-0.53528399,880,0.01996144,501,0.01136441,99,0.00224566,419,0.00950437,382,0.00866508,,,0.00612453,0.02023364,-0.01410911,0.02635817,2776,44085,warning_denominator_zero,warning_denominator_zero,success,exact-then-unique-porter-1.0.0,baek-smart-porter-1.0.0
S2020-379,0001116132,TPR,"Tapestry, Inc.",0001116132-20-000022,2020,2020-08-13,1.0.3,0.3.0,0,0,0.00000000,45499,2416,0,0.00000000,success,,,,,,,,,,,0,warning_denominator_zero,,,,,,,,,warning_denominator_zero,,,,,,0,0,0,,0,0,warning_denominator_zero,2.91231070,2.83000000,0.83753073,1.19000000,5.00000000,18172,24098,5926,0.75408748,1954,4211,warning_stem_collisions,45199,10.71883024,2416,912,18.70819536,20.24535196,0.04225757,0,0.00000000,17114,0.27464574,4349287,300611,0.06911731,success,234,704,-0.50106610,771,0.01814374,317,0.00745988,107,0.00251800,268,0.00630677,353,0.00830706,,,0.00550666,0.01656704,-0.01106038,0.02207370,2260,42494,warning_denominator_zero,warning_denominator_zero,success,exact-then-unique-porter-1.0.0,baek-smart-porter-1.0.0
S2020-380,0000027419,TGT,Target Corporation,0000027419-20-000008,2020,2020-03-11,1.0.3,0.3.0,0,0,0.00000000,21937,1441,0,0.00000000,success,,,,,,,,,,,0,warning_denominator_zero,,,,,,,,,warning_denominator_zero,,,,,,0,0,0,,0,0,warning_denominator_zero,2.91296984,2.82000000,0.82374146,1.26000000,5.00000000,9051,11602,2551,0.78012412,1545,1985,warning_stem_collisions,21904,9.99442455,1441,583,15.20055517,18.98847523,0.05364317,0,0.00000000,9693,0.30676963,3699897,144682,0.03910433,success,98,393,-0.60081466,340,0.01661454,165,0.00806294,36,0.00175919,184,0.00899140,172,0.00840500,,,0.00478890,0.01920446,-0.01441556,0.02399335,1138,20464,warning_denominator_zero,warning_denominator_zero,success,exact-then-unique-porter-1.0.0,baek-smart-porter-1.0.0
S2020-381,0001681459,FTI,TechnipFMC,0001681459-21-000043,2020,2021-03-05,1.0.3,0.3.0,1,2,0.03020327,66218,3044,1,0.00032852,success,0,0.00000000,0,0.00000000,0,0.00000000,0,0.00000000,0,0.00000000,35,success,1,0,0.02857143,0.00000000,1.00000000,0.02857143,0.02857143,1,success,3.10352941,3.14000000,0.84722343,1.73000000,4.26000000,17,21,4,0.80952381,17,3,warning_stem_collisions,2.91359087,2.82000000,0.81575110,1.19000000,5.00000000,25899,35143,9244,0.73696042,2611,6286,warning_stem_collisions,66045,11.09809161,3044,1320,21.69678055,20.79225183,0.03099402,2,0.03028238,12926,0.16368034,5443261,444188,0.08160329,success,575,1092,-0.31013797,912,0.01443929,422,0.00668134,169,0.00267570,631,0.00999034,563,0.00891373,,,0.00910372,0.01728915,-0.00818543,0.02639287,3691,63161,warning_stem_collisions,success,success,exact-then-unique-porter-1.0.0,baek-smart-porter-1.0.0
S2020-382,0000096943,TFX,Teleflex,0000096943-21-000013,2020,2021-02-25,1.0.3,0.3.0,0,0,0.00000000,47941,2165,0,0.00000000,success,,,,,,,,,,,0,warning_denominator_zero,,,,,,,,,warning_denominator_zero,,,,,,0,0,0,,0,0,warning_denominator_zero,2.81907028,2.72000000,0.78491693,1.04000000,5.00000000,18425,24492,6067,0.75228646,2097,4615,warning_stem_collisions,47890,10.77666199,2165,994,22.12009238,21.27922209,0.03537273,0,0.00000000,9170,0.16070803,3673494,318843,0.08679557,success,259,1007,-0.59083728,825,0.01803358,408,0.00891842,130,0.00284165,460,0.01005508,487,0.01064527,,,0.00566145,0.02201189,-0.01635044,0.02767334,2979,45748,warning_denominator_zero,warning_denominator_zero,success,exact-then-unique-porter-1.0.0,baek-smart-porter-1.0.0
S2020-383,0000097210,TER,Teradyne,0001193125-21-050735,2020,2021-02-22,1.0.3,0.3.0,0,0,0.00000000,34028,2171,0,0.00000000,success,,,,,,,,,,,0,warning_denominator_zero,,,,,,,,,warning_denominator_zero,,,,,,0,0,0,,0,0,warning_denominator_zero,2.93469678,2.90000000,0.78033566,1.26000000,5.00000000,13439,17835,4396,0.75351836,1595,2951,warning_stem_collisions,33859,10.42996012,2171,906,15.59603869,19.43355952,0.04991287,0,0.00000000,14574,0.30091054,6229704,226288,0.03632404,success,171,467,-0.46394984,580,0.01830808,244,0.00770202,74,0.00233586,253,0.00798611,294,0.00928030,,,0.00539773,0.01474116,-0.00934343,0.02013889,1741,31680,warning_denominator_zero,warning_denominator_zero,success,exact-then-unique-porter-1.0.0,baek-smart-porter-1.0.0
S2020-384,0001318605,TSLA,"Tesla, Inc.",0001564590-21-004599,2020,2021-02-08,1.0.3,0.3.0,1,3,0.04537136,66121,2914,2,0.00068634,success,1,0.01086957,0,0.00000000,0,0.00000000,0,0.00000000,0,0.00000000,92,success,4,0,0.04347826,0.00000000,1.00000000,0.04347826,0.04347826,5,success,3.37593750,3.20500000,1.01980041,1.76000000,4.93000000,32,51,19,0.62745098,28,11,warning_stem_collisions,2.95419345,2.89000000,0.82287421,1.19000000,4.97000000,25764,33738,7974,0.76364930,2213,5863,warning_stem_collisions,65921,11.09621233,2914,1000,22.62216884,21.14610721,0.03205352,3,0.04550902,14568,0.18099368,7334313,430719,0.05872656,success,308,1055,-0.54805576,913,0.01447667,501,0.00794393,170,0.00269555,762,0.01208239,442,0.00700842,,,0.00488370,0.01672824,-0.01184455,0.02161194,3405,63067,warning_stem_collisions,success,success,exact-then-unique-porter-1.0.0,baek-smart-porter-1.0.0
S2020-385,0000097476,TXN,Texas Instruments,0000097476-21-000006,2020,2021-02-05,1.0.3,0.3.0,0,0,0.00000000,23212,1323,0,0.00000000,success,,,,,,,,,,,0,warning_denominator_zero,,,,,,,,,warning_denominator_zero,,,,,,0,0,0,,0,0,warning_denominator_zero,2.91275928,2.85000000,0.82132966,1.19000000,5.00000000,8948,11947,2999,0.74897464,1487,2326,warning_stem_collisions,23174,10.05078624,1323,614,17.51625094,19.01861019,0.03434884,0,0.00000000,6277,0.21313368,2915429,153853,0.05277199,success,149,309,-0.34934498,357,0.01618534,170,0.00770730,54,0.00244820,176,0.00797933,139,0.00630185,,,0.00675523,0.01400916,-0.00725393,0.02076438,1109,22057,warning_denominator_zero,warning_denominator_zero,success,exact-then-unique-porter-1.0.0,baek-smart-porter-1.0.0
S2020-386,0000217346,TXT,Textron,0001104659-20-024773,2020,2020-02-25,1.0.3,0.3.0,0,0,0.00000000,41684,2129,0,0.00000000,success,,,,,,,,,,,0,warning_denominator_zero,,,,,,,,,warning_denominator_zero,,,,,,0,0,0,,0,0,warning_denominator_zero,2.90423086,2.86000000,0.80097143,1.30000000,5.00000000,16694,22038,5344,0.75750976,1760,4131,warning_stem_collisions,41774,10.64002942,2129,678,19.62141851,20.29675280,0.03736774,0,0.00000000,12308,0.22758034,4467799,278977,0.06244171,success,216,667,-0.51075878,603,0.01518624,210,0.00528874,65,0.00163699,633,0.01594177,316,0.00795829,,,0.00543985,0.01679805,-0.01135820,0.02223789,2362,39707,warning_denominator_zero,warning_denominator_zero,success,exact-then-unique-porter-1.0.0,baek-smart-porter-1.0.0
S2020-387,0000097745,TMO,Thermo Fisher Scientific,0000097745-21-000011,2020,2021-02-25,1.0.3,0.3.0,0,0,0.00000000,41632,2187,0,0.00000000,success,,,,,,,,,,,0,warning_denominator_zero,,,,,,,,,warning_denominator_zero,,,,,,0,0,0,,0,0,warning_denominator_zero,2.91021039,2.80000000,0.80931805,1.30000000,5.00000000,16921,22754,5833,0.74364947,2139,4487,warning_stem_collisions,41663,10.63736872,2187,1029,19.05029721,20.77655032,0.03019466,0,0.00000000,9863,0.19141792,3740321,284792,0.07614106,success,256,716,-0.47325103,612,0.01540359,250,0.00629232,77,0.00193803,442,0.01112481,320,0.00805416,,,0.00644333,0.01802119,-0.01157786,0.02446452,2284,39731,warning_denominator_zero,warning_denominator_zero,success,exact-then-unique-porter-1.0.0,baek-smart-porter-1.0.0
S2020-388,0000916365,TSCO,Tractor Supply,0000916365-21-000052,2020,2021-02-18,1.0.3,0.3.0,1,1,0.02381349,41993,2016,1,0.00049603,success,0,0.00000000,0,0.00000000,0,0.00000000,1,0.04347826,0,0.00000000,23,success,1,0,0.04347826,0.00000000,1.00000000,0.04347826,0.04347826,2,success,2.64166667,2.42000000,0.67495473,1.82000000,4.08000000,12,12,0,1.00000000,11,0,success,2.93060252,2.85000000,0.84217631,1.26000000,5.00000000,17460,22359,4899,0.78089360,1982,3791,warning_stem_collisions,41926,10.64366144,2016,894,20.79662698,20.60058104,0.03441778,1,0.02385155,9111,0.17851755,2340921,279542,0.11941539,success,287,811,-0.47723133,751,0.01879897,334,0.00836066,105,0.00262835,298,0.00745951,379,0.00948710,,,0.00718416,0.02030088,-0.01311672,0.02748504,2396,39949,success,success,success,exact-then-unique-porter-1.0.0,baek-smart-porter-1.0.0
S2020-389,0001466258,TT,Trane Technologies,0001466258-21-000027,2020,2021-02-09,1.0.3,0.3.0,0,0,0.00000000,46694,2438,0,0.00000000,success,,,,,,,,,,,0,warning_denominator_zero,,,,,,,,,warning_denominator_zero,,,,,,0,0,0,,0,0,warning_denominator_zero,2.88515594,2.82000000,0.80231413,1.19000000,5.00000000,17956,24417,6461,0.73538928,1913,4436,warning_stem_collisions,46687,10.75122103,2438,988,19.14971288,20.73095393,0.03585581,0,0.00000000,12421,0.21014076,4200450,312770,0.07446107,success,250,852,-0.54627949,765,0.01726083,288,0.00649819,109,0.00245939,611,0.01378610,328,0.00740072,,,0.00564079,0.01922383,-0.01358303,0.02486462,2695,44320,warning_denominator_zero,warning_denominator_zero,success,exact-then-unique-porter-1.0.0,baek-smart-porter-1.0.0
S2020-390,0001260221,TDG,TransDigm Group,0001260221-20-000099,2020,2020-11-12,1.0.3,0.3.0,0,0,0.00000000,49303,2314,0,0.00000000,success,,,,,,,,,,,0,warning_denominator_zero,,,,,,,,,warning_denominator_zero,,,,,,0,0,0,,0,0,warning_denominator_zero,2.88035840,2.79000000,0.80265687,1.19000000,5.00000000,19280,26015,6735,0.74111090,1848,4772,warning_stem_collisions,49346,10.80661199,2314,918,21.32497839,22.27966519,0.04752158,0,0.00000000,21107,0.29958980,4655679,328914,0.07064791,success,197,738,-0.57860963,763,0.01646632,252,0.00543842,122,0.00263289,392,0.00845976,404,0.00871873,,,0.00425146,0.01592680,-0.01167534,0.02017826,2489,46337,warning_denominator_zero,warning_denominator_zero,success,exact-then-unique-porter-1.0.0,baek-smart-porter-1.0.0
S2020-391,0000086312,TRV,Travelers Companies (The),0000086312-21-000011,2020,2021-02-11,1.0.3,0.3.0,1,2,0.01977164,101155,5155,1,0.00019399,success,1,0.01492537,0,0.00000000,1,0.01492537,0,0.00000000,0,0.00000000,67,success,0,1,0.00000000,0.01492537,-1.00000000,0.01492537,-0.01492537,2,success,2.79444444,2.70000000,0.72578098,1.62000000,4.25000000,27,32,5,0.84375000,24,4,warning_stem_collisions,2.86351159,2.79000000,0.78533249,1.26000000,5.00000000,42206,54714,12508,0.77139306,2559,9374,warning_stem_collisions,100962,11.52249949,5155,2230,19.58525703,21.51442782,0.03318080,2,0.01980943,20940,0.17177733,8911793,690469,0.07747812,success,456,3012,-0.73702422,1866,0.01946589,735,0.00766743,130,0.00135614,2088,0.02178177,696,0.00726059,,,0.00475694,0.03142082,-0.02666388,0.03617776,7400,95860,warning_stem_collisions,success,success,exact-then-unique-porter-1.0.0,baek-smart-porter-1.0.0
S2020-392,0000092230,TFC,Truist Financial,0000092230-21-000032,2020,2021-02-24,1.0.3,0.3.0,0,0,0.00000000,73330,3932,0,0.00000000,success,,,,,,,,,,,0,warning_denominator_zero,,,,,,,,,warning_denominator_zero,,,,,,0,0,0,,0,0,warning_denominator_zero,2.84050243,2.72000000,0.79835429,1.19000000,5.00000000,29636,41190,11554,0.71949502,2447,7534,warning_stem_collisions,73398,11.20365197,3932,1552,18.66683622,20.88432481,0.02671735,0,0.00000000,21700,0.22818566,8887897,499080,0.05615277,success,363,1495,-0.60925727,1433,0.02046441,527,0.00752599,141,0.00201360,748,0.01068205,698,0.00996801,,,0.00518394,0.02134982,-0.01616589,0.02653376,4658,70024,warning_denominator_zero,warning_denominator_zero,success,exact-then-unique-porter-1.0.0,baek-smart-porter-1.0.0
S2020-393,0000860731,TYL,Tyler Technologies,0000860731-21-000014,2020,2021-02-19,1.0.3,0.3.0,0,0,0.00000000,37668,1922,0,0.00000000,success,,,,,,,,,,,0,warning_denominator_zero,,,,,,,,,warning_denominator_zero,,,,,,0,0,0,,0,0,warning_denominator_zero,2.89438916,2.82000000,0.78814995,1.19000000,5.00000000,15012,19866,4854,0.75566294,1848,3747,warning_stem_collisions,37622,10.53534426,1922,762,19.57440166,19.79667131,0.03266706,0,0.00000000,5437,0.12626861,2447477,253176,0.10344367,success,254,638,-0.43049327,549,0.01528779,218,0.00607056,100,0.00278466,433,0.01205759,269,0.00749074,,,0.00707304,0.01776614,-0.01069310,0.02483919,2097,35911,warning_denominator_zero,warning_denominator_zero,success,exact-then-unique-porter-1.0.0,baek-smart-porter-1.0.0
S2020-394,0000100493,TSN,Tyson Foods,0000100493-20-000132,2020,2020-11-16,1.0.3,0.3.0,1,1,0.02095382,47724,2605,1,0.00038388,success,12,0.02307692,14,0.02692308,2,0.00384615,0,0.00000000,2,0.00384615,520,success,3,16,0.00576923,0.03076923,-0.68421053,0.03653846,-0.02500000,41,success,2.83305556,2.57000000,0.86613655,1.30000000,4.96000000,216,323,107,0.66873065,153,67,warning_stem_collisions,2.92277361,2.80000000,0.87121353,1.26000000,5.00000000,19206,25371,6165,0.75700603,2143,4701,warning_stem_collisions,47190,10.76193728,2605,728,18.11516315,20.53348069,0.03733842,1,0.02119093,21870,0.31668115,4760333,314890,0.06614873,success,231,1154,-0.66642599,965,0.02145589,343,0.00762629,87,0.00193436,649,0.01442992,367,0.00815991,,,0.00513607,0.02565813,-0.02052206,0.03079420,3091,44976,warning_stem_collisions,success,success,exact-then-unique-porter-1.0.0,baek-smart-porter-1.0.0
S2020-395,0000036104,USB,U.S. Bancorp,0001193125-21-052547,2020,2021-02-23,1.0.3,0.3.0,0,0,0.00000000,7432,644,0,0.00000000,success,,,,,,,,,,,0,warning_denominator_zero,,,,,,,,,warning_denominator_zero,,,,,,0,0,0,,0,0,warning_denominator_zero,3.00616325,2.87000000,0.84176752,1.40000000,4.96000000,3026,4134,1108,0.73197871,774,641,warning_stem_collisions,7548,8.92903791,644,256,11.72049689,18.20436499,0.04252782,0,0.00000000,3906,0.34101624,1090289,50811,0.04660324,success,26,63,-0.41573034,68,0.00959097,37,0.00521862,16,0.00225670,92,0.01297602,98,0.01382228,,,0.00366714,0.00888575,-0.00521862,0.01255289,357,7090,warning_denominator_zero,warning_denominator_zero,success,exact-then-unique-porter-1.0.0,baek-smart-porter-1.0.0
S2020-396,0000074208,UDR,"UDR, Inc.",0000074208-21-000025,2020,2021-02-18,1.0.3,0.3.0,0,0,0.00000000,99155,4805,0,0.00000000,success,,,,,,,,,,,0,warning_denominator_zero,,,,,,,,,warning_denominator_zero,,,,,,0,0,0,,0,0,warning_denominator_zero,2.88072387,2.82000000,0.79207084,1.26000000,4.96000000,38888,51336,12448,0.75751909,1871,8572,warning_stem_collisions,98382,11.49661314,4805,1631,20.47492196,20.87552803,0.04541481,0,0.00000000,29769,0.23229628,12519293,646286,0.05162320,success,439,1249,-0.47985782,1523,0.01645135,592,0.00639475,237,0.00256006,503,0.00543337,583,0.00629753,,,0.00474205,0.01349162,-0.00874957,0.01823367,4332,92576,warning_denominator_zero,warning_denominator_zero,success,exact-then-unique-porter-1.0.0,baek-smart-porter-1.0.0
S2020-397,0001403568,ULTA,Ulta Beauty,0001558370-20-003272,2020,2020-03-27,1.0.3,0.3.0,1,2,0.05388367,37117,1939,2,0.00103146,success,0,0.00000000,0,0.00000000,0,0.00000000,0,0.00000000,0,0.00000000,70,success,1,0,0.01428571,0.00000000,1.00000000,0.01428571,0.01428571,1,success,3.12413793,2.96000000,0.68725600,1.82000000,4.52000000,29,42,13,0.69047619,24,7,warning_stem_collisions,2.97930205,2.89000000,0.86372441,1.26000000,5.00000000,15345,19850,4505,0.77304786,1846,3415,warning_stem_collisions,37017,10.51913255,1939,642,19.09076844,19.67104936,0.03571332,2,0.05402923,8776,0.19164501,2830091,245616,0.08678732,success,274,559,-0.34213685,561,0.01595835,298,0.00847699,64,0.00182056,248,0.00705467,303,0.00861922,,,0.00779428,0.01590146,-0.00810719,0.02369574,1902,35154,warning_stem_collisions,success,success,exact-then-unique-porter-1.0.0,baek-smart-porter-1.0.0
S2020-398,0001336917,UAA|UA,Under Armour (Class A)|Under Armour (Class C),0001336917-21-000009,2020,2021-02-24,1.0.3,0.3.0,0,0,0.00000000,59161,2549,0,0.00000000,success,,,,,,,,,,,0,warning_denominator_zero,,,,,,,,,warning_denominator_zero,,,,,,0,0,0,,0,0,warning_denominator_zero,2.91537529,2.82000000,0.83221850,1.19000000,5.00000000,23662,31016,7354,0.76289657,2155,5513,warning_stem_collisions,59073,10.98652925,2549,956,23.17497058,20.77934098,0.03502446,0,0.00000000,7528,0.11303134,3239678,390697,0.12059748,success,368,1364,-0.57505774,887,0.01576412,432,0.00767768,110,0.00195496,528,0.00938383,528,0.00938383,,,0.00654025,0.02424156,-0.01770132,0.03078181,3469,56267,warning_denominator_zero,warning_denominator_zero,success,exact-then-unique-porter-1.0.0,baek-smart-porter-1.0.0
S2020-399,0000100885,UNP,Union Pacific Corporation,0000100885-21-000068,2020,2021-02-05,1.0.3,0.3.0,0,0,0.00000000,38699,1996,0,0.00000000,success,,,,,,,,,,,0,warning_denominator_zero,,,,,,,,,warning_denominator_zero,,,,,,0,0,0,,0,0,warning_denominator_zero,2.96702280,2.87000000,0.84672221,1.30000000,5.00000000,15528,20353,4825,0.76293421,1980,3686,warning_stem_collisions,38424,10.55643754,1996,752,19.25050100,20.15779299,0.03877785,0,0.00000000,9396,0.19648683,7034542,256846,0.03651211,success,239,608,-0.43565525,559,0.01530626,228,0.00624298,88,0.00240957,401,0.01097998,216,0.00591441,,,0.00654418,0.01664796,-0.01010378,0.02319214,1977,36521,warning_denominator_zero,warning_denominator_zero,success,exact-then-unique-porter-1.0.0,baek-smart-porter-1.0.0
S2020-400,0000100517,UAL,United Airlines Holdings,0000100517-21-000016,2020,2021-03-01,1.0.3,0.3.0,0,0,0.00000000,63035,2779,0,0.00000000,success,,,,,,,,,,,0,warning_denominator_zero,,,,,,,,,warning_denominator_zero,,,,,,0,0,0,,0,0,warning_denominator_zero,2.96666870,2.85000000,0.82298427,1.19000000,5.00000000,24645,33445,8800,0.73688145,2190,5565,warning_stem_collisions,63193,11.05394881,2779,928,22.73947463,21.86525826,0.03710854,0,0.00000000,15722,0.19922702,4333387,415374,0.09585435,success,269,1078,-0.60059391,996,0.01669768,518,0.00868414,135,0.00226324,444,0.00744354,646,0.01083002,,,0.00450972,0.01807239,-0.01356267,0.02258211,3405,59649,warning_denominator_zero,warning_denominator_zero,success,exact-then-unique-porter-1.0.0,baek-smart-porter-1.0.0
S2020-401,0001090727,UPS,United Parcel Service,0001090727-21-000013,2020,2021-02-22,1.0.3,0.3.0,0,0,0.00000000,54930,3051,0,0.00000000,success,,,,,,,,,,,0,warning_denominator_zero,,,,,,,,,warning_denominator_zero,,,,,,0,0,0,,0,0,warning_denominator_zero,2.92075025,2.82000000,0.80283963,1.19000000,5.00000000,22166,28967,6801,0.76521559,2093,5196,warning_stem_collisions,54714,10.90987490,3051,1406,17.93313668,19.24406360,0.03454326,0,0.00000000,13195,0.19430414,6039016,364337,0.06033052,success,287,739,-0.44054581,852,0.01632935,325,0.00622892,132,0.00252990,488,0.00935296,475,0.00910380,,,0.00550061,0.01416360,-0.00866299,0.01966421,2776,52176,warning_denominator_zero,warning_denominator_zero,success,exact-then-unique-porter-1.0.0,baek-smart-porter-1.0.0
S2020-402,0001067701,URI,United Rentals,0001067701-21-000008,2020,2021-01-27,1.0.3,0.3.0,0,0,0.00000000,50948,2485,0,0.00000000,success,,,,,,,,,,,0,warning_denominator_zero,,,,,,,,,warning_denominator_zero,,,,,,0,0,0,,0,0,warning_denominator_zero,2.88216689,2.72000000,0.80995290,1.26000000,5.00000000,19881,26168,6287,0.75974473,1856,4679,warning_stem_collisions,50756,10.83478512,2485,981,20.42494970,20.48740057,0.04328552,0,0.00000000,12164,0.19332486,3347588,335286,0.10015749,success,228,803,-0.55771096,737,0.01533947,324,0.00674354,102,0.00212297,322,0.00670191,529,0.01101028,,,0.00474545,0.01671315,-0.01196770,0.02145860,2530,48046,warning_denominator_zero,warning_denominator_zero,success,exact-then-unique-porter-1.0.0,baek-smart-porter-1.0.0
S2020-403,0000731766,UNH,UnitedHealth Group,0000731766-21-000013,2020,2021-03-01,1.0.3,0.3.0,0,0,0.00000000,38371,1840,0,0.00000000,success,,,,,,,,,,,0,warning_denominator_zero,,,,,,,,,warning_denominator_zero,,,,,,0,0,0,,0,0,warning_denominator_zero,2.84635962,2.72000000,0.79017019,1.30000000,4.96000000,15622,21583,5961,0.72381041,1902,4479,warning_stem_collisions,38283,10.55276121,1840,789,20.80597826,22.09310835,0.02630410,0,0.00000000,8226,0.17686899,3667136,265360,0.07236165,success,271,663,-0.41970021,634,0.01727709,324,0.00882930,59,0.00160780,617,0.01681382,324,0.00882930,,,0.00738500,0.01806736,-0.01068236,0.02545237,2410,36696,warning_denominator_zero,warning_denominator_zero,success,exact-then-unique-porter-1.0.0,baek-smart-porter-1.0.0
S2020-404,0000352915,UHS,Universal Health Services,0001564590-21-008851,2020,2021-02-25,1.0.3,0.3.0,0,0,0.00000000,70018,3290,0,0.00000000,success,,,,,,,,,,,0,warning_denominator_zero,,,,,,,,,warning_denominator_zero,,,,,,0,0,0,,0,0,warning_denominator_zero,2.86096954,2.74000000,0.78129908,1.19000000,5.00000000,27250,36377,9127,0.74909971,2255,6620,warning_stem_collisions,69957,11.15563605,3290,1021,21.26352584,21.91608852,0.04532784,0,0.00000000,26266,0.27297008,9082122,462564,0.05093127,success,276,1317,-0.65348399,882,0.01335979,406,0.00614974,213,0.00322634,1179,0.01785850,607,0.00919432,,,0.00418061,0.01994880,-0.01576819,0.02412942,4158,66019,warning_denominator_zero,warning_denominator_zero,success,exact-then-unique-porter-1.0.0,baek-smart-porter-1.0.0
S2020-405,0000005513,UNM,Unum,0000005513-21-000015,2020,2021-02-17,1.0.3,0.3.0,1,1,0.01078353,92734,4420,1,0.00022624,success,0,0.00000000,0,0.00000000,0,0.00000000,0,0.00000000,0,0.00000000,18,success,0,0,0.00000000,0.00000000,,0.00000000,0.00000000,0,success,2.71800000,2.67000000,0.66160109,1.80000000,3.81000000,10,12,2,0.83333333,10,1,warning_stem_collisions,2.82912144,2.75000000,0.77018996,1.26000000,5.00000000,38119,49374,11255,0.77204602,2334,8446,warning_stem_collisions,92421,11.43410950,4420,1893,20.90972851,21.10399015,0.03329330,1,0.01082005,22384,0.19497409,8706322,611439,0.07022931,success,550,1815,-0.53488372,1822,0.02060503,591,0.00668363,267,0.00301951,1189,0.01344642,590,0.00667232,,,0.00621996,0.02052587,-0.01430591,0.02674583,5790,88425,warning_stem_collisions,success,success,exact-then-unique-porter-1.0.0,baek-smart-porter-1.0.0
S2020-406,0000103379,VFC,VF Corporation,0000103379-20-000006,2020,2020-05-27,1.0.3,0.3.0,0,0,0.00000000,80142,3861,0,0.00000000,success,,,,,,,,,,,0,warning_denominator_zero,,,,,,,,,warning_denominator_zero,,,,,,0,0,0,,0,0,warning_denominator_zero,2.91780243,2.86000000,0.80639499,1.19000000,5.00000000,31908,43230,11322,0.73809854,2052,7391,warning_stem_collisions,78988,11.27705122,3861,1396,20.45791246,20.03772124,0.04899478,0,0.00000000,16710,0.17461180,6124612,524901,0.08570355,success,340,1228,-0.56632653,1090,0.01480294,359,0.00487547,126,0.00171117,523,0.00710270,553,0.00751012,,,0.00461743,0.01667708,-0.01205965,0.02129451,3590,73634,warning_denominator_zero,warning_denominator_zero,success,exact-then-unique-porter-1.0.0,baek-smart-porter-1.0.0
S2020-407,0001035002,VLO,Valero Energy,0001035002-21-000051,2020,2021-02-23,1.0.3,0.3.0,0,0,0.00000000,47235,2441,0,0.00000000,success,,,,,,,,,,,0,warning_denominator_zero,,,,,,,,,warning_denominator_zero,,,,,,0,0,0,,0,0,warning_denominator_zero,2.94787003,2.82000000,0.85002428,1.26000000,5.00000000,18066,24216,6150,0.74603568,1903,4338,warning_stem_collisions,47194,10.76202204,2441,1223,19.33387956,20.12501948,0.03699623,0,0.00000000,11990,0.20258854,5182636,309828,0.05978193,success,172,638,-0.57530864,652,0.01448824,286,0.00635527,77,0.00171104,345,0.00766633,322,0.00715524,,,0.00382205,0.01417715,-0.01035510,0.01799920,2106,45002,warning_denominator_zero,warning_denominator_zero,success,exact-then-unique-porter-1.0.0,baek-smart-porter-1.0.0
S2020-408,0000740260,VTR,Ventas,0000740260-21-000048,2020,2021-02-23,1.0.3,0.3.0,0,0,0.00000000,65348,2934,0,0.00000000,success,,,,,,,,,,,0,warning_denominator_zero,,,,,,,,,warning_denominator_zero,,,,,,0,0,0,,0,0,warning_denominator_zero,2.81683078,2.71000000,0.78446689,1.19000000,5.00000000,25694,34011,8317,0.75546147,2139,6084,warning_stem_collisions,65222,11.08555211,2934,1242,22.22972052,22.13831822,0.03196774,0,0.00000000,35821,0.35451244,18800793,432105,0.02298334,success,403,1174,-0.48890298,1171,0.01874950,638,0.01021536,144,0.00230566,584,0.00935073,616,0.00986310,,,0.00645265,0.01879753,-0.01234489,0.02525018,3878,62455,warning_denominator_zero,warning_denominator_zero,success,exact-then-unique-porter-1.0.0,baek-smart-porter-1.0.0
S2020-409,0001014473,VRSN,Verisign,0001014473-21-000005,2020,2021-02-19,1.0.3,0.3.0,0,0,0.00000000,31001,1516,0,0.00000000,success,,,,,,,,,,,0,warning_denominator_zero,,,,,,,,,warning_denominator_zero,,,,,,0,0,0,,0,0,warning_denominator_zero,2.91063449,2.83000000,0.80467032,1.26000000,5.00000000,11726,15652,3926,0.74916944,1757,2848,warning_stem_collisions,31009,10.34203276,1516,667,20.45448549,20.06396810,0.03334516,0,0.00000000,4463,0.12581755,1798096,204255,0.11359516,success,131,564,-0.62302158,501,0.01691253,303,0.01022854,60,0.00202545,328,0.01107248,208,0.00702157,,,0.00442224,0.01903926,-0.01461702,0.02346150,1704,29623,warning_denominator_zero,warning_denominator_zero,success,exact-then-unique-porter-1.0.0,baek-smart-porter-1.0.0
S2020-410,0001442145,VRSK,Verisk Analytics,0001437749-21-003789,2020,2021-02-23,1.0.3,0.3.0,1,4,0.08559812,46730,2329,4,0.00171748,success,1,0.00724638,2,0.01449275,0,0.00000000,0,0.00000000,0,0.00000000,138,success,1,2,0.00724638,0.01449275,-0.33333333,0.02173913,-0.00724638,4,success,2.98259740,2.96000000,0.74520877,1.66000000,4.93000000,77,98,21,0.78571429,60,15,warning_stem_collisions,2.85568725,2.80000000,0.75943328,1.04000000,5.00000000,18494,24002,5508,0.77051912,2208,4103,warning_stem_collisions,46476,10.74669133,2329,833,19.95534564,20.52070692,0.04709958,4,0.08606593,10405,0.18292576,3451326,308556,0.08940216,success,316,784,-0.42545455,688,0.01568198,293,0.00667852,56,0.00127644,479,0.01091813,287,0.00654176,,,0.00720277,0.01787017,-0.01066740,0.02507294,2382,43872,warning_stem_collisions,success,success,exact-then-unique-porter-1.0.0,baek-smart-porter-1.0.0
S2020-411,0000732712,VZ,Verizon,0000732712-21-000012,2020,2021-02-25,1.0.3,0.3.0,0,0,0.00000000,61656,3072,0,0.00000000,success,,,,,,,,,,,0,warning_denominator_zero,,,,,,,,,warning_denominator_zero,,,,,,0,0,0,,0,0,warning_denominator_zero,2.92791217,2.87000000,0.78263316,1.26000000,5.00000000,24183,32799,8616,0.73730906,2093,6302,warning_stem_collisions,61590,11.02825480,3072,1294,20.04882812,20.31001649,0.03477837,0,0.00000000,12009,0.16316798,5085986,409023,0.08042157,success,287,682,-0.40763674,695,0.01184572,249,0.00424400,108,0.00184077,438,0.00746536,466,0.00794260,,,0.00489168,0.01162414,-0.00673246,0.01651583,2516,58671,warning_denominator_zero,warning_denominator_zero,success,exact-then-unique-porter-1.0.0,baek-smart-porter-1.0.0
S2020-412,0000875320,VRTX,Vertex Pharmaceuticals,0000875320-21-000006,2020,2021-02-11,1.0.3,0.3.0,0,0,0.00000000,69097,3143,0,0.00000000,success,,,,,,,,,,,0,warning_denominator_zero,,,,,,,,,warning_denominator_zero,,,,,,0,0,0,,0,0,warning_denominator_zero,2.87348521,2.76000000,0.80820930,1.19000000,5.00000000,26403,35901,9498,0.73543912,2387,6356,warning_stem_collisions,69542,11.14968617,3143,1419,22.12599427,20.99300400,0.02693336,0,0.00000000,8320,0.10685572,3716192,464569,0.12501211,success,621,1220,-0.32536665,1172,0.01756174,643,0.00963498,196,0.00293695,804,0.01204747,552,0.00827140,,,0.00930532,0.01828099,-0.00897567,0.02758631,4316,66736,warning_denominator_zero,warning_denominator_zero,success,exact-then-unique-porter-1.0.0,baek-smart-porter-1.0.0
S2020-413,0000813828,VIAC,ViacomCBS,0000813828-21-000005,2020,2021-02-24,1.0.3,0.3.0,0,0,0.00000000,66684,3489,0,0.00000000,success,,,,,,,,,,,0,warning_denominator_zero,,,,,,,,,warning_denominator_zero,,,,,,0,0,0,,0,0,warning_denominator_zero,2.95567761,2.86000000,0.84423252,1.26000000,5.00000000,26254,35346,9092,0.74277146,2363,5995,warning_stem_collisions,66591,11.10632471,3489,1697,19.08598452,19.68649971,0.04020063,0,0.00000000,15465,0.18846885,5450212,444603,0.08157536,success,336,1249,-0.57602524,696,0.01100674,279,0.00441218,119,0.00188190,692,0.01094348,405,0.00640478,,,0.00531360,0.01975203,-0.01443844,0.02506563,3180,63234,warning_denominator_zero,warning_denominator_zero,success,exact-then-unique-porter-1.0.0,baek-smart-porter-1.0.0
S2020-414,0001792044,VTRS,Viatris,0001792044-21-000009,2020,2021-03-01,1.0.3,0.3.0,0,0,0.00000000,81584,3570,0,0.00000000,success,,,,,,,,,,,0,warning_denominator_zero,,,,,,,,,warning_denominator_zero,,,,,,0,0,0,,0,0,warning_denominator_zero,2.85170068,2.74000000,0.79629783,1.19000000,5.00000000,31211,43088,11877,0.72435481,2519,8143,warning_stem_collisions,81731,11.31118865,3570,1510,22.89383754,21.40300343,0.03045356,0,0.00000000,15418,0.15870467,4992634,548255,0.10981278,success,459,1865,-0.60499139,1659,0.02118476,762,0.00973043,175,0.00223468,1214,0.01550229,615,0.00785330,,,0.00586125,0.02381530,-0.01795405,0.02967655,5552,78311,warning_denominator_zero,warning_denominator_zero,success,exact-then-unique-porter-1.0.0,baek-smart-porter-1.0.0
S2020-415,0001403161,V,Visa Inc.,0001403161-20-000070,2020,2020-11-19,1.0.3,0.3.0,1,7,0.12901561,54257,2716,4,0.00147275,success,6,0.05714286,1,0.00952381,1,0.00952381,0,0.00000000,2,0.01904762,105,success,1,4,0.00952381,0.03809524,-0.60000000,0.04761905,-0.02857143,14,success,2.81705882,2.86000000,0.83554208,1.57000000,4.86000000,51,69,18,0.73913043,42,12,warning_stem_collisions,2.95244974,2.87000000,0.82495888,1.26000000,5.00000000,22435,29357,6922,0.76421296,2272,4843,warning_stem_collisions,54606,10.90789905,2716,1177,20.10530191,19.90870747,0.03607662,7,0.12819104,9686,0.15065638,4348990,365954,0.08414689,success,271,1109,-0.60724638,808,0.01562349,388,0.00750237,95,0.00183692,1069,0.02067019,427,0.00825647,,,0.00524006,0.02144363,-0.01620357,0.02668368,3384,51717,warning_stem_collisions,success,success,exact-then-unique-porter-1.0.0,baek-smart-porter-1.0.0
S2020-416,0001786842,VNT,Vontier,0001786842-21-000013,2020,2021-02-25,1.0.3,0.3.0,0,0,0.00000000,50803,2195,0,0.00000000,success,,,,,,,,,,,0,warning_denominator_zero,,,,,,,,,warning_denominator_zero,,,,,,0,0,0,,0,0,warning_denominator_zero,2.84926843,2.76000000,0.79070946,1.26000000,5.00000000,20203,26594,6391,0.75968264,2048,4766,warning_stem_collisions,50727,10.83421359,2195,1011,23.11025057,21.73270906,0.02751986,0,0.00000000,6371,0.11158009,2713894,343395,0.12653221,success,296,1114,-0.58014184,961,0.01975456,494,0.01015479,107,0.00219952,602,0.01237486,446,0.00916809,,,0.00608465,0.02289966,-0.01681501,0.02898432,3287,48647,warning_denominator_zero,warning_denominator_zero,success,exact-then-unique-porter-1.0.0,baek-smart-porter-1.0.0
S2020-417,0000899689,VNO,Vornado Realty Trust,0000899689-21-000009,2020,2021-02-16,1.0.3,0.3.0,0,0,0.00000000,52546,2672,0,0.00000000,success,,,,,,,,,,,0,warning_denominator_zero,,,,,,,,,warning_denominator_zero,,,,,,0,0,0,,0,0,warning_denominator_zero,2.90738747,2.79000000,0.81935791,1.19000000,5.00000000,19973,26614,6641,0.75046968,1758,4220,warning_stem_collisions,52144,10.86176440,2672,1355,19.51497006,20.67980570,0.05294952,0,0.00000000,21955,0.29629280,7385327,341778,0.04627798,success,191,763,-0.59958071,759,0.01555583,423,0.00866945,104,0.00213150,286,0.00586162,417,0.00854648,,,0.00391458,0.01563781,-0.01172323,0.01955239,2383,48792,warning_denominator_zero,warning_denominator_zero,success,exact-then-unique-porter-1.0.0,baek-smart-porter-1.0.0
S2020-418,0001396009,VMC,Vulcan Materials Company,0001396009-21-000009,2020,2021-02-25,1.0.3,0.3.0,0,0,0.00000000,45804,2620,0,0.00000000,success,,,,,,,,,,,0,warning_denominator_zero,,,,,,,,,warning_denominator_zero,,,,,,0,0,0,,0,0,warning_denominator_zero,2.94792282,2.86000000,0.83870307,1.19000000,5.00000000,17543,23819,6276,0.73651287,2146,4497,warning_stem_collisions,45153,10.71781200,2620,1138,17.23396947,19.00638330,0.04529046,0,0.00000000,12867,0.22176836,10711972,301803,0.02817436,success,249,632,-0.43473326,596,0.01399652,188,0.00441501,109,0.00255977,468,0.01099056,352,0.00826640,,,0.00584754,0.01484195,-0.00899441,0.02068949,2213,42582,warning_denominator_zero,warning_denominator_zero,success,exact-then-unique-porter-1.0.0,baek-smart-porter-1.0.0
S2020-419,0000011544,WRB,W. R. Berkley Corporation,0000011544-21-000013,2020,2021-02-18,1.0.3,0.3.0,0,0,0.00000000,49204,2384,0,0.00000000,success,,,,,,,,,,,0,warning_denominator_zero,,,,,,,,,warning_denominator_zero,,,,,,0,0,0,,0,0,warning_denominator_zero,2.80953964,2.72000000,0.76636495,1.26000000,5.00000000,20158,26432,6274,0.76263620,1946,4675,warning_stem_collisions,49241,10.80448189,2384,973,20.65478188,21.82526699,0.03312280,0,0.00000000,13171,0.21103313,6496095,332669,0.05121061,success,272,1429,-0.68018812,913,0.01941603,323,0.00686898,124,0.00263701,703,0.01495013,274,0.00582694,,,0.00578440,0.03038938,-0.02460498,0.03617379,3451,47023,warning_denominator_zero,warning_denominator_zero,success,exact-then-unique-porter-1.0.0,baek-smart-porter-1.0.0
S2020-420,0000277135,GWW,W. W. Grainger,0000277135-21-000007,2020,2021-02-24,1.0.3,0.3.0,0,0,0.00000000,27220,1474,0,0.00000000,success,,,,,,,,,,,0,warning_denominator_zero,,,,,,,,,warning_denominator_zero,,,,,,0,0,0,,0,0,warning_denominator_zero,2.92231360,2.86000000,0.82170998,1.04000000,4.96000000,10676,14861,4185,0.71839042,1689,2766,warning_stem_collisions,27311,10.21504483,1474,626,18.52849389,20.28008147,0.04038666,0,0.00000000,8184,0.23056769,2549879,185222,0.07263953,success,120,630,-0.68000000,471,0.01842074,203,0.00793930,41,0.00160350,210,0.00821307,207,0.00809574,,,0.00469318,0.02463921,-0.01994603,0.02933239,1559,25569,warning_denominator_zero,warning_denominator_zero,success,exact-then-unique-porter-1.0.0,baek-smart-porter-1.0.0
S2020-421,0000783325,WEC,WEC Energy Group,0000107815-21-000079,2020,2021-02-25,1.0.3,0.3.0,0,0,0.00000000,78456,4328,0,0.00000000,success,,,,,,,,,,,0,warning_denominator_zero,,,,,,,,,warning_denominator_zero,,,,,,0,0,0,,0,0,warning_denominator_zero,2.93564689,2.86000000,0.81364909,1.19000000,5.00000000,30608,41793,11185,0.73237145,2225,7529,warning_stem_collisions,77945,11.26375873,4328,1770,18.00947320,19.48484956,0.04351787,0,0.00000000,17899,0.18675139,7499331,513461,0.06846757,success,280,845,-0.50222222,959,0.01303148,401,0.00544904,158,0.00214700,933,0.01267818,640,0.00869672,,,0.00380481,0.01148238,-0.00767757,0.01528720,3681,73591,warning_denominator_zero,warning_denominator_zero,success,exact-then-unique-porter-1.0.0,baek-smart-porter-1.0.0
S2020-422,0000943452,WAB,Wabtec,0001628280-21-002557,2020,2021-02-19,1.0.3,0.3.0,1,1,0.02741980,36470,1861,1,0.00053735,success,1,0.03333333,0,0.00000000,0,0.00000000,0,0.00000000,0,0.00000000,30,success,2,0,0.06666667,0.00000000,1.00000000,0.06666667,0.06666667,3,success,2.80928571,2.78500000,0.84813631,1.66000000,4.90000000,14,16,2,0.87500000,14,2,warning_stem_collisions,2.94877846,2.86000000,0.84918985,1.04000000,5.00000000,14670,19678,5008,0.74550259,1918,3566,warning_stem_collisions,36369,10.50147204,1861,758,19.54271897,20.57906238,0.03387500,1,0.02749594,9033,0.19895599,3555386,245750,0.06912048,success,281,634,-0.38579235,633,0.01826260,248,0.00715502,85,0.00245232,356,0.01027091,277,0.00799169,,,0.00810709,0.01829145,-0.01018436,0.02639855,2121,34661,warning_stem_collisions,success,success,exact-then-unique-porter-1.0.0,baek-smart-porter-1.0.0
S2020-423,0000104169,WMT,Walmart,0000104169-20-000011,2020,2020-03-20,1.0.3,0.3.0,0,0,0.00000000,38406,1919,0,0.00000000,success,,,,,,,,,,,0,warning_denominator_zero,,,,,,,,,warning_denominator_zero,,,,,,0,0,0,,0,0,warning_denominator_zero,2.93704513,2.85000000,0.84328362,1.28000000,5.00000000,14867,19839,4972,0.74938253,1853,3641,warning_stem_collisions,38308,10.55341403,1919,674,19.96248046,20.81646812,0.03424872,0,0.00000000,13531,0.26101970,3720655,252153,0.06777113,success,202,672,-0.53775744,599,0.01645650,278,0.00763757,95,0.00260996,443,0.01217066,244,0.00670348,,,0.00554960,0.01846205,-0.01291244,0.02401165,2101,36399,warning_denominator_zero,warning_denominator_zero,success,exact-then-unique-porter-1.0.0,baek-smart-porter-1.0.0
S2020-424,0001744489,DIS,Walt Disney Company (The),0001744489-20-000197,2020,2020-11-25,1.0.3,0.3.0,0,0,0.00000000,62340,3158,0,0.00000000,success,,,,,,,,,,,0,warning_denominator_zero,,,,,,,,,warning_denominator_zero,,,,,,0,0,0,,0,0,warning_denominator_zero,3.01071528,2.89000000,0.86666425,1.25000000,5.00000000,24340,34020,9680,0.71546149,2157,6344,warning_stem_collisions,61874,11.03285534,3158,1661,19.59278024,19.87025513,0.03641271,0,0.00000000,13241,0.17627638,6111384,414926,0.06789395,success,246,808,-0.53320683,825,0.01404327,315,0.00536198,92,0.00156604,399,0.00679184,432,0.00735357,,,0.00418745,0.01375389,-0.00956645,0.01794134,2594,58747,warning_denominator_zero,warning_denominator_zero,success,exact-then-unique-porter-1.0.0,baek-smart-porter-1.0.0
S2020-425,0000823768,WM,Waste Management,0001558370-21-001348,2020,2021-02-22,1.0.3,0.3.0,0,0,0.00000000,78839,3728,0,0.00000000,success,,,,,,,,,,,0,warning_denominator_zero,,,,,,,,,warning_denominator_zero,,,,,,0,0,0,,0,0,warning_denominator_zero,2.88464889,2.81000000,0.80407855,1.19000000,5.00000000,31044,40868,9824,0.75961633,2233,7580,warning_stem_collisions,78292,11.26820071,3728,1070,21.00107296,21.49044218,0.03539314,0,0.00000000,19475,0.19919809,4216829,523262,0.12408898,success,371,1337,-0.56557377,1070,0.01435278,441,0.00591549,140,0.00187793,749,0.01004695,890,0.01193830,,,0.00497653,0.01793427,-0.01295775,0.02291080,4200,74550,warning_denominator_zero,warning_denominator_zero,success,exact-then-unique-porter-1.0.0,baek-smart-porter-1.0.0
S2020-426,0001000697,WAT,Waters Corporation,0001193125-21-054385,2020,2021-02-24,1.0.3,0.3.0,0,0,0.00000000,30839,1937,0,0.00000000,success,,,,,,,,,,,0,warning_denominator_zero,,,,,,,,,warning_denominator_zero,,,,,,0,0,0,,0,0,warning_denominator_zero,2.91359710,2.85000000,0.80413107,1.26000000,5.00000000,12018,16450,4432,0.73057751,1637,3042,warning_stem_collisions,30838,10.33650297,1937,970,15.92049561,19.65795448,0.04332317,0,0.00000000,11525,0.27205344,4694056,208080,0.04432840,success,153,443,-0.48657718,448,0.01552106,176,0.00609756,42,0.00145510,235,0.00814163,249,0.00862666,,,0.00530072,0.01534784,-0.01004712,0.02064856,1484,28864,warning_denominator_zero,warning_denominator_zero,success,exact-then-unique-porter-1.0.0,baek-smart-porter-1.0.0
S2020-427,0000072971,WFC,Wells Fargo,0000072971-21-000197,2020,2021-02-23,1.0.3,0.3.0,0,0,0.00000000,9752,776,0,0.00000000,success,,,,,,,,,,,0,warning_denominator_zero,,,,,,,,,warning_denominator_zero,,,,,,0,0,0,,0,0,warning_denominator_zero,3.03982932,2.93000000,0.82928228,1.36000000,4.96000000,3984,5283,1299,0.75411698,903,856,warning_stem_collisions,9771,9.18717409,776,277,12.59149485,19.05192855,0.04032341,0,0.00000000,4356,0.30834572,2493702,65191,0.02614226,success,50,82,-0.24242424,94,0.01014680,59,0.00636874,15,0.00161917,127,0.01370898,118,0.01273748,,,0.00539724,0.00885147,-0.00345423,0.01424870,473,9264,warning_denominator_zero,warning_denominator_zero,success,exact-then-unique-porter-1.0.0,baek-smart-porter-1.0.0
S2020-428,0000766704,WELL,Welltower,0000766704-21-000018,2020,2021-02-10,1.0.3,0.3.0,0,0,0.00000000,66247,3160,0,0.00000000,success,,,,,,,,,,,0,warning_denominator_zero,,,,,,,,,warning_denominator_zero,,,,,,0,0,0,,0,0,warning_denominator_zero,2.85402453,2.72000000,0.79526842,1.26000000,5.00000000,25680,34059,8379,0.75398573,2190,6087,warning_stem_collisions,66707,11.10806517,3160,1193,21.10981013,21.26217057,0.03477896,0,0.00000000,33900,0.33695469,17423038,435639,0.02500362,success,396,1085,-0.46522620,1108,0.01740606,625,0.00981840,271,0.00425726,772,0.01212769,528,0.00829458,,,0.00622094,0.01704474,-0.01082380,0.02326568,4001,63656,warning_denominator_zero,warning_denominator_zero,success,exact-then-unique-porter-1.0.0,baek-smart-porter-1.0.0
S2020-429,0000105770,WST,West Pharmaceutical Services,0000105770-21-000008,2020,2021-02-23,1.0.3,0.3.0,0,0,0.00000000,35622,1796,0,0.00000000,success,,,,,,,,,,,0,warning_denominator_zero,,,,,,,,,warning_denominator_zero,,,,,,0,0,0,,0,0,warning_denominator_zero,2.88595084,2.83000000,0.77414362,1.19000000,5.00000000,13914,18324,4410,0.75933202,1647,3395,warning_stem_collisions,35388,10.47412806,1796,764,19.70378619,20.14371065,0.04868882,0,0.00000000,9062,0.20386952,3626724,235975,0.06506561,success,197,457,-0.39755352,466,0.01404545,199,0.00599795,57,0.00171801,294,0.00886129,295,0.00889143,,,0.00593767,0.01377419,-0.00783652,0.01971186,1679,33178,warning_denominator_zero,warning_denominator_zero,success,exact-then-unique-porter-1.0.0,baek-smart-porter-1.0.0
S2020-430,0001732845,WRK,WestRock,0001564590-20-054816,2020,2020-11-23,1.0.3,0.3.0,0,0,0.00000000,59935,3300,0,0.00000000,success,,,,,,,,,,,0,warning_denominator_zero,,,,,,,,,warning_denominator_zero,,,,,,0,0,0,,0,0,warning_denominator_zero,2.91994410,2.80000000,0.84195618,1.19000000,5.00000000,23434,31097,7663,0.75357752,2161,5471,warning_stem_collisions,59154,10.98789949,3300,1054,17.92545455,20.51581933,0.04211042,0,0.00000000,27246,0.31534722,12487306,394575,0.03159809,success,250,850,-0.54545455,1065,0.01898903,433,0.00772042,121,0.00215744,423,0.00754212,479,0.00854061,,,0.00445752,0.01515557,-0.01069805,0.01961309,3005,56085,warning_denominator_zero,warning_denominator_zero,success,exact-then-unique-porter-1.0.0,baek-smart-porter-1.0.0
S2020-431,0000106040,WDC,Western Digital,0000106040-20-000049,2020,2020-08-28,1.0.3,0.3.0,0,0,0.00000000,48433,2271,0,0.00000000,success,,,,,,,,,,,0,warning_denominator_zero,,,,,,,,,warning_denominator_zero,,,,,,0,0,0,,0,0,warning_denominator_zero,2.90368218,2.81000000,0.80781280,1.19000000,5.00000000,19168,25293,6125,0.75783814,2068,4582,warning_stem_collisions,48458,10.78845272,2271,1001,21.33773668,20.46778381,0.03153246,0,0.00000000,8799,0.15367553,3967156,319864,0.08062804,success,242,975,-0.60230074,981,0.02117876,496,0.01070812,80,0.00172712,404,0.00872193,422,0.00911054,,,0.00522453,0.02104922,-0.01582470,0.02627375,2920,46320,warning_denominator_zero,warning_denominator_zero,success,exact-then-unique-porter-1.0.0,baek-smart-porter-1.0.0
S2020-432,0001365135,WU,Western Union,0001558370-21-001284,2020,2021-02-19,1.0.3,0.3.0,1,2,0.02486109,80447,3569,1,0.00028019,success,0,0.00000000,0,0.00000000,0,0.00000000,0,0.00000000,0,0.00000000,35,success,1,0,0.02857143,0.00000000,1.00000000,0.02857143,0.02857143,1,success,3.06625000,2.93500000,0.81231055,1.80000000,4.25000000,16,18,2,0.88888889,13,2,warning_stem_collisions,2.88939948,2.80000000,0.80051245,1.26000000,5.00000000,31456,42268,10812,0.74420365,2023,8102,warning_stem_collisions,80190,11.29215410,3569,1112,22.46847857,21.80335108,0.03682504,2,0.02494077,17573,0.17975103,4567098,534344,0.11699858,success,269,1521,-0.69944134,1400,0.01840434,662,0.00870263,154,0.00202448,1148,0.01509156,789,0.01037216,,,0.00353626,0.01999500,-0.01645874,0.02353127,5070,76069,warning_stem_collisions,success,success,exact-then-unique-porter-1.0.0,baek-smart-porter-1.0.0
S2020-433,0000106535,WY,Weyerhaeuser,0001564590-21-006960,2020,2021-02-19,1.0.3,0.3.0,0,0,0.00000000,35247,2397,0,0.00000000,success,,,,,,,,,,,0,warning_denominator_zero,,,,,,,,,warning_denominator_zero,,,,,,0,0,0,,0,0,warning_denominator_zero,2.96681519,2.86000000,0.86492740,1.26000000,5.00000000,13847,18585,4738,0.74506322,1943,3387,warning_stem_collisions,35133,10.46689614,2397,1168,14.65707134,19.05655813,0.03808385,0,0.00000000,20047,0.36330192,8782495,231274,0.02633352,success,151,490,-0.52886115,559,0.01673953,286,0.00856441,77,0.00230580,311,0.00931305,258,0.00772594,,,0.00452177,0.01467329,-0.01015152,0.01919506,1772,33394,warning_denominator_zero,warning_denominator_zero,success,exact-then-unique-porter-1.0.0,baek-smart-porter-1.0.0
S2020-434,0000106640,WHR,Whirlpool Corporation,0000106640-21-000022,2020,2021-02-11,1.0.3,0.3.0,0,0,0.00000000,46328,2461,0,0.00000000,success,,,,,,,,,,,0,warning_denominator_zero,,,,,,,,,warning_denominator_zero,,,,,,0,0,0,,0,0,warning_denominator_zero,2.88648819,2.76000000,0.81469441,1.25000000,5.00000000,18919,24656,5737,0.76731830,1987,4166,warning_stem_collisions,46148,10.73960890,2461,1077,18.75172694,20.30699072,0.04388056,0,0.00000000,12613,0.21464917,4306739,310099,0.07200320,success,273,879,-0.52604167,891,0.02047099,318,0.00730615,75,0.00172315,438,0.01006318,388,0.00891442,,,0.00627226,0.02019529,-0.01392303,0.02646755,2744,43525,warning_denominator_zero,warning_denominator_zero,success,exact-then-unique-porter-1.0.0,baek-smart-porter-1.0.0
S2020-435,0000107263,WMB,Williams Companies,0000107263-21-000006,2020,2021-02-24,1.0.3,0.3.0,0,0,0.00000000,57933,2989,0,0.00000000,success,,,,,,,,,,,0,warning_denominator_zero,,,,,,,,,warning_denominator_zero,,,,,,0,0,0,,0,0,warning_denominator_zero,2.90674652,2.79000000,0.82606742,1.19000000,5.00000000,23126,31014,7888,0.74566325,2160,5336,warning_stem_collisions,57531,10.96007921,2989,1363,19.24757444,20.84132137,0.03179156,0,0.00000000,15681,0.21418620,5386791,387996,0.07202730,success,262,1167,-0.63331001,925,0.01680718,400,0.00726797,79,0.00143542,785,0.01426339,513,0.00932117,,,0.00476052,0.02120430,-0.01644378,0.02596482,3446,55036,warning_denominator_zero,warning_denominator_zero,success,exact-then-unique-porter-1.0.0,baek-smart-porter-1.0.0
S2020-436,0001174922,WYNN,Wynn Resorts,0001174922-21-000029,2020,2021-02-26,1.0.3,0.3.0,0,0,0.00000000,57787,2594,0,0.00000000,success,,,,,,,,,,,0,warning_denominator_zero,,,,,,,,,warning_denominator_zero,,,,,,0,0,0,,0,0,warning_denominator_zero,2.95621691,2.86000000,0.84588238,1.17000000,5.00000000,21797,30575,8778,0.71290270,2262,5189,warning_stem_collisions,57711,10.96320308,2594,1179,22.24787972,20.51349486,0.03860616,0,0.00000000,9056,0.13563587,3809776,377119,0.09898718,success,220,1160,-0.68115942,792,0.01442676,433,0.00788735,178,0.00324238,586,0.01067434,564,0.01027360,,,0.00400743,0.02113010,-0.01712266,0.02513753,3328,54898,warning_denominator_zero,warning_denominator_zero,success,exact-then-unique-porter-1.0.0,baek-smart-porter-1.0.0
S2020-437,0000072903,XEL,Xcel Energy,0000072903-21-000012,2020,2021-02-17,1.0.3,0.3.0,0,0,0.00000000,55056,3796,0,0.00000000,success,,,,,,,,,,,0,warning_denominator_zero,,,,,,,,,warning_denominator_zero,,,,,,0,0,0,,0,0,warning_denominator_zero,2.88123097,2.82000000,0.78623429,1.26000000,5.00000000,22137,31030,8893,0.71340638,2037,5477,warning_stem_collisions,54586,10.90753272,3796,1417,14.37987355,18.89007711,0.03636464,0,0.00000000,20447,0.27250676,6713197,367584,0.05475543,success,189,712,-0.58046615,936,0.01809500,351,0.00678562,112,0.00216521,896,0.01732171,462,0.00893151,,,0.00365380,0.01376457,-0.01011077,0.01741837,3206,51727,warning_denominator_zero,warning_denominator_zero,success,exact-then-unique-porter-1.0.0,baek-smart-porter-1.0.0
S2020-438,0001770450,XRX,Xerox,0001770450-21-000013,2020,2021-02-25,1.0.3,0.3.0,1,13,0.16375683,79386,3960,11,0.00277778,success,0,0.00000000,0,0.00000000,0,0.00000000,3,0.00748130,1,0.00249377,401,success,8,3,0.01995012,0.00748130,0.45454545,0.02743142,0.01246883,15,success,3.18112426,3.18000000,0.84223669,1.71000000,4.82000000,169,239,70,0.70711297,95,41,warning_stem_collisions,2.88920881,2.79000000,0.78611079,1.19000000,5.00000000,31813,41984,10171,0.75774104,2378,7490,warning_stem_collisions,79000,11.27720313,3960,1917,19.94949495,20.24503587,0.04481013,13,0.16455696,17551,0.18177958,7984474,527101,0.06601575,success,377,1376,-0.56988021,1039,0.01395624,352,0.00472820,147,0.00197456,814,0.01093395,572,0.00768332,,,0.00506401,0.01848295,-0.01341894,0.02354695,3983,74447,warning_stem_collisions,success,success,exact-then-unique-porter-1.0.0,baek-smart-porter-1.0.0
S2020-439,0001524472,XYL,Xylem Inc.,0001524472-21-000008,2020,2021-02-26,1.0.3,0.3.0,0,0,0.00000000,49585,2383,0,0.00000000,success,,,,,,,,,,,0,warning_denominator_zero,,,,,,,,,warning_denominator_zero,,,,,,0,0,0,,0,0,warning_denominator_zero,2.86634143,2.76000000,0.81287774,1.26000000,5.00000000,20057,26195,6138,0.76568047,2108,4796,warning_stem_collisions,49518,10.81009152,2383,982,20.77968947,20.47190119,0.03144311,0,0.00000000,9954,0.16737288,3959004,331770,0.08380138,success,308,971,-0.51837373,883,0.01861534,319,0.00672513,104,0.00219252,451,0.00950795,451,0.00950795,,,0.00649323,0.02047055,-0.01397732,0.02696378,2948,47434,warning_denominator_zero,warning_denominator_zero,success,exact-then-unique-porter-1.0.0,baek-smart-porter-1.0.0
S2020-440,0001041061,YUM,Yum! Brands,0001041061-21-000012,2020,2021-02-22,1.0.3,0.3.0,0,0,0.00000000,54522,2443,0,0.00000000,success,,,,,,,,,,,0,warning_denominator_zero,,,,,,,,,warning_denominator_zero,,,,,,0,0,0,,0,0,warning_denominator_zero,2.96454558,2.85000000,0.88014660,1.19000000,5.00000000,21511,28214,6703,0.76242291,2117,4726,warning_stem_collisions,54566,10.90716626,2443,925,22.33565289,20.62340866,0.03782575,0,0.00000000,11742,0.17708270,4113034,357852,0.08700439,success,273,988,-0.56701031,866,0.01673333,386,0.00745850,98,0.00189361,429,0.00828937,407,0.00786428,,,0.00527506,0.01909068,-0.01381562,0.02436574,2835,51753,warning_denominator_zero,warning_denominator_zero,success,exact-then-unique-porter-1.0.0,baek-smart-porter-1.0.0
S2020-441,0000877212,ZBRA,Zebra Technologies,0000877212-21-000008,2020,2021-02-11,1.0.3,0.3.0,1,10,0.25899355,38611,1965,7,0.00356234,success,0,0.00000000,0,0.00000000,0,0.00000000,1,0.00523560,0,0.00000000,191,success,4,0,0.02094241,0.00000000,1.00000000,0.02094241,0.02094241,5,success,2.99780952,2.92000000,0.81313969,1.82000000,4.93000000,105,128,23,0.82031250,63,11,warning_stem_collisions,2.89932412,2.81500000,0.79705825,1.30000000,5.00000000,15624,20803,5179,0.75104552,1937,3822,warning_stem_collisions,38479,10.55786792,1965,832,19.58218830,20.73695740,0.03334286,10,0.25988201,7887,0.17010309,3082589,262684,0.08521538,success,255,665,-0.44565217,719,0.01966039,343,0.00937902,67,0.00183205,334,0.00913292,271,0.00741024,,,0.00697274,0.01818381,-0.01121107,0.02515654,2193,36571,warning_stem_collisions,success,success,exact-then-unique-porter-1.0.0,baek-smart-porter-1.0.0
S2020-442,0001136869,ZBH,Zimmer Biomet,0001564590-21-007163,2020,2021-02-22,1.0.3,0.3.0,1,6,0.12346187,48598,2365,3,0.00126850,success,2,0.02439024,0,0.00000000,1,0.01219512,2,0.02439024,1,0.01219512,82,success,1,0,0.01219512,0.00000000,1.00000000,0.01219512,0.01219512,6,success,3.05032258,3.07000000,0.72050378,1.63000000,4.25000000,31,44,13,0.70454545,26,7,warning_stem_collisions,2.88617907,2.81000000,0.82182181,1.19000000,5.00000000,18540,25332,6792,0.73188063,2154,4739,warning_stem_collisions,48713,10.79370121,2365,729,20.59746300,20.63925874,0.03298914,6,0.12317041,14393,0.22807657,7328068,321815,0.04391539,success,242,1183,-0.66035088,837,0.01793251,398,0.00852705,113,0.00242100,740,0.01585431,368,0.00788431,,,0.00518479,0.02534547,-0.02016069,0.03053026,3209,46675,warning_stem_collisions,success,success,exact-then-unique-porter-1.0.0,baek-smart-porter-1.0.0
S2020-443,0000109380,ZION,Zions Bancorporation,0000109380-21-000082,2020,2021-02-25,1.0.3,0.3.0,0,0,0.00000000,60772,3393,0,0.00000000,success,,,,,,,,,,,0,warning_denominator_zero,,,,,,,,,warning_denominator_zero,,,,,,0,0,0,,0,0,warning_denominator_zero,2.82149082,2.71000000,0.78910187,1.19000000,5.00000000,23477,31983,8506,0.73404621,2232,5682,warning_stem_collisions,60630,11.01254510,3393,1576,17.86914235,20.08682143,0.04158008,0,0.00000000,19130,0.23984453,8783952,406051,0.04622646,success,313,1007,-0.52575758,1047,0.01828470,337,0.00588533,105,0.00183371,521,0.00909869,492,0.00859224,,,0.00546620,0.01758614,-0.01211994,0.02305234,3327,57261,warning_denominator_zero,warning_denominator_zero,success,exact-then-unique-porter-1.0.0,baek-smart-porter-1.0.0
S2020-444,0001555280,ZTS,Zoetis,0001555280-21-000098,2020,2021-02-16,1.0.3,0.3.0,1,1,0.01390318,71926,3476,1,0.00028769,success,0,0.00000000,0,0.00000000,0,0.00000000,0,0.00000000,0,0.00000000,38,success,0,0,0.00000000,0.00000000,,0.00000000,0.00000000,0,success,3.19461538,3.12000000,0.51616359,2.24000000,4.11000000,13,22,9,0.59090909,13,2,warning_stem_collisions,2.88799585,2.76000000,0.83136085,1.04000000,5.00000000,27438,37278,9840,0.73603734,2575,7210,warning_stem_collisions,71705,11.18031576,3476,1680,20.62859609,20.33507890,0.03089045,1,0.01394603,10095,0.12341076,4268624,480830,0.11264286,success,399,1562,-0.59306476,1541,0.02243249,746,0.01085960,135,0.00196521,873,0.01270835,567,0.00825388,,,0.00580828,0.02273819,-0.01692991,0.02854647,4762,68695,warning_stem_collisions,success,success,exact-then-unique-porter-1.0.0,baek-smart-porter-1.0.0
S2020-445,0001065088,EBAY,eBay Inc.,0001065088-21-000006,2020,2021-02-04,1.0.3,0.3.0,1,2,0.04012519,49844,2288,2,0.00087413,success,1,0.01176471,0,0.00000000,0,0.00000000,0,0.00000000,0,0.00000000,85,success,2,0,0.02352941,0.00000000,1.00000000,0.02352941,0.02352941,3,success,3.27388889,3.33500000,0.74926734,1.80000000,4.93000000,36,44,8,0.81818182,32,6,warning_stem_collisions,2.87556473,2.76000000,0.81055805,1.19000000,5.00000000,19611,25496,5885,0.76917948,2060,4689,warning_stem_collisions,49743,10.81462503,2288,983,21.74082168,20.34470290,0.03361277,2,0.04020666,8958,0.15260387,3830886,327863,0.08558412,success,266,1155,-0.62561576,950,0.01995170,502,0.01054290,108,0.00226819,599,0.01258007,357,0.00749764,,,0.00558647,0.02425706,-0.01867059,0.02984354,3236,47615,warning_stem_collisions,success,success,exact-then-unique-porter-1.0.0,baek-smart-porter-1.0.0
