company_id,cik,ticker,company_name,accession_number,report_year,filing_date,parser_version,language_measurement_version,report_positive_count,report_negative_count,report_net_tone,report_uncertainty_count,report_uncertainty_ratio,report_weak_modal_count,report_weak_modal_ratio,report_strong_modal_count,report_strong_modal_ratio,report_litigious_count,report_litigious_ratio,report_constraining_count,report_constraining_ratio,report_positive_ratio,report_negative_ratio,report_net_tone_by_words,report_sentiment_word_coverage,report_total_lm_matched_word_count,report_total_eligible_word_count,lm_report_status
S2020-001,0000066740,MMM,3M,0001558370-21-000737,2020,2021-02-04,1.0.3,0.3.0,345,2515,-0.7587412587412588,1251,0.014059339177343224,360,0.004045853000674309,134,0.0015059563946954373,2216,0.024904472915261856,534,0.006001348617666892,0.0038772757923128793,0.028264778601933018,-0.02438750280962014,0.032142054394245896,6025,88980,success
S2020-002,0000091142,AOS,A. O. Smith,0000091142-21-000025,2020,2021-02-12,1.0.3,0.3.0,104,477,-0.6419965576592083,460,0.01834423353006859,154,0.0061413303557186156,56,0.002233211038443133,238,0.009491146913383314,175,0.00697878449513479,0.0041473919285372465,0.019022172595310256,-0.01487478066677301,0.023169564523847504,1400,25076,success
S2020-003,0000874761,AES,AES Corporation,0000874761-21-000015,2020,2021-02-25,1.0.3,0.3.0,526,1663,-0.5194152581087255,1515,0.016046349058402357,561,0.005941915393903446,258,0.0027326455822229753,1298,0.013747961107462877,886,0.009384201495540916,0.00557120765988095,0.017613913190840342,-0.012042705530959392,0.023185120850721292,5726,94414,success
S2020-004,0000732717,T,AT&T,0000732717-21-000012,2020,2021-02-25,1.0.3,0.3.0,288,675,-0.40186915887850466,629,0.011903635434605703,263,0.00497719573815787,135,0.0025548343142635455,507,0.009594822202456426,401,0.007588804148293938,0.00545031320376223,0.012774171571317727,-0.007323858367555496,0.018224484775079958,2494,52841,success
S2020-005,0001551152,ABBV,AbbVie,0001551152-21-000008,2020,2021-02-19,1.0.3,0.3.0,352,907,-0.44082605242255757,824,0.01801250382547108,351,0.007672801993616928,136,0.002972937524592314,676,0.014777248284002974,350,0.0076509421588772785,0.007694661828356578,0.01982687010886198,-0.012132208280505399,0.027521531937218555,3016,45746,success
S2020-006,0000001800,ABT,Abbott Laboratories,0001104659-21-025751,2020,2021-02-19,1.0.3,0.3.0,169,558,-0.5350756533700137,571,0.01634510791778783,185,0.005295700463731608,85,0.0024331596725253334,373,0.010677277151199404,293,0.008387244518234385,0.004837693937138604,0.01597297761493101,-0.011135283677792408,0.02081067155206962,1907,34934,success
S2020-007,0001467373,ACN,Accenture,0001467373-20-000376,2020,2020-10-22,1.0.3,0.3.0,360,828,-0.3939393939393939,795,0.02161559585633106,444,0.012072106365045271,73,0.001984828298757443,528,0.014356018380053836,294,0.007993692052529977,0.009788194350036706,0.02251284700508442,-0.012724652655047717,0.03230104135512113,2755,36779,success
S2020-008,0000796343,ADBE,Adobe Inc.,0000796343-21-000004,2020,2021-01-15,1.0.3,0.3.0,623,984,-0.22464219041692596,886,0.016099138714249374,439,0.007976887015299633,101,0.0018352291310826034,490,0.008903586873569066,356,0.006468728422429771,0.011320274739252099,0.017879856088963187,-0.0065595813497110874,0.029200130828215286,3264,55034,success
S2020-009,0000002488,AMD,Advanced Micro Devices,0001628280-21-001185,2020,2021-01-29,1.0.3,0.3.0,367,1202,-0.5321861057998726,894,0.019151670951156812,524,0.011225364181662383,148,0.003170522707797772,488,0.010454155955441302,362,0.007754927163667524,0.00786203941730934,0.025749785775492716,-0.017887746358183375,0.03361182519280206,3219,46680,success
S2020-010,0000004977,AFL,Aflac,0000004977-21-000047,2020,2021-02-23,1.0.3,0.3.0,396,1272,-0.5251798561151079,1253,0.01692739996217341,405,0.005471346356488611,187,0.002526275972008322,629,0.008497473724027992,467,0.006308935181432547,0.005349760881899976,0.017184080408527196,-0.011834319526627219,0.02253384129042717,3945,74022,success
S2020-011,0001090872,A,Agilent Technologies,0001090872-20-000020,2020,2020-12-18,1.0.3,0.3.0,351,928,-0.4511336982017201,910,0.016063548102383054,426,0.007519858781994704,120,0.002118270079435128,568,0.010026478375992938,474,0.008367166813768756,0.006195939982347749,0.01638128861429832,-0.010185348631950574,0.022577228596646074,3178,56650,success
S2020-012,0000002969,APD,Air Products,0000002969-20-000049,2020,2020-11-19,1.0.3,0.3.0,205,784,-0.5854398382204247,815,0.01727243827487549,288,0.006103634629649253,66,0.0013987496026279537,569,0.012058917028716754,395,0.008371304439970329,0.004344601038465614,0.0166154498251563,-0.012270848786690686,0.020960050863621914,2679,47185,success
S2020-013,0001086222,AKAM,Akamai Technologies,0001086222-21-000075,2020,2021-02-26,1.0.3,0.3.0,317,726,-0.39213806327900286,692,0.016545524100994646,332,0.007938026013771997,89,0.00212796480489671,409,0.009779074215761286,313,0.007483741392501912,0.00757938026013772,0.017358454475899007,-0.009779074215761286,0.024937834736036724,2441,41824,success
S2020-014,0000766421,ALK,Alaska Air Group,0000766421-21-000018,2020,2021-02-26,1.0.3,0.3.0,253,679,-0.4570815450643777,634,0.015277844715407971,252,0.006072581811171623,148,0.003566436936719842,338,0.008144970841968288,331,0.007976288013880187,0.006096679358041352,0.01636223432454576,-0.01026555496650441,0.022458913682587112,2230,41498,success
S2020-015,0000915913,ALB,Albemarle Corporation,0000915913-21-000018,2020,2021-02-19,1.0.3,0.3.0,336,1044,-0.5130434782608696,1088,0.01821560715900149,493,0.00825394699392255,135,0.0022602086088834568,625,0.01046392874483082,503,0.008421369853839844,0.005625408093221048,0.0174789465753654,-0.011853538482144352,0.023104354668586447,3555,59729,success
S2020-016,0001035443,ARE,Alexandria Real Estate Equities,0001035443-21-000044,2020,2021-02-01,1.0.3,0.3.0,701,1891,-0.4591049382716049,1672,0.017624674544362107,982,0.010351333972825113,218,0.0022979539776740066,627,0.00660925295413579,794,0.008369612193913585,0.007389292377749902,0.019933169595328197,-0.012543877217578294,0.0273224619730781,5632,94867,success
S2020-017,0001097149,ALGN,Align Technology,0001097149-21-000007,2020,2021-02-26,1.0.3,0.3.0,379,1252,-0.5352544451256898,1099,0.02087131570951079,538,0.010217259191735035,112,0.002127013065937405,602,0.011432695229413552,441,0.008375113947128532,0.0071976602856274685,0.023776967487085993,-0.016579307201458525,0.03097462777271346,3606,52656,success
S2020-018,0001579241,ALLE,Allegion,0001579241-21-000020,2020,2021-02-16,1.0.3,0.3.0,249,856,-0.5493212669683258,768,0.018606454113770713,314,0.007607326291307297,100,0.0024227153793972282,367,0.008891365442387828,367,0.008891365442387828,0.006032561294699099,0.020738443647640274,-0.014705882352941176,0.026771004942339374,2508,41276,success
S2020-019,0000352541,LNT,Alliant Energy,0000352541-21-000022,2020,2021-02-19,1.0.3,0.3.0,142,558,-0.5942857142857143,646,0.013620071684587814,288,0.0060721062618595825,92,0.0019397006114273666,655,0.013809825005270926,434,0.009150326797385621,0.002993885726333544,0.011764705882352941,-0.008770820156019397,0.014758591608686485,2459,47430,success
S2020-020,0000899051,ALL,Allstate,0000899051-21-000011,2020,2021-02-22,1.0.3,0.3.0,618,3454,-0.6964636542239686,2169,0.01866127505807451,657,0.005652585391035017,245,0.002107889529381399,2412,0.02075195732599157,792,0.006814075539877828,0.005317043792480426,0.02971694054891164,-0.024399896756431214,0.035033984341392065,8837,116230,success
S2020-021,0001652044,GOOGL|GOOG,Alphabet Inc. (Class A)|Alphabet Inc. (Class C),0001652044-21-000010,2020,2021-02-03,1.0.3,0.3.0,289,1017,-0.557427258805513,842,0.01969544572056794,460,0.010759982222638067,104,0.0024326916329442585,499,0.011672241584992164,286,0.006689901990596711,0.006760075787700872,0.02378891721831068,-0.01702884143060981,0.030548993006011556,2846,42751,success
S2020-022,0000764180,MO,Altria,0000764180-21-000037,2020,2021-02-26,1.0.3,0.3.0,233,1832,-0.7743341404358354,991,0.01504592727548774,365,0.00554163819934715,131,0.001988916723601306,1394,0.02116450315038336,608,0.009231002808775526,0.0035375389053366735,0.02781446898959994,-0.024276930084263265,0.03135200789493661,4548,65865,success
S2020-023,0001018724,AMZN,Amazon,0001018724-21-000004,2020,2021-02-03,1.0.3,0.3.0,175,623,-0.5614035087719298,527,0.017494356659142212,224,0.007435931483202762,45,0.0014938255211791262,319,0.010589563139025362,256,0.008498207409374585,0.005809321471252158,0.020681184437657683,-0.014871862966405525,0.02649050590890984,1824,30124,success
S2020-024,0001748790,AMCR,Amcor,0001748790-20-000025,2020,2020-08-27,1.0.3,0.3.0,172,908,-0.6814814814814815,802,0.019375256685913077,317,0.007658299712511777,96,0.0023192327205082985,399,0.009639310994612616,350,0.008455535960186505,0.004155291957577368,0.02193607614814099,-0.01778078419056362,0.026091368105718358,2532,41393,success
S2020-025,0001002910,AEE,Ameren,0001002910-21-000065,2020,2021-02-22,1.0.3,0.3.0,224,986,-0.6297520661157024,922,0.012046146409020238,408,0.005330615764512209,185,0.0024170684226342124,1116,0.014580801944106925,665,0.008688381086766223,0.0029266125765949383,0.012882321430904507,-0.009955708854309568,0.015808934007499446,3949,76539,success
S2020-026,0000006201,AAL,American Airlines Group,0000006201-21-000014,2020,2021-02-17,1.0.3,0.3.0,347,1656,-0.6535197204193709,1471,0.014671853181727508,667,0.006652702972272093,377,0.0037602234191103133,874,0.00871733492918412,1130,0.011270696189906244,0.0034610013963694394,0.01651705565529623,-0.01305605425892679,0.01997805705166567,5554,100260,success
S2020-027,0000004904,AEP,American Electric Power,0000004904-21-000010,2020,2021-02-25,1.0.3,0.3.0,357,1546,-0.6248029427220179,1461,0.012581161841448082,501,0.004314279317293285,224,0.0019289392556361194,1838,0.015827635499371374,891,0.007672700342731171,0.0030742469386700654,0.013313125398274289,-0.010238878459604223,0.016387372336944355,5976,116126,success
S2020-028,0000004962,AXP,American Express,0000004962-21-000013,2020,2021-02-12,1.0.3,0.3.0,347,1614,-0.6460989291177971,1341,0.01942295993742939,524,0.007589583152284117,130,0.00188291185075751,831,0.012036151907534544,633,0.009168332319457722,0.0050259262477912,0.023377074824020162,-0.01835114857622896,0.02840300107181136,4672,69042,success
S2020-029,0000005272,AIG,American International Group,0001104659-21-025742,2020,2021-02-19,1.0.3,0.3.0,975,4650,-0.6533333333333333,3667,0.022259182595710844,1042,0.006325079974019825,332,0.0020152845982481593,2230,0.013536399560522274,1159,0.007035285690872339,0.005918380973770949,0.028226124644138376,-0.022307743670367426,0.034144505617909326,12307,164741,success
S2020-030,0001053507,AMT,American Tower,0001053507-21-000026,2020,2021-02-25,1.0.3,0.3.0,246,792,-0.5260115606936416,960,0.0157029524822115,451,0.00737711621820561,149,0.0024372290831765763,416,0.00680461274229165,618,0.010108775660423652,0.004023881573566697,0.012954935797824486,-0.00893105422425779,0.016978817371391182,3025,61135,success
S2020-031,0001410636,AWK,American Water Works,0001410636-21-000101,2020,2021-02-24,1.0.3,0.3.0,388,1435,-0.5743280307185957,1119,0.016188533483789767,531,0.0076819582483399155,161,0.0023291813144684114,1310,0.018951723738842352,630,0.009114187752267697,0.00561318229822201,0.020760094324609752,-0.015146912026387743,0.026373276622831763,4841,69123,success
S2020-032,0000820027,AMP,Ameriprise Financial,0000820027-21-000012,2020,2021-02-24,1.0.3,0.3.0,413,1429,-0.5515743756786102,1793,0.020331333839821292,504,0.005714998469196838,207,0.002347231514134416,1081,0.01225776457381306,628,0.007121069521142093,0.004683123745591854,0.016203834945401355,-0.0115207111998095,0.020886958690993208,5233,88189,success
S2020-033,0001140859,ABC,AmerisourceBergen,0001140859-20-000050,2020,2020-11-19,1.0.3,0.3.0,207,1174,-0.7002172338884866,850,0.018070496194566094,377,0.008014796547472256,79,0.0016794931757302606,911,0.01936732003911731,370,0.007865980696458183,0.004400697308559037,0.024958544155788936,-0.0205578468472299,0.029359241464347974,3192,47038,success
S2020-034,0001037868,AME,Ametek,0001037868-21-000007,2020,2021-02-18,1.0.3,0.3.0,202,453,-0.383206106870229,494,0.016354908127793413,206,0.006820062903492799,70,0.002317497103128621,292,0.009667273630193677,276,0.00913756000662142,0.006687634497599735,0.014997516967389504,-0.00830988246978977,0.02168515146498924,1677,30205,success
S2020-035,0000318154,AMGN,Amgen,0000318154-21-000010,2020,2021-02-09,1.0.3,0.3.0,456,1656,-0.5681818181818182,1131,0.015518022035316877,616,0.00845190236406295,138,0.001893445659481635,1377,0.018893294732653707,550,0.007546341396484777,0.006256603048721924,0.02272134791377962,-0.016464744865057696,0.028977950962501543,4940,72883,success
S2020-036,0000820313,APH,Amphenol,0001558370-21-000881,2020,2021-02-10,1.0.3,0.3.0,177,645,-0.5693430656934306,962,0.01713207009545519,346,0.0061618464168685,112,0.0019945861233793987,536,0.009545519304744265,399,0.007105713064539108,0.003152158427126371,0.011486679014104573,-0.008334520586978202,0.014638837441230944,2681,56152,success
S2020-037,0000006281,ADI,Analog Devices,0000006281-20-000156,2020,2020-11-24,1.0.3,0.3.0,291,859,-0.49391304347826087,833,0.017624034697979477,429,0.009076483655982228,145,0.0030678091611128742,401,0.008484079128319052,450,0.00952078705172961,0.006156775626785148,0.018174124616523856,-0.012017348989738707,0.024330900243309004,2801,47265,success
S2020-038,0001156039,ANTM,Anthem,0001156039-21-000012,2020,2021-02-18,1.0.3,0.3.0,498,1511,-0.5042309606769537,1211,0.016003488786985768,475,0.00627717355393744,163,0.002154061661666953,1264,0.016703889204582996,727,0.009607379313078987,0.0065811209049702,0.019968019452630464,-0.013386898547660266,0.026549140357600667,4832,75671,success
S2020-039,0000315293,AON,Aon plc,0001628280-21-002574,2020,2021-02-19,1.0.3,0.3.0,314,1171,-0.5771043771043771,1083,0.021236543326078005,508,0.009961370276682943,108,0.0021177716336255076,702,0.013765515618565798,437,0.008569131517540247,0.0061572249348000865,0.02296213502755064,-0.016804910092750553,0.029119359962350728,3584,50997,success
S2020-040,0000320193,AAPL,Apple Inc.,0000320193-20-000096,2020,2020-10-30,1.0.3,0.3.0,108,612,-0.7,552,0.019511505425753774,284,0.01003852815382984,57,0.0020147750167897917,248,0.008766038669541551,253,0.008942773320137145,0.0038174684528648685,0.021632321232900924,-0.017814852780036052,0.025449789685765792,1723,28291,success
S2020-041,0000006951,AMAT,Applied Materials,0000006951-20-000048,2020,2020-12-11,1.0.3,0.3.0,227,658,-0.48700564971751414,679,0.01764323762504872,310,0.00805508639729765,84,0.0021826685721709756,280,0.007275561907236586,394,0.010237754969468623,0.005898401974795375,0.017097570482005976,-0.011199168507210602,0.02299597245680135,2159,38485,success
S2020-042,0001521332,APTV,Aptiv,0001521332-21-000009,2020,2021-02-08,1.0.3,0.3.0,479,1056,-0.3758957654723127,1201,0.01905744208187877,437,0.006934306569343066,182,0.0028879720723579815,541,0.008584576324976199,498,0.007902253252935577,0.007600761662964139,0.016756585211044114,-0.009155823548079974,0.02435734687400825,3726,63020,success
S2020-043,0000007084,ADM,Archer Daniels Midland,0000007084-21-000008,2020,2021-02-18,1.0.3,0.3.0,336,661,-0.3259779338014042,540,0.012323983841887851,172,0.003925417075564278,55,0.0012552205764885774,392,0.008946299381518589,308,0.007029235228336034,0.007668256612730219,0.015085469110162722,-0.0074172124974325035,0.022753725722892942,2118,43817,success
S2020-044,0001596532,ANET,Arista Networks,0001596532-21-000049,2020,2021-02-19,1.0.3,0.3.0,363,1476,-0.6052202283849919,1319,0.024576571204978664,803,0.014962082393933183,133,0.002478153123777227,571,0.01063928897501351,483,0.008999608712664666,0.006763681082188973,0.02750190985485103,-0.020738228772662057,0.03426559093704001,4102,53669,success
S2020-045,0000354190,AJG,Arthur J. Gallagher & Co.,0001564590-21-004555,2020,2021-02-08,1.0.3,0.3.0,187,964,-0.6750651607298002,1122,0.02105618736628758,415,0.00778816199376947,129,0.0024208985474608717,648,0.012160792703524378,475,0.008914161318169876,0.00350936456104793,0.01809105581203318,-0.014581691250985249,0.02160042037308111,3318,53286,success
S2020-046,0001267238,AIZ,Assurant,0001267238-21-000010,2020,2021-02-19,1.0.3,0.3.0,513,2104,-0.6079480320978219,1786,0.020760682568466082,705,0.008195006277026084,210,0.002441065699539685,1192,0.0138559538754824,690,0.008020644441344678,0.005963174780304087,0.02445715348491189,-0.0184939787046078,0.030420328265215978,5989,86028,success
S2020-047,0000731802,ATO,Atmos Energy,0000731802-20-000040,2020,2020-11-13,1.0.3,0.3.0,122,336,-0.4672489082969432,455,0.015111760603141918,185,0.006144342223255505,65,0.0021588229433059884,347,0.011524793251187352,240,0.007971038559899033,0.004051944601282009,0.011159453983858647,-0.0071075093825766385,0.015211398585140656,1502,30109,success
S2020-048,0000866787,AZO,AutoZone,0001558370-20-011748,2020,2020-10-26,1.0.3,0.3.0,184,620,-0.5422885572139303,604,0.014814814814814815,218,0.005347068923227864,113,0.0027716458180034338,332,0.008143242580328672,290,0.0071130733382389014,0.004513122393917096,0.015207260240372823,-0.010694137846455728,0.01972038263428992,2003,40770,success
S2020-049,0000769397,ADSK,Autodesk,0000769397-20-000013,2020,2020-03-19,1.0.3,0.3.0,328,883,-0.458298926507019,834,0.017899684501963813,388,0.008327431159187002,124,0.0026613439787092482,413,0.008863992445217093,401,0.008606443027922649,0.007039684072714786,0.018951344622582793,-0.011911660549868006,0.025991028695297576,2811,46593,success
S2020-050,0000008670,ADP,Automatic Data Processing,0000008670-20-000032,2020,2020-08-05,1.0.3,0.3.0,192,568,-0.49473684210526314,500,0.01396141066093318,209,0.005835869656270069,52,0.0014519867087370508,325,0.009074916929606568,324,0.009046994108284702,0.005361181693798341,0.01586016251082009,-0.010498980817021752,0.021221344204618433,1844,35813,success
S2020-051,0000915912,AVB,AvalonBay Communities,0000915912-21-000004,2020,2021-02-25,1.0.3,0.3.0,303,649,-0.3634453781512605,767,0.01699798329011812,406,0.008997628703765264,140,0.0031026305875052635,261,0.005784189880991955,345,0.007645768233495114,0.006714979057243534,0.014382908937792257,-0.007667929880548722,0.021097887995035793,2361,45123,success
S2020-052,0001037540,BXP,"BXP, Inc.",0001656423-21-000006,2020,2021-02-26,1.0.3,0.3.0,499,1232,-0.42345465049104564,1813,0.0212853385930309,692,0.008124354278200432,263,0.0030877242415703952,440,0.0051657743965436275,666,0.007819103972950128,0.005858457781534704,0.014464168310322156,-0.008605710528787452,0.020322626091856862,4693,85176,success
S2020-053,0001701605,BKR,Baker Hughes,0001701605-21-000026,2020,2021-02-25,1.0.3,0.3.0,256,1078,-0.616191904047976,803,0.0170654992136694,368,0.007820801632167296,103,0.002188974369872912,692,0.014706507417010243,429,0.00911718451141242,0.005440557657159859,0.022909848259446593,-0.017469290602286733,0.028350405916606453,3081,47054,success
S2020-054,0000009389,BLL,Ball Corporation,0001558370-21-001121,2020,2021-02-17,1.0.3,0.3.0,250,639,-0.437570303712036,830,0.016558933844066714,284,0.005665948447849334,134,0.002673370042295108,761,0.01518234777751177,414,0.008259516399329663,0.004987630675923709,0.012748384007661,-0.007760753331737292,0.01773601468358471,2889,50124,success
S2020-055,0000070858,BAC,Bank of America,0000070858-21-000023,2020,2021-02-24,1.0.3,0.3.0,368,2866,-0.7724180581323439,2514,0.020645309638583898,705,0.0057895558055694706,162,0.0013303660148968146,1283,0.010536170352546994,1038,0.008524197058412923,0.0030220660091483196,0.02353598147342142,-0.020513915464273103,0.026558047482569742,7788,121771,success
S2020-056,0001390777,BK,Bank of New York Mellon,0001390777-21-000037,2020,2021-02-25,1.0.3,0.3.0,11,106,-0.811965811965812,106,0.01875110560764196,55,0.009729347249248187,3,0.0005306916681408102,74,0.013090394480806651,41,0.007252786131257739,0.0019458694498496374,0.01875110560764196,-0.016805236157792322,0.020696975057491598,334,5653,success
S2020-057,0000010456,BAX,Baxter International,0001628280-21-001867,2020,2021-02-11,1.0.3,0.3.0,303,1015,-0.5402124430955993,844,0.01706947112953787,358,0.007240368085751845,87,0.0017595307917888563,587,0.01187177672160987,329,0.006653857821822227,0.006128021033471534,0.020527859237536656,-0.014399838204065122,0.02665588027100819,2969,49445,success
S2020-058,0000010795,BDX,Becton Dickinson,0000010795-20-000055,2020,2020-11-25,1.0.3,0.3.0,258,844,-0.5317604355716878,666,0.015586239176222795,288,0.006739995319447695,87,0.0020360402527498244,628,0.014696934238240112,328,0.007676105780482097,0.006037912473671894,0.019751930727825884,-0.013714018254153991,0.025789843201497777,2568,42730,success
S2020-059,0001067983,BRK-B,Berkshire Hathaway,0001564590-21-009611,2020,2021-03-01,1.0.3,0.3.0,255,1246,-0.6602265156562291,815,0.015142506781613467,227,0.004217606183345101,75,0.0013934822191668834,778,0.014455055553491138,294,0.005462450299134183,0.004737839545167404,0.02315038460109249,-0.018412545055925086,0.027888224146259893,3225,53822,success
S2020-060,0000764478,BBY,Best Buy,0000764478-20-000017,2020,2020-03-23,1.0.3,0.3.0,318,582,-0.29333333333333333,576,0.01604456824512535,273,0.0076044568245125345,171,0.004763231197771588,245,0.006824512534818941,272,0.007576601671309192,0.008857938718662953,0.016211699164345405,-0.007353760445682451,0.025069637883008356,1941,35900,success
S2020-061,0000012208,BIO,Bio-Rad Laboratories,0000012208-21-000012,2020,2021-02-16,1.0.3,0.3.0,145,733,-0.6697038724373576,673,0.01889494076028974,304,0.008535010388006064,96,0.0026952664383177046,382,0.010724914369139199,337,0.009461508226177775,0.0040709753495423665,0.020579482284238306,-0.01650850693469594,0.024650457633780674,2243,35618,success
S2020-062,0000875045,BIIB,Biogen,0000875045-21-000010,2020,2021-02-03,1.0.3,0.3.0,719,1289,-0.28386454183266935,1450,0.01776677735164741,654,0.008013429233087866,206,0.002524107678923701,829,0.010157695465183242,622,0.007621334836361854,0.008809870976437578,0.015794052418119663,-0.006984181441682085,0.02460392339455724,4819,81613,success
S2020-063,0000012927,BA,Boeing,0000012927-21-000011,2020,2021-02-01,1.0.3,0.3.0,305,1162,-0.5841854124062713,882,0.015999709755832092,358,0.006494213256902369,177,0.003210826107462903,647,0.011736748539709031,478,0.008671044516199253,0.005532779450712912,0.02107898269419149,-0.015546203243478576,0.0266117621449044,3471,55126,success
S2020-064,0001075531,BKNG,Booking Holdings,0001075531-21-000019,2020,2021-02-24,1.0.3,0.3.0,522,1711,-0.5324675324675324,1430,0.018750409755457942,742,0.009729233593391465,187,0.0024519766603291154,751,0.009847243165278961,683,0.008955615288795647,0.006844555169474857,0.0224349308332787,-0.015590375663803842,0.029279486002753558,4934,76265,success
S2020-065,0000908255,BWA,BorgWarner,0000908255-21-000008,2020,2021-02-22,1.0.3,0.3.0,245,792,-0.5274831243972999,857,0.01957559560519884,294,0.006715548550674981,113,0.0025811462116539893,364,0.008314488681788072,295,0.006738390552548025,0.0055962904588958175,0.01809086548345097,-0.012494575024555152,0.02368715594234679,2506,43779,success
S2020-066,0000885725,BSX,Boston Scientific,0000885725-21-000008,2020,2021-02-23,1.0.3,0.3.0,483,1519,-0.5174825174825175,1173,0.01698941239517402,446,0.006459742479324479,142,0.0020566893095607087,896,0.012977419868777429,550,0.007966050142664716,0.006995640398012833,0.022000782121286734,-0.015005141723273902,0.028996422519299566,4398,69043,success
S2020-067,0000014272,BMY,Bristol Myers Squibb,0000014272-21-000066,2020,2021-02-10,1.0.3,0.3.0,560,1432,-0.43775100401606426,1027,0.016830823186220686,445,0.007292810436093675,128,0.0020977072715055965,1054,0.017273308313803897,427,0.006997820351038201,0.009177469312836984,0.02346810009996886,-0.014290630787131877,0.032645569412805844,4272,61019,success
S2020-068,0001730168,AVGO,Broadcom,0001730168-20-000226,2020,2020-12-18,1.0.3,0.3.0,292,1216,-0.6127320954907162,1155,0.02023794922114559,611,0.010705962748155806,104,0.0018222915316009882,612,0.010723484782113508,471,0.008252877994077553,0.005116433915648928,0.0213067932925654,-0.01619035937691647,0.026423227208214328,3656,57071,success
S2020-069,0001383312,BR,Broadridge Financial Solutions,0001383312-20-000055,2020,2020-08-11,1.0.3,0.3.0,295,613,-0.3502202643171806,681,0.014338351405411096,299,0.006295399515738499,99,0.0020844299399936836,543,0.011432782398147174,329,0.006927044952100221,0.006211180124223602,0.012906621749657858,-0.006695441625434256,0.01911780187388146,2432,47495,success
S2020-070,0000014693,BF-B,Brown–Forman,0000014693-20-000066,2020,2020-06-19,1.0.3,0.3.0,207,576,-0.47126436781609193,602,0.020292590844738084,267,0.009000202251735994,61,0.0020562259826063505,196,0.0066068900424728644,249,0.008393447043753792,0.006977684891795321,0.01941616665543046,-0.012438481763635137,0.02639385154722578,1792,29666,success
S2020-071,0001043277,CHRW,C.H. Robinson,0001043277-21-000009,2020,2021-02-19,1.0.3,0.3.0,184,419,-0.38971807628524047,481,0.01575086777130133,213,0.006974916497478552,55,0.001801034776344227,324,0.010609732137009628,223,0.007302377365904774,0.006025279979042505,0.013720610387058747,-0.007695330408016242,0.019745890366101252,1592,30538,success
S2020-072,0001138118,CBRE,CBRE Group,0001138118-21-000012,2020,2021-02-24,1.0.3,0.3.0,273,970,-0.5607401448109413,965,0.01682709074422822,417,0.007271395689474785,116,0.0020227383692543767,501,0.008736137267210713,459,0.00800376647834275,0.004760410127641766,0.016914277742902977,-0.012153867615261212,0.021674687870544745,3101,57348,success
S2020-073,0001402057,CDW,CDW Corporation,0001402057-21-000022,2020,2021-02-26,1.0.3,0.3.0,198,523,-0.4507628294036061,597,0.01672737461473802,282,0.007901372933594844,78,0.0021854861305687866,264,0.007397029980386663,291,0.008153544410198936,0.005547772485289997,0.014653964695993275,-0.009106192210703279,0.020201737181283274,1834,35690,success
S2020-074,0001324404,CF,CF Industries,0001324404-21-000008,2020,2021-02-24,1.0.3,0.3.0,256,970,-0.5823817292006526,865,0.014354463989379356,416,0.006903418519747759,104,0.0017258546299369398,584,0.009691337537338201,488,0.00809824095585795,0.004248257550614006,0.016096913375373383,-0.011848655824759377,0.020345170925987387,3090,60260,success
S2020-075,0001156375,CME,CME Group,0001156375-21-000020,2020,2021-02-26,1.0.3,0.3.0,312,827,-0.45215100965759436,867,0.019461716312375137,373,0.008372802980987228,106,0.0023794024557229117,563,0.012637769646905654,402,0.00902377157736425,0.0070035242092976275,0.018563828593234417,-0.011560304383936789,0.025567352802532042,2919,44549,success
S2020-076,0000811156,CMS,CMS Energy,0000811156-21-000016,2020,2021-02-11,1.0.3,0.3.0,244,879,-0.5654496883348175,831,0.012169048734770383,373,0.005462160262417994,161,0.0023576616682286786,986,0.014438847235238987,613,0.008976686972820993,0.0035731021555763824,0.012871954076850984,-0.009298851921274602,0.016445056232427365,3577,68288,success
S2020-077,0000277948,CSX,CSX Corporation,0000277948-21-000014,2020,2021-02-10,1.0.3,0.3.0,128,463,-0.5668358714043993,405,0.012659810571723298,184,0.005751617642461943,55,0.0017192335344315588,309,0.00965896658435185,233,0.007283298427682786,0.004001125316495264,0.014472820480760214,-0.01047169516426495,0.01847394579725548,1492,31991,success
S2020-078,0000064803,CVS,CVS Health,0000064803-21-000011,2020,2021-02-16,1.0.3,0.3.0,538,2263,-0.6158514816137094,1641,0.01660679046703436,721,0.0072964630875879165,186,0.0018823053180185194,1576,0.015948995597834338,897,0.00907756919496028,0.005444517532763244,0.02290138136922532,-0.017456863836462076,0.028345898901988565,6551,98815,success
S2020-079,0000858470,COG,Cabot Oil & Gas,0000858470-21-000013,2020,2021-02-26,1.0.3,0.3.0,186,925,-0.6651665166516652,954,0.020046649435793987,436,0.009161781083863918,105,0.002206392233499338,590,0.012397823026329614,504,0.010590682720796822,0.003908466242198827,0.019437264914160837,-0.015528798671962009,0.023345731156359663,3108,47589,success
S2020-080,0000016732,CPB,Campbell's,0000016732-20-000111,2020,2020-09-24,1.0.3,0.3.0,202,784,-0.59026369168357,703,0.017525053597247844,241,0.006007877548985392,79,0.0019693872463479086,360,0.008974422894749963,352,0.00877499127486663,0.005035648402054145,0.019544298748566585,-0.01450865034651244,0.024579947150620732,2293,40114,success
S2020-081,0000927628,COF,Capital One,0000927628-21-000094,2020,2021-02-25,1.0.3,0.3.0,341,1974,-0.7053995680345573,1586,0.018506201794611498,561,0.006546014632268001,161,0.001878624520133954,845,0.009859861611883175,698,0.008144595745673913,0.003978950070594275,0.023033570203381523,-0.019054620132787248,0.0270125202739758,5384,85701,success
S2020-082,0001170010,KMX,CarMax,0001170010-20-000033,2020,2020-04-21,1.0.3,0.3.0,172,672,-0.5924170616113744,574,0.01593072631900308,261,0.007243762315783631,68,0.001887263745108379,264,0.007327023951597236,242,0.006716438622297466,0.004773667119980017,0.018650606422247508,-0.013876939302267492,0.023424273542227526,1897,36031,success
S2020-083,0000721371,CAH,Cardinal Health,0000721371-20-000089,2020,2020-08-13,1.0.3,0.3.0,206,1325,-0.7308948399738733,898,0.018678370114607816,341,0.007092788651538158,83,0.0017263972377644197,866,0.018012771179566112,419,0.00871518605570231,0.004284793144330969,0.027559955904070555,-0.023275162759739586,0.031844749048401524,3395,48077,success
S2020-084,0000815097,CCL,Carnival Corporation,0000815097-21-000027,2020,2021-01-26,1.0.3,0.3.0,317,856,-0.4595055413469736,684,0.013731355268704956,282,0.0056611727862204645,134,0.0026900608274948307,521,0.01045911709794632,600,0.012045048481320137,0.0063638006142974725,0.017184269166683395,-0.010820468552385923,0.023548069780980868,2889,49813,success
S2020-085,0001783180,CARR,Carrier Global,0001783180-21-000011,2020,2021-02-09,1.0.3,0.3.0,265,1067,-0.6021021021021021,988,0.018982842430879783,439,0.008434684035583223,106,0.002036620746632851,682,0.013103541030222684,506,0.009721982054681345,0.005091551866582128,0.02050070128921936,-0.015409149422637231,0.02559225315580149,3334,52047,success
S2020-086,0000018230,CAT,Caterpillar Inc.,0000018230-21-000063,2020,2021-02-17,1.0.3,0.3.0,186,852,-0.6416184971098265,781,0.016422053072038353,305,0.006413221750283864,65,0.0013667521762900038,406,0.008536944362672947,357,0.007506623491315867,0.003911013919845241,0.017914966987678204,-0.014003953067832961,0.021825980907523444,2511,47558,success
S2020-087,0001374310,CBOE,Cboe Global Markets,0001558370-21-001286,2020,2021-02-19,1.0.3,0.3.0,333,1366,-0.6080047086521483,1183,0.016008119079837617,590,0.007983761840324764,163,0.002205683355886333,980,0.013261163734776725,707,0.009566982408660352,0.004506089309878214,0.01848443843031123,-0.013978349120433017,0.022990527740189445,4415,73900,success
S2020-088,0001306830,CE,Celanese,0001306830-21-000020,2020,2021-02-11,1.0.3,0.3.0,247,780,-0.5189873417721519,763,0.017491976157725814,326,0.007473635946813388,83,0.001902796882164145,484,0.011095827602017423,378,0.008665749656121045,0.005662540119211371,0.017881705639614855,-0.012219165520403485,0.023544245758826226,2613,43620,success
S2020-089,0001071739,CNC,Centene Corporation,0001071739-21-000039,2020,2021-02-22,1.0.3,0.3.0,391,1290,-0.5348007138607972,1009,0.017509761388286332,496,0.008607375271149674,134,0.0023253796095444685,970,0.01683297180043384,487,0.00845119305856833,0.006785249457700651,0.022386117136659434,-0.015600867678958786,0.029171366594360086,3944,57625,success
S2020-090,0001130310,CNP,CenterPoint Energy,0001130310-21-000009,2020,2021-02-25,1.0.3,0.3.0,548,1616,-0.49353049907578556,1444,0.015463365530830353,706,0.007560343535156669,247,0.002645049367115718,1282,0.013728555824462958,866,0.00927373583774175,0.0058683686363539015,0.017305262256109316,-0.011436893619755414,0.023173630892463215,5687,93382,success
S2020-091,0000316709,SCHW,Charles Schwab Corporation,0000316709-21-000012,2020,2021-02-24,1.0.3,0.3.0,249,887,-0.5616197183098591,864,0.014824982841455045,306,0.005250514756348662,120,0.002059025394646534,490,0.008407687028140013,546,0.00936856554564173,0.004272477693891558,0.015219629375428964,-0.010947151681537405,0.019492107069320523,2988,58280,success
S2020-092,0001091667,CHTR,Charter Communications,0001091667-21-000022,2020,2021-01-29,1.0.3,0.3.0,234,633,-0.4602076124567474,610,0.012390566919217565,291,0.005910909792610347,109,0.0022140521216306797,454,0.009221831772663565,477,0.009689017082732424,0.004753102719831001,0.012857752229286425,-0.008104649509455424,0.017610854949117426,2388,49231,success
S2020-093,0000093410,CVX,Chevron Corporation,0000093410-21-000009,2020,2021-02-25,1.0.3,0.3.0,217,658,-0.504,643,0.014416070667892295,225,0.005044503732932763,43,0.0009640607134049279,401,0.008990426652915723,387,0.008676546420644351,0.004865143600206264,0.014752370916754479,-0.009887227316548215,0.019617514516960744,2170,44603,success
S2020-094,0001058090,CMG,Chipotle Mexican Grill,0001058090-21-000010,2020,2021-02-10,1.0.3,0.3.0,186,720,-0.5894039735099338,502,0.017812788304591584,276,0.009793485203321269,59,0.0020935348804201263,306,0.010857994464551842,249,0.008835426868213753,0.006599957419629551,0.025548222269533745,-0.018948264849904195,0.032148179689163295,1863,28182,success
S2020-095,0000896159,CB,Chubb Limited,0000896159-21-000003,2020,2021-02-25,1.0.3,0.3.0,444,2486,-0.6969283276450512,1601,0.01935585269724593,496,0.005996566482094929,173,0.002091544357666175,1071,0.012948231254684818,601,0.007266000918828735,0.005367894189617235,0.030055371521145152,-0.024687477331527916,0.03542326571076239,6031,82714,success
S2020-096,0000313927,CHD,Church & Dwight,0001564590-21-006669,2020,2021-02-18,1.0.3,0.3.0,204,810,-0.5976331360946746,772,0.018198533745079088,371,0.008745668418943447,79,0.0018622851889394405,380,0.008957827491101106,313,0.007378421065038542,0.004808938968906909,0.0190943164941892,-0.01428537752528229,0.02390325546309611,2419,42421,success
S2020-097,0001739940,CI,Cigna,0001739940-21-000007,2020,2021-02-25,1.0.3,0.3.0,503,1461,-0.48778004073319753,1167,0.01600932848617875,480,0.006584813773235476,140,0.0019205706838603472,1281,0.017573221757322177,581,0.00797036833802044,0.006900336099869676,0.02004252692228548,-0.013142190822415804,0.026942863022155154,4757,72895,success
S2020-098,0000020286,CINF,Cincinnati Financial,0000020286-21-000013,2020,2021-02-25,1.0.3,0.3.0,593,2255,-0.5835674157303371,1276,0.019151682526341068,395,0.005928616456038183,112,0.0016810254255095608,806,0.012097379401434875,383,0.005748506589019302,0.008900429261849729,0.033845645843964815,-0.02494521658211509,0.042746075105814546,4980,66626,success
S2020-099,0000723254,CTAS,Cintas,0000723254-20-000025,2020,2020-07-29,1.0.3,0.3.0,99,530,-0.685214626391097,554,0.018878855000851933,318,0.0108365990799114,66,0.002249105469415573,292,0.009950587834384052,283,0.009643891634009201,0.00337365820412336,0.018060998466519,-0.014687340262395638,0.021434656670642357,1679,29345,success
S2020-100,0000858877,CSCO,Cisco,0000858877-20-000010,2020,2020-09-03,1.0.3,0.3.0,326,1125,-0.5506547208821503,1005,0.020560556464811783,469,0.0095949263502455,127,0.0025981996726677577,510,0.010433715220949264,402,0.008224222585924713,0.0066693944353518825,0.02301554828150573,-0.016346153846153847,0.02968494271685761,3254,48880,success
S2020-101,0000831001,C,Citigroup,0000831001-21-000042,2020,2021-02-26,1.0.3,0.3.0,532,3856,-0.7575205104831358,3178,0.0191008534679649,776,0.004664022118043034,344,0.002067556196658252,2511,0.015091958168049044,1160,0.006971991825940618,0.003197499699483111,0.02317586248347157,-0.01997836278398846,0.026373362182954684,10661,166380,success
S2020-102,0000759944,CFG,Citizens Financial Group,0000759944-21-000034,2020,2021-02-23,1.0.3,0.3.0,341,1237,-0.5678073510773131,1326,0.019363317757009346,456,0.006658878504672897,112,0.0016355140186915889,743,0.010849883177570093,624,0.00911214953271028,0.004979556074766355,0.018063668224299067,-0.013084112149532711,0.02304322429906542,4196,68480,success
S2020-103,0000021076,CLX,Clorox,0000021076-20-000016,2020,2020-08-13,1.0.3,0.3.0,147,601,-0.606951871657754,519,0.02621609334747689,364,0.018386624235995352,33,0.0016669192301863919,222,0.011213820275799364,158,0.007981007223316664,0.0074253674799212,0.03035813507097035,-0.02293276759104915,0.03778350255089155,1580,19797,success
S2020-104,0000021344,KO,Coca-Cola Company (The),0000021344-21-000008,2020,2021-02-25,1.0.3,0.3.0,525,1399,-0.45426195426195426,1156,0.014969439552470735,515,0.006668911219310059,158,0.0020459960633999793,649,0.008404123070548017,566,0.0073293276701543566,0.006798404641044235,0.01811612970061121,-0.011317725059566974,0.024914534341655446,4159,77224,success
S2020-105,0001058290,CTSH,Cognizant,0001058290-21-000031,2020,2021-02-12,1.0.3,0.3.0,271,784,-0.48625592417061614,633,0.015821044738815297,281,0.007023244188952762,63,0.0015746063484128967,550,0.01374656335916021,294,0.007348162959260185,0.006773306673331667,0.019595101224693826,-0.01282179455136216,0.026368407898025494,2431,40010,success
S2020-106,0000021665,CL,Colgate-Palmolive,0000021665-21-000007,2020,2021-02-18,1.0.3,0.3.0,267,769,-0.48455598455598453,680,0.015580963728432968,254,0.0058199482162087845,58,0.0013289645533075178,449,0.010288018697156474,281,0.006438604128955388,0.006117819581605298,0.0176202369223014,-0.011502417340696102,0.023738056503906698,2359,43643,success
S2020-107,0001166691,CMCSA,Comcast,0001166691-21-000008,2020,2021-02-04,1.0.3,0.3.0,197,663,-0.541860465116279,586,0.011195598181192923,318,0.006075426999350426,111,0.0021206679148676015,481,0.009189560964426273,386,0.007374574911161209,0.0037637079209812386,0.012666692140155134,-0.008902984219173895,0.01643040006113637,2294,52342,success
S2020-108,0000023217,CAG,Conagra Brands,0001564590-20-033366,2020,2020-07-24,1.0.3,0.3.0,246,1024,-0.6125984251968504,1085,0.02240670755632654,579,0.011957127811164116,108,0.0022303450839477107,437,0.009024637052640274,377,0.007785556450447101,0.005080230468992008,0.02114697561076348,-0.016066745141771473,0.026227206079755486,3030,48423,success
S2020-109,0001163165,COP,ConocoPhillips,0001562762-21-000027,2020,2021-02-16,1.0.3,0.3.0,168,571,-0.5453315290933695,369,0.008718045645702405,85,0.002008221896706516,53,0.0012521854179464158,379,0.008954307045314936,359,0.008481784246089873,0.003969191513490526,0.013490525917875537,-0.009521334404385011,0.017459717431366064,1765,42326,success
S2020-110,0001047862,ED,Consolidated Edison,0001047862-21-000049,2020,2021-02-18,1.0.3,0.3.0,166,867,-0.6786060019361084,712,0.00975462728281569,274,0.003753887465577948,119,0.0016303379868750942,839,0.011494567823430286,550,0.007535175569590771,0.002274252990094669,0.011878176761518543,-0.009603923771423875,0.014152429751613212,3120,72991,success
S2020-111,0000016918,STZ,Constellation Brands,0000016918-20-000078,2020,2020-04-21,1.0.3,0.3.0,242,772,-0.5226824457593688,706,0.016279284264895777,290,0.006686958125807047,106,0.002444198487363955,305,0.007032835270245342,313,0.007217303080612433,0.005580151263604501,0.017801143700424276,-0.012220992436819775,0.023381294964028777,2308,43368,success
S2020-112,0000711404,COO,Cooper Companies (The),0000711404-20-000042,2020,2020-12-11,1.0.3,0.3.0,247,1024,-0.6113296616837136,887,0.018283382116502454,474,0.009770375561693532,177,0.0036484313806323947,722,0.014882302015912932,539,0.011110194995259101,0.005091313847549161,0.021107309230325267,-0.016015995382776108,0.026198623077874426,3415,48514,success
S2020-113,0000900075,CPRT,Copart,0000900075-20-000021,2020,2020-09-28,1.0.3,0.3.0,235,768,-0.5314057826520439,738,0.015675113102950236,390,0.008283596355217604,128,0.0027187188037637263,469,0.009961555616915528,381,0.008092436439327966,0.004991397803784966,0.01631231282258236,-0.011320915018797392,0.021303710626367326,2564,47081,success
S2020-114,0000024741,GLW,Corning Inc.,0001562762-21-000023,2020,2021-02-12,1.0.3,0.3.0,276,670,-0.4164904862579281,615,0.014203889325142039,186,0.0042958104300429584,93,0.0021479052150214792,378,0.008730195390087302,334,0.00771398217007714,0.006374428380063744,0.015474155850154742,-0.009099727470090998,0.021848584230218487,2185,43298,success
S2020-115,0001755672,CTVA,Corteva,0001755672-21-000008,2020,2021-02-11,1.0.3,0.3.0,348,1445,-0.6118237590630229,1215,0.015511298353121409,453,0.005783224818077365,138,0.0017617770968977402,947,0.012089876164943189,579,0.007391803906549215,0.004442742244350824,0.018447593514617642,-0.01400485127026682,0.022890335758968466,4318,78330,success
S2020-116,0000909832,COST,Costco,0000909832-20-000017,2020,2020-10-07,1.0.3,0.3.0,136,607,-0.6339165545087483,473,0.01799984778141411,205,0.007801202526828525,31,0.0011796940406423625,285,0.010845574244615267,160,0.006088743435573483,0.005175431920237461,0.023099170408706904,-0.017923738488469444,0.028274602328944364,1577,26278,success
S2020-117,0001051470,CCI,Crown Castle,0001051470-21-000031,2020,2021-02-22,1.0.3,0.3.0,180,643,-0.5625759416767923,777,0.017172788754807055,327,0.007227158201829996,117,0.0025858639437740354,429,0.009481501127171462,406,0.008973168898908191,0.003978252221190823,0.014211200990142775,-0.010232948768951951,0.018189453211333598,2438,45246,success
S2020-118,0000026172,CMI,Cummins,0000026172-21-000012,2020,2021-02-10,1.0.3,0.3.0,288,765,-0.452991452991453,721,0.015037437170208771,266,0.0055477923540576055,110,0.0022941998456629193,394,0.008217406719919912,315,0.00656975410348927,0.0060066323231901895,0.01595511710847394,-0.00994848478528375,0.02196174943166413,2455,47947,success
S2020-119,0000882184,DHI,D. R. Horton,0000882184-20-000143,2020,2020-11-20,1.0.3,0.3.0,192,705,-0.5719063545150501,669,0.014913062862238074,324,0.00722246990637539,72,0.0016049933125278646,460,0.010254123941150245,492,0.01096745430227374,0.004279982166740972,0.015715559518502006,-0.011435577351761034,0.01999554168524298,2395,44860,success
S2020-120,0000936340,DTE,DTE Energy,0000936340-21-000112,2020,2021-02-19,1.0.3,0.3.0,218,687,-0.518232044198895,927,0.015089855449928377,325,0.005290402396145331,152,0.0024742805052741243,784,0.01276207839562443,479,0.007797239223857273,0.003548639145722099,0.011183096757390286,-0.007634457611668186,0.014731735903112384,3103,61432,success
S2020-121,0001688568,DXC,DXC Technology,0001688568-20-000032,2020,2020-06-01,1.0.3,0.3.0,295,1283,-0.6261089987325729,947,0.018007910549935346,468,0.008899368677264775,111,0.0021107476990948506,797,0.015155548794401764,399,0.0075872822697193275,0.005609644785882711,0.02439720088233057,-0.01878755609644786,0.03000684566821328,3562,52588,success
S2020-122,0000927066,DVA,DaVita,0000927066-21-000008,2020,2021-02-12,1.0.3,0.3.0,420,1825,-0.6258351893095768,1515,0.0197969344153044,825,0.01078050884001725,161,0.002103832634233669,1176,0.015367125328315497,775,0.010127144667894992,0.005488259045826963,0.0238477922824624,-0.018359533236635434,0.029336051328289363,5552,76527,success
S2020-123,0000313616,DHR,Danaher Corporation,0000313616-21-000045,2020,2021-02-25,1.0.3,0.3.0,347,1449,-0.6135857461024499,1109,0.016874876367564937,413,0.006284331776198664,111,0.0016890092667265174,859,0.013070801442505211,593,0.009023265722241665,0.0052800559959828965,0.02204841826564616,-0.016768362269663262,0.027328474261629057,4202,65719,success
S2020-124,0000940944,DRI,Darden Restaurants,0000940944-20-000046,2020,2020-07-24,1.0.3,0.3.0,262,822,-0.5166051660516605,786,0.01925526702596766,465,0.011391474767270945,74,0.0018128368446839785,296,0.007251347378735914,362,0.008868201861832434,0.006418422341989221,0.02013718765311122,-0.013718765311121999,0.02655560999510044,2408,40820,success
S2020-125,0000315189,DE,Deere & Company,0001558370-20-014436,2020,2020-12-17,1.0.3,0.3.0,207,967,-0.6473594548551959,886,0.014465778474399164,309,0.005045062695924765,56,0.0009143155694879833,433,0.0070696185997910135,507,0.00827782131661442,0.0033797021943573666,0.015788270637408567,-0.012408568443051202,0.019167972831765936,2876,61248,success
S2020-126,0000027904,DAL,Delta Air Lines,0000027904-21-000003,2020,2021-02-12,1.0.3,0.3.0,331,937,-0.47791798107255523,847,0.01464485787398852,312,0.005394563939414897,122,0.0021094128224635176,417,0.007210042188256449,545,0.009423196624939484,0.005723079051110035,0.01620098208728128,-0.010477903036171243,0.021924061138391314,3050,57836,success
S2020-127,0000818479,XRAY,Dentsply Sirona,0000818479-21-000007,2020,2021-03-01,1.0.3,0.3.0,315,1311,-0.6125461254612546,1168,0.021891927351789027,459,0.00860307761512942,139,0.0026052892995707833,580,0.01087099132195003,544,0.010196240136449684,0.005904072873128034,0.024572189005304293,-0.01866811613217626,0.030476261878432328,3655,53353,success
S2020-128,0001090012,DVN,Devon Energy,0001564590-21-006239,2020,2021-02-17,1.0.3,0.3.0,185,726,-0.5938529088913282,607,0.01582047539616347,184,0.0047956630525437865,65,0.0016941201000834029,353,0.009200375312760634,437,0.011389699749791492,0.004821726438698916,0.018922018348623854,-0.014100291909924937,0.02374374478732277,2173,38368,success
S2020-129,0001093557,DXCM,Dexcom,0001093557-21-000024,2020,2021-02-11,1.0.3,0.3.0,472,2058,-0.6268774703557313,1695,0.02271600305560395,1119,0.014996582548212874,278,0.003725692536553332,1090,0.014607931168500475,754,0.010104935872522347,0.006325636249112133,0.027580846187866034,-0.0212552099387539,0.03390648243697817,6025,74617,success
S2020-130,0001539838,FANG,Diamondback Energy,0001539838-21-000015,2020,2021-02-25,1.0.3,0.3.0,359,1419,-0.5961754780652418,1587,0.022347391396183906,848,0.01194113919594452,243,0.0034218122931774977,741,0.010434415264380765,800,0.011265225656551433,0.005055270013377455,0.019981694008308105,-0.014926423994930648,0.025036964021685558,4899,71015,success
S2020-131,0001297996,DLR,Digital Realty,0001558370-21-002191,2020,2021-03-01,1.0.3,0.3.0,598,1149,-0.31539782484258727,1629,0.018292682926829267,747,0.008388357364236626,275,0.0030880833670215153,533,0.005985267034990792,666,0.007478776445223016,0.00671517764901406,0.012902573777118986,-0.006187396128104927,0.019617751426133045,4665,89052,success
S2020-132,0000029534,DG,Dollar General,0001558370-20-002915,2020,2020-03-19,1.0.3,0.3.0,228,657,-0.4847457627118644,679,0.018572210065645516,297,0.008123632385120351,93,0.0025437636761487963,329,0.00899890590809628,278,0.007603938730853392,0.006236323851203501,0.017970459518599564,-0.011734135667396062,0.024206783369803062,2106,36560,success
S2020-133,0000935703,DLTR,Dollar Tree,0000935703-20-000006,2020,2020-03-20,1.0.3,0.3.0,162,617,-0.5840821566110398,543,0.018379366368805848,226,0.007649607365285676,75,0.002538586515028432,218,0.007378824803682643,270,0.009138911454102356,0.005483346872461413,0.0208841050636339,-0.015400758191172488,0.026367451936095316,1690,29544,success
S2020-134,0000715957,D,Dominion Energy,0001564590-21-008442,2020,2021-02-25,1.0.3,0.3.0,339,1320,-0.5913200723327305,1222,0.01409311605485013,503,0.005801012582315562,209,0.0024103610928507997,1421,0.016388148865746348,713,0.00822290650336182,0.003909628758260389,0.015223333218005052,-0.011313704459744663,0.01913296197626544,4913,86709,success
S2020-135,0000029905,DOV,Dover Corporation,0000029905-21-000010,2020,2021-02-12,1.0.3,0.3.0,415,740,-0.2813852813852814,641,0.014478023219045037,215,0.00485612323259701,69,0.0015584767583683426,314,0.0070921985815602835,301,0.006798572525635814,0.009373447169896553,0.01671409856800831,-0.007340651398111759,0.026087545737904866,2362,44274,success
S2020-136,0001751788,DOW,Dow Inc.,0001751788-21-000010,2020,2021-02-05,1.0.3,0.3.0,399,1197,-0.5,762,0.010507301333406875,207,0.0028543456378152536,124,0.0017098495608168667,650,0.008962921084927125,592,0.008163152741964396,0.0055018546352091115,0.016505563905627334,-0.011003709270418223,0.022007418540836446,3385,72521,success
S2020-137,0001666700,DD,DuPont,0001666700-21-000005,2020,2021-02-12,1.0.3,0.3.0,277,1222,-0.6304202801867912,870,0.013470620113029342,345,0.005341797631028876,141,0.0021831694665944107,722,0.011179066346674925,552,0.008546876209646203,0.004288921576217388,0.018920802043818224,-0.014631880467600836,0.02320972362003561,3420,64585,success
S2020-138,0001326160,DUK,Duke Energy,0001326160-21-000063,2020,2021-02-25,1.0.3,0.3.0,626,1433,-0.39193783389995146,1318,0.012959048227717419,472,0.004640873113416253,176,0.0017304950592399587,1786,0.017560591907969127,837,0.00822968388968094,0.006155056290251217,0.014089769431198072,-0.007934713140946856,0.02024482572144929,5950,101705,success
S2020-139,0000821189,EOG,EOG Resources,0000821189-21-000017,2020,2021-02-25,1.0.3,0.3.0,149,756,-0.6707182320441989,745,0.014803481301911536,325,0.00645789452767953,77,0.0015300242419425346,687,0.013650995509279498,383,0.007610380320311569,0.0029606962603823074,0.015022056193617614,-0.012061359933235306,0.017982752453999922,2664,50326,success
S2020-140,0000915389,EMN,Eastman Chemical Co.,0000915389-21-000016,2020,2021-02-22,1.0.3,0.3.0,318,616,-0.31905781584582443,677,0.015163732473233884,164,0.0036733413967656677,82,0.0018366706983828339,334,0.007481073332437397,317,0.007100300138870224,0.007122698562021234,0.013797428661022263,-0.006674730099001031,0.020920127223043497,2173,44646,success
S2020-141,0001551182,ETN,Eaton Corporation,0001551182-21-000022,2020,2021-02-24,1.0.3,0.3.0,172,421,-0.41989881956155145,364,0.011755587133445291,101,0.003261852473840589,67,0.002163803126211084,283,0.009139646040563235,238,0.007686345433406537,0.005554837876243379,0.01359643456917711,-0.00804159669293373,0.01915127244542049,1448,30964,success
S2020-142,0000031462,ECL,Ecolab,0001558370-21-001916,2020,2021-02-26,1.0.3,0.3.0,395,827,-0.353518821603928,792,0.013692946058091286,248,0.004287690179806363,103,0.001780774550484094,530,0.009163208852005533,390,0.006742738589211619,0.006829183955739972,0.014298063623789764,-0.007468879668049793,0.02112724757952974,2869,57840,success
S2020-143,0000827052,EIX,Edison International,0000827052-21-000019,2020,2021-02-25,1.0.3,0.3.0,209,1530,-0.7596319723979299,1087,0.01495370816194577,362,0.004979983766903743,229,0.0031503212227098265,1215,0.016714586399966983,635,0.008735606883933362,0.002875183998019012,0.02104799768884731,-0.0181728136908283,0.023923181686866326,4492,72691,success
S2020-144,0001099800,EW,Edwards Lifesciences,0001099800-21-000007,2020,2021-02-12,1.0.3,0.3.0,215,697,-0.5285087719298246,735,0.01951828345327562,355,0.009427198130493666,69,0.0018323286507156704,450,0.011949969461189154,344,0.009135087765886821,0.005709429853679263,0.018509174920997424,-0.012799745067318161,0.02421860477467669,2370,37657,success
S2020-145,0000712515,EA,Electronic Arts,0000712515-20-000019,2020,2020-05-20,1.0.3,0.3.0,239,660,-0.4682981090100111,691,0.01739414992699995,358,0.009011730352917484,94,0.0023662085284196746,303,0.007627246639480441,329,0.008281729849468861,0.00601621104566279,0.016613804561244526,-0.010597593515581734,0.022630015606907316,2216,39726,success
S2020-146,0000032604,EMR,Emerson Electric,0000032604-20-000041,2020,2020-11-16,1.0.3,0.3.0,192,489,-0.43612334801762115,460,0.015123121938389716,165,0.005424598086596311,40,0.0013150540815991057,275,0.009040996810993853,203,0.006673899464115462,0.006312259591675707,0.01607653614754907,-0.00976427655587336,0.022388795739224775,1566,30417,success
S2020-147,0000065984,ETR,Entergy,0000065984-21-000096,2020,2021-02-26,1.0.3,0.3.0,617,2808,-0.6397080291970803,2385,0.012091806470257198,938,0.00475560355098585,376,0.0019062973722501913,2717,0.013775026490435558,1469,0.0074477415953072635,0.003128152868825447,0.014236391014038664,-0.011108238145213216,0.01736454388286411,9925,197241,success
S2020-148,0000033185,EFX,Equifax,0000033185-21-000025,2020,2021-02-25,1.0.3,0.3.0,303,1281,-0.6174242424242424,891,0.015217242792731248,386,0.006592430659926219,153,0.0026130618937013255,922,0.01574668670583413,545,0.009307965569066812,0.005174887279683017,0.021877988796283644,-0.01670310151660063,0.027052876075966664,3831,58552,success
S2020-149,0001101239,EQIX,Equinix,0001628280-21-002563,2020,2021-02-19,1.0.3,0.3.0,362,1138,-0.5173333333333333,1291,0.019636175584826453,674,0.010251574240257962,160,0.0024336081282511483,518,0.007878806315213092,556,0.00845678824567274,0.005506038390168223,0.017309037812186293,-0.01180299942201807,0.022815076202354515,3846,65746,success
S2020-150,0000906107,EQR,Equity Residential,0001564590-21-006679,2020,2021-02-18,1.0.3,0.3.0,171,501,-0.49107142857142855,626,0.018177594517683953,316,0.00917591033161043,96,0.0027876183285905107,229,0.006649631221325281,335,0.009727626459143969,0.004965445147801847,0.014547883152331726,-0.00958243800452988,0.019513328300133574,1871,34438,success
S2020-151,0000920522,ESS,Essex Property Trust,0000920522-21-000015,2020,2021-02-19,1.0.3,0.3.0,324,1065,-0.5334773218142549,1167,0.01964679540059597,734,0.01235711038906379,142,0.0023906126365763735,384,0.006464755298910756,499,0.008400814828532466,0.005454637283455951,0.0179295947743228,-0.012474957490866849,0.023384232057778752,3407,59399,success
S2020-152,0001001250,EL,Estée Lauder Companies (The),0001001250-20-000065,2020,2020-08-28,1.0.3,0.3.0,365,750,-0.3452914798206278,849,0.016307479543621068,265,0.005090084898774538,112,0.002151281164765088,312,0.005992854673274173,339,0.006511467096922899,0.007010871653029081,0.01440590065690907,-0.007395029003879989,0.021416772309938152,2547,52062,success
S2020-153,0001370637,ETSY,Etsy,0001370637-21-000012,2020,2021-02-26,1.0.3,0.3.0,537,1285,-0.4105378704720088,1445,0.021634003563247645,909,0.0136092105460153,156,0.002335574087104936,651,0.00974653032503406,511,0.007650502298145016,0.008039764645995838,0.019238542961088737,-0.0111987783150929,0.027278307607084575,4348,66793,success
S2020-154,0001711269,EVRG,Evergy,0001711269-21-000023,2020,2021-02-26,1.0.3,0.3.0,157,693,-0.6305882352941177,792,0.014329135909683021,357,0.006458966565349544,119,0.0021529888551165147,703,0.012718917354175713,455,0.008232016210739615,0.0028404979012881747,0.012537993920972644,-0.00969749601968447,0.01537849182226082,2821,55272,success
S2020-155,0000072741,ES,Eversource Energy,0000072741-21-000005,2020,2021-02-17,1.0.3,0.3.0,482,1201,-0.42721330956625075,965,0.00962439909839826,367,0.0036602636985618255,189,0.0018849859374064986,1312,0.013085193385594319,633,0.006313206869726528,0.004807212813914987,0.011978138152514311,-0.0071709253385993255,0.0167853509664293,4606,100266,success
S2020-156,0001109357,EXC,Exelon,0001109357-21-000022,2020,2021-02-24,1.0.3,0.3.0,397,1536,-0.5892395240558717,1679,0.014120516378621589,639,0.005374038097640974,276,0.0023211807745679323,1766,0.014852192927126699,1166,0.009806147765022496,0.0033387998822589464,0.012917875614986755,-0.009579075732727808,0.0162566754972457,6476,118905,success
S2020-157,0001324424,EXPE,Expedia Group,0001324424-21-000015,2020,2021-02-12,1.0.3,0.3.0,295,1230,-0.6131147540983607,1019,0.01719105862505272,501,0.008452129902994517,108,0.00182201602699283,846,0.014272458878110503,464,0.007827920708561788,0.0049768030366933785,0.02075073808519612,-0.015773935048502743,0.025727541121889498,3660,59275,success
S2020-158,0000746515,EXPD,Expeditors International,0001564590-21-006925,2020,2021-02-19,1.0.3,0.3.0,190,467,-0.4216133942161339,495,0.016981714638581082,210,0.007204363786064702,57,0.0019554701705032764,275,0.009434285910322825,211,0.007238670280284058,0.006518233901677588,0.01602113280043912,-0.009502898898761535,0.02253936670211671,1624,29149,success
S2020-159,0001289490,EXR,Extra Space Storage,0001628280-21-003458,2020,2021-02-26,1.0.3,0.3.0,158,468,-0.4952076677316294,571,0.01671692478847674,285,0.008343824106332524,88,0.0025763386714289897,246,0.007202037649676494,243,0.007114207922241414,0.004625698978247504,0.013701437479872354,-0.00907573850162485,0.01832713645811986,1666,34157,success
S2020-160,0000034088,XOM,ExxonMobil,0000034088-21-000012,2020,2021-02-24,1.0.3,0.3.0,261,541,-0.3491271820448878,513,0.012863590772316951,198,0.004964894684052156,88,0.0022066198595787363,262,0.0065697091273821465,332,0.008324974924774324,0.006544633901705115,0.013565697091273822,-0.007021063189568706,0.020110330992978938,1866,39880,success
S2020-161,0001048695,FFIV,"F5, Inc.",0001048695-20-000041,2020,2020-11-19,1.0.3,0.3.0,252,762,-0.5029585798816568,714,0.017956843217141995,360,0.009053870529651425,83,0.0020874201498918567,327,0.008223932397766712,324,0.008148483476686284,0.006337709370755998,0.019164025954428853,-0.012826316583672854,0.02550173532518485,2328,39762,success
S2020-162,0000037785,FMC,FMC Corporation,0000037785-21-000024,2020,2021-02-25,1.0.3,0.3.0,299,974,-0.5302435192458759,841,0.016220177824066036,283,0.005458157341510926,128,0.0024687072074678395,641,0.012362822812397539,418,0.008061871974387163,0.005766745742444406,0.01878531890682559,-0.013018573164381184,0.024552064649269994,3109,51849,success
S2020-163,0001326801,FB,Facebook,0001326801-21-000014,2020,2021-01-28,1.0.3,0.3.0,257,1554,-0.7161789066813915,1197,0.021191466761087015,663,0.011737629459148446,167,0.0029565371337523234,897,0.015880322209436134,457,0.008090643533681509,0.004549880499247588,0.027511728777551564,-0.022961848278303974,0.03206160927679915,4300,56485,success
S2020-164,0000815556,FAST,Fastenal,0000815556-21-000008,2020,2021-02-08,1.0.3,0.3.0,300,479,-0.22978177150192555,524,0.015118728180270637,232,0.0066937880492801295,82,0.002365907845004184,156,0.0045009954124469835,136,0.003923944718543524,0.00865576040855189,0.013820364118987852,-0.005164603710435962,0.022476124527539745,1615,34659,success
S2020-165,0001048911,FDX,FedEx,0001564590-20-032775,2020,2020-07-20,1.0.3,0.3.0,349,826,-0.40595744680851065,983,0.017471828232199352,497,0.008833671039067221,144,0.0025594539831502615,559,0.009935658170701361,446,0.00792719775336817,0.006203121111940563,0.014681312431125804,-0.00847819131918524,0.020884433543066367,3096,56262,success
S2020-166,0000034903,FRT,Federal Realty Investment Trust,0000034903-21-000020,2020,2021-02-11,1.0.3,0.3.0,221,593,-0.457002457002457,786,0.01958536828466062,390,0.00971793082826672,110,0.0027409548489983056,211,0.00525764975580584,345,0.008596631117312868,0.005506827469351141,0.01477623841323632,-0.009269410943885179,0.02028306588258746,2175,40132,success
S2020-167,0001136893,FIS,Fidelity National Information Services,0001136893-21-000025,2020,2021-02-18,1.0.3,0.3.0,274,1054,-0.5873493975903614,941,0.017923126738029028,424,0.008075882823511486,103,0.0019618300255228372,668,0.012723324825720925,495,0.009428212258580626,0.005218848805759781,0.020075425698068645,-0.014856576892308864,0.025294274503828425,3337,52502,success
S2020-168,0000035527,FITB,Fifth Third Bancorp,0000035527-21-000100,2020,2021-02-26,1.0.3,0.3.0,411,2370,-0.7044228694714132,1844,0.016073358669502456,644,0.0056134723336006415,174,0.0015166835187057635,1180,0.01028555489697012,878,0.007653150169101496,0.0035825110700463724,0.02065827551340609,-0.017075764443359717,0.02424078658345246,6466,114724,success
S2020-169,0001031296,FE,FirstEnergy,0001031296-21-000020,2020,2021-02-18,1.0.3,0.3.0,321,1691,-0.6809145129224652,1197,0.015579851620460758,540,0.007028504490433424,173,0.0022517245867499673,1527,0.01987504880905896,659,0.008577378628140049,0.00417805544709098,0.022009631654301705,-0.017831576207210726,0.026187687101392684,5301,76830,success
S2020-170,0000798354,FISV,Fiserv,0000798354-21-000004,2020,2021-02-26,1.0.3,0.3.0,430,932,-0.368575624082232,952,0.015654804972702756,442,0.007268302308754851,135,0.002219956587515622,605,0.009948694336644083,535,0.008797605735710057,0.007070972834309018,0.015325922515293034,-0.008254949680984017,0.022396895349602052,3424,60812,success
S2020-171,0000030625,FLS,Flowserve,0000030625-21-000034,2020,2021-02-23,1.0.3,0.3.0,326,1000,-0.5082956259426847,930,0.017338454081061935,297,0.005537119206532682,128,0.0023863678735225025,522,0.009731906484208956,431,0.008035348074126552,0.006077780677877624,0.018643499011894552,-0.012565718334016929,0.024721279689772176,3070,53638,success
S2020-172,0000037996,F,Ford Motor Company,0000037996-21-000012,2020,2021-02-05,1.0.3,0.3.0,307,1317,-0.6219211822660099,1040,0.015801148621957518,379,0.005758303199732596,129,0.0019599501656081923,558,0.00847792397216567,529,0.008037315020207238,0.004664377525904768,0.02000972378376736,-0.01534534625786259,0.024674101309672125,3661,65818,success
S2020-173,0001262039,FTNT,Fortinet,0001262039-21-000008,2020,2021-02-19,1.0.3,0.3.0,328,1654,-0.669021190716448,1221,0.02155872589872166,759,0.013401370153259411,126,0.002224733385126068,661,0.011671021964828025,429,0.007574687477929232,0.005791369446994844,0.029204039833321562,-0.023412670386326717,0.03499540928031641,4164,56636,success
S2020-174,0001659166,FTV,Fortive,0001659166-21-000062,2020,2021-02-26,1.0.3,0.3.0,336,1132,-0.5422343324250681,947,0.01671579616260392,417,0.007360598732635518,137,0.0024182302790673044,649,0.011455704022734894,468,0.008260815843821157,0.005930842144281856,0.019981289605140062,-0.014050447460858206,0.02591213174942192,3456,56653,success
S2020-175,0001754301,FOXA|FOX,Fox Corporation (Class A)|Fox Corporation (Class B),0001564590-20-038975,2020,2020-08-10,1.0.3,0.3.0,207,831,-0.6011560693641619,817,0.017042136003337507,397,0.008281184814351273,90,0.0018773466833541927,495,0.01032540675844806,336,0.007008760951188986,0.004317897371714644,0.017334167709637045,-0.013016270337922404,0.02165206508135169,2600,47940,success
S2020-176,0000038777,BEN,Franklin Resources,0000038777-20-000203,2020,2020-11-23,1.0.3,0.3.0,181,827,-0.6408730158730159,919,0.018971140745633955,426,0.008794021716692127,91,0.0018785351554436232,627,0.012943313653441228,405,0.008360513603897444,0.0037364270674208333,0.017071962346723916,-0.013335535279303085,0.02080838941414475,2874,48442,success
S2020-177,0000831259,FCX,Freeport-McMoRan,0000831259-21-000009,2020,2021-02-16,1.0.3,0.3.0,360,1448,-0.6017699115044248,1397,0.016884623752084896,502,0.0060673451134907784,208,0.0025139597282989676,995,0.012025913123353235,681,0.008230800841209602,0.004351084145132829,0.017501027339312046,-0.013149943194179217,0.021852111484444874,4819,82738,success
S2020-178,0000040545,GE,GE Aerospace,0000040545-21-000011,2020,2021-02-12,1.0.3,0.3.0,346,1303,-0.5803517283201941,953,0.015609132898745373,298,0.0048809250827136635,109,0.0017853048121335212,753,0.01233334425262882,402,0.0065843351786942705,0.005667114357781636,0.02134176302944934,-0.015674648671667703,0.027008877387230977,3574,61054,success
S2020-179,0001121788,GRMN,Garmin,0001564590-21-006192,2020,2021-02-17,1.0.3,0.3.0,184,663,-0.5655253837072018,630,0.01921903599755949,315,0.009609517998779744,69,0.0021049420378279437,306,0.009334960341671751,228,0.006955460646735814,0.005613178767541183,0.02022574740695546,-0.014612568639414278,0.025838926174496644,1971,32780,success
S2020-180,0000749251,IT,Gartner,0000749251-21-000010,2020,2021-02-24,1.0.3,0.3.0,235,641,-0.4634703196347032,653,0.01615576832677701,280,0.006927435117147876,105,0.0025977881689304536,421,0.010415893515425913,322,0.007966550384720057,0.005814097330463396,0.015858878250327817,-0.01004478091986442,0.02167297558079121,2262,40419,success
S2020-181,0000040533,GD,General Dynamics,0000040533-21-000010,2020,2021-02-09,1.0.3,0.3.0,233,422,-0.2885496183206107,477,0.013409046186714643,143,0.004019902735220533,55,0.0015461164366232817,511,0.014364827256627218,273,0.007674359767239198,0.006549911449694993,0.011862929750091362,-0.0053130183003963685,0.018412841199786353,1879,35573,success
S2020-182,0000040704,GIS,General Mills,0001193125-20-186469,2020,2020-07-02,1.0.3,0.3.0,245,682,-0.4714131607335491,787,0.019804222552152796,388,0.009763708195978762,57,0.0014343591937391478,216,0.005435466418379929,321,0.008077707038425728,0.006165228113440197,0.017161981932107,-0.0109967538186668,0.023327210045547195,2143,39739,success
S2020-183,0001467858,GM,General Motors,0001467858-21-000037,2020,2021-02-10,1.0.3,0.3.0,281,1086,-0.5888807607900512,825,0.016832268989859834,341,0.006957337849142064,122,0.002489135535470181,577,0.011772386917756514,418,0.008528349621528982,0.005733172831697713,0.022157386815742763,-0.01642421398404505,0.027890559647440475,3060,49013,success
S2020-184,0000040987,GPC,Genuine Parts Company,0000040987-21-000009,2020,2021-02-19,1.0.3,0.3.0,189,700,-0.5748031496062992,675,0.018625313871030048,259,0.007146601914958197,62,0.0017107695703760934,239,0.006594740763223973,269,0.007422532490825308,0.005215087883888414,0.01931514031069783,-0.014100052426809414,0.02453022819458624,1991,36241,success
S2020-185,0000882095,GILD,Gilead Sciences,0000882095-21-000008,2020,2021-02-25,1.0.3,0.3.0,399,1120,-0.47465437788018433,1025,0.01870915927426715,444,0.008104260212463039,135,0.002464133172708356,806,0.014711787682984704,397,0.007246376811594203,0.007282882488226919,0.020443178914321177,-0.013160296426094257,0.027726061402548095,3579,54786,success
S2020-186,0001123360,GPN,Global Payments,0001123360-21-000009,2020,2021-02-19,1.0.3,0.3.0,236,836,-0.5597014925373134,876,0.01770233404061837,423,0.008548044862079418,103,0.0020814388198443974,517,0.010447610386985955,464,0.00937657876124078,0.0047691219561483275,0.01689400828533899,-0.012124886329190664,0.02166313024148732,2907,49485,success
S2020-187,0000320335,GL,Globe Life,0000320335-21-000010,2020,2021-02-25,1.0.3,0.3.0,208,709,-0.5463467829880043,464,0.011803912589992114,155,0.003943117352260297,88,0.0022386730774122975,395,0.010048589381566563,289,0.007352005901956295,0.00529140909206543,0.01803658195324226,-0.01274517286117683,0.02332799104530769,1977,39309,success
S2020-188,0000886982,GS,Goldman Sachs,0001193125-21-049380,2020,2021-02-22,1.0.3,0.3.0,493,2531,-0.673941798941799,1883,0.01759385569861529,554,0.005176312297946293,172,0.0016070861286042644,1763,0.01647263281819371,1005,0.009390241623530731,0.00460635733373199,0.023648459252891822,-0.01904210191915983,0.02825481658662381,7230,107026,success
S2020-189,0000860730,HCA,HCA Healthcare,0001193125-21-048994,2020,2021-02-19,1.0.3,0.3.0,171,841,-0.6620553359683794,547,0.015763234488919628,296,0.008530013544278263,83,0.0023918619059969453,534,0.01538860551569119,328,0.009452177170686724,0.004927811878620213,0.02423561280654736,-0.01930780092792715,0.029163424685167576,2360,34701,success
S2020-190,0000047217,HPQ,HP Inc.,0000047217-20-000045,2020,2020-12-10,1.0.3,0.3.0,343,1492,-0.626158038147139,1183,0.020133085995336884,617,0.010500519069419153,96,0.001633792270120322,860,0.014636055753161218,440,0.007488214571384809,0.0058374036317840675,0.02539185486478667,-0.019554451233002604,0.03122925849657074,4132,58759,success
S2020-191,0000045012,HAL,Halliburton,0000045012-21-000009,2020,2021-02-05,1.0.3,0.3.0,159,639,-0.6015037593984962,541,0.01806283596541017,231,0.007712597242162198,50,0.0016693933424593503,268,0.008947948315582117,324,0.010817668859136589,0.005308670829020734,0.021334846916630495,-0.016026176087609763,0.02664351774565123,1849,29951,success
S2020-192,0000874766,HIG,Hartford (The),0000874766-21-000022,2020,2021-02-19,1.0.3,0.3.0,759,4323,-0.7012987012987013,2550,0.018624966219424013,798,0.005828518840431515,271,0.0019793591550838854,1834,0.013395367861342605,968,0.007070183255059782,0.005543666415899148,0.03157479567316471,-0.026031129257265563,0.03711846208906386,9920,136913,success
S2020-193,0000046080,HAS,Hasbro,0000046080-21-000035,2020,2021-02-24,1.0.3,0.3.0,404,980,-0.4161849710982659,894,0.013763798438871183,377,0.0058041968808215175,128,0.0019706557048943083,370,0.00569642664696011,439,0.006758733237879698,0.00621988206857266,0.015087832740597048,-0.008867950672024387,0.02130771480916971,3057,64953,success
S2020-194,0000765880,PEAK,Healthpeak Properties,0001628280-21-001804,2020,2021-02-10,1.0.3,0.3.0,370,1600,-0.6243654822335025,1078,0.01533733602708932,600,0.008536550664428193,132,0.0018780411461742025,676,0.009617847081922431,673,0.00957516432860029,0.005264206243064053,0.022764135105141848,-0.017499928862077796,0.0280283413482059,4256,70286,success
S2020-195,0001000228,HSIC,Henry Schein,0001000228-21-000019,2020,2021-02-17,1.0.3,0.3.0,134,583,-0.6262203626220363,389,0.011441512985676049,121,0.003558928203770699,57,0.0016765198976440483,537,0.01579458219359393,254,0.0074708079649401455,0.0039412923909526755,0.01714756316362246,-0.013206270772669785,0.021088855554575136,1790,33999,success
S2020-196,0000047111,HSY,Hershey Company (The),0000047111-21-000007,2020,2021-02-17,1.0.3,0.3.0,265,469,-0.2779291553133515,603,0.015389719769281813,187,0.004772599663110612,62,0.0015823592465928232,243,0.006201827369710582,273,0.006967485069674851,0.006763309683017712,0.011969782042774744,-0.005206472359757032,0.018733091725792454,1811,39182,success
S2020-197,0001645590,HPE,Hewlett Packard Enterprise,0001645590-20-000056,2020,2020-12-10,1.0.3,0.3.0,390,1341,-0.5493934142114385,1249,0.01823943456292532,542,0.00791495078711411,133,0.0019422296211922077,786,0.011478138964338911,476,0.00695113759163527,0.005695259791465872,0.019582931744501885,-0.013887671953036012,0.025278191535967755,4075,68478,success
S2020-198,0001585689,HLT,Hilton Worldwide,0001585689-21-000016,2020,2021-02-17,1.0.3,0.3.0,435,1237,-0.4796650717703349,1044,0.017851646660510926,567,0.009695290858725761,128,0.002188707636537738,605,0.010345063438322902,570,0.009746588693957114,0.007438186108546219,0.021151807393727986,-0.013713621285181766,0.028589993502274202,3805,58482,success
S2020-199,0000354950,HD,Home Depot (The),0000354950-20-000015,2020,2020-03-25,1.0.3,0.3.0,235,489,-0.35082872928176795,435,0.014796421646994795,211,0.007177114867852648,63,0.002142930031633729,174,0.005918568658797918,217,0.007381203442293955,0.007993469165617878,0.016633218816966562,-0.008639749651348685,0.024626687982584442,1506,29399,success
S2020-200,0000773840,HON,Honeywell Technologies,0000773840-21-000015,2020,2021-02-12,1.0.3,0.3.0,262,829,-0.5197066911090742,637,0.01574044330228076,213,0.005263287948800316,81,0.0020015320368677258,641,0.01583928439052114,359,0.008870987669574242,0.00647409127974499,0.02048481553781907,-0.014010724258074082,0.026958906817564063,2604,40469,success
S2020-201,0000048465,HRL,Hormel Foods,0000048465-20-000043,2020,2020-12-04,1.0.3,0.3.0,167,446,-0.4551386623164764,459,0.01571917808219178,159,0.005445205479452055,51,0.0017465753424657534,249,0.008527397260273973,244,0.008356164383561644,0.00571917808219178,0.015273972602739726,-0.009554794520547945,0.020993150684931506,1496,29200,success
S2020-202,0001070750,HST,Host Hotels & Resorts,0001564590-21-008676,2020,2021-02-25,1.0.3,0.3.0,243,701,-0.4851694915254237,715,0.014943465630029051,325,0.006792484377285932,158,0.0033021924049574684,347,0.007252283319748365,477,0.009969277070662738,0.005078688319016866,0.014650866303007503,-0.009572177983990637,0.01972955462202437,2515,47847,success
S2020-203,0000004281,HWM,Howmet Aerospace,0000004281-21-000049,2020,2021-02-16,1.0.3,0.3.0,279,1443,-0.6759581881533101,871,0.015489125602404282,446,0.007931285899738587,100,0.001778315224156634,715,0.012714953852719934,526,0.009353938079063895,0.0049614994753970085,0.025661088684580228,-0.02069958920918322,0.03062258815997724,3602,56233,success
S2020-204,0000049071,HUM,Humana,0000049071-21-000039,2020,2021-02-18,1.0.3,0.3.0,400,1028,-0.43977591036414565,906,0.015984192233729117,332,0.005857341966443782,80,0.0014114077027575379,942,0.016619325699970006,435,0.007674529383744111,0.007057038513787689,0.01813658898043436,-0.011079550466646671,0.02519362749422205,3471,56681,success
S2020-205,0000049196,HBAN,Huntington Bancshares,0000049196-21-000018,2020,2021-02-26,1.0.3,0.3.0,332,1423,-0.6216524216524216,1391,0.019598450158506517,508,0.007157449806269814,185,0.002606551602676999,632,0.008904543853469532,713,0.01004579077139838,0.00467770341669602,0.020049313138429024,-0.015371609721733005,0.024727016555125044,4484,70975,success
S2020-206,0001501585,HII,Huntington Ingalls Industries,0001501585-21-000008,2020,2021-02-11,1.0.3,0.3.0,320,1107,-0.5515066573230554,964,0.017122861862555284,378,0.006714151228263379,97,0.0017229435691575338,960,0.017051812643208583,511,0.009076537771541235,0.005683937547736194,0.0196628714541999,-0.013978933906463703,0.02534680900193609,3734,56299,success
S2020-207,0000051143,IBM,IBM,0001558370-21-001489,2020,2021-02-23,1.0.3,0.3.0,82,237,-0.48589341692789967,238,0.025225225225225224,128,0.013566507684154743,27,0.002861685214626391,122,0.01293057763645999,52,0.005511393746687864,0.008691043985161632,0.025119236883942766,-0.016428192898781134,0.0338102808691044,734,9435,success
S2020-208,0000832101,IEX,IDEX Corporation,0000832101-21-000017,2020,2021-02-25,1.0.3,0.3.0,180,549,-0.5061728395061729,519,0.014231264909923496,176,0.0048260166168526695,69,0.0018920178781979215,289,0.007924538649263757,321,0.008801996215964244,0.00493569881269023,0.015053881378705202,-0.010118182566014971,0.01998958019139543,1774,36469,success
S2020-209,0001111928,IPGP,IPG Photonics,0001111928-21-000026,2020,2021-02-22,1.0.3,0.3.0,241,896,-0.5760773966578716,772,0.01852607328837801,407,0.0097669842336397,79,0.0018958028365050035,323,0.007751193875836913,372,0.008927071584555206,0.005783398526553239,0.021501763816563078,-0.01571836529000984,0.027285162343116315,2492,41671,success
S2020-210,0001478242,IQV,IQVIA,0001478242-21-000020,2020,2021-02-12,1.0.3,0.3.0,371,1185,-0.5231362467866324,1244,0.02233272893740014,640,0.011489506848823224,116,0.0020824731163492094,808,0.014505502396639319,532,0.009550652568084305,0.006660323501427212,0.02127354002477425,-0.014613216523347038,0.02793386352620146,4057,55703,success
S2020-211,0000874716,IDXX,Idexx Laboratories,0000874716-21-000008,2020,2021-02-12,1.0.3,0.3.0,372,796,-0.363013698630137,962,0.017278850471486303,388,0.0069690166142793,137,0.0024607094746295463,519,0.009321957790749888,497,0.00892680736416704,0.006681634485855411,0.01429726088908846,-0.007615626403233049,0.020978895374943872,3110,55675,success
S2020-212,0000049826,ITW,Illinois Tool Works,0000049826-21-000007,2020,2021-02-12,1.0.3,0.3.0,287,515,-0.28428927680798005,447,0.014722835216231349,157,0.0051711076710253285,61,0.002009156483646784,124,0.004084186950363953,159,0.005236981654095715,0.00945291657060044,0.016962550640624484,-0.007509634070024044,0.026415467211224928,1522,30361,success
S2020-213,0000879169,INCY,Incyte,0001558370-21-000825,2020,2021-02-09,1.0.3,0.3.0,918,1235,-0.14723641430562007,1285,0.01594589563814606,733,0.009095985605261526,257,0.0031891791276292113,762,0.009455854067134083,524,0.006502450828317925,0.01139169820686232,0.015325432772848546,-0.003933734565986226,0.026717130979710863,4781,80585,success
S2020-214,0001699150,IR,Ingersoll Rand,0001628280-21-003454,2020,2021-02-26,1.0.3,0.3.0,273,970,-0.5607401448109413,1001,0.017275896586241415,374,0.006454730592661627,128,0.0022091056573815193,594,0.010251630941286114,452,0.007800904352628491,0.004711608159884022,0.016740878809844328,-0.012029270649960306,0.02145248696972835,3198,57942,success
S2020-215,0000050863,INTC,Intel,0000050863-21-000010,2020,2021-01-22,1.0.3,0.3.0,449,1240,-0.46832445233866193,715,0.015392564207444405,305,0.00656605885772104,117,0.0025187832339454478,527,0.011345288583668811,298,0.006415362424920884,0.009666099761038514,0.026694796667456028,-0.017028696906417517,0.03636089642849454,3105,46451,success
S2020-216,0001571949,ICE,Intercontinental Exchange,0001571949-21-000003,2020,2021-02-04,1.0.3,0.3.0,446,1431,-0.5247735748534896,1390,0.018013114584143276,621,0.008047585724282715,180,0.002332633543270352,974,0.012622139284140684,589,0.007632895316590208,0.005779747557214317,0.0185444366689993,-0.012764689111784983,0.024324184226213616,4720,77166,success
S2020-217,0000051253,IFF,International Flavors & Fragrances,0000051253-21-000011,2020,2021-02-22,1.0.3,0.3.0,363,1131,-0.5140562248995983,1021,0.01900100495031079,497,0.009249264897457848,118,0.0021960025309859677,587,0.010924182082108162,420,0.007816280195034801,0.006755499311422935,0.021048125953772284,-0.01429262664234935,0.027803625265195222,3409,53734,success
S2020-218,0000051434,IP,International Paper,0000051434-21-000012,2020,2021-02-19,1.0.3,0.3.0,208,846,-0.6053130929791272,819,0.015770319450060657,284,0.005468584522365355,111,0.0021373693027554735,514,0.00989736776230913,401,0.007721487300945449,0.0040051604952534995,0.016290220091271446,-0.012285059596017946,0.020295380586524945,2686,51933,success
S2020-219,0000896878,INTU,Intuit,0000896878-20-000148,2020,2020-08-31,1.0.3,0.3.0,240,936,-0.5918367346938775,853,0.018931155399707043,451,0.0100093213191886,90,0.001997425540414577,360,0.007989702161658308,367,0.00814505748146833,0.005326468107772204,0.0207732256203116,-0.015446757512539393,0.026099693728083802,2655,45058,success
S2020-220,0001035267,ISRG,Intuitive Surgical,0001035267-21-000028,2020,2021-02-10,1.0.3,0.3.0,391,1621,-0.6113320079522863,1462,0.0204607159851093,780,0.010916113863464607,234,0.003274834159039382,828,0.01158787471660089,545,0.007627284686651552,0.005472051949505976,0.02268592381112324,-0.017213871861617266,0.028157975760629218,4831,71454,success
S2020-221,0000914208,IVZ,Invesco,0000914208-21-000331,2020,2021-02-19,1.0.3,0.3.0,328,998,-0.5052790346907994,944,0.01715926854982368,412,0.007489002799287454,134,0.002435743628894463,513,0.009324899116588506,453,0.008234267640964119,0.005962118733413313,0.01814083687788563,-0.012178718144472316,0.02410295561129894,3189,55014,success
S2020-222,0001020569,IRM,Iron Mountain,0001020569-21-000067,2020,2021-02-24,1.0.3,0.3.0,280,765,-0.46411483253588515,877,0.016643576945704362,380,0.007211584081377033,126,0.0023912094585618582,349,0.006623270643159433,475,0.009014480101721291,0.005313798796804129,0.01451805742698271,-0.009204258630178581,0.01983185622378684,2729,52693,success
S2020-223,0000728535,JBHT,J.B. Hunt,0001437749-21-003667,2020,2021-02-23,1.0.3,0.3.0,68,402,-0.7106382978723405,325,0.014411777748215157,133,0.005897742893884972,28,0.001241630082923152,281,0.01246064476076449,149,0.0066072457984124875,0.0030153873442419405,0.017826260476253825,-0.014810873132011885,0.020841647820495766,1158,22551,success
S2020-224,0000091419,SJM,J.M. Smucker Company (The),0000091419-20-000065,2020,2020-06-19,1.0.3,0.3.0,214,781,-0.5698492462311557,718,0.020235042132852352,327,0.009215680748527464,62,0.0017473156159287545,331,0.009328410788264803,300,0.008454752980300425,0.006031057125947637,0.02201054025871544,-0.015979483132767803,0.028041597384663077,2223,35483,success
S2020-225,0000019617,JPM,JPMorgan Chase,0000019617-21-000236,2020,2021-02-23,1.0.3,0.3.0,575,3715,-0.7319347319347319,3398,0.020213677247418266,876,0.0052110598201113596,243,0.0014455337172226716,1761,0.010475657926045781,1352,0.008042640270308857,0.003420501594251178,0.022099414648075,-0.018678913053823822,0.02551991624232618,10501,168104,success
S2020-226,0000779152,JKHY,Jack Henry & Associates,0000779152-20-000064,2020,2020-08-25,1.0.3,0.3.0,186,481,-0.44227886056971516,484,0.015215819422176114,209,0.006570467477757867,65,0.002043446823226131,287,0.009022603665629224,316,0.009934295325222421,0.005847401678770159,0.01512150649187337,-0.00927410481310321,0.02096890817064353,1729,31809,success
S2020-227,0000052988,J,Jacobs Solutions,0000052988-20-000070,2020,2020-11-24,1.0.3,0.3.0,390,1437,-0.5730706075533661,1164,0.018621914345593293,583,0.009326955380997329,115,0.0018397939430783753,919,0.01470235333642632,539,0.00862303422016734,0.0062393011982657945,0.02298942518437935,-0.016750123986113554,0.029228726382645145,4273,62507,success
S2020-228,0000833444,JCI,Johnson Controls,0000833444-20-000048,2020,2020-11-16,1.0.3,0.3.0,242,1354,-0.6967418546365914,962,0.017279160829112333,411,0.007382261019506412,111,0.0019937493264360383,826,0.014836368861587096,532,0.00955562740237813,0.004346732765743435,0.024320149441390954,-0.019973416675647518,0.02866688220713439,3613,55674,success
S2020-229,0000319201,KLAC,KLA Corporation,0000319201-20-000047,2020,2020-08-07,1.0.3,0.3.0,336,1217,-0.5672891178364456,1116,0.01799825823307422,501,0.008079863239041384,165,0.002661032803277102,542,0.008741089571976906,537,0.008660452214301841,0.005418830435764281,0.019627132858110505,-0.014208302422346225,0.025045963293874787,3674,62006,success
S2020-230,0000091576,KEY,KeyCorp,0000091576-21-000044,2020,2021-02-22,1.0.3,0.3.0,311,1458,-0.6483889202939513,1492,0.019293685585340937,458,0.0059225924920148455,140,0.0018103994517075946,685,0.00885802588871216,669,0.008651123094231291,0.0040216730677218706,0.018854017147069094,-0.014832344079347222,0.022875690214790963,4586,77331,success
S2020-231,0001601046,KEYS,Keysight Technologies,0001601046-20-000154,2020,2020-12-17,1.0.3,0.3.0,299,878,-0.491928632115548,875,0.018141106711172847,408,0.008458938900752597,123,0.0025501212862562976,519,0.010760267866398525,478,0.009910227437646425,0.006199075321875065,0.018203304791325443,-0.012004229469450376,0.024402380113200506,3005,48233,success
S2020-232,0000055785,KMB,Kimberly-Clark,0000055785-21-000016,2020,2021-02-11,1.0.3,0.3.0,147,431,-0.4913494809688581,412,0.01556008761991087,136,0.005136339602689025,31,0.00117078329178941,210,0.007931112621799229,161,0.006080519676712743,0.005551778835259461,0.016277664476168893,-0.010725885640909434,0.021829443311428356,1293,26478,success
S2020-233,0000879101,KIM,Kimco Realty,0001437749-21-003766,2020,2021-02-23,1.0.3,0.3.0,240,643,-0.4563986409966025,656,0.015050013765256493,330,0.007570891070936955,140,0.0032118931816096175,227,0.005207855373038451,338,0.00775442782417179,0.005506102597045058,0.014751766541249885,-0.009245663944204827,0.020257869138294943,2089,43588,success
S2020-234,0001506307,KMI,Kinder Morgan,0001506307-21-000022,2020,2021-02-05,1.0.3,0.3.0,244,1333,-0.6905516804058338,1122,0.018133919480225625,489,0.00790328576277213,142,0.0022950236775330112,881,0.014238844083849175,679,0.010974092091865596,0.0039435618120989765,0.02154413071937679,-0.017600568907277812,0.025487692531475765,4084,61873,success
S2020-235,0001637459,KHC,Kraft Heinz,0001637459-21-000009,2020,2021-02-17,1.0.3,0.3.0,279,1493,-0.6851015801354402,1066,0.01791867677463818,402,0.006757324637340102,116,0.0019498747709737608,522,0.008774436469381924,656,0.011026878015161957,0.004689785009497235,0.025096233043653663,-0.02040644803415643,0.029786018053150898,3657,59491,success
S2020-236,0000056873,KR,Kroger,0001558370-20-003501,2020,2020-04-01,1.0.3,0.3.0,173,576,-0.5380507343124166,693,0.01569435637285986,221,0.005004982335356464,92,0.002083522058157442,246,0.005571156807681855,371,0.008402029169308814,0.003917927348491711,0.013044659842377028,-0.009126732493885315,0.01696258719086874,1983,44156,success
S2020-237,0001065696,LKQ,LKQ Corporation,0001065696-21-000010,2020,2021-02-26,1.0.3,0.3.0,344,1262,-0.5716064757160647,971,0.015443094344423945,510,0.008111203002735544,114,0.0018130924359055919,537,0.008540619632292131,565,0.008985940581461925,0.00547108594694319,0.020071251351867166,-0.014600165404923978,0.025542337298810357,3560,62876,success
S2020-238,0000920148,LH,Labcorp,0000920148-21-000018,2020,2021-02-25,1.0.3,0.3.0,421,1624,-0.5882640586797065,1062,0.01685767802152449,497,0.007889139337756755,146,0.002317533889964761,1135,0.018016444966506874,530,0.008412965490967967,0.006682751833391536,0.025778596145909393,-0.019095844312517856,0.032461347979300934,4579,62998,success
S2020-239,0000707549,LRCX,Lam Research,0000707549-20-000138,2020,2020-08-18,1.0.3,0.3.0,262,708,-0.45979381443298967,777,0.018985485999120363,363,0.008869667204222255,117,0.0028588183550799003,418,0.01021355617455896,406,0.009920344035576406,0.0064017983677857595,0.01729951619997068,-0.01089771783218492,0.023701314567756437,2546,40926,success
S2020-240,0001679273,LW,Lamb Weston,0001558370-20-008501,2020,2020-07-28,1.0.3,0.3.0,159,664,-0.6136087484811664,808,0.019786462924870213,462,0.011313546870408463,85,0.002081496718581644,258,0.006317954745812518,348,0.008521892447840141,0.003893623273582133,0.016260162601626018,-0.012366539328043883,0.02015378587520815,2203,40836,success
S2020-241,0001300514,LVS,Las Vegas Sands,0001300514-21-000033,2020,2021-02-05,1.0.3,0.3.0,249,965,-0.5897858319604613,815,0.014164552122075846,390,0.006778129236330773,211,0.003667141715040495,623,0.010827626959574541,493,0.008568250547464285,0.004327574820118878,0.01677152490527999,-0.012443950085161111,0.021099099725398866,3216,57538,success
S2020-242,0000058492,LEG,Leggett & Platt,0000058492-21-000005,2020,2021-02-24,1.0.3,0.3.0,264,920,-0.5540540540540541,750,0.01576789656259855,309,0.006496373383790602,82,0.001723956690844108,307,0.006454325659623673,388,0.008157258488384316,0.005550299590034689,0.019341953116787554,-0.013791653526752864,0.024892252706822243,2496,47565,success
S2020-243,0001336920,LDOS,Leidos,0001336920-20-000023,2020,2020-02-18,1.0.3,0.3.0,196,941,-0.6552330694810906,693,0.01700112850203621,327,0.008022177518276826,80,0.001962612236887297,808,0.0198223835925617,366,0.008978950983759384,0.004808399980373877,0.02308522643638683,-0.018276826456012953,0.027893626416760707,2903,40762,success
S2020-244,0000920760,LEN,Lennar,0001628280-21-000722,2020,2021-01-22,1.0.3,0.3.0,204,609,-0.4981549815498155,616,0.014130384915355324,284,0.006514657980456026,89,0.0020415653530302335,396,0.009083818874156994,385,0.008831490572097077,0.004679543056383906,0.013969812359499014,-0.009290269303115108,0.01864935541588292,2154,43594,success
S2020-245,0000059478,LLY,Lilly (Eli),0000059478-21-000083,2020,2021-02-17,1.0.3,0.3.0,399,1084,-0.4619015509103169,869,0.01737548237458261,328,0.0065582948433407316,115,0.0022994021554395856,814,0.01627576830024194,301,0.00601843520684622,0.00797792573930778,0.021674364665187053,-0.01369643892587927,0.02965229040449483,3282,50013,success
S2020-246,0000059558,LNC,Lincoln National Corporation,0000059558-21-000011,2020,2021-02-18,1.0.3,0.3.0,550,1933,-0.5569875151026984,1967,0.021366268017944622,680,0.007386406838943744,194,0.0021072984216986565,1319,0.014327456794951173,704,0.007647103550906464,0.005974299649145675,0.020996947675997437,-0.015022648026851762,0.02697124732514311,6212,92061,success
S2020-247,0001707925,LIN,Linde plc,0001628280-21-003574,2020,2021-03-01,1.0.3,0.3.0,160,560,-0.5555555555555556,619,0.01644177645558861,218,0.0057904802379940504,79,0.0020983850403739905,377,0.010013812154696133,298,0.007915427114322141,0.004249893752656183,0.014874628134296642,-0.010624734381640459,0.019124521886952826,1981,37648,success
S2020-248,0001335258,LYV,Live Nation Entertainment,0001335258-21-000009,2020,2021-03-01,1.0.3,0.3.0,278,1001,-0.565285379202502,941,0.01771660955680235,449,0.008453515080769665,192,0.0036148661369883647,479,0.009018337914674096,530,0.009978536732311631,0.005234024927514403,0.018846255224611214,-0.01361223029709681,0.024080280152125617,3206,53114,success
S2020-249,0000936468,LMT,Lockheed Martin,0000936468-21-000013,2020,2021-01-28,1.0.3,0.3.0,315,991,-0.5176110260336907,1174,0.01874022283944705,502,0.008013280975640902,100,0.001596271110685439,1074,0.017143951728761615,578,0.009226447019761837,0.005028253998659132,0.015819046706892697,-0.010790792708233566,0.02084730070555183,4026,62646,success
S2020-250,0000060086,L,Loews Corporation,0001140361-21-003906,2020,2021-02-09,1.0.3,0.3.0,376,2206,-0.7087529047250194,1738,0.02068727458845655,632,0.00752264530489329,187,0.0022258460000238057,1428,0.016997369454727244,742,0.008831966481377882,0.0044754978396200585,0.026257841048409176,-0.021782343208789117,0.030733338888029232,6186,84013,success
S2020-251,0000060667,LOW,Lowe's,0000060667-20-000036,2020,2020-03-23,1.0.3,0.3.0,224,605,-0.45958986731001206,455,0.014328001007683588,197,0.006203552084645421,60,0.0018894067262879455,221,0.006959314775160599,237,0.0074631565688373855,0.007053785111474997,0.01905151782340345,-0.011997732711928454,0.02610530293487845,1680,31756,success
S2020-252,0000018926,LUMN,Lumen Technologies,0000018926-21-000017,2020,2021-02-25,1.0.3,0.3.0,322,965,-0.4996114996114996,889,0.01599064664088497,322,0.005791887759690619,120,0.0021584674880834607,647,0.011637737206583326,551,0.009910963216116557,0.005791887759690619,0.017357676050004496,-0.011565788290313878,0.023149563809695118,3273,55595,success
S2020-253,0001489393,LYB,LyondellBasell,0001489393-21-000007,2020,2021-02-25,1.0.3,0.3.0,203,786,-0.58948432760364,854,0.01646106399383192,366,0.007054741711642251,100,0.0019275250578257518,447,0.00861603700848111,377,0.007266769468003084,0.003912875867386276,0.015150346954510409,-0.011237471087124133,0.019063222821896684,2600,51880,success
S2020-254,0000036270,MTB,M&T Bank,0001564590-21-007188,2020,2021-02-22,1.0.3,0.3.0,245,1344,-0.6916299559471366,1111,0.015766916439600362,422,0.0059888737511353315,108,0.0015326975476839238,687,0.009749659400544959,563,0.007989895549500454,0.003476952770208901,0.01907356948228883,-0.015596616712079927,0.02255052225249773,3912,70464,success
S2020-255,0000789570,MGM,MGM Resorts,0001564590-21-009205,2020,2021-02-26,1.0.3,0.3.0,257,881,-0.5483304042179262,764,0.013661641900470289,387,0.006920229601416233,168,0.0030041306796845663,502,0.008976628578581263,509,0.009101800690234788,0.004595604670707938,0.015753804338107757,-0.011158199667399818,0.020349409008815694,2946,55923,success
S2020-256,0001408198,MSCI,MSCI Inc.,0001564590-21-005811,2020,2021-02-12,1.0.3,0.3.0,245,663,-0.460352422907489,692,0.01774540978561904,374,0.009590727254077341,84,0.002154067083803467,322,0.008257257154579957,288,0.007385372858754744,0.006282695661093445,0.017001743768591652,-0.010719048107498205,0.023284439429685097,2178,38996,success
S2020-257,0001510295,MPC,Marathon Petroleum,0001510295-21-000027,2020,2021-02-26,1.0.3,0.3.0,244,1174,-0.6558533145275035,1109,0.01598212998991209,444,0.006398616515348033,142,0.002046404381034731,644,0.009280876206946245,687,0.009900562040639861,0.0035163568237498197,0.01691886438968151,-0.01340250756593169,0.02043522121343133,3641,69390,success
S2020-258,0001278021,MKTX,MarketAxess,0001564590-21-006981,2020,2021-02-19,1.0.3,0.3.0,401,794,-0.3288702928870293,799,0.01829421866056096,387,0.00886090440755581,140,0.0032054951345163135,540,0.01236405266170578,361,0.008265598168288495,0.009181453921007441,0.018179736691471094,-0.008998282770463653,0.027361190612478534,2901,43675,success
S2020-259,0001048286,MAR,Marriott International,0001628280-21-002433,2020,2021-02-18,1.0.3,0.3.0,214,865,-0.603336422613531,690,0.01807560317501899,363,0.009509339061640426,94,0.00246247347601708,353,0.009247373798234353,333,0.00872344327142221,0.005606056636889949,0.02265999528462526,-0.01705393864773531,0.028266051921515208,2409,38173,success
S2020-260,0000062709,MMC,Marsh & McLennan,0000062709-21-000008,2020,2021-02-17,1.0.3,0.3.0,311,1100,-0.559177888022679,1222,0.01958615826000545,456,0.0073087464538154545,87,0.0013944318892147906,760,0.012181244089692424,415,0.0066516003910820475,0.004984693305124136,0.017630748024554825,-0.012646054719430687,0.02261544132967896,3660,62391,success
S2020-261,0000916076,MLM,Martin Marietta Materials,0001564590-21-006959,2020,2021-02-19,1.0.3,0.3.0,294,666,-0.3875,863,0.01753851156363045,348,0.007072308255090843,108,0.0021948542860626753,349,0.007092630979961793,440,0.008941998943218307,0.005974881112059505,0.013534934764053165,-0.007560053651993659,0.01950981587611267,2568,49206,success
S2020-262,0000062996,MAS,Masco,0000062996-21-000008,2020,2021-02-09,1.0.3,0.3.0,177,578,-0.5311258278145695,600,0.01895016107636915,223,0.007043143200050533,55,0.001737098098667172,206,0.006506221969553408,257,0.008116985661044785,0.005590297517528899,0.01825532183690228,-0.01266502431937338,0.02384561935443118,1771,31662,success
S2020-263,0001141391,MA,Mastercard,0001141391-21-000018,2020,2021-02-12,1.0.3,0.3.0,319,1039,-0.5301914580265096,814,0.016974954643088024,446,0.009300773674222676,54,0.0011261026421704587,890,0.01855983984317978,339,0.007069422142514546,0.00665234708985882,0.021667048985464933,-0.015014701895606114,0.028319396075323754,3189,47953,success
S2020-264,0000063754,MKC,McCormick & Company,0000063754-21-000020,2020,2021-01-28,1.0.3,0.3.0,246,617,-0.4298957126303592,730,0.01630228455302709,248,0.005538310368699614,78,0.0017418879385426205,270,0.006029612094955224,305,0.006811228477634605,0.005493646575403649,0.013778780231805086,-0.008285133656401438,0.019272426807208736,2119,44779,success
S2020-265,0000063908,MCD,McDonald's,0000063908-21-000013,2020,2021-02-23,1.0.3,0.3.0,265,479,-0.28763440860215056,484,0.015752131745101868,232,0.007550608605090152,64,0.0020829265117490075,209,0.006802056889930352,203,0.006606782529453883,0.008624617587710734,0.015589403111371476,-0.0069647855236607435,0.02421402069908221,1585,30726,success
S2020-266,0000927653,MCK,McKesson Corporation,0000927653-20-000033,2020,2020-05-22,1.0.3,0.3.0,217,1407,-0.7327586206896551,973,0.017641512854915328,396,0.007179896290386917,83,0.0015048772527831164,816,0.014794937810494253,418,0.007578779417630634,0.0039344381187221234,0.025510389092359576,-0.021575950973637452,0.029444827211081697,3536,55154,success
S2020-267,0001613103,MDT,Medtronic,0001613103-20-000021,2020,2020-06-19,1.0.3,0.3.0,318,1217,-0.5856677524429967,905,0.015503477575632987,439,0.007520471442765615,116,0.0019871860759927366,739,0.012659745777229588,390,0.006681056634803166,0.005447630794531812,0.02084832288347552,-0.015400692088943707,0.02629595367800733,3438,58374,success
S2020-268,0000310158,MRK,Merck & Co.,0000310158-21-000004,2020,2021-02-25,1.0.3,0.3.0,566,1307,-0.395621996796583,1147,0.01610208751561776,389,0.005460952086813696,254,0.0035657630592562436,816,0.011455364788791712,397,0.005573259584743026,0.007945755478500134,0.01834823747420437,-0.010402481995704238,0.026293992952704504,4142,71233,success
S2020-269,0001099219,MET,MetLife,0001099219-21-000050,2020,2021-02-19,1.0.3,0.3.0,643,2687,-0.6138138138138138,2880,0.021688380149107612,959,0.0072219293621507644,222,0.0016718126364937119,1799,0.013547706905640484,1076,0.008103019805708262,0.004842232095790345,0.020234957451615333,-0.015392725355824987,0.02507718954740568,8704,132790,success
S2020-270,0001037646,MTD,Mettler Toledo,0001037646-21-000008,2020,2021-02-08,1.0.3,0.3.0,238,566,-0.4079601990049751,655,0.018067470278321795,326,0.008992359253027335,77,0.0021239621548561497,258,0.007116652414972554,288,0.00794417013764378,0.006564973933191736,0.015612501034397153,-0.009047527101205417,0.02217747496758889,2011,36253,success
S2020-271,0000827054,MCHP,Microchip Technology,0000827054-20-000119,2020,2020-05-22,1.0.3,0.3.0,221,1141,-0.6754772393538914,959,0.017698951720064963,443,0.008175845267975787,167,0.0030820906540676212,648,0.011959249963088735,479,0.008840248043702937,0.004078694817658349,0.021057876864018898,-0.01697918204636055,0.02513657168167725,3387,54184,success
S2020-272,0000723125,MU,Micron Technology,0000723125-20-000082,2020,2020-10-19,1.0.3,0.3.0,213,975,-0.6414141414141414,773,0.019406994551982124,441,0.01107177826316186,72,0.0018076372674549973,427,0.010720293238934498,405,0.01016795962943436,0.0053475935828877,0.024478421330119755,-0.019130827747232057,0.029826014913007456,2687,39831,success
S2020-273,0000789019,MSFT,Microsoft,0001564590-20-034944,2020,2020-07-30,1.0.3,0.3.0,276,681,-0.4231974921630094,617,0.01707533071345547,349,0.00965849338573089,66,0.001826534565782919,365,0.010101289644102507,265,0.007333813029279903,0.007638235456910389,0.01884651574694194,-0.011208280290031548,0.026484751203852328,2105,36134,success
S2020-274,0000912595,MAA,Mid-America Apartment Communities,0001564590-21-006666,2020,2021-02-18,1.0.3,0.3.0,196,613,-0.515451174289246,660,0.018002782248165625,363,0.009901530236491094,85,0.0023185401380213305,300,0.008183082840075285,263,0.007173835956465999,0.005346280788849186,0.01672076593655383,-0.011374485147704646,0.022067046725403015,2025,36661,success
S2020-275,0000851968,MHK,Mohawk Industries,0000851968-21-000019,2020,2021-02-24,1.0.3,0.3.0,230,647,-0.475484606613455,639,0.018726372241596578,244,0.007150602233097911,85,0.002490988482841485,337,0.009876036690795065,243,0.007121296486240952,0.0067403217771004895,0.018960818216452246,-0.012220496439351757,0.025701139993552734,2015,34123,success
S2020-276,0000024545,TAP,Molson Coors Beverage Company,0000024545-21-000004,2020,2021-02-11,1.0.3,0.3.0,368,1596,-0.6252545824847251,1535,0.020104780615586116,586,0.007675180091683039,124,0.0016240995415848069,678,0.00888015717092338,659,0.008631303208906352,0.004819908316961362,0.020903732809430257,-0.016083824492468892,0.025723641126391618,4623,76350,success
S2020-277,0001103982,MDLZ,Mondelez International,0001103982-21-000004,2020,2021-02-05,1.0.3,0.3.0,458,1193,-0.4451847365233192,976,0.01761605660241138,393,0.0070933506606021225,103,0.001859071547180709,440,0.007941664861742834,403,0.007273843043823551,0.008266551151541405,0.021532741318316367,-0.013266190166774963,0.029799292469857772,3347,55404,success
S2020-278,0000865752,MNST,Monster Beverage,0001104659-21-029943,2020,2021-03-01,1.0.3,0.3.0,207,998,-0.6564315352697095,902,0.016730038022813688,390,0.007233608457757582,88,0.0016321988314940185,483,0.008958545859222851,407,0.007548919595659835,0.0038393767968097933,0.018510618566261707,-0.014671241769451915,0.0223499953630715,2870,53915,success
S2020-279,0001059556,MCO,Moody's Corporation,0001059556-21-000010,2020,2021-02-22,1.0.3,0.3.0,231,920,-0.5986099044309297,953,0.020506089426345915,342,0.007358953393295176,100,0.0021517407582734432,549,0.011813056762921203,391,0.008413306364849164,0.004970521151611654,0.01979601497611568,-0.014825493824504024,0.02476653612772733,2958,46474,success
S2020-280,0000895421,MS,Morgan Stanley,0000895421-21-000286,2020,2021-02-26,1.0.3,0.3.0,373,2489,-0.7393431167016072,2538,0.020752078887335344,658,0.0053801686004202745,223,0.001823370209564926,1750,0.014308959043670943,1300,0.010629512432441273,0.0030498524133081495,0.020351428034112558,-0.017301575620804407,0.023401280447420708,8228,122301,success
S2020-281,0001285785,MOS,Mosaic Company (The),0001618034-21-000003,2020,2021-02-22,1.0.3,0.3.0,317,1150,-0.5678254942058623,1095,0.015489072777424145,436,0.006167338567083952,101,0.0014286724662281633,903,0.012773180564396351,572,0.008091095551311975,0.004484051205884433,0.016267062734281065,-0.011783011528396633,0.0207511139401655,3912,70695,success
S2020-282,0000068505,MSI,Motorola Solutions,0000068505-21-000008,2020,2021-02-12,1.0.3,0.3.0,307,830,-0.4599824098504837,834,0.016396343261574756,393,0.007726334414626954,98,0.0019266686326550673,552,0.010852255971689767,361,0.007097218126413054,0.006035584390052098,0.01631770372554802,-0.01028211933549592,0.02235328811560012,2846,50865,success
S2020-283,0001013871,NRG,NRG Energy,0001013871-21-000005,2020,2021-03-01,1.0.3,0.3.0,308,1275,-0.6108654453569172,1295,0.016668597392233333,525,0.006757539483337838,170,0.002188155642223681,895,0.01151999588111879,754,0.009705113848450915,0.003964423163558198,0.01641116731667761,-0.012446744153119409,0.020375590480235805,4444,77691,success
S2020-284,0000906163,NVR,"NVR, Inc.",0000906163-21-000017,2020,2021-02-12,1.0.3,0.3.0,133,543,-0.606508875739645,548,0.018172171375513992,189,0.006267409470752089,75,0.002487067250298448,347,0.011506831144714152,354,0.011738957421408675,0.0044103992571959145,0.018006366892160765,-0.01359596763496485,0.022416766149356677,1881,30156,success
S2020-285,0001120193,NDAQ,"Nasdaq, Inc.",0001120193-21-000011,2020,2021-02-23,1.0.3,0.3.0,384,1468,-0.5853131749460043,1274,0.01590233916668747,504,0.0062910352747335046,155,0.0019347429912374866,888,0.011084205007863794,792,0.009885912574581221,0.004793169733130289,0.018323888458946003,-0.013530718725815712,0.02311705819207629,4661,80114,success
S2020-286,0001002047,NTAP,NetApp,0001564590-20-029349,2020,2020-06-15,1.0.3,0.3.0,242,858,-0.56,834,0.019289034854407104,429,0.009922057497051136,86,0.0019890371672410204,452,0.01045400929759234,359,0.008303073756273562,0.005597058075259616,0.019844114994102272,-0.014247056918842657,0.02544117306936189,2674,43237,success
S2020-287,0001065280,NFLX,Netflix,0001065280-21-000040,2020,2021-01-28,1.0.3,0.3.0,163,593,-0.5687830687830688,586,0.02172542913283654,358,0.01327253179105031,60,0.0022244466688911132,268,0.00993586178771364,282,0.010454899343788232,0.006043080117154191,0.021984947910873836,-0.015941867793719644,0.028028028028028028,1863,26973,success
S2020-288,0000814453,NWL,Newell Brands,0000814453-21-000050,2020,2021-02-19,1.0.3,0.3.0,354,1374,-0.5902777777777778,1057,0.018489688106774888,421,0.007364388545839383,135,0.0023615022652929136,543,0.009498486889289275,551,0.009638427764269595,0.006192383717879196,0.0240348452778701,-0.017842461559990905,0.030227228995749297,3681,57167,success
S2020-289,0001164727,NEM,Newmont,0001164727-21-000027,2020,2021-02-18,1.0.3,0.3.0,349,1619,-0.6453252032520326,1463,0.015729998817293322,600,0.006451127334501704,178,0.0019138344425688389,968,0.010407818766329416,659,0.0070854881890610386,0.0037524057329018246,0.017407291924263765,-0.01365488619136194,0.02115969765716559,4901,93007,success
S2020-290,0001564708,NWSA|NWS,News Corp (Class A)|News Corp (Class B),0001564708-20-000022,2020,2020-08-11,1.0.3,0.3.0,319,1340,-0.6154309825195902,1243,0.016698236139657974,462,0.006206424051908274,142,0.001907602197772673,647,0.008691680436330418,606,0.008140893886269294,0.004285388035841427,0.01800131651419283,-0.013715928478351402,0.022286704550034255,3963,74439,success
S2020-291,0000753308,NEE,NextEra Energy,0000753308-21-000014,2020,2021-02-12,1.0.3,0.3.0,216,871,-0.6025758969641214,1082,0.01809818516350255,367,0.006138663544367316,103,0.0017228401773019988,776,0.012979844442585932,543,0.009082545789077528,0.0036129463912352596,0.014568871790582923,-0.010955925399347663,0.01818181818181818,3446,59785,success
S2020-292,0001111711,NI,NiSource,0001111711-21-000010,2020,2021-02-17,1.0.3,0.3.0,195,1007,-0.6755407653910149,824,0.01554540995359016,344,0.006489831339848319,130,0.0024525525412217486,717,0.013526770554276875,470,0.008866920725955553,0.0036788288118326227,0.018997849300079236,-0.015319020488246614,0.02267667811191186,3186,53006,success
S2020-293,0000320187,NKE,"Nike, Inc.",0000320187-20-000047,2020,2020-07-24,1.0.3,0.3.0,235,958,-0.606035205364627,1062,0.023932933699914363,558,0.0125749312660567,86,0.001938071843872538,419,0.009442466309099923,301,0.0067832514535538825,0.005295893991977284,0.02158921891197548,-0.016293324919998197,0.026885112903952766,2915,44374,success
S2020-294,0000702165,NSC,Norfolk Southern,0000702165-21-000006,2020,2021-02-04,1.0.3,0.3.0,114,474,-0.6122448979591837,352,0.014614298762766752,154,0.006393755708710454,62,0.002574109441169144,295,0.012247778792659637,150,0.006227684131860832,0.0047330399402142325,0.01967948185668023,-0.014946441916465996,0.024412521796894463,1341,24086,success
S2020-295,0000073124,NTRS,Northern Trust,0000073124-21-000071,2020,2021-02-23,1.0.3,0.3.0,357,1529,-0.6214209968186638,1617,0.01946879214024273,424,0.005104989404738971,130,0.00156520901560393,802,0.009656135619341167,727,0.008753130418031208,0.004298304758235408,0.018409266037372377,-0.014110961279136967,0.022707570795607784,4949,83056,success
S2020-296,0001133421,NOC,Northrop Grumman,0001133421-21-000006,2020,2021-01-28,1.0.3,0.3.0,231,877,-0.5830324909747292,799,0.018401658222017503,340,0.00783049286043298,56,0.0012897282358360202,718,0.016536158452326116,352,0.008106863196683555,0.005320128972823583,0.020198065407646244,-0.014877936434822662,0.02551819438046983,2887,43420,success
S2020-297,0000849399,NLOK,NortonLifeLock,0000849399-20-000004,2020,2020-05-28,1.0.3,0.3.0,186,988,-0.6831345826235093,726,0.01988605237208283,411,0.011257806508162594,86,0.002355648077133779,442,0.01210693546619919,266,0.0072860742850882,0.005094773748219568,0.027062561630327598,-0.02196778788210803,0.03215733537854717,2534,36508,success
S2020-298,0001513761,NCLH,Norwegian Cruise Line Holdings,0001558370-21-001998,2020,2021-02-26,1.0.3,0.3.0,414,1240,-0.49939540507859737,1211,0.01701918347270044,594,0.008347972735577261,296,0.00415993254163446,774,0.010877661443327946,716,0.010062539526386059,0.005818284027826576,0.017426744431171388,-0.01160846040334481,0.023245028458997962,4401,71155,success
S2020-299,0001021860,NOV,Nov,0001564590-21-005708,2020,2021-02-12,1.0.3,0.3.0,225,617,-0.4655581947743468,552,0.017858298285344548,224,0.007246845681009382,59,0.0019087673891944354,336,0.010870268521514074,297,0.009608540925266904,0.007279197670656746,0.019961177612423164,-0.012681979941766418,0.02724037528307991,1922,30910,success
S2020-300,0000073309,NUE,Nucor,0001564590-21-009503,2020,2021-02-26,1.0.3,0.3.0,222,549,-0.42412451361867703,552,0.015960215115942866,170,0.004915283640779506,89,0.0025732955531139767,238,0.006881397097091309,301,0.008702943387497832,0.006418782166194414,0.0158734748163997,-0.009454692650205286,0.022292256982594114,1768,34586,success
S2020-301,0001045810,NVDA,Nvidia,0001045810-20-000010,2020,2020-02-20,1.0.3,0.3.0,193,596,-0.5107731305449936,485,0.01592461255581823,275,0.009029419490412399,65,0.0021342264250065668,335,0.010999474651956921,190,0.006238508011557657,0.006337010769634883,0.0195692146046756,-0.013232203835040715,0.02590622537431048,1753,30456,success
S2020-302,0000797468,OXY,Occidental Petroleum,0000797468-21-000009,2020,2021-02-26,1.0.3,0.3.0,313,1165,-0.5764546684709067,1120,0.01669449081803005,374,0.005574767469592177,114,0.0016992606725494872,770,0.011477462437395659,584,0.008704984497972811,0.0046655139518244695,0.0173652516098259,-0.01269973765800143,0.02203076556165037,3763,67088,success
S2020-303,0000878927,ODFL,Old Dominion,0001564590-21-008056,2020,2021-02-24,1.0.3,0.3.0,128,508,-0.5974842767295597,511,0.021153288901767604,272,0.011259676284306826,47,0.001945605828538312,248,0.010266175435691518,202,0.008361965475845511,0.005298671192614977,0.02102910129569069,-0.015730430103075715,0.026327772488305666,1569,24157,success
S2020-304,0000029989,OMC,Omnicom Group,0000029989-21-000004,2020,2021-02-18,1.0.3,0.3.0,143,472,-0.5349593495934959,487,0.014474231706592166,183,0.005438982345598288,48,0.001426618320156928,247,0.007341140105807525,314,0.00933246151102657,0.004250133745467515,0.014028413481543125,-0.009778279736075611,0.01827854722701064,1605,33646,success
S2020-305,0001039684,OKE,Oneok,0001039684-21-000015,2020,2021-02-23,1.0.3,0.3.0,193,815,-0.6170634920634921,861,0.01722241113755926,415,0.00830116216270278,73,0.0014602044286200068,555,0.011101554217590463,482,0.009641349788970455,0.0038605404756665933,0.016302282319524734,-0.01244174184385814,0.020162822795191326,2769,49993,success
S2020-306,0001341439,ORCL,Oracle Corporation,0001564590-20-030125,2020,2020-06-22,1.0.3,0.3.0,281,832,-0.4950584007187781,1061,0.021584782829824026,535,0.010883938561692605,101,0.0020547248499643983,624,0.012694537686908758,322,0.00655070694741125,0.0057166107211880784,0.016926050249211677,-0.011209439528023599,0.022642660970399756,3026,49155,success
S2020-307,0001781335,OTIS,Otis Worldwide,0001781335-21-000023,2020,2021-02-05,1.0.3,0.3.0,205,790,-0.5879396984924623,835,0.01832667573855406,363,0.0079671656204732,82,0.0017997454018699793,627,0.013761467889908258,344,0.007550151441991133,0.004499363504674949,0.017339010578991263,-0.012839647074316316,0.021838374083666214,2757,45562,success
S2020-308,0000898173,ORLY,O’Reilly Automotive,0000898173-21-000012,2020,2021-02-26,1.0.3,0.3.0,274,475,-0.2683578104138852,513,0.01363672612243813,207,0.005502538610808368,82,0.00217974959461974,207,0.005502538610808368,261,0.006937983465801855,0.007283553523485473,0.012626598261516787,-0.005343044738031314,0.01991015178500226,1695,37619,success
S2020-309,0000713676,PNC,PNC Financial Services,0000713676-21-000025,2020,2021-02-26,1.0.3,0.3.0,451,2278,-0.6694759985342617,1946,0.018777983634398643,544,0.005249343832020997,163,0.0015728732437857032,1128,0.010884668828161186,798,0.00770032422417786,0.004351937625443878,0.021981627296587928,-0.017629689671144047,0.026333564922031805,6417,103632,success
S2020-310,0000079879,PPG,PPG Industries,0000079879-21-000008,2020,2021-02-18,1.0.3,0.3.0,182,774,-0.6192468619246861,560,0.015273004963726614,179,0.004881906943762614,86,0.002345497190858016,535,0.014591174384988819,235,0.0064092074401352755,0.004963726613211149,0.02110947471772214,-0.01614574810451099,0.02607320133093329,2128,36666,success
S2020-311,0000922224,PPL,PPL Corporation,0000922224-21-000006,2020,2021-02-18,1.0.3,0.3.0,259,1215,-0.6485753052917232,1242,0.013441412971721085,456,0.004935011525849287,185,0.0020021428339520135,1579,0.01708855964762286,714,0.007727189099685068,0.002802999967532819,0.013149208341901062,-0.010346208374368242,0.01595220830943388,4961,92401,success
S2020-312,0000078239,PVH,PVH,0000078239-20-000023,2020,2020-04-01,1.0.3,0.3.0,257,762,-0.4955839057899902,752,0.01354686458539749,312,0.005620507647133,83,0.0014951991497180739,319,0.005746608780241754,420,0.007566067986525193,0.00462971302984994,0.013727009061267136,-0.009097296031417196,0.018356722091117075,2391,55511,success
S2020-313,0000075362,PCAR,Paccar,0001564590-21-006370,2020,2021-02-17,1.0.3,0.3.0,78,416,-0.6842105263157895,310,0.01177498385687697,105,0.003988300983780909,46,0.0017472556690849698,235,0.008926197439890607,183,0.006951038857446728,0.0029627378736658185,0.015801268659551032,-0.012838530785885214,0.01876400653321685,1187,26327,success
S2020-314,0000075677,PKG,Packaging Corporation of America,0001564590-21-008051,2020,2021-02-24,1.0.3,0.3.0,93,465,-0.6666666666666666,478,0.014970247416222987,211,0.006608205449420607,64,0.0020043845912934544,207,0.006482931412464766,323,0.010115878484184153,0.002912621359223301,0.014563106796116505,-0.011650485436893204,0.017475728155339806,1517,31930,success
S2020-315,0000076334,PH,Parker Hannifin,0000076334-20-000099,2020,2020-08-26,1.0.3,0.3.0,130,381,-0.4911937377690802,466,0.018702090941927197,183,0.007344383352731067,56,0.0022474615724204358,239,0.009591844925151503,188,0.007545049564554321,0.005217321507404583,0.015290765340931893,-0.010073443833527311,0.020508086848336476,1383,24917,success
S2020-316,0001633917,PYPL,PayPal,0001633917-21-000018,2020,2021-02-05,1.0.3,0.3.0,335,1423,-0.6188850967007964,1053,0.018748330811003293,497,0.00884892726787145,108,0.0019229057242054661,747,0.013300097925754473,429,0.0076382088489272675,0.005964568681563251,0.02533606338467017,-0.019371494703106916,0.031300632066233416,3906,56165,success
S2020-317,0000723531,PAYX,Paychex,0000723531-20-000048,2020,2020-07-17,1.0.3,0.3.0,199,634,-0.5222088835534213,744,0.020523571763537557,400,0.01103417836749331,81,0.0022344211194173956,335,0.009241124382775648,299,0.00824804832970125,0.005489503737827922,0.017489172712476898,-0.011999668974648976,0.022978676450304818,2113,36251,success
S2020-318,0001590955,PAYC,Paycom,0001564590-21-006660,2020,2021-02-18,1.0.3,0.3.0,240,633,-0.45017182130584193,696,0.018436109345200253,396,0.01048951048951049,92,0.0024369569824115277,353,0.009350497986861623,347,0.009191566009747828,0.006357279084551812,0.016767323585505405,-0.010410044500953591,0.023124602670057216,2240,37752,success
S2020-319,0000077360,PNR,Pentair,0000077360-21-000005,2020,2021-02-16,1.0.3,0.3.0,195,787,-0.6028513238289206,750,0.018772057167171428,386,0.009661352088704228,72,0.001802117488048457,433,0.01083773433784697,378,0.0094611168122544,0.004880734863464571,0.019698145320751884,-0.014817410457287312,0.024578880184216455,2443,39953,success
S2020-320,0000077476,PEP,PepsiCo,0000077476-21-000007,2020,2021-02-11,1.0.3,0.3.0,262,766,-0.490272373540856,692,0.015050349072402618,199,0.004328062811283412,85,0.0018486700450205528,420,0.00913460492833685,337,0.007329433002022662,0.005698253550533939,0.016659779464538158,-0.01096152591400422,0.0223580330150721,2424,45979,success
S2020-321,0001585364,PRGO,Perrigo,0001585364-21-000012,2020,2021-03-01,1.0.3,0.3.0,476,2266,-0.6528081692195478,1321,0.01627228045971348,615,0.007575664256414679,238,0.0029317204764661682,1499,0.018464911740431876,642,0.007908254394501176,0.0058634409529323365,0.02791293529274091,-0.022049494339808576,0.03377637624567325,5705,81181,success
S2020-322,0000078003,PFE,Pfizer,0000078003-21-000038,2020,2021-02-25,1.0.3,0.3.0,567,1539,-0.46153846153846156,1174,0.016947929147839644,479,0.006914870580762513,132,0.0019055593249700453,1168,0.01686131281488646,422,0.006092015417707266,0.008185243464075877,0.022217089402491664,-0.014031845938415787,0.03040233286656754,4537,69271,success
S2020-323,0001413329,PM,Philip Morris International,0001413329-21-000007,2020,2021-02-09,1.0.3,0.3.0,280,1339,-0.654107473749228,866,0.016485189979441102,270,0.005139724358486256,121,0.0023033579532475445,1012,0.01926444833625219,383,0.007290794182593467,0.005330084519911673,0.02548922561486332,-0.02015914109495165,0.030819310134774996,3597,52532,success
S2020-324,0001534701,PSX,Phillips 66,0001534701-21-000074,2020,2021-02-24,1.0.3,0.3.0,197,800,-0.60481444332999,768,0.015092856440994399,329,0.00646555959516557,94,0.001847302741475877,519,0.010199469391765746,516,0.010140512921293112,0.003871474894369657,0.015721725459369167,-0.011850250564999509,0.019593200353738825,2686,50885,success
S2020-325,0000764622,PNW,Pinnacle West Capital,0000764622-21-000013,2020,2021-02-24,1.0.3,0.3.0,316,1005,-0.5215745647236941,1039,0.014379428697962798,418,0.005784986713906112,216,0.0029893711248892827,1153,0.01595715234720992,579,0.008013175376439327,0.004373339238263951,0.013908879539415412,-0.009535540301151462,0.01828221877767936,4109,72256,success
S2020-326,0000945841,POOL,Pool Corporation,0000945841-21-000022,2020,2021-02-25,1.0.3,0.3.0,282,516,-0.2932330827067669,632,0.018162485271718827,225,0.00646607466160876,82,0.0023565249877863033,202,0.0058050981406443086,300,0.008621432882145013,0.008104146909216311,0.014828864557289422,-0.00672471764807311,0.022933011466505733,1871,34797,success
S2020-327,0001126328,PFG,Principal Financial Group,0001104659-21-022074,2020,2021-02-12,1.0.3,0.3.0,532,2102,-0.5960516324981018,2240,0.019167579408543262,738,0.006315032858707557,261,0.002233365279299014,1344,0.011500547645125958,782,0.006691538882803943,0.004552300109529025,0.01798671960569551,-0.013434419496166484,0.022539019715224533,6786,116864,success
S2020-328,0000080424,PG,Procter & Gamble,0000080424-20-000053,2020,2020-08-06,1.0.3,0.3.0,278,674,-0.41596638655462187,741,0.01779068929917649,250,0.0060022568485750645,52,0.0012484694245036133,225,0.005402031163717558,305,0.007322753355261578,0.006674509615615471,0.016182084463758375,-0.009507574848142901,0.022856594079373845,2098,41651,success
S2020-329,0000080661,PGR,Progressive Corporation,0000080661-21-000014,2020,2021-03-01,1.0.3,0.3.0,155,611,-0.5953002610966057,473,0.023182865264912023,269,0.01318433563691614,39,0.001911483605352154,300,0.014703720041170416,188,0.009214331225800128,0.007596922021271381,0.029946576483850414,-0.022349654462579034,0.03754349850512179,1626,20403,success
S2020-330,0001045609,PLD,Prologis,0001564590-21-005312,2020,2021-02-11,1.0.3,0.3.0,226,463,-0.3439767779390421,619,0.015464947783940438,285,0.007120371758357068,81,0.0020236846050067456,213,0.0053215409983510716,241,0.006021086293908959,0.005646329885574376,0.01156748113726078,-0.005921151251686404,0.017213811022835156,1798,40026,success
S2020-331,0001137774,PRU,Prudential Financial,0001137774-21-000049,2020,2021-02-19,1.0.3,0.3.0,739,2339,-0.5198180636777128,2655,0.018820710579295092,704,0.004990501034961862,302,0.002140811523520572,1757,0.012454986247767034,829,0.005876598519862762,0.005238608330734114,0.016580656137465618,-0.011342047806731505,0.021819264468199734,8092,141068,success
S2020-332,0000788784,PEG,Public Service Enterprise Group,0000788784-21-000007,2020,2021-03-01,1.0.3,0.3.0,463,1228,-0.4523950325251331,1326,0.015312308740487546,589,0.006801621303278405,252,0.0029100315253415246,1137,0.013129785096481402,813,0.00938831599247087,0.005346605540607642,0.014180629813965841,-0.0088340242733582,0.019527235354573486,4996,86597,success
S2020-333,0001393311,PSA,Public Storage,0001562762-21-000058,2020,2021-02-24,1.0.3,0.3.0,194,533,-0.46629986244841815,642,0.018737960422625648,253,0.00738427412293503,67,0.001955519234136945,263,0.007676142665343529,244,0.0071215924347673805,0.0056622497227248846,0.015556593310373007,-0.009894343587648123,0.021218843033097894,1838,34262,success
S2020-334,0000822416,PHM,PulteGroup,0000822416-21-000007,2020,2021-02-02,1.0.3,0.3.0,201,690,-0.5488215488215489,542,0.015478196304652025,260,0.007424965016991747,49,0.0013993203301253677,409,0.011680041122883171,343,0.009795242310877575,0.005740069109289774,0.019704714852785788,-0.013964645743496016,0.025444783962075564,2039,35017,success
S2020-335,0001604778,QRVO,Qorvo,0001604778-20-000030,2020,2020-05-20,1.0.3,0.3.0,218,719,-0.5346851654215582,653,0.01617097149649588,332,0.008221688417820262,105,0.00260023278274436,269,0.006661548748173646,398,0.009856120452688145,0.005398578539412099,0.01780540353136376,-0.01240682499195166,0.02320398207077586,2238,40381,success
S2020-336,0000804328,QCOM,Qualcomm,0001728949-20-000067,2020,2020-11-04,1.0.3,0.3.0,423,1364,-0.5265808617795188,1051,0.017469499019314518,594,0.00987334197666301,100,0.0016621787839500018,785,0.013048103454007512,471,0.007828862072404508,0.007031016256108507,0.022672118613078024,-0.015641102356969517,0.02970313486918653,3938,60162,success
S2020-337,0001050915,PWR,Quanta Services,0001050915-21-000009,2020,2021-03-01,1.0.3,0.3.0,346,1992,-0.7040205303678357,1560,0.02045177445363609,726,0.009517941188038333,146,0.00191407632707107,1048,0.01373939719705809,786,0.010304547897793568,0.004536098692921851,0.026115342763873776,-0.021579244070951926,0.030651441456795627,5504,76277,success
S2020-338,0001022079,DGX,Quest Diagnostics,0001022079-21-000029,2020,2021-02-22,1.0.3,0.3.0,508,922,-0.2895104895104895,776,0.014806334668956306,304,0.005800419767219996,80,0.0015264262545315779,398,0.007593970616294601,300,0.005724098454493417,0.00969280671627552,0.017592062583476436,-0.007899255867200916,0.027284869299751956,2798,52410,success
S2020-339,0000101829,RTX,RTX Corporation,0000101829-21-000008,2020,2021-02-08,1.0.3,0.3.0,371,1590,-0.6216216216216216,1372,0.01842179464801214,544,0.007304268431864871,118,0.0015843817554412772,996,0.013373256173046712,661,0.008875223223276985,0.004981403654819609,0.02134887280636975,-0.016367469151550143,0.02633027646118936,4859,74477,success
S2020-340,0001037038,RL,Ralph Lauren Corporation,0001037038-20-000014,2020,2020-05-27,1.0.3,0.3.0,326,1108,-0.5453277545327755,921,0.016033285169646434,390,0.0067893389969186846,123,0.0021412530682589697,336,0.0058492766742684055,452,0.00786866981181345,0.005675191058962798,0.01928868617586129,-0.01361349511689849,0.024963877234824086,3043,57443,success
S2020-341,0000720005,RJF,Raymond James Financial,0000720005-20-000063,2020,2020-11-24,1.0.3,0.3.0,260,1382,-0.6833130328867235,1259,0.017650852400179454,532,0.007458501570210857,94,0.0013178555406011664,696,0.009757738896366084,692,0.009701659937191565,0.003645132346343652,0.01937528039479587,-0.01573014804845222,0.023020412741139525,4135,71328,success
S2020-342,0000726728,O,Realty Income,0000726728-21-000043,2020,2021-02-23,1.0.3,0.3.0,251,693,-0.4682203389830508,845,0.017598667083203165,415,0.00864313235447256,116,0.0024159116942622095,307,0.006393835259814642,416,0.008663959179423097,0.005227533062584609,0.01443298969072165,-0.00920545662813704,0.019660522753306257,2511,48015,success
S2020-343,0000910606,REG,Regency Centers,0001564590-21-006390,2020,2021-02-17,1.0.3,0.3.0,182,621,-0.5466998754669987,727,0.018566758606599246,389,0.009934620492389417,105,0.002681581366840331,236,0.006027173357850649,308,0.007865972009398304,0.004648074369189907,0.015859638369598528,-0.011211564000408621,0.020507712738788438,2071,39156,success
S2020-344,0000872589,REGN,Regeneron Pharmaceuticals,0001804220-21-000008,2020,2021-02-08,1.0.3,0.3.0,832,1798,-0.3673003802281369,1362,0.017357836515178547,827,0.010539596768026916,284,0.003619402034001988,1252,0.015955955445670737,746,0.0095073025259348,0.010603318634822726,0.02291438329977315,-0.012311064664950425,0.03351770193459588,5911,78466,success
S2020-345,0001281761,RF,Regions Financial Corporation,0001281761-21-000012,2020,2021-02-24,1.0.3,0.3.0,347,1800,-0.6767582673497904,1721,0.020056171264086518,646,0.007528347842300924,233,0.0027153328904893424,738,0.008600496451421179,822,0.00957941474670489,0.004043864862660094,0.02097682061322239,-0.016932955750562296,0.025020685475882484,5399,85809,success
S2020-346,0001060391,RSG,Republic Services,0001060391-21-000014,2020,2021-02-23,1.0.3,0.3.0,351,989,-0.4761194029850746,1040,0.017500168270848757,467,0.007858248637006125,173,0.0029110856835161875,626,0.010533755132260887,620,0.01043279262300599,0.0059063067914114555,0.016641986942182135,-0.01073568015077068,0.022548293733593593,3619,59428,success
S2020-347,0000943819,RMD,ResMed,0000943819-20-000013,2020,2020-08-13,1.0.3,0.3.0,233,1139,-0.6603498542274052,769,0.015677240479491154,448,0.009133164804697056,142,0.002894887058631656,684,0.013944385550028542,467,0.009520508847753404,0.0047500611595857455,0.02322025605479899,-0.018470194895213243,0.027970317214384734,3211,49052,success
S2020-348,0000315213,RHI,Robert Half,0000315213-21-000025,2020,2021-02-12,1.0.3,0.3.0,140,548,-0.5930232558139535,457,0.017784177141300542,182,0.007082538817760828,58,0.0022570728100556486,351,0.013659182005681596,182,0.007082538817760828,0.005448106782892944,0.021325446550180954,-0.01587733976728801,0.0267735533330739,1592,25697,success
S2020-349,0001024478,ROK,Rockwell Automation,0001024478-20-000038,2020,2020-11-10,1.0.3,0.3.0,178,458,-0.44025157232704404,571,0.01779037886340977,189,0.005888584247258226,44,0.0013708873379860418,307,0.00956505483549352,224,0.006979062811565304,0.005545862412761715,0.014269690927218345,-0.00872382851445663,0.01981555333998006,1663,32096,success
S2020-350,0000084839,ROL,"Rollins, Inc.",0001171200-21-000076,2020,2021-02-26,1.0.3,0.3.0,122,539,-0.6308623298033282,453,0.017113713638080848,167,0.006309029089535323,55,0.00207782395164337,366,0.01382697393275406,208,0.007857952398942198,0.00460899131091802,0.020362674726105024,-0.015753683415187004,0.024971666037023044,1601,26470,success
S2020-351,0000882835,ROP,Roper Technologies,0000882835-21-000011,2020,2021-02-22,1.0.3,0.3.0,119,501,-0.6161290322580645,488,0.017189756595864594,199,0.007009757300362816,59,0.0020782697523688753,228,0.008031279721018704,266,0.009369826341188488,0.0041917644157948505,0.01764768043960689,-0.01345591602381204,0.02183944485540174,1530,28389,success
S2020-352,0000745732,ROST,Ross Stores,0000745732-20-000016,2020,2020-03-31,1.0.3,0.3.0,147,465,-0.5196078431372549,417,0.01602120792992162,212,0.008145074535116028,54,0.002074688796680498,179,0.006877209159366836,187,0.007184570462578761,0.005647763946519133,0.017865375749193176,-0.012217611802674043,0.02351313969571231,1383,26028,success
S2020-353,0000884887,RCL,Royal Caribbean Group,0000884887-21-000006,2020,2021-02-26,1.0.3,0.3.0,356,1352,-0.5831381733021077,1341,0.01719958443957059,494,0.0063360139546218275,261,0.0033475701258224634,572,0.007336437210614747,820,0.010517270127105058,0.004566034347865122,0.017340669770543948,-0.012774635422678825,0.02190670411840907,4368,77967,success
S2020-354,0000064040,SPGI,S&P Global,0000064040-21-000063,2020,2021-02-09,1.0.3,0.3.0,395,961,-0.4174041297935103,919,0.0171269894517127,398,0.007417346900741735,128,0.002385478400238548,675,0.012579671251257966,408,0.007603712400760371,0.007361437250736144,0.017909724551790972,-0.010548287301054829,0.025271161802527115,3264,53658,success
S2020-355,0001034054,SBAC,SBA Communications,0001034054-21-000003,2020,2021-02-25,1.0.3,0.3.0,188,602,-0.5240506329113924,778,0.016138735038479887,376,0.0077996971394195865,178,0.0036924098160018254,332,0.0068869666231045285,477,0.00989482855187006,0.0038998485697097933,0.012487812973219657,-0.008587964403509864,0.01638766154292945,2460,48207,success
S2020-356,0001040971,SLG,SL Green Realty,0001040971-21-000007,2020,2021-02-26,1.0.3,0.3.0,324,671,-0.3487437185929648,750,0.013023094287202639,404,0.007015106789373155,134,0.002326792845980205,282,0.004896683451988192,361,0.006268449383573537,0.00562597673207154,0.011651328355617295,-0.006025351623545754,0.017277305087688835,2421,57590,success
S2020-357,0001108524,CRM,Salesforce,0001108524-20-000014,2020,2020-03-05,1.0.3,0.3.0,362,928,-0.4387596899224806,1022,0.020750426378624218,537,0.010903110533582392,75,0.0015227808007796638,546,0.011085844229675953,405,0.008223016324210184,0.007349955331763177,0.01884187444164704,-0.011491919109883862,0.026191829773410218,3143,49252,success
S2020-358,0000087347,SLB,Schlumberger,0001564590-21-002477,2020,2021-01-27,1.0.3,0.3.0,148,404,-0.463768115942029,382,0.01755514705882353,140,0.006433823529411764,41,0.0018841911764705883,170,0.0078125,175,0.008042279411764705,0.006801470588235294,0.018566176470588235,-0.011764705882352941,0.02536764705882353,1229,21760,success
S2020-359,0001137789,STX,Seagate Technology,0001137789-20-000057,2020,2020-08-07,1.0.3,0.3.0,252,1073,-0.6196226415094339,878,0.018761084638560653,459,0.009807901878245262,157,0.003354772537874741,475,0.010149789525417209,412,0.008803606914677664,0.005384730442958183,0.022927840338468772,-0.017543109895510587,0.028312570781426953,3072,46799,success
S2020-360,0001032208,SRE,Sempra,0001032208-21-000007,2020,2021-02-25,1.0.3,0.3.0,448,2194,-0.6608629825889477,1936,0.01660875906146785,950,0.008149959250203748,217,0.0018616222708360143,1620,0.013897825247715866,920,0.007892592115986788,0.00384334920430661,0.01882211641573371,-0.0149787672114271,0.02266546562004032,6936,116565,success
S2020-361,0001373715,NOW,ServiceNow,0001373715-21-000061,2020,2021-02-12,1.0.3,0.3.0,261,864,-0.536,879,0.019855881090605165,487,0.011000926156000812,108,0.0024396304411665047,502,0.011339763717273939,333,0.00752219386026339,0.005895773566152386,0.019517043529332038,-0.013621269963179652,0.025412817095484423,2816,44269,success
S2020-362,0000089800,SHW,Sherwin-Williams,0000089800-21-000010,2020,2021-02-19,1.0.3,0.3.0,141,961,-0.7441016333938294,642,0.01548480463096961,245,0.005909310178485287,66,0.0015918958031837917,648,0.015629522431259046,287,0.006922334780511337,0.003400868306801737,0.02317896767969127,-0.019778099372889532,0.026579835986493005,2442,41460,success
S2020-363,0001063761,SPG,Simon Property Group,0001558370-21-001700,2020,2021-02-25,1.0.3,0.3.0,309,841,-0.46260869565217394,877,0.013808849000157455,432,0.0068020784128483705,130,0.0020469217446071487,277,0.004361517871201386,508,0.007998740355849472,0.004865375531412376,0.013242009132420091,-0.008376633601007715,0.01810738466383247,2796,63510,success
S2020-364,0000004127,SWKS,Skyworks Solutions,0000004127-20-000058,2020,2020-11-17,1.0.3,0.3.0,213,653,-0.5080831408775982,620,0.02031920820633828,347,0.01137220201225707,61,0.001999147904171992,328,0.010749516599482188,285,0.009340281191623242,0.006980631206371055,0.02140071444957887,-0.014420083243207813,0.02838134565594992,2042,30513,success
S2020-365,0000092122,SO,Southern Company,0000092122-21-000006,2020,2021-02-18,1.0.3,0.3.0,387,1406,-0.5683212493028444,1571,0.01157683748212996,575,0.004237225685693652,231,0.0017022593624264934,1829,0.01347806222458033,927,0.006831144714153071,0.0028518371136755536,0.010360937937539609,-0.007509100823864055,0.013212775051215162,6036,135702,success
S2020-366,0000092380,LUV,Southwest Airlines,0000092380-21-000033,2020,2021-02-08,1.0.3,0.3.0,368,1123,-0.5063715627095908,915,0.013730286160171665,345,0.005176993142359808,172,0.0025809936825677885,636,0.009543674314611126,591,0.008868414339520715,0.005522126018517129,0.016851487822811782,-0.011329361804294653,0.022373613841328913,3566,66641,success
S2020-367,0000829224,SBUX,Starbucks,0000829224-20-000078,2020,2020-11-12,1.0.3,0.3.0,260,782,-0.5009596928982726,735,0.017099783635390737,296,0.006886443477653956,69,0.0016052858106693343,320,0.0074448037596258985,336,0.007817043947607193,0.006048903054696042,0.01819323918758579,-0.012144336132889746,0.02424214224228183,2287,42983,success
S2020-368,0000093751,STT,State Street Corporation,0000093751-21-000476,2020,2021-02-19,1.0.3,0.3.0,531,2397,-0.6372950819672131,2925,0.02503616334705686,913,0.007814706713115526,202,0.0017289931610617046,1253,0.010724893221833245,1062,0.009090053153700645,0.0045450265768503225,0.020516814886459928,-0.015971788309609606,0.025061841463310253,8007,116831,success
S2020-369,0001757898,STE,Steris,0001757898-20-000012,2020,2020-05-29,1.0.3,0.3.0,127,457,-0.565068493150685,472,0.01590082199164533,139,0.004682657323810807,68,0.0022907963886268697,311,0.01047702465974936,242,0.0081525400889368,0.004278399137582536,0.015395499258859992,-0.011117100121277456,0.019673898396442527,1574,29684,success
S2020-370,0000310764,SYK,Stryker Corporation,0000310764-21-000027,2020,2021-02-11,1.0.3,0.3.0,175,528,-0.5021337126600285,485,0.01689542255974361,207,0.007211036020344179,59,0.002055319445412109,324,0.011286838988364802,212,0.0073852156343621545,0.0060962864906291365,0.018393367240298195,-0.012297080749669058,0.024489653730927333,1655,28706,success
S2020-371,0001601712,SYF,Synchrony Financial,0001601712-21-000057,2020,2021-02-11,1.0.3,0.3.0,317,1563,-0.6627659574468086,1388,0.020063892221627952,607,0.008774339033521733,179,0.0025874904233943825,850,0.012286965697682823,666,0.00962719900547854,0.004582315442547594,0.022593561629974415,-0.01801124618742682,0.027175877072522007,4748,69179,success
S2020-372,0000883241,SNPS,Synopsys,0000883241-20-000015,2020,2020-12-15,1.0.3,0.3.0,222,617,-0.47079856972586415,689,0.01885811254652945,321,0.008785855047076855,62,0.001696956426538209,437,0.011960805780599956,286,0.007827895774031092,0.006076198817604554,0.016887453470549596,-0.010811254652945041,0.02296365228815415,2196,36536,success
S2020-373,0000096021,SYY,Sysco,0000096021-20-000100,2020,2020-08-26,1.0.3,0.3.0,226,972,-0.6227045075125208,891,0.017352523029583032,392,0.007634331119636979,132,0.00257074415253082,419,0.008160165150836465,446,0.008685999182035952,0.004401425594484585,0.01893002512318149,-0.014528599528696905,0.023331450717666076,2944,51347,success
S2020-374,0001283699,TMUS,T-Mobile US,0001283699-21-000039,2020,2021-02-23,1.0.3,0.3.0,225,1069,-0.652241112828439,955,0.01443972360403405,404,0.0061085322890363945,139,0.002101697990534799,673,0.010175847105251221,614,0.009283759468981054,0.0034020291213692788,0.01616341835886115,-0.012761389237491873,0.01956544748023043,3518,66137,success
S2020-375,0001113169,TROW,T. Rowe Price,0001113169-21-000006,2020,2021-02-11,1.0.3,0.3.0,205,472,-0.39438700147710487,452,0.013765798690421806,210,0.006395614435815441,80,0.0024364245469773106,286,0.008710217755443886,229,0.006974265265722552,0.006243337901629359,0.014374904827166133,-0.008131566925536775,0.02061824272879549,1637,32835,success
S2020-376,0001385157,TEL,TE Connectivity,0001558370-20-013511,2020,2020-11-10,1.0.3,0.3.0,176,842,-0.6542239685658153,789,0.017649427344309233,303,0.006777916964924839,145,0.0032435576234788833,513,0.011475483178239083,421,0.009417501789549034,0.003937007874015748,0.018835003579098068,-0.01489799570508232,0.022772011453113816,2702,44704,success
S2020-377,0000109198,TJX,TJX Companies,0000109198-20-000004,2020,2020-03-27,1.0.3,0.3.0,149,576,-0.5889655172413794,591,0.017408465639635926,297,0.0087484167427612,55,0.0016200771745854075,278,0.008188753718813514,223,0.006568676544228107,0.004388936345695013,0.01696662641020354,-0.012577690064508528,0.021355562755898554,1791,33949,success
S2020-378,0000946581,TTWO,Take-Two Interactive,0001628280-20-008291,2020,2020-05-22,1.0.3,0.3.0,270,892,-0.5352839931153184,880,0.01996143813088352,501,0.011364409663150731,99,0.002245661789724396,419,0.009504366564591131,382,0.008665078824997164,0.006124532153793808,0.020233639559941022,-0.014109107406147216,0.02635817171373483,2776,44085,success
S2020-379,0001116132,TPR,"Tapestry, Inc.",0001116132-20-000022,2020,2020-08-13,1.0.3,0.3.0,234,704,-0.5010660980810234,771,0.018143737939473808,317,0.007459876688473667,107,0.0025180025415352755,268,0.006306772720854709,353,0.008307055113663106,0.00550665976373135,0.01656704475926013,-0.01106038499552878,0.02207370452299148,2260,42494,success
S2020-380,0000027419,TGT,Target Corporation,0000027419-20-000008,2020,2020-03-11,1.0.3,0.3.0,98,393,-0.6008146639511202,340,0.016614542611415168,165,0.008062939796716184,36,0.0017591868647380765,184,0.008991399530883503,172,0.008405003909304144,0.004788897576231431,0.019204456606724003,-0.014415559030492572,0.023993354182955434,1138,20464,success
S2020-381,0001681459,FTI,TechnipFMC,0001681459-21-000043,2020,2021-03-05,1.0.3,0.3.0,575,1092,-0.3101379724055189,912,0.014439290068238311,422,0.006681338167540096,169,0.002675701777995915,631,0.009990342141511377,563,0.008913728408353257,0.009103719067145865,0.017289149950127453,-0.008185430882981586,0.026392869017273318,3691,63161,success
S2020-382,0000096943,TFX,Teleflex,0000096943-21-000013,2020,2021-02-25,1.0.3,0.3.0,259,1007,-0.5908372827804107,825,0.01803357523826178,408,0.008918422663285826,130,0.002841654279968523,460,0.010055084375273237,487,0.010645274110343621,0.005661449680860365,0.022011891230217715,-0.016350441549357348,0.02767334091107808,2979,45748,success
S2020-383,0000097210,TER,Teradyne,0001193125-21-050735,2020,2021-02-22,1.0.3,0.3.0,171,467,-0.46394984326018807,580,0.018308080808080808,244,0.007702020202020202,74,0.0023358585858585857,253,0.00798611111111111,294,0.009280303030303031,0.005397727272727273,0.014741161616161616,-0.009343434343434343,0.02013888888888889,1741,31680,success
S2020-384,0001318605,TSLA,"Tesla, Inc.",0001564590-21-004599,2020,2021-02-08,1.0.3,0.3.0,308,1055,-0.5480557593543653,913,0.014476667670889688,501,0.00794393264306214,170,0.002695546006627872,762,0.012082388570884933,442,0.007008419617232467,0.004883695117890497,0.01672824139407297,-0.011844546276182472,0.021611936511963466,3405,63067,success
S2020-385,0000097476,TXN,Texas Instruments,0000097476-21-000006,2020,2021-02-05,1.0.3,0.3.0,149,309,-0.34934497816593885,357,0.016185337987940335,170,0.007707303803781112,54,0.002448202384730471,176,0.007979326290973388,139,0.006301854286621027,0.006755225098608151,0.01400915809040214,-0.007253932991793988,0.02076438318901029,1109,22057,success
S2020-386,0000217346,TXT,Textron,0001104659-20-024773,2020,2020-02-25,1.0.3,0.3.0,216,667,-0.5107587768969423,603,0.015186239202155791,210,0.005288740020651271,65,0.0016369909587730122,633,0.01594177349082026,316,0.007958294507265722,0.005439846878384164,0.016798045684639988,-0.011358198806255824,0.02223789256302415,2362,39707,success
S2020-387,0000097745,TMO,Thermo Fisher Scientific,0000097745-21-000011,2020,2021-02-25,1.0.3,0.3.0,256,716,-0.4732510288065844,612,0.015403589136945962,250,0.006292315823915834,77,0.001938033273766077,442,0.011124814376683195,320,0.008054164254612268,0.006443331403689814,0.01802119251969495,-0.011577861116005134,0.024464523923384763,2284,39731,success
S2020-388,0000916365,TSCO,Tractor Supply,0000916365-21-000052,2020,2021-02-18,1.0.3,0.3.0,287,811,-0.4772313296903461,751,0.01879896868507347,334,0.008360659841297654,105,0.0026283511477133343,298,0.007459510876367368,379,0.009487096047460512,0.007184159803749781,0.020300883626623946,-0.013116723822874165,0.027485043430373727,2396,39949,success
S2020-389,0001466258,TT,Trane Technologies,0001466258-21-000027,2020,2021-02-09,1.0.3,0.3.0,250,852,-0.5462794918330308,765,0.017260830324909746,288,0.006498194945848376,109,0.0024593862815884475,611,0.01378610108303249,328,0.00740072202166065,0.005640794223826715,0.019223826714801443,-0.01358303249097473,0.02486462093862816,2695,44320,success
S2020-390,0001260221,TDG,TransDigm Group,0001260221-20-000099,2020,2020-11-12,1.0.3,0.3.0,197,738,-0.5786096256684492,763,0.016466322808986338,252,0.005438418542417506,122,0.0026328851673608562,392,0.0084597621770939,404,0.00871873448863759,0.004251462114508924,0.015926797159936983,-0.011675335045428059,0.020178259274445907,2489,46337,success
S2020-391,0000086312,TRV,Travelers Companies (The),0000086312-21-000011,2020,2021-02-11,1.0.3,0.3.0,456,3012,-0.7370242214532872,1866,0.019465887752973084,735,0.007667431671187148,130,0.0013561443772167744,2088,0.02178176507406635,696,0.0072605883580221155,0.004756937200083455,0.03142082203213019,-0.026663884832046736,0.03617775923221365,7400,95860,success
S2020-392,0000092230,TFC,Truist Financial,0000092230-21-000032,2020,2021-02-24,1.0.3,0.3.0,363,1495,-0.6092572658772875,1433,0.020464412201530904,527,0.007525991088769565,141,0.002013595338741003,748,0.010682051867930996,698,0.009968010967668228,0.005183936935907689,0.021349822917856736,-0.016165885981949048,0.026533759853764424,4658,70024,success
S2020-393,0000860731,TYL,Tyler Technologies,0000860731-21-000014,2020,2021-02-19,1.0.3,0.3.0,254,638,-0.4304932735426009,549,0.015287794826097854,218,0.006070563337139038,100,0.0027846620812564393,433,0.012057586811840383,269,0.007490740998579822,0.0070730416863913565,0.017766144078416084,-0.010693102392024728,0.02483918576480744,2097,35911,success
S2020-394,0000100493,TSN,Tyson Foods,0000100493-20-000132,2020,2020-11-16,1.0.3,0.3.0,231,1154,-0.6664259927797834,965,0.021455887584489505,343,0.007626289576663109,87,0.0019343649946638208,649,0.014429918178584134,367,0.008159907506225543,0.00513607257203842,0.02565812877979367,-0.020522056207755247,0.030794201351832088,3091,44976,success
S2020-395,0000036104,USB,U.S. Bancorp,0001193125-21-052547,2020,2021-02-23,1.0.3,0.3.0,26,63,-0.4157303370786517,68,0.009590973201692525,37,0.005218617771509168,16,0.002256699576868829,92,0.012976022566995768,98,0.01382228490832158,0.0036671368124118475,0.008885754583921015,-0.005218617771509168,0.012552891396332862,357,7090,success
S2020-396,0000074208,UDR,"UDR, Inc.",0000074208-21-000025,2020,2021-02-18,1.0.3,0.3.0,439,1249,-0.47985781990521326,1523,0.01645134808157622,592,0.006394745938472174,237,0.0025600587625302456,503,0.005433373660559972,583,0.006297528517110266,0.004742049775319737,0.013491617697891463,-0.008749567922571725,0.018233667473211198,4332,92576,success
S2020-397,0001403568,ULTA,Ulta Beauty,0001558370-20-003272,2020,2020-03-27,1.0.3,0.3.0,274,559,-0.34213685474189676,561,0.01595835466803209,298,0.008476986971610628,64,0.0018205609603459067,248,0.007054673721340388,303,0.008619218296637652,0.007794276611480913,0.015901462138021277,-0.008107185526540365,0.02369573874950219,1902,35154,success
S2020-398,0001336917,UAA|UA,Under Armour (Class A)|Under Armour (Class C),0001336917-21-000009,2020,2021-02-24,1.0.3,0.3.0,368,1364,-0.5750577367205543,887,0.01576412462011481,432,0.007677679634599321,110,0.001954964721772975,528,0.009383830664510281,528,0.009383830664510281,0.006540245614658681,0.024241562549984892,-0.017701316935326214,0.030781808164643574,3469,56267,success
S2020-399,0000100885,UNP,Union Pacific Corporation,0000100885-21-000068,2020,2021-02-05,1.0.3,0.3.0,239,608,-0.43565525383707204,559,0.015306262150543523,228,0.006242983488951562,88,0.002409572574683059,401,0.010979984118726213,216,0.005914405410585691,0.006544180060786944,0.0166479559705375,-0.010103775909750555,0.023192136031324445,1977,36521,success
S2020-400,0000100517,UAL,United Airlines Holdings,0000100517-21-000016,2020,2021-03-01,1.0.3,0.3.0,269,1078,-0.6005939123979213,996,0.016697681436402958,518,0.008684135526161377,135,0.0022632399537293167,444,0.007443544736709752,646,0.01083002229710473,0.004509715167060638,0.018072390149038543,-0.013562674981977904,0.02258210531609918,3405,59649,success
S2020-401,0001090727,UPS,United Parcel Service,0001090727-21-000013,2020,2021-02-22,1.0.3,0.3.0,287,739,-0.4405458089668616,852,0.016329346826126957,325,0.006228917509966268,132,0.002529898804047838,488,0.009352959214964734,475,0.009103802514566084,0.005500613308800981,0.01416360012266176,-0.008662986813860778,0.01966421343146274,2776,52176,success
S2020-402,0001067701,URI,United Rentals,0001067701-21-000008,2020,2021-01-27,1.0.3,0.3.0,228,803,-0.5577109602327837,737,0.015339466344752944,324,0.00674353744328352,102,0.002122965491404071,322,0.006701910668942264,529,0.011010281813262291,0.004745452274903218,0.016713149898014402,-0.011967697623111185,0.02145860217291762,2530,48046,success
S2020-403,0000731766,UNH,UnitedHealth Group,0000731766-21-000013,2020,2021-03-01,1.0.3,0.3.0,271,663,-0.4197002141327623,634,0.017277087420972313,324,0.00882930019620667,59,0.0016078046653586222,617,0.01681382166993678,324,0.00882930019620667,0.0073850010900370616,0.018067364290385874,-0.010682363200348812,0.025452365380422934,2410,36696,success
S2020-404,0000352915,UHS,Universal Health Services,0001564590-21-008851,2020,2021-02-25,1.0.3,0.3.0,276,1317,-0.6534839924670434,882,0.013359790363380239,406,0.006149744770444872,213,0.0032263439312925067,1179,0.01785849528166134,607,0.009194322846453294,0.004180614671533953,0.019948802617428315,-0.015768187945894362,0.024129417288962268,4158,66019,success
S2020-405,0000005513,UNM,Unum,0000005513-21-000015,2020,2021-02-17,1.0.3,0.3.0,550,1815,-0.5348837209302325,1822,0.02060503251342946,591,0.006683630195080577,267,0.0030195080576759965,1189,0.0134464235227594,590,0.00667232117613797,0.006219960418433701,0.020525869380831212,-0.014305908962397512,0.026745829799264913,5790,88425,success
S2020-406,0000103379,VFC,VF Corporation,0000103379-20-000006,2020,2020-05-27,1.0.3,0.3.0,340,1228,-0.5663265306122449,1090,0.014802944292039004,359,0.004875465138387158,126,0.001711166037428362,523,0.007102697123611375,553,0.007510117608713366,0.004617432164489231,0.016677078523508162,-0.012059646359018931,0.02129451068799739,3590,73634,success
S2020-407,0001035002,VLO,Valero Energy,0001035002-21-000051,2020,2021-02-23,1.0.3,0.3.0,172,638,-0.5753086419753086,652,0.01448824496689036,286,0.006355273098973379,77,0.0017110350651082175,345,0.007666325941069286,322,0.007155237544998,0.0038220523532287456,0.01417714768232523,-0.010355095329096484,0.017999200035553976,2106,45002,success
S2020-408,0000740260,VTR,Ventas,0000740260-21-000048,2020,2021-02-23,1.0.3,0.3.0,403,1174,-0.4889029803424223,1171,0.018749499639740614,638,0.010215355055640061,144,0.002305660075254183,584,0.009350732527419742,616,0.009863101433031783,0.006452645905051637,0.01879753422464174,-0.012344888319590104,0.025250180129693378,3878,62455,success
S2020-409,0001014473,VRSN,Verisign,0001014473-21-000005,2020,2021-02-19,1.0.3,0.3.0,131,564,-0.6230215827338129,501,0.016912534179522667,303,0.010228538635519698,60,0.0020254531951524155,328,0.011072477466833205,208,0.007021571076528373,0.004422239476082774,0.019039260034432706,-0.01461702055834993,0.023461499510515477,1704,29623,success
S2020-410,0001442145,VRSK,Verisk Analytics,0001437749-21-003789,2020,2021-02-23,1.0.3,0.3.0,316,784,-0.4254545454545455,688,0.015681983953318747,293,0.006678519328956966,56,0.001276440554339898,479,0.010918125455871626,287,0.006541757840991977,0.007202771699489424,0.01787016776075857,-0.010667396061269147,0.025072939460247995,2382,43872,success
S2020-411,0000732712,VZ,Verizon,0000732712-21-000012,2020,2021-02-25,1.0.3,0.3.0,287,682,-0.40763673890608876,695,0.011845715941436144,249,0.0042440047041979855,108,0.0018407731247123793,438,0.007465357672444649,466,0.007942595149221932,0.004891684136967156,0.011624141398646691,-0.006732457261679535,0.016515825535613846,2516,58671,success
S2020-412,0000875320,VRTX,Vertex Pharmaceuticals,0000875320-21-000006,2020,2021-02-11,1.0.3,0.3.0,621,1220,-0.3253666485605649,1172,0.017561735794773436,643,0.009634979621193957,196,0.0029369455766003355,804,0.012047470630544234,552,0.008271397746343803,0.009305322464636778,0.018280987772716376,-0.008975665308079597,0.027586310237353154,4316,66736,success
S2020-413,0000813828,VIAC,ViacomCBS,0000813828-21-000005,2020,2021-02-24,1.0.3,0.3.0,336,1249,-0.5760252365930599,696,0.011006736882057121,279,0.004412183319100484,119,0.0018818989783976974,692,0.010943479773539551,405,0.0064047822374039285,0.005313597115475852,0.019752032134611127,-0.014438435019135276,0.025065629250086978,3180,63234,success
S2020-414,0001792044,VTRS,Viatris,0001792044-21-000009,2020,2021-03-01,1.0.3,0.3.0,459,1865,-0.6049913941480206,1659,0.021184763315498463,762,0.009730433783248841,175,0.0022346796746306394,1214,0.015502292142866265,615,0.007853302856559104,0.005861245546602649,0.023815300532492242,-0.017954054985889593,0.029676546079094892,5552,78311,success
S2020-415,0001403161,V,Visa Inc.,0001403161-20-000070,2020,2020-11-19,1.0.3,0.3.0,271,1109,-0.6072463768115942,808,0.015623489374867065,388,0.007502368660208442,95,0.0018369201616489743,1069,0.020670185818976353,427,0.0082564727265696,0.005240056461124969,0.02144362588703908,-0.01620356942591411,0.026683682348164046,3384,51717,success
S2020-416,0001786842,VNT,Vontier,0001786842-21-000013,2020,2021-02-25,1.0.3,0.3.0,296,1114,-0.5801418439716312,961,0.019754558348921824,494,0.010154788578946286,107,0.002199518983698892,602,0.01237486381482928,446,0.0091680884741094,0.006084650646494131,0.022899664933089398,-0.016815014286595268,0.02898431557958353,3287,48647,success
S2020-417,0000899689,VNO,Vornado Realty Trust,0000899689-21-000009,2020,2021-02-16,1.0.3,0.3.0,191,763,-0.59958071278826,759,0.015555828824397442,423,0.00866945400885391,104,0.002131496966715855,286,0.005861616658468602,417,0.00854648303000492,0.003914576160026234,0.015637809476963437,-0.011723233316937203,0.01955238563698967,2383,48792,success
S2020-418,0001396009,VMC,Vulcan Materials Company,0001396009-21-000009,2020,2021-02-25,1.0.3,0.3.0,249,632,-0.43473325766174803,596,0.013996524353013011,188,0.004415011037527594,109,0.0025597670377154667,468,0.010990559391292095,352,0.008266403644732516,0.005847541214597718,0.014841951998497017,-0.008994410783899301,0.020689493213094736,2213,42582,success
S2020-419,0000011544,WRB,W. R. Berkley Corporation,0000011544-21-000013,2020,2021-02-18,1.0.3,0.3.0,272,1429,-0.6801881246325691,913,0.019416030453182485,323,0.006868979010271569,124,0.0026370074218999215,703,0.014950130787061651,274,0.0058269357548433745,0.005784403377070795,0.030389383918507963,-0.024604980541437168,0.03617378729557876,3451,47023,success
S2020-420,0000277135,GWW,W. W. Grainger,0000277135-21-000007,2020,2021-02-24,1.0.3,0.3.0,120,630,-0.68,471,0.018420743869529507,203,0.007939301497907622,41,0.001603504243419766,210,0.00821307051507685,207,0.008095740936290039,0.0046931831514724865,0.024639211545230553,-0.019946028393758065,0.02933239469670304,1559,25569,success
S2020-421,0000783325,WEC,WEC Energy Group,0000107815-21-000079,2020,2021-02-25,1.0.3,0.3.0,280,845,-0.5022222222222222,959,0.013031484828307809,401,0.005449035887540596,158,0.0021470016714000353,933,0.012678180755798943,640,0.008696715630987485,0.0038048130885570248,0.011482382356538163,-0.007677569267981139,0.015287195445095188,3681,73591,success
S2020-422,0000943452,WAB,Wabtec,0001628280-21-002557,2020,2021-02-19,1.0.3,0.3.0,281,634,-0.38579234972677595,633,0.018262600617408614,248,0.00715501572372407,85,0.0024523239375667176,356,0.010270909667926488,277,0.007991690949482128,0.008107094428897031,0.018291451487262342,-0.010184357058365309,0.026398545916159373,2121,34661,success
S2020-423,0000104169,WMT,Walmart,0000104169-20-000011,2020,2020-03-20,1.0.3,0.3.0,202,672,-0.5377574370709383,599,0.016456496057584,278,0.00763757246078189,95,0.002609961812137696,443,0.012170664029231571,244,0.0067034808648589244,0.005549603011071733,0.01846204566059507,-0.01291244264952334,0.024011648671666806,2101,36399,success
S2020-424,0001744489,DIS,Walt Disney Company (The),0001744489-20-000197,2020,2020-11-25,1.0.3,0.3.0,246,808,-0.5332068311195446,825,0.014043270294653343,315,0.005361975930685822,92,0.001566037414676494,399,0.006791836178868708,432,0.007353566990654842,0.004187447869678452,0.013753893815854427,-0.009566445946175974,0.01794134168553288,2594,58747,success
S2020-425,0000823768,WM,Waste Management,0001558370-21-001348,2020,2021-02-22,1.0.3,0.3.0,371,1337,-0.5655737704918032,1070,0.014352783366867874,441,0.005915492957746479,140,0.0018779342723004694,749,0.010046948356807512,890,0.0119382964453387,0.004976525821596244,0.017934272300469484,-0.012957746478873239,0.02291079812206573,4200,74550,success
S2020-426,0001000697,WAT,Waters Corporation,0001193125-21-054385,2020,2021-02-24,1.0.3,0.3.0,153,443,-0.4865771812080537,448,0.015521064301552107,176,0.006097560975609756,42,0.00145509977827051,235,0.008141629711751664,249,0.008626662971175167,0.005300720620842572,0.015347838137472284,-0.010047117516629712,0.020648558758314856,1484,28864,success
S2020-427,0000072971,WFC,Wells Fargo,0000072971-21-000197,2020,2021-02-23,1.0.3,0.3.0,50,82,-0.24242424242424243,94,0.010146804835924008,59,0.00636873920552677,15,0.0016191709844559584,127,0.013708981001727115,118,0.01273747841105354,0.005397236614853195,0.00885146804835924,-0.0034542314335060447,0.014248704663212436,473,9264,success
S2020-428,0000766704,WELL,Welltower,0000766704-21-000018,2020,2021-02-10,1.0.3,0.3.0,396,1085,-0.46522619851451724,1108,0.017406057559381675,625,0.009818398894055549,271,0.004257257760462486,772,0.012127686313937413,528,0.008294583385698127,0.0062209375392735956,0.017044740480080433,-0.010823802940806837,0.023265678019354027,4001,63656,success
S2020-429,0000105770,WST,West Pharmaceutical Services,0000105770-21-000008,2020,2021-02-23,1.0.3,0.3.0,197,457,-0.39755351681957185,466,0.014045451805413226,199,0.005997950449092773,57,0.0017180059075290856,294,0.008861293628307915,295,0.008891434082825968,0.005937669540056664,0.013774187714750738,-0.007836518174694074,0.019711857254807404,1679,33178,success
S2020-430,0001732845,WRK,WestRock,0001564590-20-054816,2020,2020-11-23,1.0.3,0.3.0,250,850,-0.5454545454545454,1065,0.018989034501203532,433,0.007720424355888384,121,0.002157439600606223,423,0.007542123562449853,479,0.008540608005705625,0.00445751983596327,0.015155567442275118,-0.010698047606311848,0.01961308727823839,3005,56085,success
S2020-431,0000106040,WDC,Western Digital,0000106040-20-000049,2020,2020-08-28,1.0.3,0.3.0,242,975,-0.6023007395234182,981,0.02117875647668394,496,0.01070811744386874,80,0.0017271157167530224,404,0.008721934369602764,422,0.009110535405872193,0.0052245250431778925,0.02104922279792746,-0.015824697754749567,0.026273747841105356,2920,46320,success
S2020-432,0001365135,WU,Western Union,0001558370-21-001284,2020,2021-02-19,1.0.3,0.3.0,269,1521,-0.6994413407821229,1400,0.018404343425048313,662,0.008702625248129987,154,0.0020244777767553144,1148,0.015091561608539616,789,0.010372162115973655,0.00353626312952714,0.01999500453535606,-0.016458741405828918,0.0235312676648832,5070,76069,success
S2020-433,0000106535,WY,Weyerhaeuser,0001564590-21-006960,2020,2021-02-19,1.0.3,0.3.0,151,490,-0.5288611544461779,559,0.016739534048032582,286,0.008564412768760856,77,0.0023058034377433072,311,0.009313050248547644,258,0.007725938791399652,0.004521770377912199,0.014673294603821045,-0.010151524225908846,0.019195064981733245,1772,33394,success
S2020-434,0000106640,WHR,Whirlpool Corporation,0000106640-21-000022,2020,2021-02-11,1.0.3,0.3.0,273,879,-0.5260416666666666,891,0.020470993681792074,318,0.007306145893164848,75,0.0017231476163124641,438,0.01006318207926479,388,0.008914417001723147,0.006272257323377369,0.02019529006318208,-0.01392303273980471,0.02646754738655945,2744,43525,success
S2020-435,0000107263,WMB,Williams Companies,0000107263-21-000006,2020,2021-02-24,1.0.3,0.3.0,262,1167,-0.6333100069979006,925,0.016807180754415292,400,0.00726797005596337,79,0.0014354240860527654,785,0.014263391234828112,513,0.009321171596773021,0.0047605203866560065,0.02120430263827313,-0.016443782251617124,0.025964823024929137,3446,55036,success
S2020-436,0001174922,WYNN,Wynn Resorts,0001174922-21-000029,2020,2021-02-26,1.0.3,0.3.0,220,1160,-0.6811594202898551,792,0.014426755073044556,433,0.007887354730591278,178,0.0032423767714670846,586,0.010674341506065796,564,0.010273598309592335,0.004007431964734598,0.021130095814055158,-0.017122663849320558,0.025137527778789755,3328,54898,success
S2020-437,0000072903,XEL,Xcel Energy,0000072903-21-000012,2020,2021-02-17,1.0.3,0.3.0,189,712,-0.5804661487236404,936,0.018094998743402865,351,0.006785624528776075,112,0.002165213524851625,896,0.017321708198813,462,0.008931505790012952,0.003653797823187117,0.013764571693699615,-0.010110773870512499,0.01741836951688673,3206,51727,success
S2020-438,0001770450,XRX,Xerox,0001770450-21-000013,2020,2021-02-25,1.0.3,0.3.0,377,1376,-0.5698802053622362,1039,0.013956237323196367,352,0.004728195897752764,147,0.00197455908230016,814,0.010933953013553266,572,0.007683318333848241,0.005064005265490886,0.01848294760030626,-0.013418942334815371,0.023546952865797145,3983,74447,success
S2020-439,0001524472,XYL,Xylem Inc.,0001524472-21-000008,2020,2021-02-26,1.0.3,0.3.0,308,971,-0.5183737294761532,883,0.018615339208162923,319,0.0067251338702196736,104,0.002192520133237762,451,0.009507947885482987,451,0.009507947885482987,0.006493232702281064,0.020470548551671797,-0.013977315849390732,0.02696378125395286,2948,47434,success
S2020-440,0001041061,YUM,Yum! Brands,0001041061-21-000012,2020,2021-02-22,1.0.3,0.3.0,273,988,-0.5670103092783505,866,0.016733329468823062,386,0.007458504820976561,98,0.0018936100322686608,429,0.008289374529012811,407,0.007864278399319847,0.0052750565184626974,0.01909068073348405,-0.013815624215021352,0.024365737251946747,2835,51753,success
S2020-441,0000877212,ZBRA,Zebra Technologies,0000877212-21-000008,2020,2021-02-11,1.0.3,0.3.0,255,665,-0.44565217391304346,719,0.019660386645155997,343,0.00937901616034563,67,0.0018320527193678052,334,0.0091329195264007,271,0.007410243088786197,0.00697273796177299,0.018183806841486422,-0.011211068879713433,0.025156544803259413,2193,36571,success
S2020-442,0001136869,ZBH,Zimmer Biomet,0001564590-21-007163,2020,2021-02-22,1.0.3,0.3.0,242,1183,-0.6603508771929825,837,0.01793251205141939,398,0.008527048741296197,113,0.0024209962506695232,740,0.015854311730048205,368,0.00788430637386181,0.005184788430637386,0.025345474022495984,-0.020160685591858598,0.03053026245313337,3209,46675,success
S2020-443,0000109380,ZION,Zions Bancorporation,0000109380-21-000082,2020,2021-02-25,1.0.3,0.3.0,313,1007,-0.5257575757575758,1047,0.018284696390213233,337,0.005885332075933008,105,0.0018337088070414418,521,0.009098688461605631,492,0.008592235552994185,0.005466198634323536,0.017586140654197446,-0.012119942019873911,0.023052339288520983,3327,57261,success
S2020-444,0001555280,ZTS,Zoetis,0001555280-21-000098,2020,2021-02-16,1.0.3,0.3.0,399,1562,-0.5930647628760837,1541,0.022432491447703616,746,0.01085959676832375,135,0.001965208530460732,873,0.012708348496979402,567,0.008253875827935075,0.005808282990028386,0.022738190552441955,-0.016929907562413568,0.02854647354247034,4762,68695,success
S2020-445,0001065088,EBAY,eBay Inc.,0001065088-21-000006,2020,2021-02-04,1.0.3,0.3.0,266,1155,-0.625615763546798,950,0.019951695894151,502,0.010542896146172424,108,0.002268192796387693,599,0.012580069305891001,357,0.0074976372991704295,0.005586474850362281,0.02425706185025727,-0.018670586999894993,0.029843536700619552,3236,47615,success
