sample_order,company_id,final_sample_id,ticker,symbol,company_name,security,_company_key,cik,gics_sector,gics_sub_industry,accession_number,primary_document,form,filing_date,report_date,report_year,filing_url,source_manifest,sample_group,batch_id,r2_object_key,universe_order
1,S2022-001,S2022-001,MMM,MMM,3M,3M,cik:0000066740,0000066740,Industrials,Industrial Conglomerates,0000066740-23-000014,mmm-20221231.htm,10-K,2023-02-08,2022-12-31,2022,https://www.sec.gov/Archives/edgar/data/66740/000006674023000014/mmm-20221231.htm,2022/sp500_companies.csv,sample_2022,1,2022/sample_500/html/raw/0000066740/0000066740-23-000014.html,1
2,S2022-002,S2022-002,AOS,AOS,A. O. Smith,A. O. Smith,cik:0000091142,0000091142,Industrials,Building Products,0000091142-23-000025,aos-20221231.htm,10-K,2023-02-14,2022-12-31,2022,https://www.sec.gov/Archives/edgar/data/91142/000009114223000025/aos-20221231.htm,2022/sp500_companies.csv,sample_2022,1,2022/sample_500/html/raw/0000091142/0000091142-23-000025.html,2
3,S2022-003,S2022-003,AES,AES,AES Corporation,AES Corporation,cik:0000874761,0000874761,Utilities,Independent Power Producers & Energy Traders,0000874761-23-000010,aes-20221231.htm,10-K,2023-03-01,2022-12-31,2022,https://www.sec.gov/Archives/edgar/data/874761/000087476123000010/aes-20221231.htm,2022/sp500_companies.csv,sample_2022,1,2022/sample_500/html/raw/0000874761/0000874761-23-000010.html,3
4,S2022-004,S2022-004,APA,APA,APA Corporation,APA Corporation,cik:0001841666,0001841666,Energy,Oil & Gas Exploration & Production,0001784031-23-000007,apa-20221231.htm,10-K,2023-02-23,2022-12-31,2022,https://www.sec.gov/Archives/edgar/data/1841666/000178403123000007/apa-20221231.htm,2022/sp500_companies.csv,sample_2022,1,2022/sample_500/html/raw/0001841666/0001784031-23-000007.html,4
5,S2022-005,S2022-005,T,T,AT&T,AT&T,cik:0000732717,0000732717,Communication Services,Integrated Telecommunication Services,0000732717-23-000011,t-20221231.htm,10-K,2023-02-13,2022-12-31,2022,https://www.sec.gov/Archives/edgar/data/732717/000073271723000011/t-20221231.htm,2022/sp500_companies.csv,sample_2022,1,2022/sample_500/html/raw/0000732717/0000732717-23-000011.html,5
6,S2022-006,S2022-006,ABBV,ABBV,AbbVie,AbbVie,cik:0001551152,0001551152,Health Care,Biotechnology,0001551152-23-000011,abbv-20221231.htm,10-K,2023-02-17,2022-12-31,2022,https://www.sec.gov/Archives/edgar/data/1551152/000155115223000011/abbv-20221231.htm,2022/sp500_companies.csv,sample_2022,1,2022/sample_500/html/raw/0001551152/0001551152-23-000011.html,6
7,S2022-007,S2022-007,ABT,ABT,Abbott Laboratories,Abbott Laboratories,cik:0000001800,0000001800,Health Care,Health Care Equipment,0001628280-23-004026,abt-20221231.htm,10-K,2023-02-17,2022-12-31,2022,https://www.sec.gov/Archives/edgar/data/1800/000162828023004026/abt-20221231.htm,2022/sp500_companies.csv,sample_2022,1,2022/sample_500/html/raw/0000001800/0001628280-23-004026.html,7
8,S2022-008,S2022-008,ACN,ACN,Accenture,Accenture,cik:0001467373,0001467373,Information Technology,IT Consulting & Other Services,0001467373-22-000295,acn-20220831.htm,10-K,2022-10-12,2022-08-31,2022,https://www.sec.gov/Archives/edgar/data/1467373/000146737322000295/acn-20220831.htm,2022/sp500_companies.csv,sample_2022,1,2022/sample_500/html/raw/0001467373/0001467373-22-000295.html,8
9,S2022-009,S2022-009,ADBE,ADBE,Adobe Inc.,Adobe Inc.,cik:0000796343,0000796343,Information Technology,Application Software,0000796343-23-000007,adbe-20221202.htm,10-K,2023-01-17,2022-12-02,2022,https://www.sec.gov/Archives/edgar/data/796343/000079634323000007/adbe-20221202.htm,2022/sp500_companies.csv,sample_2022,1,2022/sample_500/html/raw/0000796343/0000796343-23-000007.html,10
10,S2022-010,S2022-010,AMD,AMD,Advanced Micro Devices,Advanced Micro Devices,cik:0000002488,0000002488,Information Technology,Semiconductors,0000002488-23-000047,amd-20221231.htm,10-K,2023-02-27,2022-12-31,2022,https://www.sec.gov/Archives/edgar/data/2488/000000248823000047/amd-20221231.htm,2022/sp500_companies.csv,sample_2022,1,2022/sample_500/html/raw/0000002488/0000002488-23-000047.html,12
11,S2022-011,S2022-011,AFL,AFL,Aflac,Aflac,cik:0000004977,0000004977,Financials,Life & Health Insurance,0000004977-23-000055,afl-20221231.htm,10-K,2023-02-24,2022-12-31,2022,https://www.sec.gov/Archives/edgar/data/4977/000000497723000055/afl-20221231.htm,2022/sp500_companies.csv,sample_2022,1,2022/sample_500/html/raw/0000004977/0000004977-23-000055.html,13
12,S2022-012,S2022-012,A,A,Agilent Technologies,Agilent Technologies,cik:0001090872,0001090872,Health Care,Life Sciences Tools & Services,0001090872-22-000026,a-20221031.htm,10-K,2022-12-21,2022-10-31,2022,https://www.sec.gov/Archives/edgar/data/1090872/000109087222000026/a-20221031.htm,2022/sp500_companies.csv,sample_2022,1,2022/sample_500/html/raw/0001090872/0001090872-22-000026.html,14
13,S2022-013,S2022-013,APD,APD,Air Products,Air Products,cik:0000002969,0000002969,Materials,Industrial Gases,0000002969-22-000054,apd-20220930.htm,10-K,2022-11-22,2022-09-30,2022,https://www.sec.gov/Archives/edgar/data/2969/000000296922000054/apd-20220930.htm,2022/sp500_companies.csv,sample_2022,1,2022/sample_500/html/raw/0000002969/0000002969-22-000054.html,15
14,S2022-014,S2022-014,AKAM,AKAM,Akamai Technologies,Akamai Technologies,cik:0001086222,0001086222,Information Technology,Internet Services & Infrastructure,0001086222-23-000078,akam-20221231.htm,10-K,2023-02-28,2022-12-31,2022,https://www.sec.gov/Archives/edgar/data/1086222/000108622223000078/akam-20221231.htm,2022/sp500_companies.csv,sample_2022,1,2022/sample_500/html/raw/0001086222/0001086222-23-000078.html,16
15,S2022-015,S2022-015,ALK,ALK,Alaska Air Group,Alaska Air Group,cik:0000766421,0000766421,,,0000766421-23-000009,alk-20221231.htm,10-K,2023-02-13,2022-12-31,2022,https://www.sec.gov/Archives/edgar/data/766421/000076642123000009/alk-20221231.htm,2022/sp500_companies.csv,sample_2022,1,2022/sample_500/html/raw/0000766421/0000766421-23-000009.html,17
16,S2022-016,S2022-016,ALB,ALB,Albemarle Corporation,Albemarle Corporation,cik:0000915913,0000915913,Materials,Specialty Chemicals,0000915913-23-000039,alb-20221231.htm,10-K,2023-02-15,2022-12-31,2022,https://www.sec.gov/Archives/edgar/data/915913/000091591323000039/alb-20221231.htm,2022/sp500_companies.csv,sample_2022,1,2022/sample_500/html/raw/0000915913/0000915913-23-000039.html,18
17,S2022-017,S2022-017,ARE,ARE,Alexandria Real Estate Equities,Alexandria Real Estate Equities,cik:0001035443,0001035443,Real Estate,Office REITs,0001035443-23-000099,are-20221231.htm,10-K,2023-01-30,2022-12-31,2022,https://www.sec.gov/Archives/edgar/data/1035443/000103544323000099/are-20221231.htm,2022/sp500_companies.csv,sample_2022,1,2022/sample_500/html/raw/0001035443/0001035443-23-000099.html,19
18,S2022-018,S2022-018,ALGN,ALGN,Align Technology,Align Technology,cik:0001097149,0001097149,Health Care,Health Care Supplies,0001097149-23-000013,algn-20221231.htm,10-K,2023-02-27,2022-12-31,2022,https://www.sec.gov/Archives/edgar/data/1097149/000109714923000013/algn-20221231.htm,2022/sp500_companies.csv,sample_2022,1,2022/sample_500/html/raw/0001097149/0001097149-23-000013.html,20
19,S2022-019,S2022-019,ALLE,ALLE,Allegion,Allegion,cik:0001579241,0001579241,Industrials,Building Products,0001579241-23-000006,alle-20221231.htm,10-K,2023-02-22,2022-12-31,2022,https://www.sec.gov/Archives/edgar/data/1579241/000157924123000006/alle-20221231.htm,2022/sp500_companies.csv,sample_2022,1,2022/sample_500/html/raw/0001579241/0001579241-23-000006.html,21
20,S2022-020,S2022-020,LNT,LNT,Alliant Energy,Alliant Energy,cik:0000352541,0000352541,Utilities,Electric Utilities,0000352541-23-000017,lnt-20221231.htm,10-K,2023-02-24,2022-12-31,2022,https://www.sec.gov/Archives/edgar/data/352541/000035254123000017/lnt-20221231.htm,2022/sp500_companies.csv,sample_2022,1,2022/sample_500/html/raw/0000352541/0000352541-23-000017.html,22
21,S2022-021,S2022-021,ALL,ALL,Allstate,Allstate,cik:0000899051,0000899051,Financials,Property & Casualty Insurance,0000899051-23-000020,all-20221231.htm,10-K,2023-02-16,2022-12-31,2022,https://www.sec.gov/Archives/edgar/data/899051/000089905123000020/all-20221231.htm,2022/sp500_companies.csv,sample_2022,1,2022/sample_500/html/raw/0000899051/0000899051-23-000020.html,23
22,S2022-022,S2022-022,GOOGL|GOOG,GOOGL|GOOG,Alphabet Inc. (Class A)|Alphabet Inc. (Class C),Alphabet Inc. (Class A)|Alphabet Inc. (Class C),cik:0001652044,0001652044,Communication Services,Interactive Media & Services,0001652044-23-000016,goog-20221231.htm,10-K,2023-02-03,2022-12-31,2022,https://www.sec.gov/Archives/edgar/data/1652044/000165204423000016/goog-20221231.htm,2022/sp500_companies.csv,sample_2022,1,2022/sample_500/html/raw/0001652044/0001652044-23-000016.html,24
23,S2022-023,S2022-023,MO,MO,Altria,Altria,cik:0000764180,0000764180,Consumer Staples,Tobacco,0000764180-23-000020,mo-20221231.htm,10-K,2023-02-27,2022-12-31,2022,https://www.sec.gov/Archives/edgar/data/764180/000076418023000020/mo-20221231.htm,2022/sp500_companies.csv,sample_2022,1,2022/sample_500/html/raw/0000764180/0000764180-23-000020.html,25
24,S2022-024,S2022-024,AMZN,AMZN,Amazon,Amazon,cik:0001018724,0001018724,Consumer Discretionary,Broadline Retail,0001018724-23-000004,amzn-20221231.htm,10-K,2023-02-03,2022-12-31,2022,https://www.sec.gov/Archives/edgar/data/1018724/000101872423000004/amzn-20221231.htm,2022/sp500_companies.csv,sample_2022,1,2022/sample_500/html/raw/0001018724/0001018724-23-000004.html,26
25,S2022-025,S2022-025,AMCR,AMCR,Amcor,Amcor,cik:0001748790,0001748790,Materials,Paper & Plastic Packaging Products & Materials,0001748790-22-000024,amcr-20220630.htm,10-K,2022-08-18,2022-06-30,2022,https://www.sec.gov/Archives/edgar/data/1748790/000174879022000024/amcr-20220630.htm,2022/sp500_companies.csv,sample_2022,1,2022/sample_500/html/raw/0001748790/0001748790-22-000024.html,27
26,S2022-026,S2022-026,AEE,AEE,Ameren,Ameren,cik:0001002910,0001002910,Utilities,Multi-Utilities,0001002910-23-000053,aee-20221231.htm,10-K,2023-02-22,2022-12-31,2022,https://www.sec.gov/Archives/edgar/data/1002910/000100291023000053/aee-20221231.htm,2022/sp500_companies.csv,sample_2022,1,2022/sample_500/html/raw/0001002910/0001002910-23-000053.html,28
27,S2022-027,S2022-027,AAL,AAL,American Airlines Group,American Airlines Group,cik:0000006201,0000006201,,,0000006201-23-000018,aal-20221231.htm,10-K,2023-02-22,2022-12-31,2022,https://www.sec.gov/Archives/edgar/data/6201/000000620123000018/aal-20221231.htm,2022/sp500_companies.csv,sample_2022,1,2022/sample_500/html/raw/0000006201/0000006201-23-000018.html,29
28,S2022-028,S2022-028,AEP,AEP,American Electric Power,American Electric Power,cik:0000004904,0000004904,Utilities,Electric Utilities,0000004904-23-000011,aep-20221231.htm,10-K,2023-02-23,2022-12-31,2022,https://www.sec.gov/Archives/edgar/data/4904/000000490423000011/aep-20221231.htm,2022/sp500_companies.csv,sample_2022,1,2022/sample_500/html/raw/0000004904/0000004904-23-000011.html,30
29,S2022-029,S2022-029,AXP,AXP,American Express,American Express,cik:0000004962,0000004962,Financials,Consumer Finance,0000004962-23-000006,axp-20221231.htm,10-K,2023-02-10,2022-12-31,2022,https://www.sec.gov/Archives/edgar/data/4962/000000496223000006/axp-20221231.htm,2022/sp500_companies.csv,sample_2022,1,2022/sample_500/html/raw/0000004962/0000004962-23-000006.html,31
30,S2022-030,S2022-030,AIG,AIG,American International Group,American International Group,cik:0000005272,0000005272,Financials,Multi-line Insurance,0000005272-23-000007,aig-20221231.htm,10-K,2023-02-17,2022-12-31,2022,https://www.sec.gov/Archives/edgar/data/5272/000000527223000007/aig-20221231.htm,2022/sp500_companies.csv,sample_2022,1,2022/sample_500/html/raw/0000005272/0000005272-23-000007.html,32
31,S2022-031,S2022-031,AMT,AMT,American Tower,American Tower,cik:0001053507,0001053507,Real Estate,Telecom Tower REITs,0001053507-23-000023,amt-20221231.htm,10-K,2023-02-23,2022-12-31,2022,https://www.sec.gov/Archives/edgar/data/1053507/000105350723000023/amt-20221231.htm,2022/sp500_companies.csv,sample_2022,1,2022/sample_500/html/raw/0001053507/0001053507-23-000023.html,33
32,S2022-032,S2022-032,AWK,AWK,American Water Works,American Water Works,cik:0001410636,0001410636,Utilities,Water Utilities,0001410636-23-000020,awk-20221231.htm,10-K,2023-02-15,2022-12-31,2022,https://www.sec.gov/Archives/edgar/data/1410636/000141063623000020/awk-20221231.htm,2022/sp500_companies.csv,sample_2022,1,2022/sample_500/html/raw/0001410636/0001410636-23-000020.html,34
33,S2022-033,S2022-033,AMP,AMP,Ameriprise Financial,Ameriprise Financial,cik:0000820027,0000820027,Financials,Asset Management & Custody Banks,0000820027-23-000014,amp-20221231.htm,10-K,2023-02-23,2022-12-31,2022,https://www.sec.gov/Archives/edgar/data/820027/000082002723000014/amp-20221231.htm,2022/sp500_companies.csv,sample_2022,1,2022/sample_500/html/raw/0000820027/0000820027-23-000014.html,35
34,S2022-034,S2022-034,ABC,ABC,AmerisourceBergen,AmerisourceBergen,cik:0001140859,0001140859,,,0001140859-22-000098,abc-20220930.htm,10-K,2022-11-22,2022-09-30,2022,https://www.sec.gov/Archives/edgar/data/1140859/000114085922000098/abc-20220930.htm,2022/sp500_companies.csv,sample_2022,1,2022/sample_500/html/raw/0001140859/0001140859-22-000098.html,36
35,S2022-035,S2022-035,AME,AME,Ametek,Ametek,cik:0001037868,0001037868,Industrials,Electrical Components & Equipment,0001037868-23-000012,ame-20221231.htm,10-K,2023-02-21,2022-12-31,2022,https://www.sec.gov/Archives/edgar/data/1037868/000103786823000012/ame-20221231.htm,2022/sp500_companies.csv,sample_2022,1,2022/sample_500/html/raw/0001037868/0001037868-23-000012.html,37
36,S2022-036,S2022-036,AMGN,AMGN,Amgen,Amgen,cik:0000318154,0000318154,Health Care,Biotechnology,0000318154-23-000017,amgn-20221231.htm,10-K,2023-02-09,2022-12-31,2022,https://www.sec.gov/Archives/edgar/data/318154/000031815423000017/amgn-20221231.htm,2022/sp500_companies.csv,sample_2022,1,2022/sample_500/html/raw/0000318154/0000318154-23-000017.html,38
37,S2022-037,S2022-037,APH,APH,Amphenol,Amphenol,cik:0000820313,0000820313,Information Technology,Electronic Components,0001558370-23-001036,aph-20221231x10k.htm,10-K,2023-02-08,2022-12-31,2022,https://www.sec.gov/Archives/edgar/data/820313/000155837023001036/aph-20221231x10k.htm,2022/sp500_companies.csv,sample_2022,1,2022/sample_500/html/raw/0000820313/0001558370-23-001036.html,39
38,S2022-038,S2022-038,ADI,ADI,Analog Devices,Analog Devices,cik:0000006281,0000006281,Information Technology,Semiconductors,0000006281-22-000250,adi-20221029.htm,10-K,2022-11-22,2022-10-29,2022,https://www.sec.gov/Archives/edgar/data/6281/000000628122000250/adi-20221029.htm,2022/sp500_companies.csv,sample_2022,1,2022/sample_500/html/raw/0000006281/0000006281-22-000250.html,40
39,S2022-039,S2022-039,AON,AON,Aon plc,Aon plc,cik:0000315293,0000315293,Financials,Insurance Brokers,0001628280-23-004087,aon-20221231.htm,10-K,2023-02-17,2022-12-31,2022,https://www.sec.gov/Archives/edgar/data/315293/000162828023004087/aon-20221231.htm,2022/sp500_companies.csv,sample_2022,1,2022/sample_500/html/raw/0000315293/0001628280-23-004087.html,42
40,S2022-040,S2022-040,AAPL,AAPL,Apple Inc.,Apple Inc.,cik:0000320193,0000320193,Information Technology,"Technology Hardware, Storage & Peripherals",0000320193-22-000108,aapl-20220924.htm,10-K,2022-10-28,2022-09-24,2022,https://www.sec.gov/Archives/edgar/data/320193/000032019322000108/aapl-20220924.htm,2022/sp500_companies.csv,sample_2022,1,2022/sample_500/html/raw/0000320193/0000320193-22-000108.html,43
41,S2022-041,S2022-041,AMAT,AMAT,Applied Materials,Applied Materials,cik:0000006951,0000006951,Information Technology,Semiconductor Materials & Equipment,0000006951-22-000043,amat-20221030.htm,10-K,2022-12-16,2022-10-30,2022,https://www.sec.gov/Archives/edgar/data/6951/000000695122000043/amat-20221030.htm,2022/sp500_companies.csv,sample_2022,1,2022/sample_500/html/raw/0000006951/0000006951-22-000043.html,44
42,S2022-042,S2022-042,APTV,APTV,Aptiv,Aptiv,cik:0001521332,0001521332,Consumer Discretionary,Automotive Parts & Equipment,0001521332-23-000013,aptv-20221231.htm,10-K,2023-02-08,2022-12-31,2022,https://www.sec.gov/Archives/edgar/data/1521332/000152133223000013/aptv-20221231.htm,2022/sp500_companies.csv,sample_2022,1,2022/sample_500/html/raw/0001521332/0001521332-23-000013.html,45
43,S2022-043,S2022-043,ACGL,ACGL,Arch Capital Group,Arch Capital Group,cik:0000947484,0000947484,Financials,Property & Casualty Insurance,0000947484-23-000015,acgl-20221231.htm,10-K,2023-02-24,2022-12-31,2022,https://www.sec.gov/Archives/edgar/data/947484/000094748423000015/acgl-20221231.htm,2022/sp500_companies.csv,sample_2022,1,2022/sample_500/html/raw/0000947484/0000947484-23-000015.html,46
44,S2022-044,S2022-044,ADM,ADM,Archer Daniels Midland,Archer Daniels Midland,cik:0000007084,0000007084,Consumer Staples,Agricultural Products & Services,0000007084-23-000010,adm-20221231.htm,10-K,2023-02-14,2022-12-31,2022,https://www.sec.gov/Archives/edgar/data/7084/000000708423000010/adm-20221231.htm,2022/sp500_companies.csv,sample_2022,1,2022/sample_500/html/raw/0000007084/0000007084-23-000010.html,47
45,S2022-045,S2022-045,ANET,ANET,Arista Networks,Arista Networks,cik:0001596532,0001596532,Information Technology,Communications Equipment,0001596532-23-000016,anet-20221231.htm,10-K,2023-02-14,2022-12-31,2022,https://www.sec.gov/Archives/edgar/data/1596532/000159653223000016/anet-20221231.htm,2022/sp500_companies.csv,sample_2022,1,2022/sample_500/html/raw/0001596532/0001596532-23-000016.html,48
46,S2022-046,S2022-046,AJG,AJG,Arthur J. Gallagher & Co.,Arthur J. Gallagher & Co.,cik:0000354190,0000354190,Financials,Insurance Brokers,0000950170-23-002456,ajg-20221231.htm,10-K,2023-02-10,2022-12-31,2022,https://www.sec.gov/Archives/edgar/data/354190/000095017023002456/ajg-20221231.htm,2022/sp500_companies.csv,sample_2022,1,2022/sample_500/html/raw/0000354190/0000950170-23-002456.html,49
47,S2022-047,S2022-047,AIZ,AIZ,Assurant,Assurant,cik:0001267238,0001267238,Financials,Multi-line Insurance,0001267238-23-000007,aiz-20221231.htm,10-K,2023-02-17,2022-12-31,2022,https://www.sec.gov/Archives/edgar/data/1267238/000126723823000007/aiz-20221231.htm,2022/sp500_companies.csv,sample_2022,1,2022/sample_500/html/raw/0001267238/0001267238-23-000007.html,50
48,S2022-048,S2022-048,ATO,ATO,Atmos Energy,Atmos Energy,cik:0000731802,0000731802,Utilities,Gas Utilities,0000731802-22-000037,ato-20220930.htm,10-K,2022-11-14,2022-09-30,2022,https://www.sec.gov/Archives/edgar/data/731802/000073180222000037/ato-20220930.htm,2022/sp500_companies.csv,sample_2022,1,2022/sample_500/html/raw/0000731802/0000731802-22-000037.html,51
49,S2022-049,S2022-049,AZO,AZO,AutoZone,AutoZone,cik:0000866787,0000866787,Consumer Discretionary,Automotive Retail,0001558370-22-015239,azo-20220827x10k.htm,10-K,2022-10-24,2022-08-27,2022,https://www.sec.gov/Archives/edgar/data/866787/000155837022015239/azo-20220827x10k.htm,2022/sp500_companies.csv,sample_2022,1,2022/sample_500/html/raw/0000866787/0001558370-22-015239.html,52
50,S2022-050,S2022-050,ADSK,ADSK,Autodesk,Autodesk,cik:0000769397,0000769397,Information Technology,Application Software,0000769397-22-000019,adsk-20220131.htm,10-K,2022-03-14,2022-01-31,2022,https://www.sec.gov/Archives/edgar/data/769397/000076939722000019/adsk-20220131.htm,2022/sp500_companies.csv,sample_2022,1,2022/sample_500/html/raw/0000769397/0000769397-22-000019.html,53
51,S2022-051,S2022-051,ADP,ADP,Automatic Data Processing,Automatic Data Processing,cik:0000008670,0000008670,Industrials,Human Resource & Employment Services,0000008670-22-000038,adp-20220630.htm,10-K,2022-08-03,2022-06-30,2022,https://www.sec.gov/Archives/edgar/data/8670/000000867022000038/adp-20220630.htm,2022/sp500_companies.csv,sample_2022,1,2022/sample_500/html/raw/0000008670/0000008670-22-000038.html,54
52,S2022-052,S2022-052,AVB,AVB,AvalonBay Communities,AvalonBay Communities,cik:0000915912,0000915912,Real Estate,Multi-Family Residential REITs,0000915912-23-000004,avb-20221231.htm,10-K,2023-02-24,2022-12-31,2022,https://www.sec.gov/Archives/edgar/data/915912/000091591223000004/avb-20221231.htm,2022/sp500_companies.csv,sample_2022,1,2022/sample_500/html/raw/0000915912/0000915912-23-000004.html,55
53,S2022-053,S2022-053,BXP,BXP,"BXP, Inc.","BXP, Inc.",cik:0001037540,0001037540,Real Estate,Office REITs,0001656423-23-000013,bxp-20221231.htm,10-K,2023-02-27,2022-12-31,2022,https://www.sec.gov/Archives/edgar/data/1037540/000165642323000013/bxp-20221231.htm,2022/sp500_companies.csv,sample_2022,1,2022/sample_500/html/raw/0001037540/0001656423-23-000013.html,57
54,S2022-054,S2022-054,BKR,BKR,Baker Hughes,Baker Hughes,cik:0001701605,0001701605,Energy,Oil & Gas Equipment & Services,0001701605-23-000044,bkr-20221231.htm,10-K,2023-02-14,2022-12-31,2022,https://www.sec.gov/Archives/edgar/data/1701605/000170160523000044/bkr-20221231.htm,2022/sp500_companies.csv,sample_2022,1,2022/sample_500/html/raw/0001701605/0001701605-23-000044.html,58
55,S2022-055,S2022-055,BALL,BALL,Ball Corporation,Ball Corporation,cik:0000009389,0000009389,Materials,"Metal, Glass & Plastic Containers",0000009389-23-000011,bll-20221231x10k.htm,10-K,2023-02-21,2022-12-31,2022,https://www.sec.gov/Archives/edgar/data/9389/000000938923000011/bll-20221231x10k.htm,2022/sp500_companies.csv,sample_2022,1,2022/sample_500/html/raw/0000009389/0000009389-23-000011.html,59
56,S2022-056,S2022-056,BAC,BAC,Bank of America,Bank of America,cik:0000070858,0000070858,Financials,Diversified Banks,0000070858-23-000092,bac-20221231.htm,10-K,2023-02-22,2022-12-31,2022,https://www.sec.gov/Archives/edgar/data/70858/000007085823000092/bac-20221231.htm,2022/sp500_companies.csv,sample_2022,1,2022/sample_500/html/raw/0000070858/0000070858-23-000092.html,60
57,S2022-057,S2022-057,BK,BK,Bank of New York Mellon,Bank of New York Mellon,cik:0001390777,0001390777,,,0001390777-23-000033,bk-20221231.htm,10-K,2023-02-27,2022-12-31,2022,https://www.sec.gov/Archives/edgar/data/1390777/000139077723000033/bk-20221231.htm,2022/sp500_companies.csv,sample_2022,1,2022/sample_500/html/raw/0001390777/0001390777-23-000033.html,61
58,S2022-058,S2022-058,BBWI,BBWI,"Bath & Body Works, Inc.","Bath & Body Works, Inc.",cik:0000701985,0000701985,,,0000701985-22-000009,bbwi-20220129.htm,10-K,2022-03-18,2022-01-29,2022,https://www.sec.gov/Archives/edgar/data/701985/000070198522000009/bbwi-20220129.htm,2022/sp500_companies.csv,sample_2022,1,2022/sample_500/html/raw/0000701985/0000701985-22-000009.html,62
59,S2022-059,S2022-059,BAX,BAX,Baxter International,Baxter International,cik:0000010456,0000010456,Health Care,Health Care Equipment,0001628280-23-002864,bax-20221231.htm,10-K,2023-02-09,2022-12-31,2022,https://www.sec.gov/Archives/edgar/data/10456/000162828023002864/bax-20221231.htm,2022/sp500_companies.csv,sample_2022,1,2022/sample_500/html/raw/0000010456/0001628280-23-002864.html,63
60,S2022-060,S2022-060,BDX,BDX,Becton Dickinson,Becton Dickinson,cik:0000010795,0000010795,Health Care,Health Care Equipment,0001628280-22-030686,bdx-20220930.htm,10-K,2022-11-22,2022-09-30,2022,https://www.sec.gov/Archives/edgar/data/10795/000162828022030686/bdx-20220930.htm,2022/sp500_companies.csv,sample_2022,1,2022/sample_500/html/raw/0000010795/0001628280-22-030686.html,64
61,S2022-061,S2022-061,BRK-B,BRK-B,Berkshire Hathaway,Berkshire Hathaway,cik:0001067983,0001067983,Financials,Multi-Sector Holdings,0000950170-23-004451,brka-20221231.htm,10-K,2023-02-27,2022-12-31,2022,https://www.sec.gov/Archives/edgar/data/1067983/000095017023004451/brka-20221231.htm,2022/sp500_companies.csv,sample_2022,1,2022/sample_500/html/raw/0001067983/0000950170-23-004451.html,65
62,S2022-062,S2022-062,BBY,BBY,Best Buy,Best Buy,cik:0000764478,0000764478,Consumer Discretionary,Computer & Electronics Retail,0000764478-22-000008,bby-20220129x10k.htm,10-K,2022-03-18,2022-01-29,2022,https://www.sec.gov/Archives/edgar/data/764478/000076447822000008/bby-20220129x10k.htm,2022/sp500_companies.csv,sample_2022,1,2022/sample_500/html/raw/0000764478/0000764478-22-000008.html,66
63,S2022-063,S2022-063,BIO,BIO,Bio-Rad Laboratories,Bio-Rad Laboratories,cik:0000012208,0000012208,,,0000012208-23-000031,bio-20221231.htm,10-K,2023-02-17,2022-12-31,2022,https://www.sec.gov/Archives/edgar/data/12208/000001220823000031/bio-20221231.htm,2022/sp500_companies.csv,sample_2022,1,2022/sample_500/html/raw/0000012208/0000012208-23-000031.html,67
64,S2022-064,S2022-064,TECH,TECH,Bio-Techne,Bio-Techne,cik:0000842023,0000842023,Health Care,Life Sciences Tools & Services,0001558370-22-013935,tmb-20220630x10k.htm,10-K,2022-08-24,2022-06-30,2022,https://www.sec.gov/Archives/edgar/data/842023/000155837022013935/tmb-20220630x10k.htm,2022/sp500_companies.csv,sample_2022,1,2022/sample_500/html/raw/0000842023/0001558370-22-013935.html,68
65,S2022-065,S2022-065,BIIB,BIIB,Biogen,Biogen,cik:0000875045,0000875045,Health Care,Biotechnology,0000875045-23-000009,biib-20221231.htm,10-K,2023-02-15,2022-12-31,2022,https://www.sec.gov/Archives/edgar/data/875045/000087504523000009/biib-20221231.htm,2022/sp500_companies.csv,sample_2022,1,2022/sample_500/html/raw/0000875045/0000875045-23-000009.html,69
66,S2022-066,S2022-066,BA,BA,Boeing,Boeing,cik:0000012927,0000012927,Industrials,Aerospace & Defense,0000012927-23-000007,ba-20221231.htm,10-K,2023-01-27,2022-12-31,2022,https://www.sec.gov/Archives/edgar/data/12927/000001292723000007/ba-20221231.htm,2022/sp500_companies.csv,sample_2022,1,2022/sample_500/html/raw/0000012927/0000012927-23-000007.html,71
67,S2022-067,S2022-067,BKNG,BKNG,Booking Holdings,Booking Holdings,cik:0001075531,0001075531,Consumer Discretionary,"Hotels, Resorts & Cruise Lines",0001075531-23-000016,bkng-20221231.htm,10-K,2023-02-23,2022-12-31,2022,https://www.sec.gov/Archives/edgar/data/1075531/000107553123000016/bkng-20221231.htm,2022/sp500_companies.csv,sample_2022,1,2022/sample_500/html/raw/0001075531/0001075531-23-000016.html,72
68,S2022-068,S2022-068,BWA,BWA,BorgWarner,BorgWarner,cik:0000908255,0000908255,,,0000908255-23-000013,bwa-20221231.htm,10-K,2023-02-09,2022-12-31,2022,https://www.sec.gov/Archives/edgar/data/908255/000090825523000013/bwa-20221231.htm,2022/sp500_companies.csv,sample_2022,1,2022/sample_500/html/raw/0000908255/0000908255-23-000013.html,73
69,S2022-069,S2022-069,BSX,BSX,Boston Scientific,Boston Scientific,cik:0000885725,0000885725,Health Care,Health Care Equipment,0000885725-23-000008,bsx-20221231.htm,10-K,2023-02-23,2022-12-31,2022,https://www.sec.gov/Archives/edgar/data/885725/000088572523000008/bsx-20221231.htm,2022/sp500_companies.csv,sample_2022,1,2022/sample_500/html/raw/0000885725/0000885725-23-000008.html,74
70,S2022-070,S2022-070,BMY,BMY,Bristol Myers Squibb,Bristol Myers Squibb,cik:0000014272,0000014272,Health Care,Pharmaceuticals,0000014272-23-000046,bmy-20221231.htm,10-K,2023-02-14,2022-12-31,2022,https://www.sec.gov/Archives/edgar/data/14272/000001427223000046/bmy-20221231.htm,2022/sp500_companies.csv,sample_2022,1,2022/sample_500/html/raw/0000014272/0000014272-23-000046.html,75
71,S2022-071,S2022-071,AVGO,AVGO,Broadcom,Broadcom,cik:0001730168,0001730168,Information Technology,Semiconductors,0001730168-22-000118,avgo-20221030.htm,10-K,2022-12-16,2022-10-30,2022,https://www.sec.gov/Archives/edgar/data/1730168/000173016822000118/avgo-20221030.htm,2022/sp500_companies.csv,sample_2022,1,2022/sample_500/html/raw/0001730168/0001730168-22-000118.html,76
72,S2022-072,S2022-072,BR,BR,Broadridge Financial Solutions,Broadridge Financial Solutions,cik:0001383312,0001383312,Industrials,Data Processing & Outsourced Services,0001383312-22-000037,br-20220630.htm,10-K,2022-08-12,2022-06-30,2022,https://www.sec.gov/Archives/edgar/data/1383312/000138331222000037/br-20220630.htm,2022/sp500_companies.csv,sample_2022,1,2022/sample_500/html/raw/0001383312/0001383312-22-000037.html,77
73,S2022-073,S2022-073,BRO,BRO,Brown & Brown,Brown & Brown,cik:0000079282,0000079282,Financials,Insurance Brokers,0000950170-23-004717,bro-20221231.htm,10-K,2023-02-27,2022-12-31,2022,https://www.sec.gov/Archives/edgar/data/79282/000095017023004717/bro-20221231.htm,2022/sp500_companies.csv,sample_2022,1,2022/sample_500/html/raw/0000079282/0000950170-23-004717.html,78
74,S2022-074,S2022-074,BF-B,BF-B,Brown–Forman,Brown–Forman,cik:0000014693,0000014693,Consumer Staples,Distillers & Vintners,0000014693-22-000069,bfb-20220430.htm,10-K,2022-06-17,2022-04-30,2022,https://www.sec.gov/Archives/edgar/data/14693/000001469322000069/bfb-20220430.htm,2022/sp500_companies.csv,sample_2022,1,2022/sample_500/html/raw/0000014693/0000014693-22-000069.html,79
75,S2022-075,S2022-075,CHRW,CHRW,C.H. Robinson,C.H. Robinson,cik:0001043277,0001043277,Industrials,Air Freight & Logistics,0001043277-23-000005,chrw-20221231.htm,10-K,2023-02-17,2022-12-31,2022,https://www.sec.gov/Archives/edgar/data/1043277/000104327723000005/chrw-20221231.htm,2022/sp500_companies.csv,sample_2022,1,2022/sample_500/html/raw/0001043277/0001043277-23-000005.html,80
76,S2022-076,S2022-076,CBRE,CBRE,CBRE Group,CBRE Group,cik:0001138118,0001138118,Real Estate,Real Estate Services,0001138118-23-000009,cbre-20221231.htm,10-K,2023-02-27,2022-12-31,2022,https://www.sec.gov/Archives/edgar/data/1138118/000113811823000009/cbre-20221231.htm,2022/sp500_companies.csv,sample_2022,1,2022/sample_500/html/raw/0001138118/0001138118-23-000009.html,81
77,S2022-077,S2022-077,CDW,CDW,CDW Corporation,CDW Corporation,cik:0001402057,0001402057,Information Technology,Technology Distributors,0001402057-23-000052,cdw-20221231.htm,10-K,2023-02-24,2022-12-31,2022,https://www.sec.gov/Archives/edgar/data/1402057/000140205723000052/cdw-20221231.htm,2022/sp500_companies.csv,sample_2022,1,2022/sample_500/html/raw/0001402057/0001402057-23-000052.html,82
78,S2022-078,S2022-078,CF,CF,CF Industries,CF Industries,cik:0001324404,0001324404,Materials,Fertilizers & Agricultural Chemicals,0001324404-23-000006,cf-20221231.htm,10-K,2023-02-23,2022-12-31,2022,https://www.sec.gov/Archives/edgar/data/1324404/000132440423000006/cf-20221231.htm,2022/sp500_companies.csv,sample_2022,1,2022/sample_500/html/raw/0001324404/0001324404-23-000006.html,83
79,S2022-079,S2022-079,CME,CME,CME Group,CME Group,cik:0001156375,0001156375,Financials,Financial Exchanges & Data,0001156375-23-000020,cme-20221231.htm,10-K,2023-02-27,2022-12-31,2022,https://www.sec.gov/Archives/edgar/data/1156375/000115637523000020/cme-20221231.htm,2022/sp500_companies.csv,sample_2022,1,2022/sample_500/html/raw/0001156375/0001156375-23-000020.html,84
80,S2022-080,S2022-080,CMS,CMS,CMS Energy,CMS Energy,cik:0000811156,0000811156,Utilities,Multi-Utilities,0000811156-23-000014,cms-20221231.htm,10-K,2023-02-09,2022-12-31,2022,https://www.sec.gov/Archives/edgar/data/811156/000081115623000014/cms-20221231.htm,2022/sp500_companies.csv,sample_2022,1,2022/sample_500/html/raw/0000811156/0000811156-23-000014.html,85
81,S2022-081,S2022-081,CSX,CSX,CSX Corporation,CSX Corporation,cik:0000277948,0000277948,Industrials,Rail Transportation,0000277948-23-000006,csx-20221231.htm,10-K,2023-02-15,2022-12-31,2022,https://www.sec.gov/Archives/edgar/data/277948/000027794823000006/csx-20221231.htm,2022/sp500_companies.csv,sample_2022,1,2022/sample_500/html/raw/0000277948/0000277948-23-000006.html,86
82,S2022-082,S2022-082,CVS,CVS,CVS Health,CVS Health,cik:0000064803,0000064803,Health Care,Health Care Services,0000064803-23-000009,cvs-20221231.htm,10-K,2023-02-08,2022-12-31,2022,https://www.sec.gov/Archives/edgar/data/64803/000006480323000009/cvs-20221231.htm,2022/sp500_companies.csv,sample_2022,1,2022/sample_500/html/raw/0000064803/0000064803-23-000009.html,87
83,S2022-083,S2022-083,CZR,CZR,Caesars Entertainment,Caesars Entertainment,cik:0001590895,0001590895,,,0001590895-23-000070,czr-20221231.htm,10-K,2023-02-22,2022-12-31,2022,https://www.sec.gov/Archives/edgar/data/1590895/000159089523000070/czr-20221231.htm,2022/sp500_companies.csv,sample_2022,1,2022/sample_500/html/raw/0001590895/0001590895-23-000070.html,89
84,S2022-084,S2022-084,CPT,CPT,Camden Property Trust,Camden Property Trust,cik:0000906345,0000906345,Real Estate,Multi-Family Residential REITs,0000906345-23-000008,cpt-20221231.htm,10-K,2023-02-23,2022-12-31,2022,https://www.sec.gov/Archives/edgar/data/906345/000090634523000008/cpt-20221231.htm,2022/sp500_companies.csv,sample_2022,1,2022/sample_500/html/raw/0000906345/0000906345-23-000008.html,90
85,S2022-085,S2022-085,CPB,CPB,Campbell's,Campbell's,cik:0000016732,0000016732,,,0000016732-22-000093,cpb-20220731.htm,10-K,2022-09-22,2022-07-31,2022,https://www.sec.gov/Archives/edgar/data/16732/000001673222000093/cpb-20220731.htm,2022/sp500_companies.csv,sample_2022,1,2022/sample_500/html/raw/0000016732/0000016732-22-000093.html,91
86,S2022-086,S2022-086,COF,COF,Capital One,Capital One,cik:0000927628,0000927628,Financials,Consumer Finance,0000927628-23-000117,cof-20221231.htm,10-K,2023-02-24,2022-12-31,2022,https://www.sec.gov/Archives/edgar/data/927628/000092762823000117/cof-20221231.htm,2022/sp500_companies.csv,sample_2022,1,2022/sample_500/html/raw/0000927628/0000927628-23-000117.html,92
87,S2022-087,S2022-087,KMX,KMX,CarMax,CarMax,cik:0001170010,0001170010,,,0001170010-22-000017,kmx-20220228.htm,10-K,2022-04-14,2022-02-28,2022,https://www.sec.gov/Archives/edgar/data/1170010/000117001022000017/kmx-20220228.htm,2022/sp500_companies.csv,sample_2022,1,2022/sample_500/html/raw/0001170010/0001170010-22-000017.html,93
88,S2022-088,S2022-088,CAH,CAH,Cardinal Health,Cardinal Health,cik:0000721371,0000721371,Health Care,Health Care Distributors,0000721371-22-000058,cah-20220630.htm,10-K,2022-08-11,2022-06-30,2022,https://www.sec.gov/Archives/edgar/data/721371/000072137122000058/cah-20220630.htm,2022/sp500_companies.csv,sample_2022,1,2022/sample_500/html/raw/0000721371/0000721371-22-000058.html,94
89,S2022-089,S2022-089,CCL,CCL,Carnival Corporation,Carnival Corporation,cik:0000815097,0000815097,Consumer Discretionary,"Hotels, Resorts & Cruise Lines",0000815097-23-000012,ccl-20221130.htm,10-K,2023-01-27,2022-11-30,2022,https://www.sec.gov/Archives/edgar/data/815097/000081509723000012/ccl-20221130.htm,2022/sp500_companies.csv,sample_2022,1,2022/sample_500/html/raw/0000815097/0000815097-23-000012.html,95
90,S2022-090,S2022-090,CARR,CARR,Carrier Global,Carrier Global,cik:0001783180,0001783180,Industrials,Building Products,0001783180-23-000012,carr-20221231.htm,10-K,2023-02-07,2022-12-31,2022,https://www.sec.gov/Archives/edgar/data/1783180/000178318023000012/carr-20221231.htm,2022/sp500_companies.csv,sample_2022,1,2022/sample_500/html/raw/0001783180/0001783180-23-000012.html,96
91,S2022-091,S2022-091,CAT,CAT,Caterpillar Inc.,Caterpillar Inc.,cik:0000018230,0000018230,Industrials,Construction Machinery & Heavy Transportation Equipment,0000018230-23-000011,cat-20221231.htm,10-K,2023-02-15,2022-12-31,2022,https://www.sec.gov/Archives/edgar/data/18230/000001823023000011/cat-20221231.htm,2022/sp500_companies.csv,sample_2022,1,2022/sample_500/html/raw/0000018230/0000018230-23-000011.html,98
92,S2022-092,S2022-092,CBOE,CBOE,Cboe Global Markets,Cboe Global Markets,cik:0001374310,0001374310,Financials,Financial Exchanges & Data,0001558370-23-001489,cboe-20221231x10k.htm,10-K,2023-02-17,2022-12-31,2022,https://www.sec.gov/Archives/edgar/data/1374310/000155837023001489/cboe-20221231x10k.htm,2022/sp500_companies.csv,sample_2022,1,2022/sample_500/html/raw/0001374310/0001558370-23-001489.html,99
93,S2022-093,S2022-093,CE,CE,Celanese,Celanese,cik:0001306830,0001306830,,,0001306830-23-000023,ce-20221231.htm,10-K,2023-02-24,2022-12-31,2022,https://www.sec.gov/Archives/edgar/data/1306830/000130683023000023/ce-20221231.htm,2022/sp500_companies.csv,sample_2022,1,2022/sample_500/html/raw/0001306830/0001306830-23-000023.html,100
94,S2022-094,S2022-094,CNC,CNC,Centene Corporation,Centene Corporation,cik:0001071739,0001071739,Health Care,Managed Health Care,0001071739-23-000047,cnc-20221231.htm,10-K,2023-02-21,2022-12-31,2022,https://www.sec.gov/Archives/edgar/data/1071739/000107173923000047/cnc-20221231.htm,2022/sp500_companies.csv,sample_2022,1,2022/sample_500/html/raw/0001071739/0001071739-23-000047.html,101
95,S2022-095,S2022-095,CNP,CNP,CenterPoint Energy,CenterPoint Energy,cik:0001130310,0001130310,Utilities,Multi-Utilities,0001130310-23-000013,cnp-20221231.htm,10-K,2023-02-17,2022-12-31,2022,https://www.sec.gov/Archives/edgar/data/1130310/000113031023000013/cnp-20221231.htm,2022/sp500_companies.csv,sample_2022,1,2022/sample_500/html/raw/0001130310/0001130310-23-000013.html,102
96,S2022-096,S2022-096,CRL,CRL,Charles River Laboratories,Charles River Laboratories,cik:0001100682,0001100682,Health Care,Life Sciences Tools & Services,0001100682-23-000006,crl-20221231.htm,10-K,2023-02-22,2022-12-31,2022,https://www.sec.gov/Archives/edgar/data/1100682/000110068223000006/crl-20221231.htm,2022/sp500_companies.csv,sample_2022,1,2022/sample_500/html/raw/0001100682/0001100682-23-000006.html,104
97,S2022-097,S2022-097,SCHW,SCHW,Charles Schwab Corporation,Charles Schwab Corporation,cik:0000316709,0000316709,Financials,Investment Banking & Brokerage,0000316709-23-000009,schw-20221231.htm,10-K,2023-02-24,2022-12-31,2022,https://www.sec.gov/Archives/edgar/data/316709/000031670923000009/schw-20221231.htm,2022/sp500_companies.csv,sample_2022,1,2022/sample_500/html/raw/0000316709/0000316709-23-000009.html,105
98,S2022-098,S2022-098,CHTR,CHTR,Charter Communications,Charter Communications,cik:0001091667,0001091667,Communication Services,Cable & Satellite,0001091667-23-000024,chtr-20221231.htm,10-K,2023-01-27,2022-12-31,2022,https://www.sec.gov/Archives/edgar/data/1091667/000109166723000024/chtr-20221231.htm,2022/sp500_companies.csv,sample_2022,1,2022/sample_500/html/raw/0001091667/0001091667-23-000024.html,106
99,S2022-099,S2022-099,CVX,CVX,Chevron Corporation,Chevron Corporation,cik:0000093410,0000093410,Energy,Integrated Oil & Gas,0000093410-23-000009,cvx-20221231.htm,10-K,2023-02-23,2022-12-31,2022,https://www.sec.gov/Archives/edgar/data/93410/000009341023000009/cvx-20221231.htm,2022/sp500_companies.csv,sample_2022,1,2022/sample_500/html/raw/0000093410/0000093410-23-000009.html,107
100,S2022-100,S2022-100,CMG,CMG,Chipotle Mexican Grill,Chipotle Mexican Grill,cik:0001058090,0001058090,Consumer Discretionary,Restaurants,0001058090-23-000010,cmg-20221231x10k.htm,10-K,2023-02-09,2022-12-31,2022,https://www.sec.gov/Archives/edgar/data/1058090/000105809023000010/cmg-20221231x10k.htm,2022/sp500_companies.csv,sample_2022,1,2022/sample_500/html/raw/0001058090/0001058090-23-000010.html,108
101,S2022-101,S2022-101,CB,CB,Chubb Limited,Chubb Limited,cik:0000896159,0000896159,Financials,Property & Casualty Insurance,0000896159-23-000007,cb-20221231.htm,10-K,2023-02-24,2022-12-31,2022,https://www.sec.gov/Archives/edgar/data/896159/000089615923000007/cb-20221231.htm,2022/sp500_companies.csv,sample_2022,2,2022/sample_500/html/raw/0000896159/0000896159-23-000007.html,109
102,S2022-102,S2022-102,CHD,CHD,Church & Dwight,Church & Dwight,cik:0000313927,0000313927,Consumer Staples,Household Products,0000950170-23-003066,chd-20221231.htm,10-K,2023-02-16,2022-12-31,2022,https://www.sec.gov/Archives/edgar/data/313927/000095017023003066/chd-20221231.htm,2022/sp500_companies.csv,sample_2022,2,2022/sample_500/html/raw/0000313927/0000950170-23-003066.html,110
103,S2022-103,S2022-103,CI,CI,Cigna,Cigna,cik:0001739940,0001739940,Health Care,Health Care Services,0001739940-23-000008,ci-20221231.htm,10-K,2023-02-23,2022-12-31,2022,https://www.sec.gov/Archives/edgar/data/1739940/000173994023000008/ci-20221231.htm,2022/sp500_companies.csv,sample_2022,2,2022/sample_500/html/raw/0001739940/0001739940-23-000008.html,111
104,S2022-104,S2022-104,CINF,CINF,Cincinnati Financial,Cincinnati Financial,cik:0000020286,0000020286,Financials,Property & Casualty Insurance,0000020286-23-000008,cinf-20221231.htm,10-K,2023-02-23,2022-12-31,2022,https://www.sec.gov/Archives/edgar/data/20286/000002028623000008/cinf-20221231.htm,2022/sp500_companies.csv,sample_2022,2,2022/sample_500/html/raw/0000020286/0000020286-23-000008.html,112
105,S2022-105,S2022-105,CTAS,CTAS,Cintas,Cintas,cik:0000723254,0000723254,Industrials,Diversified Support Services,0000723254-22-000019,ctas-20220531.htm,10-K,2022-07-27,2022-05-31,2022,https://www.sec.gov/Archives/edgar/data/723254/000072325422000019/ctas-20220531.htm,2022/sp500_companies.csv,sample_2022,2,2022/sample_500/html/raw/0000723254/0000723254-22-000019.html,113
106,S2022-106,S2022-106,CSCO,CSCO,Cisco,Cisco,cik:0000858877,0000858877,Information Technology,Communications Equipment,0000858877-22-000013,csco-20220730.htm,10-K,2022-09-08,2022-07-30,2022,https://www.sec.gov/Archives/edgar/data/858877/000085887722000013/csco-20220730.htm,2022/sp500_companies.csv,sample_2022,2,2022/sample_500/html/raw/0000858877/0000858877-22-000013.html,114
107,S2022-107,S2022-107,C,C,Citigroup,Citigroup,cik:0000831001,0000831001,Financials,Diversified Banks,0000831001-23-000037,c-20221231.htm,10-K,2023-02-27,2022-12-31,2022,https://www.sec.gov/Archives/edgar/data/831001/000083100123000037/c-20221231.htm,2022/sp500_companies.csv,sample_2022,2,2022/sample_500/html/raw/0000831001/0000831001-23-000037.html,115
108,S2022-108,S2022-108,CFG,CFG,Citizens Financial Group,Citizens Financial Group,cik:0000759944,0000759944,Financials,Regional Banks,0000759944-23-000029,cfg-20221231.htm,10-K,2023-02-17,2022-12-31,2022,https://www.sec.gov/Archives/edgar/data/759944/000075994423000029/cfg-20221231.htm,2022/sp500_companies.csv,sample_2022,2,2022/sample_500/html/raw/0000759944/0000759944-23-000029.html,116
109,S2022-109,S2022-109,CLX,CLX,Clorox,Clorox,cik:0000021076,0000021076,Consumer Staples,Household Products,0000021076-22-000026,clx-20220630.htm,10-K,2022-08-10,2022-06-30,2022,https://www.sec.gov/Archives/edgar/data/21076/000002107622000026/clx-20220630.htm,2022/sp500_companies.csv,sample_2022,2,2022/sample_500/html/raw/0000021076/0000021076-22-000026.html,117
110,S2022-110,S2022-110,CSGP,CSGP,CoStar Group,CoStar Group,cik:0001057352,0001057352,Real Estate,Real Estate Services,0001057352-23-000030,csgp-20221231.htm,10-K,2023-02-22,2022-12-31,2022,https://www.sec.gov/Archives/edgar/data/1057352/000105735223000030/csgp-20221231.htm,2022/sp500_companies.csv,sample_2022,2,2022/sample_500/html/raw/0001057352/0001057352-23-000030.html,118
111,S2022-111,S2022-111,KO,KO,Coca-Cola Company (The),Coca-Cola Company (The),cik:0000021344,0000021344,Consumer Staples,Soft Drinks & Non-alcoholic Beverages,0000021344-23-000011,ko-20221231.htm,10-K,2023-02-21,2022-12-31,2022,https://www.sec.gov/Archives/edgar/data/21344/000002134423000011/ko-20221231.htm,2022/sp500_companies.csv,sample_2022,2,2022/sample_500/html/raw/0000021344/0000021344-23-000011.html,119
112,S2022-112,S2022-112,CTSH,CTSH,Cognizant,Cognizant,cik:0001058290,0001058290,Information Technology,IT Consulting & Other Services,0001058290-23-000027,ctsh-20221231.htm,10-K,2023-02-15,2022-12-31,2022,https://www.sec.gov/Archives/edgar/data/1058290/000105829023000027/ctsh-20221231.htm,2022/sp500_companies.csv,sample_2022,2,2022/sample_500/html/raw/0001058290/0001058290-23-000027.html,120
113,S2022-113,S2022-113,CL,CL,Colgate-Palmolive,Colgate-Palmolive,cik:0000021665,0000021665,Consumer Staples,Household Products,0000021665-23-000007,cl-20221231.htm,10-K,2023-02-16,2022-12-31,2022,https://www.sec.gov/Archives/edgar/data/21665/000002166523000007/cl-20221231.htm,2022/sp500_companies.csv,sample_2022,2,2022/sample_500/html/raw/0000021665/0000021665-23-000007.html,121
114,S2022-114,S2022-114,CMCSA,CMCSA,Comcast,Comcast,cik:0001166691,0001166691,Communication Services,Cable & Satellite,0001166691-23-000010,cmcsa-20221231.htm,10-K,2023-02-03,2022-12-31,2022,https://www.sec.gov/Archives/edgar/data/1166691/000116669123000010/cmcsa-20221231.htm,2022/sp500_companies.csv,sample_2022,2,2022/sample_500/html/raw/0001166691/0001166691-23-000010.html,122
115,S2022-115,S2022-115,CAG,CAG,Conagra Brands,Conagra Brands,cik:0000023217,0000023217,,,0001437749-22-017530,cag20220209_10k.htm,10-K,2022-07-21,2022-05-29,2022,https://www.sec.gov/Archives/edgar/data/23217/000143774922017530/cag20220209_10k.htm,2022/sp500_companies.csv,sample_2022,2,2022/sample_500/html/raw/0000023217/0001437749-22-017530.html,124
116,S2022-116,S2022-116,COP,COP,ConocoPhillips,ConocoPhillips,cik:0001163165,0001163165,Energy,Oil & Gas Exploration & Production,0001163165-23-000006,cop-20221231.htm,10-K,2023-02-16,2022-12-31,2022,https://www.sec.gov/Archives/edgar/data/1163165/000116316523000006/cop-20221231.htm,2022/sp500_companies.csv,sample_2022,2,2022/sample_500/html/raw/0001163165/0001163165-23-000006.html,125
117,S2022-117,S2022-117,ED,ED,Consolidated Edison,Consolidated Edison,cik:0001047862,0001047862,Utilities,Multi-Utilities,0001047862-23-000038,ed-20221231.htm,10-K,2023-02-16,2022-12-31,2022,https://www.sec.gov/Archives/edgar/data/1047862/000104786223000038/ed-20221231.htm,2022/sp500_companies.csv,sample_2022,2,2022/sample_500/html/raw/0001047862/0001047862-23-000038.html,126
118,S2022-118,S2022-118,STZ,STZ,Constellation Brands,Constellation Brands,cik:0000016918,0000016918,Consumer Staples,Distillers & Vintners,0000016918-22-000069,stz-20220228.htm,10-K,2022-04-21,2022-02-28,2022,https://www.sec.gov/Archives/edgar/data/16918/000001691822000069/stz-20220228.htm,2022/sp500_companies.csv,sample_2022,2,2022/sample_500/html/raw/0000016918/0000016918-22-000069.html,127
119,S2022-119,S2022-119,CEG,CEG,Constellation Energy,Constellation Energy,cik:0001868275,0001868275,Utilities,Electric Utilities,0001868275-23-000014,ceg-20221231.htm,10-K,2023-02-16,2022-12-31,2022,https://www.sec.gov/Archives/edgar/data/1868275/000186827523000014/ceg-20221231.htm,2022/sp500_companies.csv,sample_2022,2,2022/sample_500/html/raw/0001868275/0001868275-23-000014.html,128
120,S2022-120,S2022-120,COO,COO,Cooper Companies (The),Cooper Companies (The),cik:0000711404,0000711404,Health Care,Health Care Supplies,0000711404-22-000053,coo-20221031.htm,10-K,2022-12-09,2022-10-31,2022,https://www.sec.gov/Archives/edgar/data/711404/000071140422000053/coo-20221031.htm,2022/sp500_companies.csv,sample_2022,2,2022/sample_500/html/raw/0000711404/0000711404-22-000053.html,129
121,S2022-121,S2022-121,CPRT,CPRT,Copart,Copart,cik:0000900075,0000900075,Industrials,Diversified Support Services,0000900075-22-000050,cprt-20220731.htm,10-K,2022-09-27,2022-07-31,2022,https://www.sec.gov/Archives/edgar/data/900075/000090007522000050/cprt-20220731.htm,2022/sp500_companies.csv,sample_2022,2,2022/sample_500/html/raw/0000900075/0000900075-22-000050.html,130
122,S2022-122,S2022-122,GLW,GLW,Corning Inc.,Corning Inc.,cik:0000024741,0000024741,Information Technology,Electronic Components,0001437749-23-003123,glw20221231_10k.htm,10-K,2023-02-13,2022-12-31,2022,https://www.sec.gov/Archives/edgar/data/24741/000143774923003123/glw20221231_10k.htm,2022/sp500_companies.csv,sample_2022,2,2022/sample_500/html/raw/0000024741/0001437749-23-003123.html,131
123,S2022-123,S2022-123,CTVA,CTVA,Corteva,Corteva,cik:0001755672,0001755672,Materials,Fertilizers & Agricultural Chemicals,0001755672-23-000005,ctva-20221231.htm,10-K,2023-02-09,2022-12-31,2022,https://www.sec.gov/Archives/edgar/data/1755672/000175567223000005/ctva-20221231.htm,2022/sp500_companies.csv,sample_2022,2,2022/sample_500/html/raw/0001755672/0001755672-23-000005.html,132
124,S2022-124,S2022-124,COST,COST,Costco,Costco,cik:0000909832,0000909832,Consumer Staples,Consumer Staples Merchandise Retail,0000909832-22-000021,cost-20220828.htm,10-K,2022-10-05,2022-08-28,2022,https://www.sec.gov/Archives/edgar/data/909832/000090983222000021/cost-20220828.htm,2022/sp500_companies.csv,sample_2022,2,2022/sample_500/html/raw/0000909832/0000909832-22-000021.html,133
125,S2022-125,S2022-125,CCI,CCI,Crown Castle,Crown Castle,cik:0001051470,0001051470,Real Estate,Telecom Tower REITs,0001051470-23-000041,cci-20221231.htm,10-K,2023-02-24,2022-12-31,2022,https://www.sec.gov/Archives/edgar/data/1051470/000105147023000041/cci-20221231.htm,2022/sp500_companies.csv,sample_2022,2,2022/sample_500/html/raw/0001051470/0001051470-23-000041.html,135
126,S2022-126,S2022-126,CMI,CMI,Cummins,Cummins,cik:0000026172,0000026172,Industrials,Construction Machinery & Heavy Transportation Equipment,0000026172-23-000005,cmi-20221231.htm,10-K,2023-02-14,2022-12-31,2022,https://www.sec.gov/Archives/edgar/data/26172/000002617223000005/cmi-20221231.htm,2022/sp500_companies.csv,sample_2022,2,2022/sample_500/html/raw/0000026172/0000026172-23-000005.html,136
127,S2022-127,S2022-127,DHI,DHI,D. R. Horton,D. R. Horton,cik:0000882184,0000882184,Consumer Discretionary,Homebuilding,0000882184-22-000184,dhi-20220930.htm,10-K,2022-11-18,2022-09-30,2022,https://www.sec.gov/Archives/edgar/data/882184/000088218422000184/dhi-20220930.htm,2022/sp500_companies.csv,sample_2022,2,2022/sample_500/html/raw/0000882184/0000882184-22-000184.html,137
128,S2022-128,S2022-128,DTE,DTE,DTE Energy,DTE Energy,cik:0000936340,0000936340,Utilities,Multi-Utilities,0000936340-23-000073,dte-20221231.htm,10-K,2023-02-23,2022-12-31,2022,https://www.sec.gov/Archives/edgar/data/936340/000093634023000073/dte-20221231.htm,2022/sp500_companies.csv,sample_2022,2,2022/sample_500/html/raw/0000936340/0000936340-23-000073.html,138
129,S2022-129,S2022-129,DXC,DXC,DXC Technology,DXC Technology,cik:0001688568,0001688568,,,0001688568-22-000027,dxc-20220331.htm,10-K,2022-05-26,2022-03-31,2022,https://www.sec.gov/Archives/edgar/data/1688568/000168856822000027/dxc-20220331.htm,2022/sp500_companies.csv,sample_2022,2,2022/sample_500/html/raw/0001688568/0001688568-22-000027.html,139
130,S2022-130,S2022-130,DVA,DVA,DaVita,DaVita,cik:0000927066,0000927066,Health Care,Health Care Services,0000927066-23-000011,dva-20221231.htm,10-K,2023-02-22,2022-12-31,2022,https://www.sec.gov/Archives/edgar/data/927066/000092706623000011/dva-20221231.htm,2022/sp500_companies.csv,sample_2022,2,2022/sample_500/html/raw/0000927066/0000927066-23-000011.html,140
131,S2022-131,S2022-131,DHR,DHR,Danaher Corporation,Danaher Corporation,cik:0000313616,0000313616,Health Care,Life Sciences Tools & Services,0000313616-23-000087,dhr-20221231.htm,10-K,2023-02-22,2022-12-31,2022,https://www.sec.gov/Archives/edgar/data/313616/000031361623000087/dhr-20221231.htm,2022/sp500_companies.csv,sample_2022,2,2022/sample_500/html/raw/0000313616/0000313616-23-000087.html,141
132,S2022-132,S2022-132,DRI,DRI,Darden Restaurants,Darden Restaurants,cik:0000940944,0000940944,Consumer Discretionary,Restaurants,0000940944-22-000042,dri-20220529.htm,10-K,2022-07-22,2022-05-29,2022,https://www.sec.gov/Archives/edgar/data/940944/000094094422000042/dri-20220529.htm,2022/sp500_companies.csv,sample_2022,2,2022/sample_500/html/raw/0000940944/0000940944-22-000042.html,142
133,S2022-133,S2022-133,DE,DE,Deere & Company,Deere & Company,cik:0000315189,0000315189,Industrials,Agricultural & Farm Machinery,0001558370-22-018703,de-20221030x10k.htm,10-K,2022-12-15,2022-10-30,2022,https://www.sec.gov/Archives/edgar/data/315189/000155837022018703/de-20221030x10k.htm,2022/sp500_companies.csv,sample_2022,2,2022/sample_500/html/raw/0000315189/0001558370-22-018703.html,143
134,S2022-134,S2022-134,DAL,DAL,Delta Air Lines,Delta Air Lines,cik:0000027904,0000027904,Industrials,Passenger Airlines,0000027904-23-000003,dal-20221231.htm,10-K,2023-02-10,2022-12-31,2022,https://www.sec.gov/Archives/edgar/data/27904/000002790423000003/dal-20221231.htm,2022/sp500_companies.csv,sample_2022,2,2022/sample_500/html/raw/0000027904/0000027904-23-000003.html,144
135,S2022-135,S2022-135,XRAY,XRAY,Dentsply Sirona,Dentsply Sirona,cik:0000818479,0000818479,,,0000818479-23-000017,xray-20221231.htm,10-K,2023-03-01,2022-12-31,2022,https://www.sec.gov/Archives/edgar/data/818479/000081847923000017/xray-20221231.htm,2022/sp500_companies.csv,sample_2022,2,2022/sample_500/html/raw/0000818479/0000818479-23-000017.html,145
136,S2022-136,S2022-136,DVN,DVN,Devon Energy,Devon Energy,cik:0001090012,0001090012,Energy,Oil & Gas Exploration & Production,0000950170-23-002852,dvn-20221231.htm,10-K,2023-02-15,2022-12-31,2022,https://www.sec.gov/Archives/edgar/data/1090012/000095017023002852/dvn-20221231.htm,2022/sp500_companies.csv,sample_2022,2,2022/sample_500/html/raw/0001090012/0000950170-23-002852.html,146
137,S2022-137,S2022-137,DXCM,DXCM,Dexcom,Dexcom,cik:0001093557,0001093557,Health Care,Health Care Equipment,0001093557-23-000024,dxcm-20221231.htm,10-K,2023-02-09,2022-12-31,2022,https://www.sec.gov/Archives/edgar/data/1093557/000109355723000024/dxcm-20221231.htm,2022/sp500_companies.csv,sample_2022,2,2022/sample_500/html/raw/0001093557/0001093557-23-000024.html,147
138,S2022-138,S2022-138,FANG,FANG,Diamondback Energy,Diamondback Energy,cik:0001539838,0001539838,Energy,Oil & Gas Exploration & Production,0001539838-23-000022,fang-20221231.htm,10-K,2023-02-23,2022-12-31,2022,https://www.sec.gov/Archives/edgar/data/1539838/000153983823000022/fang-20221231.htm,2022/sp500_companies.csv,sample_2022,2,2022/sample_500/html/raw/0001539838/0001539838-23-000022.html,148
139,S2022-139,S2022-139,DLR,DLR,Digital Realty,Digital Realty,cik:0001297996,0001297996,Real Estate,Data Center REITs,0001558370-23-002087,dlr-20221231x10k.htm,10-K,2023-02-27,2022-12-31,2022,https://www.sec.gov/Archives/edgar/data/1297996/000155837023002087/dlr-20221231x10k.htm,2022/sp500_companies.csv,sample_2022,2,2022/sample_500/html/raw/0001297996/0001558370-23-002087.html,149
140,S2022-140,S2022-140,DG,DG,Dollar General,Dollar General,cik:0000029534,0000029534,Consumer Staples,Consumer Staples Merchandise Retail,0001558370-22-003921,dg-20220128x10k.htm,10-K,2022-03-18,2022-01-28,2022,https://www.sec.gov/Archives/edgar/data/29534/000155837022003921/dg-20220128x10k.htm,2022/sp500_companies.csv,sample_2022,2,2022/sample_500/html/raw/0000029534/0001558370-22-003921.html,152
141,S2022-141,S2022-141,DLTR,DLTR,Dollar Tree,Dollar Tree,cik:0000935703,0000935703,Consumer Staples,Consumer Staples Merchandise Retail,0000935703-22-000020,dltr-20220129.htm,10-K,2022-03-15,2022-01-29,2022,https://www.sec.gov/Archives/edgar/data/935703/000093570322000020/dltr-20220129.htm,2022/sp500_companies.csv,sample_2022,2,2022/sample_500/html/raw/0000935703/0000935703-22-000020.html,153
142,S2022-142,S2022-142,D,D,Dominion Energy,Dominion Energy,cik:0000715957,0000715957,Utilities,Multi-Utilities,0000950170-23-003287,d-20221231.htm,10-K,2023-02-21,2022-12-31,2022,https://www.sec.gov/Archives/edgar/data/715957/000095017023003287/d-20221231.htm,2022/sp500_companies.csv,sample_2022,2,2022/sample_500/html/raw/0000715957/0000950170-23-003287.html,154
143,S2022-143,S2022-143,DPZ,DPZ,Domino's,Domino's,cik:0001286681,0001286681,Consumer Discretionary,Restaurants,0000950170-22-002426,dpz-20220102.htm,10-K,2022-03-01,2022-01-02,2022,https://www.sec.gov/Archives/edgar/data/1286681/000095017022002426/dpz-20220102.htm,2022/sp500_companies.csv,sample_2022,2,2022/sample_500/html/raw/0001286681/0000950170-22-002426.html,155
144,S2022-144,S2022-144,DOV,DOV,Dover Corporation,Dover Corporation,cik:0000029905,0000029905,Industrials,Industrial Machinery & Supplies & Components,0000029905-23-000008,dov-20221231.htm,10-K,2023-02-10,2022-12-31,2022,https://www.sec.gov/Archives/edgar/data/29905/000002990523000008/dov-20221231.htm,2022/sp500_companies.csv,sample_2022,2,2022/sample_500/html/raw/0000029905/0000029905-23-000008.html,156
145,S2022-145,S2022-145,DOW,DOW,Dow Inc.,Dow Inc.,cik:0001751788,0001751788,Materials,Commodity Chemicals,0001751788-23-000014,dow-20221231.htm,10-K,2023-02-01,2022-12-31,2022,https://www.sec.gov/Archives/edgar/data/1751788/000175178823000014/dow-20221231.htm,2022/sp500_companies.csv,sample_2022,2,2022/sample_500/html/raw/0001751788/0001751788-23-000014.html,157
146,S2022-146,S2022-146,DD,DD,DuPont,DuPont,cik:0001666700,0001666700,Materials,Specialty Chemicals,0001666700-23-000008,dd-20221231.htm,10-K,2023-02-15,2022-12-31,2022,https://www.sec.gov/Archives/edgar/data/1666700/000166670023000008/dd-20221231.htm,2022/sp500_companies.csv,sample_2022,2,2022/sample_500/html/raw/0001666700/0001666700-23-000008.html,158
147,S2022-147,S2022-147,DUK,DUK,Duke Energy,Duke Energy,cik:0001326160,0001326160,Utilities,Electric Utilities,0001326160-23-000073,duk-20221231.htm,10-K,2023-02-27,2022-12-31,2022,https://www.sec.gov/Archives/edgar/data/1326160/000132616023000073/duk-20221231.htm,2022/sp500_companies.csv,sample_2022,2,2022/sample_500/html/raw/0001326160/0001326160-23-000073.html,159
148,S2022-148,S2022-148,EOG,EOG,EOG Resources,EOG Resources,cik:0000821189,0000821189,Energy,Oil & Gas Exploration & Production,0000821189-23-000015,eog-20221231.htm,10-K,2023-02-23,2022-12-31,2022,https://www.sec.gov/Archives/edgar/data/821189/000082118923000015/eog-20221231.htm,2022/sp500_companies.csv,sample_2022,2,2022/sample_500/html/raw/0000821189/0000821189-23-000015.html,160
149,S2022-149,S2022-149,EPAM,EPAM,EPAM Systems,EPAM Systems,cik:0001352010,0001352010,,,0001352010-23-000013,epam-20221231.htm,10-K,2023-02-24,2022-12-31,2022,https://www.sec.gov/Archives/edgar/data/1352010/000135201023000013/epam-20221231.htm,2022/sp500_companies.csv,sample_2022,2,2022/sample_500/html/raw/0001352010/0001352010-23-000013.html,161
150,S2022-150,S2022-150,EQT,EQT,EQT Corporation,EQT Corporation,cik:0000033213,0000033213,Energy,Oil & Gas Exploration & Production,0000033213-23-000008,eqt-20221231.htm,10-K,2023-02-16,2022-12-31,2022,https://www.sec.gov/Archives/edgar/data/33213/000003321323000008/eqt-20221231.htm,2022/sp500_companies.csv,sample_2022,2,2022/sample_500/html/raw/0000033213/0000033213-23-000008.html,162
151,S2022-151,S2022-151,EMN,EMN,Eastman Chemical Co.,Eastman Chemical Co.,cik:0000915389,0000915389,,,0000915389-23-000015,emn-20221231.htm,10-K,2023-02-15,2022-12-31,2022,https://www.sec.gov/Archives/edgar/data/915389/000091538923000015/emn-20221231.htm,2022/sp500_companies.csv,sample_2022,2,2022/sample_500/html/raw/0000915389/0000915389-23-000015.html,163
152,S2022-152,S2022-152,ETN,ETN,Eaton Corporation,Eaton Corporation,cik:0001551182,0001551182,Industrials,Electrical Components & Equipment,0001551182-23-000004,etn-20221231.htm,10-K,2023-02-23,2022-12-31,2022,https://www.sec.gov/Archives/edgar/data/1551182/000155118223000004/etn-20221231.htm,2022/sp500_companies.csv,sample_2022,2,2022/sample_500/html/raw/0001551182/0001551182-23-000004.html,164
153,S2022-153,S2022-153,ECL,ECL,Ecolab,Ecolab,cik:0000031462,0000031462,Materials,Specialty Chemicals,0001558370-23-001969,ecl-20221231x10k.htm,10-K,2023-02-24,2022-12-31,2022,https://www.sec.gov/Archives/edgar/data/31462/000155837023001969/ecl-20221231x10k.htm,2022/sp500_companies.csv,sample_2022,2,2022/sample_500/html/raw/0000031462/0001558370-23-001969.html,165
154,S2022-154,S2022-154,EIX,EIX,Edison International,Edison International,cik:0000827052,0000827052,Utilities,Electric Utilities,0000827052-23-000010,eix-20221231x10k.htm,10-K,2023-02-23,2022-12-31,2022,https://www.sec.gov/Archives/edgar/data/827052/000082705223000010/eix-20221231x10k.htm,2022/sp500_companies.csv,sample_2022,2,2022/sample_500/html/raw/0000827052/0000827052-23-000010.html,166
155,S2022-155,S2022-155,EW,EW,Edwards Lifesciences,Edwards Lifesciences,cik:0001099800,0001099800,Health Care,Health Care Equipment,0001099800-23-000005,ew-20221231.htm,10-K,2023-02-13,2022-12-31,2022,https://www.sec.gov/Archives/edgar/data/1099800/000109980023000005/ew-20221231.htm,2022/sp500_companies.csv,sample_2022,2,2022/sample_500/html/raw/0001099800/0001099800-23-000005.html,167
156,S2022-156,S2022-156,EA,EA,Electronic Arts,Electronic Arts,cik:0000712515,0000712515,Communication Services,Interactive Home Entertainment,0000712515-22-000011,ea-20220331.htm,10-K,2022-05-25,2022-03-31,2022,https://www.sec.gov/Archives/edgar/data/712515/000071251522000011/ea-20220331.htm,2022/sp500_companies.csv,sample_2022,2,2022/sample_500/html/raw/0000712515/0000712515-22-000011.html,168
157,S2022-157,S2022-157,ELV,ELV,Elevance Health,Elevance Health,cik:0001156039,0001156039,Health Care,Managed Health Care,0001156039-23-000007,elv-20221231.htm,10-K,2023-02-15,2022-12-31,2022,https://www.sec.gov/Archives/edgar/data/1156039/000115603923000007/elv-20221231.htm,2022/sp500_companies.csv,sample_2022,2,2022/sample_500/html/raw/0001156039/0001156039-23-000007.html,169
158,S2022-158,S2022-158,EMR,EMR,Emerson Electric,Emerson Electric,cik:0000032604,0000032604,Industrials,Electrical Components & Equipment,0000032604-22-000041,emr-20220930.htm,10-K,2022-11-14,2022-09-30,2022,https://www.sec.gov/Archives/edgar/data/32604/000003260422000041/emr-20220930.htm,2022/sp500_companies.csv,sample_2022,2,2022/sample_500/html/raw/0000032604/0000032604-22-000041.html,170
159,S2022-159,S2022-159,ENPH,ENPH,Enphase Energy,Enphase Energy,cik:0001463101,0001463101,,,0001463101-23-000025,enph-20221231.htm,10-K,2023-02-13,2022-12-31,2022,https://www.sec.gov/Archives/edgar/data/1463101/000146310123000025/enph-20221231.htm,2022/sp500_companies.csv,sample_2022,2,2022/sample_500/html/raw/0001463101/0001463101-23-000025.html,171
160,S2022-160,S2022-160,ETR,ETR,Entergy,Entergy,cik:0000065984,0000065984,Utilities,Electric Utilities,0000065984-23-000014,etr-20221231.htm,10-K,2023-02-24,2022-12-31,2022,https://www.sec.gov/Archives/edgar/data/65984/000006598423000014/etr-20221231.htm,2022/sp500_companies.csv,sample_2022,2,2022/sample_500/html/raw/0000065984/0000065984-23-000014.html,172
161,S2022-161,S2022-161,EFX,EFX,Equifax,Equifax,cik:0000033185,0000033185,Industrials,Research & Consulting Services,0000033185-23-000012,efx-20221231.htm,10-K,2023-02-23,2022-12-31,2022,https://www.sec.gov/Archives/edgar/data/33185/000003318523000012/efx-20221231.htm,2022/sp500_companies.csv,sample_2022,2,2022/sample_500/html/raw/0000033185/0000033185-23-000012.html,173
162,S2022-162,S2022-162,EQIX,EQIX,Equinix,Equinix,cik:0001101239,0001101239,Real Estate,Data Center REITs,0001628280-23-004039,eqix-20221231.htm,10-K,2023-02-17,2022-12-31,2022,https://www.sec.gov/Archives/edgar/data/1101239/000162828023004039/eqix-20221231.htm,2022/sp500_companies.csv,sample_2022,2,2022/sample_500/html/raw/0001101239/0001628280-23-004039.html,174
163,S2022-163,S2022-163,EQR,EQR,Equity Residential,Equity Residential,cik:0000906107,0000906107,Real Estate,Multi-Family Residential REITs,0000950170-23-003060,eqr-20221231.htm,10-K,2023-02-16,2022-12-31,2022,https://www.sec.gov/Archives/edgar/data/906107/000095017023003060/eqr-20221231.htm,2022/sp500_companies.csv,sample_2022,2,2022/sample_500/html/raw/0000906107/0000950170-23-003060.html,175
164,S2022-164,S2022-164,ESS,ESS,Essex Property Trust,Essex Property Trust,cik:0000920522,0000920522,Real Estate,Multi-Family Residential REITs,0000920522-23-000005,ess-20221231.htm,10-K,2023-02-23,2022-12-31,2022,https://www.sec.gov/Archives/edgar/data/920522/000092052223000005/ess-20221231.htm,2022/sp500_companies.csv,sample_2022,2,2022/sample_500/html/raw/0000920522/0000920522-23-000005.html,176
165,S2022-165,S2022-165,EL,EL,Estée Lauder Companies (The),Estée Lauder Companies (The),cik:0001001250,0001001250,Consumer Staples,Personal Care Products,0001001250-22-000122,el-20220630.htm,10-K,2022-08-24,2022-06-30,2022,https://www.sec.gov/Archives/edgar/data/1001250/000100125022000122/el-20220630.htm,2022/sp500_companies.csv,sample_2022,2,2022/sample_500/html/raw/0001001250/0001001250-22-000122.html,177
166,S2022-166,S2022-166,ETSY,ETSY,Etsy,Etsy,cik:0001370637,0001370637,,,0001370637-23-000017,etsy-20221231.htm,10-K,2023-02-23,2022-12-31,2022,https://www.sec.gov/Archives/edgar/data/1370637/000137063723000017/etsy-20221231.htm,2022/sp500_companies.csv,sample_2022,2,2022/sample_500/html/raw/0001370637/0001370637-23-000017.html,178
167,S2022-167,S2022-167,EVRG,EVRG,Evergy,Evergy,cik:0001711269,0001711269,Utilities,Electric Utilities,0001711269-23-000011,evrg-20221231.htm,10-K,2023-02-24,2022-12-31,2022,https://www.sec.gov/Archives/edgar/data/1711269/000171126923000011/evrg-20221231.htm,2022/sp500_companies.csv,sample_2022,2,2022/sample_500/html/raw/0001711269/0001711269-23-000011.html,180
168,S2022-168,S2022-168,ES,ES,Eversource Energy,Eversource Energy,cik:0000072741,0000072741,Utilities,Electric Utilities,0000072741-23-000004,es-20221231.htm,10-K,2023-02-15,2022-12-31,2022,https://www.sec.gov/Archives/edgar/data/72741/000007274123000004/es-20221231.htm,2022/sp500_companies.csv,sample_2022,2,2022/sample_500/html/raw/0000072741/0000072741-23-000004.html,181
169,S2022-169,S2022-169,EXC,EXC,Exelon,Exelon,cik:0001109357,0001109357,Utilities,Electric Utilities,0001109357-23-000018,exc-20221231.htm,10-K,2023-02-14,2022-12-31,2022,https://www.sec.gov/Archives/edgar/data/1109357/000110935723000018/exc-20221231.htm,2022/sp500_companies.csv,sample_2022,2,2022/sample_500/html/raw/0001109357/0001109357-23-000018.html,182
170,S2022-170,S2022-170,EXPE,EXPE,Expedia Group,Expedia Group,cik:0001324424,0001324424,Consumer Discretionary,"Hotels, Resorts & Cruise Lines",0001324424-23-000007,expe-20221231.htm,10-K,2023-02-10,2022-12-31,2022,https://www.sec.gov/Archives/edgar/data/1324424/000132442423000007/expe-20221231.htm,2022/sp500_companies.csv,sample_2022,2,2022/sample_500/html/raw/0001324424/0001324424-23-000007.html,183
171,S2022-171,S2022-171,EXPD,EXPD,Expeditors International,Expeditors International,cik:0000746515,0000746515,Industrials,Air Freight & Logistics,0000950170-23-005412,expd-20221231.htm,10-K,2023-03-01,2022-12-31,2022,https://www.sec.gov/Archives/edgar/data/746515/000095017023005412/expd-20221231.htm,2022/sp500_companies.csv,sample_2022,2,2022/sample_500/html/raw/0000746515/0000950170-23-005412.html,184
172,S2022-172,S2022-172,EXR,EXR,Extra Space Storage,Extra Space Storage,cik:0001289490,0001289490,Real Estate,Self-Storage REITs,0001628280-23-005628,exr-20221231.htm,10-K,2023-02-28,2022-12-31,2022,https://www.sec.gov/Archives/edgar/data/1289490/000162828023005628/exr-20221231.htm,2022/sp500_companies.csv,sample_2022,2,2022/sample_500/html/raw/0001289490/0001628280-23-005628.html,185
173,S2022-173,S2022-173,XOM,XOM,ExxonMobil,ExxonMobil,cik:0000034088,0000034088,Energy,Integrated Oil & Gas,0000034088-23-000020,xom-20221231.htm,10-K,2023-02-22,2022-12-31,2022,https://www.sec.gov/Archives/edgar/data/34088/000003408823000020/xom-20221231.htm,2022/sp500_companies.csv,sample_2022,2,2022/sample_500/html/raw/0000034088/0000034088-23-000020.html,186
174,S2022-174,S2022-174,FFIV,FFIV,"F5, Inc.","F5, Inc.",cik:0001048695,0001048695,Information Technology,Communications Equipment,0001048695-22-000033,ffiv-20220930.htm,10-K,2022-11-15,2022-09-30,2022,https://www.sec.gov/Archives/edgar/data/1048695/000104869522000033/ffiv-20220930.htm,2022/sp500_companies.csv,sample_2022,2,2022/sample_500/html/raw/0001048695/0001048695-22-000033.html,187
175,S2022-175,S2022-175,FMC,FMC,FMC Corporation,FMC Corporation,cik:0000037785,0000037785,,,0000037785-23-000019,fmc-20221231.htm,10-K,2023-02-24,2022-12-31,2022,https://www.sec.gov/Archives/edgar/data/37785/000003778523000019/fmc-20221231.htm,2022/sp500_companies.csv,sample_2022,2,2022/sample_500/html/raw/0000037785/0000037785-23-000019.html,189
176,S2022-176,S2022-176,FDS,FDS,FactSet,FactSet,cik:0001013237,0001013237,Financials,Financial Exchanges & Data,0001013237-22-000159,fds-20220831.htm,10-K,2022-10-21,2022-08-31,2022,https://www.sec.gov/Archives/edgar/data/1013237/000101323722000159/fds-20220831.htm,2022/sp500_companies.csv,sample_2022,2,2022/sample_500/html/raw/0001013237/0001013237-22-000159.html,190
177,S2022-177,S2022-177,FAST,FAST,Fastenal,Fastenal,cik:0000815556,0000815556,Industrials,Trading Companies & Distributors,0000815556-23-000009,fast-20221231.htm,10-K,2023-02-07,2022-12-31,2022,https://www.sec.gov/Archives/edgar/data/815556/000081555623000009/fast-20221231.htm,2022/sp500_companies.csv,sample_2022,2,2022/sample_500/html/raw/0000815556/0000815556-23-000009.html,191
178,S2022-178,S2022-178,FDX,FDX,FedEx,FedEx,cik:0001048911,0001048911,Industrials,Air Freight & Logistics,0000950170-22-012762,fdx-20220531.htm,10-K,2022-07-18,2022-05-31,2022,https://www.sec.gov/Archives/edgar/data/1048911/000095017022012762/fdx-20220531.htm,2022/sp500_companies.csv,sample_2022,2,2022/sample_500/html/raw/0001048911/0000950170-22-012762.html,192
179,S2022-179,S2022-179,FRT,FRT,Federal Realty Investment Trust,Federal Realty Investment Trust,cik:0000034903,0000034903,Real Estate,Retail REITs,0000034903-23-000020,frt-20221231.htm,10-K,2023-02-08,2022-12-31,2022,https://www.sec.gov/Archives/edgar/data/34903/000003490323000020/frt-20221231.htm,2022/sp500_companies.csv,sample_2022,2,2022/sample_500/html/raw/0000034903/0000034903-23-000020.html,193
180,S2022-180,S2022-180,FIS,FIS,Fidelity National Information Services,Fidelity National Information Services,cik:0001136893,0001136893,Financials,Transaction & Payment Processing Services,0001136893-23-000028,fis-20221231.htm,10-K,2023-02-27,2022-12-31,2022,https://www.sec.gov/Archives/edgar/data/1136893/000113689323000028/fis-20221231.htm,2022/sp500_companies.csv,sample_2022,2,2022/sample_500/html/raw/0001136893/0001136893-23-000028.html,194
181,S2022-181,S2022-181,FITB,FITB,Fifth Third Bancorp,Fifth Third Bancorp,cik:0000035527,0000035527,Financials,Regional Banks,0000035527-23-000122,fitb-20221231.htm,10-K,2023-02-24,2022-12-31,2022,https://www.sec.gov/Archives/edgar/data/35527/000003552723000122/fitb-20221231.htm,2022/sp500_companies.csv,sample_2022,2,2022/sample_500/html/raw/0000035527/0000035527-23-000122.html,195
182,S2022-182,S2022-182,FSLR,FSLR,First Solar,First Solar,cik:0001274494,0001274494,Information Technology,Semiconductors,0001274494-23-000002,fslr-20221231.htm,10-K,2023-02-28,2022-12-31,2022,https://www.sec.gov/Archives/edgar/data/1274494/000127449423000002/fslr-20221231.htm,2022/sp500_companies.csv,sample_2022,2,2022/sample_500/html/raw/0001274494/0001274494-23-000002.html,197
183,S2022-183,S2022-183,FE,FE,FirstEnergy,FirstEnergy,cik:0001031296,0001031296,Utilities,Electric Utilities,0001031296-23-000014,fe-20221231.htm,10-K,2023-02-13,2022-12-31,2022,https://www.sec.gov/Archives/edgar/data/1031296/000103129623000014/fe-20221231.htm,2022/sp500_companies.csv,sample_2022,2,2022/sample_500/html/raw/0001031296/0001031296-23-000014.html,198
184,S2022-184,S2022-184,FISV,FISV,Fiserv,Fiserv,cik:0000798354,0000798354,Financials,Transaction & Payment Processing Services,0000798354-23-000004,fisv-20221231.htm,10-K,2023-02-23,2022-12-31,2022,https://www.sec.gov/Archives/edgar/data/798354/000079835423000004/fisv-20221231.htm,2022/sp500_companies.csv,sample_2022,2,2022/sample_500/html/raw/0000798354/0000798354-23-000004.html,199
185,S2022-185,S2022-185,F,F,Ford Motor Company,Ford Motor Company,cik:0000037996,0000037996,Consumer Discretionary,Automobile Manufacturers,0000037996-23-000012,f-20221231.htm,10-K,2023-02-03,2022-12-31,2022,https://www.sec.gov/Archives/edgar/data/37996/000003799623000012/f-20221231.htm,2022/sp500_companies.csv,sample_2022,2,2022/sample_500/html/raw/0000037996/0000037996-23-000012.html,200
186,S2022-186,S2022-186,FTNT,FTNT,Fortinet,Fortinet,cik:0001262039,0001262039,Information Technology,Systems Software,0001262039-23-000010,ftnt-20221231.htm,10-K,2023-02-24,2022-12-31,2022,https://www.sec.gov/Archives/edgar/data/1262039/000126203923000010/ftnt-20221231.htm,2022/sp500_companies.csv,sample_2022,2,2022/sample_500/html/raw/0001262039/0001262039-23-000010.html,201
187,S2022-187,S2022-187,FTV,FTV,Fortive,Fortive,cik:0001659166,0001659166,Industrials,Industrial Machinery & Supplies & Components,0001659166-23-000080,ftv-20221231.htm,10-K,2023-02-28,2022-12-31,2022,https://www.sec.gov/Archives/edgar/data/1659166/000165916623000080/ftv-20221231.htm,2022/sp500_companies.csv,sample_2022,2,2022/sample_500/html/raw/0001659166/0001659166-23-000080.html,202
188,S2022-188,S2022-188,FOXA|FOX,FOXA|FOX,Fox Corporation (Class A)|Fox Corporation (Class B),Fox Corporation (Class A)|Fox Corporation (Class B),cik:0001754301,0001754301,Communication Services,Broadcasting,0001628280-22-022584,fox-20220630.htm,10-K,2022-08-12,2022-06-30,2022,https://www.sec.gov/Archives/edgar/data/1754301/000162828022022584/fox-20220630.htm,2022/sp500_companies.csv,sample_2022,2,2022/sample_500/html/raw/0001754301/0001628280-22-022584.html,203
189,S2022-189,S2022-189,BEN,BEN,Franklin Resources,Franklin Resources,cik:0000038777,0000038777,Financials,Asset Management & Custody Banks,0000038777-22-000198,ben-20220930.htm,10-K,2022-11-14,2022-09-30,2022,https://www.sec.gov/Archives/edgar/data/38777/000003877722000198/ben-20220930.htm,2022/sp500_companies.csv,sample_2022,2,2022/sample_500/html/raw/0000038777/0000038777-22-000198.html,204
190,S2022-190,S2022-190,FCX,FCX,Freeport-McMoRan,Freeport-McMoRan,cik:0000831259,0000831259,Materials,Copper,0000831259-23-000013,fcx-20221231.htm,10-K,2023-02-15,2022-12-31,2022,https://www.sec.gov/Archives/edgar/data/831259/000083125923000013/fcx-20221231.htm,2022/sp500_companies.csv,sample_2022,2,2022/sample_500/html/raw/0000831259/0000831259-23-000013.html,205
191,S2022-191,S2022-191,GE,GE,GE Aerospace,GE Aerospace,cik:0000040545,0000040545,Industrials,Aerospace & Defense,0000040545-23-000023,ge-20221231.htm,10-K,2023-02-10,2022-12-31,2022,https://www.sec.gov/Archives/edgar/data/40545/000004054523000023/ge-20221231.htm,2022/sp500_companies.csv,sample_2022,2,2022/sample_500/html/raw/0000040545/0000040545-23-000023.html,206
192,S2022-192,S2022-192,GRMN,GRMN,Garmin,Garmin,cik:0001121788,0001121788,Consumer Discretionary,Consumer Electronics,0000950170-23-003566,grmn-20221231.htm,10-K,2023-02-22,2022-12-31,2022,https://www.sec.gov/Archives/edgar/data/1121788/000095017023003566/grmn-20221231.htm,2022/sp500_companies.csv,sample_2022,2,2022/sample_500/html/raw/0001121788/0000950170-23-003566.html,207
193,S2022-193,S2022-193,IT,IT,Gartner,Gartner,cik:0000749251,0000749251,Information Technology,IT Consulting & Other Services,0000749251-23-000006,it-20221231.htm,10-K,2023-02-16,2022-12-31,2022,https://www.sec.gov/Archives/edgar/data/749251/000074925123000006/it-20221231.htm,2022/sp500_companies.csv,sample_2022,2,2022/sample_500/html/raw/0000749251/0000749251-23-000006.html,208
194,S2022-194,S2022-194,GEN,GEN,Gen Digital,Gen Digital,cik:0000849399,0000849399,Information Technology,Systems Software,0000849399-22-000013,nlok-20220401.htm,10-K,2022-05-20,2022-04-01,2022,https://www.sec.gov/Archives/edgar/data/849399/000084939922000013/nlok-20220401.htm,2022/sp500_companies.csv,sample_2022,2,2022/sample_500/html/raw/0000849399/0000849399-22-000013.html,209
195,S2022-195,S2022-195,GNRC,GNRC,Generac,Generac,cik:0001474735,0001474735,Industrials,Heavy Electrical Equipment,0001437749-23-004153,gnrc20221231_10k.htm,10-K,2023-02-22,2022-12-31,2022,https://www.sec.gov/Archives/edgar/data/1474735/000143774923004153/gnrc20221231_10k.htm,2022/sp500_companies.csv,sample_2022,2,2022/sample_500/html/raw/0001474735/0001437749-23-004153.html,210
196,S2022-196,S2022-196,GD,GD,General Dynamics,General Dynamics,cik:0000040533,0000040533,Industrials,Aerospace & Defense,0000040533-23-000014,gd-20221231.htm,10-K,2023-02-07,2022-12-31,2022,https://www.sec.gov/Archives/edgar/data/40533/000004053323000014/gd-20221231.htm,2022/sp500_companies.csv,sample_2022,2,2022/sample_500/html/raw/0000040533/0000040533-23-000014.html,211
197,S2022-197,S2022-197,GIS,GIS,General Mills,General Mills,cik:0000040704,0000040704,Consumer Staples,Packaged Foods & Meats,0001193125-22-185257,d313744d10k.htm,10-K,2022-06-30,2022-05-29,2022,https://www.sec.gov/Archives/edgar/data/40704/000119312522185257/d313744d10k.htm,2022/sp500_companies.csv,sample_2022,2,2022/sample_500/html/raw/0000040704/0001193125-22-185257.html,212
198,S2022-198,S2022-198,GM,GM,General Motors,General Motors,cik:0001467858,0001467858,Consumer Discretionary,Automobile Manufacturers,0001467858-23-000029,gm-20221231.htm,10-K,2023-01-31,2022-12-31,2022,https://www.sec.gov/Archives/edgar/data/1467858/000146785823000029/gm-20221231.htm,2022/sp500_companies.csv,sample_2022,2,2022/sample_500/html/raw/0001467858/0001467858-23-000029.html,213
199,S2022-199,S2022-199,GPC,GPC,Genuine Parts Company,Genuine Parts Company,cik:0000040987,0000040987,Consumer Discretionary,Distributors,0000040987-23-000008,gpc-20221231.htm,10-K,2023-02-23,2022-12-31,2022,https://www.sec.gov/Archives/edgar/data/40987/000004098723000008/gpc-20221231.htm,2022/sp500_companies.csv,sample_2022,2,2022/sample_500/html/raw/0000040987/0000040987-23-000008.html,214
200,S2022-200,S2022-200,GILD,GILD,Gilead Sciences,Gilead Sciences,cik:0000882095,0000882095,Health Care,Biotechnology,0000882095-23-000007,gild-20221231.htm,10-K,2023-02-22,2022-12-31,2022,https://www.sec.gov/Archives/edgar/data/882095/000088209523000007/gild-20221231.htm,2022/sp500_companies.csv,sample_2022,2,2022/sample_500/html/raw/0000882095/0000882095-23-000007.html,215
201,S2022-201,S2022-201,GPN,GPN,Global Payments,Global Payments,cik:0001123360,0001123360,Financials,Transaction & Payment Processing Services,0001123360-23-000009,gpn-20221231.htm,10-K,2023-02-17,2022-12-31,2022,https://www.sec.gov/Archives/edgar/data/1123360/000112336023000009/gpn-20221231.htm,2022/sp500_companies.csv,sample_2022,3,2022/sample_500/html/raw/0001123360/0001123360-23-000009.html,216
202,S2022-202,S2022-202,GL,GL,Globe Life,Globe Life,cik:0000320335,0000320335,Financials,Life & Health Insurance,0000320335-23-000008,gl-20221231.htm,10-K,2023-02-23,2022-12-31,2022,https://www.sec.gov/Archives/edgar/data/320335/000032033523000008/gl-20221231.htm,2022/sp500_companies.csv,sample_2022,3,2022/sample_500/html/raw/0000320335/0000320335-23-000008.html,217
203,S2022-203,S2022-203,GS,GS,Goldman Sachs,Goldman Sachs,cik:0000886982,0000886982,Financials,Investment Banking & Brokerage,0000886982-23-000003,gs-20221231.htm,10-K,2023-02-24,2022-12-31,2022,https://www.sec.gov/Archives/edgar/data/886982/000088698223000003/gs-20221231.htm,2022/sp500_companies.csv,sample_2022,3,2022/sample_500/html/raw/0000886982/0000886982-23-000003.html,218
204,S2022-204,S2022-204,HCA,HCA,HCA Healthcare,HCA Healthcare,cik:0000860730,0000860730,Health Care,Health Care Facilities,0000950170-23-003234,hca-20221231.htm,10-K,2023-02-17,2022-12-31,2022,https://www.sec.gov/Archives/edgar/data/860730/000095017023003234/hca-20221231.htm,2022/sp500_companies.csv,sample_2022,3,2022/sample_500/html/raw/0000860730/0000950170-23-003234.html,219
205,S2022-205,S2022-205,HPQ,HPQ,HP Inc.,HP Inc.,cik:0000047217,0000047217,Information Technology,"Technology Hardware, Storage & Peripherals",0000047217-22-000068,hpq-20221031.htm,10-K,2022-12-06,2022-10-31,2022,https://www.sec.gov/Archives/edgar/data/47217/000004721722000068/hpq-20221031.htm,2022/sp500_companies.csv,sample_2022,3,2022/sample_500/html/raw/0000047217/0000047217-22-000068.html,220
206,S2022-206,S2022-206,HAL,HAL,Halliburton,Halliburton,cik:0000045012,0000045012,Energy,Oil & Gas Equipment & Services,0000045012-23-000011,hal-20221231.htm,10-K,2023-02-07,2022-12-31,2022,https://www.sec.gov/Archives/edgar/data/45012/000004501223000011/hal-20221231.htm,2022/sp500_companies.csv,sample_2022,3,2022/sample_500/html/raw/0000045012/0000045012-23-000011.html,221
207,S2022-207,S2022-207,HIG,HIG,Hartford (The),Hartford (The),cik:0000874766,0000874766,Financials,Property & Casualty Insurance,0000874766-23-000023,hig-20221231.htm,10-K,2023-02-24,2022-12-31,2022,https://www.sec.gov/Archives/edgar/data/874766/000087476623000023/hig-20221231.htm,2022/sp500_companies.csv,sample_2022,3,2022/sample_500/html/raw/0000874766/0000874766-23-000023.html,222
208,S2022-208,S2022-208,HAS,HAS,Hasbro,Hasbro,cik:0000046080,0000046080,Consumer Discretionary,Leisure Products,0000046080-23-000017,has-20221225.htm,10-K,2023-02-22,2022-12-25,2022,https://www.sec.gov/Archives/edgar/data/46080/000004608023000017/has-20221225.htm,2022/sp500_companies.csv,sample_2022,3,2022/sample_500/html/raw/0000046080/0000046080-23-000017.html,223
209,S2022-209,S2022-209,PEAK,PEAK,Healthpeak Properties,Healthpeak Properties,cik:0000765880,0000765880,,,0001628280-23-002794,peak-20221231.htm,10-K,2023-02-08,2022-12-31,2022,https://www.sec.gov/Archives/edgar/data/765880/000162828023002794/peak-20221231.htm,2022/sp500_companies.csv,sample_2022,3,2022/sample_500/html/raw/0000765880/0001628280-23-002794.html,224
210,S2022-210,S2022-210,HSIC,HSIC,Henry Schein,Henry Schein,cik:0001000228,0001000228,Health Care,Health Care Distributors,0001000228-23-000011,hsic-20221231.htm,10-K,2023-02-21,2022-12-31,2022,https://www.sec.gov/Archives/edgar/data/1000228/000100022823000011/hsic-20221231.htm,2022/sp500_companies.csv,sample_2022,3,2022/sample_500/html/raw/0001000228/0001000228-23-000011.html,225
211,S2022-211,S2022-211,HSY,HSY,Hershey Company (The),Hershey Company (The),cik:0000047111,0000047111,Consumer Staples,Packaged Foods & Meats,0000047111-23-000012,hsy-20221231.htm,10-K,2023-02-17,2022-12-31,2022,https://www.sec.gov/Archives/edgar/data/47111/000004711123000012/hsy-20221231.htm,2022/sp500_companies.csv,sample_2022,3,2022/sample_500/html/raw/0000047111/0000047111-23-000012.html,226
212,S2022-212,S2022-212,HPE,HPE,Hewlett Packard Enterprise,Hewlett Packard Enterprise,cik:0001645590,0001645590,Information Technology,"Technology Hardware, Storage & Peripherals",0001645590-22-000071,hpe-20221031.htm,10-K,2022-12-08,2022-10-31,2022,https://www.sec.gov/Archives/edgar/data/1645590/000164559022000071/hpe-20221031.htm,2022/sp500_companies.csv,sample_2022,3,2022/sample_500/html/raw/0001645590/0001645590-22-000071.html,228
213,S2022-213,S2022-213,HLT,HLT,Hilton Worldwide,Hilton Worldwide,cik:0001585689,0001585689,Consumer Discretionary,"Hotels, Resorts & Cruise Lines",0001585689-23-000036,hlt-20221231.htm,10-K,2023-02-09,2022-12-31,2022,https://www.sec.gov/Archives/edgar/data/1585689/000158568923000036/hlt-20221231.htm,2022/sp500_companies.csv,sample_2022,3,2022/sample_500/html/raw/0001585689/0001585689-23-000036.html,229
214,S2022-214,S2022-214,HD,HD,Home Depot (The),Home Depot (The),cik:0000354950,0000354950,Consumer Discretionary,Home Improvement Retail,0000354950-22-000070,hd-20220130.htm,10-K,2022-03-23,2022-01-30,2022,https://www.sec.gov/Archives/edgar/data/354950/000035495022000070/hd-20220130.htm,2022/sp500_companies.csv,sample_2022,3,2022/sample_500/html/raw/0000354950/0000354950-22-000070.html,231
215,S2022-215,S2022-215,HON,HON,Honeywell Technologies,Honeywell Technologies,cik:0000773840,0000773840,Industrials,Industrial Conglomerates,0000773840-23-000013,hon-20221231.htm,10-K,2023-02-10,2022-12-31,2022,https://www.sec.gov/Archives/edgar/data/773840/000077384023000013/hon-20221231.htm,2022/sp500_companies.csv,sample_2022,3,2022/sample_500/html/raw/0000773840/0000773840-23-000013.html,232
216,S2022-216,S2022-216,HRL,HRL,Hormel Foods,Hormel Foods,cik:0000048465,0000048465,Consumer Staples,Packaged Foods & Meats,0000048465-22-000051,hrl-20221030.htm,10-K,2022-12-06,2022-10-30,2022,https://www.sec.gov/Archives/edgar/data/48465/000004846522000051/hrl-20221030.htm,2022/sp500_companies.csv,sample_2022,3,2022/sample_500/html/raw/0000048465/0000048465-22-000051.html,233
217,S2022-217,S2022-217,HST,HST,Host Hotels & Resorts,Host Hotels & Resorts,cik:0001070750,0001070750,Real Estate,Hotel & Resort REITs,0000950170-23-003778,hst-20221231.htm,10-K,2023-02-22,2022-12-31,2022,https://www.sec.gov/Archives/edgar/data/1070750/000095017023003778/hst-20221231.htm,2022/sp500_companies.csv,sample_2022,3,2022/sample_500/html/raw/0001070750/0000950170-23-003778.html,234
218,S2022-218,S2022-218,HWM,HWM,Howmet Aerospace,Howmet Aerospace,cik:0000004281,0000004281,Industrials,Aerospace & Defense,0000004281-23-000004,hwm-20221231.htm,10-K,2023-02-14,2022-12-31,2022,https://www.sec.gov/Archives/edgar/data/4281/000000428123000004/hwm-20221231.htm,2022/sp500_companies.csv,sample_2022,3,2022/sample_500/html/raw/0000004281/0000004281-23-000004.html,235
219,S2022-219,S2022-219,HUM,HUM,Humana,Humana,cik:0000049071,0000049071,Health Care,Managed Health Care,0000049071-23-000011,hum-20221231.htm,10-K,2023-02-16,2022-12-31,2022,https://www.sec.gov/Archives/edgar/data/49071/000004907123000011/hum-20221231.htm,2022/sp500_companies.csv,sample_2022,3,2022/sample_500/html/raw/0000049071/0000049071-23-000011.html,236
220,S2022-220,S2022-220,HBAN,HBAN,Huntington Bancshares,Huntington Bancshares,cik:0000049196,0000049196,Financials,Regional Banks,0000049196-23-000020,hban-20221231.htm,10-K,2023-02-17,2022-12-31,2022,https://www.sec.gov/Archives/edgar/data/49196/000004919623000020/hban-20221231.htm,2022/sp500_companies.csv,sample_2022,3,2022/sample_500/html/raw/0000049196/0000049196-23-000020.html,237
221,S2022-221,S2022-221,HII,HII,Huntington Ingalls Industries,Huntington Ingalls Industries,cik:0001501585,0001501585,Industrials,Aerospace & Defense,0001501585-23-000010,hii-20221231.htm,10-K,2023-02-09,2022-12-31,2022,https://www.sec.gov/Archives/edgar/data/1501585/000150158523000010/hii-20221231.htm,2022/sp500_companies.csv,sample_2022,3,2022/sample_500/html/raw/0001501585/0001501585-23-000010.html,238
222,S2022-222,S2022-222,IBM,IBM,IBM,IBM,cik:0000051143,0000051143,Information Technology,IT Consulting & Other Services,0001558370-23-002376,ibm-20221231x10k.htm,10-K,2023-02-28,2022-12-31,2022,https://www.sec.gov/Archives/edgar/data/51143/000155837023002376/ibm-20221231x10k.htm,2022/sp500_companies.csv,sample_2022,3,2022/sample_500/html/raw/0000051143/0001558370-23-002376.html,239
223,S2022-223,S2022-223,IEX,IEX,IDEX Corporation,IDEX Corporation,cik:0000832101,0000832101,Industrials,Industrial Machinery & Supplies & Components,0000832101-23-000013,iex-20221231.htm,10-K,2023-02-23,2022-12-31,2022,https://www.sec.gov/Archives/edgar/data/832101/000083210123000013/iex-20221231.htm,2022/sp500_companies.csv,sample_2022,3,2022/sample_500/html/raw/0000832101/0000832101-23-000013.html,240
224,S2022-224,S2022-224,IQV,IQV,IQVIA,IQVIA,cik:0001478242,0001478242,Health Care,Life Sciences Tools & Services,0001478242-23-000044,iqv-20221231.htm,10-K,2023-02-15,2022-12-31,2022,https://www.sec.gov/Archives/edgar/data/1478242/000147824223000044/iqv-20221231.htm,2022/sp500_companies.csv,sample_2022,3,2022/sample_500/html/raw/0001478242/0001478242-23-000044.html,241
225,S2022-225,S2022-225,IDXX,IDXX,Idexx Laboratories,Idexx Laboratories,cik:0000874716,0000874716,Health Care,Health Care Equipment,0000874716-23-000006,idxx-20221231.htm,10-K,2023-02-16,2022-12-31,2022,https://www.sec.gov/Archives/edgar/data/874716/000087471623000006/idxx-20221231.htm,2022/sp500_companies.csv,sample_2022,3,2022/sample_500/html/raw/0000874716/0000874716-23-000006.html,242
226,S2022-226,S2022-226,ITW,ITW,Illinois Tool Works,Illinois Tool Works,cik:0000049826,0000049826,Industrials,Industrial Machinery & Supplies & Components,0000049826-23-000008,itw-20221231.htm,10-K,2023-02-10,2022-12-31,2022,https://www.sec.gov/Archives/edgar/data/49826/000004982623000008/itw-20221231.htm,2022/sp500_companies.csv,sample_2022,3,2022/sample_500/html/raw/0000049826/0000049826-23-000008.html,243
227,S2022-227,S2022-227,ILMN,ILMN,"Illumina, Inc.","Illumina, Inc.",cik:0001110803,0001110803,,,0001110803-22-000013,ilmn-20220102.htm,10-K,2022-02-18,2022-01-02,2022,https://www.sec.gov/Archives/edgar/data/1110803/000111080322000013/ilmn-20220102.htm,2022/sp500_companies.csv,sample_2022,3,2022/sample_500/html/raw/0001110803/0001110803-22-000013.html,244
228,S2022-228,S2022-228,INCY,INCY,Incyte,Incyte,cik:0000879169,0000879169,Health Care,Biotechnology,0000879169-23-000008,incy-20221231.htm,10-K,2023-02-07,2022-12-31,2022,https://www.sec.gov/Archives/edgar/data/879169/000087916923000008/incy-20221231.htm,2022/sp500_companies.csv,sample_2022,3,2022/sample_500/html/raw/0000879169/0000879169-23-000008.html,245
229,S2022-229,S2022-229,IR,IR,Ingersoll Rand,Ingersoll Rand,cik:0001699150,0001699150,Industrials,Industrial Machinery & Supplies & Components,0001628280-23-004287,gdi-20221231.htm,10-K,2023-02-21,2022-12-31,2022,https://www.sec.gov/Archives/edgar/data/1699150/000162828023004287/gdi-20221231.htm,2022/sp500_companies.csv,sample_2022,3,2022/sample_500/html/raw/0001699150/0001628280-23-004287.html,246
230,S2022-230,S2022-230,INTC,INTC,Intel,Intel,cik:0000050863,0000050863,Information Technology,Semiconductors,0000050863-23-000006,intc-20221231.htm,10-K,2023-01-27,2022-12-31,2022,https://www.sec.gov/Archives/edgar/data/50863/000005086323000006/intc-20221231.htm,2022/sp500_companies.csv,sample_2022,3,2022/sample_500/html/raw/0000050863/0000050863-23-000006.html,247
231,S2022-231,S2022-231,ICE,ICE,Intercontinental Exchange,Intercontinental Exchange,cik:0001571949,0001571949,Financials,Financial Exchanges & Data,0001571949-23-000006,ice-20221231.htm,10-K,2023-02-02,2022-12-31,2022,https://www.sec.gov/Archives/edgar/data/1571949/000157194923000006/ice-20221231.htm,2022/sp500_companies.csv,sample_2022,3,2022/sample_500/html/raw/0001571949/0001571949-23-000006.html,248
232,S2022-232,S2022-232,IFF,IFF,International Flavors & Fragrances,International Flavors & Fragrances,cik:0000051253,0000051253,Materials,Specialty Chemicals,0000051253-23-000009,iff-20221231.htm,10-K,2023-02-27,2022-12-31,2022,https://www.sec.gov/Archives/edgar/data/51253/000005125323000009/iff-20221231.htm,2022/sp500_companies.csv,sample_2022,3,2022/sample_500/html/raw/0000051253/0000051253-23-000009.html,249
233,S2022-233,S2022-233,IP,IP,International Paper,International Paper,cik:0000051434,0000051434,Materials,Paper & Plastic Packaging Products & Materials,0000051434-23-000013,ip-20221231.htm,10-K,2023-02-17,2022-12-31,2022,https://www.sec.gov/Archives/edgar/data/51434/000005143423000013/ip-20221231.htm,2022/sp500_companies.csv,sample_2022,3,2022/sample_500/html/raw/0000051434/0000051434-23-000013.html,250
234,S2022-234,S2022-234,INTU,INTU,Intuit,Intuit,cik:0000896878,0000896878,Information Technology,Application Software,0000896878-22-000028,intu-20220731.htm,10-K,2022-09-02,2022-07-31,2022,https://www.sec.gov/Archives/edgar/data/896878/000089687822000028/intu-20220731.htm,2022/sp500_companies.csv,sample_2022,3,2022/sample_500/html/raw/0000896878/0000896878-22-000028.html,252
235,S2022-235,S2022-235,ISRG,ISRG,Intuitive Surgical,Intuitive Surgical,cik:0001035267,0001035267,Health Care,Health Care Equipment,0001035267-23-000019,isrg-20221231.htm,10-K,2023-02-10,2022-12-31,2022,https://www.sec.gov/Archives/edgar/data/1035267/000103526723000019/isrg-20221231.htm,2022/sp500_companies.csv,sample_2022,3,2022/sample_500/html/raw/0001035267/0001035267-23-000019.html,253
236,S2022-236,S2022-236,IVZ,IVZ,Invesco,Invesco,cik:0000914208,0000914208,Financials,Asset Management & Custody Banks,0000914208-23-000297,ivz-20221231.htm,10-K,2023-02-23,2022-12-31,2022,https://www.sec.gov/Archives/edgar/data/914208/000091420823000297/ivz-20221231.htm,2022/sp500_companies.csv,sample_2022,3,2022/sample_500/html/raw/0000914208/0000914208-23-000297.html,254
237,S2022-237,S2022-237,INVH,INVH,Invitation Homes,Invitation Homes,cik:0001687229,0001687229,Real Estate,Single-Family Residential REITs,0001687229-23-000029,invh-20221231.htm,10-K,2023-02-22,2022-12-31,2022,https://www.sec.gov/Archives/edgar/data/1687229/000168722923000029/invh-20221231.htm,2022/sp500_companies.csv,sample_2022,3,2022/sample_500/html/raw/0001687229/0001687229-23-000029.html,255
238,S2022-238,S2022-238,IRM,IRM,Iron Mountain,Iron Mountain,cik:0001020569,0001020569,Real Estate,Other Specialized REITs,0001020569-23-000043,irm-20221231.htm,10-K,2023-02-23,2022-12-31,2022,https://www.sec.gov/Archives/edgar/data/1020569/000102056923000043/irm-20221231.htm,2022/sp500_companies.csv,sample_2022,3,2022/sample_500/html/raw/0001020569/0001020569-23-000043.html,256
239,S2022-239,S2022-239,JBHT,JBHT,J.B. Hunt,J.B. Hunt,cik:0000728535,0000728535,Industrials,Cargo Ground Transportation,0001437749-23-004530,jbht20221231_10k.htm,10-K,2023-02-24,2022-12-31,2022,https://www.sec.gov/Archives/edgar/data/728535/000143774923004530/jbht20221231_10k.htm,2022/sp500_companies.csv,sample_2022,3,2022/sample_500/html/raw/0000728535/0001437749-23-004530.html,257
240,S2022-240,S2022-240,SJM,SJM,J.M. Smucker Company (The),J.M. Smucker Company (The),cik:0000091419,0000091419,Consumer Staples,Packaged Foods & Meats,0000091419-22-000049,sjm-20220430.htm,10-K,2022-06-16,2022-04-30,2022,https://www.sec.gov/Archives/edgar/data/91419/000009141922000049/sjm-20220430.htm,2022/sp500_companies.csv,sample_2022,3,2022/sample_500/html/raw/0000091419/0000091419-22-000049.html,258
241,S2022-241,S2022-241,JPM,JPM,JPMorgan Chase,JPMorgan Chase,cik:0000019617,0000019617,Financials,Diversified Banks,0000019617-23-000231,jpm-20221231.htm,10-K,2023-02-21,2022-12-31,2022,https://www.sec.gov/Archives/edgar/data/19617/000001961723000231/jpm-20221231.htm,2022/sp500_companies.csv,sample_2022,3,2022/sample_500/html/raw/0000019617/0000019617-23-000231.html,259
242,S2022-242,S2022-242,JKHY,JKHY,Jack Henry & Associates,Jack Henry & Associates,cik:0000779152,0000779152,Financials,Transaction & Payment Processing Services,0000779152-22-000076,jkhy-20220630.htm,10-K,2022-08-25,2022-06-30,2022,https://www.sec.gov/Archives/edgar/data/779152/000077915222000076/jkhy-20220630.htm,2022/sp500_companies.csv,sample_2022,3,2022/sample_500/html/raw/0000779152/0000779152-22-000076.html,260
243,S2022-243,S2022-243,J,J,Jacobs Solutions,Jacobs Solutions,cik:0000052988,0000052988,Industrials,Construction & Engineering,0000052988-22-000111,jec-20220930.htm,10-K,2022-11-21,2022-09-30,2022,https://www.sec.gov/Archives/edgar/data/52988/000005298822000111/jec-20220930.htm,2022/sp500_companies.csv,sample_2022,3,2022/sample_500/html/raw/0000052988/0000052988-22-000111.html,261
244,S2022-244,S2022-244,JNJ,JNJ,Johnson & Johnson,Johnson & Johnson,cik:0000200406,0000200406,Health Care,Pharmaceuticals,0000200406-22-000022,jnj-20220102.htm,10-K,2022-02-17,2022-01-02,2022,https://www.sec.gov/Archives/edgar/data/200406/000020040622000022/jnj-20220102.htm,2022/sp500_companies.csv,sample_2022,3,2022/sample_500/html/raw/0000200406/0000200406-22-000022.html,262
245,S2022-245,S2022-245,JCI,JCI,Johnson Controls,Johnson Controls,cik:0000833444,0000833444,Industrials,Building Products,0000833444-22-000043,jci-20220930.htm,10-K,2022-11-15,2022-09-30,2022,https://www.sec.gov/Archives/edgar/data/833444/000083344422000043/jci-20220930.htm,2022/sp500_companies.csv,sample_2022,3,2022/sample_500/html/raw/0000833444/0000833444-22-000043.html,263
246,S2022-246,S2022-246,KLAC,KLAC,KLA Corporation,KLA Corporation,cik:0000319201,0000319201,Information Technology,Semiconductor Materials & Equipment,0000319201-22-000023,klac-20220630.htm,10-K,2022-08-05,2022-06-30,2022,https://www.sec.gov/Archives/edgar/data/319201/000031920122000023/klac-20220630.htm,2022/sp500_companies.csv,sample_2022,3,2022/sample_500/html/raw/0000319201/0000319201-22-000023.html,265
247,S2022-247,S2022-247,KDP,KDP,Keurig Dr Pepper,Keurig Dr Pepper,cik:0001418135,0001418135,Consumer Staples,Soft Drinks & Non-alcoholic Beverages,0001418135-23-000003,kdp-20221231.htm,10-K,2023-02-23,2022-12-31,2022,https://www.sec.gov/Archives/edgar/data/1418135/000141813523000003/kdp-20221231.htm,2022/sp500_companies.csv,sample_2022,3,2022/sample_500/html/raw/0001418135/0001418135-23-000003.html,267
248,S2022-248,S2022-248,KEY,KEY,KeyCorp,KeyCorp,cik:0000091576,0000091576,Financials,Regional Banks,0000091576-23-000026,key-20221231.htm,10-K,2023-02-22,2022-12-31,2022,https://www.sec.gov/Archives/edgar/data/91576/000009157623000026/key-20221231.htm,2022/sp500_companies.csv,sample_2022,3,2022/sample_500/html/raw/0000091576/0000091576-23-000026.html,268
249,S2022-249,S2022-249,KEYS,KEYS,Keysight Technologies,Keysight Technologies,cik:0001601046,0001601046,Information Technology,Electronic Equipment & Instruments,0001601046-22-000161,keys-20221031.htm,10-K,2022-12-15,2022-10-31,2022,https://www.sec.gov/Archives/edgar/data/1601046/000160104622000161/keys-20221031.htm,2022/sp500_companies.csv,sample_2022,3,2022/sample_500/html/raw/0001601046/0001601046-22-000161.html,269
250,S2022-250,S2022-250,KMB,KMB,Kimberly-Clark,Kimberly-Clark,cik:0000055785,0000055785,Consumer Staples,Household Products,0000055785-23-000012,kmb-20221231.htm,10-K,2023-02-09,2022-12-31,2022,https://www.sec.gov/Archives/edgar/data/55785/000005578523000012/kmb-20221231.htm,2022/sp500_companies.csv,sample_2022,3,2022/sample_500/html/raw/0000055785/0000055785-23-000012.html,270
251,S2022-251,S2022-251,KIM,KIM,Kimco Realty,Kimco Realty,cik:0000879101,0000879101,Real Estate,Retail REITs,0001437749-23-004541,kim20221231_10k.htm,10-K,2023-02-24,2022-12-31,2022,https://www.sec.gov/Archives/edgar/data/879101/000143774923004541/kim20221231_10k.htm,2022/sp500_companies.csv,sample_2022,3,2022/sample_500/html/raw/0000879101/0001437749-23-004541.html,271
252,S2022-252,S2022-252,KMI,KMI,Kinder Morgan,Kinder Morgan,cik:0001506307,0001506307,Energy,Oil & Gas Storage & Transportation,0001506307-23-000023,kmi-20221231.htm,10-K,2023-02-08,2022-12-31,2022,https://www.sec.gov/Archives/edgar/data/1506307/000150630723000023/kmi-20221231.htm,2022/sp500_companies.csv,sample_2022,3,2022/sample_500/html/raw/0001506307/0001506307-23-000023.html,272
253,S2022-253,S2022-253,KHC,KHC,Kraft Heinz,Kraft Heinz,cik:0001637459,0001637459,Consumer Staples,Packaged Foods & Meats,0001637459-23-000009,khc-20221231.htm,10-K,2023-02-16,2022-12-31,2022,https://www.sec.gov/Archives/edgar/data/1637459/000163745923000009/khc-20221231.htm,2022/sp500_companies.csv,sample_2022,3,2022/sample_500/html/raw/0001637459/0001637459-23-000009.html,273
254,S2022-254,S2022-254,KR,KR,Kroger,Kroger,cik:0000056873,0000056873,Consumer Staples,Food Retail,0001558370-22-004595,kr-20220129x10k.htm,10-K,2022-03-29,2022-01-29,2022,https://www.sec.gov/Archives/edgar/data/56873/000155837022004595/kr-20220129x10k.htm,2022/sp500_companies.csv,sample_2022,3,2022/sample_500/html/raw/0000056873/0001558370-22-004595.html,274
255,S2022-255,S2022-255,LHX,LHX,L3Harris,L3Harris,cik:0000202058,0000202058,Industrials,Aerospace & Defense,0000202058-23-000014,hrs-20221230.htm,10-K,2023-02-24,2022-12-30,2022,https://www.sec.gov/Archives/edgar/data/202058/000020205823000014/hrs-20221230.htm,2022/sp500_companies.csv,sample_2022,3,2022/sample_500/html/raw/0000202058/0000202058-23-000014.html,275
256,S2022-256,S2022-256,LKQ,LKQ,LKQ Corporation,LKQ Corporation,cik:0001065696,0001065696,,,0001065696-23-000008,lkq-20221231.htm,10-K,2023-02-23,2022-12-31,2022,https://www.sec.gov/Archives/edgar/data/1065696/000106569623000008/lkq-20221231.htm,2022/sp500_companies.csv,sample_2022,3,2022/sample_500/html/raw/0001065696/0001065696-23-000008.html,276
257,S2022-257,S2022-257,LH,LH,Labcorp,Labcorp,cik:0000920148,0000920148,Health Care,Health Care Services,0000920148-23-000017,lh-20221231.htm,10-K,2023-02-28,2022-12-31,2022,https://www.sec.gov/Archives/edgar/data/920148/000092014823000017/lh-20221231.htm,2022/sp500_companies.csv,sample_2022,3,2022/sample_500/html/raw/0000920148/0000920148-23-000017.html,277
258,S2022-258,S2022-258,LRCX,LRCX,Lam Research,Lam Research,cik:0000707549,0000707549,Information Technology,Semiconductor Materials & Equipment,0000707549-22-000107,lrcx-20220626.htm,10-K,2022-08-24,2022-06-26,2022,https://www.sec.gov/Archives/edgar/data/707549/000070754922000107/lrcx-20220626.htm,2022/sp500_companies.csv,sample_2022,3,2022/sample_500/html/raw/0000707549/0000707549-22-000107.html,278
259,S2022-259,S2022-259,LW,LW,Lamb Weston,Lamb Weston,cik:0001679273,0001679273,,,0001558370-22-011121,lw-20220529x10k.htm,10-K,2022-07-27,2022-05-29,2022,https://www.sec.gov/Archives/edgar/data/1679273/000155837022011121/lw-20220529x10k.htm,2022/sp500_companies.csv,sample_2022,3,2022/sample_500/html/raw/0001679273/0001558370-22-011121.html,279
260,S2022-260,S2022-260,LVS,LVS,Las Vegas Sands,Las Vegas Sands,cik:0001300514,0001300514,Consumer Discretionary,Casinos & Gaming,0001300514-23-000021,lvs-20221231.htm,10-K,2023-02-03,2022-12-31,2022,https://www.sec.gov/Archives/edgar/data/1300514/000130051423000021/lvs-20221231.htm,2022/sp500_companies.csv,sample_2022,3,2022/sample_500/html/raw/0001300514/0001300514-23-000021.html,280
261,S2022-261,S2022-261,LDOS,LDOS,Leidos,Leidos,cik:0001336920,0001336920,Industrials,Diversified Support Services,0001336920-23-000015,ldos-20221230.htm,10-K,2023-02-14,2022-12-30,2022,https://www.sec.gov/Archives/edgar/data/1336920/000133692023000015/ldos-20221230.htm,2022/sp500_companies.csv,sample_2022,3,2022/sample_500/html/raw/0001336920/0001336920-23-000015.html,281
262,S2022-262,S2022-262,LEN,LEN,Lennar,Lennar,cik:0000920760,0000920760,Consumer Discretionary,Homebuilding,0001628280-23-001606,len-20221130.htm,10-K,2023-01-26,2022-11-30,2022,https://www.sec.gov/Archives/edgar/data/920760/000162828023001606/len-20221130.htm,2022/sp500_companies.csv,sample_2022,3,2022/sample_500/html/raw/0000920760/0001628280-23-001606.html,282
263,S2022-263,S2022-263,LLY,LLY,Lilly (Eli),Lilly (Eli),cik:0000059478,0000059478,Health Care,Pharmaceuticals,0000059478-23-000082,lly-20221231.htm,10-K,2023-02-22,2022-12-31,2022,https://www.sec.gov/Archives/edgar/data/59478/000005947823000082/lly-20221231.htm,2022/sp500_companies.csv,sample_2022,3,2022/sample_500/html/raw/0000059478/0000059478-23-000082.html,283
264,S2022-264,S2022-264,LNC,LNC,Lincoln National Corporation,Lincoln National Corporation,cik:0000059558,0000059558,,,0000059558-23-000009,lnc-20221231x10k.htm,10-K,2023-02-16,2022-12-31,2022,https://www.sec.gov/Archives/edgar/data/59558/000005955823000009/lnc-20221231x10k.htm,2022/sp500_companies.csv,sample_2022,3,2022/sample_500/html/raw/0000059558/0000059558-23-000009.html,284
265,S2022-265,S2022-265,LIN,LIN,Linde plc,Linde plc,cik:0001707925,0001707925,Materials,Industrial Gases,0001628280-23-005434,lin-20221231.htm,10-K,2023-02-28,2022-12-31,2022,https://www.sec.gov/Archives/edgar/data/1707925/000162828023005434/lin-20221231.htm,2022/sp500_companies.csv,sample_2022,3,2022/sample_500/html/raw/0001707925/0001628280-23-005434.html,285
266,S2022-266,S2022-266,LYV,LYV,Live Nation Entertainment,Live Nation Entertainment,cik:0001335258,0001335258,Communication Services,Movies & Entertainment,0001335258-23-000014,lyv-20221231.htm,10-K,2023-02-23,2022-12-31,2022,https://www.sec.gov/Archives/edgar/data/1335258/000133525823000014/lyv-20221231.htm,2022/sp500_companies.csv,sample_2022,3,2022/sample_500/html/raw/0001335258/0001335258-23-000014.html,286
267,S2022-267,S2022-267,LMT,LMT,Lockheed Martin,Lockheed Martin,cik:0000936468,0000936468,Industrials,Aerospace & Defense,0000936468-23-000009,lmt-20221231.htm,10-K,2023-01-26,2022-12-31,2022,https://www.sec.gov/Archives/edgar/data/936468/000093646823000009/lmt-20221231.htm,2022/sp500_companies.csv,sample_2022,3,2022/sample_500/html/raw/0000936468/0000936468-23-000009.html,287
268,S2022-268,S2022-268,L,L,Loews Corporation,Loews Corporation,cik:0000060086,0000060086,Financials,Multi-line Insurance,0000060086-23-000025,l-20221231.htm,10-K,2023-02-07,2022-12-31,2022,https://www.sec.gov/Archives/edgar/data/60086/000006008623000025/l-20221231.htm,2022/sp500_companies.csv,sample_2022,3,2022/sample_500/html/raw/0000060086/0000060086-23-000025.html,288
269,S2022-269,S2022-269,LOW,LOW,Lowe's,Lowe's,cik:0000060667,0000060667,Consumer Discretionary,Home Improvement Retail,0000060667-22-000038,low-20220128.htm,10-K,2022-03-21,2022-01-28,2022,https://www.sec.gov/Archives/edgar/data/60667/000006066722000038/low-20220128.htm,2022/sp500_companies.csv,sample_2022,3,2022/sample_500/html/raw/0000060667/0000060667-22-000038.html,289
270,S2022-270,S2022-270,LUMN,LUMN,Lumen Technologies,Lumen Technologies,cik:0000018926,0000018926,,,0000018926-23-000013,lumn-20221231.htm,10-K,2023-02-23,2022-12-31,2022,https://www.sec.gov/Archives/edgar/data/18926/000001892623000013/lumn-20221231.htm,2022/sp500_companies.csv,sample_2022,3,2022/sample_500/html/raw/0000018926/0000018926-23-000013.html,290
271,S2022-271,S2022-271,LYB,LYB,LyondellBasell,LyondellBasell,cik:0001489393,0001489393,Materials,Specialty Chemicals,0001489393-23-000006,lyb-20221231.htm,10-K,2023-02-23,2022-12-31,2022,https://www.sec.gov/Archives/edgar/data/1489393/000148939323000006/lyb-20221231.htm,2022/sp500_companies.csv,sample_2022,3,2022/sample_500/html/raw/0001489393/0001489393-23-000006.html,291
272,S2022-272,S2022-272,MTB,MTB,M&T Bank,M&T Bank,cik:0000036270,0000036270,Financials,Regional Banks,0000950170-23-003804,mtb-20221231.htm,10-K,2023-02-22,2022-12-31,2022,https://www.sec.gov/Archives/edgar/data/36270/000095017023003804/mtb-20221231.htm,2022/sp500_companies.csv,sample_2022,3,2022/sample_500/html/raw/0000036270/0000950170-23-003804.html,292
273,S2022-273,S2022-273,MGM,MGM,MGM Resorts,MGM Resorts,cik:0000789570,0000789570,Consumer Discretionary,Casinos & Gaming,0000789570-23-000008,mgm-20221231.htm,10-K,2023-02-24,2022-12-31,2022,https://www.sec.gov/Archives/edgar/data/789570/000078957023000008/mgm-20221231.htm,2022/sp500_companies.csv,sample_2022,3,2022/sample_500/html/raw/0000789570/0000789570-23-000008.html,293
274,S2022-274,S2022-274,MSCI,MSCI,MSCI Inc.,MSCI Inc.,cik:0001408198,0001408198,Financials,Financial Exchanges & Data,0001408198-23-000011,msci-20221231.htm,10-K,2023-02-10,2022-12-31,2022,https://www.sec.gov/Archives/edgar/data/1408198/000140819823000011/msci-20221231.htm,2022/sp500_companies.csv,sample_2022,3,2022/sample_500/html/raw/0001408198/0001408198-23-000011.html,294
275,S2022-275,S2022-275,MPC,MPC,Marathon Petroleum,Marathon Petroleum,cik:0001510295,0001510295,Energy,Oil & Gas Refining & Marketing,0001510295-23-000012,mpc-20221231.htm,10-K,2023-02-23,2022-12-31,2022,https://www.sec.gov/Archives/edgar/data/1510295/000151029523000012/mpc-20221231.htm,2022/sp500_companies.csv,sample_2022,3,2022/sample_500/html/raw/0001510295/0001510295-23-000012.html,296
276,S2022-276,S2022-276,MKTX,MKTX,MarketAxess,MarketAxess,cik:0001278021,0001278021,,,0000950170-23-003824,mktx-20221231.htm,10-K,2023-02-22,2022-12-31,2022,https://www.sec.gov/Archives/edgar/data/1278021/000095017023003824/mktx-20221231.htm,2022/sp500_companies.csv,sample_2022,3,2022/sample_500/html/raw/0001278021/0000950170-23-003824.html,297
277,S2022-277,S2022-277,MAR,MAR,Marriott International,Marriott International,cik:0001048286,0001048286,Consumer Discretionary,"Hotels, Resorts & Cruise Lines",0001628280-23-003485,mar-20221231.htm,10-K,2023-02-14,2022-12-31,2022,https://www.sec.gov/Archives/edgar/data/1048286/000162828023003485/mar-20221231.htm,2022/sp500_companies.csv,sample_2022,3,2022/sample_500/html/raw/0001048286/0001628280-23-003485.html,298
278,S2022-278,S2022-278,MMC,MMC,Marsh & McLennan,Marsh & McLennan,cik:0000062709,0000062709,,,0000062709-23-000014,mmc-20221231.htm,10-K,2023-02-13,2022-12-31,2022,https://www.sec.gov/Archives/edgar/data/62709/000006270923000014/mmc-20221231.htm,2022/sp500_companies.csv,sample_2022,3,2022/sample_500/html/raw/0000062709/0000062709-23-000014.html,299
279,S2022-279,S2022-279,MLM,MLM,Martin Marietta Materials,Martin Marietta Materials,cik:0000916076,0000916076,Materials,Construction Materials,0000950170-23-004361,mlm-20221231.htm,10-K,2023-02-24,2022-12-31,2022,https://www.sec.gov/Archives/edgar/data/916076/000095017023004361/mlm-20221231.htm,2022/sp500_companies.csv,sample_2022,3,2022/sample_500/html/raw/0000916076/0000950170-23-004361.html,300
280,S2022-280,S2022-280,MAS,MAS,Masco,Masco,cik:0000062996,0000062996,Industrials,Building Products,0000062996-23-000008,mas-20221231.htm,10-K,2023-02-09,2022-12-31,2022,https://www.sec.gov/Archives/edgar/data/62996/000006299623000008/mas-20221231.htm,2022/sp500_companies.csv,sample_2022,3,2022/sample_500/html/raw/0000062996/0000062996-23-000008.html,301
281,S2022-281,S2022-281,MA,MA,Mastercard,Mastercard,cik:0001141391,0001141391,Financials,Transaction & Payment Processing Services,0001141391-23-000020,ma-20221231.htm,10-K,2023-02-14,2022-12-31,2022,https://www.sec.gov/Archives/edgar/data/1141391/000114139123000020/ma-20221231.htm,2022/sp500_companies.csv,sample_2022,3,2022/sample_500/html/raw/0001141391/0001141391-23-000020.html,302
282,S2022-282,S2022-282,MTCH,MTCH,Match Group,Match Group,cik:0000891103,0000891103,,,0000891103-23-000013,mtch-20221231.htm,10-K,2023-02-24,2022-12-31,2022,https://www.sec.gov/Archives/edgar/data/891103/000089110323000013/mtch-20221231.htm,2022/sp500_companies.csv,sample_2022,3,2022/sample_500/html/raw/0000891103/0000891103-23-000013.html,303
283,S2022-283,S2022-283,MKC,MKC,McCormick & Company,McCormick & Company,cik:0000063754,0000063754,Consumer Staples,Packaged Foods & Meats,0000063754-23-000005,mkc-20221130.htm,10-K,2023-01-26,2022-11-30,2022,https://www.sec.gov/Archives/edgar/data/63754/000006375423000005/mkc-20221130.htm,2022/sp500_companies.csv,sample_2022,3,2022/sample_500/html/raw/0000063754/0000063754-23-000005.html,304
284,S2022-284,S2022-284,MCD,MCD,McDonald's,McDonald's,cik:0000063908,0000063908,Consumer Discretionary,Restaurants,0000063908-23-000012,mcd-20221231.htm,10-K,2023-02-24,2022-12-31,2022,https://www.sec.gov/Archives/edgar/data/63908/000006390823000012/mcd-20221231.htm,2022/sp500_companies.csv,sample_2022,3,2022/sample_500/html/raw/0000063908/0000063908-23-000012.html,305
285,S2022-285,S2022-285,MCK,MCK,McKesson Corporation,McKesson Corporation,cik:0000927653,0000927653,Health Care,Health Care Distributors,0000927653-22-000051,mck-20220331.htm,10-K,2022-05-09,2022-03-31,2022,https://www.sec.gov/Archives/edgar/data/927653/000092765322000051/mck-20220331.htm,2022/sp500_companies.csv,sample_2022,3,2022/sample_500/html/raw/0000927653/0000927653-22-000051.html,306
286,S2022-286,S2022-286,MDT,MDT,Medtronic,Medtronic,cik:0001613103,0001613103,Health Care,Health Care Equipment,0001613103-22-000023,mdt-20220429.htm,10-K,2022-06-23,2022-04-29,2022,https://www.sec.gov/Archives/edgar/data/1613103/000161310322000023/mdt-20220429.htm,2022/sp500_companies.csv,sample_2022,3,2022/sample_500/html/raw/0001613103/0001613103-22-000023.html,307
287,S2022-287,S2022-287,MRK,MRK,Merck & Co.,Merck & Co.,cik:0000310158,0000310158,Health Care,Pharmaceuticals,0001628280-23-005061,mrk-20221231.htm,10-K,2023-02-24,2022-12-31,2022,https://www.sec.gov/Archives/edgar/data/310158/000162828023005061/mrk-20221231.htm,2022/sp500_companies.csv,sample_2022,3,2022/sample_500/html/raw/0000310158/0001628280-23-005061.html,308
288,S2022-288,S2022-288,MET,MET,MetLife,MetLife,cik:0001099219,0001099219,Financials,Life & Health Insurance,0001099219-23-000045,met-20221231.htm,10-K,2023-02-23,2022-12-31,2022,https://www.sec.gov/Archives/edgar/data/1099219/000109921923000045/met-20221231.htm,2022/sp500_companies.csv,sample_2022,3,2022/sample_500/html/raw/0001099219/0001099219-23-000045.html,309
289,S2022-289,S2022-289,META,META,Meta Platforms,Meta Platforms,cik:0001326801,0001326801,Communication Services,Interactive Media & Services,0001326801-23-000013,meta-20221231.htm,10-K,2023-02-02,2022-12-31,2022,https://www.sec.gov/Archives/edgar/data/1326801/000132680123000013/meta-20221231.htm,2022/sp500_companies.csv,sample_2022,3,2022/sample_500/html/raw/0001326801/0001326801-23-000013.html,310
290,S2022-290,S2022-290,MTD,MTD,Mettler Toledo,Mettler Toledo,cik:0001037646,0001037646,Health Care,Life Sciences Tools & Services,0001037646-23-000005,mtd-20221231.htm,10-K,2023-02-10,2022-12-31,2022,https://www.sec.gov/Archives/edgar/data/1037646/000103764623000005/mtd-20221231.htm,2022/sp500_companies.csv,sample_2022,3,2022/sample_500/html/raw/0001037646/0001037646-23-000005.html,311
291,S2022-291,S2022-291,MCHP,MCHP,Microchip Technology,Microchip Technology,cik:0000827054,0000827054,Information Technology,Semiconductors,0000827054-22-000094,mchp-20220331.htm,10-K,2022-05-20,2022-03-31,2022,https://www.sec.gov/Archives/edgar/data/827054/000082705422000094/mchp-20220331.htm,2022/sp500_companies.csv,sample_2022,3,2022/sample_500/html/raw/0000827054/0000827054-22-000094.html,312
292,S2022-292,S2022-292,MU,MU,Micron Technology,Micron Technology,cik:0000723125,0000723125,Information Technology,Semiconductors,0000723125-22-000048,mu-20220901.htm,10-K,2022-10-07,2022-09-01,2022,https://www.sec.gov/Archives/edgar/data/723125/000072312522000048/mu-20220901.htm,2022/sp500_companies.csv,sample_2022,3,2022/sample_500/html/raw/0000723125/0000723125-22-000048.html,313
293,S2022-293,S2022-293,MSFT,MSFT,Microsoft,Microsoft,cik:0000789019,0000789019,Information Technology,Systems Software,0001564590-22-026876,msft-10k_20220630.htm,10-K,2022-07-28,2022-06-30,2022,https://www.sec.gov/Archives/edgar/data/789019/000156459022026876/msft-10k_20220630.htm,2022/sp500_companies.csv,sample_2022,3,2022/sample_500/html/raw/0000789019/0001564590-22-026876.html,314
294,S2022-294,S2022-294,MAA,MAA,Mid-America Apartment Communities,Mid-America Apartment Communities,cik:0000912595,0000912595,Real Estate,Multi-Family Residential REITs,0000950170-23-002778,maa-20221231.htm,10-K,2023-02-14,2022-12-31,2022,https://www.sec.gov/Archives/edgar/data/912595/000095017023002778/maa-20221231.htm,2022/sp500_companies.csv,sample_2022,3,2022/sample_500/html/raw/0000912595/0000950170-23-002778.html,315
295,S2022-295,S2022-295,MRNA,MRNA,Moderna,Moderna,cik:0001682852,0001682852,Health Care,Biotechnology,0001682852-23-000011,mrna-20221231.htm,10-K,2023-02-24,2022-12-31,2022,https://www.sec.gov/Archives/edgar/data/1682852/000168285223000011/mrna-20221231.htm,2022/sp500_companies.csv,sample_2022,3,2022/sample_500/html/raw/0001682852/0001682852-23-000011.html,316
296,S2022-296,S2022-296,MHK,MHK,Mohawk Industries,Mohawk Industries,cik:0000851968,0000851968,,,0000851968-23-000033,mhk-20221231.htm,10-K,2023-02-22,2022-12-31,2022,https://www.sec.gov/Archives/edgar/data/851968/000085196823000033/mhk-20221231.htm,2022/sp500_companies.csv,sample_2022,3,2022/sample_500/html/raw/0000851968/0000851968-23-000033.html,317
297,S2022-297,S2022-297,MOH,MOH,Molina Healthcare,Molina Healthcare,cik:0001179929,0001179929,,,0001179929-23-000025,moh-20221231.htm,10-K,2023-02-13,2022-12-31,2022,https://www.sec.gov/Archives/edgar/data/1179929/000117992923000025/moh-20221231.htm,2022/sp500_companies.csv,sample_2022,3,2022/sample_500/html/raw/0001179929/0001179929-23-000025.html,318
298,S2022-298,S2022-298,TAP,TAP,Molson Coors Beverage Company,Molson Coors Beverage Company,cik:0000024545,0000024545,Consumer Staples,Brewers,0000024545-23-000006,tap-20221231.htm,10-K,2023-02-21,2022-12-31,2022,https://www.sec.gov/Archives/edgar/data/24545/000002454523000006/tap-20221231.htm,2022/sp500_companies.csv,sample_2022,3,2022/sample_500/html/raw/0000024545/0000024545-23-000006.html,319
299,S2022-299,S2022-299,MDLZ,MDLZ,Mondelez International,Mondelez International,cik:0001103982,0001103982,Consumer Staples,Packaged Foods & Meats,0001103982-23-000006,mdlz-20221231.htm,10-K,2023-02-03,2022-12-31,2022,https://www.sec.gov/Archives/edgar/data/1103982/000110398223000006/mdlz-20221231.htm,2022/sp500_companies.csv,sample_2022,3,2022/sample_500/html/raw/0001103982/0001103982-23-000006.html,320
300,S2022-300,S2022-300,MPWR,MPWR,Monolithic Power Systems,Monolithic Power Systems,cik:0001280452,0001280452,Information Technology,Semiconductors,0001437749-23-004540,mpwr20221231_10k.htm,10-K,2023-02-24,2022-12-31,2022,https://www.sec.gov/Archives/edgar/data/1280452/000143774923004540/mpwr20221231_10k.htm,2022/sp500_companies.csv,sample_2022,3,2022/sample_500/html/raw/0001280452/0001437749-23-004540.html,321
301,S2022-301,S2022-301,MNST,MNST,Monster Beverage,Monster Beverage,cik:0000865752,0000865752,Consumer Staples,Soft Drinks & Non-alcoholic Beverages,0001104659-23-027245,mnst-20221231x10k.htm,10-K,2023-03-01,2022-12-31,2022,https://www.sec.gov/Archives/edgar/data/865752/000110465923027245/mnst-20221231x10k.htm,2022/sp500_companies.csv,sample_2022,4,2022/sample_500/html/raw/0000865752/0001104659-23-027245.html,322
302,S2022-302,S2022-302,MCO,MCO,Moody's Corporation,Moody's Corporation,cik:0001059556,0001059556,Financials,Financial Exchanges & Data,0001059556-23-000016,mco-20221231.htm,10-K,2023-02-15,2022-12-31,2022,https://www.sec.gov/Archives/edgar/data/1059556/000105955623000016/mco-20221231.htm,2022/sp500_companies.csv,sample_2022,4,2022/sample_500/html/raw/0001059556/0001059556-23-000016.html,323
303,S2022-303,S2022-303,MS,MS,Morgan Stanley,Morgan Stanley,cik:0000895421,0000895421,Financials,Investment Banking & Brokerage,0000895421-23-000284,ms-20221231.htm,10-K,2023-02-24,2022-12-31,2022,https://www.sec.gov/Archives/edgar/data/895421/000089542123000284/ms-20221231.htm,2022/sp500_companies.csv,sample_2022,4,2022/sample_500/html/raw/0000895421/0000895421-23-000284.html,324
304,S2022-304,S2022-304,MOS,MOS,Mosaic Company (The),Mosaic Company (The),cik:0001285785,0001285785,Materials,Fertilizers & Agricultural Chemicals,0001618034-23-000003,mos-20221231.htm,10-K,2023-02-23,2022-12-31,2022,https://www.sec.gov/Archives/edgar/data/1285785/000161803423000003/mos-20221231.htm,2022/sp500_companies.csv,sample_2022,4,2022/sample_500/html/raw/0001285785/0001618034-23-000003.html,325
305,S2022-305,S2022-305,MSI,MSI,Motorola Solutions,Motorola Solutions,cik:0000068505,0000068505,Information Technology,Communications Equipment,0000068505-23-000015,msi-20221231.htm,10-K,2023-02-16,2022-12-31,2022,https://www.sec.gov/Archives/edgar/data/68505/000006850523000015/msi-20221231.htm,2022/sp500_companies.csv,sample_2022,4,2022/sample_500/html/raw/0000068505/0000068505-23-000015.html,326
306,S2022-306,S2022-306,NRG,NRG,NRG Energy,NRG Energy,cik:0001013871,0001013871,Utilities,Independent Power Producers & Energy Traders,0001013871-23-000004,nrg-20221231.htm,10-K,2023-02-23,2022-12-31,2022,https://www.sec.gov/Archives/edgar/data/1013871/000101387123000004/nrg-20221231.htm,2022/sp500_companies.csv,sample_2022,4,2022/sample_500/html/raw/0001013871/0001013871-23-000004.html,327
307,S2022-307,S2022-307,NVR,NVR,"NVR, Inc.","NVR, Inc.",cik:0000906163,0000906163,Consumer Discretionary,Homebuilding,0000906163-23-000023,nvr-20221231.htm,10-K,2023-02-15,2022-12-31,2022,https://www.sec.gov/Archives/edgar/data/906163/000090616323000023/nvr-20221231.htm,2022/sp500_companies.csv,sample_2022,4,2022/sample_500/html/raw/0000906163/0000906163-23-000023.html,328
308,S2022-308,S2022-308,NXPI,NXPI,NXP Semiconductors,NXP Semiconductors,cik:0001413447,0001413447,Information Technology,Semiconductors,0001413447-23-000006,nxpi-20221231.htm,10-K,2023-03-01,2022-12-31,2022,https://www.sec.gov/Archives/edgar/data/1413447/000141344723000006/nxpi-20221231.htm,2022/sp500_companies.csv,sample_2022,4,2022/sample_500/html/raw/0001413447/0001413447-23-000006.html,329
309,S2022-309,S2022-309,NDAQ,NDAQ,"Nasdaq, Inc.","Nasdaq, Inc.",cik:0001120193,0001120193,Financials,Financial Exchanges & Data,0001120193-23-000014,ndaq-20221231.htm,10-K,2023-02-23,2022-12-31,2022,https://www.sec.gov/Archives/edgar/data/1120193/000112019323000014/ndaq-20221231.htm,2022/sp500_companies.csv,sample_2022,4,2022/sample_500/html/raw/0001120193/0001120193-23-000014.html,330
310,S2022-310,S2022-310,NTAP,NTAP,NetApp,NetApp,cik:0001002047,0001002047,Information Technology,"Technology Hardware, Storage & Peripherals",0000950170-22-011708,ntap-20220429.htm,10-K,2022-06-16,2022-04-29,2022,https://www.sec.gov/Archives/edgar/data/1002047/000095017022011708/ntap-20220429.htm,2022/sp500_companies.csv,sample_2022,4,2022/sample_500/html/raw/0001002047/0000950170-22-011708.html,331
311,S2022-311,S2022-311,NFLX,NFLX,Netflix,Netflix,cik:0001065280,0001065280,Communication Services,Movies & Entertainment,0001065280-23-000035,nflx-20221231.htm,10-K,2023-01-26,2022-12-31,2022,https://www.sec.gov/Archives/edgar/data/1065280/000106528023000035/nflx-20221231.htm,2022/sp500_companies.csv,sample_2022,4,2022/sample_500/html/raw/0001065280/0001065280-23-000035.html,332
312,S2022-312,S2022-312,NWL,NWL,Newell Brands,Newell Brands,cik:0000814453,0000814453,,,0000814453-23-000026,nwl-20221231.htm,10-K,2023-02-15,2022-12-31,2022,https://www.sec.gov/Archives/edgar/data/814453/000081445323000026/nwl-20221231.htm,2022/sp500_companies.csv,sample_2022,4,2022/sample_500/html/raw/0000814453/0000814453-23-000026.html,333
313,S2022-313,S2022-313,NEM,NEM,Newmont,Newmont,cik:0001164727,0001164727,Materials,Gold,0001164727-23-000011,nem-20221231.htm,10-K,2023-02-23,2022-12-31,2022,https://www.sec.gov/Archives/edgar/data/1164727/000116472723000011/nem-20221231.htm,2022/sp500_companies.csv,sample_2022,4,2022/sample_500/html/raw/0001164727/0001164727-23-000011.html,334
314,S2022-314,S2022-314,NWSA|NWS,NWSA|NWS,News Corp (Class A)|News Corp (Class B),News Corp (Class A)|News Corp (Class B),cik:0001564708,0001564708,Communication Services,Publishing,0001564708-22-000265,nws-20220630.htm,10-K,2022-08-12,2022-06-30,2022,https://www.sec.gov/Archives/edgar/data/1564708/000156470822000265/nws-20220630.htm,2022/sp500_companies.csv,sample_2022,4,2022/sample_500/html/raw/0001564708/0001564708-22-000265.html,335
315,S2022-315,S2022-315,NEE,NEE,NextEra Energy,NextEra Energy,cik:0000753308,0000753308,Utilities,Multi-Utilities,0000753308-23-000019,nee-20221231.htm,10-K,2023-02-17,2022-12-31,2022,https://www.sec.gov/Archives/edgar/data/753308/000075330823000019/nee-20221231.htm,2022/sp500_companies.csv,sample_2022,4,2022/sample_500/html/raw/0000753308/0000753308-23-000019.html,336
316,S2022-316,S2022-316,NI,NI,NiSource,NiSource,cik:0001111711,0001111711,Utilities,Multi-Utilities,0001111711-23-000006,nix-20221231.htm,10-K,2023-02-22,2022-12-31,2022,https://www.sec.gov/Archives/edgar/data/1111711/000111171123000006/nix-20221231.htm,2022/sp500_companies.csv,sample_2022,4,2022/sample_500/html/raw/0001111711/0001111711-23-000006.html,337
317,S2022-317,S2022-317,NKE,NKE,"Nike, Inc.","Nike, Inc.",cik:0000320187,0000320187,Consumer Discretionary,"Apparel, Accessories & Luxury Goods",0000320187-22-000038,nke-20220531.htm,10-K,2022-07-21,2022-05-31,2022,https://www.sec.gov/Archives/edgar/data/320187/000032018722000038/nke-20220531.htm,2022/sp500_companies.csv,sample_2022,4,2022/sample_500/html/raw/0000320187/0000320187-22-000038.html,338
318,S2022-318,S2022-318,NDSN,NDSN,Nordson Corporation,Nordson Corporation,cik:0000072331,0000072331,Industrials,Industrial Machinery & Supplies & Components,0000072331-22-000185,ndsn-20221031.htm,10-K,2022-12-19,2022-10-31,2022,https://www.sec.gov/Archives/edgar/data/72331/000007233122000185/ndsn-20221031.htm,2022/sp500_companies.csv,sample_2022,4,2022/sample_500/html/raw/0000072331/0000072331-22-000185.html,339
319,S2022-319,S2022-319,NSC,NSC,Norfolk Southern,Norfolk Southern,cik:0000702165,0000702165,Industrials,Rail Transportation,0000702165-23-000010,nsc-20221231.htm,10-K,2023-02-03,2022-12-31,2022,https://www.sec.gov/Archives/edgar/data/702165/000070216523000010/nsc-20221231.htm,2022/sp500_companies.csv,sample_2022,4,2022/sample_500/html/raw/0000702165/0000702165-23-000010.html,340
320,S2022-320,S2022-320,NTRS,NTRS,Northern Trust,Northern Trust,cik:0000073124,0000073124,Financials,Asset Management & Custody Banks,0000073124-23-000049,ntrs-20221231.htm,10-K,2023-02-28,2022-12-31,2022,https://www.sec.gov/Archives/edgar/data/73124/000007312423000049/ntrs-20221231.htm,2022/sp500_companies.csv,sample_2022,4,2022/sample_500/html/raw/0000073124/0000073124-23-000049.html,341
321,S2022-321,S2022-321,NOC,NOC,Northrop Grumman,Northrop Grumman,cik:0001133421,0001133421,Industrials,Aerospace & Defense,0001133421-23-000006,noc-20221231.htm,10-K,2023-01-26,2022-12-31,2022,https://www.sec.gov/Archives/edgar/data/1133421/000113342123000006/noc-20221231.htm,2022/sp500_companies.csv,sample_2022,4,2022/sample_500/html/raw/0001133421/0001133421-23-000006.html,342
322,S2022-322,S2022-322,NCLH,NCLH,Norwegian Cruise Line Holdings,Norwegian Cruise Line Holdings,cik:0001513761,0001513761,Consumer Discretionary,"Hotels, Resorts & Cruise Lines",0001558370-23-002361,nclh-20221231x10k.htm,10-K,2023-02-28,2022-12-31,2022,https://www.sec.gov/Archives/edgar/data/1513761/000155837023002361/nclh-20221231x10k.htm,2022/sp500_companies.csv,sample_2022,4,2022/sample_500/html/raw/0001513761/0001558370-23-002361.html,343
323,S2022-323,S2022-323,NUE,NUE,Nucor,Nucor,cik:0000073309,0000073309,Materials,Steel,0001564590-23-002793,nue-10k_20221231.htm,10-K,2023-03-01,2022-12-31,2022,https://www.sec.gov/Archives/edgar/data/73309/000156459023002793/nue-10k_20221231.htm,2022/sp500_companies.csv,sample_2022,4,2022/sample_500/html/raw/0000073309/0001564590-23-002793.html,344
324,S2022-324,S2022-324,NVDA,NVDA,Nvidia,Nvidia,cik:0001045810,0001045810,Information Technology,Semiconductors,0001045810-22-000036,nvda-20220130.htm,10-K,2022-03-18,2022-01-30,2022,https://www.sec.gov/Archives/edgar/data/1045810/000104581022000036/nvda-20220130.htm,2022/sp500_companies.csv,sample_2022,4,2022/sample_500/html/raw/0001045810/0001045810-22-000036.html,345
325,S2022-325,S2022-325,ON,ON,ON Semiconductor,ON Semiconductor,cik:0001097864,0001097864,Information Technology,Semiconductors,0001628280-23-002350,on-20221231.htm,10-K,2023-02-06,2022-12-31,2022,https://www.sec.gov/Archives/edgar/data/1097864/000162828023002350/on-20221231.htm,2022/sp500_companies.csv,sample_2022,4,2022/sample_500/html/raw/0001097864/0001628280-23-002350.html,346
326,S2022-326,S2022-326,OXY,OXY,Occidental Petroleum,Occidental Petroleum,cik:0000797468,0000797468,Energy,Oil & Gas Exploration & Production,0000797468-23-000011,oxy-20221231.htm,10-K,2023-02-27,2022-12-31,2022,https://www.sec.gov/Archives/edgar/data/797468/000079746823000011/oxy-20221231.htm,2022/sp500_companies.csv,sample_2022,4,2022/sample_500/html/raw/0000797468/0000797468-23-000011.html,347
327,S2022-327,S2022-327,ODFL,ODFL,Old Dominion,Old Dominion,cik:0000878927,0000878927,Industrials,Cargo Ground Transportation,0000950170-23-003783,odfl-20221231.htm,10-K,2023-02-22,2022-12-31,2022,https://www.sec.gov/Archives/edgar/data/878927/000095017023003783/odfl-20221231.htm,2022/sp500_companies.csv,sample_2022,4,2022/sample_500/html/raw/0000878927/0000950170-23-003783.html,348
328,S2022-328,S2022-328,OMC,OMC,Omnicom Group,Omnicom Group,cik:0000029989,0000029989,Communication Services,Advertising,0000029989-23-000005,omc-20221231.htm,10-K,2023-02-08,2022-12-31,2022,https://www.sec.gov/Archives/edgar/data/29989/000002998923000005/omc-20221231.htm,2022/sp500_companies.csv,sample_2022,4,2022/sample_500/html/raw/0000029989/0000029989-23-000005.html,349
329,S2022-329,S2022-329,OKE,OKE,Oneok,Oneok,cik:0001039684,0001039684,Energy,Oil & Gas Storage & Transportation,0001039684-23-000016,oke-20221231.htm,10-K,2023-02-28,2022-12-31,2022,https://www.sec.gov/Archives/edgar/data/1039684/000103968423000016/oke-20221231.htm,2022/sp500_companies.csv,sample_2022,4,2022/sample_500/html/raw/0001039684/0001039684-23-000016.html,350
330,S2022-330,S2022-330,ORCL,ORCL,Oracle Corporation,Oracle Corporation,cik:0001341439,0001341439,Information Technology,Application Software,0001564590-22-023675,orcl-10k_20220531.htm,10-K,2022-06-21,2022-05-31,2022,https://www.sec.gov/Archives/edgar/data/1341439/000156459022023675/orcl-10k_20220531.htm,2022/sp500_companies.csv,sample_2022,4,2022/sample_500/html/raw/0001341439/0001564590-22-023675.html,351
331,S2022-331,S2022-331,OGN,OGN,Organon & Co.,Organon & Co.,cik:0001821825,0001821825,,,0001821825-23-000003,ogn-20221231.htm,10-K,2023-02-27,2022-12-31,2022,https://www.sec.gov/Archives/edgar/data/1821825/000182182523000003/ogn-20221231.htm,2022/sp500_companies.csv,sample_2022,4,2022/sample_500/html/raw/0001821825/0001821825-23-000003.html,352
332,S2022-332,S2022-332,OTIS,OTIS,Otis Worldwide,Otis Worldwide,cik:0001781335,0001781335,Industrials,Industrial Machinery & Supplies & Components,0001781335-23-000009,otis-20221231.htm,10-K,2023-02-03,2022-12-31,2022,https://www.sec.gov/Archives/edgar/data/1781335/000178133523000009/otis-20221231.htm,2022/sp500_companies.csv,sample_2022,4,2022/sample_500/html/raw/0001781335/0001781335-23-000009.html,353
333,S2022-333,S2022-333,ORLY,ORLY,O’Reilly Automotive,O’Reilly Automotive,cik:0000898173,0000898173,Consumer Discretionary,Automotive Retail,0000898173-23-000011,orly-20221231x10k.htm,10-K,2023-02-28,2022-12-31,2022,https://www.sec.gov/Archives/edgar/data/898173/000089817323000011/orly-20221231x10k.htm,2022/sp500_companies.csv,sample_2022,4,2022/sample_500/html/raw/0000898173/0000898173-23-000011.html,354
334,S2022-334,S2022-334,PCG,PCG,PG&E Corporation,PG&E Corporation,cik:0001004980,0001004980,Utilities,Multi-Utilities,0001004980-23-000029,pcg-20221231.htm,10-K,2023-02-23,2022-12-31,2022,https://www.sec.gov/Archives/edgar/data/1004980/000100498023000029/pcg-20221231.htm,2022/sp500_companies.csv,sample_2022,4,2022/sample_500/html/raw/0001004980/0001004980-23-000029.html,355
335,S2022-335,S2022-335,PNC,PNC,PNC Financial Services,PNC Financial Services,cik:0000713676,0000713676,Financials,Diversified Banks,0000713676-23-000020,pnc-20221231.htm,10-K,2023-02-22,2022-12-31,2022,https://www.sec.gov/Archives/edgar/data/713676/000071367623000020/pnc-20221231.htm,2022/sp500_companies.csv,sample_2022,4,2022/sample_500/html/raw/0000713676/0000713676-23-000020.html,356
336,S2022-336,S2022-336,PPG,PPG,PPG Industries,PPG Industries,cik:0000079879,0000079879,Materials,Specialty Chemicals,0000079879-23-000007,ppg-20221231.htm,10-K,2023-02-16,2022-12-31,2022,https://www.sec.gov/Archives/edgar/data/79879/000007987923000007/ppg-20221231.htm,2022/sp500_companies.csv,sample_2022,4,2022/sample_500/html/raw/0000079879/0000079879-23-000007.html,357
337,S2022-337,S2022-337,PPL,PPL,PPL Corporation,PPL Corporation,cik:0000922224,0000922224,Utilities,Electric Utilities,0000922224-23-000010,ppl-20221231.htm,10-K,2023-02-17,2022-12-31,2022,https://www.sec.gov/Archives/edgar/data/922224/000092222423000010/ppl-20221231.htm,2022/sp500_companies.csv,sample_2022,4,2022/sample_500/html/raw/0000922224/0000922224-23-000010.html,358
338,S2022-338,S2022-338,PTC,PTC,PTC Inc.,PTC Inc.,cik:0000857005,0000857005,Information Technology,Application Software,0000950170-22-025211,ptc-20220930.htm,10-K,2022-11-15,2022-09-30,2022,https://www.sec.gov/Archives/edgar/data/857005/000095017022025211/ptc-20220930.htm,2022/sp500_companies.csv,sample_2022,4,2022/sample_500/html/raw/0000857005/0000950170-22-025211.html,359
339,S2022-339,S2022-339,PCAR,PCAR,Paccar,Paccar,cik:0000075362,0000075362,Industrials,Construction Machinery & Heavy Transportation Equipment,0001564590-23-002203,pcar-10k_20221231.htm,10-K,2023-02-22,2022-12-31,2022,https://www.sec.gov/Archives/edgar/data/75362/000156459023002203/pcar-10k_20221231.htm,2022/sp500_companies.csv,sample_2022,4,2022/sample_500/html/raw/0000075362/0001564590-23-002203.html,360
340,S2022-340,S2022-340,PKG,PKG,Packaging Corporation of America,Packaging Corporation of America,cik:0000075677,0000075677,Materials,Paper & Plastic Packaging Products & Materials,0000950170-23-003990,pkg-20221231.htm,10-K,2023-02-23,2022-12-31,2022,https://www.sec.gov/Archives/edgar/data/75677/000095017023003990/pkg-20221231.htm,2022/sp500_companies.csv,sample_2022,4,2022/sample_500/html/raw/0000075677/0000950170-23-003990.html,361
341,S2022-341,S2022-341,PARA,PARA,Paramount Global,Paramount Global,cik:0000813828,0000813828,,,0000813828-23-000005,para-20221231.htm,10-K,2023-02-16,2022-12-31,2022,https://www.sec.gov/Archives/edgar/data/813828/000081382823000005/para-20221231.htm,2022/sp500_companies.csv,sample_2022,4,2022/sample_500/html/raw/0000813828/0000813828-23-000005.html,362
342,S2022-342,S2022-342,PH,PH,Parker Hannifin,Parker Hannifin,cik:0000076334,0000076334,Industrials,Industrial Machinery & Supplies & Components,0000076334-22-000034,ph-20220630.htm,10-K,2022-08-24,2022-06-30,2022,https://www.sec.gov/Archives/edgar/data/76334/000007633422000034/ph-20220630.htm,2022/sp500_companies.csv,sample_2022,4,2022/sample_500/html/raw/0000076334/0000076334-22-000034.html,363
343,S2022-343,S2022-343,PYPL,PYPL,PayPal,PayPal,cik:0001633917,0001633917,Financials,Transaction & Payment Processing Services,0001633917-23-000033,pypl-20221231.htm,10-K,2023-02-10,2022-12-31,2022,https://www.sec.gov/Archives/edgar/data/1633917/000163391723000033/pypl-20221231.htm,2022/sp500_companies.csv,sample_2022,4,2022/sample_500/html/raw/0001633917/0001633917-23-000033.html,364
344,S2022-344,S2022-344,PAYX,PAYX,Paychex,Paychex,cik:0000723531,0000723531,Industrials,Human Resource & Employment Services,0000950170-22-012734,payx-20220531.htm,10-K,2022-07-15,2022-05-31,2022,https://www.sec.gov/Archives/edgar/data/723531/000095017022012734/payx-20220531.htm,2022/sp500_companies.csv,sample_2022,4,2022/sample_500/html/raw/0000723531/0000950170-22-012734.html,365
345,S2022-345,S2022-345,PAYC,PAYC,Paycom,Paycom,cik:0001590955,0001590955,,,0000950170-23-003049,payc-20221231.htm,10-K,2023-02-16,2022-12-31,2022,https://www.sec.gov/Archives/edgar/data/1590955/000095017023003049/payc-20221231.htm,2022/sp500_companies.csv,sample_2022,4,2022/sample_500/html/raw/0001590955/0000950170-23-003049.html,366
346,S2022-346,S2022-346,PNR,PNR,Pentair,Pentair,cik:0000077360,0000077360,Industrials,Industrial Machinery & Supplies & Components,0000077360-23-000006,pnr-20221231.htm,10-K,2023-02-21,2022-12-31,2022,https://www.sec.gov/Archives/edgar/data/77360/000007736023000006/pnr-20221231.htm,2022/sp500_companies.csv,sample_2022,4,2022/sample_500/html/raw/0000077360/0000077360-23-000006.html,367
347,S2022-347,S2022-347,PEP,PEP,PepsiCo,PepsiCo,cik:0000077476,0000077476,Consumer Staples,Soft Drinks & Non-alcoholic Beverages,0000077476-23-000007,pep-20221231.htm,10-K,2023-02-09,2022-12-31,2022,https://www.sec.gov/Archives/edgar/data/77476/000007747623000007/pep-20221231.htm,2022/sp500_companies.csv,sample_2022,4,2022/sample_500/html/raw/0000077476/0000077476-23-000007.html,368
348,S2022-348,S2022-348,PKI,PKI,PerkinElmer,PerkinElmer,cik:0000031791,0000031791,,,0000031791-22-000003,pki-20220102.htm,10-K,2022-03-03,2022-01-02,2022,https://www.sec.gov/Archives/edgar/data/31791/000003179122000003/pki-20220102.htm,2022/sp500_companies.csv,sample_2022,4,2022/sample_500/html/raw/0000031791/0000031791-22-000003.html,369
349,S2022-349,S2022-349,PFE,PFE,Pfizer,Pfizer,cik:0000078003,0000078003,Health Care,Pharmaceuticals,0000078003-23-000024,pfe-20221231.htm,10-K,2023-02-23,2022-12-31,2022,https://www.sec.gov/Archives/edgar/data/78003/000007800323000024/pfe-20221231.htm,2022/sp500_companies.csv,sample_2022,4,2022/sample_500/html/raw/0000078003/0000078003-23-000024.html,370
350,S2022-350,S2022-350,PM,PM,Philip Morris International,Philip Morris International,cik:0001413329,0001413329,Consumer Staples,Tobacco,0001413329-23-000025,pm-20221231.htm,10-K,2023-02-10,2022-12-31,2022,https://www.sec.gov/Archives/edgar/data/1413329/000141332923000025/pm-20221231.htm,2022/sp500_companies.csv,sample_2022,4,2022/sample_500/html/raw/0001413329/0001413329-23-000025.html,371
351,S2022-351,S2022-351,PSX,PSX,Phillips 66,Phillips 66,cik:0001534701,0001534701,Energy,Oil & Gas Refining & Marketing,0001534701-23-000053,psx-20221231.htm,10-K,2023-02-22,2022-12-31,2022,https://www.sec.gov/Archives/edgar/data/1534701/000153470123000053/psx-20221231.htm,2022/sp500_companies.csv,sample_2022,4,2022/sample_500/html/raw/0001534701/0001534701-23-000053.html,372
352,S2022-352,S2022-352,PNW,PNW,Pinnacle West Capital,Pinnacle West Capital,cik:0000764622,0000764622,Utilities,Multi-Utilities,0000764622-23-000023,pnw-20221231.htm,10-K,2023-02-27,2022-12-31,2022,https://www.sec.gov/Archives/edgar/data/764622/000076462223000023/pnw-20221231.htm,2022/sp500_companies.csv,sample_2022,4,2022/sample_500/html/raw/0000764622/0000764622-23-000023.html,373
353,S2022-353,S2022-353,POOL,POOL,Pool Corporation,Pool Corporation,cik:0000945841,0000945841,,,0000945841-23-000015,pool-20221231.htm,10-K,2023-02-24,2022-12-31,2022,https://www.sec.gov/Archives/edgar/data/945841/000094584123000015/pool-20221231.htm,2022/sp500_companies.csv,sample_2022,4,2022/sample_500/html/raw/0000945841/0000945841-23-000015.html,375
354,S2022-354,S2022-354,PFG,PFG,Principal Financial Group,Principal Financial Group,cik:0001126328,0001126328,Financials,Life & Health Insurance,0001104659-23-022860,pfg-20221231x10k.htm,10-K,2023-02-16,2022-12-31,2022,https://www.sec.gov/Archives/edgar/data/1126328/000110465923022860/pfg-20221231x10k.htm,2022/sp500_companies.csv,sample_2022,4,2022/sample_500/html/raw/0001126328/0001104659-23-022860.html,376
355,S2022-355,S2022-355,PG,PG,Procter & Gamble,Procter & Gamble,cik:0000080424,0000080424,Consumer Staples,Personal Care Products,0000080424-22-000064,pg-20220630.htm,10-K,2022-08-05,2022-06-30,2022,https://www.sec.gov/Archives/edgar/data/80424/000008042422000064/pg-20220630.htm,2022/sp500_companies.csv,sample_2022,4,2022/sample_500/html/raw/0000080424/0000080424-22-000064.html,377
356,S2022-356,S2022-356,PGR,PGR,Progressive Corporation,Progressive Corporation,cik:0000080661,0000080661,Financials,Property & Casualty Insurance,0000080661-23-000006,pgr-20221231.htm,10-K,2023-02-27,2022-12-31,2022,https://www.sec.gov/Archives/edgar/data/80661/000008066123000006/pgr-20221231.htm,2022/sp500_companies.csv,sample_2022,4,2022/sample_500/html/raw/0000080661/0000080661-23-000006.html,378
357,S2022-357,S2022-357,PLD,PLD,Prologis,Prologis,cik:0001045609,0001045609,Real Estate,Industrial REITs,0001564590-23-001902,pld-10k_20221231.htm,10-K,2023-02-14,2022-12-31,2022,https://www.sec.gov/Archives/edgar/data/1045609/000156459023001902/pld-10k_20221231.htm,2022/sp500_companies.csv,sample_2022,4,2022/sample_500/html/raw/0001045609/0001564590-23-001902.html,379
358,S2022-358,S2022-358,PRU,PRU,Prudential Financial,Prudential Financial,cik:0001137774,0001137774,Financials,Life & Health Insurance,0001137774-23-000040,pru-20221231.htm,10-K,2023-02-16,2022-12-31,2022,https://www.sec.gov/Archives/edgar/data/1137774/000113777423000040/pru-20221231.htm,2022/sp500_companies.csv,sample_2022,4,2022/sample_500/html/raw/0001137774/0001137774-23-000040.html,380
359,S2022-359,S2022-359,PEG,PEG,Public Service Enterprise Group,Public Service Enterprise Group,cik:0000788784,0000788784,Utilities,Electric Utilities,0001628280-23-004411,pseg-20221231.htm,10-K,2023-02-22,2022-12-31,2022,https://www.sec.gov/Archives/edgar/data/788784/000162828023004411/pseg-20221231.htm,2022/sp500_companies.csv,sample_2022,4,2022/sample_500/html/raw/0000788784/0001628280-23-004411.html,381
360,S2022-360,S2022-360,PSA,PSA,Public Storage,Public Storage,cik:0001393311,0001393311,Real Estate,Self-Storage REITs,0001393311-23-000012,psa-20221231.htm,10-K,2023-02-21,2022-12-31,2022,https://www.sec.gov/Archives/edgar/data/1393311/000139331123000012/psa-20221231.htm,2022/sp500_companies.csv,sample_2022,4,2022/sample_500/html/raw/0001393311/0001393311-23-000012.html,382
361,S2022-361,S2022-361,PHM,PHM,PulteGroup,PulteGroup,cik:0000822416,0000822416,Consumer Discretionary,Homebuilding,0000822416-23-000007,phm-20221231.htm,10-K,2023-02-06,2022-12-31,2022,https://www.sec.gov/Archives/edgar/data/822416/000082241623000007/phm-20221231.htm,2022/sp500_companies.csv,sample_2022,4,2022/sample_500/html/raw/0000822416/0000822416-23-000007.html,383
362,S2022-362,S2022-362,QRVO,QRVO,Qorvo,Qorvo,cik:0001604778,0001604778,,,0001604778-22-000029,rfmd-20220402.htm,10-K,2022-05-20,2022-04-02,2022,https://www.sec.gov/Archives/edgar/data/1604778/000160477822000029/rfmd-20220402.htm,2022/sp500_companies.csv,sample_2022,4,2022/sample_500/html/raw/0001604778/0001604778-22-000029.html,384
363,S2022-363,S2022-363,QCOM,QCOM,Qualcomm,Qualcomm,cik:0000804328,0000804328,Information Technology,Semiconductors,0000804328-22-000021,qcom-20220925.htm,10-K,2022-11-02,2022-09-25,2022,https://www.sec.gov/Archives/edgar/data/804328/000080432822000021/qcom-20220925.htm,2022/sp500_companies.csv,sample_2022,4,2022/sample_500/html/raw/0000804328/0000804328-22-000021.html,385
364,S2022-364,S2022-364,PWR,PWR,Quanta Services,Quanta Services,cik:0001050915,0001050915,Industrials,Construction & Engineering,0001050915-23-000010,pwr-20221231.htm,10-K,2023-02-23,2022-12-31,2022,https://www.sec.gov/Archives/edgar/data/1050915/000105091523000010/pwr-20221231.htm,2022/sp500_companies.csv,sample_2022,4,2022/sample_500/html/raw/0001050915/0001050915-23-000010.html,386
365,S2022-365,S2022-365,DGX,DGX,Quest Diagnostics,Quest Diagnostics,cik:0001022079,0001022079,Health Care,Health Care Services,0001022079-23-000018,dgx-20221231.htm,10-K,2023-02-21,2022-12-31,2022,https://www.sec.gov/Archives/edgar/data/1022079/000102207923000018/dgx-20221231.htm,2022/sp500_companies.csv,sample_2022,4,2022/sample_500/html/raw/0001022079/0001022079-23-000018.html,387
366,S2022-366,S2022-366,RTX,RTX,RTX Corporation,RTX Corporation,cik:0000101829,0000101829,Industrials,Aerospace & Defense,0000101829-23-000009,rtx-20221231.htm,10-K,2023-02-07,2022-12-31,2022,https://www.sec.gov/Archives/edgar/data/101829/000010182923000009/rtx-20221231.htm,2022/sp500_companies.csv,sample_2022,4,2022/sample_500/html/raw/0000101829/0000101829-23-000009.html,388
367,S2022-367,S2022-367,RL,RL,Ralph Lauren Corporation,Ralph Lauren Corporation,cik:0001037038,0001037038,Consumer Discretionary,"Apparel, Accessories & Luxury Goods",0001037038-22-000014,rl-20220402.htm,10-K,2022-05-24,2022-04-02,2022,https://www.sec.gov/Archives/edgar/data/1037038/000103703822000014/rl-20220402.htm,2022/sp500_companies.csv,sample_2022,4,2022/sample_500/html/raw/0001037038/0001037038-22-000014.html,389
368,S2022-368,S2022-368,RJF,RJF,Raymond James Financial,Raymond James Financial,cik:0000720005,0000720005,Financials,Investment Banking & Brokerage,0000720005-22-000066,rjf-20220930.htm,10-K,2022-11-22,2022-09-30,2022,https://www.sec.gov/Archives/edgar/data/720005/000072000522000066/rjf-20220930.htm,2022/sp500_companies.csv,sample_2022,4,2022/sample_500/html/raw/0000720005/0000720005-22-000066.html,390
369,S2022-369,S2022-369,O,O,Realty Income,Realty Income,cik:0000726728,0000726728,Real Estate,Retail REITs,0000726728-23-000044,o-20221231.htm,10-K,2023-02-22,2022-12-31,2022,https://www.sec.gov/Archives/edgar/data/726728/000072672823000044/o-20221231.htm,2022/sp500_companies.csv,sample_2022,4,2022/sample_500/html/raw/0000726728/0000726728-23-000044.html,391
370,S2022-370,S2022-370,REG,REG,Regency Centers,Regency Centers,cik:0000910606,0000910606,Real Estate,Retail REITs,0000950170-23-003160,reg-20221231.htm,10-K,2023-02-17,2022-12-31,2022,https://www.sec.gov/Archives/edgar/data/910606/000095017023003160/reg-20221231.htm,2022/sp500_companies.csv,sample_2022,4,2022/sample_500/html/raw/0000910606/0000950170-23-003160.html,392
371,S2022-371,S2022-371,REGN,REGN,Regeneron Pharmaceuticals,Regeneron Pharmaceuticals,cik:0000872589,0000872589,Health Care,Biotechnology,0001804220-23-000008,regn-20221231.htm,10-K,2023-02-06,2022-12-31,2022,https://www.sec.gov/Archives/edgar/data/872589/000180422023000008/regn-20221231.htm,2022/sp500_companies.csv,sample_2022,4,2022/sample_500/html/raw/0000872589/0001804220-23-000008.html,393
372,S2022-372,S2022-372,RF,RF,Regions Financial Corporation,Regions Financial Corporation,cik:0001281761,0001281761,Financials,Regional Banks,0001281761-23-000012,rf-20221231.htm,10-K,2023-02-24,2022-12-31,2022,https://www.sec.gov/Archives/edgar/data/1281761/000128176123000012/rf-20221231.htm,2022/sp500_companies.csv,sample_2022,4,2022/sample_500/html/raw/0001281761/0001281761-23-000012.html,394
373,S2022-373,S2022-373,RSG,RSG,Republic Services,Republic Services,cik:0001060391,0001060391,Industrials,Environmental & Facilities Services,0001060391-23-000008,rsg-20221231.htm,10-K,2023-02-23,2022-12-31,2022,https://www.sec.gov/Archives/edgar/data/1060391/000106039123000008/rsg-20221231.htm,2022/sp500_companies.csv,sample_2022,4,2022/sample_500/html/raw/0001060391/0001060391-23-000008.html,395
374,S2022-374,S2022-374,RMD,RMD,ResMed,ResMed,cik:0000943819,0000943819,Health Care,Health Care Equipment,0000943819-22-000010,rmd-20220630.htm,10-K,2022-08-12,2022-06-30,2022,https://www.sec.gov/Archives/edgar/data/943819/000094381922000010/rmd-20220630.htm,2022/sp500_companies.csv,sample_2022,4,2022/sample_500/html/raw/0000943819/0000943819-22-000010.html,396
375,S2022-375,S2022-375,RHI,RHI,Robert Half,Robert Half,cik:0000315213,0000315213,,,0000315213-23-000016,rhi-20221231.htm,10-K,2023-02-10,2022-12-31,2022,https://www.sec.gov/Archives/edgar/data/315213/000031521323000016/rhi-20221231.htm,2022/sp500_companies.csv,sample_2022,4,2022/sample_500/html/raw/0000315213/0000315213-23-000016.html,397
376,S2022-376,S2022-376,ROK,ROK,Rockwell Automation,Rockwell Automation,cik:0001024478,0001024478,Industrials,Electrical Components & Equipment,0001024478-22-000093,rok-20220930.htm,10-K,2022-11-08,2022-09-30,2022,https://www.sec.gov/Archives/edgar/data/1024478/000102447822000093/rok-20220930.htm,2022/sp500_companies.csv,sample_2022,4,2022/sample_500/html/raw/0001024478/0001024478-22-000093.html,398
377,S2022-377,S2022-377,ROL,ROL,"Rollins, Inc.","Rollins, Inc.",cik:0000084839,0000084839,Industrials,Environmental & Facilities Services,0000084839-23-000006,rol-20221231x10k.htm,10-K,2023-02-16,2022-12-31,2022,https://www.sec.gov/Archives/edgar/data/84839/000008483923000006/rol-20221231x10k.htm,2022/sp500_companies.csv,sample_2022,4,2022/sample_500/html/raw/0000084839/0000084839-23-000006.html,399
378,S2022-378,S2022-378,ROP,ROP,Roper Technologies,Roper Technologies,cik:0000882835,0000882835,Information Technology,Electronic Equipment & Instruments,0000882835-23-000016,rop-20221231.htm,10-K,2023-02-27,2022-12-31,2022,https://www.sec.gov/Archives/edgar/data/882835/000088283523000016/rop-20221231.htm,2022/sp500_companies.csv,sample_2022,4,2022/sample_500/html/raw/0000882835/0000882835-23-000016.html,400
379,S2022-379,S2022-379,ROST,ROST,Ross Stores,Ross Stores,cik:0000745732,0000745732,Consumer Discretionary,Apparel Retail,0000745732-22-000014,rost-20220129.htm,10-K,2022-03-29,2022-01-29,2022,https://www.sec.gov/Archives/edgar/data/745732/000074573222000014/rost-20220129.htm,2022/sp500_companies.csv,sample_2022,4,2022/sample_500/html/raw/0000745732/0000745732-22-000014.html,401
380,S2022-380,S2022-380,RCL,RCL,Royal Caribbean Group,Royal Caribbean Group,cik:0000884887,0000884887,Consumer Discretionary,"Hotels, Resorts & Cruise Lines",0000884887-23-000006,rcl-20221231.htm,10-K,2023-02-23,2022-12-31,2022,https://www.sec.gov/Archives/edgar/data/884887/000088488723000006/rcl-20221231.htm,2022/sp500_companies.csv,sample_2022,4,2022/sample_500/html/raw/0000884887/0000884887-23-000006.html,402
381,S2022-381,S2022-381,SPGI,SPGI,S&P Global,S&P Global,cik:0000064040,0000064040,Financials,Financial Exchanges & Data,0000064040-23-000058,spgi-20221231.htm,10-K,2023-02-10,2022-12-31,2022,https://www.sec.gov/Archives/edgar/data/64040/000006404023000058/spgi-20221231.htm,2022/sp500_companies.csv,sample_2022,4,2022/sample_500/html/raw/0000064040/0000064040-23-000058.html,403
382,S2022-382,S2022-382,SBAC,SBAC,SBA Communications,SBA Communications,cik:0001034054,0001034054,Real Estate,Telecom Tower REITs,0001034054-23-000002,sbac-20221231x10k.htm,10-K,2023-03-01,2022-12-31,2022,https://www.sec.gov/Archives/edgar/data/1034054/000103405423000002/sbac-20221231x10k.htm,2022/sp500_companies.csv,sample_2022,4,2022/sample_500/html/raw/0001034054/0001034054-23-000002.html,404
383,S2022-383,S2022-383,CRM,CRM,Salesforce,Salesforce,cik:0001108524,0001108524,Information Technology,Application Software,0001108524-22-000013,crm-20220131.htm,10-K,2022-03-11,2022-01-31,2022,https://www.sec.gov/Archives/edgar/data/1108524/000110852422000013/crm-20220131.htm,2022/sp500_companies.csv,sample_2022,4,2022/sample_500/html/raw/0001108524/0001108524-22-000013.html,406
384,S2022-384,S2022-384,SLB,SLB,Schlumberger,Schlumberger,cik:0000087347,0000087347,Energy,Oil & Gas Equipment & Services,0001564590-23-000762,slb-10k_20221231.htm,10-K,2023-01-25,2022-12-31,2022,https://www.sec.gov/Archives/edgar/data/87347/000156459023000762/slb-10k_20221231.htm,2022/sp500_companies.csv,sample_2022,4,2022/sample_500/html/raw/0000087347/0001564590-23-000762.html,407
385,S2022-385,S2022-385,STX,STX,Seagate Technology,Seagate Technology,cik:0001137789,0001137789,Information Technology,"Technology Hardware, Storage & Peripherals",0001137789-22-000055,stx-20220701.htm,10-K,2022-08-05,2022-07-01,2022,https://www.sec.gov/Archives/edgar/data/1137789/000113778922000055/stx-20220701.htm,2022/sp500_companies.csv,sample_2022,4,2022/sample_500/html/raw/0001137789/0001137789-22-000055.html,408
386,S2022-386,S2022-386,SRE,SRE,Sempra,Sempra,cik:0001032208,0001032208,Utilities,Multi-Utilities,0001032208-23-000008,sre-20221231.htm,10-K,2023-02-28,2022-12-31,2022,https://www.sec.gov/Archives/edgar/data/1032208/000103220823000008/sre-20221231.htm,2022/sp500_companies.csv,sample_2022,4,2022/sample_500/html/raw/0001032208/0001032208-23-000008.html,410
387,S2022-387,S2022-387,NOW,NOW,ServiceNow,ServiceNow,cik:0001373715,0001373715,Information Technology,Systems Software,0001373715-23-000035,now-20221231.htm,10-K,2023-01-31,2022-12-31,2022,https://www.sec.gov/Archives/edgar/data/1373715/000137371523000035/now-20221231.htm,2022/sp500_companies.csv,sample_2022,4,2022/sample_500/html/raw/0001373715/0001373715-23-000035.html,411
388,S2022-388,S2022-388,SHW,SHW,Sherwin-Williams,Sherwin-Williams,cik:0000089800,0000089800,Materials,Specialty Chemicals,0000089800-23-000007,shw-20221231.htm,10-K,2023-02-22,2022-12-31,2022,https://www.sec.gov/Archives/edgar/data/89800/000008980023000007/shw-20221231.htm,2022/sp500_companies.csv,sample_2022,4,2022/sample_500/html/raw/0000089800/0000089800-23-000007.html,412
389,S2022-389,S2022-389,SPG,SPG,Simon Property Group,Simon Property Group,cik:0001063761,0001063761,Real Estate,Retail REITs,0001558370-23-001840,spg-20221231x10k.htm,10-K,2023-02-23,2022-12-31,2022,https://www.sec.gov/Archives/edgar/data/1063761/000155837023001840/spg-20221231x10k.htm,2022/sp500_companies.csv,sample_2022,4,2022/sample_500/html/raw/0001063761/0001558370-23-001840.html,414
390,S2022-390,S2022-390,SWKS,SWKS,Skyworks Solutions,Skyworks Solutions,cik:0000004127,0000004127,Information Technology,Semiconductors,0000004127-22-000038,swks-20220930.htm,10-K,2022-11-23,2022-09-30,2022,https://www.sec.gov/Archives/edgar/data/4127/000000412722000038/swks-20220930.htm,2022/sp500_companies.csv,sample_2022,4,2022/sample_500/html/raw/0000004127/0000004127-22-000038.html,415
391,S2022-391,S2022-391,SEDG,SEDG,SolarEdge,SolarEdge,cik:0001419612,0001419612,,,0001178913-23-000707,zk2329263.htm,10-K,2023-02-22,2022-12-31,2022,https://www.sec.gov/Archives/edgar/data/1419612/000117891323000707/zk2329263.htm,2022/sp500_companies.csv,sample_2022,4,2022/sample_500/html/raw/0001419612/0001178913-23-000707.html,417
392,S2022-392,S2022-392,SO,SO,Southern Company,Southern Company,cik:0000092122,0000092122,Utilities,Electric Utilities,0000092122-23-000012,so-20221231.htm,10-K,2023-02-16,2022-12-31,2022,https://www.sec.gov/Archives/edgar/data/92122/000009212223000012/so-20221231.htm,2022/sp500_companies.csv,sample_2022,4,2022/sample_500/html/raw/0000092122/0000092122-23-000012.html,418
393,S2022-393,S2022-393,LUV,LUV,Southwest Airlines,Southwest Airlines,cik:0000092380,0000092380,Industrials,Passenger Airlines,0000092380-23-000010,luv-20221231.htm,10-K,2023-02-07,2022-12-31,2022,https://www.sec.gov/Archives/edgar/data/92380/000009238023000010/luv-20221231.htm,2022/sp500_companies.csv,sample_2022,4,2022/sample_500/html/raw/0000092380/0000092380-23-000010.html,419
394,S2022-394,S2022-394,SBUX,SBUX,Starbucks,Starbucks,cik:0000829224,0000829224,Consumer Discretionary,Restaurants,0000829224-22-000058,sbux-20221002.htm,10-K,2022-11-18,2022-10-02,2022,https://www.sec.gov/Archives/edgar/data/829224/000082922422000058/sbux-20221002.htm,2022/sp500_companies.csv,sample_2022,4,2022/sample_500/html/raw/0000829224/0000829224-22-000058.html,421
395,S2022-395,S2022-395,STT,STT,State Street Corporation,State Street Corporation,cik:0000093751,0000093751,Financials,Asset Management & Custody Banks,0000093751-23-000489,stt-20221231.htm,10-K,2023-02-16,2022-12-31,2022,https://www.sec.gov/Archives/edgar/data/93751/000009375123000489/stt-20221231.htm,2022/sp500_companies.csv,sample_2022,4,2022/sample_500/html/raw/0000093751/0000093751-23-000489.html,422
396,S2022-396,S2022-396,STLD,STLD,Steel Dynamics,Steel Dynamics,cik:0001022671,0001022671,Materials,Steel,0001558370-23-002303,stld-20221231x10k.htm,10-K,2023-02-28,2022-12-31,2022,https://www.sec.gov/Archives/edgar/data/1022671/000155837023002303/stld-20221231x10k.htm,2022/sp500_companies.csv,sample_2022,4,2022/sample_500/html/raw/0001022671/0001558370-23-002303.html,423
397,S2022-397,S2022-397,STE,STE,Steris,Steris,cik:0001757898,0001757898,Health Care,Health Care Equipment,0001757898-22-000011,ste-20220331.htm,10-K,2022-05-31,2022-03-31,2022,https://www.sec.gov/Archives/edgar/data/1757898/000175789822000011/ste-20220331.htm,2022/sp500_companies.csv,sample_2022,4,2022/sample_500/html/raw/0001757898/0001757898-22-000011.html,424
398,S2022-398,S2022-398,SYK,SYK,Stryker Corporation,Stryker Corporation,cik:0000310764,0000310764,Health Care,Health Care Equipment,0000310764-23-000017,syk-20221231.htm,10-K,2023-02-10,2022-12-31,2022,https://www.sec.gov/Archives/edgar/data/310764/000031076423000017/syk-20221231.htm,2022/sp500_companies.csv,sample_2022,4,2022/sample_500/html/raw/0000310764/0000310764-23-000017.html,425
399,S2022-399,S2022-399,SYF,SYF,Synchrony Financial,Synchrony Financial,cik:0001601712,0001601712,Financials,Consumer Finance,0001601712-23-000037,syf-20221231.htm,10-K,2023-02-09,2022-12-31,2022,https://www.sec.gov/Archives/edgar/data/1601712/000160171223000037/syf-20221231.htm,2022/sp500_companies.csv,sample_2022,4,2022/sample_500/html/raw/0001601712/0001601712-23-000037.html,426
400,S2022-400,S2022-400,SNPS,SNPS,Synopsys,Synopsys,cik:0000883241,0000883241,Information Technology,Application Software,0000883241-22-000017,snps-20221031.htm,10-K,2022-12-12,2022-10-31,2022,https://www.sec.gov/Archives/edgar/data/883241/000088324122000017/snps-20221031.htm,2022/sp500_companies.csv,sample_2022,4,2022/sample_500/html/raw/0000883241/0000883241-22-000017.html,427
401,S2022-401,S2022-401,SYY,SYY,Sysco,Sysco,cik:0000096021,0000096021,Consumer Staples,Food Distributors,0000096021-22-000151,syy-20220702.htm,10-K,2022-08-26,2022-07-02,2022,https://www.sec.gov/Archives/edgar/data/96021/000009602122000151/syy-20220702.htm,2022/sp500_companies.csv,sample_2022,5,2022/sample_500/html/raw/0000096021/0000096021-22-000151.html,428
402,S2022-402,S2022-402,TMUS,TMUS,T-Mobile US,T-Mobile US,cik:0001283699,0001283699,Communication Services,Wireless Telecommunication Services,0001283699-23-000016,tmus-20221231.htm,10-K,2023-02-14,2022-12-31,2022,https://www.sec.gov/Archives/edgar/data/1283699/000128369923000016/tmus-20221231.htm,2022/sp500_companies.csv,sample_2022,5,2022/sample_500/html/raw/0001283699/0001283699-23-000016.html,429
403,S2022-403,S2022-403,TROW,TROW,T. Rowe Price,T. Rowe Price,cik:0001113169,0001113169,Financials,Asset Management & Custody Banks,0001113169-23-000007,trow-20221231.htm,10-K,2023-02-15,2022-12-31,2022,https://www.sec.gov/Archives/edgar/data/1113169/000111316923000007/trow-20221231.htm,2022/sp500_companies.csv,sample_2022,5,2022/sample_500/html/raw/0001113169/0001113169-23-000007.html,430
404,S2022-404,S2022-404,TEL,TEL,TE Connectivity,TE Connectivity,cik:0001385157,0001385157,Information Technology,Electronic Manufacturing Services,0001558370-22-017931,tel-20220930x10k.htm,10-K,2022-11-15,2022-09-30,2022,https://www.sec.gov/Archives/edgar/data/1385157/000155837022017931/tel-20220930x10k.htm,2022/sp500_companies.csv,sample_2022,5,2022/sample_500/html/raw/0001385157/0001558370-22-017931.html,431
405,S2022-405,S2022-405,TJX,TJX,TJX Companies,TJX Companies,cik:0000109198,0000109198,Consumer Discretionary,Apparel Retail,0000109198-22-000008,tjx-20220129.htm,10-K,2022-03-30,2022-01-29,2022,https://www.sec.gov/Archives/edgar/data/109198/000010919822000008/tjx-20220129.htm,2022/sp500_companies.csv,sample_2022,5,2022/sample_500/html/raw/0000109198/0000109198-22-000008.html,432
406,S2022-406,S2022-406,TTWO,TTWO,Take-Two Interactive,Take-Two Interactive,cik:0000946581,0000946581,Communication Services,Interactive Home Entertainment,0001628280-22-014580,ttwo-20220331.htm,10-K,2022-05-17,2022-03-31,2022,https://www.sec.gov/Archives/edgar/data/946581/000162828022014580/ttwo-20220331.htm,2022/sp500_companies.csv,sample_2022,5,2022/sample_500/html/raw/0000946581/0001628280-22-014580.html,433
407,S2022-407,S2022-407,TPR,TPR,"Tapestry, Inc.","Tapestry, Inc.",cik:0001116132,0001116132,Consumer Discretionary,"Apparel, Accessories & Luxury Goods",0001116132-22-000018,tpr-20220702.htm,10-K,2022-08-18,2022-07-02,2022,https://www.sec.gov/Archives/edgar/data/1116132/000111613222000018/tpr-20220702.htm,2022/sp500_companies.csv,sample_2022,5,2022/sample_500/html/raw/0001116132/0001116132-22-000018.html,434
408,S2022-408,S2022-408,TRGP,TRGP,Targa Resources,Targa Resources,cik:0001389170,0001389170,Energy,Oil & Gas Storage & Transportation,0000950170-23-003797,trgp-20221231.htm,10-K,2023-02-22,2022-12-31,2022,https://www.sec.gov/Archives/edgar/data/1389170/000095017023003797/trgp-20221231.htm,2022/sp500_companies.csv,sample_2022,5,2022/sample_500/html/raw/0001389170/0000950170-23-003797.html,435
409,S2022-409,S2022-409,TGT,TGT,Target Corporation,Target Corporation,cik:0000027419,0000027419,Consumer Staples,Consumer Staples Merchandise Retail,0000027419-22-000007,tgt-20220129.htm,10-K,2022-03-09,2022-01-29,2022,https://www.sec.gov/Archives/edgar/data/27419/000002741922000007/tgt-20220129.htm,2022/sp500_companies.csv,sample_2022,5,2022/sample_500/html/raw/0000027419/0000027419-22-000007.html,436
410,S2022-410,S2022-410,TDY,TDY,Teledyne Technologies,Teledyne Technologies,cik:0001094285,0001094285,Information Technology,Electronic Equipment & Instruments,0001094285-22-000049,tdy-20220102.htm,10-K,2022-02-25,2022-01-02,2022,https://www.sec.gov/Archives/edgar/data/1094285/000109428522000049/tdy-20220102.htm,2022/sp500_companies.csv,sample_2022,5,2022/sample_500/html/raw/0001094285/0001094285-22-000049.html,437
411,S2022-411,S2022-411,TFX,TFX,Teleflex,Teleflex,cik:0000096943,0000096943,,,0000096943-23-000024,tfx-20221231.htm,10-K,2023-02-23,2022-12-31,2022,https://www.sec.gov/Archives/edgar/data/96943/000009694323000024/tfx-20221231.htm,2022/sp500_companies.csv,sample_2022,5,2022/sample_500/html/raw/0000096943/0000096943-23-000024.html,438
412,S2022-412,S2022-412,TER,TER,Teradyne,Teradyne,cik:0000097210,0000097210,Information Technology,Semiconductor Materials & Equipment,0001193125-23-044711,d414778d10k.htm,10-K,2023-02-22,2022-12-31,2022,https://www.sec.gov/Archives/edgar/data/97210/000119312523044711/d414778d10k.htm,2022/sp500_companies.csv,sample_2022,5,2022/sample_500/html/raw/0000097210/0001193125-23-044711.html,439
413,S2022-413,S2022-413,TSLA,TSLA,"Tesla, Inc.","Tesla, Inc.",cik:0001318605,0001318605,Consumer Discretionary,Automobile Manufacturers,0000950170-23-001409,tsla-20221231.htm,10-K,2023-01-31,2022-12-31,2022,https://www.sec.gov/Archives/edgar/data/1318605/000095017023001409/tsla-20221231.htm,2022/sp500_companies.csv,sample_2022,5,2022/sample_500/html/raw/0001318605/0000950170-23-001409.html,440
414,S2022-414,S2022-414,TXN,TXN,Texas Instruments,Texas Instruments,cik:0000097476,0000097476,Information Technology,Semiconductors,0000097476-23-000007,txn-20221231.htm,10-K,2023-02-03,2022-12-31,2022,https://www.sec.gov/Archives/edgar/data/97476/000009747623000007/txn-20221231.htm,2022/sp500_companies.csv,sample_2022,5,2022/sample_500/html/raw/0000097476/0000097476-23-000007.html,441
415,S2022-415,S2022-415,TMO,TMO,Thermo Fisher Scientific,Thermo Fisher Scientific,cik:0000097745,0000097745,Health Care,Life Sciences Tools & Services,0000097745-23-000008,tmo-20221231.htm,10-K,2023-02-23,2022-12-31,2022,https://www.sec.gov/Archives/edgar/data/97745/000009774523000008/tmo-20221231.htm,2022/sp500_companies.csv,sample_2022,5,2022/sample_500/html/raw/0000097745/0000097745-23-000008.html,443
416,S2022-416,S2022-416,TSCO,TSCO,Tractor Supply,Tractor Supply,cik:0000916365,0000916365,Consumer Discretionary,Other Specialty Retail,0000916365-23-000045,tsco-20221231.htm,10-K,2023-02-23,2022-12-31,2022,https://www.sec.gov/Archives/edgar/data/916365/000091636523000045/tsco-20221231.htm,2022/sp500_companies.csv,sample_2022,5,2022/sample_500/html/raw/0000916365/0000916365-23-000045.html,444
417,S2022-417,S2022-417,TT,TT,Trane Technologies,Trane Technologies,cik:0001466258,0001466258,Industrials,Building Products,0001466258-23-000058,tt-20221231.htm,10-K,2023-02-10,2022-12-31,2022,https://www.sec.gov/Archives/edgar/data/1466258/000146625823000058/tt-20221231.htm,2022/sp500_companies.csv,sample_2022,5,2022/sample_500/html/raw/0001466258/0001466258-23-000058.html,445
418,S2022-418,S2022-418,TDG,TDG,TransDigm Group,TransDigm Group,cik:0001260221,0001260221,Industrials,Aerospace & Defense,0001260221-22-000065,tdg-20220930.htm,10-K,2022-11-10,2022-09-30,2022,https://www.sec.gov/Archives/edgar/data/1260221/000126022122000065/tdg-20220930.htm,2022/sp500_companies.csv,sample_2022,5,2022/sample_500/html/raw/0001260221/0001260221-22-000065.html,446
419,S2022-419,S2022-419,TRV,TRV,Travelers Companies (The),Travelers Companies (The),cik:0000086312,0000086312,Financials,Property & Casualty Insurance,0000086312-23-000011,trv-20221231.htm,10-K,2023-02-16,2022-12-31,2022,https://www.sec.gov/Archives/edgar/data/86312/000008631223000011/trv-20221231.htm,2022/sp500_companies.csv,sample_2022,5,2022/sample_500/html/raw/0000086312/0000086312-23-000011.html,447
420,S2022-420,S2022-420,TRMB,TRMB,Trimble Inc.,Trimble Inc.,cik:0000864749,0000864749,Information Technology,Application Software,0000864749-23-000012,trmb-20221230.htm,10-K,2023-02-17,2022-12-30,2022,https://www.sec.gov/Archives/edgar/data/864749/000086474923000012/trmb-20221230.htm,2022/sp500_companies.csv,sample_2022,5,2022/sample_500/html/raw/0000864749/0000864749-23-000012.html,448
421,S2022-421,S2022-421,TFC,TFC,Truist Financial,Truist Financial,cik:0000092230,0000092230,Financials,Diversified Banks,0000092230-23-000034,tfc-20221231.htm,10-K,2023-02-28,2022-12-31,2022,https://www.sec.gov/Archives/edgar/data/92230/000009223023000034/tfc-20221231.htm,2022/sp500_companies.csv,sample_2022,5,2022/sample_500/html/raw/0000092230/0000092230-23-000034.html,449
422,S2022-422,S2022-422,TYL,TYL,Tyler Technologies,Tyler Technologies,cik:0000860731,0000860731,Information Technology,Application Software,0000860731-23-000009,tyl-20221231.htm,10-K,2023-02-22,2022-12-31,2022,https://www.sec.gov/Archives/edgar/data/860731/000086073123000009/tyl-20221231.htm,2022/sp500_companies.csv,sample_2022,5,2022/sample_500/html/raw/0000860731/0000860731-23-000009.html,450
423,S2022-423,S2022-423,TSN,TSN,Tyson Foods,Tyson Foods,cik:0000100493,0000100493,Consumer Staples,Packaged Foods & Meats,0000100493-22-000097,tsn-20221001.htm,10-K,2022-11-14,2022-10-01,2022,https://www.sec.gov/Archives/edgar/data/100493/000010049322000097/tsn-20221001.htm,2022/sp500_companies.csv,sample_2022,5,2022/sample_500/html/raw/0000100493/0000100493-22-000097.html,451
424,S2022-424,S2022-424,USB,USB,U.S. Bancorp,U.S. Bancorp,cik:0000036104,0000036104,Financials,Diversified Banks,0001193125-23-050691,d410791d10k.htm,10-K,2023-02-27,2022-12-31,2022,https://www.sec.gov/Archives/edgar/data/36104/000119312523050691/d410791d10k.htm,2022/sp500_companies.csv,sample_2022,5,2022/sample_500/html/raw/0000036104/0001193125-23-050691.html,452
425,S2022-425,S2022-425,UDR,UDR,"UDR, Inc.","UDR, Inc.",cik:0000074208,0000074208,Real Estate,Multi-Family Residential REITs,0000074208-23-000007,udr-20221231x10k.htm,10-K,2023-02-13,2022-12-31,2022,https://www.sec.gov/Archives/edgar/data/74208/000007420823000007/udr-20221231x10k.htm,2022/sp500_companies.csv,sample_2022,5,2022/sample_500/html/raw/0000074208/0000074208-23-000007.html,453
426,S2022-426,S2022-426,ULTA,ULTA,Ulta Beauty,Ulta Beauty,cik:0001403568,0001403568,Consumer Discretionary,Other Specialty Retail,0001558370-22-004330,ulta-20220129x10k.htm,10-K,2022-03-25,2022-01-29,2022,https://www.sec.gov/Archives/edgar/data/1403568/000155837022004330/ulta-20220129x10k.htm,2022/sp500_companies.csv,sample_2022,5,2022/sample_500/html/raw/0001403568/0001558370-22-004330.html,454
427,S2022-427,S2022-427,UNP,UNP,Union Pacific Corporation,Union Pacific Corporation,cik:0000100885,0000100885,Industrials,Rail Transportation,0001437749-23-002959,unp20221231_10k.htm,10-K,2023-02-10,2022-12-31,2022,https://www.sec.gov/Archives/edgar/data/100885/000143774923002959/unp20221231_10k.htm,2022/sp500_companies.csv,sample_2022,5,2022/sample_500/html/raw/0000100885/0001437749-23-002959.html,455
428,S2022-428,S2022-428,UAL,UAL,United Airlines Holdings,United Airlines Holdings,cik:0000100517,0000100517,Industrials,Passenger Airlines,0000100517-23-000048,ual-20221231.htm,10-K,2023-02-16,2022-12-31,2022,https://www.sec.gov/Archives/edgar/data/100517/000010051723000048/ual-20221231.htm,2022/sp500_companies.csv,sample_2022,5,2022/sample_500/html/raw/0000100517/0000100517-23-000048.html,456
429,S2022-429,S2022-429,UPS,UPS,United Parcel Service,United Parcel Service,cik:0001090727,0001090727,Industrials,Air Freight & Logistics,0001090727-23-000006,ups-20221231.htm,10-K,2023-02-21,2022-12-31,2022,https://www.sec.gov/Archives/edgar/data/1090727/000109072723000006/ups-20221231.htm,2022/sp500_companies.csv,sample_2022,5,2022/sample_500/html/raw/0001090727/0001090727-23-000006.html,457
430,S2022-430,S2022-430,URI,URI,United Rentals,United Rentals,cik:0001067701,0001067701,Industrials,Trading Companies & Distributors,0001067701-23-000010,uri-20221231.htm,10-K,2023-01-25,2022-12-31,2022,https://www.sec.gov/Archives/edgar/data/1067701/000106770123000010/uri-20221231.htm,2022/sp500_companies.csv,sample_2022,5,2022/sample_500/html/raw/0001067701/0001067701-23-000010.html,458
431,S2022-431,S2022-431,UNH,UNH,UnitedHealth Group,UnitedHealth Group,cik:0000731766,0000731766,Health Care,Managed Health Care,0000731766-23-000008,unh-20221231.htm,10-K,2023-02-24,2022-12-31,2022,https://www.sec.gov/Archives/edgar/data/731766/000073176623000008/unh-20221231.htm,2022/sp500_companies.csv,sample_2022,5,2022/sample_500/html/raw/0000731766/0000731766-23-000008.html,459
432,S2022-432,S2022-432,UHS,UHS,Universal Health Services,Universal Health Services,cik:0000352915,0000352915,Health Care,Health Care Facilities,0000950170-23-004656,uhs-20221231.htm,10-K,2023-02-27,2022-12-31,2022,https://www.sec.gov/Archives/edgar/data/352915/000095017023004656/uhs-20221231.htm,2022/sp500_companies.csv,sample_2022,5,2022/sample_500/html/raw/0000352915/0000950170-23-004656.html,460
433,S2022-433,S2022-433,VFC,VFC,VF Corporation,VF Corporation,cik:0000103379,0000103379,,,0000103379-22-000006,vfc-20220402.htm,10-K,2022-05-26,2022-04-02,2022,https://www.sec.gov/Archives/edgar/data/103379/000010337922000006/vfc-20220402.htm,2022/sp500_companies.csv,sample_2022,5,2022/sample_500/html/raw/0000103379/0000103379-22-000006.html,461
434,S2022-434,S2022-434,VLO,VLO,Valero Energy,Valero Energy,cik:0001035002,0001035002,Energy,Oil & Gas Refining & Marketing,0001035002-23-000027,vlo-20221231.htm,10-K,2023-02-23,2022-12-31,2022,https://www.sec.gov/Archives/edgar/data/1035002/000103500223000027/vlo-20221231.htm,2022/sp500_companies.csv,sample_2022,5,2022/sample_500/html/raw/0001035002/0001035002-23-000027.html,462
435,S2022-435,S2022-435,VTR,VTR,Ventas,Ventas,cik:0000740260,0000740260,Real Estate,Health Care REITs,0000740260-23-000070,vtr-20221231.htm,10-K,2023-02-10,2022-12-31,2022,https://www.sec.gov/Archives/edgar/data/740260/000074026023000070/vtr-20221231.htm,2022/sp500_companies.csv,sample_2022,5,2022/sample_500/html/raw/0000740260/0000740260-23-000070.html,463
436,S2022-436,S2022-436,VRSN,VRSN,Verisign,Verisign,cik:0001014473,0001014473,Information Technology,Internet Services & Infrastructure,0001014473-23-000005,vrsn-20221231.htm,10-K,2023-02-17,2022-12-31,2022,https://www.sec.gov/Archives/edgar/data/1014473/000101447323000005/vrsn-20221231.htm,2022/sp500_companies.csv,sample_2022,5,2022/sample_500/html/raw/0001014473/0001014473-23-000005.html,464
437,S2022-437,S2022-437,VRSK,VRSK,Verisk Analytics,Verisk Analytics,cik:0001442145,0001442145,Industrials,Research & Consulting Services,0001437749-23-004945,vrsk20221231_10k.htm,10-K,2023-02-28,2022-12-31,2022,https://www.sec.gov/Archives/edgar/data/1442145/000143774923004945/vrsk20221231_10k.htm,2022/sp500_companies.csv,sample_2022,5,2022/sample_500/html/raw/0001442145/0001437749-23-004945.html,465
438,S2022-438,S2022-438,VZ,VZ,Verizon,Verizon,cik:0000732712,0000732712,Communication Services,Integrated Telecommunication Services,0000732712-23-000012,vz-20221231.htm,10-K,2023-02-10,2022-12-31,2022,https://www.sec.gov/Archives/edgar/data/732712/000073271223000012/vz-20221231.htm,2022/sp500_companies.csv,sample_2022,5,2022/sample_500/html/raw/0000732712/0000732712-23-000012.html,466
439,S2022-439,S2022-439,VRTX,VRTX,Vertex Pharmaceuticals,Vertex Pharmaceuticals,cik:0000875320,0000875320,Health Care,Biotechnology,0000875320-23-000007,vrtx-20221231.htm,10-K,2023-02-10,2022-12-31,2022,https://www.sec.gov/Archives/edgar/data/875320/000087532023000007/vrtx-20221231.htm,2022/sp500_companies.csv,sample_2022,5,2022/sample_500/html/raw/0000875320/0000875320-23-000007.html,467
440,S2022-440,S2022-440,VTRS,VTRS,Viatris,Viatris,cik:0001792044,0001792044,Health Care,Pharmaceuticals,0001792044-23-000008,vtrs-20221231.htm,10-K,2023-02-27,2022-12-31,2022,https://www.sec.gov/Archives/edgar/data/1792044/000179204423000008/vtrs-20221231.htm,2022/sp500_companies.csv,sample_2022,5,2022/sample_500/html/raw/0001792044/0001792044-23-000008.html,468
441,S2022-441,S2022-441,VICI,VICI,Vici Properties,Vici Properties,cik:0001705696,0001705696,Real Estate,Hotel & Resort REITs,0001705696-23-000035,vici-20221231.htm,10-K,2023-02-23,2022-12-31,2022,https://www.sec.gov/Archives/edgar/data/1705696/000170569623000035/vici-20221231.htm,2022/sp500_companies.csv,sample_2022,5,2022/sample_500/html/raw/0001705696/0001705696-23-000035.html,469
442,S2022-442,S2022-442,V,V,Visa Inc.,Visa Inc.,cik:0001403161,0001403161,Financials,Transaction & Payment Processing Services,0001403161-22-000081,v-20220930.htm,10-K,2022-11-16,2022-09-30,2022,https://www.sec.gov/Archives/edgar/data/1403161/000140316122000081/v-20220930.htm,2022/sp500_companies.csv,sample_2022,5,2022/sample_500/html/raw/0001403161/0001403161-22-000081.html,470
443,S2022-443,S2022-443,VNO,VNO,Vornado Realty Trust,Vornado Realty Trust,cik:0000899689,0000899689,,,0000899689-23-000010,vno-20221231.htm,10-K,2023-02-13,2022-12-31,2022,https://www.sec.gov/Archives/edgar/data/899689/000089968923000010/vno-20221231.htm,2022/sp500_companies.csv,sample_2022,5,2022/sample_500/html/raw/0000899689/0000899689-23-000010.html,471
444,S2022-444,S2022-444,VMC,VMC,Vulcan Materials Company,Vulcan Materials Company,cik:0001396009,0001396009,Materials,Construction Materials,0001396009-23-000007,vmc-20221231x10k.htm,10-K,2023-02-24,2022-12-31,2022,https://www.sec.gov/Archives/edgar/data/1396009/000139600923000007/vmc-20221231x10k.htm,2022/sp500_companies.csv,sample_2022,5,2022/sample_500/html/raw/0001396009/0001396009-23-000007.html,472
445,S2022-445,S2022-445,WRB,WRB,W. R. Berkley Corporation,W. R. Berkley Corporation,cik:0000011544,0000011544,Financials,Property & Casualty Insurance,0000011544-23-000004,wrb-20221231.htm,10-K,2023-02-24,2022-12-31,2022,https://www.sec.gov/Archives/edgar/data/11544/000001154423000004/wrb-20221231.htm,2022/sp500_companies.csv,sample_2022,5,2022/sample_500/html/raw/0000011544/0000011544-23-000004.html,473
446,S2022-446,S2022-446,GWW,GWW,W. W. Grainger,W. W. Grainger,cik:0000277135,0000277135,Industrials,Industrial Machinery & Supplies & Components,0000277135-23-000014,gww-20221231.htm,10-K,2023-02-21,2022-12-31,2022,https://www.sec.gov/Archives/edgar/data/277135/000027713523000014/gww-20221231.htm,2022/sp500_companies.csv,sample_2022,5,2022/sample_500/html/raw/0000277135/0000277135-23-000014.html,474
447,S2022-447,S2022-447,WEC,WEC,WEC Energy Group,WEC Energy Group,cik:0000783325,0000783325,Utilities,Electric Utilities,0000107815-23-000100,wec-20221231.htm,10-K,2023-02-23,2022-12-31,2022,https://www.sec.gov/Archives/edgar/data/783325/000010781523000100/wec-20221231.htm,2022/sp500_companies.csv,sample_2022,5,2022/sample_500/html/raw/0000783325/0000107815-23-000100.html,475
448,S2022-448,S2022-448,WAB,WAB,Wabtec,Wabtec,cik:0000943452,0000943452,Industrials,Construction Machinery & Heavy Transportation Equipment,0001628280-23-003675,wab-20221231.htm,10-K,2023-02-15,2022-12-31,2022,https://www.sec.gov/Archives/edgar/data/943452/000162828023003675/wab-20221231.htm,2022/sp500_companies.csv,sample_2022,5,2022/sample_500/html/raw/0000943452/0001628280-23-003675.html,476
449,S2022-449,S2022-449,WMT,WMT,Walmart,Walmart,cik:0000104169,0000104169,Consumer Staples,Consumer Staples Merchandise Retail,0000104169-22-000012,wmt-20220131.htm,10-K,2022-03-18,2022-01-31,2022,https://www.sec.gov/Archives/edgar/data/104169/000010416922000012/wmt-20220131.htm,2022/sp500_companies.csv,sample_2022,5,2022/sample_500/html/raw/0000104169/0000104169-22-000012.html,478
450,S2022-450,S2022-450,DIS,DIS,Walt Disney Company (The),Walt Disney Company (The),cik:0001744489,0001744489,Communication Services,Movies & Entertainment,0001744489-22-000213,dis-20221001.htm,10-K,2022-11-29,2022-10-01,2022,https://www.sec.gov/Archives/edgar/data/1744489/000174448922000213/dis-20221001.htm,2022/sp500_companies.csv,sample_2022,5,2022/sample_500/html/raw/0001744489/0001744489-22-000213.html,479
451,S2022-451,S2022-451,WBD,WBD,Warner Bros. Discovery,Warner Bros. Discovery,cik:0001437107,0001437107,Communication Services,Broadcasting,0001437107-23-000019,disca-20221231.htm,10-K,2023-02-24,2022-12-31,2022,https://www.sec.gov/Archives/edgar/data/1437107/000143710723000019/disca-20221231.htm,2022/sp500_companies.csv,sample_2022,5,2022/sample_500/html/raw/0001437107/0001437107-23-000019.html,480
452,S2022-452,S2022-452,WM,WM,Waste Management,Waste Management,cik:0000823768,0000823768,Industrials,Environmental & Facilities Services,0001558370-23-000964,wm-20221231x10k.htm,10-K,2023-02-07,2022-12-31,2022,https://www.sec.gov/Archives/edgar/data/823768/000155837023000964/wm-20221231x10k.htm,2022/sp500_companies.csv,sample_2022,5,2022/sample_500/html/raw/0000823768/0001558370-23-000964.html,481
453,S2022-453,S2022-453,WAT,WAT,Waters Corporation,Waters Corporation,cik:0001000697,0001000697,Health Care,Life Sciences Tools & Services,0001193125-23-050827,d412746d10k.htm,10-K,2023-02-27,2022-12-31,2022,https://www.sec.gov/Archives/edgar/data/1000697/000119312523050827/d412746d10k.htm,2022/sp500_companies.csv,sample_2022,5,2022/sample_500/html/raw/0001000697/0001193125-23-050827.html,482
454,S2022-454,S2022-454,WFC,WFC,Wells Fargo,Wells Fargo,cik:0000072971,0000072971,Financials,Diversified Banks,0000072971-23-000071,wfc-20221231.htm,10-K,2023-02-21,2022-12-31,2022,https://www.sec.gov/Archives/edgar/data/72971/000007297123000071/wfc-20221231.htm,2022/sp500_companies.csv,sample_2022,5,2022/sample_500/html/raw/0000072971/0000072971-23-000071.html,483
455,S2022-455,S2022-455,WELL,WELL,Welltower,Welltower,cik:0000766704,0000766704,Real Estate,Health Care REITs,0000766704-23-000010,well-20221231.htm,10-K,2023-02-21,2022-12-31,2022,https://www.sec.gov/Archives/edgar/data/766704/000076670423000010/well-20221231.htm,2022/sp500_companies.csv,sample_2022,5,2022/sample_500/html/raw/0000766704/0000766704-23-000010.html,484
456,S2022-456,S2022-456,WST,WST,West Pharmaceutical Services,West Pharmaceutical Services,cik:0000105770,0000105770,Health Care,Health Care Supplies,0000105770-23-000012,wst-20221231.htm,10-K,2023-02-21,2022-12-31,2022,https://www.sec.gov/Archives/edgar/data/105770/000010577023000012/wst-20221231.htm,2022/sp500_companies.csv,sample_2022,5,2022/sample_500/html/raw/0000105770/0000105770-23-000012.html,485
457,S2022-457,S2022-457,WRK,WRK,WestRock,WestRock,cik:0001732845,0001732845,,,0000950170-22-025444,wrk-20220930.htm,10-K,2022-11-18,2022-09-30,2022,https://www.sec.gov/Archives/edgar/data/1732845/000095017022025444/wrk-20220930.htm,2022/sp500_companies.csv,sample_2022,5,2022/sample_500/html/raw/0001732845/0000950170-22-025444.html,486
458,S2022-458,S2022-458,WDC,WDC,Western Digital,Western Digital,cik:0000106040,0000106040,Information Technology,"Technology Hardware, Storage & Peripherals",0000106040-22-000055,wdc-20220701.htm,10-K,2022-08-25,2022-07-01,2022,https://www.sec.gov/Archives/edgar/data/106040/000010604022000055/wdc-20220701.htm,2022/sp500_companies.csv,sample_2022,5,2022/sample_500/html/raw/0000106040/0000106040-22-000055.html,487
459,S2022-459,S2022-459,WY,WY,Weyerhaeuser,Weyerhaeuser,cik:0000106535,0000106535,Real Estate,Timber REITs,0000950170-23-003217,wy-20221231.htm,10-K,2023-02-17,2022-12-31,2022,https://www.sec.gov/Archives/edgar/data/106535/000095017023003217/wy-20221231.htm,2022/sp500_companies.csv,sample_2022,5,2022/sample_500/html/raw/0000106535/0000950170-23-003217.html,488
460,S2022-460,S2022-460,WHR,WHR,Whirlpool Corporation,Whirlpool Corporation,cik:0000106640,0000106640,,,0000106640-23-000015,whr-20221231.htm,10-K,2023-02-10,2022-12-31,2022,https://www.sec.gov/Archives/edgar/data/106640/000010664023000015/whr-20221231.htm,2022/sp500_companies.csv,sample_2022,5,2022/sample_500/html/raw/0000106640/0000106640-23-000015.html,489
461,S2022-461,S2022-461,WMB,WMB,Williams Companies,Williams Companies,cik:0000107263,0000107263,Energy,Oil & Gas Storage & Transportation,0000107263-23-000007,wmb-20221231.htm,10-K,2023-02-27,2022-12-31,2022,https://www.sec.gov/Archives/edgar/data/107263/000010726323000007/wmb-20221231.htm,2022/sp500_companies.csv,sample_2022,5,2022/sample_500/html/raw/0000107263/0000107263-23-000007.html,490
462,S2022-462,S2022-462,WTW,WTW,Willis Towers Watson,Willis Towers Watson,cik:0001140536,0001140536,Financials,Insurance Brokers,0000950170-23-004303,wtw-20221231.htm,10-K,2023-02-24,2022-12-31,2022,https://www.sec.gov/Archives/edgar/data/1140536/000095017023004303/wtw-20221231.htm,2022/sp500_companies.csv,sample_2022,5,2022/sample_500/html/raw/0001140536/0000950170-23-004303.html,491
463,S2022-463,S2022-463,WYNN,WYNN,Wynn Resorts,Wynn Resorts,cik:0001174922,0001174922,Consumer Discretionary,Casinos & Gaming,0001174922-23-000048,wynn-20221231.htm,10-K,2023-02-27,2022-12-31,2022,https://www.sec.gov/Archives/edgar/data/1174922/000117492223000048/wynn-20221231.htm,2022/sp500_companies.csv,sample_2022,5,2022/sample_500/html/raw/0001174922/0001174922-23-000048.html,492
464,S2022-464,S2022-464,XEL,XEL,Xcel Energy,Xcel Energy,cik:0000072903,0000072903,Utilities,Multi-Utilities,0000072903-23-000007,xel-20221231.htm,10-K,2023-02-23,2022-12-31,2022,https://www.sec.gov/Archives/edgar/data/72903/000007290323000007/xel-20221231.htm,2022/sp500_companies.csv,sample_2022,5,2022/sample_500/html/raw/0000072903/0000072903-23-000007.html,493
465,S2022-465,S2022-465,XYL,XYL,Xylem Inc.,Xylem Inc.,cik:0001524472,0001524472,Industrials,Industrial Machinery & Supplies & Components,0001524472-23-000009,xyl-20221231.htm,10-K,2023-02-24,2022-12-31,2022,https://www.sec.gov/Archives/edgar/data/1524472/000152447223000009/xyl-20221231.htm,2022/sp500_companies.csv,sample_2022,5,2022/sample_500/html/raw/0001524472/0001524472-23-000009.html,494
466,S2022-466,S2022-466,YUM,YUM,Yum! Brands,Yum! Brands,cik:0001041061,0001041061,Consumer Discretionary,Restaurants,0001041061-23-000009,yum-20221231.htm,10-K,2023-02-27,2022-12-31,2022,https://www.sec.gov/Archives/edgar/data/1041061/000104106123000009/yum-20221231.htm,2022/sp500_companies.csv,sample_2022,5,2022/sample_500/html/raw/0001041061/0001041061-23-000009.html,495
467,S2022-467,S2022-467,ZBRA,ZBRA,Zebra Technologies,Zebra Technologies,cik:0000877212,0000877212,Information Technology,Electronic Equipment & Instruments,0000877212-23-000025,zbra-20221231.htm,10-K,2023-02-16,2022-12-31,2022,https://www.sec.gov/Archives/edgar/data/877212/000087721223000025/zbra-20221231.htm,2022/sp500_companies.csv,sample_2022,5,2022/sample_500/html/raw/0000877212/0000877212-23-000025.html,496
468,S2022-468,S2022-468,ZBH,ZBH,Zimmer Biomet,Zimmer Biomet,cik:0001136869,0001136869,Health Care,Health Care Equipment,0000950170-23-004264,zbh-20221231.htm,10-K,2023-02-24,2022-12-31,2022,https://www.sec.gov/Archives/edgar/data/1136869/000095017023004264/zbh-20221231.htm,2022/sp500_companies.csv,sample_2022,5,2022/sample_500/html/raw/0001136869/0000950170-23-004264.html,497
469,S2022-469,S2022-469,ZION,ZION,Zions Bancorporation,Zions Bancorporation,cik:0000109380,0000109380,,,0000109380-23-000074,zions-20221231.htm,10-K,2023-02-23,2022-12-31,2022,https://www.sec.gov/Archives/edgar/data/109380/000010938023000074/zions-20221231.htm,2022/sp500_companies.csv,sample_2022,5,2022/sample_500/html/raw/0000109380/0000109380-23-000074.html,498
470,S2022-470,S2022-470,ZTS,ZTS,Zoetis,Zoetis,cik:0001555280,0001555280,Health Care,Pharmaceuticals,0001555280-23-000074,zts-20221231.htm,10-K,2023-02-14,2022-12-31,2022,https://www.sec.gov/Archives/edgar/data/1555280/000155528023000074/zts-20221231.htm,2022/sp500_companies.csv,sample_2022,5,2022/sample_500/html/raw/0001555280/0001555280-23-000074.html,499
471,S2022-471,S2022-471,EBAY,EBAY,eBay Inc.,eBay Inc.,cik:0001065088,0001065088,Consumer Discretionary,Broadline Retail,0001065088-23-000006,ebay-20221231.htm,10-K,2023-02-23,2022-12-31,2022,https://www.sec.gov/Archives/edgar/data/1065088/000106508823000006/ebay-20221231.htm,2022/sp500_companies.csv,sample_2022,5,2022/sample_500/html/raw/0001065088/0001065088-23-000006.html,500
