company_id,cik,ticker,company_name,accession_number,report_year,filing_date,parser_version,language_measurement_version,report_concreteness_mean,report_concreteness_median,report_concreteness_standard_deviation,report_concreteness_min,report_concreteness_max,report_concreteness_matched_token_count,report_concreteness_eligible_token_count,report_concreteness_unmatched_token_count,report_concreteness_coverage,report_concreteness_unique_dictionary_entries,report_concreteness_stem_collision_count,report_concreteness_status
P2025-001,0001754301,FOXA|FOX,Fox Corporation (Class A)|Fox Corporation (Class B),0001628280-25-038077,2025,2025-08-06,1.0.3,0.3.0,2.989241667571382,2.89,0.8797254060437638,1.26,5.0,18422,24747,6325,0.7444134642582939,2086,4265,warning_stem_collisions
P2025-002,0001973266,TKO,TKO Group Holdings,0001193125-26-071651,2025,2026-02-25,1.0.3,0.3.0,2.8693015604854843,2.79,0.7924727298135379,1.19,5.0,44986,62311,17325,0.7219592046348157,2578,10915,warning_stem_collisions
P2025-003,0001335258,LYV,Live Nation Entertainment,0001335258-26-000009,2025,2026-02-19,1.0.3,0.3.0,2.896402291600967,2.82,0.8041924087546111,1.19,5.0,19026,25348,6322,0.750591762663721,2118,4942,warning_stem_collisions
P2025-004,0001744489,DIS,Walt Disney Company (The),0001744489-25-000155,2025,2025-11-13,1.0.3,0.3.0,2.9865191213133264,2.89,0.8506340558404125,1.26,5.0,21259,29686,8427,0.7161288149295965,2159,5644,warning_stem_collisions
P2025-005,0001065088,EBAY,eBay Inc.,0001065088-26-000027,2025,2026-02-19,1.0.3,0.3.0,2.8618023023023023,2.74,0.8226869597778327,1.19,5.0,19980,26297,6317,0.7597824846940716,2189,4925,warning_stem_collisions
P2025-006,0000815097,CCL,Carnival Corporation,0000815097-26-000007,2025,2026-01-27,1.0.3,0.3.0,2.9701923450553718,2.86,0.8626306012550012,1.19,5.0,15441,20670,5229,0.7470246734397678,2164,3720,warning_stem_collisions
P2025-007,0001121788,GRMN,Garmin,0001193125-26-056028,2025,2026-02-18,1.0.3,0.3.0,2.9143742903687615,2.86,0.8279006130533196,1.26,5.0,20257,27894,7637,0.7262135226213523,2029,5216,warning_stem_collisions
P2025-008,0001403568,ULTA,Ulta Beauty,0001558370-25-003810,2025,2025-03-27,1.0.3,0.3.0,2.958506933035421,2.87,0.8531149422287193,1.23,5.0,15217,19666,4449,0.7737719922709244,1922,3294,warning_stem_collisions
P2025-009,0001286681,DPZ,Domino's,0001193125-26-062321,2025,2026-02-23,1.0.3,0.3.0,2.947210227492179,2.87,0.8410117115005868,1.19,5.0,25891,34119,8228,0.7588440458395616,2050,5608,warning_stem_collisions
P2025-010,0000109198,TJX,TJX Companies,0000109198-25-000010,2025,2025-04-02,1.0.3,0.3.0,2.892630225080386,2.82,0.8277307780319507,1.26,5.0,13995,18687,4692,0.7489163589661262,1853,3452,warning_stem_collisions
P2025-011,0000906163,NVR,"NVR, Inc.",0000906163-26-000018,2025,2026-02-11,1.0.3,0.3.0,2.8994311541271,2.85,0.8009512672071063,1.19,4.96,10952,14421,3469,0.759448027182581,1381,2644,warning_stem_collisions
P2025-012,0001792789,DASH,DoorDash,0001792789-26-000013,2025,2026-02-18,1.0.3,0.3.0,2.8412292719446004,2.74,0.8164327447825144,1.19,5.0,26715,35596,8881,0.7505056747949208,2384,6682,warning_stem_collisions
P2025-013,0001513761,NCLH,Norwegian Cruise Line Holdings,0001104659-26-022067,2025,2026-03-02,1.0.3,0.3.0,2.90878105165819,2.81,0.8268967926426737,1.19,5.0,23791,31747,7956,0.7493936434938734,2349,5650,warning_stem_collisions
P2025-014,0000037996,F,Ford Motor Company,0000037996-26-000015,2025,2026-02-11,1.0.3,0.3.0,2.9475962803218008,2.82,0.8435046631290389,1.26,5.0,32691,43339,10648,0.754309051893214,2548,7806,warning_stem_collisions
P2025-015,0000313927,CHD,Church & Dwight,0001193125-26-048139,2025,2026-02-12,1.0.3,0.3.0,2.966980233842404,2.86,0.8517234836884495,1.19,5.0,26257,35423,9166,0.7412415662140417,2336,6590,warning_stem_collisions
P2025-016,0000040704,GIS,General Mills,0001193125-25-147079,2025,2025-06-26,1.0.3,0.3.0,2.9541857998029855,2.83,0.8537201696640113,1.26,5.0,13197,17408,4211,0.7580997242647058,1252,2856,warning_stem_collisions
P2025-017,0000021665,CL,Colgate-Palmolive,0000021665-26-000006,2025,2026-02-23,1.0.3,0.3.0,2.9233995546179092,2.82,0.8341062411404272,1.26,5.0,17064,22784,5720,0.7489466292134831,1845,4100,warning_stem_collisions
P2025-018,0000016918,STZ,Constellation Brands,0000016918-25-000022,2025,2025-04-23,1.0.3,0.3.0,2.9163625316990704,2.76,0.8593606163111184,1.04,5.0,18928,24873,5945,0.760985807904153,2027,4490,warning_stem_collisions
P2025-019,0000091419,SJM,J.M. Smucker Company (The),0000091419-25-000056,2025,2025-06-18,1.0.3,0.3.0,2.931613388869373,2.82,0.8556940143391998,1.19,5.0,19927,26110,6183,0.7631941784756798,2098,4681,warning_stem_collisions
P2025-020,0000100493,TSN,Tyson Foods,0000100493-25-000095,2025,2025-11-10,1.0.3,0.3.0,2.923529113223217,2.81,0.8688256512550413,1.26,5.0,21674,28194,6520,0.7687451230758318,2140,5045,warning_stem_collisions
P2025-021,0000104169,WMT,Walmart,0000104169-25-000021,2025,2025-03-14,1.0.3,0.3.0,2.91582444228904,2.83,0.8352958506425793,1.26,5.0,18558,24884,6326,0.7457804211541553,2262,4680,warning_stem_collisions
P2025-022,0000034088,XOM,ExxonMobil,0000034088-26-000045,2025,2026-02-18,1.0.3,0.3.0,2.937022717736618,2.81,0.8239157727867362,1.26,5.0,16683,22962,6279,0.7265482100862294,2003,4587,warning_stem_collisions
P2025-023,0001539838,FANG,Diamondback Energy,0001539838-26-000010,2025,2026-02-25,1.0.3,0.3.0,2.944209723207949,2.81,0.8779974209957709,1.19,5.0,28180,37131,8951,0.7589345829630229,2401,6528,warning_stem_collisions
P2025-024,0000045012,HAL,Halliburton,0000045012-26-000015,2025,2026-02-06,1.0.3,0.3.0,2.910936844558378,2.81,0.8206384630985831,1.19,5.0,12873,17038,4165,0.7555464256368118,1826,3164,warning_stem_collisions
P2025-025,0000093410,CVX,Chevron Corporation,0000093410-26-000078,2025,2026-02-24,1.0.3,0.3.0,3.011827587947307,2.87,0.8856200397714702,1.19,5.0,19813,28433,8620,0.6968311469067633,2183,5268,warning_stem_collisions
P2025-026,0001140536,WTW,Willis Towers Watson,0001193125-26-069307,2025,2026-02-25,1.0.3,0.3.0,2.8408289224726366,2.76,0.7868076850294503,1.19,5.0,41753,55556,13803,0.7515479876160991,2483,9985,warning_stem_collisions
P2025-027,0001141391,MA,Mastercard,0001141391-26-000013,2025,2026-02-11,1.0.3,0.3.0,2.8933591426278267,2.8,0.8071349682347804,1.26,5.0,21181,28262,7081,0.7494515603991225,2121,5402,warning_stem_collisions
P2025-028,0000093751,STT,State Street Corporation,0000093751-26-000124,2025,2026-02-19,1.0.3,0.3.0,2.853238288713149,2.72,0.8175455727828889,1.26,4.97,41349,54352,13003,0.7607631733882838,2555,9388,warning_stem_collisions
P2025-029,0000070858,BAC,Bank of America,0000070858-26-000157,2025,2026-02-25,1.0.3,0.3.0,2.843768508236165,2.72,0.7983682178098638,1.26,5.0,43224,57829,14605,0.7474450535198602,2554,10563,warning_stem_collisions
P2025-030,0000038777,BEN,Franklin Resources,0000038777-25-000238,2025,2025-11-10,1.0.3,0.3.0,2.8482017807396076,2.75,0.7859615757454068,1.19,4.96,18307,24708,6401,0.7409341104095839,1953,4458,warning_stem_collisions
P2025-031,0001393818,BX,Blackstone Inc.,0001193125-26-082531,2025,2026-02-27,1.0.3,0.3.0,2.8847299158932715,2.8,0.8113901841179012,1.26,5.0,27584,37036,9452,0.7447888540879145,2190,6141,warning_stem_collisions
P2025-032,0001281761,RF,Regions Financial Corporation,0001281761-26-000019,2025,2026-02-24,1.0.3,0.3.0,2.8367379789300218,2.72,0.8038482810102087,1.19,5.0,33982,45824,11842,0.741576466480447,2674,9115,warning_stem_collisions
P2025-033,0000895421,MS,Morgan Stanley,0000895421-26-000086,2025,2026-02-19,1.0.3,0.3.0,2.8297542283298096,2.72,0.7955002666678312,1.19,5.0,37840,51007,13167,0.7418589605348286,2407,9261,warning_stem_collisions
P2025-034,0000004977,AFL,Aflac,0001628280-26-011402,2025,2026-02-25,1.0.3,0.3.0,2.9090272861125905,2.76,0.8417991323236851,1.19,5.0,31921,43539,11618,0.7331587771882679,2171,7519,warning_stem_collisions
P2025-035,0001136893,FIS,Fidelity National Information Services,0001136893-26-000013,2025,2026-02-24,1.0.3,0.3.0,2.837450876025726,2.72,0.7918878684375337,1.19,5.0,22545,30078,7533,0.7495511669658886,2176,5540,warning_stem_collisions
P2025-036,0000036270,MTB,M&T Bank,0000036270-26-000010,2025,2026-02-18,1.0.3,0.3.0,2.8599510441367704,2.74,0.8043889859293718,1.19,5.0,26146,35333,9187,0.7399881130954066,2265,6620,warning_stem_collisions
P2025-037,0001512673,XYZ,"Block, Inc.",0001628280-26-012254,2025,2026-02-26,1.0.3,0.3.0,2.930843018387648,2.85,0.8386967715149454,1.19,5.0,29857,39658,9801,0.7528619698421504,2485,7390,warning_stem_collisions
P2025-038,0002012383,BLK,BlackRock,0001193125-26-071966,2025,2026-02-25,1.0.3,0.3.0,2.88383507349444,2.77,0.7955256946024173,1.26,4.97,44153,61435,17282,0.7186945552209653,2280,10376,warning_stem_collisions
P2025-039,0000072971,WFC,Wells Fargo,0000072971-26-000133,2025,2026-02-24,1.0.3,0.3.0,2.9493182445487163,2.83,0.805850333598741,1.26,4.96,3623,5012,1389,0.7228651237031125,910,926,warning_stem_collisions
P2025-040,0000315293,AON,Aon plc,0001628280-26-008116,2025,2026-02-13,1.0.3,0.3.0,2.8336794919686215,2.75,0.7748737487400165,1.19,4.97,21416,28498,7082,0.7514913327251035,2103,5199,warning_stem_collisions
P2025-041,0001035267,ISRG,Intuitive Surgical,0001035267-26-000010,2025,2026-02-03,1.0.3,0.3.0,2.867557146967614,2.82,0.8112971293659238,1.19,5.0,31279,43903,12624,0.7124570074937931,2954,8598,warning_stem_collisions
P2025-042,0000313616,DHR,Danaher Corporation,0000313616-26-000062,2025,2026-02-24,1.0.3,0.3.0,2.8615065698196362,2.76,0.7928496605550882,1.04,5.0,24506,33602,9096,0.7293018272721862,2324,6543,warning_stem_collisions
P2025-043,0000860730,HCA,HCA Healthcare,0001193125-26-044769,2025,2026-02-10,1.0.3,0.3.0,2.8228792671675236,2.72,0.7635469044969715,1.26,5.0,30348,41031,10683,0.7396358850625137,2266,8047,warning_stem_collisions
P2025-044,0000872589,REGN,Regeneron Pharmaceuticals,0000872589-26-000008,2025,2026-02-04,1.0.3,0.3.0,2.8630618009264492,2.74,0.8043034151142022,1.04,5.0,26553,37467,10914,0.7087036592201137,2557,7407,warning_stem_collisions
P2025-045,0001071739,CNC,Centene Corporation,0001071739-26-000049,2025,2026-02-17,1.0.3,0.3.0,2.8208753337108647,2.74,0.7662536359772987,1.25,5.0,24722,33203,8481,0.7445712736800891,2267,6076,warning_stem_collisions
P2025-046,0001000228,HSIC,Henry Schein,0001000228-26-000013,2025,2026-02-24,1.0.3,0.3.0,2.916125455147302,2.89,0.7664205810427822,1.26,4.96,18126,23893,5767,0.758632235382748,1598,3718,warning_stem_collisions
P2025-047,0001000697,WAT,Waters Corporation,0001193125-26-062604,2025,2026-02-23,1.0.3,0.3.0,2.900283233315148,2.85,0.7993005823599294,1.26,5.0,21996,29849,7853,0.7369091091828872,2190,5445,warning_stem_collisions
P2025-048,0000731766,UNH,UnitedHealth Group,0000731766-26-000062,2025,2026-03-02,1.0.3,0.3.0,2.835720159402872,2.72,0.7920900395655782,1.26,4.96,15809,21806,5997,0.7249839493717326,1888,4519,warning_stem_collisions
P2025-049,0001555280,ZTS,Zoetis,0001555280-26-000011,2025,2026-02-12,1.0.3,0.3.0,2.8927614314115306,2.8,0.831294339610901,1.04,5.0,25150,34121,8971,0.7370827349725976,2507,6679,warning_stem_collisions
P2025-050,0000010456,BAX,Baxter International,0001628280-26-007733,2025,2026-02-12,1.0.3,0.3.0,2.8596119853416684,2.74,0.8153072865206582,1.26,5.0,23195,31400,8205,0.7386942675159236,2181,6226,warning_stem_collisions
P2025-051,0000842023,TECH,Bio-Techne,0001558370-25-011716,2025,2025-08-22,1.0.3,0.3.0,2.8676176831764226,2.79,0.7960780180183581,1.19,5.0,19544,25830,6286,0.756639566395664,2040,4740,warning_stem_collisions
P2025-052,0001093557,DXCM,Dexcom,0001093557-26-000027,2025,2026-02-12,1.0.3,0.3.0,2.83660879589199,2.72,0.8044428623504852,1.19,5.0,28627,38101,9474,0.7513451090522558,2803,7020,warning_stem_collisions
P2025-053,0000936468,LMT,Lockheed Martin,0001628280-26-004195,2025,2026-01-29,1.0.3,0.3.0,2.8653284671532844,2.81,0.7848007891271397,1.26,5.0,22468,29990,7522,0.7491830610203402,2147,5683,warning_stem_collisions
P2025-054,0000702165,NSC,Norfolk Southern,0001628280-26-006268,2025,2026-02-09,1.0.3,0.3.0,2.901428166820081,2.8,0.8248552081513745,1.19,5.0,14123,18453,4330,0.7653498076193573,1962,3241,warning_stem_collisions
P2025-055,0000052988,J,Jacobs Solutions,0001628280-25-053316,2025,2025-11-20,1.0.3,0.3.0,2.840959435480543,2.74,0.792941241226826,1.26,5.0,24233,32351,8118,0.7490649438966338,2419,6015,warning_stem_collisions
P2025-056,0000105634,EME,Emcor,0000105634-26-000025,2025,2026-02-26,1.0.3,0.3.0,2.870127557799628,2.8,0.7842920030149222,1.29,5.0,18815,24557,5742,0.7661766502422934,2091,4717,warning_stem_collisions
P2025-057,0000076334,PH,Parker Hannifin,0000076334-25-000035,2025,2025-08-22,1.0.3,0.3.0,2.8914147334147335,2.82,0.7961703417099759,1.26,5.0,12285,16170,3885,0.7597402597402597,1711,2912,warning_stem_collisions
P2025-058,0000900075,CPRT,Copart,0001628280-25-042946,2025,2025-09-26,1.0.3,0.3.0,2.957961533749847,2.86,0.8501295186304527,1.26,5.0,16326,21130,4804,0.7726455276857549,2042,3559,warning_stem_collisions
P2025-060,0001090727,UPS,United Parcel Service,0001628280-26-008432,2025,2026-02-17,1.0.3,0.3.0,2.8925959952885747,2.79,0.8001807381424585,1.19,5.0,21225,28258,7033,0.7511147285724397,2027,5351,warning_stem_collisions
P2025-061,0001048911,FDX,FedEx,0001048911-25-000011,2025,2025-07-21,1.0.3,0.3.0,2.924013094919018,2.82,0.8250394709084757,1.19,5.0,26117,35302,9185,0.7398164409948444,2633,6293,warning_stem_collisions
P2025-062,0001067701,URI,United Rentals,0001067701-26-000007,2025,2026-01-28,1.0.3,0.3.0,2.8682279006959592,2.72,0.8132078250083504,1.26,5.0,19254,25079,5825,0.7677339606842378,1934,4453,warning_stem_collisions
P2025-063,0001316835,BLDR,Builders FirstSource,0001193125-26-054643,2025,2026-02-17,1.0.3,0.3.0,2.905746978539589,2.82,0.8267970037238027,1.19,5.0,21761,28871,7110,0.7537321187350629,2043,5431,warning_stem_collisions
P2025-064,0000040545,GE,GE Aerospace,0000040545-26-000008,2025,2026-01-29,1.0.3,0.3.0,2.852058950784208,2.79,0.7878387135712508,1.04,5.0,18490,24827,6337,0.7447536955733677,2023,4750,warning_stem_collisions
P2025-065,0001035983,FIX,Comfort Systems USA,0001104659-26-017530,2025,2026-02-19,1.0.3,0.3.0,2.8433426347481277,2.76,0.7828008843261838,1.19,5.0,20427,26764,6337,0.76322672246301,2023,5017,warning_stem_collisions
P2025-066,0000062996,MAS,Masco,0000062996-26-000005,2025,2026-02-10,1.0.3,0.3.0,2.8755973726255992,2.79,0.803478017338382,1.3,5.0,11266,14816,3550,0.7603941684665226,1550,2739,warning_stem_collisions
P2025-067,0001474735,GNRC,Generac,0001437749-26-004568,2025,2026-02-18,1.0.3,0.3.0,2.903763220913989,2.83,0.8061005806293176,1.19,5.0,20044,26342,6298,0.7609141295269911,2191,4609,warning_stem_collisions
P2025-068,0000092380,LUV,Southwest Airlines,0000092380-26-000004,2025,2026-02-05,1.0.3,0.3.0,2.9957681038091253,2.89,0.8480403214793651,1.19,5.0,28668,38658,9990,0.7415800093124321,2630,6832,warning_stem_collisions
P2025-069,0001535527,CRWD,CrowdStrike,0001535527-25-000009,2025,2025-03-10,1.0.3,0.3.0,2.849016227180527,2.76,0.8083267993339347,1.19,5.0,26622,35339,8717,0.7533320127904015,2561,6588,warning_stem_collisions
P2025-070,0000864749,TRMB,Trimble Inc.,0000864749-25-000090,2025,2025-04-25,1.0.3,0.3.0,2.8879734513274333,2.81,0.8031058952225327,1.17,5.0,15820,21382,5562,0.739874660929754,2138,4017,warning_stem_collisions
P2025-071,0000050863,INTC,Intel,0000050863-26-000011,2025,2026-01-23,1.0.3,0.3.0,2.8851112592716057,2.81,0.8037447579976743,1.26,5.0,23998,33252,9254,0.7217009503187778,2416,6188,warning_stem_collisions
P2025-072,0001561550,DDOG,Datadog,0001628280-26-008819,2025,2026-02-18,1.0.3,0.3.0,2.8432055267702934,2.75,0.8004319882571935,1.26,5.0,20265,27111,6846,0.7474825716498839,2206,5427,warning_stem_collisions
P2025-073,0000820313,APH,Amphenol,0001104659-26-013549,2025,2026-02-11,1.0.3,0.3.0,2.933879234813084,2.85,0.8155182793652475,1.19,5.0,27392,36205,8813,0.756580582792432,1909,6640,warning_stem_collisions
P2025-074,0001645590,HPE,Hewlett Packard Enterprise,0001645590-25-000130,2025,2025-12-18,1.0.3,0.3.0,2.868895673678747,2.75,0.8114690007991621,1.19,5.0,32753,44348,11595,0.7385451429602237,2610,8274,warning_stem_collisions
P2025-075,0000319201,KLAC,KLA Corporation,0000319201-25-000024,2025,2025-08-08,1.0.3,0.3.0,2.8448113333037734,2.74,0.7969472254540318,1.26,5.0,22553,30163,7610,0.7477041408347976,2274,5932,warning_stem_collisions
P2025-076,0000068505,MSI,Motorola Solutions,0000068505-26-000010,2025,2026-02-12,1.0.3,0.3.0,2.9163858341936355,2.83,0.8040380601563879,1.26,5.0,22279,29671,7392,0.7508678507633716,2187,5468,warning_stem_collisions
P2025-077,0001045810,NVDA,Nvidia,0001045810-25-000023,2025,2025-02-26,1.0.3,0.3.0,2.895391969407266,2.82,0.8113735698161504,1.19,5.0,18305,24946,6641,0.7337849755471819,2228,4651,warning_stem_collisions
P2025-078,0001601046,KEYS,Keysight Technologies,0001601046-25-000127,2025,2025-12-17,1.0.3,0.3.0,2.857517256162915,2.76,0.7851265263316474,1.19,4.97,23325,31219,7894,0.7471411640347224,2163,5907,warning_stem_collisions
P2025-079,0001327811,WDAY,"Workday, Inc.",0001327811-25-000056,2025,2025-03-11,1.0.3,0.3.0,2.841038897629252,2.74,0.7909623300359903,1.19,5.0,18433,24113,5680,0.7644424169535106,2099,4541,warning_stem_collisions
P2025-080,0001137789,STX,Seagate Technology,0001137789-25-000157,2025,2025-08-01,1.0.3,0.3.0,2.895298652262835,2.82,0.8139771839267971,1.04,5.0,19069,25397,6328,0.7508367129975981,2211,4673,warning_stem_collisions
P2025-081,0001262039,FTNT,Fortinet,0001262039-26-000007,2025,2026-02-25,1.0.3,0.3.0,2.852980772806724,2.78,0.7868506058800496,1.26,5.0,26889,36356,9467,0.7396028165914842,2383,7183,warning_stem_collisions
P2025-082,0001467373,ACN,Accenture,0001467373-25-000217,2025,2025-10-10,1.0.3,0.3.0,2.831090743550835,2.72,0.8043122208881378,1.19,5.0,16475,21835,5360,0.7545225555301122,2025,4056,warning_stem_collisions
P2025-083,0000916076,MLM,Martin Marietta Materials,0001193125-26-059193,2025,2026-02-19,1.0.3,0.3.0,2.9950356004611107,2.9,0.860304996384862,1.26,5.0,29494,40835,11341,0.722272560303661,2377,7687,warning_stem_collisions
P2025-084,0000079879,PPG,PPG Industries,0000079879-26-000046,2025,2026-02-19,1.0.3,0.3.0,2.905884556216975,2.85,0.8071343010909611,1.26,5.0,14951,20317,5366,0.7358862036718019,1817,3804,warning_stem_collisions
P2025-085,0001396009,VMC,Vulcan Materials Company,0001628280-26-009546,2025,2026-02-19,1.0.3,0.3.0,2.964542657615862,2.89,0.8441561881373785,1.19,5.0,20477,27820,7343,0.7360531991373113,2357,5086,warning_stem_collisions
P2025-086,0000009389,BALL,Ball Corporation,0001104659-26-017410,2025,2026-02-19,1.0.3,0.3.0,2.9796803950295727,2.87,0.8670696005503427,1.19,5.0,18429,24387,5958,0.7556895067043917,1728,4342,warning_stem_collisions
P2025-087,0000849395,CRH,CRH plc,0001628280-26-009043,2025,2026-02-18,1.0.3,0.3.0,2.9209935344827587,2.83,0.8197559784364705,1.26,5.0,18560,25788,7228,0.7197145959360943,2117,4852,warning_stem_collisions
P2025-088,0000034903,FRT,Federal Realty Investment Trust,0000034903-26-000017,2025,2026-02-12,1.0.3,0.3.0,2.8539545856679447,2.74,0.7903488229076331,1.19,5.0,16955,21760,4805,0.7791819852941176,1740,3664,warning_stem_collisions
P2025-089,0001289490,EXR,Extra Space Storage,0001289490-26-000011,2025,2026-02-20,1.0.3,0.3.0,2.882163160094747,2.76,0.814243513468322,1.19,5.0,14354,18766,4412,0.7648939571565597,1752,3208,warning_stem_collisions
P2025-090,0001297996,DLR,Digital Realty,0001104659-26-015365,2025,2026-02-13,1.0.3,0.3.0,2.880496287731256,2.8,0.7842562521022,1.19,5.0,32864,42251,9387,0.7778277437220421,2183,6987,warning_stem_collisions
P2025-091,0000920522,ESS,Essex Property Trust,0000920522-26-000003,2025,2026-02-20,1.0.3,0.3.0,2.9010326086956524,2.82,0.8086862487982762,1.19,5.0,20424,27428,7004,0.744640513344028,1949,4830,warning_stem_collisions
P2025-092,0001705696,VICI,Vici Properties,0001705696-26-000034,2025,2026-02-25,1.0.3,0.3.0,2.864444444444444,2.74,0.8114102398468642,1.19,5.0,24327,32928,8601,0.7387937317784257,2093,5545,warning_stem_collisions
P2025-093,0000074208,UDR,"UDR, Inc.",0000074208-26-000013,2025,2026-02-17,1.0.3,0.3.0,2.8808320638375045,2.82,0.8008215656404124,1.26,5.0,27570,36466,8896,0.7560467284593868,1926,6063,warning_stem_collisions
P2025-094,0001687229,INVH,Invitation Homes,0001687229-26-000016,2025,2026-02-19,1.0.3,0.3.0,2.8214410607606,2.72,0.787466172071129,1.19,5.0,27452,36863,9411,0.7447033610937797,2499,7321,warning_stem_collisions
P2025-095,0001004980,PCG,PG&E Corporation,0001004980-26-000009,2025,2026-02-12,1.0.3,0.3.0,2.907299752550761,2.83,0.7930712395875416,1.26,5.0,29501,40747,11246,0.7240042211696567,2353,7009,warning_stem_collisions
P2025-096,0000715957,D,Dominion Energy,0001193125-26-063120,2025,2026-02-23,1.0.3,0.3.0,2.8756694692667755,2.82,0.7832582223952045,1.19,5.0,68151,92607,24456,0.7359162914250542,2325,15835,warning_stem_collisions
P2025-097,0000764622,PNW,Pinnacle West Capital,0000764622-26-000011,2025,2026-02-25,1.0.3,0.3.0,2.9385078483302114,2.82,0.8348137128905176,1.26,5.0,30962,42287,11325,0.7321871970109017,2414,7461,warning_stem_collisions
P2025-098,0000065984,ETR,Entergy,0000065984-26-000174,2025,2026-02-19,1.0.3,0.3.0,2.945795939603729,2.9,0.7782935323852375,1.17,5.0,94178,132589,38411,0.7103002511520563,3058,19918,warning_stem_collisions
P2025-099,0001013871,NRG,NRG Energy,0001013871-26-000004,2025,2026-02-24,1.0.3,0.3.0,2.9057422998302327,2.82,0.8247278839534196,1.26,5.0,28863,40042,11179,0.7208181409520004,2502,7103,warning_stem_collisions
P2025-100,0000788784,PEG,Public Service Enterprise Group,0001193125-26-077446,2025,2026-02-26,1.0.3,0.3.0,2.8816908290501764,2.81,0.7966201242130219,1.19,5.0,43387,61205,17818,0.7088799934645862,2321,10365,warning_stem_collisions
P2025-R001,0000049826,ITW,Illinois Tool Works,0000049826-26-000008,2025,2026-02-13,1.0.3,0.3.0,2.9871674392470853,2.9,0.8368597809287678,1.3,5.0,14238,18895,4657,0.7535326806033342,1544,3272,warning_stem_collisions
S2025-101,0000029989,OMC,Omnicom Group,0000029989-26-000006,2025,2026-02-20,1.0.3,0.3.0,2.86488917788081,2.75,0.7887197749867813,1.19,5.0,17686,23796,6110,0.7432341570011767,1675,4403,warning_stem_collisions
S2025-102,0000712515,EA,Electronic Arts,0000712515-25-000022,2025,2025-05-13,1.0.3,0.3.0,2.8826427151377447,2.82,0.8108056991165421,1.26,5.0,14084,18637,4553,0.7557010248430541,1717,3558,warning_stem_collisions
S2025-103,0001437107,WBD,Warner Bros. Discovery,0001437107-26-000020,2025,2026-02-27,1.0.3,0.3.0,2.900857153775604,2.79,0.8228153790766015,1.19,5.0,26168,35092,8924,0.7456970249629545,2371,6310,warning_stem_collisions
S2025-104,0001326801,META,Meta Platforms,0001628280-26-003942,2025,2026-01-29,1.0.3,0.3.0,2.86791229742612,2.81,0.8100654086859097,1.19,5.0,27274,36798,9524,0.7411815859557584,2301,7222,warning_stem_collisions
S2025-105,0000732717,T,AT&T,0000732717-26-000120,2025,2026-02-09,1.0.3,0.3.0,2.898506077078116,2.81,0.8069484575524999,1.26,4.96,16373,22018,5645,0.7436188572985739,1950,4237,warning_stem_collisions
S2025-106,0001564708,NWSA|NWS,News Corp (Class A)|News Corp (Class B),0001564708-25-000419,2025,2025-08-06,1.0.3,0.3.0,2.9381438385573206,2.86,0.836699522496795,1.19,5.0,23290,32027,8737,0.7271989259062666,2233,5910,warning_stem_collisions
S2025-107,0001652044,GOOGL|GOOG,Alphabet Inc. (Class A)|Alphabet Inc. (Class C),0001652044-26-000018,2025,2026-02-05,1.0.3,0.3.0,2.895969566231343,2.82,0.8189189353783278,1.23,5.0,17152,22815,5663,0.7517861056322594,2068,4405,warning_stem_collisions
S2025-108,0000732712,VZ,Verizon,0000732712-26-000007,2025,2026-02-17,1.0.3,0.3.0,2.903451857770675,2.85,0.7817182820139522,1.26,5.0,22527,29972,7445,0.7516014947284132,1983,5637,warning_stem_collisions
S2025-109,0000060667,LOW,Lowe's,0000060667-25-000049,2025,2025-03-24,1.0.3,0.3.0,2.905672328116888,2.82,0.8229122322833132,1.23,5.0,13483,17853,4370,0.7552232117851342,2007,3293,warning_stem_collisions
S2025-110,0000866787,AZO,AutoZone,0001104659-25-102611,2025,2025-10-27,1.0.3,0.3.0,2.934639157155399,2.86,0.8242399111323918,1.19,5.0,17085,22627,5542,0.7550713749060857,1831,4062,warning_stem_collisions
S2025-111,0000719955,WSM,"Williams-Sonoma, Inc.",0001628280-25-015037,2025,2025-03-27,1.0.3,0.3.0,2.8905592279217345,2.82,0.8281055784640475,1.19,5.0,15128,19848,4720,0.762192664248287,1934,3673,warning_stem_collisions
S2025-112,0000884887,RCL,Royal Caribbean Group,0000884887-26-000007,2025,2026-02-11,1.0.3,0.3.0,2.9347923439717936,2.82,0.8350172424541584,1.26,5.0,21839,28869,7030,0.7564861962658908,2241,5127,warning_stem_collisions
S2025-113,0001058090,CMG,Chipotle Mexican Grill,0001058090-26-000009,2025,2026-02-04,1.0.3,0.3.0,2.9378395609716725,2.83,0.8764787872885456,1.26,5.0,12391,15970,3579,0.7758922980588604,1943,2732,warning_stem_collisions
S2025-114,0001467858,GM,General Motors,0001467858-26-000013,2025,2026-01-27,1.0.3,0.3.0,2.916360917693269,2.81,0.840716456495447,1.26,5.0,22404,30003,7599,0.7467253274672533,2215,5406,warning_stem_collisions
S2025-115,0000829224,SBUX,Starbucks,0000829224-25-000114,2025,2025-11-14,1.0.3,0.3.0,2.9094341835238935,2.79,0.8656916591134033,1.19,5.0,17055,22354,5299,0.7629507023351525,2043,3971,warning_stem_collisions
S2025-116,0000745732,ROST,Ross Stores,0000745732-25-000010,2025,2025-04-01,1.0.3,0.3.0,2.9774192549788463,2.87,0.869124500361114,1.19,5.0,9691,12631,2940,0.7672393318027076,1538,2178,warning_stem_collisions
S2025-117,0001116132,TPR,"Tapestry, Inc.",0001116132-25-000019,2025,2025-08-14,1.0.3,0.3.0,2.891896669263732,2.81,0.8247500248340582,1.26,5.0,20536,27368,6832,0.7503653902367728,2193,4867,warning_stem_collisions
S2025-118,0000920760,LEN,Lennar,0001628280-26-003870,2025,2026-01-28,1.0.3,0.3.0,2.91706920483839,2.81,0.8085943317552508,1.19,5.0,20172,27437,7265,0.7352115756095783,1954,5167,warning_stem_collisions
S2025-119,0001397187,LULU,Lululemon Athletica,0001397187-25-000013,2025,2025-03-27,1.0.3,0.3.0,2.937096962996683,2.85,0.8447799233182911,1.26,5.0,15377,20204,4827,0.7610869134824787,2004,3611,warning_stem_collisions
S2025-120,0001041061,YUM,Yum! Brands,0001041061-26-000084,2025,2026-02-20,1.0.3,0.3.0,2.9494173143667206,2.85,0.8816772960095086,1.19,5.0,20457,26993,6536,0.7578631497054792,2175,4645,warning_stem_collisions
S2025-121,0001174922,WYNN,Wynn Resorts,0001174922-26-000013,2025,2026-03-02,1.0.3,0.3.0,2.964938201717143,2.87,0.8549369640083344,1.17,5.0,21198,29387,8189,0.7213393677476435,2195,4795,warning_stem_collisions
S2025-122,0001018724,AMZN,Amazon,0001018724-26-000004,2025,2026-02-06,1.0.3,0.3.0,2.914296705602574,2.85,0.8070371210134205,1.19,5.0,14297,19007,4710,0.7521965591624139,1730,3761,warning_stem_collisions
S2025-123,0000789570,MGM,MGM Resorts,0000789570-26-000018,2025,2026-02-11,1.0.3,0.3.0,2.927434438664933,2.82,0.8497799576435016,1.26,5.0,18456,25171,6715,0.7332247427595249,2184,4473,warning_stem_collisions
S2025-124,0000320187,NKE,"Nike, Inc.",0000320187-25-000047,2025,2025-07-17,1.0.3,0.3.0,2.8725908372827806,2.75,0.8228256057241091,1.19,5.0,18357,24409,6052,0.7520586668851653,2076,4692,warning_stem_collisions
S2025-125,0001559720,ABNB,Airbnb,0001559720-26-000004,2025,2026-02-12,1.0.3,0.3.0,2.853288316303865,2.74,0.820748193157695,1.19,5.0,22510,30170,7660,0.7461054027179317,2277,5890,warning_stem_collisions
S2025-126,0001585689,HLT,Hilton Worldwide,0001585689-26-000007,2025,2026-02-11,1.0.3,0.3.0,2.883825854912038,2.75,0.8330313164937888,1.26,5.0,20236,26657,6421,0.7591251828787936,2121,4998,warning_stem_collisions
S2025-127,0001075531,BKNG,Booking Holdings,0001075531-26-000009,2025,2026-02-18,1.0.3,0.3.0,2.8852423768569198,2.79,0.8137229885491752,1.23,5.0,17906,23936,6030,0.7480782085561497,1990,4653,warning_stem_collisions
S2025-128,0000077476,PEP,PepsiCo,0000077476-26-000007,2025,2026-02-03,1.0.3,0.3.0,2.909963187090267,2.79,0.8445455701302059,1.19,5.0,19830,26826,6996,0.7392082308208454,2155,5067,warning_stem_collisions
S2025-129,0001413329,PM,Philip Morris International,0001628280-26-005939,2025,2026-02-06,1.0.3,0.3.0,2.9207056649762158,2.81,0.843375477789744,1.26,5.0,25437,36429,10992,0.6982623733838426,2450,6533,warning_stem_collisions
S2025-130,0000056873,KR,Kroger,0001558370-25-004267,2025,2025-04-01,1.0.3,0.3.0,2.918133650840899,2.8,0.8346171939237447,1.19,5.0,20157,26955,6798,0.7478018920422927,1910,4963,warning_stem_collisions
S2025-131,0001103982,MDLZ,Mondelez International,0001628280-26-005345,2025,2026-02-04,1.0.3,0.3.0,2.900701635207919,2.81,0.8233164524059471,1.19,5.0,20609,27835,7226,0.7403987785162565,2192,5325,warning_stem_collisions
S2025-132,0001637459,KHC,Kraft Heinz,0001637459-26-000009,2025,2026-02-12,1.0.3,0.3.0,2.8806864978902955,2.76,0.8155220825442259,1.26,5.0,23700,32052,8352,0.7394234369150131,2169,6200,warning_stem_collisions
S2025-133,0001944048,KVUE,Kenvue,0001944048-26-000030,2025,2026-02-20,1.0.3,0.3.0,2.8386024215038814,2.74,0.8082685397141649,1.19,5.0,34524,46171,11647,0.7477420891901844,2531,8503,warning_stem_collisions
S2025-134,0001418135,KDP,Keurig Dr Pepper,0001418135-26-000016,2025,2026-02-24,1.0.3,0.3.0,2.8675967321571774,2.74,0.8284537274669456,1.26,5.0,19952,26561,6609,0.7511765370279734,2187,4692,warning_stem_collisions
S2025-135,0000935703,DLTR,Dollar Tree,0000935703-25-000015,2025,2025-03-26,1.0.3,0.3.0,2.9177080565285665,2.82,0.8671740746555076,1.26,5.0,16558,21598,5040,0.7666450597277525,1989,4094,warning_stem_collisions
S2025-136,0000096021,SYY,Sysco,0000096021-25-000099,2025,2025-08-22,1.0.3,0.3.0,2.8832291995371833,2.8,0.818817563907567,1.19,5.0,19014,25569,6555,0.7436348703508154,2169,4931,warning_stem_collisions
S2025-137,0000865752,MNST,Monster Beverage,0001104659-26-020831,2025,2026-02-27,1.0.3,0.3.0,3.0237069527076907,2.96,0.8716752958811365,1.26,5.0,23027,30889,7862,0.7454757356987924,2266,5486,warning_stem_collisions
S2025-138,0000007084,ADM,Archer Daniels Midland,0000007084-26-000011,2025,2026-02-17,1.0.3,0.3.0,2.9429531377819327,2.86,0.834276354493923,1.26,5.0,17114,23631,6517,0.7242181879734247,1954,4505,warning_stem_collisions
S2025-139,0000047111,HSY,Hershey Company (The),0001628280-26-008586,2025,2026-02-17,1.0.3,0.3.0,2.9396155853191863,2.83,0.8305689576275642,1.19,5.0,17247,22907,5660,0.7529139564325316,1964,4155,warning_stem_collisions
S2025-140,0000764180,MO,Altria,0000764180-26-000017,2025,2026-02-25,1.0.3,0.3.0,2.9117160092070797,2.81,0.8288405880295578,1.19,5.0,25198,35404,10206,0.7117274884193876,2204,6714,warning_stem_collisions
S2025-141,0001534701,PSX,Phillips 66,0001534701-26-000006,2025,2026-02-20,1.0.3,0.3.0,2.9355256521396487,2.86,0.8425799978600111,1.19,5.0,25378,34651,9273,0.7323886756514963,2259,6198,warning_stem_collisions
S2025-142,0000821189,EOG,EOG Resources,0000821189-26-000054,2025,2026-02-24,1.0.3,0.3.0,2.9337722593550275,2.81,0.8660625145504586,1.26,5.0,20497,28695,8198,0.7143056281582157,1961,5580,warning_stem_collisions
S2025-143,0000895126,EXE,Expand Energy,0000895126-26-000011,2025,2026-02-18,1.0.3,0.3.0,2.894380373621427,2.76,0.8371572274881102,1.26,5.0,22215,29488,7273,0.753357297883885,2313,5477,warning_stem_collisions
S2025-144,0000087347,SLB,Schlumberger,0001193125-26-021017,2025,2026-01-23,1.0.3,0.3.0,2.915227081902145,2.85,0.8126906579981001,1.3,5.0,13101,18512,5411,0.7077031114952463,1613,3612,warning_stem_collisions
S2025-145,0000033213,EQT,EQT Corporation,0000033213-26-000018,2025,2026-02-18,1.0.3,0.3.0,2.9071854695806265,2.81,0.8391078585916494,1.26,5.0,30474,41599,11125,0.7325656866751604,2529,7706,warning_stem_collisions
S2025-146,0001035002,VLO,Valero Energy,0001628280-26-011499,2025,2026-02-25,1.0.3,0.3.0,2.9426758014477765,2.815,0.8549178866595663,1.26,5.0,19340,26582,7242,0.7275600030095554,2099,5073,warning_stem_collisions
S2025-147,0001811074,TPL,Texas Pacific Land Corporation,0001811074-26-000018,2025,2026-02-18,1.0.3,0.3.0,3.0127197409770496,2.9,0.8777684338721142,1.19,5.0,21002,27993,6991,0.7502589933197585,2095,4378,warning_stem_collisions
S2025-148,0001841666,APA,APA Corporation,0001841666-26-000015,2025,2026-02-26,1.0.3,0.3.0,2.951387223763085,2.82,0.8483004202713897,1.04,5.0,22354,30954,8600,0.7221683788847968,2166,5625,warning_stem_collisions
S2025-149,0001701605,BKR,Baker Hughes,0001701605-26-000007,2025,2026-02-05,1.0.3,0.3.0,2.9048299075025694,2.82,0.8383000691948058,1.26,5.0,19460,26229,6769,0.7419268748331999,2400,4923,warning_stem_collisions
S2025-150,0001404912,KKR,KKR & Co.,0001404912-26-000007,2025,2026-02-27,1.0.3,0.3.0,2.87407059678665,2.79,0.8065762411995541,1.26,5.0,66037,88242,22205,0.7483624577865415,2969,15221,warning_stem_collisions
S2025-151,0000035527,FITB,Fifth Third Bancorp,0000035527-26-000124,2025,2026-02-24,1.0.3,0.3.0,2.819968613869423,2.72,0.7817918867388072,1.26,5.0,36959,51124,14165,0.7229285658399186,2428,9206,warning_stem_collisions
S2025-152,0001120193,NDAQ,"Nasdaq, Inc.",0001628280-26-007703,2025,2026-02-12,1.0.3,0.3.0,2.8832107606679034,2.79,0.798990598649458,1.26,5.0,26950,36662,9712,0.735093557361846,2383,6739,warning_stem_collisions
S2025-153,0001095073,EG,Everest Group,0001095073-26-000006,2025,2026-02-26,1.0.3,0.3.0,2.8418409768151753,2.76,0.7766324108584756,1.26,5.0,27518,36678,9160,0.7502590108511914,2199,5889,warning_stem_collisions
S2025-154,0001059556,MCO,Moody's Corporation,0001628280-26-009136,2025,2026-02-18,1.0.3,0.3.0,2.834189549299038,2.72,0.7966299008461717,1.19,4.97,17262,24367,7105,0.7084171215168055,2022,4871,warning_stem_collisions
S2025-155,0000896159,CB,Chubb Limited,0000896159-26-000005,2025,2026-02-27,1.0.3,0.3.0,2.8133923354528267,2.72,0.7739765893695769,1.23,5.0,34914,46543,11629,0.7501450271791676,2503,7812,warning_stem_collisions
S2025-156,0001858681,APO,Apollo Global Management,0001858681-26-000013,2025,2026-02-25,1.0.3,0.3.0,2.8455428854734754,2.72,0.7948840454940986,1.19,5.0,50425,67684,17259,0.745006205307015,2737,11588,warning_stem_collisions
S2025-157,0001601712,SYF,Synchrony Financial,0001601712-26-000006,2025,2026-02-06,1.0.3,0.3.0,2.831532994586696,2.72,0.7939451473371252,1.19,5.0,30111,39049,8938,0.7711080949576173,2367,6819,warning_stem_collisions
S2025-158,0001126328,PFG,Principal Financial Group,0001104659-26-017031,2025,2026-02-18,1.0.3,0.3.0,2.8458512898330808,2.75,0.7690515979327124,1.19,4.97,49425,63986,14561,0.7724345950676711,2237,11060,warning_stem_collisions
S2025-159,0000004962,AXP,American Express,0000004962-26-000080,2025,2026-02-06,1.0.3,0.3.0,2.847825588244412,2.73,0.8155239288369986,1.26,5.0,32257,42567,10310,0.7577935959781051,2518,7956,warning_stem_collisions
S2025-160,0000927628,COF,Capital One,0000927628-26-000024,2025,2026-02-19,1.0.3,0.3.0,2.8531383127150964,2.72,0.8032494734608326,1.19,5.0,43004,56540,13536,0.7605942695436859,2607,9913,warning_stem_collisions
S2025-161,0000914208,IVZ,Invesco,0000914208-26-000079,2025,2026-02-24,1.0.3,0.3.0,2.8575006540051278,2.75,0.7972427667953101,1.19,4.96,19113,25044,5931,0.763176808816483,2003,4097,warning_stem_collisions
S2025-162,0000036104,USB,U.S. Bancorp,0000036104-26-000011,2025,2026-02-23,1.0.3,0.3.0,2.9205777596519846,2.79,0.814962247256711,1.19,4.96,7356,10180,2824,0.7225933202357564,1371,1700,warning_stem_collisions
S2025-163,0000874766,HIG,Hartford (The),0000874766-26-000012,2025,2026-02-20,1.0.3,0.3.0,2.84499809686935,2.75,0.7764201777468193,1.19,5.0,42036,55766,13730,0.7537926335042857,2534,9894,warning_stem_collisions
S2025-164,0001099219,MET,MetLife,0001099219-26-000013,2025,2026-02-19,1.0.3,0.3.0,2.827296843519141,2.72,0.7851630110478096,1.19,4.96,50626,68717,18091,0.7367318130884642,2559,12568,warning_stem_collisions
S2025-165,0000064040,SPGI,S&P Global,0000064040-26-000013,2025,2026-02-11,1.0.3,0.3.0,2.849778845420575,2.78,0.7724088601014697,1.26,5.0,26226,35420,9194,0.74042913608131,2082,6818,warning_stem_collisions
S2025-166,0000316709,SCHW,Charles Schwab Corporation,0000316709-26-000009,2025,2026-02-25,1.0.3,0.3.0,2.929291006103413,2.82,0.8041282539828505,1.19,5.0,26051,35590,9539,0.7319752739533577,2109,6155,warning_stem_collisions
S2025-167,0000899051,ALL,Allstate,0000899051-26-000031,2025,2026-02-20,1.0.3,0.3.0,2.8249563069908814,2.74,0.7662679118832418,1.19,5.0,31584,42217,10633,0.7481346377051898,2359,7557,warning_stem_collisions
S2025-168,0000073124,NTRS,Northern Trust,0000073124-26-000016,2025,2026-02-24,1.0.3,0.3.0,2.8134465992748052,2.72,0.7991106551137197,1.19,5.0,36404,48249,11845,0.7545026839934507,2529,8575,warning_stem_collisions
S2025-169,0000831001,C,Citigroup,0000831001-26-000011,2025,2026-02-20,1.0.3,0.3.0,2.853284708917427,2.72,0.809893277326984,1.19,5.0,52717,74636,21919,0.7063213462672169,2719,13512,warning_stem_collisions
S2025-170,0001374310,CBOE,Cboe Global Markets,0001628280-26-010013,2025,2026-02-20,1.0.3,0.3.0,2.931206494165398,2.87,0.8125986331650987,1.26,5.0,29565,42310,12745,0.6987709761285748,2368,7737,warning_stem_collisions
S2025-171,0001176948,ARES,Ares Management,0001628280-26-011413,2025,2026-02-25,1.0.3,0.3.0,2.876329620168349,2.74,0.8175484286618171,1.19,5.0,47758,62898,15140,0.7592928233012178,2784,10630,warning_stem_collisions
S2025-172,0001679788,COIN,Coinbase,0001679788-26-000015,2025,2026-02-12,1.0.3,0.3.0,2.851212103762992,2.76,0.8072898395912661,1.19,5.0,34733,47260,12527,0.734934405416843,2742,8942,warning_stem_collisions
S2025-173,0000086312,TRV,Travelers Companies (The),0000086312-26-000065,2025,2026-02-12,1.0.3,0.3.0,2.8645636270216044,2.8,0.7882954665991427,1.26,5.0,40871,53108,12237,0.7695827370640959,2555,9225,warning_stem_collisions
S2025-174,0001123360,GPN,Global Payments,0001123360-26-000008,2025,2026-02-20,1.0.3,0.3.0,2.8582950715673445,2.79,0.7847441145540395,1.26,4.97,25221,32965,7744,0.7650841801911118,2099,6166,warning_stem_collisions
S2025-175,0000798354,FISV,Fiserv,0000798354-26-000009,2025,2026-02-19,1.0.3,0.3.0,2.9058518782268115,2.82,0.8114985905059936,1.19,5.0,22468,29981,7513,0.7494079583736366,2066,5652,warning_stem_collisions
S2025-176,0000091576,KEY,KeyCorp,0001628280-26-010546,2025,2026-02-23,1.0.3,0.3.0,2.8431788587924576,2.72,0.8110342477860139,1.26,5.0,32562,42864,10302,0.7596584546472565,2546,7378,warning_stem_collisions
S2025-177,0000320335,GL,Globe Life,0000320335-26-000090,2025,2026-02-25,1.0.3,0.3.0,2.8883139782907525,2.81,0.7951050812689153,1.26,4.97,21097,27203,6106,0.7755394625592765,1902,4426,warning_stem_collisions
S2025-178,0001175454,CPAY,Corpay,0001175454-26-000018,2025,2026-02-27,1.0.3,0.3.0,2.9021979743932733,2.8,0.8123317722796651,1.19,5.0,26165,34845,8680,0.7508968288133161,2418,6264,warning_stem_collisions
S2025-179,0000079282,BRO,Brown & Brown,0001193125-26-046984,2025,2026-02-12,1.0.3,0.3.0,2.8695385360453853,2.81,0.7800788944976986,1.26,5.0,28908,38368,9460,0.7534403669724771,2102,6828,warning_stem_collisions
S2025-180,0000011544,WRB,W. R. Berkley Corporation,0000011544-26-000005,2025,2026-02-27,1.0.3,0.3.0,2.802474400336653,2.72,0.765241266067853,1.19,5.0,21387,28161,6774,0.7594545648236923,2101,5000,warning_stem_collisions
S2025-181,0000059478,LLY,Lilly (Eli),0000059478-26-000013,2025,2026-02-12,1.0.3,0.3.0,2.8284175232232176,2.71,0.803010520977537,1.19,4.97,18193,24607,6414,0.7393424635266388,2138,4879,warning_stem_collisions
S2025-182,0000078003,PFE,Pfizer,0000078003-26-000026,2025,2026-02-26,1.0.3,0.3.0,2.8410408648799947,2.74,0.7859375385538444,1.04,5.0,28582,40034,11452,0.7139431483239247,2570,7650,warning_stem_collisions
S2025-183,0001145197,PODD,Insulet Corporation,0001145197-26-000028,2025,2026-02-18,1.0.3,0.3.0,2.8855807883059255,2.82,0.8074296063662503,1.19,4.97,15324,20465,5141,0.7487906181285121,2129,3639,warning_stem_collisions
S2025-184,0000927066,DVA,DaVita,0000927066-26-000012,2025,2026-02-11,1.0.3,0.3.0,2.8462129834354273,2.74,0.7909783440910094,1.19,5.0,27589,37265,9676,0.7403461693277875,2379,7126,warning_stem_collisions
S2025-185,0000031791,RVTY,Revvity,0000031791-26-000012,2025,2026-02-24,1.0.3,0.3.0,2.8910165263486123,2.81,0.8041197877362747,1.04,5.0,16035,21653,5618,0.7405440354685263,2212,3730,warning_stem_collisions
S2025-186,0001100682,CRL,Charles River Laboratories,0001100682-26-000022,2025,2026-02-18,1.0.3,0.3.0,2.87817877997723,2.79,0.813423766656535,1.04,5.0,27229,36146,8917,0.7533060366292259,2579,6451,warning_stem_collisions
S2025-187,0001022079,DGX,Quest Diagnostics,0001022079-26-000015,2025,2026-02-26,1.0.3,0.3.0,2.855648792093704,2.74,0.7820549864530132,1.19,5.0,21856,28917,7061,0.7558183767334095,2247,5433,warning_stem_collisions
S2025-188,0000064803,CVS,CVS Health,0000064803-26-000010,2025,2026-02-10,1.0.3,0.3.0,2.879634703196347,2.79,0.8053948951171858,1.26,5.0,39420,53649,14229,0.7347760442878711,2663,10331,warning_stem_collisions
S2025-189,0001099800,EW,Edwards Lifesciences,0001099800-26-000009,2025,2026-02-25,1.0.3,0.3.0,2.8608508701472557,2.76,0.8010082595349973,1.26,5.0,18675,25111,6436,0.7436979809645176,2129,4449,warning_stem_collisions
S2025-190,0000105770,WST,West Pharmaceutical Services,0000105770-26-000010,2025,2026-02-17,1.0.3,0.3.0,2.8769508628253875,2.82,0.7915722564910026,1.19,5.0,13676,18094,4418,0.755830662097933,1749,3436,warning_stem_collisions
S2025-191,0000875320,VRTX,Vertex Pharmaceuticals,0000875320-26-000056,2025,2026-02-13,1.0.3,0.3.0,2.8726498680978807,2.77,0.8013020145517704,1.19,5.0,21986,30275,8289,0.7262097440132123,2308,5292,warning_stem_collisions
S2025-192,0001551152,ABBV,AbbVie,0001551152-26-000008,2025,2026-02-20,1.0.3,0.3.0,2.8712022609227006,2.74,0.8065115925429607,1.19,5.0,19638,27558,7920,0.712606139777923,2280,4923,warning_stem_collisions
S2025-193,0000014272,BMY,Bristol Myers Squibb,0000014272-26-000004,2025,2026-02-11,1.0.3,0.3.0,2.8820877335499593,2.79,0.8038999959920248,1.26,5.0,23389,32875,9486,0.7114524714828897,2395,6145,warning_stem_collisions
S2025-194,0000885725,BSX,Boston Scientific,0000885725-26-000010,2025,2026-02-17,1.0.3,0.3.0,2.850104441013532,2.74,0.801564454311593,1.19,4.96,22022,29173,7151,0.7548760840503205,2284,5260,warning_stem_collisions
S2025-195,0001964738,SOLV,Solventum,0001964738-26-000007,2025,2026-02-27,1.0.3,0.3.0,2.8590467298030324,2.76,0.7981243284902569,1.04,5.0,22491,31142,8651,0.7222079506775416,2367,5871,warning_stem_collisions
S2025-196,0001682852,MRNA,Moderna,0001682852-26-000033,2025,2026-02-20,1.0.3,0.3.0,2.8459102655914315,2.74,0.7965075500455044,1.04,5.0,32117,44720,12603,0.7181797853309482,3059,8216,warning_stem_collisions
S2025-197,0001156039,ELV,Elevance Health,0001156039-26-000013,2025,2026-02-06,1.0.3,0.3.0,2.825894819199238,2.72,0.7794564311231376,1.26,5.0,29397,39864,10467,0.7374322697170379,2383,7866,warning_stem_collisions
S2025-198,0001037646,MTD,Mettler Toledo,0001037646-26-000011,2025,2026-02-06,1.0.3,0.3.0,2.9049068074019644,2.83,0.8113882907175843,1.23,5.0,14969,19931,4962,0.7510410917665947,1892,3742,warning_stem_collisions
S2025-199,0001136869,ZBH,Zimmer Biomet,0001193125-26-059853,2025,2026-02-20,1.0.3,0.3.0,2.8692255257432926,2.76,0.8147566237562435,1.19,5.0,27580,36754,9174,0.7503945148827339,2136,6794,warning_stem_collisions
S2025-200,0000920148,LH,Labcorp,0000920148-26-000111,2025,2026-02-24,1.0.3,0.3.0,2.885212710236862,2.79,0.8051107989370769,1.25,5.0,17183,23861,6678,0.7201290809270358,2001,4718,warning_stem_collisions
S2025-201,0001090872,A,Agilent Technologies,0001090872-25-000087,2025,2025-12-22,1.0.3,0.3.0,2.900882167143547,2.81,0.7830317766429291,1.26,5.0,26911,35601,8690,0.7559057329850285,2201,6541,warning_stem_collisions
S2025-202,0000927653,MCK,McKesson Corporation,0000927653-25-000036,2025,2025-05-09,1.0.3,0.3.0,2.872812449927896,2.76,0.7996847399441694,1.26,5.0,24964,33452,8488,0.7462633026425923,2170,6110,warning_stem_collisions
S2025-203,0000001800,ABT,Abbott Laboratories,0001628280-26-010185,2025,2026-02-20,1.0.3,0.3.0,2.904902042517716,2.82,0.7922312063260185,1.3,5.0,14394,20232,5838,0.711447212336892,1888,3730,warning_stem_collisions
S2025-204,0000318154,AMGN,Amgen,0000318154-26-000010,2025,2026-02-13,1.0.3,0.3.0,2.88148347298278,2.81,0.7993842798673998,1.19,5.0,30314,43103,12789,0.7032921142379881,2660,8118,warning_stem_collisions
S2025-205,0000723254,CTAS,Cintas,0000723254-25-000017,2025,2025-07-28,1.0.3,0.3.0,2.8494316520467837,2.74,0.8065198880116856,1.26,5.0,10944,14881,3937,0.7354344466097709,1575,2964,warning_stem_collisions
S2025-206,0000202058,LHX,L3Harris,0000202058-25-000023,2025,2025-02-14,1.0.3,0.3.0,2.8639150123742825,2.81,0.7953482530320778,1.19,5.0,18991,25542,6551,0.7435204760786156,2026,4602,warning_stem_collisions
S2025-207,0001050915,PWR,Quanta Services,0001050915-26-000006,2025,2026-02-19,1.0.3,0.3.0,2.8338873965442133,2.74,0.7884925505981499,1.19,5.0,27548,36761,9213,0.749381137618672,2250,7283,warning_stem_collisions
S2025-208,0000100885,UNP,Union Pacific Corporation,0000100885-26-000037,2025,2026-02-06,1.0.3,0.3.0,2.9388035233667726,2.82,0.845908502050469,1.19,5.0,16348,21362,5014,0.7652841494242112,2112,3763,warning_stem_collisions
S2025-209,0000823768,WM,Waste Management,0001104659-26-012049,2025,2026-02-09,1.0.3,0.3.0,2.9022280570142533,2.83,0.8162645244934312,1.19,5.0,33325,44203,10878,0.7539081057846753,2383,8168,warning_stem_collisions
S2025-210,0000943452,WAB,Wabtec,0001628280-26-008067,2025,2026-02-13,1.0.3,0.3.0,2.939714916430148,2.86,0.8405235679444624,1.04,5.0,15855,21240,5385,0.7464689265536724,1972,3967,warning_stem_collisions
S2025-211,0001069202,LII,Lennox International,0001069202-26-000028,2025,2026-02-17,1.0.3,0.3.0,2.904816493639421,2.86,0.8100640856644565,1.19,5.0,13678,18172,4494,0.7526964560862865,1819,3303,warning_stem_collisions
S2025-212,0000072331,NDSN,Nordson Corporation,0000072331-25-000144,2025,2025-12-17,1.0.3,0.3.0,2.8660531712875046,2.75,0.7978893312630632,1.25,5.0,13165,17372,4207,0.7578286898457287,1941,3114,warning_stem_collisions
S2025-213,0001043277,CHRW,C.H. Robinson,0001043277-26-000009,2025,2026-02-13,1.0.3,0.3.0,2.944415644071133,2.85,0.8303258148524103,1.19,5.0,15239,19972,4733,0.763018225515722,2005,3496,warning_stem_collisions
S2025-214,0000277135,GWW,W. W. Grainger,0000277135-26-000011,2025,2026-02-19,1.0.3,0.3.0,2.893546015877683,2.83,0.8150420189256997,1.04,5.0,10203,14258,4055,0.7155982606256137,1668,2686,warning_stem_collisions
S2025-215,0000773840,HON,Honeywell Technologies,0000773840-26-000013,2025,2026-02-17,1.0.3,0.3.0,2.8833613271124934,2.82,0.7930664365690553,1.19,5.0,19290,25795,6505,0.7478193448342703,2089,4542,warning_stem_collisions
S2025-216,0001501585,HII,Huntington Ingalls Industries,0001501585-26-000006,2025,2026-02-05,1.0.3,0.3.0,2.9022088998143785,2.85,0.8061514750837281,1.04,5.0,19933,26685,6752,0.7469739554056586,2155,4854,warning_stem_collisions
S2025-217,0001783180,CARR,Carrier Global,0001783180-26-000008,2025,2026-02-05,1.0.3,0.3.0,2.887468974867035,2.82,0.8047249385474534,1.26,5.0,19178,25658,6480,0.7474471899602463,2083,4707,warning_stem_collisions
S2025-218,0001133421,NOC,Northrop Grumman,0001133421-26-000003,2025,2026-01-27,1.0.3,0.3.0,2.86143422689741,2.79,0.7897075376514524,1.19,5.0,17682,23813,6131,0.7425355898038887,2106,4353,warning_stem_collisions
S2025-219,0000746515,EXPD,Expeditors International,0001193125-26-071569,2025,2026-02-25,1.0.3,0.3.0,2.927368421052632,2.82,0.8285497653645891,1.19,5.0,18183,24397,6214,0.7452965528548592,1893,4606,warning_stem_collisions
S2025-220,0000101829,RTX,RTX Corporation,0000101829-26-000006,2025,2026-02-06,1.0.3,0.3.0,2.890770383131718,2.81,0.8077378271963938,1.26,5.0,26701,36799,10098,0.7255903693035137,2204,7218,warning_stem_collisions
S2025-221,0001466258,TT,Trane Technologies,0001628280-26-005731,2025,2026-02-05,1.0.3,0.3.0,2.8665161975570896,2.79,0.8024114506954776,1.19,5.0,16947,22912,5965,0.7396560754189944,2053,4369,warning_stem_collisions
S2025-222,0001442145,VRSK,Verisk Analytics,0001437749-26-004452,2025,2026-02-18,1.0.3,0.3.0,2.8371470953125844,2.76,0.7572842129212188,1.26,5.0,18539,24113,5574,0.7688383859328992,2266,4118,warning_stem_collisions
S2025-223,0001967680,VLTO,Veralto,0001967680-26-000011,2025,2026-02-20,1.0.3,0.3.0,2.866948996700741,2.76,0.8069043425573831,1.26,5.0,18489,25098,6609,0.7366722448003825,2015,4762,warning_stem_collisions
S2025-224,0000027904,DAL,Delta Air Lines,0000027904-26-000013,2025,2026-02-11,1.0.3,0.3.0,2.9789547443638176,2.87,0.8464965932352895,1.19,5.0,18053,23784,5731,0.7590396905482677,2081,4163,warning_stem_collisions
S2025-225,0000084839,ROL,"Rollins, Inc.",0000084839-26-000008,2025,2026-02-12,1.0.3,0.3.0,2.8765799399092247,2.8,0.8063619702737882,1.19,5.0,15643,20873,5230,0.7494370718152638,1958,3755,warning_stem_collisions
S2025-226,0000833444,JCI,Johnson Controls,0000833444-25-000097,2025,2025-11-14,1.0.3,0.3.0,2.9016995327102806,2.8,0.82891229505719,1.26,5.0,21400,29889,8489,0.71598246846666,2228,5934,warning_stem_collisions
S2025-227,0000878927,ODFL,Old Dominion,0001193125-26-067161,2025,2026-02-24,1.0.3,0.3.0,2.906737267080745,2.82,0.8163491180397074,1.19,5.0,16100,21239,5139,0.7580394557182542,1725,3777,warning_stem_collisions
S2025-228,0001579241,ALLE,Allegion,0001579241-26-000007,2025,2026-02-17,1.0.3,0.3.0,2.8403628676006565,2.75,0.7971292369597038,1.04,5.0,15846,21208,5362,0.7471708789136176,1992,4046,warning_stem_collisions
S2025-229,0001260221,TDG,TransDigm Group,0001260221-25-000081,2025,2025-11-12,1.0.3,0.3.0,2.876236176433202,2.78,0.8201011459338363,1.19,5.0,15734,20844,5110,0.7548455190942237,1851,3821,warning_stem_collisions
S2025-230,0001336920,LDOS,Leidos,0001336920-25-000006,2025,2025-02-11,1.0.3,0.3.0,2.796167873178778,2.72,0.7674928593456446,1.19,5.0,21826,29345,7519,0.7437723632646107,2268,5901,warning_stem_collisions
S2025-231,0000018230,CAT,Caterpillar Inc.,0000018230-26-000008,2025,2026-02-13,1.0.3,0.3.0,2.9150917682168616,2.81,0.8279617979744779,1.19,5.0,20105,26578,6473,0.7564527052449395,2064,4839,warning_stem_collisions
S2025-232,0000100517,UAL,United Airlines Holdings,0000100517-26-000023,2025,2026-02-12,1.0.3,0.3.0,2.9421694965158505,2.83,0.8378042127131362,1.19,5.0,20378,27420,7042,0.7431801604668126,2284,4808,warning_stem_collisions
S2025-233,0000277948,CSX,CSX Corporation,0000277948-26-000006,2025,2026-02-12,1.0.3,0.3.0,3.010973956023066,2.9,0.8509036608983879,1.19,5.0,15781,21603,5822,0.7305003934638707,1932,3738,warning_stem_collisions
S2025-234,0000815556,FAST,Fastenal,0000815556-26-000009,2025,2026-02-05,1.0.3,0.3.0,2.9437528702640643,2.87,0.8234306615080039,1.04,5.0,13936,18291,4355,0.7619047619047619,2100,3304,warning_stem_collisions
S2025-235,0001659166,FTV,Fortive,0001659166-26-000007,2025,2026-02-25,1.0.3,0.3.0,2.8199769532150265,2.73,0.7868754008416561,1.04,5.0,17356,23155,5799,0.7495573310300151,2012,4547,warning_stem_collisions
S2025-236,0001524472,XYL,Xylem Inc.,0001524472-26-000012,2025,2026-02-25,1.0.3,0.3.0,2.8625038213105864,2.76,0.820995283516973,1.26,5.0,20281,26971,6690,0.7519558043824849,2177,5196,warning_stem_collisions
S2025-237,0001609711,GDDY,GoDaddy,0001609711-26-000010,2025,2026-02-25,1.0.3,0.3.0,2.8386412164348105,2.74,0.7919637245231242,1.19,5.0,24728,33369,8641,0.7410470796248014,2523,6598,warning_stem_collisions
S2025-238,0000814547,FICO,Fair Isaac,0000814547-25-000030,2025,2025-11-07,1.0.3,0.3.0,2.83743096138421,2.74,0.7824477611502876,1.26,5.0,17454,23730,6276,0.7355246523388116,2092,4723,warning_stem_collisions
S2025-239,0000047217,HPQ,HP Inc.,0000047217-25-000071,2025,2025-12-10,1.0.3,0.3.0,2.858464923122559,2.76,0.7961186756130695,1.19,5.0,20227,27478,7251,0.7361161656598005,2279,5246,warning_stem_collisions
S2025-240,0001274494,FSLR,First Solar,0001274494-26-000021,2025,2026-02-24,1.0.3,0.3.0,2.900008328375967,2.83,0.8093889925586313,1.26,5.0,25215,33661,8446,0.7490864799025578,2327,6381,warning_stem_collisions
S2025-241,0000106040,WDC,Western Digital,0000106040-25-000038,2025,2025-08-14,1.0.3,0.3.0,2.894213658987121,2.81,0.7919665525036187,1.19,5.0,19489,25314,5825,0.7698901793473967,2120,4340,warning_stem_collisions
S2025-242,0001402057,CDW,CDW Corporation,0001402057-26-000011,2025,2026-02-20,1.0.3,0.3.0,2.8936053732955314,2.82,0.8004392921494123,1.26,5.0,14814,19633,4819,0.7545459175877349,1853,3730,warning_stem_collisions
S2025-243,0001730168,AVGO,Broadcom,0001730168-25-000121,2025,2025-12-18,1.0.3,0.3.0,2.8690816655907034,2.8,0.8028092696769353,1.19,5.0,18588,24790,6202,0.7498184751916095,2140,4614,warning_stem_collisions
S2025-244,0000097210,TER,Teradyne,0001193125-26-059002,2025,2026-02-19,1.0.3,0.3.0,2.911759040880503,2.86,0.7881060107842728,1.23,5.0,25440,33730,8290,0.7542247257634154,2002,5788,warning_stem_collisions
S2025-245,0002023554,SNDK,Sandisk,0002023554-25-000034,2025,2025-08-21,1.0.3,0.3.0,2.8782685986759873,2.78,0.7976253483110042,1.19,5.0,21601,28599,6998,0.7553061295849505,2178,4986,warning_stem_collisions
S2025-246,0001341439,ORCL,Oracle Corporation,0000950170-25-087926,2025,2025-06-18,1.0.3,0.3.0,2.9011897353648757,2.83,0.8181612958955794,1.19,4.97,31175,41351,10176,0.7539116345433,2165,7869,warning_stem_collisions
S2025-247,0001327567,PANW,Palo Alto Networks,0001327567-25-000027,2025,2025-08-29,1.0.3,0.3.0,2.837381072758193,2.76,0.7936071956610518,1.23,5.0,21757,29049,7292,0.7489758683603567,2296,5540,warning_stem_collisions
S2025-248,0000857005,PTC,PTC Inc.,0001193125-25-291326,2025,2025-11-21,1.0.3,0.3.0,2.8897580352278918,2.79,0.8006199253451182,1.19,5.0,22028,29344,7316,0.7506815703380589,1749,5233,warning_stem_collisions
S2025-249,0000896878,INTU,Intuit,0000896878-25-000035,2025,2025-09-03,1.0.3,0.3.0,2.8638971106412967,2.79,0.7936281197264826,1.19,5.0,21285,28126,6841,0.7567730925122662,2197,5273,warning_stem_collisions
S2025-250,0000860731,TYL,Tyler Technologies,0000860731-26-000016,2025,2026-02-18,1.0.3,0.3.0,2.8657558065744384,2.76,0.7928159213745034,1.19,5.0,15758,20542,4784,0.767111284198228,1938,3554,warning_stem_collisions
S2025-251,0000320193,AAPL,Apple Inc.,0000320193-25-000079,2025,2025-10-31,1.0.3,0.3.0,2.9511828605914303,2.86,0.8702812116798118,1.19,5.0,9942,13607,3665,0.7306533401925479,1483,2645,warning_stem_collisions
S2025-252,0000006281,ADI,Analog Devices,0000006281-25-000153,2025,2025-11-25,1.0.3,0.3.0,2.851837423867816,2.74,0.805024313191052,1.04,5.0,16583,21888,5305,0.7576297514619883,2038,4212,warning_stem_collisions
S2025-253,0001596532,ANET,Arista Networks,0001596532-26-000013,2025,2026-02-17,1.0.3,0.3.0,2.845377753750507,2.76,0.8034927515367375,1.19,5.0,22197,29867,7670,0.7431948304148391,2371,6127,warning_stem_collisions
S2025-254,0000006951,AMAT,Applied Materials,0001628280-25-056742,2025,2025-12-12,1.0.3,0.3.0,2.8583384227296866,2.75,0.8101847588764725,1.29,5.0,15064,19934,4870,0.7556937895053677,1821,4053,warning_stem_collisions
S2025-255,0001751008,APP,AppLovin,0001751008-26-000010,2025,2026-02-19,1.0.3,0.3.0,2.8334035292970654,2.72,0.7987723459658291,1.19,5.0,20514,27135,6621,0.7559977888336097,2155,4977,warning_stem_collisions
S2025-256,0001571996,DELL,Dell Technologies,0001571996-25-000034,2025,2025-03-25,1.0.3,0.3.0,2.9068298672396593,2.82,0.8173865809964137,1.19,4.97,26062,34386,8324,0.7579247368114931,2154,6000,warning_stem_collisions
S2025-257,0001058290,CTSH,Cognizant,0001058290-26-000008,2025,2026-02-12,1.0.3,0.3.0,2.8291377589218865,2.72,0.7885834331476649,1.19,5.0,16028,21279,5251,0.7532308849100051,2085,3788,warning_stem_collisions
S2025-258,0000789019,MSFT,Microsoft,0000950170-25-100235,2025,2025-07-30,1.0.3,0.3.0,2.9056782718710465,2.82,0.8245652229497727,1.23,5.0,21341,29336,7995,0.7274679574584129,2015,5951,warning_stem_collisions
S2025-259,0000723125,MU,Micron Technology,0000723125-25-000028,2025,2025-10-03,1.0.3,0.3.0,2.8843362733057942,2.8,0.8121227220973933,1.26,5.0,17914,24165,6251,0.7413200910407615,2006,4691,warning_stem_collisions
S2025-260,0001375365,SMCI,Supermicro,0001375365-25-000027,2025,2025-08-28,1.0.3,0.3.0,2.947892668345742,2.89,0.8269315348987675,1.19,5.0,36131,48145,12014,0.7504621456018278,2518,7715,warning_stem_collisions
S2025-261,0000749251,IT,Gartner,0000749251-26-000112,2025,2026-02-12,1.0.3,0.3.0,2.8585347795025005,2.76,0.7941503574226708,1.19,5.0,15397,20601,5204,0.7473909033542061,1888,3855,warning_stem_collisions
S2025-262,0000877212,ZBRA,Zebra Technologies,0001628280-26-007668,2025,2026-02-12,1.0.3,0.3.0,2.895805342501984,2.82,0.8039939104714251,1.26,5.0,15124,20216,5092,0.7481203007518797,2008,3829,warning_stem_collisions
S2025-263,0000882835,ROP,Roper Technologies,0000882835-26-000009,2025,2026-02-24,1.0.3,0.3.0,2.8665903407314786,2.76,0.7969298964230914,1.19,5.0,12796,17481,4685,0.7319947371431841,1673,3229,warning_stem_collisions
S2025-264,0000024741,GLW,Corning Inc.,0000024741-26-000124,2025,2026-02-12,1.0.3,0.3.0,2.979618721461187,2.86,0.8612536475941659,1.19,5.0,17520,23539,6019,0.7442966990951188,2101,4344,warning_stem_collisions
S2025-265,0000073309,NUE,Nucor,0001193125-26-071575,2025,2026-02-25,1.0.3,0.3.0,3.0325824006571516,2.9,0.8896142985745599,1.26,5.0,19478,27089,7611,0.7190372475912732,2028,5047,warning_stem_collisions
S2025-266,0000031462,ECL,Ecolab,0001104659-26-018357,2025,2026-02-23,1.0.3,0.3.0,2.928071718538565,2.86,0.8116794042452581,1.19,5.0,23648,31579,7931,0.7488520852465246,2093,5794,warning_stem_collisions
S2025-267,0001285785,MOS,Mosaic Company (The),0001285785-26-000017,2025,2026-02-27,1.0.3,0.3.0,3.043635905024551,2.92,0.8797950191120631,1.04,5.0,29734,40681,10947,0.7309063199036405,2682,7013,warning_stem_collisions
S2025-268,0001666700,DD,DuPont,0001666700-26-000013,2025,2026-02-17,1.0.3,0.3.0,2.888119892029692,2.81,0.8013175542634059,1.26,5.0,26674,37225,10551,0.7165614506380121,2088,6626,warning_stem_collisions
S2025-269,0001748790,AMCR,Amcor,0001748790-25-000023,2025,2025-08-15,1.0.3,0.3.0,2.87386695018226,2.75,0.828544921556162,1.04,5.0,19752,26058,6306,0.7580013815335022,2071,4776,warning_stem_collisions
S2025-270,0000075677,PKG,Packaging Corporation of America,0001193125-26-074129,2025,2026-02-26,1.0.3,0.3.0,2.9436075756917592,2.86,0.8231217188820491,1.25,5.0,23021,30979,7958,0.7431163045934343,1727,5549,warning_stem_collisions
S2025-271,0001755672,CTVA,Corteva,0001755672-26-000004,2025,2026-02-12,1.0.3,0.3.0,2.902341466874734,2.82,0.8067964251091523,1.19,5.0,28196,38810,10614,0.7265137851069312,2333,6509,warning_stem_collisions
S2025-272,0001751788,DOW,Dow Inc.,0001751788-26-000018,2025,2026-02-03,1.0.3,0.3.0,2.9387117219769263,2.85,0.8152309633759972,1.04,5.0,28084,38553,10469,0.7284517417580992,2383,6782,warning_stem_collisions
S2025-273,0001489393,LYB,LyondellBasell,0001489393-26-000012,2025,2026-02-20,1.0.3,0.3.0,2.8825072212593876,2.76,0.8078917544966797,1.26,5.0,19041,25883,6842,0.7356566085847854,2079,4932,warning_stem_collisions
S2025-274,0000089800,SHW,Sherwin-Williams,0000089800-26-000008,2025,2026-02-19,1.0.3,0.3.0,2.9171895292207792,2.82,0.8400945678373616,1.19,5.0,19712,26124,6412,0.7545551982851019,1979,4608,warning_stem_collisions
S2025-275,0000831259,FCX,Freeport-McMoRan,0000831259-26-000012,2025,2026-02-13,1.0.3,0.3.0,3.0281261286289762,2.9,0.8962953449570903,1.17,5.0,35995,51108,15113,0.7042928700007827,2759,9546,warning_stem_collisions
S2025-276,0000910606,REG,Regency Centers,0001193125-26-051668,2025,2026-02-13,1.0.3,0.3.0,2.9024382373701725,2.79,0.819747330298766,1.26,5.0,29751,39620,9869,0.7509086320040383,1990,7423,warning_stem_collisions
S2025-277,0001053507,AMT,American Tower,0001053507-26-000035,2025,2026-02-24,1.0.3,0.3.0,2.9325638965411693,2.83,0.8198241301807161,1.19,5.0,26136,35551,9415,0.735169193552924,2134,6451,warning_stem_collisions
S2025-278,0001101239,EQIX,Equinix,0001101239-26-000032,2025,2026-02-11,1.0.3,0.3.0,2.869910203399741,2.76,0.8106872108203222,1.19,5.0,23943,32168,8225,0.7443111166376524,2399,5898,warning_stem_collisions
S2025-279,0000740260,VTR,Ventas,0000740260-26-000006,2025,2026-02-06,1.0.3,0.3.0,2.8147212524743566,2.71,0.7950402098362374,1.19,5.0,27785,36952,9167,0.7519214115609439,2197,6712,warning_stem_collisions
S2025-280,0000915912,AVB,AvalonBay Communities,0000915912-26-000004,2025,2026-02-27,1.0.3,0.3.0,2.888409980921779,2.75,0.8161590846001954,1.19,5.0,19918,26346,6428,0.7560160935246337,1943,4811,warning_stem_collisions
S2025-281,0001070750,HST,Host Hotels & Resorts,0001070750-26-000054,2025,2026-02-25,1.0.3,0.3.0,2.977333834963632,2.86,0.866553685213343,1.19,5.0,23922,31185,7263,0.7670995670995671,2136,5167,warning_stem_collisions
S2025-282,0000906345,CPT,Camden Property Trust,0001628280-26-007697,2025,2026-02-12,1.0.3,0.3.0,2.8540340271180584,2.74,0.7813438099114409,1.3,5.0,11579,15217,3638,0.7609252809357955,1480,2800,warning_stem_collisions
S2025-283,0001057352,CSGP,CoStar Group,0001057352-26-000020,2025,2026-02-26,1.0.3,0.3.0,2.892976123331453,2.82,0.7963005431276939,1.19,5.0,21276,28286,7010,0.7521742204624196,2219,5200,warning_stem_collisions
S2025-284,0001035443,ARE,Alexandria Real Estate Equities,0001035443-26-000013,2025,2026-01-26,1.0.3,0.3.0,2.889783428140635,2.76,0.8210038908132336,1.26,5.0,43773,57358,13585,0.7631542243453397,2830,10093,warning_stem_collisions
S2025-285,0001393311,PSA,Public Storage,0001628280-26-007696,2025,2026-02-12,1.0.3,0.3.0,2.8982146124689585,2.8,0.8028241234585217,1.19,5.0,15302,20364,5062,0.7514240817128266,1906,3380,warning_stem_collisions
S2025-286,0000906107,EQR,Equity Residential,0001193125-26-051433,2025,2026-02-13,1.0.3,0.3.0,2.874883866182613,2.78,0.800096821431036,1.25,5.0,25617,34436,8819,0.7439017307468928,2005,6272,warning_stem_collisions
S2025-287,0000106535,WY,Weyerhaeuser,0001193125-26-051422,2025,2026-02-13,1.0.3,0.3.0,2.9703691176470586,2.87,0.8508929974820144,1.26,5.0,27200,36111,8911,0.7532330868710365,2298,6321,warning_stem_collisions
S2025-288,0001326160,DUK,Duke Energy,0001326160-26-000014,2025,2026-02-26,1.0.3,0.3.0,2.9406349351779744,2.89,0.7998242969760213,1.19,5.0,43658,59091,15433,0.7388265556514528,2603,10219,warning_stem_collisions
S2025-289,0001692819,VST,Vistra Corp.,0001692819-26-000006,2025,2026-02-27,1.0.3,0.3.0,2.9094030607395203,2.85,0.8220782911378104,1.04,5.0,31561,43157,11596,0.7313066246495354,2549,7666,warning_stem_collisions
S2025-290,0000783325,WEC,WEC Energy Group,0000783325-26-000018,2025,2026-02-20,1.0.3,0.3.0,2.9169098191528096,2.85,0.8104778794071619,1.19,5.0,32956,45190,12234,0.7292763885815446,2355,8174,warning_stem_collisions
S2025-291,0001032208,SRE,Sempra,0001032208-26-000010,2025,2026-02-26,1.0.3,0.3.0,2.897137130374074,2.81,0.7984663597311434,1.17,5.0,44403,64036,19633,0.6934068336560685,2594,10470,warning_stem_collisions
S2025-292,0000072903,XEL,Xcel Energy,0000072903-26-000009,2025,2026-02-25,1.0.3,0.3.0,2.8819544423626864,2.83,0.7916131640729664,1.26,5.0,20282,28111,7829,0.7214969229127388,2091,5160,warning_stem_collisions
S2025-293,0000753308,NEE,NextEra Energy,0000753308-26-000015,2025,2026-02-13,1.0.3,0.3.0,2.8779575607259558,2.76,0.8040760017167337,1.19,5.0,25401,35684,10283,0.7118316332249748,2080,6136,warning_stem_collisions
S2025-294,0000827052,EIX,Edison International,0000827052-26-000012,2025,2026-02-18,1.0.3,0.3.0,2.927043616553311,2.82,0.8179015845995303,1.26,5.0,29553,42443,12890,0.6962985651344156,2300,7292,warning_stem_collisions
S2025-295,0000352541,LNT,Alliant Energy,0000352541-26-000007,2025,2026-02-20,1.0.3,0.3.0,2.904928301562768,2.85,0.7923296792601076,1.26,5.0,23292,33074,9782,0.7042389792586321,2001,5793,warning_stem_collisions
S2025-296,0000936340,DTE,DTE Energy,0000936340-26-000054,2025,2026-02-17,1.0.3,0.3.0,2.8933414084036424,2.82,0.7786020998843719,1.26,5.0,23942,33418,9476,0.7164402417858639,2013,5955,warning_stem_collisions
S2025-297,0001031296,FE,FirstEnergy,0001031296-26-000046,2025,2026-02-18,1.0.3,0.3.0,2.9042230133710185,2.82,0.7961074565994956,1.19,5.0,36796,52233,15437,0.7044588669997894,2373,8915,warning_stem_collisions
S2025-298,0001109357,EXC,Exelon,0001109357-26-000018,2025,2026-02-12,1.0.3,0.3.0,2.8862200898821815,2.81,0.7855664791791356,1.26,5.0,32932,45967,13035,0.7164270019796811,2184,8663,warning_stem_collisions
S2025-299,0001047862,ED,Consolidated Edison,0001047862-26-000031,2025,2026-02-19,1.0.3,0.3.0,2.957891289645107,2.89,0.7980506828027153,1.26,5.0,28093,38356,10263,0.7324277818333507,2109,6595,warning_stem_collisions
S2025-300,0001711269,EVRG,Evergy,0001711269-26-000017,2025,2026-02-19,1.0.3,0.3.0,2.8978849070157233,2.79,0.8084970053235828,1.26,5.0,25058,36223,11165,0.6917704221075007,2109,6087,warning_stem_collisions
S2025-301,0001166691,CMCSA,Comcast,0001628280-26-004994,2025,2026-02-03,1.0.3,0.3.0,2.941666926070039,2.82,0.8411518056440711,1.19,5.0,19275,26082,6807,0.7390154129284564,2072,5050,warning_stem_collisions
S2025-302,0000946581,TTWO,Take-Two Interactive,0001628280-25-026694,2025,2025-05-20,1.0.3,0.3.0,2.877160602998147,2.74,0.8280866797893653,1.19,5.0,23748,31343,7595,0.7576811409246084,2472,5943,warning_stem_collisions
S2025-303,0002041610,PSKY,Paramount Skydance Corporation,0002041610-26-000011,2025,2026-02-25,1.0.3,0.3.0,2.9114454033179653,2.83,0.8245896758096106,1.26,5.0,25377,33944,8567,0.7476137167098751,2182,5853,warning_stem_collisions
S2025-304,0001091667,CHTR,Charter Communications,0001091667-26-000017,2025,2026-01-30,1.0.3,0.3.0,2.9181967213114755,2.89,0.802092853576748,1.26,5.0,23485,31261,7776,0.7512555580435687,2317,5593,warning_stem_collisions
S2025-305,0001671933,TTD,Trade Desk (The),0001671933-26-000014,2025,2026-02-27,1.0.3,0.3.0,2.936652191077773,2.86,0.8277107197208307,1.19,5.0,22797,29943,7146,0.761346558461076,2340,5416,warning_stem_collisions
S2025-306,0001283699,TMUS,T-Mobile US,0001283699-26-000010,2025,2026-02-11,1.0.3,0.3.0,2.8835483380238838,2.82,0.7927337764635596,1.25,5.0,26294,35043,8749,0.750335302342836,2241,5983,warning_stem_collisions
S2025-307,0001065280,NFLX,Netflix,0001065280-26-000034,2025,2026-01-23,1.0.3,0.3.0,2.8625974889217134,2.75,0.7860152926935962,1.26,5.0,13540,17474,3934,0.774865514478654,1695,2983,warning_stem_collisions
S2025-308,0000882184,DHI,D. R. Horton,0000882184-25-000081,2025,2025-11-19,1.0.3,0.3.0,2.8980312792268523,2.86,0.7882908657960397,1.19,5.0,19246,25673,6427,0.7496591750087641,1780,5001,warning_stem_collisions
S2025-309,0000940944,DRI,Darden Restaurants,0000940944-25-000038,2025,2025-07-18,1.0.3,0.3.0,2.9644466019417473,2.82,0.9035695441804236,1.26,5.0,16995,22440,5445,0.7573529411764706,2172,4050,warning_stem_collisions
S2025-310,0001324424,EXPE,Expedia Group,0001324424-26-000008,2025,2026-02-13,1.0.3,0.3.0,2.916023403714068,2.82,0.8300146958218871,1.26,5.0,19655,26066,6411,0.7540474180925343,2174,4792,warning_stem_collisions
S2025-311,0001521332,APTV,Aptiv,0001521332-26-000009,2025,2026-02-06,1.0.3,0.3.0,2.86738445961394,2.77,0.7935568497015592,1.26,5.0,30617,41456,10839,0.7385420686993439,2303,7359,warning_stem_collisions
S2025-312,0000898173,ORLY,O’Reilly Automotive,0000898173-26-000009,2025,2026-02-27,1.0.3,0.3.0,2.9445679653679653,2.86,0.8255379283025913,1.19,5.0,17325,22723,5398,0.7624433393477974,1862,3774,warning_stem_collisions
S2025-313,0001048286,MAR,Marriott International,0001048286-26-000007,2025,2026-02-10,1.0.3,0.3.0,2.8883516748333196,2.79,0.8415647124634458,1.19,5.0,12449,16373,3924,0.7603371404140964,1706,2991,warning_stem_collisions
S2025-314,0000040987,GPC,Genuine Parts Company,0000040987-26-000003,2025,2026-02-20,1.0.3,0.3.0,2.896000396065747,2.82,0.8098327738848549,1.26,5.0,15149,19890,4741,0.761639014580191,1905,3607,warning_stem_collisions
S2025-315,0000046080,HAS,Hasbro,0000046080-26-000011,2025,2026-02-25,1.0.3,0.3.0,2.9310357266393243,2.86,0.8273240497659468,1.19,5.0,20237,26926,6689,0.7515784000594221,2194,5089,warning_stem_collisions
S2025-316,0001037038,RL,Ralph Lauren Corporation,0001037038-25-000011,2025,2025-05-22,1.0.3,0.3.0,2.8998720064546886,2.8,0.8349257822370081,1.19,5.0,27267,36240,8973,0.7524006622516556,2546,6137,warning_stem_collisions
S2025-317,0000354950,HD,Home Depot (The),0000354950-25-000085,2025,2025-03-21,1.0.3,0.3.0,2.896536126651589,2.79,0.8333142799200216,1.04,5.0,16802,22197,5395,0.7569491372708024,2095,4269,warning_stem_collisions
S2025-318,0000822416,PHM,PulteGroup,0000822416-26-000007,2025,2026-02-04,1.0.3,0.3.0,2.8679730337078655,2.77,0.8074385796746254,1.26,5.0,13350,17683,4333,0.7549623932590623,1764,3540,warning_stem_collisions
S2025-319,0000916365,TSCO,Tractor Supply,0000916365-26-000014,2025,2026-02-19,1.0.3,0.3.0,2.9454567456869807,2.86,0.8560457368673543,1.26,5.0,16114,20828,4714,0.773670059535241,1977,3604,warning_stem_collisions
S2025-320,0000063908,MCD,McDonald's,0000063908-26-000035,2025,2026-02-24,1.0.3,0.3.0,2.9389343173431732,2.83,0.8746784337546322,1.26,5.0,13550,18088,4538,0.7491154356479434,1849,3256,warning_stem_collisions
S2025-321,0001690820,CVNA,Carvana,0001690820-26-000009,2025,2026-02-18,1.0.3,0.3.0,2.9294337256805405,2.89,0.807694343283678,1.19,5.0,24723,32330,7607,0.7647077018249304,2151,5433,warning_stem_collisions
S2025-322,0001318605,TSLA,"Tesla, Inc.",0001628280-26-003952,2025,2026-01-29,1.0.3,0.3.0,2.9026474492698653,2.86,0.8110985942333188,1.19,5.0,21092,27906,6814,0.7558231204758833,2297,5013,warning_stem_collisions
S2025-323,0001300514,LVS,Las Vegas Sands,0001300514-26-000013,2025,2026-02-06,1.0.3,0.3.0,2.9953836,2.9,0.8568142277361178,1.19,5.0,25000,34415,9415,0.7264274298997531,2279,5801,warning_stem_collisions
S2025-324,0000764478,BBY,Best Buy,0000764478-25-000007,2025,2025-03-19,1.0.3,0.3.0,2.875715129635707,2.79,0.812547347686602,1.19,5.0,15235,19796,4561,0.769599919175591,1949,3531,warning_stem_collisions
S2025-325,0000910521,DECK,Deckers Brands,0000910521-25-000017,2025,2025-05-23,1.0.3,0.3.0,2.899308920841833,2.83,0.8177786458286476,1.26,5.0,20099,26506,6407,0.758281143891949,2063,4659,warning_stem_collisions
S2025-326,0000048465,HRL,Hormel Foods,0000048465-25-000059,2025,2025-12-05,1.0.3,0.3.0,2.9221693958992705,2.81,0.8490107608147911,1.26,5.0,14534,19668,5134,0.7389668497051047,1881,3653,warning_stem_collisions
S2025-327,0000909832,COST,Costco,0000909832-25-000101,2025,2025-10-08,1.0.3,0.3.0,2.9237214547504933,2.86,0.8409899268043359,1.26,5.0,10641,14202,3561,0.7492606675116181,1718,2669,warning_stem_collisions
S2025-328,0001996862,BG,Bunge Global,0001628280-26-009842,2025,2026-02-19,1.0.3,0.3.0,2.8849529437513683,2.81,0.8132386163381423,1.26,5.0,27414,37255,9841,0.7358475372433231,2253,6404,warning_stem_collisions
S2025-329,0000080424,PG,Procter & Gamble,0000080424-25-000076,2025,2025-08-04,1.0.3,0.3.0,2.925187145069695,2.81,0.8416764735287837,1.19,5.0,15496,20605,5109,0.7520504731861198,1805,3770,warning_stem_collisions
S2025-330,0000024545,TAP,Molson Coors Beverage Company,0000024545-26-000006,2025,2026-02-18,1.0.3,0.3.0,2.9100574418264307,2.8,0.8386650285232584,1.26,5.0,27332,36723,9391,0.7442747052256079,2393,6601,warning_stem_collisions
S2025-331,0000029534,DG,Dollar General,0001558370-25-003413,2025,2025-03-21,1.0.3,0.3.0,2.9126408347499853,2.82,0.8355571421254647,1.19,5.0,17059,22225,5166,0.7675590551181103,1988,3963,warning_stem_collisions
S2025-332,0000063754,MKC,McCormick & Company,0000063754-26-000037,2025,2026-01-22,1.0.3,0.3.0,2.881028110989943,2.79,0.8065995077112857,1.19,5.0,16506,21867,5361,0.7548360543284401,1924,4092,warning_stem_collisions
S2025-333,0000055785,KMB,Kimberly-Clark,0001628280-26-007567,2025,2026-02-12,1.0.3,0.3.0,2.8685075,2.74,0.816994895910464,1.19,5.0,16000,21641,5641,0.7393373688831385,1899,4143,warning_stem_collisions
S2025-334,0001001250,EL,Estée Lauder Companies (The),0001001250-25-000099,2025,2025-08-20,1.0.3,0.3.0,2.912595192970365,2.82,0.8206962105249425,1.26,5.0,23216,31069,7853,0.7472400141620265,2131,5485,warning_stem_collisions
S2025-335,0000021344,KO,Coca-Cola Company (The),0001628280-26-010047,2025,2026-02-20,1.0.3,0.3.0,2.937590491262332,2.85,0.8328613619741652,1.26,5.0,29699,39216,9517,0.7573184414524684,2407,7073,warning_stem_collisions
S2025-336,0000014693,BF-B,Brown–Forman,0000014693-25-000062,2025,2025-06-13,1.0.3,0.3.0,2.92787286230156,2.81,0.8573500670541515,1.19,5.0,14677,19718,5041,0.7443452682827874,2092,3535,warning_stem_collisions
S2025-337,0000021076,CLX,Clorox,0000021076-25-000039,2025,2025-08-08,1.0.3,0.3.0,2.920194931773879,2.82,0.8515323797575067,1.19,5.0,8208,11254,3046,0.7293406788697352,1530,2153,warning_stem_collisions
S2025-338,0000027419,TGT,Target Corporation,0000027419-25-000018,2025,2025-03-12,1.0.3,0.3.0,2.8961725143448405,2.8,0.8340557783779504,1.26,5.0,10631,13658,3027,0.7783716503148338,1733,2409,warning_stem_collisions
S2025-339,0001039684,OKE,Oneok,0001039684-26-000006,2025,2026-02-24,1.0.3,0.3.0,2.947816973415133,2.83,0.861775157563246,1.26,5.0,23472,31498,8026,0.7451901708044956,2216,5472,warning_stem_collisions
S2025-340,0001163165,COP,ConocoPhillips,0001163165-26-000009,2025,2026-02-17,1.0.3,0.3.0,2.923511099319006,2.8,0.8372193734255957,1.26,5.0,22614,30945,8331,0.7307804168686379,2254,5692,warning_stem_collisions
S2025-341,0001090012,DVN,Devon Energy,0001193125-26-056485,2025,2026-02-18,1.0.3,0.3.0,2.9194345987957466,2.8,0.8493767252361294,1.04,5.0,23417,32383,8966,0.723126331717259,2062,6041,warning_stem_collisions
S2025-342,0001389170,TRGP,Targa Resources,0001193125-26-059296,2025,2026-02-19,1.0.3,0.3.0,2.9298651485788114,2.83,0.8525913630282428,1.19,5.0,37152,50538,13386,0.7351300011872255,2419,8958,warning_stem_collisions
S2025-343,0001506307,KMI,Kinder Morgan,0001506307-26-000011,2025,2026-02-13,1.0.3,0.3.0,2.8911086097353547,2.76,0.8465901339081209,1.26,5.0,19989,27333,7344,0.7313137965097135,2241,5314,warning_stem_collisions
S2025-344,0000107263,WMB,Williams Companies,0000107263-26-000006,2025,2026-02-24,1.0.3,0.3.0,2.907512107812171,2.81,0.8323587633207055,1.19,5.0,28494,40369,11875,0.7058386385592905,2270,6800,warning_stem_collisions
S2025-345,0001510295,MPC,Marathon Petroleum,0001510295-26-000009,2025,2026-02-26,1.0.3,0.3.0,2.956019285766664,2.86,0.8591843660968297,1.19,5.0,27274,36923,9649,0.7386723722341089,2472,6429,warning_stem_collisions
S2025-346,0000797468,OXY,Occidental Petroleum,0001628280-26-009059,2025,2026-02-18,1.0.3,0.3.0,2.9436107799948172,2.82,0.8647271725952075,1.19,5.0,19295,27465,8170,0.7025304933551794,2066,5614,warning_stem_collisions
S2025-347,0001571949,ICE,Intercontinental Exchange,0001571949-26-000004,2025,2026-02-05,1.0.3,0.3.0,2.920559739201304,2.86,0.8167285545655918,1.19,5.0,30675,40859,10184,0.7507525881690692,2488,7441,warning_stem_collisions
S2025-348,0001381197,IBKR,Interactive Brokers,0001381197-26-000062,2025,2026-02-27,1.0.3,0.3.0,2.912757213832132,2.82,0.8180469269551607,1.19,5.0,30393,42087,11694,0.7221469812531185,2403,7903,warning_stem_collisions
S2025-349,0000020286,CINF,Cincinnati Financial,0000020286-26-000008,2025,2026-02-23,1.0.3,0.3.0,2.8576238344988343,2.76,0.7786013301331199,1.19,5.0,27456,35701,8245,0.7690540881207809,2303,6074,warning_stem_collisions
S2025-350,0000019617,JPM,JPMorgan Chase,0001628280-26-008131,2025,2026-02-13,1.0.3,0.3.0,2.8545482197506904,2.72,0.8045704885315532,1.19,5.0,53588,73924,20336,0.7249066608949732,2774,13299,warning_stem_collisions
S2025-351,0000049196,HBAN,Huntington Bancshares,0000049196-26-000015,2025,2026-02-13,1.0.3,0.3.0,2.819051357104843,2.71,0.7921943100845291,1.19,5.0,30064,40182,10118,0.7481957095216764,2478,6850,warning_stem_collisions
S2025-352,0001113169,TROW,T. Rowe Price,0001628280-26-008002,2025,2026-02-13,1.0.3,0.3.0,2.883308065494239,2.8,0.8033722453045093,1.26,4.96,16490,21708,5218,0.7596277869909711,1902,3967,warning_stem_collisions
S2025-353,0000060086,L,Loews Corporation,0000060086-26-000008,2025,2026-02-10,1.0.3,0.3.0,2.907611506362019,2.79,0.8588101066423699,1.19,5.0,29236,39366,10130,0.7426713407509018,2472,7035,warning_stem_collisions
S2025-354,0001156375,CME,CME Group,0001156375-26-000009,2025,2026-02-26,1.0.3,0.3.0,2.9388237575757574,2.87,0.820380696974832,1.19,5.0,20625,27983,7358,0.7370546403173355,2163,5196,warning_stem_collisions
S2025-355,0000092230,TFC,Truist Financial,0000092230-26-000030,2025,2026-02-24,1.0.3,0.3.0,2.8155142020680204,2.71,0.799055094193677,1.19,5.0,32108,44387,12279,0.7233649491968369,2552,8122,warning_stem_collisions
S2025-356,0001067983,BRK-B,Berkshire Hathaway,0001193125-26-083899,2025,2026-03-02,1.0.3,0.3.0,2.9444428973399472,2.86,0.8397108717945734,1.26,5.0,34473,47734,13261,0.7221896342229858,2600,8772,warning_stem_collisions
S2025-357,0000005272,AIG,American International Group,0000005272-26-000023,2025,2026-02-12,1.0.3,0.3.0,2.7817903503052577,2.69,0.7703728378622448,1.19,5.0,33742,44704,10962,0.7547870436649964,2380,7993,warning_stem_collisions
S2025-358,0000947484,ACGL,Arch Capital Group,0000947484-26-000017,2025,2026-02-26,1.0.3,0.3.0,2.8422572763205176,2.75,0.7920486451844604,1.19,5.0,41745,55903,14158,0.7467398887358461,2718,9539,warning_stem_collisions
S2025-359,0000080661,PGR,Progressive Corporation,0000080661-26-000086,2025,2026-03-02,1.0.3,0.3.0,2.8367790575916234,2.76,0.8234044335149624,1.26,5.0,9550,12554,3004,0.7607137167436674,1724,2405,warning_stem_collisions
S2025-360,0001633917,PYPL,PayPal,0001633917-26-000024,2025,2026-02-03,1.0.3,0.3.0,2.8522254419008988,2.74,0.7849021107348344,1.23,5.0,24157,32231,8074,0.7494958269988521,2202,6109,warning_stem_collisions
S2025-361,0001408198,MSCI,MSCI Inc.,0001408198-26-000011,2025,2026-02-06,1.0.3,0.3.0,2.862414461905709,2.75,0.7928394880699194,1.19,5.0,20108,27151,7043,0.7405988729696881,2092,5152,warning_stem_collisions
S2025-362,0001137774,PRU,Prudential Financial,0001137774-26-000048,2025,2026-02-12,1.0.3,0.3.0,2.845217247549401,2.74,0.7965818768857792,1.19,5.0,51416,69021,17605,0.7449327016415294,2596,12632,warning_stem_collisions
S2025-363,0000886982,GS,Goldman Sachs,0000886982-26-000091,2025,2026-02-25,1.0.3,0.3.0,2.8717685053380784,2.74,0.8063885918097855,1.19,5.0,56200,76472,20272,0.7349095093629041,2772,13720,warning_stem_collisions
S2025-364,0000759944,CFG,Citizens Financial Group,0000759944-26-000028,2025,2026-02-12,1.0.3,0.3.0,2.855700189894627,2.72,0.8084214759127485,1.19,5.0,26857,35669,8812,0.7529507415402731,2351,6353,warning_stem_collisions
S2025-365,0000820027,AMP,Ameriprise Financial,0000820027-26-000011,2025,2026-02-19,1.0.3,0.3.0,2.870650361821013,2.74,0.7864847715291428,1.19,5.0,32751,43627,10876,0.7507048387466477,2297,7554,warning_stem_collisions
S2025-366,0001403161,V,Visa Inc.,0001403161-25-000089,2025,2025-11-06,1.0.3,0.3.0,2.953454852832806,2.89,0.8339598339537676,1.26,5.0,23069,30344,7275,0.7602491431584498,2330,5116,warning_stem_collisions
S2025-367,0000354190,AJG,Arthur J. Gallagher & Co.,0001628280-26-008662,2025,2026-02-17,1.0.3,0.3.0,2.826706726183663,2.72,0.776510585669747,1.19,5.0,26211,34375,8164,0.7625018181818182,2205,6051,warning_stem_collisions
S2025-368,0000720005,RJF,Raymond James Financial,0000720005-25-000093,2025,2025-11-25,1.0.3,0.3.0,2.8625610851320804,2.73,0.8033981396264904,1.26,4.97,32291,43255,10964,0.7465264131314299,2248,7605,warning_stem_collisions
S2025-369,0001783879,HOOD,Robinhood Markets,0001783879-26-000023,2025,2026-02-18,1.0.3,0.3.0,2.842416590189171,2.73,0.8070482725152412,1.19,5.0,33779,46497,12718,0.7264769770092694,2852,8731,warning_stem_collisions
S2025-370,0000922621,ERIE,Erie Indemnity,0001628280-26-010666,2025,2026-02-23,1.0.3,0.3.0,2.8260443855581316,2.74,0.7694772452051358,1.26,4.96,15095,19648,4553,0.7682715798045603,1719,3547,warning_stem_collisions
S2025-371,0001267238,AIZ,Assurant,0001267238-26-000010,2025,2026-02-19,1.0.3,0.3.0,2.8198267526188556,2.74,0.7942697405146041,1.19,5.0,29784,39092,9308,0.7618950168832498,2327,7382,warning_stem_collisions
S2025-372,0000713676,PNC,PNC Financial Services,0000713676-26-000020,2025,2026-02-20,1.0.3,0.3.0,2.852543751104826,2.72,0.814476011129333,1.19,5.0,39599,53073,13474,0.7461232641832947,2585,9333,warning_stem_collisions
S2025-373,0001013237,FDS,FactSet,0001628280-25-045769,2025,2025-10-22,1.0.3,0.3.0,2.8644667299849154,2.74,0.7985510855570573,1.19,5.0,17899,23590,5691,0.758753709198813,1930,4018,warning_stem_collisions
S2025-374,0000779152,JKHY,Jack Henry & Associates,0000779152-25-000055,2025,2025-08-25,1.0.3,0.3.0,2.87757043320206,2.76,0.8038811045896979,1.19,5.0,13204,17428,4224,0.757631397750746,1806,3177,warning_stem_collisions
S2025-375,0001478242,IQV,IQVIA,0001628280-26-008322,2025,2026-02-17,1.0.3,0.3.0,2.839382026951599,2.73,0.782915850615578,1.19,4.97,25082,33073,7991,0.7583829710035376,2472,6122,warning_stem_collisions
S2025-376,0000943819,RMD,ResMed,0000943819-25-000035,2025,2025-08-08,1.0.3,0.3.0,2.86803461425638,2.79,0.7893211121613949,1.19,5.0,23863,31806,7943,0.7502672451738666,2651,5663,warning_stem_collisions
S2025-377,0001613103,MDT,Medtronic,0001613103-25-000091,2025,2025-06-20,1.0.3,0.3.0,2.9058038535131043,2.83,0.8205488573692393,1.19,5.0,22473,30307,7834,0.7415118619460851,2491,5316,warning_stem_collisions
S2025-378,0000310764,SYK,Stryker Corporation,0000310764-26-000010,2025,2026-02-11,1.0.3,0.3.0,2.8409154929577465,2.74,0.8015410474589141,1.23,5.0,12780,17049,4269,0.7496040823508711,1832,3215,warning_stem_collisions
S2025-379,0000711404,COO,Cooper Companies (The),0001628280-25-055615,2025,2025-12-05,1.0.3,0.3.0,2.863321009134406,2.74,0.814952430342591,1.04,5.0,18392,25277,6885,0.7276179926415318,2268,4821,warning_stem_collisions
S2025-380,0001932393,GEHC,GE HealthCare,0001932393-26-000007,2025,2026-02-04,1.0.3,0.3.0,2.8454376703734154,2.74,0.8000094583179187,1.04,5.0,23111,31280,8169,0.7388427109974425,2467,5952,warning_stem_collisions
S2025-381,0000721371,CAH,Cardinal Health,0000721371-25-000079,2025,2025-08-12,1.0.3,0.3.0,2.8431557867360207,2.74,0.7915523303770202,1.26,4.97,19225,25920,6695,0.7417052469135802,1875,4955,warning_stem_collisions
S2025-382,0000352915,UHS,Universal Health Services,0001193125-26-071676,2025,2026-02-25,1.0.3,0.3.0,2.8434720429291014,2.74,0.7762547904721552,1.19,5.0,39507,52766,13259,0.7487207671606716,2419,9403,warning_stem_collisions
S2025-383,0000882095,GILD,Gilead Sciences,0000882095-26-000006,2025,2026-02-24,1.0.3,0.3.0,2.8599468645044865,2.76,0.8049486070220153,1.19,5.0,19949,27344,7395,0.7295567583382094,2238,4810,warning_stem_collisions
S2025-384,0001097149,ALGN,Align Technology,0001097149-26-000014,2025,2026-02-27,1.0.3,0.3.0,2.8832586401626386,2.82,0.8076572622013533,1.04,5.0,22135,30313,8178,0.7302147593441758,2583,5913,warning_stem_collisions
S2025-385,0001792044,VTRS,Viatris,0001792044-26-000013,2025,2026-02-26,1.0.3,0.3.0,2.862604095257965,2.74,0.8073974655323957,1.19,5.0,33551,46101,12550,0.7277716318518036,2657,8703,warning_stem_collisions
S2025-386,0000879169,INCY,Incyte,0000879169-26-000010,2025,2026-02-10,1.0.3,0.3.0,2.8621210682492584,2.76,0.79031767866844,1.26,5.0,25275,34658,9383,0.7292688556754573,2424,6131,warning_stem_collisions
S2025-387,0000874716,IDXX,Idexx Laboratories,0000874716-26-000038,2025,2026-02-20,1.0.3,0.3.0,2.894685953559193,2.81,0.811477482480196,1.04,5.0,23643,31720,8077,0.7453656998738966,2310,6040,warning_stem_collisions
S2025-388,0001739940,CI,Cigna,0001739940-26-000006,2025,2026-02-26,1.0.3,0.3.0,2.844334106542953,2.72,0.7905601576457674,1.19,5.0,25004,33654,8650,0.7429726035538123,2315,6567,warning_stem_collisions
S2025-389,0000010795,BDX,Becton Dickinson,0000010795-25-000099,2025,2025-11-25,1.0.3,0.3.0,2.8676358735604017,2.79,0.7934747529133686,1.19,5.0,20405,27872,7467,0.7320967278989667,2136,5274,warning_stem_collisions
S2025-390,0000049071,HUM,Humana,0000049071-26-000009,2025,2026-02-19,1.0.3,0.3.0,2.849468775874842,2.76,0.7686132413260296,1.26,5.0,22947,30662,7715,0.748385623899289,2020,5593,warning_stem_collisions
S2025-391,0001757898,STE,Steris,0001757898-25-000005,2025,2025-05-29,1.0.3,0.3.0,2.854954137738813,2.76,0.7958947932626945,1.19,5.0,19733,26375,6642,0.748170616113744,2116,5077,warning_stem_collisions
S2025-392,0000097745,TMO,Thermo Fisher Scientific,0000097745-26-000018,2025,2026-02-26,1.0.3,0.3.0,2.88256777529346,2.74,0.8085072201137734,1.3,5.0,14312,19291,4979,0.7419003680472759,1910,3862,warning_stem_collisions
S2025-393,0000310158,MRK,Merck & Co.,0000310158-26-000063,2025,2026-02-24,1.0.3,0.3.0,2.919279065095098,2.825,0.8219034700210632,1.04,5.0,29864,42906,13042,0.6960331888313989,2633,7463,warning_stem_collisions
S2025-394,0000200406,JNJ,Johnson & Johnson,0000200406-26-000016,2025,2026-02-11,1.0.3,0.3.0,2.9229829046974483,2.83,0.8219482727707192,1.19,5.0,19947,27337,7390,0.7296704100669422,2201,4800,warning_stem_collisions
S2025-395,0000875045,BIIB,Biogen,0000875045-26-000013,2025,2026-02-06,1.0.3,0.3.0,2.8515133539828184,2.76,0.764136561620379,1.04,5.0,34222,46460,12238,0.7365906155832974,2553,7661,warning_stem_collisions
S2025-396,0001140859,COR,Cencora,0001140859-25-000131,2025,2025-11-25,1.0.3,0.3.0,2.8761651104648194,2.79,0.8014283058642282,1.26,5.0,19599,26457,6858,0.7407869372944779,2050,4981,warning_stem_collisions
S2025-397,0001543151,UBER,Uber,0001543151-26-000015,2025,2026-02-13,1.0.3,0.3.0,2.8715407076072434,2.74,0.8367883494301751,1.19,5.0,32193,42322,10129,0.7606682103870327,2518,7687,warning_stem_collisions
S2025-398,0001699150,IR,Ingersoll Rand,0001628280-26-008617,2025,2026-02-17,1.0.3,0.3.0,2.9143526497755303,2.83,0.822532006425323,1.19,5.0,19379,25624,6245,0.7562831720262254,2105,4709,warning_stem_collisions
S2025-399,0000315189,DE,Deere & Company,0001104659-25-122321,2025,2025-12-18,1.0.3,0.3.0,2.908047094957768,2.83,0.8200900334709254,1.26,5.0,19535,25905,6370,0.7541015248021617,2017,4843,warning_stem_collisions
S2025-400,0000723531,PAYX,Paychex,0000950170-25-095300,2025,2025-07-11,1.0.3,0.3.0,2.856778244435111,2.74,0.8002233875200645,1.19,5.0,23810,32324,8514,0.7366043806459597,1845,5730,warning_stem_collisions
S2025-401,0000033185,EFX,Equifax,0000033185-26-000010,2025,2026-02-19,1.0.3,0.3.0,2.8400023055286576,2.75,0.767927336742708,1.19,4.96,21687,29047,7360,0.7466175508658381,2144,5317,warning_stem_collisions
S2025-402,0000075362,PCAR,Paccar,0001193125-26-057025,2025,2026-02-18,1.0.3,0.3.0,2.9750909669548613,2.89,0.844691215668289,1.3,5.0,18853,25753,6900,0.7320700500912515,1433,4761,warning_stem_collisions
S2025-403,0000091142,AOS,A. O. Smith,0000091142-26-000008,2025,2026-02-10,1.0.3,0.3.0,2.96851626776365,2.88,0.8681835976748439,1.26,5.0,10696,13850,3154,0.7722743682310469,1589,2338,warning_stem_collisions
S2025-404,0000032604,EMR,Emerson Electric,0000032604-25-000087,2025,2025-11-10,1.0.3,0.3.0,2.941344109509247,2.85,0.8139752902261631,1.26,5.0,13734,18621,4887,0.7375543740937651,1690,3263,warning_stem_collisions
S2025-405,0000077360,PNR,Pentair,0000077360-26-000007,2025,2026-02-24,1.0.3,0.3.0,2.8639984874047353,2.76,0.806618972171395,1.26,5.0,17189,22466,5277,0.7651117243835128,1963,4128,warning_stem_collisions
S2025-406,0001037868,AME,Ametek,0001037868-26-000016,2025,2026-02-17,1.0.3,0.3.0,2.8988379228953582,2.86,0.8024238328730278,1.04,5.0,12710,16835,4125,0.754974754974755,1732,2984,warning_stem_collisions
S2025-407,0001551182,ETN,Eaton Corporation,0001551182-26-000007,2025,2026-02-26,1.0.3,0.3.0,2.879808224728206,2.8,0.7913321814102815,1.04,5.0,14809,20047,5238,0.7387140220481868,1831,3780,warning_stem_collisions
S2025-408,0001383312,BR,Broadridge Financial Solutions,0001628280-25-037656,2025,2025-08-05,1.0.3,0.3.0,2.881763535673961,2.82,0.792556890616162,1.28,4.96,18599,25021,6422,0.743335598097598,2049,4654,warning_stem_collisions
S2025-409,0000728535,JBHT,J.B. Hunt,0001437749-26-005294,2025,2026-02-24,1.0.3,0.3.0,2.9245957400565095,2.86,0.8174778953223677,1.19,5.0,9202,12162,2960,0.7566189771419174,1524,2184,warning_stem_collisions
S2025-410,0000004281,HWM,Howmet Aerospace,0000004281-26-000012,2025,2026-02-12,1.0.3,0.3.0,2.925779870828848,2.82,0.8159631790482483,1.19,5.0,18580,25282,6702,0.7349102127996203,1918,4591,warning_stem_collisions
S2025-411,0001781335,OTIS,Otis Worldwide,0001781335-26-000011,2025,2026-02-05,1.0.3,0.3.0,2.8684646529220603,2.76,0.8065085302330816,1.19,5.0,18771,25358,6587,0.7402397665431028,2018,4882,warning_stem_collisions
S2025-412,0000008670,ADP,Automatic Data Processing,0000008670-25-000037,2025,2025-08-06,1.0.3,0.3.0,2.894050787528126,2.82,0.8066455440547309,1.26,4.96,15555,21021,5466,0.7399743114028828,1988,3783,warning_stem_collisions
S2025-413,0001996810,GEV,GE Vernova,0001996810-26-000015,2025,2026-01-29,1.0.3,0.3.0,2.84600162825014,2.76,0.7942687330684259,1.04,5.0,19653,26332,6679,0.7463542457845966,2186,4908,warning_stem_collisions
S2025-414,0000026172,CMI,Cummins,0000026172-26-000009,2025,2026-02-10,1.0.3,0.3.0,2.913319750938559,2.82,0.8203879161566756,1.19,5.0,21842,29101,7259,0.750558400054981,2147,5284,warning_stem_collisions
S2025-415,0000029905,DOV,Dover Corporation,0000029905-26-000009,2025,2026-02-13,1.0.3,0.3.0,2.9143132960636273,2.82,0.8154634336747251,1.04,5.0,17351,23100,5749,0.7511255411255411,1964,4333,warning_stem_collisions
S2025-416,0000066740,MMM,3M,0000066740-26-000014,2025,2026-02-03,1.0.3,0.3.0,2.9447246350855196,2.85,0.8389878547524017,1.26,5.0,22334,31553,9219,0.7078249294837258,2250,5950,warning_stem_collisions
S2025-417,0001069183,AXON,Axon Enterprise,0001628280-26-011360,2025,2026-02-25,1.0.3,0.3.0,2.8549533012761237,2.74,0.813829275774105,1.19,5.0,21628,28722,7094,0.7530116287166632,2356,5221,warning_stem_collisions
S2025-418,0000040533,GD,General Dynamics,0000040533-26-000006,2025,2026-01-30,1.0.3,0.3.0,2.9465016252173255,2.87,0.8299453170907576,1.26,5.0,13229,17950,4721,0.736991643454039,1909,3374,warning_stem_collisions
S2025-419,0000832101,IEX,IDEX Corporation,0000832101-26-000003,2025,2026-02-19,1.0.3,0.3.0,2.9415701760741975,2.87,0.8175389058872142,1.04,5.0,13801,18964,5163,0.7277473106939464,1911,3490,warning_stem_collisions
S2025-420,0001024478,ROK,Rockwell Automation,0001024478-25-000116,2025,2025-11-12,1.0.3,0.3.0,2.8677609333083782,2.76,0.7939475388744358,1.19,5.0,16029,20924,4895,0.7660581150831581,1759,3749,warning_stem_collisions
S2025-421,0000048898,HUBB,Hubbell Incorporated,0001628280-26-007500,2025,2026-02-12,1.0.3,0.3.0,2.8857259899863448,2.82,0.7945688255851114,1.19,5.0,17576,23280,5704,0.7549828178694158,1775,4349,warning_stem_collisions
S2025-422,0001060391,RSG,Republic Services,0001060391-26-000094,2025,2026-02-18,1.0.3,0.3.0,2.9125278032186315,2.83,0.8165915437039423,1.19,5.0,22929,30336,7407,0.7558346518987342,2316,5836,warning_stem_collisions
S2025-423,0000012927,BA,Boeing,0001628280-26-004357,2025,2026-01-30,1.0.3,0.3.0,2.8947781889958057,2.8,0.8160237652729431,1.26,5.0,20265,27431,7166,0.7387627137180562,2010,5333,warning_stem_collisions
S2025-424,0000849399,GEN,Gen Digital,0000849399-25-000033,2025,2025-05-15,1.0.3,0.3.0,2.8126137961122692,2.72,0.7876410303898479,1.19,5.0,20629,27244,6615,0.7571942446043165,2294,4944,warning_stem_collisions
S2025-425,0000004127,SWKS,Skyworks Solutions,0000004127-25-000085,2025,2025-11-07,1.0.3,0.3.0,2.858003441283107,2.75,0.8155011771683487,1.23,5.0,16273,21495,5222,0.7570597813444987,2140,4010,warning_stem_collisions
S2025-426,0000883241,SNPS,Synopsys,0000883241-25-000028,2025,2025-12-22,1.0.3,0.3.0,2.8593616234456616,2.77,0.7947606271650218,1.19,5.0,21633,28832,7199,0.750312153163152,2196,5223,warning_stem_collisions
S2025-427,0000827054,MCHP,Microchip Technology,0000827054-25-000077,2025,2025-05-23,1.0.3,0.3.0,2.881640535857668,2.76,0.8274686317265959,1.19,5.0,23663,30924,7261,0.7651985512870263,2224,5583,warning_stem_collisions
S2025-428,0001385157,TEL,TE Connectivity,0001104659-25-109150,2025,2025-11-10,1.0.3,0.3.0,2.831778853503185,2.74,0.7891709557907296,1.19,5.0,19625,25623,5998,0.7659134371463139,1884,4527,warning_stem_collisions
S2025-429,0001321655,PLTR,Palantir Technologies,0001321655-26-000011,2025,2026-02-17,1.0.3,0.3.0,2.8257732949087417,2.73,0.7944965528797674,1.19,5.0,29148,38631,9483,0.7545235691543061,2578,7476,warning_stem_collisions
S2025-430,0001086222,AKAM,Akamai Technologies,0001086222-26-000022,2025,2026-02-20,1.0.3,0.3.0,2.8681794726250063,2.76,0.7940840190884727,1.19,5.0,19379,25998,6619,0.7454034925763521,2171,4943,warning_stem_collisions
S2025-431,0001002047,NTAP,NetApp,0000950170-25-083705,2025,2025-06-09,1.0.3,0.3.0,2.87930493093479,2.81,0.8115577852025542,1.19,5.0,24904,33202,8298,0.7500752966688754,2162,6197,warning_stem_collisions
S2025-432,0000813672,CDNS,Cadence Design Systems,0000813672-26-000016,2025,2026-02-19,1.0.3,0.3.0,2.8260682718683325,2.72,0.7839607793974527,1.26,5.0,22967,31244,8277,0.7350851363461784,2304,6236,warning_stem_collisions
S2025-433,0001373715,NOW,ServiceNow,0001373715-26-000007,2025,2026-01-29,1.0.3,0.3.0,2.8340648107872988,2.74,0.7800073510832353,1.19,5.0,18392,24560,6168,0.7488599348534202,2158,4742,warning_stem_collisions
S2025-434,0001048695,FFIV,"F5, Inc.",0001048695-25-000157,2025,2025-11-25,1.0.3,0.3.0,2.906559026920227,2.83,0.8094984686330974,1.23,5.0,16196,21773,5577,0.7438570706838745,2044,4181,warning_stem_collisions
S2025-435,0000898293,JBL,Jabil,0001628280-25-045293,2025,2025-10-17,1.0.3,0.3.0,2.8743582495243274,2.8,0.7918942748194006,1.19,5.0,18395,24365,5970,0.7549764005745947,2072,4487,warning_stem_collisions
S2025-436,0000796343,ADBE,Adobe Inc.,0000796343-26-000003,2025,2026-01-15,1.0.3,0.3.0,2.8784195530726255,2.76,0.8163975435502511,1.19,5.0,17900,23821,5921,0.7514378069770371,2192,4601,warning_stem_collisions
S2025-437,0000051143,IBM,IBM,0000051143-26-000010,2025,2026-02-24,1.0.3,0.3.0,2.9026491926047275,2.82,0.8208951823082732,1.3,4.96,4273,5860,1587,0.7291808873720137,1070,1064,warning_stem_collisions
S2025-438,0000707549,LRCX,Lam Research,0000707549-25-000075,2025,2025-08-11,1.0.3,0.3.0,2.905184262061599,2.82,0.8263821259728987,1.04,5.0,16851,22398,5547,0.7523439592820788,2079,4135,warning_stem_collisions
S2025-439,0000769397,ADSK,Autodesk,0000769397-25-000019,2025,2025-03-06,1.0.3,0.3.0,2.85506132054125,2.74,0.7986917716133878,1.26,5.0,22097,29887,7790,0.7393515575333757,2259,5696,warning_stem_collisions
S2025-440,0002058873,Q,Qnity Electronics,0002058873-26-000010,2025,2026-02-26,1.0.3,0.3.0,2.866773189573723,2.79,0.8077699444688224,1.19,5.0,17993,24255,6262,0.7418264275407133,2191,4488,warning_stem_collisions
S2025-441,0001014473,VRSN,Verisign,0001014473-26-000006,2025,2026-02-05,1.0.3,0.3.0,2.9021366738804724,2.82,0.8066695745649767,1.29,5.0,12014,16100,4086,0.7462111801242236,1785,2897,warning_stem_collisions
S2025-442,0000858877,CSCO,Cisco,0000858877-25-000111,2025,2025-09-03,1.0.3,0.3.0,2.858979632788201,2.79,0.7947228705288738,1.19,5.0,19934,26634,6700,0.748441841255538,2053,5211,warning_stem_collisions
S2025-443,0001108524,CRM,Salesforce,0001108524-25-000006,2025,2025-03-05,1.0.3,0.3.0,2.857634866970454,2.75,0.8088973280373876,1.19,5.0,20409,27446,7037,0.7436056255920717,2267,5311,warning_stem_collisions
S2025-444,0001097864,ON,ON Semiconductor,0001097864-26-000006,2025,2026-02-09,1.0.3,0.3.0,2.8576727657644034,2.76,0.789214758514421,1.26,5.0,19839,26246,6407,0.7558866112931494,2096,4729,warning_stem_collisions
S2025-445,0001413447,NXPI,NXP Semiconductors,0001413447-26-000008,2025,2026-02-19,1.0.3,0.3.0,2.89507667002706,2.83,0.8136334611776799,1.19,5.0,18847,25235,6388,0.746859520507232,2241,4572,warning_stem_collisions
S2025-446,0001094285,TDY,Teledyne Technologies,0001094285-26-000017,2025,2026-02-20,1.0.3,0.3.0,2.900547096317281,2.82,0.8071308882696375,1.19,5.0,16944,22514,5570,0.7525983832282136,2042,4236,warning_stem_collisions
S2025-447,0001280452,MPWR,Monolithic Power Systems,0001437749-26-006113,2025,2026-02-27,1.0.3,0.3.0,2.8550937162891046,2.79,0.7941257697938648,1.19,5.0,14832,19545,4713,0.7588641596316194,1778,3646,warning_stem_collisions
S2025-448,0000804328,QCOM,Qualcomm,0000804328-25-000085,2025,2025-11-05,1.0.3,0.3.0,2.865313055500691,2.79,0.8097630344701333,1.19,5.0,20252,27436,7184,0.7381542498906546,2172,5363,warning_stem_collisions
S2025-449,0000097476,TXN,Texas Instruments,0000097476-26-000059,2025,2026-02-06,1.0.3,0.3.0,2.910450097847358,2.83,0.8220872998072436,1.19,5.0,8687,11488,2801,0.7561803621169917,1520,2181,warning_stem_collisions
S2025-450,0000002488,AMD,Advanced Micro Devices,0000002488-26-000018,2025,2026-02-04,1.0.3,0.3.0,2.913724784988272,2.83,0.8397866125970012,1.19,5.0,19185,26957,7772,0.7116889861631487,2139,5061,warning_stem_collisions
S2025-451,0000051434,IP,International Paper,0000051434-26-000055,2025,2026-02-27,1.0.3,0.3.0,2.8902444137005827,2.79,0.819660525550787,1.19,5.0,23853,32289,8436,0.738734553563133,2362,6077,warning_stem_collisions
S2025-452,0001164727,NEM,Newmont,0001164727-26-000010,2025,2026-02-19,1.0.3,0.3.0,2.9726718406063495,2.85,0.877096038687722,1.19,5.0,44067,60916,16849,0.723406001707269,3066,10927,warning_stem_collisions
S2025-453,0000915913,ALB,Albemarle Corporation,0000915913-26-000018,2025,2026-02-11,1.0.3,0.3.0,2.916247950561231,2.8,0.8389245518212769,1.26,5.0,31716,42487,10771,0.7464871607785911,2669,7472,warning_stem_collisions
S2025-454,0000002969,APD,Air Products,0000002969-25-000055,2025,2025-11-20,1.0.3,0.3.0,2.90147708638992,2.79,0.8135516658951241,1.04,5.0,23174,30691,7517,0.7550747776221042,2083,5579,warning_stem_collisions
S2025-455,0002005951,SW,Smurfit Westrock,0001628280-26-012555,2025,2026-02-27,1.0.3,0.3.0,2.901030682276948,2.82,0.8284410744979267,1.19,5.0,24770,34298,9528,0.7221995451629832,2461,6145,warning_stem_collisions
S2025-456,0000051253,IFF,International Flavors & Fragrances,0000051253-26-000006,2025,2026-02-27,1.0.3,0.3.0,2.9147222614176194,2.82,0.8182208861943453,1.26,5.0,21261,28322,7061,0.750688510698397,2145,5103,warning_stem_collisions
S2025-457,0001022671,STLD,Steel Dynamics,0001104659-26-021395,2025,2026-02-27,1.0.3,0.3.0,3.0090766760337213,2.9,0.8879476932522261,1.26,5.0,17437,23426,5989,0.744343891402715,1937,4462,warning_stem_collisions
S2025-458,0000008818,AVY,Avery Dennison,0000008818-26-000015,2025,2026-02-25,1.0.3,0.3.0,2.885619310506842,2.76,0.810534632993995,1.26,4.97,17027,22728,5701,0.749164026751144,1926,4328,warning_stem_collisions
S2025-459,0001707925,LIN,Linde plc,0001628280-26-011430,2025,2026-02-25,1.0.3,0.3.0,2.8980864320275734,2.82,0.8012345504810138,1.26,5.0,15087,21127,6040,0.7141099067543901,1779,3786,warning_stem_collisions
S2025-460,0001324404,CF,CF Industries,0001324404-26-000007,2025,2026-02-25,1.0.3,0.3.0,2.961036518448439,2.87,0.8268925841282352,1.19,5.0,26425,35827,9402,0.737572222067156,2201,6506,warning_stem_collisions
S2025-461,0000726728,O,Realty Income,0000726728-26-000011,2025,2026-02-25,1.0.3,0.3.0,2.8520334916015724,2.76,0.7810812968848799,1.26,5.0,19587,25485,5898,0.7685697469099471,1967,4536,warning_stem_collisions
S2025-462,0001063761,SPG,Simon Property Group,0001104659-26-019419,2025,2026-02-25,1.0.3,0.3.0,2.9110076189716385,2.82,0.810297530133673,1.19,5.0,25069,33203,8134,0.7550221365539258,1812,5334,warning_stem_collisions
S2025-463,0001034054,SBAC,SBA Communications,0001034054-26-000002,2025,2026-02-27,1.0.3,0.3.0,2.92437196847211,2.82,0.8297576065386423,1.19,5.0,19792,26133,6341,0.7573565989362109,1872,4695,warning_stem_collisions
S2025-464,0001138118,CBRE,CBRE Group,0001138118-26-000005,2025,2026-02-12,1.0.3,0.3.0,2.861986200513274,2.74,0.7891649333827626,1.19,5.0,23769,31499,7730,0.7545953839804438,2060,5566,warning_stem_collisions
S2025-465,0001020569,IRM,Iron Mountain,0001020569-26-000013,2025,2026-02-12,1.0.3,0.3.0,2.8875569419687066,2.8,0.811404129698181,1.26,5.0,20196,26656,6460,0.7576530612244898,1910,4744,warning_stem_collisions
S2025-466,0000879101,KIM,Kimco Realty,0001193125-26-060760,2025,2026-02-20,1.0.3,0.3.0,2.9089504195674616,2.82,0.800143865683032,1.26,5.0,37777,51588,13811,0.7322827014034271,1992,8774,warning_stem_collisions
S2025-467,0000766704,WELL,Welltower,0000766704-26-000010,2025,2026-02-12,1.0.3,0.3.0,2.8640674136436792,2.74,0.7978656606949509,1.19,5.0,32308,44160,11852,0.7316123188405798,2418,8002,warning_stem_collisions
S2025-468,0001045609,PLD,Prologis,0001193125-26-051453,2025,2026-02-13,1.0.3,0.3.0,2.8767574619077436,2.72,0.8142372091495627,1.19,5.0,28746,38166,9420,0.7531834617198554,1876,6665,warning_stem_collisions
S2025-469,0000912595,MAA,Mid-America Apartment Communities,0001193125-26-041208,2025,2026-02-06,1.0.3,0.3.0,2.8901187350154123,2.82,0.8136039692098122,1.19,5.0,26277,35200,8923,0.7465056818181818,1909,6026,warning_stem_collisions
S2025-470,0000765880,DOC,Healthpeak Properties,0001628280-26-005044,2025,2026-02-03,1.0.3,0.3.0,2.8748691564205404,2.78,0.8010972062221307,1.19,5.0,30418,41197,10779,0.7383547345680511,2286,7432,warning_stem_collisions
S2025-471,0001037540,BXP,"BXP, Inc.",0001037540-26-000006,2025,2026-02-27,1.0.3,0.3.0,2.8994600660066006,2.77,0.8223804088462474,1.19,5.0,30300,40943,10643,0.7400532447549032,2314,6993,warning_stem_collisions
S2025-472,0001051470,CCI,Crown Castle,0001051470-26-000016,2025,2026-02-23,1.0.3,0.3.0,2.928030464732706,2.82,0.845151382568854,1.19,5.0,20614,26982,6368,0.763990808687273,1875,4769,warning_stem_collisions
S2025-473,0001868275,CEG,Constellation Energy,0001868275-26-000032,2025,2026-02-24,1.0.3,0.3.0,2.8768351699415824,2.79,0.8005868286630885,1.26,5.0,30128,40384,10256,0.7460380348652932,2501,7100,warning_stem_collisions
S2025-474,0000874761,AES,AES Corporation,0000874761-26-000063,2025,2026-03-02,1.0.3,0.3.0,2.904056774666942,2.82,0.8065055997138033,1.19,5.0,43611,60942,17331,0.7156148469036133,2797,10484,warning_stem_collisions
S2025-475,0000731802,ATO,Atmos Energy,0000731802-25-000056,2025,2025-11-14,1.0.3,0.3.0,2.8738012729844415,2.79,0.7979435193566303,1.26,5.0,14140,18473,4333,0.7654414550966275,1651,3158,warning_stem_collisions
S2025-476,0000004904,AEP,American Electric Power,0000004904-26-000013,2025,2026-02-12,1.0.3,0.3.0,2.879398202079258,2.81,0.7908706282253463,1.19,5.0,45497,63874,18377,0.7122929517487554,2523,10733,warning_stem_collisions
S2025-477,0001111711,NI,NiSource,0001111711-26-000027,2025,2026-02-11,1.0.3,0.3.0,2.849519073828051,2.74,0.7936110370594319,1.26,5.0,26345,35772,9427,0.736469864698647,2239,6620,warning_stem_collisions
S2025-478,0000922224,PPL,PPL Corporation,0000922224-26-000008,2025,2026-02-20,1.0.3,0.3.0,2.8926721002727627,2.81,0.8094836390844077,1.19,5.0,30796,44107,13311,0.698211168295282,2274,7917,warning_stem_collisions
S2025-479,0000811156,CMS,CMS Energy,0000811156-26-000004,2025,2026-02-10,1.0.3,0.3.0,2.91877349967735,2.87,0.7942617263423172,1.19,5.0,23245,32980,9735,0.7048211036992117,2069,6605,warning_stem_collisions
S2025-480,0000092122,SO,Southern Company,0000092122-26-000006,2025,2026-02-19,1.0.3,0.3.0,2.9348687739967394,2.86,0.8100378624523987,1.26,5.0,57039,76685,19646,0.74380908913086,2453,12055,warning_stem_collisions
S2025-481,0000072741,ES,Eversource Energy,0001628280-26-008461,2025,2026-02-17,1.0.3,0.3.0,2.9436959746038354,2.89,0.7985570699535277,1.19,5.0,38431,53672,15241,0.7160344313608585,2356,9044,warning_stem_collisions
S2025-482,0001130310,CNP,CenterPoint Energy,0001130310-26-000008,2025,2026-02-19,1.0.3,0.3.0,2.8884606433380435,2.83,0.796827223123011,1.19,5.0,36093,51338,15245,0.7030464762943629,2538,9423,warning_stem_collisions
S2025-483,0001410636,AWK,American Water Works,0001410636-26-000034,2025,2026-02-18,1.0.3,0.3.0,2.9244903405142457,2.81,0.8492985034900222,1.19,5.0,35975,48619,12644,0.7399370616425677,2583,8821,warning_stem_collisions
S2025-484,0001002910,AEE,Ameren,0001002910-26-000009,2025,2026-02-18,1.0.3,0.3.0,2.9039812957281095,2.83,0.7883512726302596,1.19,5.0,33896,49028,15132,0.6913600391612956,2133,8282,warning_stem_collisions
