sample_order,company_id,final_sample_id,ticker,symbol,company_name,security,_company_key,cik,gics_sector,gics_sub_industry,accession_number,primary_document,form,filing_date,report_date,report_year,filing_url,source_manifest,sample_group,batch_id,sampling_seed,within_sector_random_order
1,P2025-001,P2025-001,FOXA|FOX,FOXA|FOX,Fox Corporation (Class A)|Fox Corporation (Class B),Fox Corporation (Class A)|Fox Corporation (Class B),cik:0001754301,0001754301,Communication Services,Broadcasting,0001628280-25-038077,fox-20250630.htm,10-K,2025-08-06,2025-06-30,2025,https://www.sec.gov/Archives/edgar/data/1754301/000162828025038077/fox-20250630.htm,2025/pilot_100/sample/final_analysis_sample_100.csv,pilot_100,1,20250729,1
2,P2025-002,P2025-002,TKO,TKO,TKO Group Holdings,TKO Group Holdings,cik:0001973266,0001973266,Communication Services,Movies & Entertainment,0001193125-26-071651,tko-20251231.htm,10-K,2026-02-25,2025-12-31,2025,https://www.sec.gov/Archives/edgar/data/1973266/000119312526071651/tko-20251231.htm,2025/pilot_100/sample/final_analysis_sample_100.csv,pilot_100,1,20250729,2
3,P2025-003,P2025-003,LYV,LYV,Live Nation Entertainment,Live Nation Entertainment,cik:0001335258,0001335258,Communication Services,Movies & Entertainment,0001335258-26-000009,lyv-20251231.htm,10-K,2026-02-19,2025-12-31,2025,https://www.sec.gov/Archives/edgar/data/1335258/000133525826000009/lyv-20251231.htm,2025/pilot_100/sample/final_analysis_sample_100.csv,pilot_100,1,20250729,3
4,P2025-004,P2025-004,DIS,DIS,Walt Disney Company (The),Walt Disney Company (The),cik:0001744489,0001744489,Communication Services,Movies & Entertainment,0001744489-25-000155,dis-20250927.htm,10-K,2025-11-13,2025-09-27,2025,https://www.sec.gov/Archives/edgar/data/1744489/000174448925000155/dis-20250927.htm,2025/pilot_100/sample/final_analysis_sample_100.csv,pilot_100,1,20250729,4
5,P2025-005,P2025-005,EBAY,EBAY,eBay Inc.,eBay Inc.,cik:0001065088,0001065088,Consumer Discretionary,Broadline Retail,0001065088-26-000027,ebay-20251231.htm,10-K,2026-02-19,2025-12-31,2025,https://www.sec.gov/Archives/edgar/data/1065088/000106508826000027/ebay-20251231.htm,2025/pilot_100/sample/final_analysis_sample_100.csv,pilot_100,1,20250729,1
6,P2025-006,P2025-006,CCL,CCL,Carnival Corporation,Carnival Corporation,cik:0000815097,0000815097,Consumer Discretionary,"Hotels, Resorts & Cruise Lines",0000815097-26-000007,ccl-20251130.htm,10-K,2026-01-27,2025-11-30,2025,https://www.sec.gov/Archives/edgar/data/815097/000081509726000007/ccl-20251130.htm,2025/pilot_100/sample/final_analysis_sample_100.csv,pilot_100,1,20250729,2
7,P2025-007,P2025-007,GRMN,GRMN,Garmin,Garmin,cik:0001121788,0001121788,Consumer Discretionary,Consumer Electronics,0001193125-26-056028,grmn-20251227.htm,10-K,2026-02-18,2025-12-27,2025,https://www.sec.gov/Archives/edgar/data/1121788/000119312526056028/grmn-20251227.htm,2025/pilot_100/sample/final_analysis_sample_100.csv,pilot_100,1,20250729,3
8,P2025-008,P2025-008,ULTA,ULTA,Ulta Beauty,Ulta Beauty,cik:0001403568,0001403568,Consumer Discretionary,Other Specialty Retail,0001558370-25-003810,ulta-20250201x10k.htm,10-K,2025-03-27,2025-02-01,2025,https://www.sec.gov/Archives/edgar/data/1403568/000155837025003810/ulta-20250201x10k.htm,2025/pilot_100/sample/final_analysis_sample_100.csv,pilot_100,1,20250729,4
9,P2025-009,P2025-009,DPZ,DPZ,Domino's,Domino's,cik:0001286681,0001286681,Consumer Discretionary,Restaurants,0001193125-26-062321,dpz-20251228.htm,10-K,2026-02-23,2025-12-28,2025,https://www.sec.gov/Archives/edgar/data/1286681/000119312526062321/dpz-20251228.htm,2025/pilot_100/sample/final_analysis_sample_100.csv,pilot_100,1,20250729,5
10,P2025-010,P2025-010,TJX,TJX,TJX Companies,TJX Companies,cik:0000109198,0000109198,Consumer Discretionary,Apparel Retail,0000109198-25-000010,tjx-20250201.htm,10-K,2025-04-02,2025-02-01,2025,https://www.sec.gov/Archives/edgar/data/109198/000010919825000010/tjx-20250201.htm,2025/pilot_100/sample/final_analysis_sample_100.csv,pilot_100,1,20250729,6
11,P2025-011,P2025-011,NVR,NVR,"NVR, Inc.","NVR, Inc.",cik:0000906163,0000906163,Consumer Discretionary,Homebuilding,0000906163-26-000018,nvr-20251231.htm,10-K,2026-02-11,2025-12-31,2025,https://www.sec.gov/Archives/edgar/data/906163/000090616326000018/nvr-20251231.htm,2025/pilot_100/sample/final_analysis_sample_100.csv,pilot_100,1,20250729,7
12,P2025-012,P2025-012,DASH,DASH,DoorDash,DoorDash,cik:0001792789,0001792789,Consumer Discretionary,Specialized Consumer Services,0001792789-26-000013,dash-20251231.htm,10-K,2026-02-18,2025-12-31,2025,https://www.sec.gov/Archives/edgar/data/1792789/000179278926000013/dash-20251231.htm,2025/pilot_100/sample/final_analysis_sample_100.csv,pilot_100,1,20250729,8
13,P2025-013,P2025-013,NCLH,NCLH,Norwegian Cruise Line Holdings,Norwegian Cruise Line Holdings,cik:0001513761,0001513761,Consumer Discretionary,"Hotels, Resorts & Cruise Lines",0001104659-26-022067,nclh-20251231x10k.htm,10-K,2026-03-02,2025-12-31,2025,https://www.sec.gov/Archives/edgar/data/1513761/000110465926022067/nclh-20251231x10k.htm,2025/pilot_100/sample/final_analysis_sample_100.csv,pilot_100,1,20250729,9
14,P2025-014,P2025-014,F,F,Ford Motor Company,Ford Motor Company,cik:0000037996,0000037996,Consumer Discretionary,Automobile Manufacturers,0000037996-26-000015,f-20251231.htm,10-K,2026-02-11,2025-12-31,2025,https://www.sec.gov/Archives/edgar/data/37996/000003799626000015/f-20251231.htm,2025/pilot_100/sample/final_analysis_sample_100.csv,pilot_100,1,20250729,10
15,P2025-015,P2025-015,CHD,CHD,Church & Dwight,Church & Dwight,cik:0000313927,0000313927,Consumer Staples,Household Products,0001193125-26-048139,chd-20251231.htm,10-K,2026-02-12,2025-12-31,2025,https://www.sec.gov/Archives/edgar/data/313927/000119312526048139/chd-20251231.htm,2025/pilot_100/sample/final_analysis_sample_100.csv,pilot_100,1,20250729,1
16,P2025-016,P2025-016,GIS,GIS,General Mills,General Mills,cik:0000040704,0000040704,Consumer Staples,Packaged Foods & Meats,0001193125-25-147079,d938443d10k.htm,10-K,2025-06-26,2025-05-25,2025,https://www.sec.gov/Archives/edgar/data/40704/000119312525147079/d938443d10k.htm,2025/pilot_100/sample/final_analysis_sample_100.csv,pilot_100,1,20250729,2
17,P2025-017,P2025-017,CL,CL,Colgate-Palmolive,Colgate-Palmolive,cik:0000021665,0000021665,Consumer Staples,Household Products,0000021665-26-000006,cl-20251231.htm,10-K,2026-02-23,2025-12-31,2025,https://www.sec.gov/Archives/edgar/data/21665/000002166526000006/cl-20251231.htm,2025/pilot_100/sample/final_analysis_sample_100.csv,pilot_100,1,20250729,3
18,P2025-018,P2025-018,STZ,STZ,Constellation Brands,Constellation Brands,cik:0000016918,0000016918,Consumer Staples,Distillers & Vintners,0000016918-25-000022,stz-20250228.htm,10-K,2025-04-23,2025-02-28,2025,https://www.sec.gov/Archives/edgar/data/16918/000001691825000022/stz-20250228.htm,2025/pilot_100/sample/final_analysis_sample_100.csv,pilot_100,1,20250729,4
19,P2025-019,P2025-019,SJM,SJM,J.M. Smucker Company (The),J.M. Smucker Company (The),cik:0000091419,0000091419,Consumer Staples,Packaged Foods & Meats,0000091419-25-000056,sjm-20250430.htm,10-K,2025-06-18,2025-04-30,2025,https://www.sec.gov/Archives/edgar/data/91419/000009141925000056/sjm-20250430.htm,2025/pilot_100/sample/final_analysis_sample_100.csv,pilot_100,1,20250729,5
20,P2025-020,P2025-020,TSN,TSN,Tyson Foods,Tyson Foods,cik:0000100493,0000100493,Consumer Staples,Packaged Foods & Meats,0000100493-25-000095,tsn-20250927.htm,10-K,2025-11-10,2025-09-27,2025,https://www.sec.gov/Archives/edgar/data/100493/000010049325000095/tsn-20250927.htm,2025/pilot_100/sample/final_analysis_sample_100.csv,pilot_100,1,20250729,6
21,P2025-021,P2025-021,WMT,WMT,Walmart,Walmart,cik:0000104169,0000104169,Consumer Staples,Consumer Staples Merchandise Retail,0000104169-25-000021,wmt-20250131.htm,10-K,2025-03-14,2025-01-31,2025,https://www.sec.gov/Archives/edgar/data/104169/000010416925000021/wmt-20250131.htm,2025/pilot_100/sample/final_analysis_sample_100.csv,pilot_100,1,20250729,7
22,P2025-022,P2025-022,XOM,XOM,ExxonMobil,ExxonMobil,cik:0000034088,0000034088,Energy,Integrated Oil & Gas,0000034088-26-000045,xom-20251231.htm,10-K,2026-02-18,2025-12-31,2025,https://www.sec.gov/Archives/edgar/data/34088/000003408826000045/xom-20251231.htm,2025/pilot_100/sample/final_analysis_sample_100.csv,pilot_100,1,20250729,1
23,P2025-023,P2025-023,FANG,FANG,Diamondback Energy,Diamondback Energy,cik:0001539838,0001539838,Energy,Oil & Gas Exploration & Production,0001539838-26-000010,fang-20251231.htm,10-K,2026-02-25,2025-12-31,2025,https://www.sec.gov/Archives/edgar/data/1539838/000153983826000010/fang-20251231.htm,2025/pilot_100/sample/final_analysis_sample_100.csv,pilot_100,1,20250729,2
24,P2025-024,P2025-024,HAL,HAL,Halliburton,Halliburton,cik:0000045012,0000045012,Energy,Oil & Gas Equipment & Services,0000045012-26-000015,hal-20251231.htm,10-K,2026-02-06,2025-12-31,2025,https://www.sec.gov/Archives/edgar/data/45012/000004501226000015/hal-20251231.htm,2025/pilot_100/sample/final_analysis_sample_100.csv,pilot_100,1,20250729,3
25,P2025-025,P2025-025,CVX,CVX,Chevron Corporation,Chevron Corporation,cik:0000093410,0000093410,Energy,Integrated Oil & Gas,0000093410-26-000078,cvx-20251231.htm,10-K,2026-02-24,2025-12-31,2025,https://www.sec.gov/Archives/edgar/data/93410/000009341026000078/cvx-20251231.htm,2025/pilot_100/sample/final_analysis_sample_100.csv,pilot_100,1,20250729,4
26,P2025-026,P2025-026,WTW,WTW,Willis Towers Watson,Willis Towers Watson,cik:0001140536,0001140536,Financials,Insurance Brokers,0001193125-26-069307,wtw-20251231.htm,10-K,2026-02-25,2025-12-31,2025,https://www.sec.gov/Archives/edgar/data/1140536/000119312526069307/wtw-20251231.htm,2025/pilot_100/sample/final_analysis_sample_100.csv,pilot_100,1,20250729,1
27,P2025-027,P2025-027,MA,MA,Mastercard,Mastercard,cik:0001141391,0001141391,Financials,Transaction & Payment Processing Services,0001141391-26-000013,ma-20251231.htm,10-K,2026-02-11,2025-12-31,2025,https://www.sec.gov/Archives/edgar/data/1141391/000114139126000013/ma-20251231.htm,2025/pilot_100/sample/final_analysis_sample_100.csv,pilot_100,1,20250729,2
28,P2025-028,P2025-028,STT,STT,State Street Corporation,State Street Corporation,cik:0000093751,0000093751,Financials,Asset Management & Custody Banks,0000093751-26-000124,stt-20251231.htm,10-K,2026-02-19,2025-12-31,2025,https://www.sec.gov/Archives/edgar/data/93751/000009375126000124/stt-20251231.htm,2025/pilot_100/sample/final_analysis_sample_100.csv,pilot_100,1,20250729,3
29,P2025-029,P2025-029,BAC,BAC,Bank of America,Bank of America,cik:0000070858,0000070858,Financials,Diversified Banks,0000070858-26-000157,bac-20251231.htm,10-K,2026-02-25,2025-12-31,2025,https://www.sec.gov/Archives/edgar/data/70858/000007085826000157/bac-20251231.htm,2025/pilot_100/sample/final_analysis_sample_100.csv,pilot_100,1,20250729,4
30,P2025-030,P2025-030,BEN,BEN,Franklin Resources,Franklin Resources,cik:0000038777,0000038777,Financials,Asset Management & Custody Banks,0000038777-25-000238,ben-20250930.htm,10-K,2025-11-10,2025-09-30,2025,https://www.sec.gov/Archives/edgar/data/38777/000003877725000238/ben-20250930.htm,2025/pilot_100/sample/final_analysis_sample_100.csv,pilot_100,1,20250729,5
31,P2025-031,P2025-031,BX,BX,Blackstone Inc.,Blackstone Inc.,cik:0001393818,0001393818,Financials,Asset Management & Custody Banks,0001193125-26-082531,d48618d10k.htm,10-K,2026-02-27,2025-12-31,2025,https://www.sec.gov/Archives/edgar/data/1393818/000119312526082531/d48618d10k.htm,2025/pilot_100/sample/final_analysis_sample_100.csv,pilot_100,1,20250729,6
32,P2025-032,P2025-032,RF,RF,Regions Financial Corporation,Regions Financial Corporation,cik:0001281761,0001281761,Financials,Regional Banks,0001281761-26-000019,rf-20251231.htm,10-K,2026-02-24,2025-12-31,2025,https://www.sec.gov/Archives/edgar/data/1281761/000128176126000019/rf-20251231.htm,2025/pilot_100/sample/final_analysis_sample_100.csv,pilot_100,1,20250729,7
33,P2025-033,P2025-033,MS,MS,Morgan Stanley,Morgan Stanley,cik:0000895421,0000895421,Financials,Investment Banking & Brokerage,0000895421-26-000086,ms-20251231.htm,10-K,2026-02-19,2025-12-31,2025,https://www.sec.gov/Archives/edgar/data/895421/000089542126000086/ms-20251231.htm,2025/pilot_100/sample/final_analysis_sample_100.csv,pilot_100,1,20250729,8
34,P2025-034,P2025-034,AFL,AFL,Aflac,Aflac,cik:0000004977,0000004977,Financials,Life & Health Insurance,0001628280-26-011402,afl-20251231.htm,10-K,2026-02-25,2025-12-31,2025,https://www.sec.gov/Archives/edgar/data/4977/000162828026011402/afl-20251231.htm,2025/pilot_100/sample/final_analysis_sample_100.csv,pilot_100,1,20250729,9
35,P2025-035,P2025-035,FIS,FIS,Fidelity National Information Services,Fidelity National Information Services,cik:0001136893,0001136893,Financials,Transaction & Payment Processing Services,0001136893-26-000013,fis-20251231.htm,10-K,2026-02-24,2025-12-31,2025,https://www.sec.gov/Archives/edgar/data/1136893/000113689326000013/fis-20251231.htm,2025/pilot_100/sample/final_analysis_sample_100.csv,pilot_100,1,20250729,10
36,P2025-036,P2025-036,MTB,MTB,M&T Bank,M&T Bank,cik:0000036270,0000036270,Financials,Regional Banks,0000036270-26-000010,mtb-20251231.htm,10-K,2026-02-18,2025-12-31,2025,https://www.sec.gov/Archives/edgar/data/36270/000003627026000010/mtb-20251231.htm,2025/pilot_100/sample/final_analysis_sample_100.csv,pilot_100,1,20250729,11
37,P2025-037,P2025-037,XYZ,XYZ,"Block, Inc.","Block, Inc.",cik:0001512673,0001512673,Financials,Transaction & Payment Processing Services,0001628280-26-012254,xyz-20251231.htm,10-K,2026-02-26,2025-12-31,2025,https://www.sec.gov/Archives/edgar/data/1512673/000162828026012254/xyz-20251231.htm,2025/pilot_100/sample/final_analysis_sample_100.csv,pilot_100,1,20250729,12
38,P2025-038,P2025-038,BLK,BLK,BlackRock,BlackRock,cik:0002012383,0002012383,Financials,Asset Management & Custody Banks,0001193125-26-071966,blk-20251231.htm,10-K,2026-02-25,2025-12-31,2025,https://www.sec.gov/Archives/edgar/data/2012383/000119312526071966/blk-20251231.htm,2025/pilot_100/sample/final_analysis_sample_100.csv,pilot_100,1,20250729,13
39,P2025-039,P2025-039,WFC,WFC,Wells Fargo,Wells Fargo,cik:0000072971,0000072971,Financials,Diversified Banks,0000072971-26-000133,wfc-20251231_d2.htm,10-K,2026-02-24,2025-12-31,2025,https://www.sec.gov/Archives/edgar/data/72971/000007297126000133/wfc-20251231_d2.htm,2025/pilot_100/sample/final_analysis_sample_100.csv,pilot_100,1,20250729,14
40,P2025-040,P2025-040,AON,AON,Aon plc,Aon plc,cik:0000315293,0000315293,Financials,Insurance Brokers,0001628280-26-008116,aon-20251231.htm,10-K,2026-02-13,2025-12-31,2025,https://www.sec.gov/Archives/edgar/data/315293/000162828026008116/aon-20251231.htm,2025/pilot_100/sample/final_analysis_sample_100.csv,pilot_100,1,20250729,15
41,P2025-041,P2025-041,ISRG,ISRG,Intuitive Surgical,Intuitive Surgical,cik:0001035267,0001035267,Health Care,Health Care Equipment,0001035267-26-000010,isrg-20251231.htm,10-K,2026-02-03,2025-12-31,2025,https://www.sec.gov/Archives/edgar/data/1035267/000103526726000010/isrg-20251231.htm,2025/pilot_100/sample/final_analysis_sample_100.csv,pilot_100,1,20250729,1
42,P2025-042,P2025-042,DHR,DHR,Danaher Corporation,Danaher Corporation,cik:0000313616,0000313616,Health Care,Life Sciences Tools & Services,0000313616-26-000062,dhr-20251231.htm,10-K,2026-02-24,2025-12-31,2025,https://www.sec.gov/Archives/edgar/data/313616/000031361626000062/dhr-20251231.htm,2025/pilot_100/sample/final_analysis_sample_100.csv,pilot_100,1,20250729,2
43,P2025-043,P2025-043,HCA,HCA,HCA Healthcare,HCA Healthcare,cik:0000860730,0000860730,Health Care,Health Care Facilities,0001193125-26-044769,hca-20251231.htm,10-K,2026-02-10,2025-12-31,2025,https://www.sec.gov/Archives/edgar/data/860730/000119312526044769/hca-20251231.htm,2025/pilot_100/sample/final_analysis_sample_100.csv,pilot_100,1,20250729,3
44,P2025-044,P2025-044,REGN,REGN,Regeneron Pharmaceuticals,Regeneron Pharmaceuticals,cik:0000872589,0000872589,Health Care,Biotechnology,0000872589-26-000008,regn-20251231.htm,10-K,2026-02-04,2025-12-31,2025,https://www.sec.gov/Archives/edgar/data/872589/000087258926000008/regn-20251231.htm,2025/pilot_100/sample/final_analysis_sample_100.csv,pilot_100,1,20250729,4
45,P2025-045,P2025-045,CNC,CNC,Centene Corporation,Centene Corporation,cik:0001071739,0001071739,Health Care,Managed Health Care,0001071739-26-000049,cnc-20251231.htm,10-K,2026-02-17,2025-12-31,2025,https://www.sec.gov/Archives/edgar/data/1071739/000107173926000049/cnc-20251231.htm,2025/pilot_100/sample/final_analysis_sample_100.csv,pilot_100,1,20250729,5
46,P2025-046,P2025-046,HSIC,HSIC,Henry Schein,Henry Schein,cik:0001000228,0001000228,Health Care,Health Care Distributors,0001000228-26-000013,hsic-20251227.htm,10-K,2026-02-24,2025-12-27,2025,https://www.sec.gov/Archives/edgar/data/1000228/000100022826000013/hsic-20251227.htm,2025/pilot_100/sample/final_analysis_sample_100.csv,pilot_100,1,20250729,6
47,P2025-047,P2025-047,WAT,WAT,Waters Corporation,Waters Corporation,cik:0001000697,0001000697,Health Care,Life Sciences Tools & Services,0001193125-26-062604,d778470d10k.htm,10-K,2026-02-23,2025-12-31,2025,https://www.sec.gov/Archives/edgar/data/1000697/000119312526062604/d778470d10k.htm,2025/pilot_100/sample/final_analysis_sample_100.csv,pilot_100,1,20250729,7
48,P2025-048,P2025-048,UNH,UNH,UnitedHealth Group,UnitedHealth Group,cik:0000731766,0000731766,Health Care,Managed Health Care,0000731766-26-000062,unh-20251231.htm,10-K,2026-03-02,2025-12-31,2025,https://www.sec.gov/Archives/edgar/data/731766/000073176626000062/unh-20251231.htm,2025/pilot_100/sample/final_analysis_sample_100.csv,pilot_100,1,20250729,8
49,P2025-049,P2025-049,ZTS,ZTS,Zoetis,Zoetis,cik:0001555280,0001555280,Health Care,Pharmaceuticals,0001555280-26-000011,zts-20251231.htm,10-K,2026-02-12,2025-12-31,2025,https://www.sec.gov/Archives/edgar/data/1555280/000155528026000011/zts-20251231.htm,2025/pilot_100/sample/final_analysis_sample_100.csv,pilot_100,1,20250729,9
50,P2025-050,P2025-050,BAX,BAX,Baxter International,Baxter International,cik:0000010456,0000010456,Health Care,Health Care Equipment,0001628280-26-007733,bax-20251231.htm,10-K,2026-02-12,2025-12-31,2025,https://www.sec.gov/Archives/edgar/data/10456/000162828026007733/bax-20251231.htm,2025/pilot_100/sample/final_analysis_sample_100.csv,pilot_100,1,20250729,10
51,P2025-051,P2025-051,TECH,TECH,Bio-Techne,Bio-Techne,cik:0000842023,0000842023,Health Care,Life Sciences Tools & Services,0001558370-25-011716,tech-20250630x10k.htm,10-K,2025-08-22,2025-06-30,2025,https://www.sec.gov/Archives/edgar/data/842023/000155837025011716/tech-20250630x10k.htm,2025/pilot_100/sample/final_analysis_sample_100.csv,pilot_100,1,20250729,11
52,P2025-052,P2025-052,DXCM,DXCM,Dexcom,Dexcom,cik:0001093557,0001093557,Health Care,Health Care Equipment,0001093557-26-000027,dxcm-20251231.htm,10-K,2026-02-12,2025-12-31,2025,https://www.sec.gov/Archives/edgar/data/1093557/000109355726000027/dxcm-20251231.htm,2025/pilot_100/sample/final_analysis_sample_100.csv,pilot_100,1,20250729,12
53,P2025-053,P2025-053,LMT,LMT,Lockheed Martin,Lockheed Martin,cik:0000936468,0000936468,Industrials,Aerospace & Defense,0001628280-26-004195,lmt-20251231.htm,10-K,2026-01-29,2025-12-31,2025,https://www.sec.gov/Archives/edgar/data/936468/000162828026004195/lmt-20251231.htm,2025/pilot_100/sample/final_analysis_sample_100.csv,pilot_100,1,20250729,1
54,P2025-054,P2025-054,NSC,NSC,Norfolk Southern,Norfolk Southern,cik:0000702165,0000702165,Industrials,Rail Transportation,0001628280-26-006268,nsc-20251231.htm,10-K,2026-02-09,2025-12-31,2025,https://www.sec.gov/Archives/edgar/data/702165/000162828026006268/nsc-20251231.htm,2025/pilot_100/sample/final_analysis_sample_100.csv,pilot_100,1,20250729,2
55,P2025-055,P2025-055,J,J,Jacobs Solutions,Jacobs Solutions,cik:0000052988,0000052988,Industrials,Construction & Engineering,0001628280-25-053316,jec-20250926.htm,10-K,2025-11-20,2025-09-26,2025,https://www.sec.gov/Archives/edgar/data/52988/000162828025053316/jec-20250926.htm,2025/pilot_100/sample/final_analysis_sample_100.csv,pilot_100,1,20250729,3
56,P2025-056,P2025-056,EME,EME,Emcor,Emcor,cik:0000105634,0000105634,Industrials,Construction & Engineering,0000105634-26-000025,eme-20251231.htm,10-K,2026-02-26,2025-12-31,2025,https://www.sec.gov/Archives/edgar/data/105634/000010563426000025/eme-20251231.htm,2025/pilot_100/sample/final_analysis_sample_100.csv,pilot_100,1,20250729,4
57,P2025-057,P2025-057,PH,PH,Parker Hannifin,Parker Hannifin,cik:0000076334,0000076334,Industrials,Industrial Machinery & Supplies & Components,0000076334-25-000035,ph-20250630.htm,10-K,2025-08-22,2025-06-30,2025,https://www.sec.gov/Archives/edgar/data/76334/000007633425000035/ph-20250630.htm,2025/pilot_100/sample/final_analysis_sample_100.csv,pilot_100,1,20250729,5
58,P2025-058,P2025-058,CPRT,CPRT,Copart,Copart,cik:0000900075,0000900075,Industrials,Diversified Support Services,0001628280-25-042946,cprt-20250731.htm,10-K,2025-09-26,2025-07-31,2025,https://www.sec.gov/Archives/edgar/data/900075/000162828025042946/cprt-20250731.htm,2025/pilot_100/sample/final_analysis_sample_100.csv,pilot_100,1,20250729,6
59,P2025-060,P2025-060,UPS,UPS,United Parcel Service,United Parcel Service,cik:0001090727,0001090727,Industrials,Air Freight & Logistics,0001628280-26-008432,ups-20251231.htm,10-K,2026-02-17,2025-12-31,2025,https://www.sec.gov/Archives/edgar/data/1090727/000162828026008432/ups-20251231.htm,2025/pilot_100/sample/final_analysis_sample_100.csv,pilot_100,1,20250729,8
60,P2025-061,P2025-061,FDX,FDX,FedEx,FedEx,cik:0001048911,0001048911,Industrials,Air Freight & Logistics,0001048911-25-000011,fdx-20250531.htm,10-K,2025-07-21,2025-05-31,2025,https://www.sec.gov/Archives/edgar/data/1048911/000104891125000011/fdx-20250531.htm,2025/pilot_100/sample/final_analysis_sample_100.csv,pilot_100,1,20250729,9
61,P2025-062,P2025-062,URI,URI,United Rentals,United Rentals,cik:0001067701,0001067701,Industrials,Trading Companies & Distributors,0001067701-26-000007,uri-20251231.htm,10-K,2026-01-28,2025-12-31,2025,https://www.sec.gov/Archives/edgar/data/1067701/000106770126000007/uri-20251231.htm,2025/pilot_100/sample/final_analysis_sample_100.csv,pilot_100,1,20250729,10
62,P2025-063,P2025-063,BLDR,BLDR,Builders FirstSource,Builders FirstSource,cik:0001316835,0001316835,Industrials,Building Products,0001193125-26-054643,bldr-20251231.htm,10-K,2026-02-17,2025-12-31,2025,https://www.sec.gov/Archives/edgar/data/1316835/000119312526054643/bldr-20251231.htm,2025/pilot_100/sample/final_analysis_sample_100.csv,pilot_100,1,20250729,11
63,P2025-064,P2025-064,GE,GE,GE Aerospace,GE Aerospace,cik:0000040545,0000040545,Industrials,Aerospace & Defense,0000040545-26-000008,ge-20251231.htm,10-K,2026-01-29,2025-12-31,2025,https://www.sec.gov/Archives/edgar/data/40545/000004054526000008/ge-20251231.htm,2025/pilot_100/sample/final_analysis_sample_100.csv,pilot_100,1,20250729,12
64,P2025-065,P2025-065,FIX,FIX,Comfort Systems USA,Comfort Systems USA,cik:0001035983,0001035983,Industrials,Construction & Engineering,0001104659-26-017530,fix-20251231x10k.htm,10-K,2026-02-19,2025-12-31,2025,https://www.sec.gov/Archives/edgar/data/1035983/000110465926017530/fix-20251231x10k.htm,2025/pilot_100/sample/final_analysis_sample_100.csv,pilot_100,1,20250729,13
65,P2025-066,P2025-066,MAS,MAS,Masco,Masco,cik:0000062996,0000062996,Industrials,Building Products,0000062996-26-000005,mas-20251231.htm,10-K,2026-02-10,2025-12-31,2025,https://www.sec.gov/Archives/edgar/data/62996/000006299626000005/mas-20251231.htm,2025/pilot_100/sample/final_analysis_sample_100.csv,pilot_100,1,20250729,14
66,P2025-067,P2025-067,GNRC,GNRC,Generac,Generac,cik:0001474735,0001474735,Industrials,Heavy Electrical Equipment,0001437749-26-004568,gnrc20251231_10k.htm,10-K,2026-02-18,2025-12-31,2025,https://www.sec.gov/Archives/edgar/data/1474735/000143774926004568/gnrc20251231_10k.htm,2025/pilot_100/sample/final_analysis_sample_100.csv,pilot_100,1,20250729,15
67,P2025-068,P2025-068,LUV,LUV,Southwest Airlines,Southwest Airlines,cik:0000092380,0000092380,Industrials,Passenger Airlines,0000092380-26-000004,luv-20251231.htm,10-K,2026-02-05,2025-12-31,2025,https://www.sec.gov/Archives/edgar/data/92380/000009238026000004/luv-20251231.htm,2025/pilot_100/sample/final_analysis_sample_100.csv,pilot_100,1,20250729,16
68,P2025-069,P2025-069,CRWD,CRWD,CrowdStrike,CrowdStrike,cik:0001535527,0001535527,Information Technology,Systems Software,0001535527-25-000009,crwd-20250131.htm,10-K,2025-03-10,2025-01-31,2025,https://www.sec.gov/Archives/edgar/data/1535527/000153552725000009/crwd-20250131.htm,2025/pilot_100/sample/final_analysis_sample_100.csv,pilot_100,1,20250729,1
69,P2025-070,P2025-070,TRMB,TRMB,Trimble Inc.,Trimble Inc.,cik:0000864749,0000864749,Information Technology,Application Software,0000864749-25-000090,trmb-20250103.htm,10-K,2025-04-25,2025-01-03,2025,https://www.sec.gov/Archives/edgar/data/864749/000086474925000090/trmb-20250103.htm,2025/pilot_100/sample/final_analysis_sample_100.csv,pilot_100,1,20250729,2
70,P2025-071,P2025-071,INTC,INTC,Intel,Intel,cik:0000050863,0000050863,Information Technology,Semiconductors,0000050863-26-000011,intc-20251227.htm,10-K,2026-01-23,2025-12-27,2025,https://www.sec.gov/Archives/edgar/data/50863/000005086326000011/intc-20251227.htm,2025/pilot_100/sample/final_analysis_sample_100.csv,pilot_100,1,20250729,3
71,P2025-072,P2025-072,DDOG,DDOG,Datadog,Datadog,cik:0001561550,0001561550,Information Technology,Application Software,0001628280-26-008819,ddog-20251231.htm,10-K,2026-02-18,2025-12-31,2025,https://www.sec.gov/Archives/edgar/data/1561550/000162828026008819/ddog-20251231.htm,2025/pilot_100/sample/final_analysis_sample_100.csv,pilot_100,1,20250729,4
72,P2025-073,P2025-073,APH,APH,Amphenol,Amphenol,cik:0000820313,0000820313,Information Technology,Electronic Components,0001104659-26-013549,aph-20251231x10k.htm,10-K,2026-02-11,2025-12-31,2025,https://www.sec.gov/Archives/edgar/data/820313/000110465926013549/aph-20251231x10k.htm,2025/pilot_100/sample/final_analysis_sample_100.csv,pilot_100,1,20250729,5
73,P2025-074,P2025-074,HPE,HPE,Hewlett Packard Enterprise,Hewlett Packard Enterprise,cik:0001645590,0001645590,Information Technology,"Technology Hardware, Storage & Peripherals",0001645590-25-000130,hpe-20251031.htm,10-K,2025-12-18,2025-10-31,2025,https://www.sec.gov/Archives/edgar/data/1645590/000164559025000130/hpe-20251031.htm,2025/pilot_100/sample/final_analysis_sample_100.csv,pilot_100,1,20250729,6
74,P2025-075,P2025-075,KLAC,KLAC,KLA Corporation,KLA Corporation,cik:0000319201,0000319201,Information Technology,Semiconductor Materials & Equipment,0000319201-25-000024,klac-20250630.htm,10-K,2025-08-08,2025-06-30,2025,https://www.sec.gov/Archives/edgar/data/319201/000031920125000024/klac-20250630.htm,2025/pilot_100/sample/final_analysis_sample_100.csv,pilot_100,1,20250729,7
75,P2025-076,P2025-076,MSI,MSI,Motorola Solutions,Motorola Solutions,cik:0000068505,0000068505,Information Technology,Communications Equipment,0000068505-26-000010,msi-20251231.htm,10-K,2026-02-12,2025-12-31,2025,https://www.sec.gov/Archives/edgar/data/68505/000006850526000010/msi-20251231.htm,2025/pilot_100/sample/final_analysis_sample_100.csv,pilot_100,1,20250729,8
76,P2025-077,P2025-077,NVDA,NVDA,Nvidia,Nvidia,cik:0001045810,0001045810,Information Technology,Semiconductors,0001045810-25-000023,nvda-20250126.htm,10-K,2025-02-26,2025-01-26,2025,https://www.sec.gov/Archives/edgar/data/1045810/000104581025000023/nvda-20250126.htm,2025/pilot_100/sample/final_analysis_sample_100.csv,pilot_100,1,20250729,9
77,P2025-078,P2025-078,KEYS,KEYS,Keysight Technologies,Keysight Technologies,cik:0001601046,0001601046,Information Technology,Electronic Equipment & Instruments,0001601046-25-000127,keys-20251031.htm,10-K,2025-12-17,2025-10-31,2025,https://www.sec.gov/Archives/edgar/data/1601046/000160104625000127/keys-20251031.htm,2025/pilot_100/sample/final_analysis_sample_100.csv,pilot_100,1,20250729,10
78,P2025-079,P2025-079,WDAY,WDAY,"Workday, Inc.","Workday, Inc.",cik:0001327811,0001327811,Information Technology,Application Software,0001327811-25-000056,wday-20250131.htm,10-K,2025-03-11,2025-01-31,2025,https://www.sec.gov/Archives/edgar/data/1327811/000132781125000056/wday-20250131.htm,2025/pilot_100/sample/final_analysis_sample_100.csv,pilot_100,1,20250729,11
79,P2025-080,P2025-080,STX,STX,Seagate Technology,Seagate Technology,cik:0001137789,0001137789,Information Technology,"Technology Hardware, Storage & Peripherals",0001137789-25-000157,stx-20250627.htm,10-K,2025-08-01,2025-06-27,2025,https://www.sec.gov/Archives/edgar/data/1137789/000113778925000157/stx-20250627.htm,2025/pilot_100/sample/final_analysis_sample_100.csv,pilot_100,1,20250729,12
80,P2025-081,P2025-081,FTNT,FTNT,Fortinet,Fortinet,cik:0001262039,0001262039,Information Technology,Systems Software,0001262039-26-000007,ftnt-20251231.htm,10-K,2026-02-25,2025-12-31,2025,https://www.sec.gov/Archives/edgar/data/1262039/000126203926000007/ftnt-20251231.htm,2025/pilot_100/sample/final_analysis_sample_100.csv,pilot_100,1,20250729,13
81,P2025-082,P2025-082,ACN,ACN,Accenture,Accenture,cik:0001467373,0001467373,Information Technology,IT Consulting & Other Services,0001467373-25-000217,acn-20250831.htm,10-K,2025-10-10,2025-08-31,2025,https://www.sec.gov/Archives/edgar/data/1467373/000146737325000217/acn-20250831.htm,2025/pilot_100/sample/final_analysis_sample_100.csv,pilot_100,1,20250729,14
82,P2025-083,P2025-083,MLM,MLM,Martin Marietta Materials,Martin Marietta Materials,cik:0000916076,0000916076,Materials,Construction Materials,0001193125-26-059193,mlm-20251231.htm,10-K,2026-02-19,2025-12-31,2025,https://www.sec.gov/Archives/edgar/data/916076/000119312526059193/mlm-20251231.htm,2025/pilot_100/sample/final_analysis_sample_100.csv,pilot_100,1,20250729,1
83,P2025-084,P2025-084,PPG,PPG,PPG Industries,PPG Industries,cik:0000079879,0000079879,Materials,Specialty Chemicals,0000079879-26-000046,ppg-20251231.htm,10-K,2026-02-19,2025-12-31,2025,https://www.sec.gov/Archives/edgar/data/79879/000007987926000046/ppg-20251231.htm,2025/pilot_100/sample/final_analysis_sample_100.csv,pilot_100,1,20250729,2
84,P2025-085,P2025-085,VMC,VMC,Vulcan Materials Company,Vulcan Materials Company,cik:0001396009,0001396009,Materials,Construction Materials,0001628280-26-009546,vmc-20251231.htm,10-K,2026-02-19,2025-12-31,2025,https://www.sec.gov/Archives/edgar/data/1396009/000162828026009546/vmc-20251231.htm,2025/pilot_100/sample/final_analysis_sample_100.csv,pilot_100,1,20250729,3
85,P2025-086,P2025-086,BALL,BALL,Ball Corporation,Ball Corporation,cik:0000009389,0000009389,Materials,"Metal, Glass & Plastic Containers",0001104659-26-017410,ball-20251231x10k.htm,10-K,2026-02-19,2025-12-31,2025,https://www.sec.gov/Archives/edgar/data/9389/000110465926017410/ball-20251231x10k.htm,2025/pilot_100/sample/final_analysis_sample_100.csv,pilot_100,1,20250729,4
86,P2025-087,P2025-087,CRH,CRH,CRH plc,CRH plc,cik:0000849395,0000849395,Materials,Construction Materials,0001628280-26-009043,crh-20251231.htm,10-K,2026-02-18,2025-12-31,2025,https://www.sec.gov/Archives/edgar/data/849395/000162828026009043/crh-20251231.htm,2025/pilot_100/sample/final_analysis_sample_100.csv,pilot_100,1,20250729,5
87,P2025-088,P2025-088,FRT,FRT,Federal Realty Investment Trust,Federal Realty Investment Trust,cik:0000034903,0000034903,Real Estate,Retail REITs,0000034903-26-000017,frt-20251231.htm,10-K,2026-02-12,2025-12-31,2025,https://www.sec.gov/Archives/edgar/data/34903/000003490326000017/frt-20251231.htm,2025/pilot_100/sample/final_analysis_sample_100.csv,pilot_100,1,20250729,1
88,P2025-089,P2025-089,EXR,EXR,Extra Space Storage,Extra Space Storage,cik:0001289490,0001289490,Real Estate,Self-Storage REITs,0001289490-26-000011,exr-20251231.htm,10-K,2026-02-20,2025-12-31,2025,https://www.sec.gov/Archives/edgar/data/1289490/000128949026000011/exr-20251231.htm,2025/pilot_100/sample/final_analysis_sample_100.csv,pilot_100,1,20250729,2
89,P2025-090,P2025-090,DLR,DLR,Digital Realty,Digital Realty,cik:0001297996,0001297996,Real Estate,Data Center REITs,0001104659-26-015365,dlr-20251231x10k.htm,10-K,2026-02-13,2025-12-31,2025,https://www.sec.gov/Archives/edgar/data/1297996/000110465926015365/dlr-20251231x10k.htm,2025/pilot_100/sample/final_analysis_sample_100.csv,pilot_100,1,20250729,3
90,P2025-091,P2025-091,ESS,ESS,Essex Property Trust,Essex Property Trust,cik:0000920522,0000920522,Real Estate,Multi-Family Residential REITs,0000920522-26-000003,ess-20251231.htm,10-K,2026-02-20,2025-12-31,2025,https://www.sec.gov/Archives/edgar/data/920522/000092052226000003/ess-20251231.htm,2025/pilot_100/sample/final_analysis_sample_100.csv,pilot_100,1,20250729,4
91,P2025-092,P2025-092,VICI,VICI,Vici Properties,Vici Properties,cik:0001705696,0001705696,Real Estate,Hotel & Resort REITs,0001705696-26-000034,vici-20251231.htm,10-K,2026-02-25,2025-12-31,2025,https://www.sec.gov/Archives/edgar/data/1705696/000170569626000034/vici-20251231.htm,2025/pilot_100/sample/final_analysis_sample_100.csv,pilot_100,1,20250729,5
92,P2025-093,P2025-093,UDR,UDR,"UDR, Inc.","UDR, Inc.",cik:0000074208,0000074208,Real Estate,Multi-Family Residential REITs,0000074208-26-000013,udr-20251231x10k.htm,10-K,2026-02-17,2025-12-31,2025,https://www.sec.gov/Archives/edgar/data/74208/000007420826000013/udr-20251231x10k.htm,2025/pilot_100/sample/final_analysis_sample_100.csv,pilot_100,1,20250729,6
93,P2025-094,P2025-094,INVH,INVH,Invitation Homes,Invitation Homes,cik:0001687229,0001687229,Real Estate,Single-Family Residential REITs,0001687229-26-000016,invh-20251231.htm,10-K,2026-02-19,2025-12-31,2025,https://www.sec.gov/Archives/edgar/data/1687229/000168722926000016/invh-20251231.htm,2025/pilot_100/sample/final_analysis_sample_100.csv,pilot_100,1,20250729,7
94,P2025-095,P2025-095,PCG,PCG,PG&E Corporation,PG&E Corporation,cik:0001004980,0001004980,Utilities,Multi-Utilities,0001004980-26-000009,pcg-20251231.htm,10-K,2026-02-12,2025-12-31,2025,https://www.sec.gov/Archives/edgar/data/1004980/000100498026000009/pcg-20251231.htm,2025/pilot_100/sample/final_analysis_sample_100.csv,pilot_100,1,20250729,1
95,P2025-096,P2025-096,D,D,Dominion Energy,Dominion Energy,cik:0000715957,0000715957,Utilities,Multi-Utilities,0001193125-26-063120,d-20251231.htm,10-K,2026-02-23,2025-12-31,2025,https://www.sec.gov/Archives/edgar/data/715957/000119312526063120/d-20251231.htm,2025/pilot_100/sample/final_analysis_sample_100.csv,pilot_100,1,20250729,2
96,P2025-097,P2025-097,PNW,PNW,Pinnacle West Capital,Pinnacle West Capital,cik:0000764622,0000764622,Utilities,Multi-Utilities,0000764622-26-000011,pnw-20251231.htm,10-K,2026-02-25,2025-12-31,2025,https://www.sec.gov/Archives/edgar/data/764622/000076462226000011/pnw-20251231.htm,2025/pilot_100/sample/final_analysis_sample_100.csv,pilot_100,1,20250729,3
97,P2025-098,P2025-098,ETR,ETR,Entergy,Entergy,cik:0000065984,0000065984,Utilities,Electric Utilities,0000065984-26-000174,etr-20251231.htm,10-K,2026-02-19,2025-12-31,2025,https://www.sec.gov/Archives/edgar/data/65984/000006598426000174/etr-20251231.htm,2025/pilot_100/sample/final_analysis_sample_100.csv,pilot_100,1,20250729,4
98,P2025-099,P2025-099,NRG,NRG,NRG Energy,NRG Energy,cik:0001013871,0001013871,Utilities,Independent Power Producers & Energy Traders,0001013871-26-000004,nrg-20251231.htm,10-K,2026-02-24,2025-12-31,2025,https://www.sec.gov/Archives/edgar/data/1013871/000101387126000004/nrg-20251231.htm,2025/pilot_100/sample/final_analysis_sample_100.csv,pilot_100,1,20250729,5
99,P2025-100,P2025-100,PEG,PEG,Public Service Enterprise Group,Public Service Enterprise Group,cik:0000788784,0000788784,Utilities,Electric Utilities,0001193125-26-077446,peg-20251231.htm,10-K,2026-02-26,2025-12-31,2025,https://www.sec.gov/Archives/edgar/data/788784/000119312526077446/peg-20251231.htm,2025/pilot_100/sample/final_analysis_sample_100.csv,pilot_100,1,20250729,6
100,P2025-R001,P2025-R001,ITW,ITW,Illinois Tool Works,Illinois Tool Works,cik:0000049826,0000049826,Industrials,Industrial Machinery & Supplies & Components,0000049826-26-000008,itw-20251231.htm,10-K,2026-02-13,2025-12-31,2025,https://www.sec.gov/Archives/edgar/data/49826/000004982626000008/itw-20251231.htm,2025/pilot_100/sample/final_analysis_sample_100.csv,pilot_100,1,20250729,17
101,S2025-101,S2025-101,OMC,OMC,Omnicom Group,Omnicom Group,cik:0000029989,0000029989,Communication Services,Advertising,0000029989-26-000006,omc-20251231.htm,10-K,2026-02-20,2025-12-31,2025,https://www.sec.gov/Archives/edgar/data/29989/000002998926000006/omc-20251231.htm,2025/pilot_100/sample/pilot_sampling_frame.csv,expansion_200,2,20250729,5
102,S2025-102,S2025-102,EA,EA,Electronic Arts,Electronic Arts,cik:0000712515,0000712515,Communication Services,Interactive Home Entertainment,0000712515-25-000022,ea-20250331.htm,10-K,2025-05-13,2025-03-31,2025,https://www.sec.gov/Archives/edgar/data/712515/000071251525000022/ea-20250331.htm,2025/pilot_100/sample/pilot_sampling_frame.csv,expansion_200,2,20250729,6
103,S2025-103,S2025-103,WBD,WBD,Warner Bros. Discovery,Warner Bros. Discovery,cik:0001437107,0001437107,Communication Services,Broadcasting,0001437107-26-000020,wbd-20251231.htm,10-K,2026-02-27,2025-12-31,2025,https://www.sec.gov/Archives/edgar/data/1437107/000143710726000020/wbd-20251231.htm,2025/pilot_100/sample/pilot_sampling_frame.csv,expansion_200,2,20250729,7
104,S2025-104,S2025-104,META,META,Meta Platforms,Meta Platforms,cik:0001326801,0001326801,Communication Services,Interactive Media & Services,0001628280-26-003942,meta-20251231.htm,10-K,2026-01-29,2025-12-31,2025,https://www.sec.gov/Archives/edgar/data/1326801/000162828026003942/meta-20251231.htm,2025/pilot_100/sample/pilot_sampling_frame.csv,expansion_200,2,20250729,8
105,S2025-105,S2025-105,T,T,AT&T,AT&T,cik:0000732717,0000732717,Communication Services,Integrated Telecommunication Services,0000732717-26-000120,t-20251231.htm,10-K,2026-02-09,2025-12-31,2025,https://www.sec.gov/Archives/edgar/data/732717/000073271726000120/t-20251231.htm,2025/pilot_100/sample/pilot_sampling_frame.csv,expansion_200,2,20250729,9
106,S2025-106,S2025-106,NWSA|NWS,NWSA|NWS,News Corp (Class A)|News Corp (Class B),News Corp (Class A)|News Corp (Class B),cik:0001564708,0001564708,Communication Services,Publishing,0001564708-25-000419,nws-20250630.htm,10-K,2025-08-06,2025-06-30,2025,https://www.sec.gov/Archives/edgar/data/1564708/000156470825000419/nws-20250630.htm,2025/pilot_100/sample/pilot_sampling_frame.csv,expansion_200,2,20250729,10
107,S2025-107,S2025-107,GOOGL|GOOG,GOOGL|GOOG,Alphabet Inc. (Class A)|Alphabet Inc. (Class C),Alphabet Inc. (Class A)|Alphabet Inc. (Class C),cik:0001652044,0001652044,Communication Services,Interactive Media & Services,0001652044-26-000018,goog-20251231.htm,10-K,2026-02-05,2025-12-31,2025,https://www.sec.gov/Archives/edgar/data/1652044/000165204426000018/goog-20251231.htm,2025/pilot_100/sample/pilot_sampling_frame.csv,expansion_200,2,20250729,11
108,S2025-108,S2025-108,VZ,VZ,Verizon,Verizon,cik:0000732712,0000732712,Communication Services,Integrated Telecommunication Services,0000732712-26-000007,vz-20251231.htm,10-K,2026-02-17,2025-12-31,2025,https://www.sec.gov/Archives/edgar/data/732712/000073271226000007/vz-20251231.htm,2025/pilot_100/sample/pilot_sampling_frame.csv,expansion_200,2,20250729,12
109,S2025-109,S2025-109,LOW,LOW,Lowe's,Lowe's,cik:0000060667,0000060667,Consumer Discretionary,Home Improvement Retail,0000060667-25-000049,low-20250131.htm,10-K,2025-03-24,2025-01-31,2025,https://www.sec.gov/Archives/edgar/data/60667/000006066725000049/low-20250131.htm,2025/pilot_100/sample/pilot_sampling_frame.csv,expansion_200,2,20250729,11
110,S2025-110,S2025-110,AZO,AZO,AutoZone,AutoZone,cik:0000866787,0000866787,Consumer Discretionary,Automotive Retail,0001104659-25-102611,azo-20250830x10k.htm,10-K,2025-10-27,2025-08-30,2025,https://www.sec.gov/Archives/edgar/data/866787/000110465925102611/azo-20250830x10k.htm,2025/pilot_100/sample/pilot_sampling_frame.csv,expansion_200,2,20250729,12
111,S2025-111,S2025-111,WSM,WSM,"Williams-Sonoma, Inc.","Williams-Sonoma, Inc.",cik:0000719955,0000719955,Consumer Discretionary,Homefurnishing Retail,0001628280-25-015037,wsm-20250202.htm,10-K,2025-03-27,2025-02-02,2025,https://www.sec.gov/Archives/edgar/data/719955/000162828025015037/wsm-20250202.htm,2025/pilot_100/sample/pilot_sampling_frame.csv,expansion_200,2,20250729,13
112,S2025-112,S2025-112,RCL,RCL,Royal Caribbean Group,Royal Caribbean Group,cik:0000884887,0000884887,Consumer Discretionary,"Hotels, Resorts & Cruise Lines",0000884887-26-000007,rcl-20251231.htm,10-K,2026-02-11,2025-12-31,2025,https://www.sec.gov/Archives/edgar/data/884887/000088488726000007/rcl-20251231.htm,2025/pilot_100/sample/pilot_sampling_frame.csv,expansion_200,2,20250729,14
113,S2025-113,S2025-113,CMG,CMG,Chipotle Mexican Grill,Chipotle Mexican Grill,cik:0001058090,0001058090,Consumer Discretionary,Restaurants,0001058090-26-000009,cmg-20251231.htm,10-K,2026-02-04,2025-12-31,2025,https://www.sec.gov/Archives/edgar/data/1058090/000105809026000009/cmg-20251231.htm,2025/pilot_100/sample/pilot_sampling_frame.csv,expansion_200,2,20250729,15
114,S2025-114,S2025-114,GM,GM,General Motors,General Motors,cik:0001467858,0001467858,Consumer Discretionary,Automobile Manufacturers,0001467858-26-000013,gm-20251231.htm,10-K,2026-01-27,2025-12-31,2025,https://www.sec.gov/Archives/edgar/data/1467858/000146785826000013/gm-20251231.htm,2025/pilot_100/sample/pilot_sampling_frame.csv,expansion_200,2,20250729,16
115,S2025-115,S2025-115,SBUX,SBUX,Starbucks,Starbucks,cik:0000829224,0000829224,Consumer Discretionary,Restaurants,0000829224-25-000114,sbux-20250928.htm,10-K,2025-11-14,2025-09-28,2025,https://www.sec.gov/Archives/edgar/data/829224/000082922425000114/sbux-20250928.htm,2025/pilot_100/sample/pilot_sampling_frame.csv,expansion_200,2,20250729,17
116,S2025-116,S2025-116,ROST,ROST,Ross Stores,Ross Stores,cik:0000745732,0000745732,Consumer Discretionary,Apparel Retail,0000745732-25-000010,rost-20250201.htm,10-K,2025-04-01,2025-02-01,2025,https://www.sec.gov/Archives/edgar/data/745732/000074573225000010/rost-20250201.htm,2025/pilot_100/sample/pilot_sampling_frame.csv,expansion_200,2,20250729,18
117,S2025-117,S2025-117,TPR,TPR,"Tapestry, Inc.","Tapestry, Inc.",cik:0001116132,0001116132,Consumer Discretionary,"Apparel, Accessories & Luxury Goods",0001116132-25-000019,tpr-20250628.htm,10-K,2025-08-14,2025-06-28,2025,https://www.sec.gov/Archives/edgar/data/1116132/000111613225000019/tpr-20250628.htm,2025/pilot_100/sample/pilot_sampling_frame.csv,expansion_200,2,20250729,19
118,S2025-118,S2025-118,LEN,LEN,Lennar,Lennar,cik:0000920760,0000920760,Consumer Discretionary,Homebuilding,0001628280-26-003870,len-20251130.htm,10-K,2026-01-28,2025-11-30,2025,https://www.sec.gov/Archives/edgar/data/920760/000162828026003870/len-20251130.htm,2025/pilot_100/sample/pilot_sampling_frame.csv,expansion_200,2,20250729,20
119,S2025-119,S2025-119,LULU,LULU,Lululemon Athletica,Lululemon Athletica,cik:0001397187,0001397187,Consumer Discretionary,"Apparel, Accessories & Luxury Goods",0001397187-25-000013,lulu-20250202.htm,10-K,2025-03-27,2025-02-02,2025,https://www.sec.gov/Archives/edgar/data/1397187/000139718725000013/lulu-20250202.htm,2025/pilot_100/sample/pilot_sampling_frame.csv,expansion_200,2,20250729,21
120,S2025-120,S2025-120,YUM,YUM,Yum! Brands,Yum! Brands,cik:0001041061,0001041061,Consumer Discretionary,Restaurants,0001041061-26-000084,yum-20251231.htm,10-K,2026-02-20,2025-12-31,2025,https://www.sec.gov/Archives/edgar/data/1041061/000104106126000084/yum-20251231.htm,2025/pilot_100/sample/pilot_sampling_frame.csv,expansion_200,2,20250729,22
121,S2025-121,S2025-121,WYNN,WYNN,Wynn Resorts,Wynn Resorts,cik:0001174922,0001174922,Consumer Discretionary,Casinos & Gaming,0001174922-26-000013,wynn-20251231.htm,10-K,2026-03-02,2025-12-31,2025,https://www.sec.gov/Archives/edgar/data/1174922/000117492226000013/wynn-20251231.htm,2025/pilot_100/sample/pilot_sampling_frame.csv,expansion_200,2,20250729,23
122,S2025-122,S2025-122,AMZN,AMZN,Amazon,Amazon,cik:0001018724,0001018724,Consumer Discretionary,Broadline Retail,0001018724-26-000004,amzn-20251231.htm,10-K,2026-02-06,2025-12-31,2025,https://www.sec.gov/Archives/edgar/data/1018724/000101872426000004/amzn-20251231.htm,2025/pilot_100/sample/pilot_sampling_frame.csv,expansion_200,2,20250729,24
123,S2025-123,S2025-123,MGM,MGM,MGM Resorts,MGM Resorts,cik:0000789570,0000789570,Consumer Discretionary,Casinos & Gaming,0000789570-26-000018,mgm-20251231.htm,10-K,2026-02-11,2025-12-31,2025,https://www.sec.gov/Archives/edgar/data/789570/000078957026000018/mgm-20251231.htm,2025/pilot_100/sample/pilot_sampling_frame.csv,expansion_200,2,20250729,25
124,S2025-124,S2025-124,NKE,NKE,"Nike, Inc.","Nike, Inc.",cik:0000320187,0000320187,Consumer Discretionary,"Apparel, Accessories & Luxury Goods",0000320187-25-000047,nke-20250531.htm,10-K,2025-07-17,2025-05-31,2025,https://www.sec.gov/Archives/edgar/data/320187/000032018725000047/nke-20250531.htm,2025/pilot_100/sample/pilot_sampling_frame.csv,expansion_200,2,20250729,26
125,S2025-125,S2025-125,ABNB,ABNB,Airbnb,Airbnb,cik:0001559720,0001559720,Consumer Discretionary,"Hotels, Resorts & Cruise Lines",0001559720-26-000004,abnb-20251231.htm,10-K,2026-02-12,2025-12-31,2025,https://www.sec.gov/Archives/edgar/data/1559720/000155972026000004/abnb-20251231.htm,2025/pilot_100/sample/pilot_sampling_frame.csv,expansion_200,2,20250729,27
126,S2025-126,S2025-126,HLT,HLT,Hilton Worldwide,Hilton Worldwide,cik:0001585689,0001585689,Consumer Discretionary,"Hotels, Resorts & Cruise Lines",0001585689-26-000007,hlt-20251231.htm,10-K,2026-02-11,2025-12-31,2025,https://www.sec.gov/Archives/edgar/data/1585689/000158568926000007/hlt-20251231.htm,2025/pilot_100/sample/pilot_sampling_frame.csv,expansion_200,2,20250729,28
127,S2025-127,S2025-127,BKNG,BKNG,Booking Holdings,Booking Holdings,cik:0001075531,0001075531,Consumer Discretionary,"Hotels, Resorts & Cruise Lines",0001075531-26-000009,bkng-20251231.htm,10-K,2026-02-18,2025-12-31,2025,https://www.sec.gov/Archives/edgar/data/1075531/000107553126000009/bkng-20251231.htm,2025/pilot_100/sample/pilot_sampling_frame.csv,expansion_200,2,20250729,29
128,S2025-128,S2025-128,PEP,PEP,PepsiCo,PepsiCo,cik:0000077476,0000077476,Consumer Staples,Soft Drinks & Non-alcoholic Beverages,0000077476-26-000007,pep-20251227.htm,10-K,2026-02-03,2025-12-27,2025,https://www.sec.gov/Archives/edgar/data/77476/000007747626000007/pep-20251227.htm,2025/pilot_100/sample/pilot_sampling_frame.csv,expansion_200,2,20250729,8
129,S2025-129,S2025-129,PM,PM,Philip Morris International,Philip Morris International,cik:0001413329,0001413329,Consumer Staples,Tobacco,0001628280-26-005939,pm-20251231.htm,10-K,2026-02-06,2025-12-31,2025,https://www.sec.gov/Archives/edgar/data/1413329/000162828026005939/pm-20251231.htm,2025/pilot_100/sample/pilot_sampling_frame.csv,expansion_200,2,20250729,9
130,S2025-130,S2025-130,KR,KR,Kroger,Kroger,cik:0000056873,0000056873,Consumer Staples,Food Retail,0001558370-25-004267,kr-20250201x10k.htm,10-K,2025-04-01,2025-02-01,2025,https://www.sec.gov/Archives/edgar/data/56873/000155837025004267/kr-20250201x10k.htm,2025/pilot_100/sample/pilot_sampling_frame.csv,expansion_200,2,20250729,10
131,S2025-131,S2025-131,MDLZ,MDLZ,Mondelez International,Mondelez International,cik:0001103982,0001103982,Consumer Staples,Packaged Foods & Meats,0001628280-26-005345,mdlz-20251231.htm,10-K,2026-02-04,2025-12-31,2025,https://www.sec.gov/Archives/edgar/data/1103982/000162828026005345/mdlz-20251231.htm,2025/pilot_100/sample/pilot_sampling_frame.csv,expansion_200,2,20250729,11
132,S2025-132,S2025-132,KHC,KHC,Kraft Heinz,Kraft Heinz,cik:0001637459,0001637459,Consumer Staples,Packaged Foods & Meats,0001637459-26-000009,khc-20251227.htm,10-K,2026-02-12,2025-12-27,2025,https://www.sec.gov/Archives/edgar/data/1637459/000163745926000009/khc-20251227.htm,2025/pilot_100/sample/pilot_sampling_frame.csv,expansion_200,2,20250729,12
133,S2025-133,S2025-133,KVUE,KVUE,Kenvue,Kenvue,cik:0001944048,0001944048,Consumer Staples,Personal Care Products,0001944048-26-000030,kvue-20251228.htm,10-K,2026-02-20,2025-12-28,2025,https://www.sec.gov/Archives/edgar/data/1944048/000194404826000030/kvue-20251228.htm,2025/pilot_100/sample/pilot_sampling_frame.csv,expansion_200,2,20250729,13
134,S2025-134,S2025-134,KDP,KDP,Keurig Dr Pepper,Keurig Dr Pepper,cik:0001418135,0001418135,Consumer Staples,Soft Drinks & Non-alcoholic Beverages,0001418135-26-000016,kdp-20251231.htm,10-K,2026-02-24,2025-12-31,2025,https://www.sec.gov/Archives/edgar/data/1418135/000141813526000016/kdp-20251231.htm,2025/pilot_100/sample/pilot_sampling_frame.csv,expansion_200,2,20250729,14
135,S2025-135,S2025-135,DLTR,DLTR,Dollar Tree,Dollar Tree,cik:0000935703,0000935703,Consumer Staples,Consumer Staples Merchandise Retail,0000935703-25-000015,dltr-20250201.htm,10-K,2025-03-26,2025-02-01,2025,https://www.sec.gov/Archives/edgar/data/935703/000093570325000015/dltr-20250201.htm,2025/pilot_100/sample/pilot_sampling_frame.csv,expansion_200,2,20250729,15
136,S2025-136,S2025-136,SYY,SYY,Sysco,Sysco,cik:0000096021,0000096021,Consumer Staples,Food Distributors,0000096021-25-000099,syy-20250628.htm,10-K,2025-08-22,2025-06-28,2025,https://www.sec.gov/Archives/edgar/data/96021/000009602125000099/syy-20250628.htm,2025/pilot_100/sample/pilot_sampling_frame.csv,expansion_200,2,20250729,16
137,S2025-137,S2025-137,MNST,MNST,Monster Beverage,Monster Beverage,cik:0000865752,0000865752,Consumer Staples,Soft Drinks & Non-alcoholic Beverages,0001104659-26-020831,mnst-20251231x10k.htm,10-K,2026-02-27,2025-12-31,2025,https://www.sec.gov/Archives/edgar/data/865752/000110465926020831/mnst-20251231x10k.htm,2025/pilot_100/sample/pilot_sampling_frame.csv,expansion_200,2,20250729,17
138,S2025-138,S2025-138,ADM,ADM,Archer Daniels Midland,Archer Daniels Midland,cik:0000007084,0000007084,Consumer Staples,Agricultural Products & Services,0000007084-26-000011,adm-20251231.htm,10-K,2026-02-17,2025-12-31,2025,https://www.sec.gov/Archives/edgar/data/7084/000000708426000011/adm-20251231.htm,2025/pilot_100/sample/pilot_sampling_frame.csv,expansion_200,2,20250729,18
139,S2025-139,S2025-139,HSY,HSY,Hershey Company (The),Hershey Company (The),cik:0000047111,0000047111,Consumer Staples,Packaged Foods & Meats,0001628280-26-008586,hsy-20251231.htm,10-K,2026-02-17,2025-12-31,2025,https://www.sec.gov/Archives/edgar/data/47111/000162828026008586/hsy-20251231.htm,2025/pilot_100/sample/pilot_sampling_frame.csv,expansion_200,2,20250729,19
140,S2025-140,S2025-140,MO,MO,Altria,Altria,cik:0000764180,0000764180,Consumer Staples,Tobacco,0000764180-26-000017,mo-20251231.htm,10-K,2026-02-25,2025-12-31,2025,https://www.sec.gov/Archives/edgar/data/764180/000076418026000017/mo-20251231.htm,2025/pilot_100/sample/pilot_sampling_frame.csv,expansion_200,2,20250729,20
141,S2025-141,S2025-141,PSX,PSX,Phillips 66,Phillips 66,cik:0001534701,0001534701,Energy,Oil & Gas Refining & Marketing,0001534701-26-000006,psx-20251231.htm,10-K,2026-02-20,2025-12-31,2025,https://www.sec.gov/Archives/edgar/data/1534701/000153470126000006/psx-20251231.htm,2025/pilot_100/sample/pilot_sampling_frame.csv,expansion_200,2,20250729,5
142,S2025-142,S2025-142,EOG,EOG,EOG Resources,EOG Resources,cik:0000821189,0000821189,Energy,Oil & Gas Exploration & Production,0000821189-26-000054,eog-20251231.htm,10-K,2026-02-24,2025-12-31,2025,https://www.sec.gov/Archives/edgar/data/821189/000082118926000054/eog-20251231.htm,2025/pilot_100/sample/pilot_sampling_frame.csv,expansion_200,2,20250729,6
143,S2025-143,S2025-143,EXE,EXE,Expand Energy,Expand Energy,cik:0000895126,0000895126,Energy,Oil & Gas Exploration & Production,0000895126-26-000011,exe-20251231.htm,10-K,2026-02-18,2025-12-31,2025,https://www.sec.gov/Archives/edgar/data/895126/000089512626000011/exe-20251231.htm,2025/pilot_100/sample/pilot_sampling_frame.csv,expansion_200,2,20250729,7
144,S2025-144,S2025-144,SLB,SLB,Schlumberger,Schlumberger,cik:0000087347,0000087347,Energy,Oil & Gas Equipment & Services,0001193125-26-021017,slb-20251231.htm,10-K,2026-01-23,2025-12-31,2025,https://www.sec.gov/Archives/edgar/data/87347/000119312526021017/slb-20251231.htm,2025/pilot_100/sample/pilot_sampling_frame.csv,expansion_200,2,20250729,8
145,S2025-145,S2025-145,EQT,EQT,EQT Corporation,EQT Corporation,cik:0000033213,0000033213,Energy,Oil & Gas Exploration & Production,0000033213-26-000018,eqt-20251231.htm,10-K,2026-02-18,2025-12-31,2025,https://www.sec.gov/Archives/edgar/data/33213/000003321326000018/eqt-20251231.htm,2025/pilot_100/sample/pilot_sampling_frame.csv,expansion_200,2,20250729,9
146,S2025-146,S2025-146,VLO,VLO,Valero Energy,Valero Energy,cik:0001035002,0001035002,Energy,Oil & Gas Refining & Marketing,0001628280-26-011499,vlo-20251231.htm,10-K,2026-02-25,2025-12-31,2025,https://www.sec.gov/Archives/edgar/data/1035002/000162828026011499/vlo-20251231.htm,2025/pilot_100/sample/pilot_sampling_frame.csv,expansion_200,2,20250729,10
147,S2025-147,S2025-147,TPL,TPL,Texas Pacific Land Corporation,Texas Pacific Land Corporation,cik:0001811074,0001811074,Energy,Oil & Gas Exploration & Production,0001811074-26-000018,tpl-20251231.htm,10-K,2026-02-18,2025-12-31,2025,https://www.sec.gov/Archives/edgar/data/1811074/000181107426000018/tpl-20251231.htm,2025/pilot_100/sample/pilot_sampling_frame.csv,expansion_200,2,20250729,11
148,S2025-148,S2025-148,APA,APA,APA Corporation,APA Corporation,cik:0001841666,0001841666,Energy,Oil & Gas Exploration & Production,0001841666-26-000015,apa-20251231.htm,10-K,2026-02-26,2025-12-31,2025,https://www.sec.gov/Archives/edgar/data/1841666/000184166626000015/apa-20251231.htm,2025/pilot_100/sample/pilot_sampling_frame.csv,expansion_200,2,20250729,12
149,S2025-149,S2025-149,BKR,BKR,Baker Hughes,Baker Hughes,cik:0001701605,0001701605,Energy,Oil & Gas Equipment & Services,0001701605-26-000007,bkr-20251231.htm,10-K,2026-02-05,2025-12-31,2025,https://www.sec.gov/Archives/edgar/data/1701605/000170160526000007/bkr-20251231.htm,2025/pilot_100/sample/pilot_sampling_frame.csv,expansion_200,2,20250729,13
150,S2025-150,S2025-150,KKR,KKR,KKR & Co.,KKR & Co.,cik:0001404912,0001404912,Financials,Asset Management & Custody Banks,0001404912-26-000007,kkr-20251231.htm,10-K,2026-02-27,2025-12-31,2025,https://www.sec.gov/Archives/edgar/data/1404912/000140491226000007/kkr-20251231.htm,2025/pilot_100/sample/pilot_sampling_frame.csv,expansion_200,2,20250729,16
151,S2025-151,S2025-151,FITB,FITB,Fifth Third Bancorp,Fifth Third Bancorp,cik:0000035527,0000035527,Financials,Regional Banks,0000035527-26-000124,fitb-20251231.htm,10-K,2026-02-24,2025-12-31,2025,https://www.sec.gov/Archives/edgar/data/35527/000003552726000124/fitb-20251231.htm,2025/pilot_100/sample/pilot_sampling_frame.csv,expansion_200,2,20250729,17
152,S2025-152,S2025-152,NDAQ,NDAQ,"Nasdaq, Inc.","Nasdaq, Inc.",cik:0001120193,0001120193,Financials,Financial Exchanges & Data,0001628280-26-007703,ndaq-20251231.htm,10-K,2026-02-12,2025-12-31,2025,https://www.sec.gov/Archives/edgar/data/1120193/000162828026007703/ndaq-20251231.htm,2025/pilot_100/sample/pilot_sampling_frame.csv,expansion_200,2,20250729,18
153,S2025-153,S2025-153,EG,EG,Everest Group,Everest Group,cik:0001095073,0001095073,Financials,Reinsurance,0001095073-26-000006,eg-20251231.htm,10-K,2026-02-26,2025-12-31,2025,https://www.sec.gov/Archives/edgar/data/1095073/000109507326000006/eg-20251231.htm,2025/pilot_100/sample/pilot_sampling_frame.csv,expansion_200,2,20250729,19
154,S2025-154,S2025-154,MCO,MCO,Moody's Corporation,Moody's Corporation,cik:0001059556,0001059556,Financials,Financial Exchanges & Data,0001628280-26-009136,mco-20251231.htm,10-K,2026-02-18,2025-12-31,2025,https://www.sec.gov/Archives/edgar/data/1059556/000162828026009136/mco-20251231.htm,2025/pilot_100/sample/pilot_sampling_frame.csv,expansion_200,2,20250729,20
155,S2025-155,S2025-155,CB,CB,Chubb Limited,Chubb Limited,cik:0000896159,0000896159,Financials,Property & Casualty Insurance,0000896159-26-000005,cb-20251231.htm,10-K,2026-02-27,2025-12-31,2025,https://www.sec.gov/Archives/edgar/data/896159/000089615926000005/cb-20251231.htm,2025/pilot_100/sample/pilot_sampling_frame.csv,expansion_200,2,20250729,21
156,S2025-156,S2025-156,APO,APO,Apollo Global Management,Apollo Global Management,cik:0001858681,0001858681,Financials,Asset Management & Custody Banks,0001858681-26-000013,apo-20251231.htm,10-K,2026-02-25,2025-12-31,2025,https://www.sec.gov/Archives/edgar/data/1858681/000185868126000013/apo-20251231.htm,2025/pilot_100/sample/pilot_sampling_frame.csv,expansion_200,2,20250729,22
157,S2025-157,S2025-157,SYF,SYF,Synchrony Financial,Synchrony Financial,cik:0001601712,0001601712,Financials,Consumer Finance,0001601712-26-000006,syf-20251231.htm,10-K,2026-02-06,2025-12-31,2025,https://www.sec.gov/Archives/edgar/data/1601712/000160171226000006/syf-20251231.htm,2025/pilot_100/sample/pilot_sampling_frame.csv,expansion_200,2,20250729,23
158,S2025-158,S2025-158,PFG,PFG,Principal Financial Group,Principal Financial Group,cik:0001126328,0001126328,Financials,Life & Health Insurance,0001104659-26-017031,pfg-20251231x10k.htm,10-K,2026-02-18,2025-12-31,2025,https://www.sec.gov/Archives/edgar/data/1126328/000110465926017031/pfg-20251231x10k.htm,2025/pilot_100/sample/pilot_sampling_frame.csv,expansion_200,2,20250729,24
159,S2025-159,S2025-159,AXP,AXP,American Express,American Express,cik:0000004962,0000004962,Financials,Consumer Finance,0000004962-26-000080,axp-20251231.htm,10-K,2026-02-06,2025-12-31,2025,https://www.sec.gov/Archives/edgar/data/4962/000000496226000080/axp-20251231.htm,2025/pilot_100/sample/pilot_sampling_frame.csv,expansion_200,2,20250729,25
160,S2025-160,S2025-160,COF,COF,Capital One,Capital One,cik:0000927628,0000927628,Financials,Consumer Finance,0000927628-26-000024,cof-20251231.htm,10-K,2026-02-19,2025-12-31,2025,https://www.sec.gov/Archives/edgar/data/927628/000092762826000024/cof-20251231.htm,2025/pilot_100/sample/pilot_sampling_frame.csv,expansion_200,2,20250729,26
161,S2025-161,S2025-161,IVZ,IVZ,Invesco,Invesco,cik:0000914208,0000914208,Financials,Asset Management & Custody Banks,0000914208-26-000079,ivz-20251231.htm,10-K,2026-02-24,2025-12-31,2025,https://www.sec.gov/Archives/edgar/data/914208/000091420826000079/ivz-20251231.htm,2025/pilot_100/sample/pilot_sampling_frame.csv,expansion_200,2,20250729,27
162,S2025-162,S2025-162,USB,USB,U.S. Bancorp,U.S. Bancorp,cik:0000036104,0000036104,Financials,Diversified Banks,0000036104-26-000011,usb-20251231.htm,10-K,2026-02-23,2025-12-31,2025,https://www.sec.gov/Archives/edgar/data/36104/000003610426000011/usb-20251231.htm,2025/pilot_100/sample/pilot_sampling_frame.csv,expansion_200,2,20250729,28
163,S2025-163,S2025-163,HIG,HIG,Hartford (The),Hartford (The),cik:0000874766,0000874766,Financials,Property & Casualty Insurance,0000874766-26-000012,hig-20251231.htm,10-K,2026-02-20,2025-12-31,2025,https://www.sec.gov/Archives/edgar/data/874766/000087476626000012/hig-20251231.htm,2025/pilot_100/sample/pilot_sampling_frame.csv,expansion_200,2,20250729,29
164,S2025-164,S2025-164,MET,MET,MetLife,MetLife,cik:0001099219,0001099219,Financials,Life & Health Insurance,0001099219-26-000013,met-20251231.htm,10-K,2026-02-19,2025-12-31,2025,https://www.sec.gov/Archives/edgar/data/1099219/000109921926000013/met-20251231.htm,2025/pilot_100/sample/pilot_sampling_frame.csv,expansion_200,2,20250729,30
165,S2025-165,S2025-165,SPGI,SPGI,S&P Global,S&P Global,cik:0000064040,0000064040,Financials,Financial Exchanges & Data,0000064040-26-000013,spgi-20251231.htm,10-K,2026-02-11,2025-12-31,2025,https://www.sec.gov/Archives/edgar/data/64040/000006404026000013/spgi-20251231.htm,2025/pilot_100/sample/pilot_sampling_frame.csv,expansion_200,2,20250729,31
166,S2025-166,S2025-166,SCHW,SCHW,Charles Schwab Corporation,Charles Schwab Corporation,cik:0000316709,0000316709,Financials,Investment Banking & Brokerage,0000316709-26-000009,schw-20251231.htm,10-K,2026-02-25,2025-12-31,2025,https://www.sec.gov/Archives/edgar/data/316709/000031670926000009/schw-20251231.htm,2025/pilot_100/sample/pilot_sampling_frame.csv,expansion_200,2,20250729,32
167,S2025-167,S2025-167,ALL,ALL,Allstate,Allstate,cik:0000899051,0000899051,Financials,Property & Casualty Insurance,0000899051-26-000031,all-20251231.htm,10-K,2026-02-20,2025-12-31,2025,https://www.sec.gov/Archives/edgar/data/899051/000089905126000031/all-20251231.htm,2025/pilot_100/sample/pilot_sampling_frame.csv,expansion_200,2,20250729,33
168,S2025-168,S2025-168,NTRS,NTRS,Northern Trust,Northern Trust,cik:0000073124,0000073124,Financials,Asset Management & Custody Banks,0000073124-26-000016,ntrs-20251231.htm,10-K,2026-02-24,2025-12-31,2025,https://www.sec.gov/Archives/edgar/data/73124/000007312426000016/ntrs-20251231.htm,2025/pilot_100/sample/pilot_sampling_frame.csv,expansion_200,2,20250729,34
169,S2025-169,S2025-169,C,C,Citigroup,Citigroup,cik:0000831001,0000831001,Financials,Diversified Banks,0000831001-26-000011,c-20251231.htm,10-K,2026-02-20,2025-12-31,2025,https://www.sec.gov/Archives/edgar/data/831001/000083100126000011/c-20251231.htm,2025/pilot_100/sample/pilot_sampling_frame.csv,expansion_200,2,20250729,35
170,S2025-170,S2025-170,CBOE,CBOE,Cboe Global Markets,Cboe Global Markets,cik:0001374310,0001374310,Financials,Financial Exchanges & Data,0001628280-26-010013,cboe-20251231.htm,10-K,2026-02-20,2025-12-31,2025,https://www.sec.gov/Archives/edgar/data/1374310/000162828026010013/cboe-20251231.htm,2025/pilot_100/sample/pilot_sampling_frame.csv,expansion_200,2,20250729,36
171,S2025-171,S2025-171,ARES,ARES,Ares Management,Ares Management,cik:0001176948,0001176948,Financials,Asset Management & Custody Banks,0001628280-26-011413,ares-20251231.htm,10-K,2026-02-25,2025-12-31,2025,https://www.sec.gov/Archives/edgar/data/1176948/000162828026011413/ares-20251231.htm,2025/pilot_100/sample/pilot_sampling_frame.csv,expansion_200,2,20250729,37
172,S2025-172,S2025-172,COIN,COIN,Coinbase,Coinbase,cik:0001679788,0001679788,Financials,Financial Exchanges & Data,0001679788-26-000015,coin-20251231.htm,10-K,2026-02-12,2025-12-31,2025,https://www.sec.gov/Archives/edgar/data/1679788/000167978826000015/coin-20251231.htm,2025/pilot_100/sample/pilot_sampling_frame.csv,expansion_200,2,20250729,38
173,S2025-173,S2025-173,TRV,TRV,Travelers Companies (The),Travelers Companies (The),cik:0000086312,0000086312,Financials,Property & Casualty Insurance,0000086312-26-000065,trv-20251231.htm,10-K,2026-02-12,2025-12-31,2025,https://www.sec.gov/Archives/edgar/data/86312/000008631226000065/trv-20251231.htm,2025/pilot_100/sample/pilot_sampling_frame.csv,expansion_200,2,20250729,39
174,S2025-174,S2025-174,GPN,GPN,Global Payments,Global Payments,cik:0001123360,0001123360,Financials,Transaction & Payment Processing Services,0001123360-26-000008,gpn-20251231.htm,10-K,2026-02-20,2025-12-31,2025,https://www.sec.gov/Archives/edgar/data/1123360/000112336026000008/gpn-20251231.htm,2025/pilot_100/sample/pilot_sampling_frame.csv,expansion_200,2,20250729,40
175,S2025-175,S2025-175,FISV,FISV,Fiserv,Fiserv,cik:0000798354,0000798354,Financials,Transaction & Payment Processing Services,0000798354-26-000009,fi-20251231.htm,10-K,2026-02-19,2025-12-31,2025,https://www.sec.gov/Archives/edgar/data/798354/000079835426000009/fi-20251231.htm,2025/pilot_100/sample/pilot_sampling_frame.csv,expansion_200,2,20250729,41
176,S2025-176,S2025-176,KEY,KEY,KeyCorp,KeyCorp,cik:0000091576,0000091576,Financials,Regional Banks,0001628280-26-010546,key-20251231.htm,10-K,2026-02-23,2025-12-31,2025,https://www.sec.gov/Archives/edgar/data/91576/000162828026010546/key-20251231.htm,2025/pilot_100/sample/pilot_sampling_frame.csv,expansion_200,2,20250729,42
177,S2025-177,S2025-177,GL,GL,Globe Life,Globe Life,cik:0000320335,0000320335,Financials,Life & Health Insurance,0000320335-26-000090,gl-20251231.htm,10-K,2026-02-25,2025-12-31,2025,https://www.sec.gov/Archives/edgar/data/320335/000032033526000090/gl-20251231.htm,2025/pilot_100/sample/pilot_sampling_frame.csv,expansion_200,2,20250729,43
178,S2025-178,S2025-178,CPAY,CPAY,Corpay,Corpay,cik:0001175454,0001175454,Financials,Transaction & Payment Processing Services,0001175454-26-000018,flt-20251231.htm,10-K,2026-02-27,2025-12-31,2025,https://www.sec.gov/Archives/edgar/data/1175454/000117545426000018/flt-20251231.htm,2025/pilot_100/sample/pilot_sampling_frame.csv,expansion_200,2,20250729,44
179,S2025-179,S2025-179,BRO,BRO,Brown & Brown,Brown & Brown,cik:0000079282,0000079282,Financials,Insurance Brokers,0001193125-26-046984,bro-20251231.htm,10-K,2026-02-12,2025-12-31,2025,https://www.sec.gov/Archives/edgar/data/79282/000119312526046984/bro-20251231.htm,2025/pilot_100/sample/pilot_sampling_frame.csv,expansion_200,2,20250729,45
180,S2025-180,S2025-180,WRB,WRB,W. R. Berkley Corporation,W. R. Berkley Corporation,cik:0000011544,0000011544,Financials,Property & Casualty Insurance,0000011544-26-000005,wrb-20251231.htm,10-K,2026-02-27,2025-12-31,2025,https://www.sec.gov/Archives/edgar/data/11544/000001154426000005/wrb-20251231.htm,2025/pilot_100/sample/pilot_sampling_frame.csv,expansion_200,2,20250729,46
181,S2025-181,S2025-181,LLY,LLY,Lilly (Eli),Lilly (Eli),cik:0000059478,0000059478,Health Care,Pharmaceuticals,0000059478-26-000013,lly-20251231.htm,10-K,2026-02-12,2025-12-31,2025,https://www.sec.gov/Archives/edgar/data/59478/000005947826000013/lly-20251231.htm,2025/pilot_100/sample/pilot_sampling_frame.csv,expansion_200,2,20250729,13
182,S2025-182,S2025-182,PFE,PFE,Pfizer,Pfizer,cik:0000078003,0000078003,Health Care,Pharmaceuticals,0000078003-26-000026,pfe-20251231.htm,10-K,2026-02-26,2025-12-31,2025,https://www.sec.gov/Archives/edgar/data/78003/000007800326000026/pfe-20251231.htm,2025/pilot_100/sample/pilot_sampling_frame.csv,expansion_200,2,20250729,14
183,S2025-183,S2025-183,PODD,PODD,Insulet Corporation,Insulet Corporation,cik:0001145197,0001145197,Health Care,Health Care Equipment,0001145197-26-000028,podd-20251231.htm,10-K,2026-02-18,2025-12-31,2025,https://www.sec.gov/Archives/edgar/data/1145197/000114519726000028/podd-20251231.htm,2025/pilot_100/sample/pilot_sampling_frame.csv,expansion_200,2,20250729,15
184,S2025-184,S2025-184,DVA,DVA,DaVita,DaVita,cik:0000927066,0000927066,Health Care,Health Care Services,0000927066-26-000012,dva-20251231.htm,10-K,2026-02-11,2025-12-31,2025,https://www.sec.gov/Archives/edgar/data/927066/000092706626000012/dva-20251231.htm,2025/pilot_100/sample/pilot_sampling_frame.csv,expansion_200,2,20250729,16
185,S2025-185,S2025-185,RVTY,RVTY,Revvity,Revvity,cik:0000031791,0000031791,Health Care,Health Care Equipment,0000031791-26-000012,revv-20251228.htm,10-K,2026-02-24,2025-12-28,2025,https://www.sec.gov/Archives/edgar/data/31791/000003179126000012/revv-20251228.htm,2025/pilot_100/sample/pilot_sampling_frame.csv,expansion_200,2,20250729,17
186,S2025-186,S2025-186,CRL,CRL,Charles River Laboratories,Charles River Laboratories,cik:0001100682,0001100682,Health Care,Life Sciences Tools & Services,0001100682-26-000022,crl-20251227.htm,10-K,2026-02-18,2025-12-27,2025,https://www.sec.gov/Archives/edgar/data/1100682/000110068226000022/crl-20251227.htm,2025/pilot_100/sample/pilot_sampling_frame.csv,expansion_200,2,20250729,18
187,S2025-187,S2025-187,DGX,DGX,Quest Diagnostics,Quest Diagnostics,cik:0001022079,0001022079,Health Care,Health Care Services,0001022079-26-000015,dgx-20251231.htm,10-K,2026-02-26,2025-12-31,2025,https://www.sec.gov/Archives/edgar/data/1022079/000102207926000015/dgx-20251231.htm,2025/pilot_100/sample/pilot_sampling_frame.csv,expansion_200,2,20250729,19
188,S2025-188,S2025-188,CVS,CVS,CVS Health,CVS Health,cik:0000064803,0000064803,Health Care,Health Care Services,0000064803-26-000010,cvs-20251231.htm,10-K,2026-02-10,2025-12-31,2025,https://www.sec.gov/Archives/edgar/data/64803/000006480326000010/cvs-20251231.htm,2025/pilot_100/sample/pilot_sampling_frame.csv,expansion_200,2,20250729,20
189,S2025-189,S2025-189,EW,EW,Edwards Lifesciences,Edwards Lifesciences,cik:0001099800,0001099800,Health Care,Health Care Equipment,0001099800-26-000009,ew-20251231.htm,10-K,2026-02-25,2025-12-31,2025,https://www.sec.gov/Archives/edgar/data/1099800/000109980026000009/ew-20251231.htm,2025/pilot_100/sample/pilot_sampling_frame.csv,expansion_200,2,20250729,21
190,S2025-190,S2025-190,WST,WST,West Pharmaceutical Services,West Pharmaceutical Services,cik:0000105770,0000105770,Health Care,Health Care Supplies,0000105770-26-000010,wst-20251231.htm,10-K,2026-02-17,2025-12-31,2025,https://www.sec.gov/Archives/edgar/data/105770/000010577026000010/wst-20251231.htm,2025/pilot_100/sample/pilot_sampling_frame.csv,expansion_200,2,20250729,22
191,S2025-191,S2025-191,VRTX,VRTX,Vertex Pharmaceuticals,Vertex Pharmaceuticals,cik:0000875320,0000875320,Health Care,Biotechnology,0000875320-26-000056,vrtx-20251231.htm,10-K,2026-02-13,2025-12-31,2025,https://www.sec.gov/Archives/edgar/data/875320/000087532026000056/vrtx-20251231.htm,2025/pilot_100/sample/pilot_sampling_frame.csv,expansion_200,2,20250729,23
192,S2025-192,S2025-192,ABBV,ABBV,AbbVie,AbbVie,cik:0001551152,0001551152,Health Care,Biotechnology,0001551152-26-000008,abbv-20251231.htm,10-K,2026-02-20,2025-12-31,2025,https://www.sec.gov/Archives/edgar/data/1551152/000155115226000008/abbv-20251231.htm,2025/pilot_100/sample/pilot_sampling_frame.csv,expansion_200,2,20250729,24
193,S2025-193,S2025-193,BMY,BMY,Bristol Myers Squibb,Bristol Myers Squibb,cik:0000014272,0000014272,Health Care,Pharmaceuticals,0000014272-26-000004,bmy-20251231.htm,10-K,2026-02-11,2025-12-31,2025,https://www.sec.gov/Archives/edgar/data/14272/000001427226000004/bmy-20251231.htm,2025/pilot_100/sample/pilot_sampling_frame.csv,expansion_200,2,20250729,25
194,S2025-194,S2025-194,BSX,BSX,Boston Scientific,Boston Scientific,cik:0000885725,0000885725,Health Care,Health Care Equipment,0000885725-26-000010,bsx-20251231.htm,10-K,2026-02-17,2025-12-31,2025,https://www.sec.gov/Archives/edgar/data/885725/000088572526000010/bsx-20251231.htm,2025/pilot_100/sample/pilot_sampling_frame.csv,expansion_200,2,20250729,26
195,S2025-195,S2025-195,SOLV,SOLV,Solventum,Solventum,cik:0001964738,0001964738,Health Care,Health Care Technology,0001964738-26-000007,solv-20251231.htm,10-K,2026-02-27,2025-12-31,2025,https://www.sec.gov/Archives/edgar/data/1964738/000196473826000007/solv-20251231.htm,2025/pilot_100/sample/pilot_sampling_frame.csv,expansion_200,2,20250729,27
196,S2025-196,S2025-196,MRNA,MRNA,Moderna,Moderna,cik:0001682852,0001682852,Health Care,Biotechnology,0001682852-26-000033,mrna-20251231.htm,10-K,2026-02-20,2025-12-31,2025,https://www.sec.gov/Archives/edgar/data/1682852/000168285226000033/mrna-20251231.htm,2025/pilot_100/sample/pilot_sampling_frame.csv,expansion_200,2,20250729,28
197,S2025-197,S2025-197,ELV,ELV,Elevance Health,Elevance Health,cik:0001156039,0001156039,Health Care,Managed Health Care,0001156039-26-000013,elv-20251231.htm,10-K,2026-02-06,2025-12-31,2025,https://www.sec.gov/Archives/edgar/data/1156039/000115603926000013/elv-20251231.htm,2025/pilot_100/sample/pilot_sampling_frame.csv,expansion_200,2,20250729,29
198,S2025-198,S2025-198,MTD,MTD,Mettler Toledo,Mettler Toledo,cik:0001037646,0001037646,Health Care,Life Sciences Tools & Services,0001037646-26-000011,mtd-20251231.htm,10-K,2026-02-06,2025-12-31,2025,https://www.sec.gov/Archives/edgar/data/1037646/000103764626000011/mtd-20251231.htm,2025/pilot_100/sample/pilot_sampling_frame.csv,expansion_200,2,20250729,30
199,S2025-199,S2025-199,ZBH,ZBH,Zimmer Biomet,Zimmer Biomet,cik:0001136869,0001136869,Health Care,Health Care Equipment,0001193125-26-059853,zbh-20251231.htm,10-K,2026-02-20,2025-12-31,2025,https://www.sec.gov/Archives/edgar/data/1136869/000119312526059853/zbh-20251231.htm,2025/pilot_100/sample/pilot_sampling_frame.csv,expansion_200,2,20250729,31
200,S2025-200,S2025-200,LH,LH,Labcorp,Labcorp,cik:0000920148,0000920148,Health Care,Health Care Services,0000920148-26-000111,lh-20251231.htm,10-K,2026-02-24,2025-12-31,2025,https://www.sec.gov/Archives/edgar/data/920148/000092014826000111/lh-20251231.htm,2025/pilot_100/sample/pilot_sampling_frame.csv,expansion_200,2,20250729,32
201,S2025-201,S2025-201,A,A,Agilent Technologies,Agilent Technologies,cik:0001090872,0001090872,Health Care,Life Sciences Tools & Services,0001090872-25-000087,a-20251031.htm,10-K,2025-12-22,2025-10-31,2025,https://www.sec.gov/Archives/edgar/data/1090872/000109087225000087/a-20251031.htm,2025/pilot_100/sample/pilot_sampling_frame.csv,expansion_200,3,20250729,33
202,S2025-202,S2025-202,MCK,MCK,McKesson Corporation,McKesson Corporation,cik:0000927653,0000927653,Health Care,Health Care Distributors,0000927653-25-000036,mck-20250331.htm,10-K,2025-05-09,2025-03-31,2025,https://www.sec.gov/Archives/edgar/data/927653/000092765325000036/mck-20250331.htm,2025/pilot_100/sample/pilot_sampling_frame.csv,expansion_200,3,20250729,34
203,S2025-203,S2025-203,ABT,ABT,Abbott Laboratories,Abbott Laboratories,cik:0000001800,0000001800,Health Care,Health Care Equipment,0001628280-26-010185,abt-20251231.htm,10-K,2026-02-20,2025-12-31,2025,https://www.sec.gov/Archives/edgar/data/1800/000162828026010185/abt-20251231.htm,2025/pilot_100/sample/pilot_sampling_frame.csv,expansion_200,3,20250729,35
204,S2025-204,S2025-204,AMGN,AMGN,Amgen,Amgen,cik:0000318154,0000318154,Health Care,Biotechnology,0000318154-26-000010,amgn-20251231.htm,10-K,2026-02-13,2025-12-31,2025,https://www.sec.gov/Archives/edgar/data/318154/000031815426000010/amgn-20251231.htm,2025/pilot_100/sample/pilot_sampling_frame.csv,expansion_200,3,20250729,36
205,S2025-205,S2025-205,CTAS,CTAS,Cintas,Cintas,cik:0000723254,0000723254,Industrials,Diversified Support Services,0000723254-25-000017,ctas-20250531.htm,10-K,2025-07-28,2025-05-31,2025,https://www.sec.gov/Archives/edgar/data/723254/000072325425000017/ctas-20250531.htm,2025/pilot_100/sample/pilot_sampling_frame.csv,expansion_200,3,20250729,18
206,S2025-206,S2025-206,LHX,LHX,L3Harris,L3Harris,cik:0000202058,0000202058,Industrials,Aerospace & Defense,0000202058-25-000023,hrs-20250103.htm,10-K,2025-02-14,2025-01-03,2025,https://www.sec.gov/Archives/edgar/data/202058/000020205825000023/hrs-20250103.htm,2025/pilot_100/sample/pilot_sampling_frame.csv,expansion_200,3,20250729,19
207,S2025-207,S2025-207,PWR,PWR,Quanta Services,Quanta Services,cik:0001050915,0001050915,Industrials,Construction & Engineering,0001050915-26-000006,pwr-20251231.htm,10-K,2026-02-19,2025-12-31,2025,https://www.sec.gov/Archives/edgar/data/1050915/000105091526000006/pwr-20251231.htm,2025/pilot_100/sample/pilot_sampling_frame.csv,expansion_200,3,20250729,21
208,S2025-208,S2025-208,UNP,UNP,Union Pacific Corporation,Union Pacific Corporation,cik:0000100885,0000100885,Industrials,Rail Transportation,0000100885-26-000037,unp-20251231.htm,10-K,2026-02-06,2025-12-31,2025,https://www.sec.gov/Archives/edgar/data/100885/000010088526000037/unp-20251231.htm,2025/pilot_100/sample/pilot_sampling_frame.csv,expansion_200,3,20250729,22
209,S2025-209,S2025-209,WM,WM,Waste Management,Waste Management,cik:0000823768,0000823768,Industrials,Environmental & Facilities Services,0001104659-26-012049,wm-20251231x10k.htm,10-K,2026-02-09,2025-12-31,2025,https://www.sec.gov/Archives/edgar/data/823768/000110465926012049/wm-20251231x10k.htm,2025/pilot_100/sample/pilot_sampling_frame.csv,expansion_200,3,20250729,23
210,S2025-210,S2025-210,WAB,WAB,Wabtec,Wabtec,cik:0000943452,0000943452,Industrials,Construction Machinery & Heavy Transportation Equipment,0001628280-26-008067,wab-20251231.htm,10-K,2026-02-13,2025-12-31,2025,https://www.sec.gov/Archives/edgar/data/943452/000162828026008067/wab-20251231.htm,2025/pilot_100/sample/pilot_sampling_frame.csv,expansion_200,3,20250729,24
211,S2025-211,S2025-211,LII,LII,Lennox International,Lennox International,cik:0001069202,0001069202,Industrials,Building Products,0001069202-26-000028,lii-20251231.htm,10-K,2026-02-17,2025-12-31,2025,https://www.sec.gov/Archives/edgar/data/1069202/000106920226000028/lii-20251231.htm,2025/pilot_100/sample/pilot_sampling_frame.csv,expansion_200,3,20250729,25
212,S2025-212,S2025-212,NDSN,NDSN,Nordson Corporation,Nordson Corporation,cik:0000072331,0000072331,Industrials,Industrial Machinery & Supplies & Components,0000072331-25-000144,ndsn-20251031.htm,10-K,2025-12-17,2025-10-31,2025,https://www.sec.gov/Archives/edgar/data/72331/000007233125000144/ndsn-20251031.htm,2025/pilot_100/sample/pilot_sampling_frame.csv,expansion_200,3,20250729,26
213,S2025-213,S2025-213,CHRW,CHRW,C.H. Robinson,C.H. Robinson,cik:0001043277,0001043277,Industrials,Air Freight & Logistics,0001043277-26-000009,chrw-20251231.htm,10-K,2026-02-13,2025-12-31,2025,https://www.sec.gov/Archives/edgar/data/1043277/000104327726000009/chrw-20251231.htm,2025/pilot_100/sample/pilot_sampling_frame.csv,expansion_200,3,20250729,27
214,S2025-214,S2025-214,GWW,GWW,W. W. Grainger,W. W. Grainger,cik:0000277135,0000277135,Industrials,Industrial Machinery & Supplies & Components,0000277135-26-000011,gww-20251231.htm,10-K,2026-02-19,2025-12-31,2025,https://www.sec.gov/Archives/edgar/data/277135/000027713526000011/gww-20251231.htm,2025/pilot_100/sample/pilot_sampling_frame.csv,expansion_200,3,20250729,28
215,S2025-215,S2025-215,HON,HON,Honeywell Technologies,Honeywell Technologies,cik:0000773840,0000773840,Industrials,Industrial Conglomerates,0000773840-26-000013,hon-20251231.htm,10-K,2026-02-17,2025-12-31,2025,https://www.sec.gov/Archives/edgar/data/773840/000077384026000013/hon-20251231.htm,2025/pilot_100/sample/pilot_sampling_frame.csv,expansion_200,3,20250729,29
216,S2025-216,S2025-216,HII,HII,Huntington Ingalls Industries,Huntington Ingalls Industries,cik:0001501585,0001501585,Industrials,Aerospace & Defense,0001501585-26-000006,hii-20251231.htm,10-K,2026-02-05,2025-12-31,2025,https://www.sec.gov/Archives/edgar/data/1501585/000150158526000006/hii-20251231.htm,2025/pilot_100/sample/pilot_sampling_frame.csv,expansion_200,3,20250729,30
217,S2025-217,S2025-217,CARR,CARR,Carrier Global,Carrier Global,cik:0001783180,0001783180,Industrials,Building Products,0001783180-26-000008,carr-20251231.htm,10-K,2026-02-05,2025-12-31,2025,https://www.sec.gov/Archives/edgar/data/1783180/000178318026000008/carr-20251231.htm,2025/pilot_100/sample/pilot_sampling_frame.csv,expansion_200,3,20250729,31
218,S2025-218,S2025-218,NOC,NOC,Northrop Grumman,Northrop Grumman,cik:0001133421,0001133421,Industrials,Aerospace & Defense,0001133421-26-000003,noc-20251231.htm,10-K,2026-01-27,2025-12-31,2025,https://www.sec.gov/Archives/edgar/data/1133421/000113342126000003/noc-20251231.htm,2025/pilot_100/sample/pilot_sampling_frame.csv,expansion_200,3,20250729,32
219,S2025-219,S2025-219,EXPD,EXPD,Expeditors International,Expeditors International,cik:0000746515,0000746515,Industrials,Air Freight & Logistics,0001193125-26-071569,expd-20251231.htm,10-K,2026-02-25,2025-12-31,2025,https://www.sec.gov/Archives/edgar/data/746515/000119312526071569/expd-20251231.htm,2025/pilot_100/sample/pilot_sampling_frame.csv,expansion_200,3,20250729,33
220,S2025-220,S2025-220,RTX,RTX,RTX Corporation,RTX Corporation,cik:0000101829,0000101829,Industrials,Aerospace & Defense,0000101829-26-000006,rtx-20251231.htm,10-K,2026-02-06,2025-12-31,2025,https://www.sec.gov/Archives/edgar/data/101829/000010182926000006/rtx-20251231.htm,2025/pilot_100/sample/pilot_sampling_frame.csv,expansion_200,3,20250729,34
221,S2025-221,S2025-221,TT,TT,Trane Technologies,Trane Technologies,cik:0001466258,0001466258,Industrials,Building Products,0001628280-26-005731,tt-20251231.htm,10-K,2026-02-05,2025-12-31,2025,https://www.sec.gov/Archives/edgar/data/1466258/000162828026005731/tt-20251231.htm,2025/pilot_100/sample/pilot_sampling_frame.csv,expansion_200,3,20250729,35
222,S2025-222,S2025-222,VRSK,VRSK,Verisk Analytics,Verisk Analytics,cik:0001442145,0001442145,Industrials,Research & Consulting Services,0001437749-26-004452,vrsk20251231_10k.htm,10-K,2026-02-18,2025-12-31,2025,https://www.sec.gov/Archives/edgar/data/1442145/000143774926004452/vrsk20251231_10k.htm,2025/pilot_100/sample/pilot_sampling_frame.csv,expansion_200,3,20250729,36
223,S2025-223,S2025-223,VLTO,VLTO,Veralto,Veralto,cik:0001967680,0001967680,Industrials,Environmental & Facilities Services,0001967680-26-000011,vlto-20251231.htm,10-K,2026-02-20,2025-12-31,2025,https://www.sec.gov/Archives/edgar/data/1967680/000196768026000011/vlto-20251231.htm,2025/pilot_100/sample/pilot_sampling_frame.csv,expansion_200,3,20250729,37
224,S2025-224,S2025-224,DAL,DAL,Delta Air Lines,Delta Air Lines,cik:0000027904,0000027904,Industrials,Passenger Airlines,0000027904-26-000013,dal-20251231.htm,10-K,2026-02-11,2025-12-31,2025,https://www.sec.gov/Archives/edgar/data/27904/000002790426000013/dal-20251231.htm,2025/pilot_100/sample/pilot_sampling_frame.csv,expansion_200,3,20250729,38
225,S2025-225,S2025-225,ROL,ROL,"Rollins, Inc.","Rollins, Inc.",cik:0000084839,0000084839,Industrials,Environmental & Facilities Services,0000084839-26-000008,rol-20251231.htm,10-K,2026-02-12,2025-12-31,2025,https://www.sec.gov/Archives/edgar/data/84839/000008483926000008/rol-20251231.htm,2025/pilot_100/sample/pilot_sampling_frame.csv,expansion_200,3,20250729,39
226,S2025-226,S2025-226,JCI,JCI,Johnson Controls,Johnson Controls,cik:0000833444,0000833444,Industrials,Building Products,0000833444-25-000097,jci-20250930.htm,10-K,2025-11-14,2025-09-30,2025,https://www.sec.gov/Archives/edgar/data/833444/000083344425000097/jci-20250930.htm,2025/pilot_100/sample/pilot_sampling_frame.csv,expansion_200,3,20250729,40
227,S2025-227,S2025-227,ODFL,ODFL,Old Dominion,Old Dominion,cik:0000878927,0000878927,Industrials,Cargo Ground Transportation,0001193125-26-067161,odfl-20251231.htm,10-K,2026-02-24,2025-12-31,2025,https://www.sec.gov/Archives/edgar/data/878927/000119312526067161/odfl-20251231.htm,2025/pilot_100/sample/pilot_sampling_frame.csv,expansion_200,3,20250729,41
228,S2025-228,S2025-228,ALLE,ALLE,Allegion,Allegion,cik:0001579241,0001579241,Industrials,Building Products,0001579241-26-000007,alle-20251231.htm,10-K,2026-02-17,2025-12-31,2025,https://www.sec.gov/Archives/edgar/data/1579241/000157924126000007/alle-20251231.htm,2025/pilot_100/sample/pilot_sampling_frame.csv,expansion_200,3,20250729,42
229,S2025-229,S2025-229,TDG,TDG,TransDigm Group,TransDigm Group,cik:0001260221,0001260221,Industrials,Aerospace & Defense,0001260221-25-000081,tdg-20250930.htm,10-K,2025-11-12,2025-09-30,2025,https://www.sec.gov/Archives/edgar/data/1260221/000126022125000081/tdg-20250930.htm,2025/pilot_100/sample/pilot_sampling_frame.csv,expansion_200,3,20250729,43
230,S2025-230,S2025-230,LDOS,LDOS,Leidos,Leidos,cik:0001336920,0001336920,Industrials,Diversified Support Services,0001336920-25-000006,ldos-20250103.htm,10-K,2025-02-11,2025-01-03,2025,https://www.sec.gov/Archives/edgar/data/1336920/000133692025000006/ldos-20250103.htm,2025/pilot_100/sample/pilot_sampling_frame.csv,expansion_200,3,20250729,44
231,S2025-231,S2025-231,CAT,CAT,Caterpillar Inc.,Caterpillar Inc.,cik:0000018230,0000018230,Industrials,Construction Machinery & Heavy Transportation Equipment,0000018230-26-000008,cat-20251231.htm,10-K,2026-02-13,2025-12-31,2025,https://www.sec.gov/Archives/edgar/data/18230/000001823026000008/cat-20251231.htm,2025/pilot_100/sample/pilot_sampling_frame.csv,expansion_200,3,20250729,45
232,S2025-232,S2025-232,UAL,UAL,United Airlines Holdings,United Airlines Holdings,cik:0000100517,0000100517,Industrials,Passenger Airlines,0000100517-26-000023,ual-20251231.htm,10-K,2026-02-12,2025-12-31,2025,https://www.sec.gov/Archives/edgar/data/100517/000010051726000023/ual-20251231.htm,2025/pilot_100/sample/pilot_sampling_frame.csv,expansion_200,3,20250729,46
233,S2025-233,S2025-233,CSX,CSX,CSX Corporation,CSX Corporation,cik:0000277948,0000277948,Industrials,Rail Transportation,0000277948-26-000006,csx-20251231.htm,10-K,2026-02-12,2025-12-31,2025,https://www.sec.gov/Archives/edgar/data/277948/000027794826000006/csx-20251231.htm,2025/pilot_100/sample/pilot_sampling_frame.csv,expansion_200,3,20250729,47
234,S2025-234,S2025-234,FAST,FAST,Fastenal,Fastenal,cik:0000815556,0000815556,Industrials,Trading Companies & Distributors,0000815556-26-000009,fast-20251231.htm,10-K,2026-02-05,2025-12-31,2025,https://www.sec.gov/Archives/edgar/data/815556/000081555626000009/fast-20251231.htm,2025/pilot_100/sample/pilot_sampling_frame.csv,expansion_200,3,20250729,48
235,S2025-235,S2025-235,FTV,FTV,Fortive,Fortive,cik:0001659166,0001659166,Industrials,Industrial Machinery & Supplies & Components,0001659166-26-000007,ftv-20251231.htm,10-K,2026-02-25,2025-12-31,2025,https://www.sec.gov/Archives/edgar/data/1659166/000165916626000007/ftv-20251231.htm,2025/pilot_100/sample/pilot_sampling_frame.csv,expansion_200,3,20250729,49
236,S2025-236,S2025-236,XYL,XYL,Xylem Inc.,Xylem Inc.,cik:0001524472,0001524472,Industrials,Industrial Machinery & Supplies & Components,0001524472-26-000012,xyl-20251231.htm,10-K,2026-02-25,2025-12-31,2025,https://www.sec.gov/Archives/edgar/data/1524472/000152447226000012/xyl-20251231.htm,2025/pilot_100/sample/pilot_sampling_frame.csv,expansion_200,3,20250729,50
237,S2025-237,S2025-237,GDDY,GDDY,GoDaddy,GoDaddy,cik:0001609711,0001609711,Information Technology,Internet Services & Infrastructure,0001609711-26-000010,gddy-20251231.htm,10-K,2026-02-25,2025-12-31,2025,https://www.sec.gov/Archives/edgar/data/1609711/000160971126000010/gddy-20251231.htm,2025/pilot_100/sample/pilot_sampling_frame.csv,expansion_200,3,20250729,15
238,S2025-238,S2025-238,FICO,FICO,Fair Isaac,Fair Isaac,cik:0000814547,0000814547,Information Technology,Application Software,0000814547-25-000030,fico-20250930.htm,10-K,2025-11-07,2025-09-30,2025,https://www.sec.gov/Archives/edgar/data/814547/000081454725000030/fico-20250930.htm,2025/pilot_100/sample/pilot_sampling_frame.csv,expansion_200,3,20250729,16
239,S2025-239,S2025-239,HPQ,HPQ,HP Inc.,HP Inc.,cik:0000047217,0000047217,Information Technology,"Technology Hardware, Storage & Peripherals",0000047217-25-000071,hpq-20251031.htm,10-K,2025-12-10,2025-10-31,2025,https://www.sec.gov/Archives/edgar/data/47217/000004721725000071/hpq-20251031.htm,2025/pilot_100/sample/pilot_sampling_frame.csv,expansion_200,3,20250729,17
240,S2025-240,S2025-240,FSLR,FSLR,First Solar,First Solar,cik:0001274494,0001274494,Information Technology,Semiconductors,0001274494-26-000021,fslr-20251231.htm,10-K,2026-02-24,2025-12-31,2025,https://www.sec.gov/Archives/edgar/data/1274494/000127449426000021/fslr-20251231.htm,2025/pilot_100/sample/pilot_sampling_frame.csv,expansion_200,3,20250729,18
241,S2025-241,S2025-241,WDC,WDC,Western Digital,Western Digital,cik:0000106040,0000106040,Information Technology,"Technology Hardware, Storage & Peripherals",0000106040-25-000038,wdc-20250627.htm,10-K,2025-08-14,2025-06-27,2025,https://www.sec.gov/Archives/edgar/data/106040/000010604025000038/wdc-20250627.htm,2025/pilot_100/sample/pilot_sampling_frame.csv,expansion_200,3,20250729,19
242,S2025-242,S2025-242,CDW,CDW,CDW Corporation,CDW Corporation,cik:0001402057,0001402057,Information Technology,Technology Distributors,0001402057-26-000011,cdw-20251231.htm,10-K,2026-02-20,2025-12-31,2025,https://www.sec.gov/Archives/edgar/data/1402057/000140205726000011/cdw-20251231.htm,2025/pilot_100/sample/pilot_sampling_frame.csv,expansion_200,3,20250729,20
243,S2025-243,S2025-243,AVGO,AVGO,Broadcom,Broadcom,cik:0001730168,0001730168,Information Technology,Semiconductors,0001730168-25-000121,avgo-20251102.htm,10-K,2025-12-18,2025-11-02,2025,https://www.sec.gov/Archives/edgar/data/1730168/000173016825000121/avgo-20251102.htm,2025/pilot_100/sample/pilot_sampling_frame.csv,expansion_200,3,20250729,21
244,S2025-244,S2025-244,TER,TER,Teradyne,Teradyne,cik:0000097210,0000097210,Information Technology,Semiconductor Materials & Equipment,0001193125-26-059002,ter-20251231.htm,10-K,2026-02-19,2025-12-31,2025,https://www.sec.gov/Archives/edgar/data/97210/000119312526059002/ter-20251231.htm,2025/pilot_100/sample/pilot_sampling_frame.csv,expansion_200,3,20250729,22
245,S2025-245,S2025-245,SNDK,SNDK,Sandisk,Sandisk,cik:0002023554,0002023554,Information Technology,"Technology Hardware, Storage & Peripherals",0002023554-25-000034,sndk-20250627.htm,10-K,2025-08-21,2025-06-27,2025,https://www.sec.gov/Archives/edgar/data/2023554/000202355425000034/sndk-20250627.htm,2025/pilot_100/sample/pilot_sampling_frame.csv,expansion_200,3,20250729,23
246,S2025-246,S2025-246,ORCL,ORCL,Oracle Corporation,Oracle Corporation,cik:0001341439,0001341439,Information Technology,Application Software,0000950170-25-087926,orcl-20250531.htm,10-K,2025-06-18,2025-05-31,2025,https://www.sec.gov/Archives/edgar/data/1341439/000095017025087926/orcl-20250531.htm,2025/pilot_100/sample/pilot_sampling_frame.csv,expansion_200,3,20250729,24
247,S2025-247,S2025-247,PANW,PANW,Palo Alto Networks,Palo Alto Networks,cik:0001327567,0001327567,Information Technology,Systems Software,0001327567-25-000027,panw-20250731.htm,10-K,2025-08-29,2025-07-31,2025,https://www.sec.gov/Archives/edgar/data/1327567/000132756725000027/panw-20250731.htm,2025/pilot_100/sample/pilot_sampling_frame.csv,expansion_200,3,20250729,25
248,S2025-248,S2025-248,PTC,PTC,PTC Inc.,PTC Inc.,cik:0000857005,0000857005,Information Technology,Application Software,0001193125-25-291326,ptc-20250930.htm,10-K,2025-11-21,2025-09-30,2025,https://www.sec.gov/Archives/edgar/data/857005/000119312525291326/ptc-20250930.htm,2025/pilot_100/sample/pilot_sampling_frame.csv,expansion_200,3,20250729,26
249,S2025-249,S2025-249,INTU,INTU,Intuit,Intuit,cik:0000896878,0000896878,Information Technology,Application Software,0000896878-25-000035,intu-20250731.htm,10-K,2025-09-03,2025-07-31,2025,https://www.sec.gov/Archives/edgar/data/896878/000089687825000035/intu-20250731.htm,2025/pilot_100/sample/pilot_sampling_frame.csv,expansion_200,3,20250729,27
250,S2025-250,S2025-250,TYL,TYL,Tyler Technologies,Tyler Technologies,cik:0000860731,0000860731,Information Technology,Application Software,0000860731-26-000016,tyl-20251231.htm,10-K,2026-02-18,2025-12-31,2025,https://www.sec.gov/Archives/edgar/data/860731/000086073126000016/tyl-20251231.htm,2025/pilot_100/sample/pilot_sampling_frame.csv,expansion_200,3,20250729,28
251,S2025-251,S2025-251,AAPL,AAPL,Apple Inc.,Apple Inc.,cik:0000320193,0000320193,Information Technology,"Technology Hardware, Storage & Peripherals",0000320193-25-000079,aapl-20250927.htm,10-K,2025-10-31,2025-09-27,2025,https://www.sec.gov/Archives/edgar/data/320193/000032019325000079/aapl-20250927.htm,2025/pilot_100/sample/pilot_sampling_frame.csv,expansion_200,3,20250729,29
252,S2025-252,S2025-252,ADI,ADI,Analog Devices,Analog Devices,cik:0000006281,0000006281,Information Technology,Semiconductors,0000006281-25-000153,adi-20251101.htm,10-K,2025-11-25,2025-11-01,2025,https://www.sec.gov/Archives/edgar/data/6281/000000628125000153/adi-20251101.htm,2025/pilot_100/sample/pilot_sampling_frame.csv,expansion_200,3,20250729,30
253,S2025-253,S2025-253,ANET,ANET,Arista Networks,Arista Networks,cik:0001596532,0001596532,Information Technology,Communications Equipment,0001596532-26-000013,anet-20251231.htm,10-K,2026-02-17,2025-12-31,2025,https://www.sec.gov/Archives/edgar/data/1596532/000159653226000013/anet-20251231.htm,2025/pilot_100/sample/pilot_sampling_frame.csv,expansion_200,3,20250729,31
254,S2025-254,S2025-254,AMAT,AMAT,Applied Materials,Applied Materials,cik:0000006951,0000006951,Information Technology,Semiconductor Materials & Equipment,0001628280-25-056742,amat-20251026.htm,10-K,2025-12-12,2025-10-26,2025,https://www.sec.gov/Archives/edgar/data/6951/000162828025056742/amat-20251026.htm,2025/pilot_100/sample/pilot_sampling_frame.csv,expansion_200,3,20250729,32
255,S2025-255,S2025-255,APP,APP,AppLovin,AppLovin,cik:0001751008,0001751008,Information Technology,Application Software,0001751008-26-000010,app-20251231.htm,10-K,2026-02-19,2025-12-31,2025,https://www.sec.gov/Archives/edgar/data/1751008/000175100826000010/app-20251231.htm,2025/pilot_100/sample/pilot_sampling_frame.csv,expansion_200,3,20250729,33
256,S2025-256,S2025-256,DELL,DELL,Dell Technologies,Dell Technologies,cik:0001571996,0001571996,Information Technology,"Technology Hardware, Storage & Peripherals",0001571996-25-000034,dell-20250131.htm,10-K,2025-03-25,2025-01-31,2025,https://www.sec.gov/Archives/edgar/data/1571996/000157199625000034/dell-20250131.htm,2025/pilot_100/sample/pilot_sampling_frame.csv,expansion_200,3,20250729,34
257,S2025-257,S2025-257,CTSH,CTSH,Cognizant,Cognizant,cik:0001058290,0001058290,Information Technology,IT Consulting & Other Services,0001058290-26-000008,ctsh-20251231.htm,10-K,2026-02-12,2025-12-31,2025,https://www.sec.gov/Archives/edgar/data/1058290/000105829026000008/ctsh-20251231.htm,2025/pilot_100/sample/pilot_sampling_frame.csv,expansion_200,3,20250729,35
258,S2025-258,S2025-258,MSFT,MSFT,Microsoft,Microsoft,cik:0000789019,0000789019,Information Technology,Systems Software,0000950170-25-100235,msft-20250630.htm,10-K,2025-07-30,2025-06-30,2025,https://www.sec.gov/Archives/edgar/data/789019/000095017025100235/msft-20250630.htm,2025/pilot_100/sample/pilot_sampling_frame.csv,expansion_200,3,20250729,36
259,S2025-259,S2025-259,MU,MU,Micron Technology,Micron Technology,cik:0000723125,0000723125,Information Technology,Semiconductors,0000723125-25-000028,mu-20250828.htm,10-K,2025-10-03,2025-08-28,2025,https://www.sec.gov/Archives/edgar/data/723125/000072312525000028/mu-20250828.htm,2025/pilot_100/sample/pilot_sampling_frame.csv,expansion_200,3,20250729,37
260,S2025-260,S2025-260,SMCI,SMCI,Supermicro,Supermicro,cik:0001375365,0001375365,Information Technology,"Technology Hardware, Storage & Peripherals",0001375365-25-000027,smci-20250630.htm,10-K,2025-08-28,2025-06-30,2025,https://www.sec.gov/Archives/edgar/data/1375365/000137536525000027/smci-20250630.htm,2025/pilot_100/sample/pilot_sampling_frame.csv,expansion_200,3,20250729,38
261,S2025-261,S2025-261,IT,IT,Gartner,Gartner,cik:0000749251,0000749251,Information Technology,IT Consulting & Other Services,0000749251-26-000112,it-20251231.htm,10-K,2026-02-12,2025-12-31,2025,https://www.sec.gov/Archives/edgar/data/749251/000074925126000112/it-20251231.htm,2025/pilot_100/sample/pilot_sampling_frame.csv,expansion_200,3,20250729,39
262,S2025-262,S2025-262,ZBRA,ZBRA,Zebra Technologies,Zebra Technologies,cik:0000877212,0000877212,Information Technology,Electronic Equipment & Instruments,0001628280-26-007668,zbra-20251231.htm,10-K,2026-02-12,2025-12-31,2025,https://www.sec.gov/Archives/edgar/data/877212/000162828026007668/zbra-20251231.htm,2025/pilot_100/sample/pilot_sampling_frame.csv,expansion_200,3,20250729,40
263,S2025-263,S2025-263,ROP,ROP,Roper Technologies,Roper Technologies,cik:0000882835,0000882835,Information Technology,Electronic Equipment & Instruments,0000882835-26-000009,rop-20251231.htm,10-K,2026-02-24,2025-12-31,2025,https://www.sec.gov/Archives/edgar/data/882835/000088283526000009/rop-20251231.htm,2025/pilot_100/sample/pilot_sampling_frame.csv,expansion_200,3,20250729,41
264,S2025-264,S2025-264,GLW,GLW,Corning Inc.,Corning Inc.,cik:0000024741,0000024741,Information Technology,Electronic Components,0000024741-26-000124,glw-20251231.htm,10-K,2026-02-12,2025-12-31,2025,https://www.sec.gov/Archives/edgar/data/24741/000002474126000124/glw-20251231.htm,2025/pilot_100/sample/pilot_sampling_frame.csv,expansion_200,3,20250729,42
265,S2025-265,S2025-265,NUE,NUE,Nucor,Nucor,cik:0000073309,0000073309,Materials,Steel,0001193125-26-071575,nue-20251231.htm,10-K,2026-02-25,2025-12-31,2025,https://www.sec.gov/Archives/edgar/data/73309/000119312526071575/nue-20251231.htm,2025/pilot_100/sample/pilot_sampling_frame.csv,expansion_200,3,20250729,6
266,S2025-266,S2025-266,ECL,ECL,Ecolab,Ecolab,cik:0000031462,0000031462,Materials,Specialty Chemicals,0001104659-26-018357,ecl-20251231x10k.htm,10-K,2026-02-23,2025-12-31,2025,https://www.sec.gov/Archives/edgar/data/31462/000110465926018357/ecl-20251231x10k.htm,2025/pilot_100/sample/pilot_sampling_frame.csv,expansion_200,3,20250729,7
267,S2025-267,S2025-267,MOS,MOS,Mosaic Company (The),Mosaic Company (The),cik:0001285785,0001285785,Materials,Fertilizers & Agricultural Chemicals,0001285785-26-000017,mos-20251231.htm,10-K,2026-02-27,2025-12-31,2025,https://www.sec.gov/Archives/edgar/data/1285785/000128578526000017/mos-20251231.htm,2025/pilot_100/sample/pilot_sampling_frame.csv,expansion_200,3,20250729,8
268,S2025-268,S2025-268,DD,DD,DuPont,DuPont,cik:0001666700,0001666700,Materials,Specialty Chemicals,0001666700-26-000013,dd-20251231.htm,10-K,2026-02-17,2025-12-31,2025,https://www.sec.gov/Archives/edgar/data/1666700/000166670026000013/dd-20251231.htm,2025/pilot_100/sample/pilot_sampling_frame.csv,expansion_200,3,20250729,9
269,S2025-269,S2025-269,AMCR,AMCR,Amcor,Amcor,cik:0001748790,0001748790,Materials,Paper & Plastic Packaging Products & Materials,0001748790-25-000023,amcr-20250630.htm,10-K,2025-08-15,2025-06-30,2025,https://www.sec.gov/Archives/edgar/data/1748790/000174879025000023/amcr-20250630.htm,2025/pilot_100/sample/pilot_sampling_frame.csv,expansion_200,3,20250729,10
270,S2025-270,S2025-270,PKG,PKG,Packaging Corporation of America,Packaging Corporation of America,cik:0000075677,0000075677,Materials,Paper & Plastic Packaging Products & Materials,0001193125-26-074129,pkg-20251231.htm,10-K,2026-02-26,2025-12-31,2025,https://www.sec.gov/Archives/edgar/data/75677/000119312526074129/pkg-20251231.htm,2025/pilot_100/sample/pilot_sampling_frame.csv,expansion_200,3,20250729,11
271,S2025-271,S2025-271,CTVA,CTVA,Corteva,Corteva,cik:0001755672,0001755672,Materials,Fertilizers & Agricultural Chemicals,0001755672-26-000004,ctva-20251231.htm,10-K,2026-02-12,2025-12-31,2025,https://www.sec.gov/Archives/edgar/data/1755672/000175567226000004/ctva-20251231.htm,2025/pilot_100/sample/pilot_sampling_frame.csv,expansion_200,3,20250729,12
272,S2025-272,S2025-272,DOW,DOW,Dow Inc.,Dow Inc.,cik:0001751788,0001751788,Materials,Commodity Chemicals,0001751788-26-000018,dow-20251231.htm,10-K,2026-02-03,2025-12-31,2025,https://www.sec.gov/Archives/edgar/data/1751788/000175178826000018/dow-20251231.htm,2025/pilot_100/sample/pilot_sampling_frame.csv,expansion_200,3,20250729,13
273,S2025-273,S2025-273,LYB,LYB,LyondellBasell,LyondellBasell,cik:0001489393,0001489393,Materials,Specialty Chemicals,0001489393-26-000012,lyb-20251231.htm,10-K,2026-02-20,2025-12-31,2025,https://www.sec.gov/Archives/edgar/data/1489393/000148939326000012/lyb-20251231.htm,2025/pilot_100/sample/pilot_sampling_frame.csv,expansion_200,3,20250729,14
274,S2025-274,S2025-274,SHW,SHW,Sherwin-Williams,Sherwin-Williams,cik:0000089800,0000089800,Materials,Specialty Chemicals,0000089800-26-000008,shw-20251231.htm,10-K,2026-02-19,2025-12-31,2025,https://www.sec.gov/Archives/edgar/data/89800/000008980026000008/shw-20251231.htm,2025/pilot_100/sample/pilot_sampling_frame.csv,expansion_200,3,20250729,15
275,S2025-275,S2025-275,FCX,FCX,Freeport-McMoRan,Freeport-McMoRan,cik:0000831259,0000831259,Materials,Copper,0000831259-26-000012,fcx-20251231.htm,10-K,2026-02-13,2025-12-31,2025,https://www.sec.gov/Archives/edgar/data/831259/000083125926000012/fcx-20251231.htm,2025/pilot_100/sample/pilot_sampling_frame.csv,expansion_200,3,20250729,16
276,S2025-276,S2025-276,REG,REG,Regency Centers,Regency Centers,cik:0000910606,0000910606,Real Estate,Retail REITs,0001193125-26-051668,reg-20251231.htm,10-K,2026-02-13,2025-12-31,2025,https://www.sec.gov/Archives/edgar/data/910606/000119312526051668/reg-20251231.htm,2025/pilot_100/sample/pilot_sampling_frame.csv,expansion_200,3,20250729,8
277,S2025-277,S2025-277,AMT,AMT,American Tower,American Tower,cik:0001053507,0001053507,Real Estate,Telecom Tower REITs,0001053507-26-000035,amt-20251231.htm,10-K,2026-02-24,2025-12-31,2025,https://www.sec.gov/Archives/edgar/data/1053507/000105350726000035/amt-20251231.htm,2025/pilot_100/sample/pilot_sampling_frame.csv,expansion_200,3,20250729,9
278,S2025-278,S2025-278,EQIX,EQIX,Equinix,Equinix,cik:0001101239,0001101239,Real Estate,Data Center REITs,0001101239-26-000032,eqix-20251231.htm,10-K,2026-02-11,2025-12-31,2025,https://www.sec.gov/Archives/edgar/data/1101239/000110123926000032/eqix-20251231.htm,2025/pilot_100/sample/pilot_sampling_frame.csv,expansion_200,3,20250729,10
279,S2025-279,S2025-279,VTR,VTR,Ventas,Ventas,cik:0000740260,0000740260,Real Estate,Health Care REITs,0000740260-26-000006,vtr-20251231.htm,10-K,2026-02-06,2025-12-31,2025,https://www.sec.gov/Archives/edgar/data/740260/000074026026000006/vtr-20251231.htm,2025/pilot_100/sample/pilot_sampling_frame.csv,expansion_200,3,20250729,11
280,S2025-280,S2025-280,AVB,AVB,AvalonBay Communities,AvalonBay Communities,cik:0000915912,0000915912,Real Estate,Multi-Family Residential REITs,0000915912-26-000004,avb-20251231.htm,10-K,2026-02-27,2025-12-31,2025,https://www.sec.gov/Archives/edgar/data/915912/000091591226000004/avb-20251231.htm,2025/pilot_100/sample/pilot_sampling_frame.csv,expansion_200,3,20250729,12
281,S2025-281,S2025-281,HST,HST,Host Hotels & Resorts,Host Hotels & Resorts,cik:0001070750,0001070750,Real Estate,Hotel & Resort REITs,0001070750-26-000054,hst-20251231.htm,10-K,2026-02-25,2025-12-31,2025,https://www.sec.gov/Archives/edgar/data/1070750/000107075026000054/hst-20251231.htm,2025/pilot_100/sample/pilot_sampling_frame.csv,expansion_200,3,20250729,13
282,S2025-282,S2025-282,CPT,CPT,Camden Property Trust,Camden Property Trust,cik:0000906345,0000906345,Real Estate,Multi-Family Residential REITs,0001628280-26-007697,cpt-20251231.htm,10-K,2026-02-12,2025-12-31,2025,https://www.sec.gov/Archives/edgar/data/906345/000162828026007697/cpt-20251231.htm,2025/pilot_100/sample/pilot_sampling_frame.csv,expansion_200,3,20250729,14
283,S2025-283,S2025-283,CSGP,CSGP,CoStar Group,CoStar Group,cik:0001057352,0001057352,Real Estate,Real Estate Services,0001057352-26-000020,csgp-20251231.htm,10-K,2026-02-26,2025-12-31,2025,https://www.sec.gov/Archives/edgar/data/1057352/000105735226000020/csgp-20251231.htm,2025/pilot_100/sample/pilot_sampling_frame.csv,expansion_200,3,20250729,15
284,S2025-284,S2025-284,ARE,ARE,Alexandria Real Estate Equities,Alexandria Real Estate Equities,cik:0001035443,0001035443,Real Estate,Office REITs,0001035443-26-000013,are-20251231.htm,10-K,2026-01-26,2025-12-31,2025,https://www.sec.gov/Archives/edgar/data/1035443/000103544326000013/are-20251231.htm,2025/pilot_100/sample/pilot_sampling_frame.csv,expansion_200,3,20250729,16
285,S2025-285,S2025-285,PSA,PSA,Public Storage,Public Storage,cik:0001393311,0001393311,Real Estate,Self-Storage REITs,0001628280-26-007696,psa-20251231.htm,10-K,2026-02-12,2025-12-31,2025,https://www.sec.gov/Archives/edgar/data/1393311/000162828026007696/psa-20251231.htm,2025/pilot_100/sample/pilot_sampling_frame.csv,expansion_200,3,20250729,17
286,S2025-286,S2025-286,EQR,EQR,Equity Residential,Equity Residential,cik:0000906107,0000906107,Real Estate,Multi-Family Residential REITs,0001193125-26-051433,eqr-20251231.htm,10-K,2026-02-13,2025-12-31,2025,https://www.sec.gov/Archives/edgar/data/906107/000119312526051433/eqr-20251231.htm,2025/pilot_100/sample/pilot_sampling_frame.csv,expansion_200,3,20250729,18
287,S2025-287,S2025-287,WY,WY,Weyerhaeuser,Weyerhaeuser,cik:0000106535,0000106535,Real Estate,Timber REITs,0001193125-26-051422,wy-20251231.htm,10-K,2026-02-13,2025-12-31,2025,https://www.sec.gov/Archives/edgar/data/106535/000119312526051422/wy-20251231.htm,2025/pilot_100/sample/pilot_sampling_frame.csv,expansion_200,3,20250729,19
288,S2025-288,S2025-288,DUK,DUK,Duke Energy,Duke Energy,cik:0001326160,0001326160,Utilities,Electric Utilities,0001326160-26-000014,duk-20251231.htm,10-K,2026-02-26,2025-12-31,2025,https://www.sec.gov/Archives/edgar/data/1326160/000132616026000014/duk-20251231.htm,2025/pilot_100/sample/pilot_sampling_frame.csv,expansion_200,3,20250729,7
289,S2025-289,S2025-289,VST,VST,Vistra Corp.,Vistra Corp.,cik:0001692819,0001692819,Utilities,Electric Utilities,0001692819-26-000006,vistra-20251231.htm,10-K,2026-02-27,2025-12-31,2025,https://www.sec.gov/Archives/edgar/data/1692819/000169281926000006/vistra-20251231.htm,2025/pilot_100/sample/pilot_sampling_frame.csv,expansion_200,3,20250729,8
290,S2025-290,S2025-290,WEC,WEC,WEC Energy Group,WEC Energy Group,cik:0000783325,0000783325,Utilities,Electric Utilities,0000783325-26-000018,wec-20251231.htm,10-K,2026-02-20,2025-12-31,2025,https://www.sec.gov/Archives/edgar/data/783325/000078332526000018/wec-20251231.htm,2025/pilot_100/sample/pilot_sampling_frame.csv,expansion_200,3,20250729,9
291,S2025-291,S2025-291,SRE,SRE,Sempra,Sempra,cik:0001032208,0001032208,Utilities,Multi-Utilities,0001032208-26-000010,sre-20251231.htm,10-K,2026-02-26,2025-12-31,2025,https://www.sec.gov/Archives/edgar/data/1032208/000103220826000010/sre-20251231.htm,2025/pilot_100/sample/pilot_sampling_frame.csv,expansion_200,3,20250729,10
292,S2025-292,S2025-292,XEL,XEL,Xcel Energy,Xcel Energy,cik:0000072903,0000072903,Utilities,Multi-Utilities,0000072903-26-000009,xel-20251231.htm,10-K,2026-02-25,2025-12-31,2025,https://www.sec.gov/Archives/edgar/data/72903/000007290326000009/xel-20251231.htm,2025/pilot_100/sample/pilot_sampling_frame.csv,expansion_200,3,20250729,11
293,S2025-293,S2025-293,NEE,NEE,NextEra Energy,NextEra Energy,cik:0000753308,0000753308,Utilities,Multi-Utilities,0000753308-26-000015,nee-20251231.htm,10-K,2026-02-13,2025-12-31,2025,https://www.sec.gov/Archives/edgar/data/753308/000075330826000015/nee-20251231.htm,2025/pilot_100/sample/pilot_sampling_frame.csv,expansion_200,3,20250729,12
294,S2025-294,S2025-294,EIX,EIX,Edison International,Edison International,cik:0000827052,0000827052,Utilities,Electric Utilities,0000827052-26-000012,eix-20251231.htm,10-K,2026-02-18,2025-12-31,2025,https://www.sec.gov/Archives/edgar/data/827052/000082705226000012/eix-20251231.htm,2025/pilot_100/sample/pilot_sampling_frame.csv,expansion_200,3,20250729,13
295,S2025-295,S2025-295,LNT,LNT,Alliant Energy,Alliant Energy,cik:0000352541,0000352541,Utilities,Electric Utilities,0000352541-26-000007,lnt-20251231.htm,10-K,2026-02-20,2025-12-31,2025,https://www.sec.gov/Archives/edgar/data/352541/000035254126000007/lnt-20251231.htm,2025/pilot_100/sample/pilot_sampling_frame.csv,expansion_200,3,20250729,14
296,S2025-296,S2025-296,DTE,DTE,DTE Energy,DTE Energy,cik:0000936340,0000936340,Utilities,Multi-Utilities,0000936340-26-000054,dte-20251231.htm,10-K,2026-02-17,2025-12-31,2025,https://www.sec.gov/Archives/edgar/data/936340/000093634026000054/dte-20251231.htm,2025/pilot_100/sample/pilot_sampling_frame.csv,expansion_200,3,20250729,15
297,S2025-297,S2025-297,FE,FE,FirstEnergy,FirstEnergy,cik:0001031296,0001031296,Utilities,Electric Utilities,0001031296-26-000046,fe-20251231.htm,10-K,2026-02-18,2025-12-31,2025,https://www.sec.gov/Archives/edgar/data/1031296/000103129626000046/fe-20251231.htm,2025/pilot_100/sample/pilot_sampling_frame.csv,expansion_200,3,20250729,16
298,S2025-298,S2025-298,EXC,EXC,Exelon,Exelon,cik:0001109357,0001109357,Utilities,Electric Utilities,0001109357-26-000018,exc-20251231.htm,10-K,2026-02-12,2025-12-31,2025,https://www.sec.gov/Archives/edgar/data/1109357/000110935726000018/exc-20251231.htm,2025/pilot_100/sample/pilot_sampling_frame.csv,expansion_200,3,20250729,17
299,S2025-299,S2025-299,ED,ED,Consolidated Edison,Consolidated Edison,cik:0001047862,0001047862,Utilities,Multi-Utilities,0001047862-26-000031,ed-20251231.htm,10-K,2026-02-19,2025-12-31,2025,https://www.sec.gov/Archives/edgar/data/1047862/000104786226000031/ed-20251231.htm,2025/pilot_100/sample/pilot_sampling_frame.csv,expansion_200,3,20250729,18
300,S2025-300,S2025-300,EVRG,EVRG,Evergy,Evergy,cik:0001711269,0001711269,Utilities,Electric Utilities,0001711269-26-000017,evrg-20251231.htm,10-K,2026-02-19,2025-12-31,2025,https://www.sec.gov/Archives/edgar/data/1711269/000171126926000017/evrg-20251231.htm,2025/pilot_100/sample/pilot_sampling_frame.csv,expansion_200,3,20250729,19
