sample_order,company_id,final_sample_id,ticker,symbol,company_name,security,_company_key,cik,gics_sector,gics_sub_industry,accession_number,primary_document,form,filing_date,report_date,report_year,filing_url,source_manifest,sample_group,batch_id,sampling_seed,within_sector_random_order,r2_object_key
1,P2025-001,P2025-001,FOXA|FOX,FOXA|FOX,Fox Corporation (Class A)|Fox Corporation (Class B),Fox Corporation (Class A)|Fox Corporation (Class B),cik:0001754301,0001754301,Communication Services,Broadcasting,0001628280-25-038077,fox-20250630.htm,10-K,2025-08-06,2025-06-30,2025,https://www.sec.gov/Archives/edgar/data/1754301/000162828025038077/fox-20250630.htm,2025/pilot_100/sample/final_analysis_sample_100.csv,pilot_100,1,20250729,1,2025/pilot_100/html/raw/0001754301/0001628280-25-038077.html
2,P2025-002,P2025-002,TKO,TKO,TKO Group Holdings,TKO Group Holdings,cik:0001973266,0001973266,Communication Services,Movies & Entertainment,0001193125-26-071651,tko-20251231.htm,10-K,2026-02-25,2025-12-31,2025,https://www.sec.gov/Archives/edgar/data/1973266/000119312526071651/tko-20251231.htm,2025/pilot_100/sample/final_analysis_sample_100.csv,pilot_100,1,20250729,2,2025/pilot_100/html/raw/0001973266/0001193125-26-071651.html
3,P2025-003,P2025-003,LYV,LYV,Live Nation Entertainment,Live Nation Entertainment,cik:0001335258,0001335258,Communication Services,Movies & Entertainment,0001335258-26-000009,lyv-20251231.htm,10-K,2026-02-19,2025-12-31,2025,https://www.sec.gov/Archives/edgar/data/1335258/000133525826000009/lyv-20251231.htm,2025/pilot_100/sample/final_analysis_sample_100.csv,pilot_100,1,20250729,3,2025/pilot_100/html/raw/0001335258/0001335258-26-000009.html
4,P2025-004,P2025-004,DIS,DIS,Walt Disney Company (The),Walt Disney Company (The),cik:0001744489,0001744489,Communication Services,Movies & Entertainment,0001744489-25-000155,dis-20250927.htm,10-K,2025-11-13,2025-09-27,2025,https://www.sec.gov/Archives/edgar/data/1744489/000174448925000155/dis-20250927.htm,2025/pilot_100/sample/final_analysis_sample_100.csv,pilot_100,1,20250729,4,2025/pilot_100/html/raw/0001744489/0001744489-25-000155.html
5,P2025-005,P2025-005,EBAY,EBAY,eBay Inc.,eBay Inc.,cik:0001065088,0001065088,Consumer Discretionary,Broadline Retail,0001065088-26-000027,ebay-20251231.htm,10-K,2026-02-19,2025-12-31,2025,https://www.sec.gov/Archives/edgar/data/1065088/000106508826000027/ebay-20251231.htm,2025/pilot_100/sample/final_analysis_sample_100.csv,pilot_100,1,20250729,1,2025/pilot_100/html/raw/0001065088/0001065088-26-000027.html
6,P2025-006,P2025-006,CCL,CCL,Carnival Corporation,Carnival Corporation,cik:0000815097,0000815097,Consumer Discretionary,"Hotels, Resorts & Cruise Lines",0000815097-26-000007,ccl-20251130.htm,10-K,2026-01-27,2025-11-30,2025,https://www.sec.gov/Archives/edgar/data/815097/000081509726000007/ccl-20251130.htm,2025/pilot_100/sample/final_analysis_sample_100.csv,pilot_100,1,20250729,2,2025/pilot_100/html/raw/0000815097/0000815097-26-000007.html
7,P2025-007,P2025-007,GRMN,GRMN,Garmin,Garmin,cik:0001121788,0001121788,Consumer Discretionary,Consumer Electronics,0001193125-26-056028,grmn-20251227.htm,10-K,2026-02-18,2025-12-27,2025,https://www.sec.gov/Archives/edgar/data/1121788/000119312526056028/grmn-20251227.htm,2025/pilot_100/sample/final_analysis_sample_100.csv,pilot_100,1,20250729,3,2025/pilot_100/html/raw/0001121788/0001193125-26-056028.html
8,P2025-008,P2025-008,ULTA,ULTA,Ulta Beauty,Ulta Beauty,cik:0001403568,0001403568,Consumer Discretionary,Other Specialty Retail,0001558370-25-003810,ulta-20250201x10k.htm,10-K,2025-03-27,2025-02-01,2025,https://www.sec.gov/Archives/edgar/data/1403568/000155837025003810/ulta-20250201x10k.htm,2025/pilot_100/sample/final_analysis_sample_100.csv,pilot_100,1,20250729,4,2025/pilot_100/html/raw/0001403568/0001558370-25-003810.html
9,P2025-009,P2025-009,DPZ,DPZ,Domino's,Domino's,cik:0001286681,0001286681,Consumer Discretionary,Restaurants,0001193125-26-062321,dpz-20251228.htm,10-K,2026-02-23,2025-12-28,2025,https://www.sec.gov/Archives/edgar/data/1286681/000119312526062321/dpz-20251228.htm,2025/pilot_100/sample/final_analysis_sample_100.csv,pilot_100,1,20250729,5,2025/pilot_100/html/raw/0001286681/0001193125-26-062321.html
10,P2025-010,P2025-010,TJX,TJX,TJX Companies,TJX Companies,cik:0000109198,0000109198,Consumer Discretionary,Apparel Retail,0000109198-25-000010,tjx-20250201.htm,10-K,2025-04-02,2025-02-01,2025,https://www.sec.gov/Archives/edgar/data/109198/000010919825000010/tjx-20250201.htm,2025/pilot_100/sample/final_analysis_sample_100.csv,pilot_100,1,20250729,6,2025/pilot_100/html/raw/0000109198/0000109198-25-000010.html
11,P2025-011,P2025-011,NVR,NVR,"NVR, Inc.","NVR, Inc.",cik:0000906163,0000906163,Consumer Discretionary,Homebuilding,0000906163-26-000018,nvr-20251231.htm,10-K,2026-02-11,2025-12-31,2025,https://www.sec.gov/Archives/edgar/data/906163/000090616326000018/nvr-20251231.htm,2025/pilot_100/sample/final_analysis_sample_100.csv,pilot_100,1,20250729,7,2025/pilot_100/html/raw/0000906163/0000906163-26-000018.html
12,P2025-012,P2025-012,DASH,DASH,DoorDash,DoorDash,cik:0001792789,0001792789,Consumer Discretionary,Specialized Consumer Services,0001792789-26-000013,dash-20251231.htm,10-K,2026-02-18,2025-12-31,2025,https://www.sec.gov/Archives/edgar/data/1792789/000179278926000013/dash-20251231.htm,2025/pilot_100/sample/final_analysis_sample_100.csv,pilot_100,1,20250729,8,2025/pilot_100/html/raw/0001792789/0001792789-26-000013.html
13,P2025-013,P2025-013,NCLH,NCLH,Norwegian Cruise Line Holdings,Norwegian Cruise Line Holdings,cik:0001513761,0001513761,Consumer Discretionary,"Hotels, Resorts & Cruise Lines",0001104659-26-022067,nclh-20251231x10k.htm,10-K,2026-03-02,2025-12-31,2025,https://www.sec.gov/Archives/edgar/data/1513761/000110465926022067/nclh-20251231x10k.htm,2025/pilot_100/sample/final_analysis_sample_100.csv,pilot_100,1,20250729,9,2025/pilot_100/html/raw/0001513761/0001104659-26-022067.html
14,P2025-014,P2025-014,F,F,Ford Motor Company,Ford Motor Company,cik:0000037996,0000037996,Consumer Discretionary,Automobile Manufacturers,0000037996-26-000015,f-20251231.htm,10-K,2026-02-11,2025-12-31,2025,https://www.sec.gov/Archives/edgar/data/37996/000003799626000015/f-20251231.htm,2025/pilot_100/sample/final_analysis_sample_100.csv,pilot_100,1,20250729,10,2025/pilot_100/html/raw/0000037996/0000037996-26-000015.html
15,P2025-015,P2025-015,CHD,CHD,Church & Dwight,Church & Dwight,cik:0000313927,0000313927,Consumer Staples,Household Products,0001193125-26-048139,chd-20251231.htm,10-K,2026-02-12,2025-12-31,2025,https://www.sec.gov/Archives/edgar/data/313927/000119312526048139/chd-20251231.htm,2025/pilot_100/sample/final_analysis_sample_100.csv,pilot_100,1,20250729,1,2025/pilot_100/html/raw/0000313927/0001193125-26-048139.html
16,P2025-016,P2025-016,GIS,GIS,General Mills,General Mills,cik:0000040704,0000040704,Consumer Staples,Packaged Foods & Meats,0001193125-25-147079,d938443d10k.htm,10-K,2025-06-26,2025-05-25,2025,https://www.sec.gov/Archives/edgar/data/40704/000119312525147079/d938443d10k.htm,2025/pilot_100/sample/final_analysis_sample_100.csv,pilot_100,1,20250729,2,2025/pilot_100/html/raw/0000040704/0001193125-25-147079.html
17,P2025-017,P2025-017,CL,CL,Colgate-Palmolive,Colgate-Palmolive,cik:0000021665,0000021665,Consumer Staples,Household Products,0000021665-26-000006,cl-20251231.htm,10-K,2026-02-23,2025-12-31,2025,https://www.sec.gov/Archives/edgar/data/21665/000002166526000006/cl-20251231.htm,2025/pilot_100/sample/final_analysis_sample_100.csv,pilot_100,1,20250729,3,2025/pilot_100/html/raw/0000021665/0000021665-26-000006.html
18,P2025-018,P2025-018,STZ,STZ,Constellation Brands,Constellation Brands,cik:0000016918,0000016918,Consumer Staples,Distillers & Vintners,0000016918-25-000022,stz-20250228.htm,10-K,2025-04-23,2025-02-28,2025,https://www.sec.gov/Archives/edgar/data/16918/000001691825000022/stz-20250228.htm,2025/pilot_100/sample/final_analysis_sample_100.csv,pilot_100,1,20250729,4,2025/pilot_100/html/raw/0000016918/0000016918-25-000022.html
19,P2025-019,P2025-019,SJM,SJM,J.M. Smucker Company (The),J.M. Smucker Company (The),cik:0000091419,0000091419,Consumer Staples,Packaged Foods & Meats,0000091419-25-000056,sjm-20250430.htm,10-K,2025-06-18,2025-04-30,2025,https://www.sec.gov/Archives/edgar/data/91419/000009141925000056/sjm-20250430.htm,2025/pilot_100/sample/final_analysis_sample_100.csv,pilot_100,1,20250729,5,2025/pilot_100/html/raw/0000091419/0000091419-25-000056.html
20,P2025-020,P2025-020,TSN,TSN,Tyson Foods,Tyson Foods,cik:0000100493,0000100493,Consumer Staples,Packaged Foods & Meats,0000100493-25-000095,tsn-20250927.htm,10-K,2025-11-10,2025-09-27,2025,https://www.sec.gov/Archives/edgar/data/100493/000010049325000095/tsn-20250927.htm,2025/pilot_100/sample/final_analysis_sample_100.csv,pilot_100,1,20250729,6,2025/pilot_100/html/raw/0000100493/0000100493-25-000095.html
21,P2025-021,P2025-021,WMT,WMT,Walmart,Walmart,cik:0000104169,0000104169,Consumer Staples,Consumer Staples Merchandise Retail,0000104169-25-000021,wmt-20250131.htm,10-K,2025-03-14,2025-01-31,2025,https://www.sec.gov/Archives/edgar/data/104169/000010416925000021/wmt-20250131.htm,2025/pilot_100/sample/final_analysis_sample_100.csv,pilot_100,1,20250729,7,2025/pilot_100/html/raw/0000104169/0000104169-25-000021.html
22,P2025-022,P2025-022,XOM,XOM,ExxonMobil,ExxonMobil,cik:0000034088,0000034088,Energy,Integrated Oil & Gas,0000034088-26-000045,xom-20251231.htm,10-K,2026-02-18,2025-12-31,2025,https://www.sec.gov/Archives/edgar/data/34088/000003408826000045/xom-20251231.htm,2025/pilot_100/sample/final_analysis_sample_100.csv,pilot_100,1,20250729,1,2025/pilot_100/html/raw/0000034088/0000034088-26-000045.html
23,P2025-023,P2025-023,FANG,FANG,Diamondback Energy,Diamondback Energy,cik:0001539838,0001539838,Energy,Oil & Gas Exploration & Production,0001539838-26-000010,fang-20251231.htm,10-K,2026-02-25,2025-12-31,2025,https://www.sec.gov/Archives/edgar/data/1539838/000153983826000010/fang-20251231.htm,2025/pilot_100/sample/final_analysis_sample_100.csv,pilot_100,1,20250729,2,2025/pilot_100/html/raw/0001539838/0001539838-26-000010.html
24,P2025-024,P2025-024,HAL,HAL,Halliburton,Halliburton,cik:0000045012,0000045012,Energy,Oil & Gas Equipment & Services,0000045012-26-000015,hal-20251231.htm,10-K,2026-02-06,2025-12-31,2025,https://www.sec.gov/Archives/edgar/data/45012/000004501226000015/hal-20251231.htm,2025/pilot_100/sample/final_analysis_sample_100.csv,pilot_100,1,20250729,3,2025/pilot_100/html/raw/0000045012/0000045012-26-000015.html
25,P2025-025,P2025-025,CVX,CVX,Chevron Corporation,Chevron Corporation,cik:0000093410,0000093410,Energy,Integrated Oil & Gas,0000093410-26-000078,cvx-20251231.htm,10-K,2026-02-24,2025-12-31,2025,https://www.sec.gov/Archives/edgar/data/93410/000009341026000078/cvx-20251231.htm,2025/pilot_100/sample/final_analysis_sample_100.csv,pilot_100,1,20250729,4,2025/pilot_100/html/raw/0000093410/0000093410-26-000078.html
26,P2025-026,P2025-026,WTW,WTW,Willis Towers Watson,Willis Towers Watson,cik:0001140536,0001140536,Financials,Insurance Brokers,0001193125-26-069307,wtw-20251231.htm,10-K,2026-02-25,2025-12-31,2025,https://www.sec.gov/Archives/edgar/data/1140536/000119312526069307/wtw-20251231.htm,2025/pilot_100/sample/final_analysis_sample_100.csv,pilot_100,1,20250729,1,2025/pilot_100/html/raw/0001140536/0001193125-26-069307.html
27,P2025-027,P2025-027,MA,MA,Mastercard,Mastercard,cik:0001141391,0001141391,Financials,Transaction & Payment Processing Services,0001141391-26-000013,ma-20251231.htm,10-K,2026-02-11,2025-12-31,2025,https://www.sec.gov/Archives/edgar/data/1141391/000114139126000013/ma-20251231.htm,2025/pilot_100/sample/final_analysis_sample_100.csv,pilot_100,1,20250729,2,2025/pilot_100/html/raw/0001141391/0001141391-26-000013.html
28,P2025-028,P2025-028,STT,STT,State Street Corporation,State Street Corporation,cik:0000093751,0000093751,Financials,Asset Management & Custody Banks,0000093751-26-000124,stt-20251231.htm,10-K,2026-02-19,2025-12-31,2025,https://www.sec.gov/Archives/edgar/data/93751/000009375126000124/stt-20251231.htm,2025/pilot_100/sample/final_analysis_sample_100.csv,pilot_100,1,20250729,3,2025/pilot_100/html/raw/0000093751/0000093751-26-000124.html
29,P2025-029,P2025-029,BAC,BAC,Bank of America,Bank of America,cik:0000070858,0000070858,Financials,Diversified Banks,0000070858-26-000157,bac-20251231.htm,10-K,2026-02-25,2025-12-31,2025,https://www.sec.gov/Archives/edgar/data/70858/000007085826000157/bac-20251231.htm,2025/pilot_100/sample/final_analysis_sample_100.csv,pilot_100,1,20250729,4,2025/pilot_100/html/raw/0000070858/0000070858-26-000157.html
30,P2025-030,P2025-030,BEN,BEN,Franklin Resources,Franklin Resources,cik:0000038777,0000038777,Financials,Asset Management & Custody Banks,0000038777-25-000238,ben-20250930.htm,10-K,2025-11-10,2025-09-30,2025,https://www.sec.gov/Archives/edgar/data/38777/000003877725000238/ben-20250930.htm,2025/pilot_100/sample/final_analysis_sample_100.csv,pilot_100,1,20250729,5,2025/pilot_100/html/raw/0000038777/0000038777-25-000238.html
31,P2025-031,P2025-031,BX,BX,Blackstone Inc.,Blackstone Inc.,cik:0001393818,0001393818,Financials,Asset Management & Custody Banks,0001193125-26-082531,d48618d10k.htm,10-K,2026-02-27,2025-12-31,2025,https://www.sec.gov/Archives/edgar/data/1393818/000119312526082531/d48618d10k.htm,2025/pilot_100/sample/final_analysis_sample_100.csv,pilot_100,1,20250729,6,2025/pilot_100/html/raw/0001393818/0001193125-26-082531.html
32,P2025-032,P2025-032,RF,RF,Regions Financial Corporation,Regions Financial Corporation,cik:0001281761,0001281761,Financials,Regional Banks,0001281761-26-000019,rf-20251231.htm,10-K,2026-02-24,2025-12-31,2025,https://www.sec.gov/Archives/edgar/data/1281761/000128176126000019/rf-20251231.htm,2025/pilot_100/sample/final_analysis_sample_100.csv,pilot_100,1,20250729,7,2025/pilot_100/html/raw/0001281761/0001281761-26-000019.html
33,P2025-033,P2025-033,MS,MS,Morgan Stanley,Morgan Stanley,cik:0000895421,0000895421,Financials,Investment Banking & Brokerage,0000895421-26-000086,ms-20251231.htm,10-K,2026-02-19,2025-12-31,2025,https://www.sec.gov/Archives/edgar/data/895421/000089542126000086/ms-20251231.htm,2025/pilot_100/sample/final_analysis_sample_100.csv,pilot_100,1,20250729,8,2025/pilot_100/html/raw/0000895421/0000895421-26-000086.html
34,P2025-034,P2025-034,AFL,AFL,Aflac,Aflac,cik:0000004977,0000004977,Financials,Life & Health Insurance,0001628280-26-011402,afl-20251231.htm,10-K,2026-02-25,2025-12-31,2025,https://www.sec.gov/Archives/edgar/data/4977/000162828026011402/afl-20251231.htm,2025/pilot_100/sample/final_analysis_sample_100.csv,pilot_100,1,20250729,9,2025/pilot_100/html/raw/0000004977/0001628280-26-011402.html
35,P2025-035,P2025-035,FIS,FIS,Fidelity National Information Services,Fidelity National Information Services,cik:0001136893,0001136893,Financials,Transaction & Payment Processing Services,0001136893-26-000013,fis-20251231.htm,10-K,2026-02-24,2025-12-31,2025,https://www.sec.gov/Archives/edgar/data/1136893/000113689326000013/fis-20251231.htm,2025/pilot_100/sample/final_analysis_sample_100.csv,pilot_100,1,20250729,10,2025/pilot_100/html/raw/0001136893/0001136893-26-000013.html
36,P2025-036,P2025-036,MTB,MTB,M&T Bank,M&T Bank,cik:0000036270,0000036270,Financials,Regional Banks,0000036270-26-000010,mtb-20251231.htm,10-K,2026-02-18,2025-12-31,2025,https://www.sec.gov/Archives/edgar/data/36270/000003627026000010/mtb-20251231.htm,2025/pilot_100/sample/final_analysis_sample_100.csv,pilot_100,1,20250729,11,2025/pilot_100/html/raw/0000036270/0000036270-26-000010.html
37,P2025-037,P2025-037,XYZ,XYZ,"Block, Inc.","Block, Inc.",cik:0001512673,0001512673,Financials,Transaction & Payment Processing Services,0001628280-26-012254,xyz-20251231.htm,10-K,2026-02-26,2025-12-31,2025,https://www.sec.gov/Archives/edgar/data/1512673/000162828026012254/xyz-20251231.htm,2025/pilot_100/sample/final_analysis_sample_100.csv,pilot_100,1,20250729,12,2025/pilot_100/html/raw/0001512673/0001628280-26-012254.html
38,P2025-038,P2025-038,BLK,BLK,BlackRock,BlackRock,cik:0002012383,0002012383,Financials,Asset Management & Custody Banks,0001193125-26-071966,blk-20251231.htm,10-K,2026-02-25,2025-12-31,2025,https://www.sec.gov/Archives/edgar/data/2012383/000119312526071966/blk-20251231.htm,2025/pilot_100/sample/final_analysis_sample_100.csv,pilot_100,1,20250729,13,2025/pilot_100/html/raw/0002012383/0001193125-26-071966.html
39,P2025-039,P2025-039,WFC,WFC,Wells Fargo,Wells Fargo,cik:0000072971,0000072971,Financials,Diversified Banks,0000072971-26-000133,wfc-20251231_d2.htm,10-K,2026-02-24,2025-12-31,2025,https://www.sec.gov/Archives/edgar/data/72971/000007297126000133/wfc-20251231_d2.htm,2025/pilot_100/sample/final_analysis_sample_100.csv,pilot_100,1,20250729,14,2025/pilot_100/html/raw/0000072971/0000072971-26-000133.html
40,P2025-040,P2025-040,AON,AON,Aon plc,Aon plc,cik:0000315293,0000315293,Financials,Insurance Brokers,0001628280-26-008116,aon-20251231.htm,10-K,2026-02-13,2025-12-31,2025,https://www.sec.gov/Archives/edgar/data/315293/000162828026008116/aon-20251231.htm,2025/pilot_100/sample/final_analysis_sample_100.csv,pilot_100,1,20250729,15,2025/pilot_100/html/raw/0000315293/0001628280-26-008116.html
41,P2025-041,P2025-041,ISRG,ISRG,Intuitive Surgical,Intuitive Surgical,cik:0001035267,0001035267,Health Care,Health Care Equipment,0001035267-26-000010,isrg-20251231.htm,10-K,2026-02-03,2025-12-31,2025,https://www.sec.gov/Archives/edgar/data/1035267/000103526726000010/isrg-20251231.htm,2025/pilot_100/sample/final_analysis_sample_100.csv,pilot_100,1,20250729,1,2025/pilot_100/html/raw/0001035267/0001035267-26-000010.html
42,P2025-042,P2025-042,DHR,DHR,Danaher Corporation,Danaher Corporation,cik:0000313616,0000313616,Health Care,Life Sciences Tools & Services,0000313616-26-000062,dhr-20251231.htm,10-K,2026-02-24,2025-12-31,2025,https://www.sec.gov/Archives/edgar/data/313616/000031361626000062/dhr-20251231.htm,2025/pilot_100/sample/final_analysis_sample_100.csv,pilot_100,1,20250729,2,2025/pilot_100/html/raw/0000313616/0000313616-26-000062.html
43,P2025-043,P2025-043,HCA,HCA,HCA Healthcare,HCA Healthcare,cik:0000860730,0000860730,Health Care,Health Care Facilities,0001193125-26-044769,hca-20251231.htm,10-K,2026-02-10,2025-12-31,2025,https://www.sec.gov/Archives/edgar/data/860730/000119312526044769/hca-20251231.htm,2025/pilot_100/sample/final_analysis_sample_100.csv,pilot_100,1,20250729,3,2025/pilot_100/html/raw/0000860730/0001193125-26-044769.html
44,P2025-044,P2025-044,REGN,REGN,Regeneron Pharmaceuticals,Regeneron Pharmaceuticals,cik:0000872589,0000872589,Health Care,Biotechnology,0000872589-26-000008,regn-20251231.htm,10-K,2026-02-04,2025-12-31,2025,https://www.sec.gov/Archives/edgar/data/872589/000087258926000008/regn-20251231.htm,2025/pilot_100/sample/final_analysis_sample_100.csv,pilot_100,1,20250729,4,2025/pilot_100/html/raw/0000872589/0000872589-26-000008.html
45,P2025-045,P2025-045,CNC,CNC,Centene Corporation,Centene Corporation,cik:0001071739,0001071739,Health Care,Managed Health Care,0001071739-26-000049,cnc-20251231.htm,10-K,2026-02-17,2025-12-31,2025,https://www.sec.gov/Archives/edgar/data/1071739/000107173926000049/cnc-20251231.htm,2025/pilot_100/sample/final_analysis_sample_100.csv,pilot_100,1,20250729,5,2025/pilot_100/html/raw/0001071739/0001071739-26-000049.html
46,P2025-046,P2025-046,HSIC,HSIC,Henry Schein,Henry Schein,cik:0001000228,0001000228,Health Care,Health Care Distributors,0001000228-26-000013,hsic-20251227.htm,10-K,2026-02-24,2025-12-27,2025,https://www.sec.gov/Archives/edgar/data/1000228/000100022826000013/hsic-20251227.htm,2025/pilot_100/sample/final_analysis_sample_100.csv,pilot_100,1,20250729,6,2025/pilot_100/html/raw/0001000228/0001000228-26-000013.html
47,P2025-047,P2025-047,WAT,WAT,Waters Corporation,Waters Corporation,cik:0001000697,0001000697,Health Care,Life Sciences Tools & Services,0001193125-26-062604,d778470d10k.htm,10-K,2026-02-23,2025-12-31,2025,https://www.sec.gov/Archives/edgar/data/1000697/000119312526062604/d778470d10k.htm,2025/pilot_100/sample/final_analysis_sample_100.csv,pilot_100,1,20250729,7,2025/pilot_100/html/raw/0001000697/0001193125-26-062604.html
48,P2025-048,P2025-048,UNH,UNH,UnitedHealth Group,UnitedHealth Group,cik:0000731766,0000731766,Health Care,Managed Health Care,0000731766-26-000062,unh-20251231.htm,10-K,2026-03-02,2025-12-31,2025,https://www.sec.gov/Archives/edgar/data/731766/000073176626000062/unh-20251231.htm,2025/pilot_100/sample/final_analysis_sample_100.csv,pilot_100,1,20250729,8,2025/pilot_100/html/raw/0000731766/0000731766-26-000062.html
49,P2025-049,P2025-049,ZTS,ZTS,Zoetis,Zoetis,cik:0001555280,0001555280,Health Care,Pharmaceuticals,0001555280-26-000011,zts-20251231.htm,10-K,2026-02-12,2025-12-31,2025,https://www.sec.gov/Archives/edgar/data/1555280/000155528026000011/zts-20251231.htm,2025/pilot_100/sample/final_analysis_sample_100.csv,pilot_100,1,20250729,9,2025/pilot_100/html/raw/0001555280/0001555280-26-000011.html
50,P2025-050,P2025-050,BAX,BAX,Baxter International,Baxter International,cik:0000010456,0000010456,Health Care,Health Care Equipment,0001628280-26-007733,bax-20251231.htm,10-K,2026-02-12,2025-12-31,2025,https://www.sec.gov/Archives/edgar/data/10456/000162828026007733/bax-20251231.htm,2025/pilot_100/sample/final_analysis_sample_100.csv,pilot_100,1,20250729,10,2025/pilot_100/html/raw/0000010456/0001628280-26-007733.html
51,P2025-051,P2025-051,TECH,TECH,Bio-Techne,Bio-Techne,cik:0000842023,0000842023,Health Care,Life Sciences Tools & Services,0001558370-25-011716,tech-20250630x10k.htm,10-K,2025-08-22,2025-06-30,2025,https://www.sec.gov/Archives/edgar/data/842023/000155837025011716/tech-20250630x10k.htm,2025/pilot_100/sample/final_analysis_sample_100.csv,pilot_100,1,20250729,11,2025/pilot_100/html/raw/0000842023/0001558370-25-011716.html
52,P2025-052,P2025-052,DXCM,DXCM,Dexcom,Dexcom,cik:0001093557,0001093557,Health Care,Health Care Equipment,0001093557-26-000027,dxcm-20251231.htm,10-K,2026-02-12,2025-12-31,2025,https://www.sec.gov/Archives/edgar/data/1093557/000109355726000027/dxcm-20251231.htm,2025/pilot_100/sample/final_analysis_sample_100.csv,pilot_100,1,20250729,12,2025/pilot_100/html/raw/0001093557/0001093557-26-000027.html
53,P2025-053,P2025-053,LMT,LMT,Lockheed Martin,Lockheed Martin,cik:0000936468,0000936468,Industrials,Aerospace & Defense,0001628280-26-004195,lmt-20251231.htm,10-K,2026-01-29,2025-12-31,2025,https://www.sec.gov/Archives/edgar/data/936468/000162828026004195/lmt-20251231.htm,2025/pilot_100/sample/final_analysis_sample_100.csv,pilot_100,1,20250729,1,2025/pilot_100/html/raw/0000936468/0001628280-26-004195.html
54,P2025-054,P2025-054,NSC,NSC,Norfolk Southern,Norfolk Southern,cik:0000702165,0000702165,Industrials,Rail Transportation,0001628280-26-006268,nsc-20251231.htm,10-K,2026-02-09,2025-12-31,2025,https://www.sec.gov/Archives/edgar/data/702165/000162828026006268/nsc-20251231.htm,2025/pilot_100/sample/final_analysis_sample_100.csv,pilot_100,1,20250729,2,2025/pilot_100/html/raw/0000702165/0001628280-26-006268.html
55,P2025-055,P2025-055,J,J,Jacobs Solutions,Jacobs Solutions,cik:0000052988,0000052988,Industrials,Construction & Engineering,0001628280-25-053316,jec-20250926.htm,10-K,2025-11-20,2025-09-26,2025,https://www.sec.gov/Archives/edgar/data/52988/000162828025053316/jec-20250926.htm,2025/pilot_100/sample/final_analysis_sample_100.csv,pilot_100,1,20250729,3,2025/pilot_100/html/raw/0000052988/0001628280-25-053316.html
56,P2025-056,P2025-056,EME,EME,Emcor,Emcor,cik:0000105634,0000105634,Industrials,Construction & Engineering,0000105634-26-000025,eme-20251231.htm,10-K,2026-02-26,2025-12-31,2025,https://www.sec.gov/Archives/edgar/data/105634/000010563426000025/eme-20251231.htm,2025/pilot_100/sample/final_analysis_sample_100.csv,pilot_100,1,20250729,4,2025/pilot_100/html/raw/0000105634/0000105634-26-000025.html
57,P2025-057,P2025-057,PH,PH,Parker Hannifin,Parker Hannifin,cik:0000076334,0000076334,Industrials,Industrial Machinery & Supplies & Components,0000076334-25-000035,ph-20250630.htm,10-K,2025-08-22,2025-06-30,2025,https://www.sec.gov/Archives/edgar/data/76334/000007633425000035/ph-20250630.htm,2025/pilot_100/sample/final_analysis_sample_100.csv,pilot_100,1,20250729,5,2025/pilot_100/html/raw/0000076334/0000076334-25-000035.html
58,P2025-058,P2025-058,CPRT,CPRT,Copart,Copart,cik:0000900075,0000900075,Industrials,Diversified Support Services,0001628280-25-042946,cprt-20250731.htm,10-K,2025-09-26,2025-07-31,2025,https://www.sec.gov/Archives/edgar/data/900075/000162828025042946/cprt-20250731.htm,2025/pilot_100/sample/final_analysis_sample_100.csv,pilot_100,1,20250729,6,2025/pilot_100/html/raw/0000900075/0001628280-25-042946.html
59,P2025-060,P2025-060,UPS,UPS,United Parcel Service,United Parcel Service,cik:0001090727,0001090727,Industrials,Air Freight & Logistics,0001628280-26-008432,ups-20251231.htm,10-K,2026-02-17,2025-12-31,2025,https://www.sec.gov/Archives/edgar/data/1090727/000162828026008432/ups-20251231.htm,2025/pilot_100/sample/final_analysis_sample_100.csv,pilot_100,1,20250729,8,2025/pilot_100/html/raw/0001090727/0001628280-26-008432.html
60,P2025-061,P2025-061,FDX,FDX,FedEx,FedEx,cik:0001048911,0001048911,Industrials,Air Freight & Logistics,0001048911-25-000011,fdx-20250531.htm,10-K,2025-07-21,2025-05-31,2025,https://www.sec.gov/Archives/edgar/data/1048911/000104891125000011/fdx-20250531.htm,2025/pilot_100/sample/final_analysis_sample_100.csv,pilot_100,1,20250729,9,2025/pilot_100/html/raw/0001048911/0001048911-25-000011.html
61,P2025-062,P2025-062,URI,URI,United Rentals,United Rentals,cik:0001067701,0001067701,Industrials,Trading Companies & Distributors,0001067701-26-000007,uri-20251231.htm,10-K,2026-01-28,2025-12-31,2025,https://www.sec.gov/Archives/edgar/data/1067701/000106770126000007/uri-20251231.htm,2025/pilot_100/sample/final_analysis_sample_100.csv,pilot_100,1,20250729,10,2025/pilot_100/html/raw/0001067701/0001067701-26-000007.html
62,P2025-063,P2025-063,BLDR,BLDR,Builders FirstSource,Builders FirstSource,cik:0001316835,0001316835,Industrials,Building Products,0001193125-26-054643,bldr-20251231.htm,10-K,2026-02-17,2025-12-31,2025,https://www.sec.gov/Archives/edgar/data/1316835/000119312526054643/bldr-20251231.htm,2025/pilot_100/sample/final_analysis_sample_100.csv,pilot_100,1,20250729,11,2025/pilot_100/html/raw/0001316835/0001193125-26-054643.html
63,P2025-064,P2025-064,GE,GE,GE Aerospace,GE Aerospace,cik:0000040545,0000040545,Industrials,Aerospace & Defense,0000040545-26-000008,ge-20251231.htm,10-K,2026-01-29,2025-12-31,2025,https://www.sec.gov/Archives/edgar/data/40545/000004054526000008/ge-20251231.htm,2025/pilot_100/sample/final_analysis_sample_100.csv,pilot_100,1,20250729,12,2025/pilot_100/html/raw/0000040545/0000040545-26-000008.html
64,P2025-065,P2025-065,FIX,FIX,Comfort Systems USA,Comfort Systems USA,cik:0001035983,0001035983,Industrials,Construction & Engineering,0001104659-26-017530,fix-20251231x10k.htm,10-K,2026-02-19,2025-12-31,2025,https://www.sec.gov/Archives/edgar/data/1035983/000110465926017530/fix-20251231x10k.htm,2025/pilot_100/sample/final_analysis_sample_100.csv,pilot_100,1,20250729,13,2025/pilot_100/html/raw/0001035983/0001104659-26-017530.html
65,P2025-066,P2025-066,MAS,MAS,Masco,Masco,cik:0000062996,0000062996,Industrials,Building Products,0000062996-26-000005,mas-20251231.htm,10-K,2026-02-10,2025-12-31,2025,https://www.sec.gov/Archives/edgar/data/62996/000006299626000005/mas-20251231.htm,2025/pilot_100/sample/final_analysis_sample_100.csv,pilot_100,1,20250729,14,2025/pilot_100/html/raw/0000062996/0000062996-26-000005.html
66,P2025-067,P2025-067,GNRC,GNRC,Generac,Generac,cik:0001474735,0001474735,Industrials,Heavy Electrical Equipment,0001437749-26-004568,gnrc20251231_10k.htm,10-K,2026-02-18,2025-12-31,2025,https://www.sec.gov/Archives/edgar/data/1474735/000143774926004568/gnrc20251231_10k.htm,2025/pilot_100/sample/final_analysis_sample_100.csv,pilot_100,1,20250729,15,2025/pilot_100/html/raw/0001474735/0001437749-26-004568.html
67,P2025-068,P2025-068,LUV,LUV,Southwest Airlines,Southwest Airlines,cik:0000092380,0000092380,Industrials,Passenger Airlines,0000092380-26-000004,luv-20251231.htm,10-K,2026-02-05,2025-12-31,2025,https://www.sec.gov/Archives/edgar/data/92380/000009238026000004/luv-20251231.htm,2025/pilot_100/sample/final_analysis_sample_100.csv,pilot_100,1,20250729,16,2025/pilot_100/html/raw/0000092380/0000092380-26-000004.html
68,P2025-069,P2025-069,CRWD,CRWD,CrowdStrike,CrowdStrike,cik:0001535527,0001535527,Information Technology,Systems Software,0001535527-25-000009,crwd-20250131.htm,10-K,2025-03-10,2025-01-31,2025,https://www.sec.gov/Archives/edgar/data/1535527/000153552725000009/crwd-20250131.htm,2025/pilot_100/sample/final_analysis_sample_100.csv,pilot_100,1,20250729,1,2025/pilot_100/html/raw/0001535527/0001535527-25-000009.html
69,P2025-070,P2025-070,TRMB,TRMB,Trimble Inc.,Trimble Inc.,cik:0000864749,0000864749,Information Technology,Application Software,0000864749-25-000090,trmb-20250103.htm,10-K,2025-04-25,2025-01-03,2025,https://www.sec.gov/Archives/edgar/data/864749/000086474925000090/trmb-20250103.htm,2025/pilot_100/sample/final_analysis_sample_100.csv,pilot_100,1,20250729,2,2025/pilot_100/html/raw/0000864749/0000864749-25-000090.html
70,P2025-071,P2025-071,INTC,INTC,Intel,Intel,cik:0000050863,0000050863,Information Technology,Semiconductors,0000050863-26-000011,intc-20251227.htm,10-K,2026-01-23,2025-12-27,2025,https://www.sec.gov/Archives/edgar/data/50863/000005086326000011/intc-20251227.htm,2025/pilot_100/sample/final_analysis_sample_100.csv,pilot_100,1,20250729,3,2025/pilot_100/html/raw/0000050863/0000050863-26-000011.html
71,P2025-072,P2025-072,DDOG,DDOG,Datadog,Datadog,cik:0001561550,0001561550,Information Technology,Application Software,0001628280-26-008819,ddog-20251231.htm,10-K,2026-02-18,2025-12-31,2025,https://www.sec.gov/Archives/edgar/data/1561550/000162828026008819/ddog-20251231.htm,2025/pilot_100/sample/final_analysis_sample_100.csv,pilot_100,1,20250729,4,2025/pilot_100/html/raw/0001561550/0001628280-26-008819.html
72,P2025-073,P2025-073,APH,APH,Amphenol,Amphenol,cik:0000820313,0000820313,Information Technology,Electronic Components,0001104659-26-013549,aph-20251231x10k.htm,10-K,2026-02-11,2025-12-31,2025,https://www.sec.gov/Archives/edgar/data/820313/000110465926013549/aph-20251231x10k.htm,2025/pilot_100/sample/final_analysis_sample_100.csv,pilot_100,1,20250729,5,2025/pilot_100/html/raw/0000820313/0001104659-26-013549.html
73,P2025-074,P2025-074,HPE,HPE,Hewlett Packard Enterprise,Hewlett Packard Enterprise,cik:0001645590,0001645590,Information Technology,"Technology Hardware, Storage & Peripherals",0001645590-25-000130,hpe-20251031.htm,10-K,2025-12-18,2025-10-31,2025,https://www.sec.gov/Archives/edgar/data/1645590/000164559025000130/hpe-20251031.htm,2025/pilot_100/sample/final_analysis_sample_100.csv,pilot_100,1,20250729,6,2025/pilot_100/html/raw/0001645590/0001645590-25-000130.html
74,P2025-075,P2025-075,KLAC,KLAC,KLA Corporation,KLA Corporation,cik:0000319201,0000319201,Information Technology,Semiconductor Materials & Equipment,0000319201-25-000024,klac-20250630.htm,10-K,2025-08-08,2025-06-30,2025,https://www.sec.gov/Archives/edgar/data/319201/000031920125000024/klac-20250630.htm,2025/pilot_100/sample/final_analysis_sample_100.csv,pilot_100,1,20250729,7,2025/pilot_100/html/raw/0000319201/0000319201-25-000024.html
75,P2025-076,P2025-076,MSI,MSI,Motorola Solutions,Motorola Solutions,cik:0000068505,0000068505,Information Technology,Communications Equipment,0000068505-26-000010,msi-20251231.htm,10-K,2026-02-12,2025-12-31,2025,https://www.sec.gov/Archives/edgar/data/68505/000006850526000010/msi-20251231.htm,2025/pilot_100/sample/final_analysis_sample_100.csv,pilot_100,1,20250729,8,2025/pilot_100/html/raw/0000068505/0000068505-26-000010.html
76,P2025-077,P2025-077,NVDA,NVDA,Nvidia,Nvidia,cik:0001045810,0001045810,Information Technology,Semiconductors,0001045810-25-000023,nvda-20250126.htm,10-K,2025-02-26,2025-01-26,2025,https://www.sec.gov/Archives/edgar/data/1045810/000104581025000023/nvda-20250126.htm,2025/pilot_100/sample/final_analysis_sample_100.csv,pilot_100,1,20250729,9,2025/pilot_100/html/raw/0001045810/0001045810-25-000023.html
77,P2025-078,P2025-078,KEYS,KEYS,Keysight Technologies,Keysight Technologies,cik:0001601046,0001601046,Information Technology,Electronic Equipment & Instruments,0001601046-25-000127,keys-20251031.htm,10-K,2025-12-17,2025-10-31,2025,https://www.sec.gov/Archives/edgar/data/1601046/000160104625000127/keys-20251031.htm,2025/pilot_100/sample/final_analysis_sample_100.csv,pilot_100,1,20250729,10,2025/pilot_100/html/raw/0001601046/0001601046-25-000127.html
78,P2025-079,P2025-079,WDAY,WDAY,"Workday, Inc.","Workday, Inc.",cik:0001327811,0001327811,Information Technology,Application Software,0001327811-25-000056,wday-20250131.htm,10-K,2025-03-11,2025-01-31,2025,https://www.sec.gov/Archives/edgar/data/1327811/000132781125000056/wday-20250131.htm,2025/pilot_100/sample/final_analysis_sample_100.csv,pilot_100,1,20250729,11,2025/pilot_100/html/raw/0001327811/0001327811-25-000056.html
79,P2025-080,P2025-080,STX,STX,Seagate Technology,Seagate Technology,cik:0001137789,0001137789,Information Technology,"Technology Hardware, Storage & Peripherals",0001137789-25-000157,stx-20250627.htm,10-K,2025-08-01,2025-06-27,2025,https://www.sec.gov/Archives/edgar/data/1137789/000113778925000157/stx-20250627.htm,2025/pilot_100/sample/final_analysis_sample_100.csv,pilot_100,1,20250729,12,2025/pilot_100/html/raw/0001137789/0001137789-25-000157.html
80,P2025-081,P2025-081,FTNT,FTNT,Fortinet,Fortinet,cik:0001262039,0001262039,Information Technology,Systems Software,0001262039-26-000007,ftnt-20251231.htm,10-K,2026-02-25,2025-12-31,2025,https://www.sec.gov/Archives/edgar/data/1262039/000126203926000007/ftnt-20251231.htm,2025/pilot_100/sample/final_analysis_sample_100.csv,pilot_100,1,20250729,13,2025/pilot_100/html/raw/0001262039/0001262039-26-000007.html
81,P2025-082,P2025-082,ACN,ACN,Accenture,Accenture,cik:0001467373,0001467373,Information Technology,IT Consulting & Other Services,0001467373-25-000217,acn-20250831.htm,10-K,2025-10-10,2025-08-31,2025,https://www.sec.gov/Archives/edgar/data/1467373/000146737325000217/acn-20250831.htm,2025/pilot_100/sample/final_analysis_sample_100.csv,pilot_100,1,20250729,14,2025/pilot_100/html/raw/0001467373/0001467373-25-000217.html
82,P2025-083,P2025-083,MLM,MLM,Martin Marietta Materials,Martin Marietta Materials,cik:0000916076,0000916076,Materials,Construction Materials,0001193125-26-059193,mlm-20251231.htm,10-K,2026-02-19,2025-12-31,2025,https://www.sec.gov/Archives/edgar/data/916076/000119312526059193/mlm-20251231.htm,2025/pilot_100/sample/final_analysis_sample_100.csv,pilot_100,1,20250729,1,2025/pilot_100/html/raw/0000916076/0001193125-26-059193.html
83,P2025-084,P2025-084,PPG,PPG,PPG Industries,PPG Industries,cik:0000079879,0000079879,Materials,Specialty Chemicals,0000079879-26-000046,ppg-20251231.htm,10-K,2026-02-19,2025-12-31,2025,https://www.sec.gov/Archives/edgar/data/79879/000007987926000046/ppg-20251231.htm,2025/pilot_100/sample/final_analysis_sample_100.csv,pilot_100,1,20250729,2,2025/pilot_100/html/raw/0000079879/0000079879-26-000046.html
84,P2025-085,P2025-085,VMC,VMC,Vulcan Materials Company,Vulcan Materials Company,cik:0001396009,0001396009,Materials,Construction Materials,0001628280-26-009546,vmc-20251231.htm,10-K,2026-02-19,2025-12-31,2025,https://www.sec.gov/Archives/edgar/data/1396009/000162828026009546/vmc-20251231.htm,2025/pilot_100/sample/final_analysis_sample_100.csv,pilot_100,1,20250729,3,2025/pilot_100/html/raw/0001396009/0001628280-26-009546.html
85,P2025-086,P2025-086,BALL,BALL,Ball Corporation,Ball Corporation,cik:0000009389,0000009389,Materials,"Metal, Glass & Plastic Containers",0001104659-26-017410,ball-20251231x10k.htm,10-K,2026-02-19,2025-12-31,2025,https://www.sec.gov/Archives/edgar/data/9389/000110465926017410/ball-20251231x10k.htm,2025/pilot_100/sample/final_analysis_sample_100.csv,pilot_100,1,20250729,4,2025/pilot_100/html/raw/0000009389/0001104659-26-017410.html
86,P2025-087,P2025-087,CRH,CRH,CRH plc,CRH plc,cik:0000849395,0000849395,Materials,Construction Materials,0001628280-26-009043,crh-20251231.htm,10-K,2026-02-18,2025-12-31,2025,https://www.sec.gov/Archives/edgar/data/849395/000162828026009043/crh-20251231.htm,2025/pilot_100/sample/final_analysis_sample_100.csv,pilot_100,1,20250729,5,2025/pilot_100/html/raw/0000849395/0001628280-26-009043.html
87,P2025-088,P2025-088,FRT,FRT,Federal Realty Investment Trust,Federal Realty Investment Trust,cik:0000034903,0000034903,Real Estate,Retail REITs,0000034903-26-000017,frt-20251231.htm,10-K,2026-02-12,2025-12-31,2025,https://www.sec.gov/Archives/edgar/data/34903/000003490326000017/frt-20251231.htm,2025/pilot_100/sample/final_analysis_sample_100.csv,pilot_100,1,20250729,1,2025/pilot_100/html/raw/0000034903/0000034903-26-000017.html
88,P2025-089,P2025-089,EXR,EXR,Extra Space Storage,Extra Space Storage,cik:0001289490,0001289490,Real Estate,Self-Storage REITs,0001289490-26-000011,exr-20251231.htm,10-K,2026-02-20,2025-12-31,2025,https://www.sec.gov/Archives/edgar/data/1289490/000128949026000011/exr-20251231.htm,2025/pilot_100/sample/final_analysis_sample_100.csv,pilot_100,1,20250729,2,2025/pilot_100/html/raw/0001289490/0001289490-26-000011.html
89,P2025-090,P2025-090,DLR,DLR,Digital Realty,Digital Realty,cik:0001297996,0001297996,Real Estate,Data Center REITs,0001104659-26-015365,dlr-20251231x10k.htm,10-K,2026-02-13,2025-12-31,2025,https://www.sec.gov/Archives/edgar/data/1297996/000110465926015365/dlr-20251231x10k.htm,2025/pilot_100/sample/final_analysis_sample_100.csv,pilot_100,1,20250729,3,2025/pilot_100/html/raw/0001297996/0001104659-26-015365.html
90,P2025-091,P2025-091,ESS,ESS,Essex Property Trust,Essex Property Trust,cik:0000920522,0000920522,Real Estate,Multi-Family Residential REITs,0000920522-26-000003,ess-20251231.htm,10-K,2026-02-20,2025-12-31,2025,https://www.sec.gov/Archives/edgar/data/920522/000092052226000003/ess-20251231.htm,2025/pilot_100/sample/final_analysis_sample_100.csv,pilot_100,1,20250729,4,2025/pilot_100/html/raw/0000920522/0000920522-26-000003.html
91,P2025-092,P2025-092,VICI,VICI,Vici Properties,Vici Properties,cik:0001705696,0001705696,Real Estate,Hotel & Resort REITs,0001705696-26-000034,vici-20251231.htm,10-K,2026-02-25,2025-12-31,2025,https://www.sec.gov/Archives/edgar/data/1705696/000170569626000034/vici-20251231.htm,2025/pilot_100/sample/final_analysis_sample_100.csv,pilot_100,1,20250729,5,2025/pilot_100/html/raw/0001705696/0001705696-26-000034.html
92,P2025-093,P2025-093,UDR,UDR,"UDR, Inc.","UDR, Inc.",cik:0000074208,0000074208,Real Estate,Multi-Family Residential REITs,0000074208-26-000013,udr-20251231x10k.htm,10-K,2026-02-17,2025-12-31,2025,https://www.sec.gov/Archives/edgar/data/74208/000007420826000013/udr-20251231x10k.htm,2025/pilot_100/sample/final_analysis_sample_100.csv,pilot_100,1,20250729,6,2025/pilot_100/html/raw/0000074208/0000074208-26-000013.html
93,P2025-094,P2025-094,INVH,INVH,Invitation Homes,Invitation Homes,cik:0001687229,0001687229,Real Estate,Single-Family Residential REITs,0001687229-26-000016,invh-20251231.htm,10-K,2026-02-19,2025-12-31,2025,https://www.sec.gov/Archives/edgar/data/1687229/000168722926000016/invh-20251231.htm,2025/pilot_100/sample/final_analysis_sample_100.csv,pilot_100,1,20250729,7,2025/pilot_100/html/raw/0001687229/0001687229-26-000016.html
94,P2025-095,P2025-095,PCG,PCG,PG&E Corporation,PG&E Corporation,cik:0001004980,0001004980,Utilities,Multi-Utilities,0001004980-26-000009,pcg-20251231.htm,10-K,2026-02-12,2025-12-31,2025,https://www.sec.gov/Archives/edgar/data/1004980/000100498026000009/pcg-20251231.htm,2025/pilot_100/sample/final_analysis_sample_100.csv,pilot_100,1,20250729,1,2025/pilot_100/html/raw/0001004980/0001004980-26-000009.html
95,P2025-096,P2025-096,D,D,Dominion Energy,Dominion Energy,cik:0000715957,0000715957,Utilities,Multi-Utilities,0001193125-26-063120,d-20251231.htm,10-K,2026-02-23,2025-12-31,2025,https://www.sec.gov/Archives/edgar/data/715957/000119312526063120/d-20251231.htm,2025/pilot_100/sample/final_analysis_sample_100.csv,pilot_100,1,20250729,2,2025/pilot_100/html/raw/0000715957/0001193125-26-063120.html
96,P2025-097,P2025-097,PNW,PNW,Pinnacle West Capital,Pinnacle West Capital,cik:0000764622,0000764622,Utilities,Multi-Utilities,0000764622-26-000011,pnw-20251231.htm,10-K,2026-02-25,2025-12-31,2025,https://www.sec.gov/Archives/edgar/data/764622/000076462226000011/pnw-20251231.htm,2025/pilot_100/sample/final_analysis_sample_100.csv,pilot_100,1,20250729,3,2025/pilot_100/html/raw/0000764622/0000764622-26-000011.html
97,P2025-098,P2025-098,ETR,ETR,Entergy,Entergy,cik:0000065984,0000065984,Utilities,Electric Utilities,0000065984-26-000174,etr-20251231.htm,10-K,2026-02-19,2025-12-31,2025,https://www.sec.gov/Archives/edgar/data/65984/000006598426000174/etr-20251231.htm,2025/pilot_100/sample/final_analysis_sample_100.csv,pilot_100,1,20250729,4,2025/pilot_100/html/raw/0000065984/0000065984-26-000174.html
98,P2025-099,P2025-099,NRG,NRG,NRG Energy,NRG Energy,cik:0001013871,0001013871,Utilities,Independent Power Producers & Energy Traders,0001013871-26-000004,nrg-20251231.htm,10-K,2026-02-24,2025-12-31,2025,https://www.sec.gov/Archives/edgar/data/1013871/000101387126000004/nrg-20251231.htm,2025/pilot_100/sample/final_analysis_sample_100.csv,pilot_100,1,20250729,5,2025/pilot_100/html/raw/0001013871/0001013871-26-000004.html
99,P2025-100,P2025-100,PEG,PEG,Public Service Enterprise Group,Public Service Enterprise Group,cik:0000788784,0000788784,Utilities,Electric Utilities,0001193125-26-077446,peg-20251231.htm,10-K,2026-02-26,2025-12-31,2025,https://www.sec.gov/Archives/edgar/data/788784/000119312526077446/peg-20251231.htm,2025/pilot_100/sample/final_analysis_sample_100.csv,pilot_100,1,20250729,6,2025/pilot_100/html/raw/0000788784/0001193125-26-077446.html
100,P2025-R001,P2025-R001,ITW,ITW,Illinois Tool Works,Illinois Tool Works,cik:0000049826,0000049826,Industrials,Industrial Machinery & Supplies & Components,0000049826-26-000008,itw-20251231.htm,10-K,2026-02-13,2025-12-31,2025,https://www.sec.gov/Archives/edgar/data/49826/000004982626000008/itw-20251231.htm,2025/pilot_100/sample/final_analysis_sample_100.csv,pilot_100,1,20250729,17,2025/pilot_100/html/raw/0000049826/0000049826-26-000008.html
101,S2025-101,S2025-101,OMC,OMC,Omnicom Group,Omnicom Group,cik:0000029989,0000029989,Communication Services,Advertising,0000029989-26-000006,omc-20251231.htm,10-K,2026-02-20,2025-12-31,2025,https://www.sec.gov/Archives/edgar/data/29989/000002998926000006/omc-20251231.htm,2025/pilot_100/sample/pilot_sampling_frame.csv,expansion_200,2,20250729,5,2025/sample_300/html/raw/0000029989/0000029989-26-000006.html
102,S2025-102,S2025-102,EA,EA,Electronic Arts,Electronic Arts,cik:0000712515,0000712515,Communication Services,Interactive Home Entertainment,0000712515-25-000022,ea-20250331.htm,10-K,2025-05-13,2025-03-31,2025,https://www.sec.gov/Archives/edgar/data/712515/000071251525000022/ea-20250331.htm,2025/pilot_100/sample/pilot_sampling_frame.csv,expansion_200,2,20250729,6,2025/sample_300/html/raw/0000712515/0000712515-25-000022.html
103,S2025-103,S2025-103,WBD,WBD,Warner Bros. Discovery,Warner Bros. Discovery,cik:0001437107,0001437107,Communication Services,Broadcasting,0001437107-26-000020,wbd-20251231.htm,10-K,2026-02-27,2025-12-31,2025,https://www.sec.gov/Archives/edgar/data/1437107/000143710726000020/wbd-20251231.htm,2025/pilot_100/sample/pilot_sampling_frame.csv,expansion_200,2,20250729,7,2025/sample_300/html/raw/0001437107/0001437107-26-000020.html
104,S2025-104,S2025-104,META,META,Meta Platforms,Meta Platforms,cik:0001326801,0001326801,Communication Services,Interactive Media & Services,0001628280-26-003942,meta-20251231.htm,10-K,2026-01-29,2025-12-31,2025,https://www.sec.gov/Archives/edgar/data/1326801/000162828026003942/meta-20251231.htm,2025/pilot_100/sample/pilot_sampling_frame.csv,expansion_200,2,20250729,8,2025/sample_300/html/raw/0001326801/0001628280-26-003942.html
105,S2025-105,S2025-105,T,T,AT&T,AT&T,cik:0000732717,0000732717,Communication Services,Integrated Telecommunication Services,0000732717-26-000120,t-20251231.htm,10-K,2026-02-09,2025-12-31,2025,https://www.sec.gov/Archives/edgar/data/732717/000073271726000120/t-20251231.htm,2025/pilot_100/sample/pilot_sampling_frame.csv,expansion_200,2,20250729,9,2025/sample_300/html/raw/0000732717/0000732717-26-000120.html
106,S2025-106,S2025-106,NWSA|NWS,NWSA|NWS,News Corp (Class A)|News Corp (Class B),News Corp (Class A)|News Corp (Class B),cik:0001564708,0001564708,Communication Services,Publishing,0001564708-25-000419,nws-20250630.htm,10-K,2025-08-06,2025-06-30,2025,https://www.sec.gov/Archives/edgar/data/1564708/000156470825000419/nws-20250630.htm,2025/pilot_100/sample/pilot_sampling_frame.csv,expansion_200,2,20250729,10,2025/sample_300/html/raw/0001564708/0001564708-25-000419.html
107,S2025-107,S2025-107,GOOGL|GOOG,GOOGL|GOOG,Alphabet Inc. (Class A)|Alphabet Inc. (Class C),Alphabet Inc. (Class A)|Alphabet Inc. (Class C),cik:0001652044,0001652044,Communication Services,Interactive Media & Services,0001652044-26-000018,goog-20251231.htm,10-K,2026-02-05,2025-12-31,2025,https://www.sec.gov/Archives/edgar/data/1652044/000165204426000018/goog-20251231.htm,2025/pilot_100/sample/pilot_sampling_frame.csv,expansion_200,2,20250729,11,2025/sample_300/html/raw/0001652044/0001652044-26-000018.html
108,S2025-108,S2025-108,VZ,VZ,Verizon,Verizon,cik:0000732712,0000732712,Communication Services,Integrated Telecommunication Services,0000732712-26-000007,vz-20251231.htm,10-K,2026-02-17,2025-12-31,2025,https://www.sec.gov/Archives/edgar/data/732712/000073271226000007/vz-20251231.htm,2025/pilot_100/sample/pilot_sampling_frame.csv,expansion_200,2,20250729,12,2025/sample_300/html/raw/0000732712/0000732712-26-000007.html
109,S2025-109,S2025-109,LOW,LOW,Lowe's,Lowe's,cik:0000060667,0000060667,Consumer Discretionary,Home Improvement Retail,0000060667-25-000049,low-20250131.htm,10-K,2025-03-24,2025-01-31,2025,https://www.sec.gov/Archives/edgar/data/60667/000006066725000049/low-20250131.htm,2025/pilot_100/sample/pilot_sampling_frame.csv,expansion_200,2,20250729,11,2025/sample_300/html/raw/0000060667/0000060667-25-000049.html
110,S2025-110,S2025-110,AZO,AZO,AutoZone,AutoZone,cik:0000866787,0000866787,Consumer Discretionary,Automotive Retail,0001104659-25-102611,azo-20250830x10k.htm,10-K,2025-10-27,2025-08-30,2025,https://www.sec.gov/Archives/edgar/data/866787/000110465925102611/azo-20250830x10k.htm,2025/pilot_100/sample/pilot_sampling_frame.csv,expansion_200,2,20250729,12,2025/sample_300/html/raw/0000866787/0001104659-25-102611.html
111,S2025-111,S2025-111,WSM,WSM,"Williams-Sonoma, Inc.","Williams-Sonoma, Inc.",cik:0000719955,0000719955,Consumer Discretionary,Homefurnishing Retail,0001628280-25-015037,wsm-20250202.htm,10-K,2025-03-27,2025-02-02,2025,https://www.sec.gov/Archives/edgar/data/719955/000162828025015037/wsm-20250202.htm,2025/pilot_100/sample/pilot_sampling_frame.csv,expansion_200,2,20250729,13,2025/sample_300/html/raw/0000719955/0001628280-25-015037.html
112,S2025-112,S2025-112,RCL,RCL,Royal Caribbean Group,Royal Caribbean Group,cik:0000884887,0000884887,Consumer Discretionary,"Hotels, Resorts & Cruise Lines",0000884887-26-000007,rcl-20251231.htm,10-K,2026-02-11,2025-12-31,2025,https://www.sec.gov/Archives/edgar/data/884887/000088488726000007/rcl-20251231.htm,2025/pilot_100/sample/pilot_sampling_frame.csv,expansion_200,2,20250729,14,2025/sample_300/html/raw/0000884887/0000884887-26-000007.html
113,S2025-113,S2025-113,CMG,CMG,Chipotle Mexican Grill,Chipotle Mexican Grill,cik:0001058090,0001058090,Consumer Discretionary,Restaurants,0001058090-26-000009,cmg-20251231.htm,10-K,2026-02-04,2025-12-31,2025,https://www.sec.gov/Archives/edgar/data/1058090/000105809026000009/cmg-20251231.htm,2025/pilot_100/sample/pilot_sampling_frame.csv,expansion_200,2,20250729,15,2025/sample_300/html/raw/0001058090/0001058090-26-000009.html
114,S2025-114,S2025-114,GM,GM,General Motors,General Motors,cik:0001467858,0001467858,Consumer Discretionary,Automobile Manufacturers,0001467858-26-000013,gm-20251231.htm,10-K,2026-01-27,2025-12-31,2025,https://www.sec.gov/Archives/edgar/data/1467858/000146785826000013/gm-20251231.htm,2025/pilot_100/sample/pilot_sampling_frame.csv,expansion_200,2,20250729,16,2025/sample_300/html/raw/0001467858/0001467858-26-000013.html
115,S2025-115,S2025-115,SBUX,SBUX,Starbucks,Starbucks,cik:0000829224,0000829224,Consumer Discretionary,Restaurants,0000829224-25-000114,sbux-20250928.htm,10-K,2025-11-14,2025-09-28,2025,https://www.sec.gov/Archives/edgar/data/829224/000082922425000114/sbux-20250928.htm,2025/pilot_100/sample/pilot_sampling_frame.csv,expansion_200,2,20250729,17,2025/sample_300/html/raw/0000829224/0000829224-25-000114.html
116,S2025-116,S2025-116,ROST,ROST,Ross Stores,Ross Stores,cik:0000745732,0000745732,Consumer Discretionary,Apparel Retail,0000745732-25-000010,rost-20250201.htm,10-K,2025-04-01,2025-02-01,2025,https://www.sec.gov/Archives/edgar/data/745732/000074573225000010/rost-20250201.htm,2025/pilot_100/sample/pilot_sampling_frame.csv,expansion_200,2,20250729,18,2025/sample_300/html/raw/0000745732/0000745732-25-000010.html
117,S2025-117,S2025-117,TPR,TPR,"Tapestry, Inc.","Tapestry, Inc.",cik:0001116132,0001116132,Consumer Discretionary,"Apparel, Accessories & Luxury Goods",0001116132-25-000019,tpr-20250628.htm,10-K,2025-08-14,2025-06-28,2025,https://www.sec.gov/Archives/edgar/data/1116132/000111613225000019/tpr-20250628.htm,2025/pilot_100/sample/pilot_sampling_frame.csv,expansion_200,2,20250729,19,2025/sample_300/html/raw/0001116132/0001116132-25-000019.html
118,S2025-118,S2025-118,LEN,LEN,Lennar,Lennar,cik:0000920760,0000920760,Consumer Discretionary,Homebuilding,0001628280-26-003870,len-20251130.htm,10-K,2026-01-28,2025-11-30,2025,https://www.sec.gov/Archives/edgar/data/920760/000162828026003870/len-20251130.htm,2025/pilot_100/sample/pilot_sampling_frame.csv,expansion_200,2,20250729,20,2025/sample_300/html/raw/0000920760/0001628280-26-003870.html
119,S2025-119,S2025-119,LULU,LULU,Lululemon Athletica,Lululemon Athletica,cik:0001397187,0001397187,Consumer Discretionary,"Apparel, Accessories & Luxury Goods",0001397187-25-000013,lulu-20250202.htm,10-K,2025-03-27,2025-02-02,2025,https://www.sec.gov/Archives/edgar/data/1397187/000139718725000013/lulu-20250202.htm,2025/pilot_100/sample/pilot_sampling_frame.csv,expansion_200,2,20250729,21,2025/sample_300/html/raw/0001397187/0001397187-25-000013.html
120,S2025-120,S2025-120,YUM,YUM,Yum! Brands,Yum! Brands,cik:0001041061,0001041061,Consumer Discretionary,Restaurants,0001041061-26-000084,yum-20251231.htm,10-K,2026-02-20,2025-12-31,2025,https://www.sec.gov/Archives/edgar/data/1041061/000104106126000084/yum-20251231.htm,2025/pilot_100/sample/pilot_sampling_frame.csv,expansion_200,2,20250729,22,2025/sample_300/html/raw/0001041061/0001041061-26-000084.html
121,S2025-121,S2025-121,WYNN,WYNN,Wynn Resorts,Wynn Resorts,cik:0001174922,0001174922,Consumer Discretionary,Casinos & Gaming,0001174922-26-000013,wynn-20251231.htm,10-K,2026-03-02,2025-12-31,2025,https://www.sec.gov/Archives/edgar/data/1174922/000117492226000013/wynn-20251231.htm,2025/pilot_100/sample/pilot_sampling_frame.csv,expansion_200,2,20250729,23,2025/sample_300/html/raw/0001174922/0001174922-26-000013.html
122,S2025-122,S2025-122,AMZN,AMZN,Amazon,Amazon,cik:0001018724,0001018724,Consumer Discretionary,Broadline Retail,0001018724-26-000004,amzn-20251231.htm,10-K,2026-02-06,2025-12-31,2025,https://www.sec.gov/Archives/edgar/data/1018724/000101872426000004/amzn-20251231.htm,2025/pilot_100/sample/pilot_sampling_frame.csv,expansion_200,2,20250729,24,2025/sample_300/html/raw/0001018724/0001018724-26-000004.html
123,S2025-123,S2025-123,MGM,MGM,MGM Resorts,MGM Resorts,cik:0000789570,0000789570,Consumer Discretionary,Casinos & Gaming,0000789570-26-000018,mgm-20251231.htm,10-K,2026-02-11,2025-12-31,2025,https://www.sec.gov/Archives/edgar/data/789570/000078957026000018/mgm-20251231.htm,2025/pilot_100/sample/pilot_sampling_frame.csv,expansion_200,2,20250729,25,2025/sample_300/html/raw/0000789570/0000789570-26-000018.html
124,S2025-124,S2025-124,NKE,NKE,"Nike, Inc.","Nike, Inc.",cik:0000320187,0000320187,Consumer Discretionary,"Apparel, Accessories & Luxury Goods",0000320187-25-000047,nke-20250531.htm,10-K,2025-07-17,2025-05-31,2025,https://www.sec.gov/Archives/edgar/data/320187/000032018725000047/nke-20250531.htm,2025/pilot_100/sample/pilot_sampling_frame.csv,expansion_200,2,20250729,26,2025/sample_300/html/raw/0000320187/0000320187-25-000047.html
125,S2025-125,S2025-125,ABNB,ABNB,Airbnb,Airbnb,cik:0001559720,0001559720,Consumer Discretionary,"Hotels, Resorts & Cruise Lines",0001559720-26-000004,abnb-20251231.htm,10-K,2026-02-12,2025-12-31,2025,https://www.sec.gov/Archives/edgar/data/1559720/000155972026000004/abnb-20251231.htm,2025/pilot_100/sample/pilot_sampling_frame.csv,expansion_200,2,20250729,27,2025/sample_300/html/raw/0001559720/0001559720-26-000004.html
126,S2025-126,S2025-126,HLT,HLT,Hilton Worldwide,Hilton Worldwide,cik:0001585689,0001585689,Consumer Discretionary,"Hotels, Resorts & Cruise Lines",0001585689-26-000007,hlt-20251231.htm,10-K,2026-02-11,2025-12-31,2025,https://www.sec.gov/Archives/edgar/data/1585689/000158568926000007/hlt-20251231.htm,2025/pilot_100/sample/pilot_sampling_frame.csv,expansion_200,2,20250729,28,2025/sample_300/html/raw/0001585689/0001585689-26-000007.html
127,S2025-127,S2025-127,BKNG,BKNG,Booking Holdings,Booking Holdings,cik:0001075531,0001075531,Consumer Discretionary,"Hotels, Resorts & Cruise Lines",0001075531-26-000009,bkng-20251231.htm,10-K,2026-02-18,2025-12-31,2025,https://www.sec.gov/Archives/edgar/data/1075531/000107553126000009/bkng-20251231.htm,2025/pilot_100/sample/pilot_sampling_frame.csv,expansion_200,2,20250729,29,2025/sample_300/html/raw/0001075531/0001075531-26-000009.html
128,S2025-128,S2025-128,PEP,PEP,PepsiCo,PepsiCo,cik:0000077476,0000077476,Consumer Staples,Soft Drinks & Non-alcoholic Beverages,0000077476-26-000007,pep-20251227.htm,10-K,2026-02-03,2025-12-27,2025,https://www.sec.gov/Archives/edgar/data/77476/000007747626000007/pep-20251227.htm,2025/pilot_100/sample/pilot_sampling_frame.csv,expansion_200,2,20250729,8,2025/sample_300/html/raw/0000077476/0000077476-26-000007.html
129,S2025-129,S2025-129,PM,PM,Philip Morris International,Philip Morris International,cik:0001413329,0001413329,Consumer Staples,Tobacco,0001628280-26-005939,pm-20251231.htm,10-K,2026-02-06,2025-12-31,2025,https://www.sec.gov/Archives/edgar/data/1413329/000162828026005939/pm-20251231.htm,2025/pilot_100/sample/pilot_sampling_frame.csv,expansion_200,2,20250729,9,2025/sample_300/html/raw/0001413329/0001628280-26-005939.html
130,S2025-130,S2025-130,KR,KR,Kroger,Kroger,cik:0000056873,0000056873,Consumer Staples,Food Retail,0001558370-25-004267,kr-20250201x10k.htm,10-K,2025-04-01,2025-02-01,2025,https://www.sec.gov/Archives/edgar/data/56873/000155837025004267/kr-20250201x10k.htm,2025/pilot_100/sample/pilot_sampling_frame.csv,expansion_200,2,20250729,10,2025/sample_300/html/raw/0000056873/0001558370-25-004267.html
131,S2025-131,S2025-131,MDLZ,MDLZ,Mondelez International,Mondelez International,cik:0001103982,0001103982,Consumer Staples,Packaged Foods & Meats,0001628280-26-005345,mdlz-20251231.htm,10-K,2026-02-04,2025-12-31,2025,https://www.sec.gov/Archives/edgar/data/1103982/000162828026005345/mdlz-20251231.htm,2025/pilot_100/sample/pilot_sampling_frame.csv,expansion_200,2,20250729,11,2025/sample_300/html/raw/0001103982/0001628280-26-005345.html
132,S2025-132,S2025-132,KHC,KHC,Kraft Heinz,Kraft Heinz,cik:0001637459,0001637459,Consumer Staples,Packaged Foods & Meats,0001637459-26-000009,khc-20251227.htm,10-K,2026-02-12,2025-12-27,2025,https://www.sec.gov/Archives/edgar/data/1637459/000163745926000009/khc-20251227.htm,2025/pilot_100/sample/pilot_sampling_frame.csv,expansion_200,2,20250729,12,2025/sample_300/html/raw/0001637459/0001637459-26-000009.html
133,S2025-133,S2025-133,KVUE,KVUE,Kenvue,Kenvue,cik:0001944048,0001944048,Consumer Staples,Personal Care Products,0001944048-26-000030,kvue-20251228.htm,10-K,2026-02-20,2025-12-28,2025,https://www.sec.gov/Archives/edgar/data/1944048/000194404826000030/kvue-20251228.htm,2025/pilot_100/sample/pilot_sampling_frame.csv,expansion_200,2,20250729,13,2025/sample_300/html/raw/0001944048/0001944048-26-000030.html
134,S2025-134,S2025-134,KDP,KDP,Keurig Dr Pepper,Keurig Dr Pepper,cik:0001418135,0001418135,Consumer Staples,Soft Drinks & Non-alcoholic Beverages,0001418135-26-000016,kdp-20251231.htm,10-K,2026-02-24,2025-12-31,2025,https://www.sec.gov/Archives/edgar/data/1418135/000141813526000016/kdp-20251231.htm,2025/pilot_100/sample/pilot_sampling_frame.csv,expansion_200,2,20250729,14,2025/sample_300/html/raw/0001418135/0001418135-26-000016.html
135,S2025-135,S2025-135,DLTR,DLTR,Dollar Tree,Dollar Tree,cik:0000935703,0000935703,Consumer Staples,Consumer Staples Merchandise Retail,0000935703-25-000015,dltr-20250201.htm,10-K,2025-03-26,2025-02-01,2025,https://www.sec.gov/Archives/edgar/data/935703/000093570325000015/dltr-20250201.htm,2025/pilot_100/sample/pilot_sampling_frame.csv,expansion_200,2,20250729,15,2025/sample_300/html/raw/0000935703/0000935703-25-000015.html
136,S2025-136,S2025-136,SYY,SYY,Sysco,Sysco,cik:0000096021,0000096021,Consumer Staples,Food Distributors,0000096021-25-000099,syy-20250628.htm,10-K,2025-08-22,2025-06-28,2025,https://www.sec.gov/Archives/edgar/data/96021/000009602125000099/syy-20250628.htm,2025/pilot_100/sample/pilot_sampling_frame.csv,expansion_200,2,20250729,16,2025/sample_300/html/raw/0000096021/0000096021-25-000099.html
137,S2025-137,S2025-137,MNST,MNST,Monster Beverage,Monster Beverage,cik:0000865752,0000865752,Consumer Staples,Soft Drinks & Non-alcoholic Beverages,0001104659-26-020831,mnst-20251231x10k.htm,10-K,2026-02-27,2025-12-31,2025,https://www.sec.gov/Archives/edgar/data/865752/000110465926020831/mnst-20251231x10k.htm,2025/pilot_100/sample/pilot_sampling_frame.csv,expansion_200,2,20250729,17,2025/sample_300/html/raw/0000865752/0001104659-26-020831.html
138,S2025-138,S2025-138,ADM,ADM,Archer Daniels Midland,Archer Daniels Midland,cik:0000007084,0000007084,Consumer Staples,Agricultural Products & Services,0000007084-26-000011,adm-20251231.htm,10-K,2026-02-17,2025-12-31,2025,https://www.sec.gov/Archives/edgar/data/7084/000000708426000011/adm-20251231.htm,2025/pilot_100/sample/pilot_sampling_frame.csv,expansion_200,2,20250729,18,2025/sample_300/html/raw/0000007084/0000007084-26-000011.html
139,S2025-139,S2025-139,HSY,HSY,Hershey Company (The),Hershey Company (The),cik:0000047111,0000047111,Consumer Staples,Packaged Foods & Meats,0001628280-26-008586,hsy-20251231.htm,10-K,2026-02-17,2025-12-31,2025,https://www.sec.gov/Archives/edgar/data/47111/000162828026008586/hsy-20251231.htm,2025/pilot_100/sample/pilot_sampling_frame.csv,expansion_200,2,20250729,19,2025/sample_300/html/raw/0000047111/0001628280-26-008586.html
140,S2025-140,S2025-140,MO,MO,Altria,Altria,cik:0000764180,0000764180,Consumer Staples,Tobacco,0000764180-26-000017,mo-20251231.htm,10-K,2026-02-25,2025-12-31,2025,https://www.sec.gov/Archives/edgar/data/764180/000076418026000017/mo-20251231.htm,2025/pilot_100/sample/pilot_sampling_frame.csv,expansion_200,2,20250729,20,2025/sample_300/html/raw/0000764180/0000764180-26-000017.html
141,S2025-141,S2025-141,PSX,PSX,Phillips 66,Phillips 66,cik:0001534701,0001534701,Energy,Oil & Gas Refining & Marketing,0001534701-26-000006,psx-20251231.htm,10-K,2026-02-20,2025-12-31,2025,https://www.sec.gov/Archives/edgar/data/1534701/000153470126000006/psx-20251231.htm,2025/pilot_100/sample/pilot_sampling_frame.csv,expansion_200,2,20250729,5,2025/sample_300/html/raw/0001534701/0001534701-26-000006.html
142,S2025-142,S2025-142,EOG,EOG,EOG Resources,EOG Resources,cik:0000821189,0000821189,Energy,Oil & Gas Exploration & Production,0000821189-26-000054,eog-20251231.htm,10-K,2026-02-24,2025-12-31,2025,https://www.sec.gov/Archives/edgar/data/821189/000082118926000054/eog-20251231.htm,2025/pilot_100/sample/pilot_sampling_frame.csv,expansion_200,2,20250729,6,2025/sample_300/html/raw/0000821189/0000821189-26-000054.html
143,S2025-143,S2025-143,EXE,EXE,Expand Energy,Expand Energy,cik:0000895126,0000895126,Energy,Oil & Gas Exploration & Production,0000895126-26-000011,exe-20251231.htm,10-K,2026-02-18,2025-12-31,2025,https://www.sec.gov/Archives/edgar/data/895126/000089512626000011/exe-20251231.htm,2025/pilot_100/sample/pilot_sampling_frame.csv,expansion_200,2,20250729,7,2025/sample_300/html/raw/0000895126/0000895126-26-000011.html
144,S2025-144,S2025-144,SLB,SLB,Schlumberger,Schlumberger,cik:0000087347,0000087347,Energy,Oil & Gas Equipment & Services,0001193125-26-021017,slb-20251231.htm,10-K,2026-01-23,2025-12-31,2025,https://www.sec.gov/Archives/edgar/data/87347/000119312526021017/slb-20251231.htm,2025/pilot_100/sample/pilot_sampling_frame.csv,expansion_200,2,20250729,8,2025/sample_300/html/raw/0000087347/0001193125-26-021017.html
145,S2025-145,S2025-145,EQT,EQT,EQT Corporation,EQT Corporation,cik:0000033213,0000033213,Energy,Oil & Gas Exploration & Production,0000033213-26-000018,eqt-20251231.htm,10-K,2026-02-18,2025-12-31,2025,https://www.sec.gov/Archives/edgar/data/33213/000003321326000018/eqt-20251231.htm,2025/pilot_100/sample/pilot_sampling_frame.csv,expansion_200,2,20250729,9,2025/sample_300/html/raw/0000033213/0000033213-26-000018.html
146,S2025-146,S2025-146,VLO,VLO,Valero Energy,Valero Energy,cik:0001035002,0001035002,Energy,Oil & Gas Refining & Marketing,0001628280-26-011499,vlo-20251231.htm,10-K,2026-02-25,2025-12-31,2025,https://www.sec.gov/Archives/edgar/data/1035002/000162828026011499/vlo-20251231.htm,2025/pilot_100/sample/pilot_sampling_frame.csv,expansion_200,2,20250729,10,2025/sample_300/html/raw/0001035002/0001628280-26-011499.html
147,S2025-147,S2025-147,TPL,TPL,Texas Pacific Land Corporation,Texas Pacific Land Corporation,cik:0001811074,0001811074,Energy,Oil & Gas Exploration & Production,0001811074-26-000018,tpl-20251231.htm,10-K,2026-02-18,2025-12-31,2025,https://www.sec.gov/Archives/edgar/data/1811074/000181107426000018/tpl-20251231.htm,2025/pilot_100/sample/pilot_sampling_frame.csv,expansion_200,2,20250729,11,2025/sample_300/html/raw/0001811074/0001811074-26-000018.html
148,S2025-148,S2025-148,APA,APA,APA Corporation,APA Corporation,cik:0001841666,0001841666,Energy,Oil & Gas Exploration & Production,0001841666-26-000015,apa-20251231.htm,10-K,2026-02-26,2025-12-31,2025,https://www.sec.gov/Archives/edgar/data/1841666/000184166626000015/apa-20251231.htm,2025/pilot_100/sample/pilot_sampling_frame.csv,expansion_200,2,20250729,12,2025/sample_300/html/raw/0001841666/0001841666-26-000015.html
149,S2025-149,S2025-149,BKR,BKR,Baker Hughes,Baker Hughes,cik:0001701605,0001701605,Energy,Oil & Gas Equipment & Services,0001701605-26-000007,bkr-20251231.htm,10-K,2026-02-05,2025-12-31,2025,https://www.sec.gov/Archives/edgar/data/1701605/000170160526000007/bkr-20251231.htm,2025/pilot_100/sample/pilot_sampling_frame.csv,expansion_200,2,20250729,13,2025/sample_300/html/raw/0001701605/0001701605-26-000007.html
150,S2025-150,S2025-150,KKR,KKR,KKR & Co.,KKR & Co.,cik:0001404912,0001404912,Financials,Asset Management & Custody Banks,0001404912-26-000007,kkr-20251231.htm,10-K,2026-02-27,2025-12-31,2025,https://www.sec.gov/Archives/edgar/data/1404912/000140491226000007/kkr-20251231.htm,2025/pilot_100/sample/pilot_sampling_frame.csv,expansion_200,2,20250729,16,2025/sample_300/html/raw/0001404912/0001404912-26-000007.html
151,S2025-151,S2025-151,FITB,FITB,Fifth Third Bancorp,Fifth Third Bancorp,cik:0000035527,0000035527,Financials,Regional Banks,0000035527-26-000124,fitb-20251231.htm,10-K,2026-02-24,2025-12-31,2025,https://www.sec.gov/Archives/edgar/data/35527/000003552726000124/fitb-20251231.htm,2025/pilot_100/sample/pilot_sampling_frame.csv,expansion_200,2,20250729,17,2025/sample_300/html/raw/0000035527/0000035527-26-000124.html
152,S2025-152,S2025-152,NDAQ,NDAQ,"Nasdaq, Inc.","Nasdaq, Inc.",cik:0001120193,0001120193,Financials,Financial Exchanges & Data,0001628280-26-007703,ndaq-20251231.htm,10-K,2026-02-12,2025-12-31,2025,https://www.sec.gov/Archives/edgar/data/1120193/000162828026007703/ndaq-20251231.htm,2025/pilot_100/sample/pilot_sampling_frame.csv,expansion_200,2,20250729,18,2025/sample_300/html/raw/0001120193/0001628280-26-007703.html
153,S2025-153,S2025-153,EG,EG,Everest Group,Everest Group,cik:0001095073,0001095073,Financials,Reinsurance,0001095073-26-000006,eg-20251231.htm,10-K,2026-02-26,2025-12-31,2025,https://www.sec.gov/Archives/edgar/data/1095073/000109507326000006/eg-20251231.htm,2025/pilot_100/sample/pilot_sampling_frame.csv,expansion_200,2,20250729,19,2025/sample_300/html/raw/0001095073/0001095073-26-000006.html
154,S2025-154,S2025-154,MCO,MCO,Moody's Corporation,Moody's Corporation,cik:0001059556,0001059556,Financials,Financial Exchanges & Data,0001628280-26-009136,mco-20251231.htm,10-K,2026-02-18,2025-12-31,2025,https://www.sec.gov/Archives/edgar/data/1059556/000162828026009136/mco-20251231.htm,2025/pilot_100/sample/pilot_sampling_frame.csv,expansion_200,2,20250729,20,2025/sample_300/html/raw/0001059556/0001628280-26-009136.html
155,S2025-155,S2025-155,CB,CB,Chubb Limited,Chubb Limited,cik:0000896159,0000896159,Financials,Property & Casualty Insurance,0000896159-26-000005,cb-20251231.htm,10-K,2026-02-27,2025-12-31,2025,https://www.sec.gov/Archives/edgar/data/896159/000089615926000005/cb-20251231.htm,2025/pilot_100/sample/pilot_sampling_frame.csv,expansion_200,2,20250729,21,2025/sample_300/html/raw/0000896159/0000896159-26-000005.html
156,S2025-156,S2025-156,APO,APO,Apollo Global Management,Apollo Global Management,cik:0001858681,0001858681,Financials,Asset Management & Custody Banks,0001858681-26-000013,apo-20251231.htm,10-K,2026-02-25,2025-12-31,2025,https://www.sec.gov/Archives/edgar/data/1858681/000185868126000013/apo-20251231.htm,2025/pilot_100/sample/pilot_sampling_frame.csv,expansion_200,2,20250729,22,2025/sample_300/html/raw/0001858681/0001858681-26-000013.html
157,S2025-157,S2025-157,SYF,SYF,Synchrony Financial,Synchrony Financial,cik:0001601712,0001601712,Financials,Consumer Finance,0001601712-26-000006,syf-20251231.htm,10-K,2026-02-06,2025-12-31,2025,https://www.sec.gov/Archives/edgar/data/1601712/000160171226000006/syf-20251231.htm,2025/pilot_100/sample/pilot_sampling_frame.csv,expansion_200,2,20250729,23,2025/sample_300/html/raw/0001601712/0001601712-26-000006.html
158,S2025-158,S2025-158,PFG,PFG,Principal Financial Group,Principal Financial Group,cik:0001126328,0001126328,Financials,Life & Health Insurance,0001104659-26-017031,pfg-20251231x10k.htm,10-K,2026-02-18,2025-12-31,2025,https://www.sec.gov/Archives/edgar/data/1126328/000110465926017031/pfg-20251231x10k.htm,2025/pilot_100/sample/pilot_sampling_frame.csv,expansion_200,2,20250729,24,2025/sample_300/html/raw/0001126328/0001104659-26-017031.html
159,S2025-159,S2025-159,AXP,AXP,American Express,American Express,cik:0000004962,0000004962,Financials,Consumer Finance,0000004962-26-000080,axp-20251231.htm,10-K,2026-02-06,2025-12-31,2025,https://www.sec.gov/Archives/edgar/data/4962/000000496226000080/axp-20251231.htm,2025/pilot_100/sample/pilot_sampling_frame.csv,expansion_200,2,20250729,25,2025/sample_300/html/raw/0000004962/0000004962-26-000080.html
160,S2025-160,S2025-160,COF,COF,Capital One,Capital One,cik:0000927628,0000927628,Financials,Consumer Finance,0000927628-26-000024,cof-20251231.htm,10-K,2026-02-19,2025-12-31,2025,https://www.sec.gov/Archives/edgar/data/927628/000092762826000024/cof-20251231.htm,2025/pilot_100/sample/pilot_sampling_frame.csv,expansion_200,2,20250729,26,2025/sample_300/html/raw/0000927628/0000927628-26-000024.html
161,S2025-161,S2025-161,IVZ,IVZ,Invesco,Invesco,cik:0000914208,0000914208,Financials,Asset Management & Custody Banks,0000914208-26-000079,ivz-20251231.htm,10-K,2026-02-24,2025-12-31,2025,https://www.sec.gov/Archives/edgar/data/914208/000091420826000079/ivz-20251231.htm,2025/pilot_100/sample/pilot_sampling_frame.csv,expansion_200,2,20250729,27,2025/sample_300/html/raw/0000914208/0000914208-26-000079.html
162,S2025-162,S2025-162,USB,USB,U.S. Bancorp,U.S. Bancorp,cik:0000036104,0000036104,Financials,Diversified Banks,0000036104-26-000011,usb-20251231.htm,10-K,2026-02-23,2025-12-31,2025,https://www.sec.gov/Archives/edgar/data/36104/000003610426000011/usb-20251231.htm,2025/pilot_100/sample/pilot_sampling_frame.csv,expansion_200,2,20250729,28,2025/sample_300/html/raw/0000036104/0000036104-26-000011.html
163,S2025-163,S2025-163,HIG,HIG,Hartford (The),Hartford (The),cik:0000874766,0000874766,Financials,Property & Casualty Insurance,0000874766-26-000012,hig-20251231.htm,10-K,2026-02-20,2025-12-31,2025,https://www.sec.gov/Archives/edgar/data/874766/000087476626000012/hig-20251231.htm,2025/pilot_100/sample/pilot_sampling_frame.csv,expansion_200,2,20250729,29,2025/sample_300/html/raw/0000874766/0000874766-26-000012.html
164,S2025-164,S2025-164,MET,MET,MetLife,MetLife,cik:0001099219,0001099219,Financials,Life & Health Insurance,0001099219-26-000013,met-20251231.htm,10-K,2026-02-19,2025-12-31,2025,https://www.sec.gov/Archives/edgar/data/1099219/000109921926000013/met-20251231.htm,2025/pilot_100/sample/pilot_sampling_frame.csv,expansion_200,2,20250729,30,2025/sample_300/html/raw/0001099219/0001099219-26-000013.html
165,S2025-165,S2025-165,SPGI,SPGI,S&P Global,S&P Global,cik:0000064040,0000064040,Financials,Financial Exchanges & Data,0000064040-26-000013,spgi-20251231.htm,10-K,2026-02-11,2025-12-31,2025,https://www.sec.gov/Archives/edgar/data/64040/000006404026000013/spgi-20251231.htm,2025/pilot_100/sample/pilot_sampling_frame.csv,expansion_200,2,20250729,31,2025/sample_300/html/raw/0000064040/0000064040-26-000013.html
166,S2025-166,S2025-166,SCHW,SCHW,Charles Schwab Corporation,Charles Schwab Corporation,cik:0000316709,0000316709,Financials,Investment Banking & Brokerage,0000316709-26-000009,schw-20251231.htm,10-K,2026-02-25,2025-12-31,2025,https://www.sec.gov/Archives/edgar/data/316709/000031670926000009/schw-20251231.htm,2025/pilot_100/sample/pilot_sampling_frame.csv,expansion_200,2,20250729,32,2025/sample_300/html/raw/0000316709/0000316709-26-000009.html
167,S2025-167,S2025-167,ALL,ALL,Allstate,Allstate,cik:0000899051,0000899051,Financials,Property & Casualty Insurance,0000899051-26-000031,all-20251231.htm,10-K,2026-02-20,2025-12-31,2025,https://www.sec.gov/Archives/edgar/data/899051/000089905126000031/all-20251231.htm,2025/pilot_100/sample/pilot_sampling_frame.csv,expansion_200,2,20250729,33,2025/sample_300/html/raw/0000899051/0000899051-26-000031.html
168,S2025-168,S2025-168,NTRS,NTRS,Northern Trust,Northern Trust,cik:0000073124,0000073124,Financials,Asset Management & Custody Banks,0000073124-26-000016,ntrs-20251231.htm,10-K,2026-02-24,2025-12-31,2025,https://www.sec.gov/Archives/edgar/data/73124/000007312426000016/ntrs-20251231.htm,2025/pilot_100/sample/pilot_sampling_frame.csv,expansion_200,2,20250729,34,2025/sample_300/html/raw/0000073124/0000073124-26-000016.html
169,S2025-169,S2025-169,C,C,Citigroup,Citigroup,cik:0000831001,0000831001,Financials,Diversified Banks,0000831001-26-000011,c-20251231.htm,10-K,2026-02-20,2025-12-31,2025,https://www.sec.gov/Archives/edgar/data/831001/000083100126000011/c-20251231.htm,2025/pilot_100/sample/pilot_sampling_frame.csv,expansion_200,2,20250729,35,2025/sample_300/html/raw/0000831001/0000831001-26-000011.html
170,S2025-170,S2025-170,CBOE,CBOE,Cboe Global Markets,Cboe Global Markets,cik:0001374310,0001374310,Financials,Financial Exchanges & Data,0001628280-26-010013,cboe-20251231.htm,10-K,2026-02-20,2025-12-31,2025,https://www.sec.gov/Archives/edgar/data/1374310/000162828026010013/cboe-20251231.htm,2025/pilot_100/sample/pilot_sampling_frame.csv,expansion_200,2,20250729,36,2025/sample_300/html/raw/0001374310/0001628280-26-010013.html
171,S2025-171,S2025-171,ARES,ARES,Ares Management,Ares Management,cik:0001176948,0001176948,Financials,Asset Management & Custody Banks,0001628280-26-011413,ares-20251231.htm,10-K,2026-02-25,2025-12-31,2025,https://www.sec.gov/Archives/edgar/data/1176948/000162828026011413/ares-20251231.htm,2025/pilot_100/sample/pilot_sampling_frame.csv,expansion_200,2,20250729,37,2025/sample_300/html/raw/0001176948/0001628280-26-011413.html
172,S2025-172,S2025-172,COIN,COIN,Coinbase,Coinbase,cik:0001679788,0001679788,Financials,Financial Exchanges & Data,0001679788-26-000015,coin-20251231.htm,10-K,2026-02-12,2025-12-31,2025,https://www.sec.gov/Archives/edgar/data/1679788/000167978826000015/coin-20251231.htm,2025/pilot_100/sample/pilot_sampling_frame.csv,expansion_200,2,20250729,38,2025/sample_300/html/raw/0001679788/0001679788-26-000015.html
173,S2025-173,S2025-173,TRV,TRV,Travelers Companies (The),Travelers Companies (The),cik:0000086312,0000086312,Financials,Property & Casualty Insurance,0000086312-26-000065,trv-20251231.htm,10-K,2026-02-12,2025-12-31,2025,https://www.sec.gov/Archives/edgar/data/86312/000008631226000065/trv-20251231.htm,2025/pilot_100/sample/pilot_sampling_frame.csv,expansion_200,2,20250729,39,2025/sample_300/html/raw/0000086312/0000086312-26-000065.html
174,S2025-174,S2025-174,GPN,GPN,Global Payments,Global Payments,cik:0001123360,0001123360,Financials,Transaction & Payment Processing Services,0001123360-26-000008,gpn-20251231.htm,10-K,2026-02-20,2025-12-31,2025,https://www.sec.gov/Archives/edgar/data/1123360/000112336026000008/gpn-20251231.htm,2025/pilot_100/sample/pilot_sampling_frame.csv,expansion_200,2,20250729,40,2025/sample_300/html/raw/0001123360/0001123360-26-000008.html
175,S2025-175,S2025-175,FISV,FISV,Fiserv,Fiserv,cik:0000798354,0000798354,Financials,Transaction & Payment Processing Services,0000798354-26-000009,fi-20251231.htm,10-K,2026-02-19,2025-12-31,2025,https://www.sec.gov/Archives/edgar/data/798354/000079835426000009/fi-20251231.htm,2025/pilot_100/sample/pilot_sampling_frame.csv,expansion_200,2,20250729,41,2025/sample_300/html/raw/0000798354/0000798354-26-000009.html
176,S2025-176,S2025-176,KEY,KEY,KeyCorp,KeyCorp,cik:0000091576,0000091576,Financials,Regional Banks,0001628280-26-010546,key-20251231.htm,10-K,2026-02-23,2025-12-31,2025,https://www.sec.gov/Archives/edgar/data/91576/000162828026010546/key-20251231.htm,2025/pilot_100/sample/pilot_sampling_frame.csv,expansion_200,2,20250729,42,2025/sample_300/html/raw/0000091576/0001628280-26-010546.html
177,S2025-177,S2025-177,GL,GL,Globe Life,Globe Life,cik:0000320335,0000320335,Financials,Life & Health Insurance,0000320335-26-000090,gl-20251231.htm,10-K,2026-02-25,2025-12-31,2025,https://www.sec.gov/Archives/edgar/data/320335/000032033526000090/gl-20251231.htm,2025/pilot_100/sample/pilot_sampling_frame.csv,expansion_200,2,20250729,43,2025/sample_300/html/raw/0000320335/0000320335-26-000090.html
178,S2025-178,S2025-178,CPAY,CPAY,Corpay,Corpay,cik:0001175454,0001175454,Financials,Transaction & Payment Processing Services,0001175454-26-000018,flt-20251231.htm,10-K,2026-02-27,2025-12-31,2025,https://www.sec.gov/Archives/edgar/data/1175454/000117545426000018/flt-20251231.htm,2025/pilot_100/sample/pilot_sampling_frame.csv,expansion_200,2,20250729,44,2025/sample_300/html/raw/0001175454/0001175454-26-000018.html
179,S2025-179,S2025-179,BRO,BRO,Brown & Brown,Brown & Brown,cik:0000079282,0000079282,Financials,Insurance Brokers,0001193125-26-046984,bro-20251231.htm,10-K,2026-02-12,2025-12-31,2025,https://www.sec.gov/Archives/edgar/data/79282/000119312526046984/bro-20251231.htm,2025/pilot_100/sample/pilot_sampling_frame.csv,expansion_200,2,20250729,45,2025/sample_300/html/raw/0000079282/0001193125-26-046984.html
180,S2025-180,S2025-180,WRB,WRB,W. R. Berkley Corporation,W. R. Berkley Corporation,cik:0000011544,0000011544,Financials,Property & Casualty Insurance,0000011544-26-000005,wrb-20251231.htm,10-K,2026-02-27,2025-12-31,2025,https://www.sec.gov/Archives/edgar/data/11544/000001154426000005/wrb-20251231.htm,2025/pilot_100/sample/pilot_sampling_frame.csv,expansion_200,2,20250729,46,2025/sample_300/html/raw/0000011544/0000011544-26-000005.html
181,S2025-181,S2025-181,LLY,LLY,Lilly (Eli),Lilly (Eli),cik:0000059478,0000059478,Health Care,Pharmaceuticals,0000059478-26-000013,lly-20251231.htm,10-K,2026-02-12,2025-12-31,2025,https://www.sec.gov/Archives/edgar/data/59478/000005947826000013/lly-20251231.htm,2025/pilot_100/sample/pilot_sampling_frame.csv,expansion_200,2,20250729,13,2025/sample_300/html/raw/0000059478/0000059478-26-000013.html
182,S2025-182,S2025-182,PFE,PFE,Pfizer,Pfizer,cik:0000078003,0000078003,Health Care,Pharmaceuticals,0000078003-26-000026,pfe-20251231.htm,10-K,2026-02-26,2025-12-31,2025,https://www.sec.gov/Archives/edgar/data/78003/000007800326000026/pfe-20251231.htm,2025/pilot_100/sample/pilot_sampling_frame.csv,expansion_200,2,20250729,14,2025/sample_300/html/raw/0000078003/0000078003-26-000026.html
183,S2025-183,S2025-183,PODD,PODD,Insulet Corporation,Insulet Corporation,cik:0001145197,0001145197,Health Care,Health Care Equipment,0001145197-26-000028,podd-20251231.htm,10-K,2026-02-18,2025-12-31,2025,https://www.sec.gov/Archives/edgar/data/1145197/000114519726000028/podd-20251231.htm,2025/pilot_100/sample/pilot_sampling_frame.csv,expansion_200,2,20250729,15,2025/sample_300/html/raw/0001145197/0001145197-26-000028.html
184,S2025-184,S2025-184,DVA,DVA,DaVita,DaVita,cik:0000927066,0000927066,Health Care,Health Care Services,0000927066-26-000012,dva-20251231.htm,10-K,2026-02-11,2025-12-31,2025,https://www.sec.gov/Archives/edgar/data/927066/000092706626000012/dva-20251231.htm,2025/pilot_100/sample/pilot_sampling_frame.csv,expansion_200,2,20250729,16,2025/sample_300/html/raw/0000927066/0000927066-26-000012.html
185,S2025-185,S2025-185,RVTY,RVTY,Revvity,Revvity,cik:0000031791,0000031791,Health Care,Health Care Equipment,0000031791-26-000012,revv-20251228.htm,10-K,2026-02-24,2025-12-28,2025,https://www.sec.gov/Archives/edgar/data/31791/000003179126000012/revv-20251228.htm,2025/pilot_100/sample/pilot_sampling_frame.csv,expansion_200,2,20250729,17,2025/sample_300/html/raw/0000031791/0000031791-26-000012.html
186,S2025-186,S2025-186,CRL,CRL,Charles River Laboratories,Charles River Laboratories,cik:0001100682,0001100682,Health Care,Life Sciences Tools & Services,0001100682-26-000022,crl-20251227.htm,10-K,2026-02-18,2025-12-27,2025,https://www.sec.gov/Archives/edgar/data/1100682/000110068226000022/crl-20251227.htm,2025/pilot_100/sample/pilot_sampling_frame.csv,expansion_200,2,20250729,18,2025/sample_300/html/raw/0001100682/0001100682-26-000022.html
187,S2025-187,S2025-187,DGX,DGX,Quest Diagnostics,Quest Diagnostics,cik:0001022079,0001022079,Health Care,Health Care Services,0001022079-26-000015,dgx-20251231.htm,10-K,2026-02-26,2025-12-31,2025,https://www.sec.gov/Archives/edgar/data/1022079/000102207926000015/dgx-20251231.htm,2025/pilot_100/sample/pilot_sampling_frame.csv,expansion_200,2,20250729,19,2025/sample_300/html/raw/0001022079/0001022079-26-000015.html
188,S2025-188,S2025-188,CVS,CVS,CVS Health,CVS Health,cik:0000064803,0000064803,Health Care,Health Care Services,0000064803-26-000010,cvs-20251231.htm,10-K,2026-02-10,2025-12-31,2025,https://www.sec.gov/Archives/edgar/data/64803/000006480326000010/cvs-20251231.htm,2025/pilot_100/sample/pilot_sampling_frame.csv,expansion_200,2,20250729,20,2025/sample_300/html/raw/0000064803/0000064803-26-000010.html
189,S2025-189,S2025-189,EW,EW,Edwards Lifesciences,Edwards Lifesciences,cik:0001099800,0001099800,Health Care,Health Care Equipment,0001099800-26-000009,ew-20251231.htm,10-K,2026-02-25,2025-12-31,2025,https://www.sec.gov/Archives/edgar/data/1099800/000109980026000009/ew-20251231.htm,2025/pilot_100/sample/pilot_sampling_frame.csv,expansion_200,2,20250729,21,2025/sample_300/html/raw/0001099800/0001099800-26-000009.html
190,S2025-190,S2025-190,WST,WST,West Pharmaceutical Services,West Pharmaceutical Services,cik:0000105770,0000105770,Health Care,Health Care Supplies,0000105770-26-000010,wst-20251231.htm,10-K,2026-02-17,2025-12-31,2025,https://www.sec.gov/Archives/edgar/data/105770/000010577026000010/wst-20251231.htm,2025/pilot_100/sample/pilot_sampling_frame.csv,expansion_200,2,20250729,22,2025/sample_300/html/raw/0000105770/0000105770-26-000010.html
191,S2025-191,S2025-191,VRTX,VRTX,Vertex Pharmaceuticals,Vertex Pharmaceuticals,cik:0000875320,0000875320,Health Care,Biotechnology,0000875320-26-000056,vrtx-20251231.htm,10-K,2026-02-13,2025-12-31,2025,https://www.sec.gov/Archives/edgar/data/875320/000087532026000056/vrtx-20251231.htm,2025/pilot_100/sample/pilot_sampling_frame.csv,expansion_200,2,20250729,23,2025/sample_300/html/raw/0000875320/0000875320-26-000056.html
192,S2025-192,S2025-192,ABBV,ABBV,AbbVie,AbbVie,cik:0001551152,0001551152,Health Care,Biotechnology,0001551152-26-000008,abbv-20251231.htm,10-K,2026-02-20,2025-12-31,2025,https://www.sec.gov/Archives/edgar/data/1551152/000155115226000008/abbv-20251231.htm,2025/pilot_100/sample/pilot_sampling_frame.csv,expansion_200,2,20250729,24,2025/sample_300/html/raw/0001551152/0001551152-26-000008.html
193,S2025-193,S2025-193,BMY,BMY,Bristol Myers Squibb,Bristol Myers Squibb,cik:0000014272,0000014272,Health Care,Pharmaceuticals,0000014272-26-000004,bmy-20251231.htm,10-K,2026-02-11,2025-12-31,2025,https://www.sec.gov/Archives/edgar/data/14272/000001427226000004/bmy-20251231.htm,2025/pilot_100/sample/pilot_sampling_frame.csv,expansion_200,2,20250729,25,2025/sample_300/html/raw/0000014272/0000014272-26-000004.html
194,S2025-194,S2025-194,BSX,BSX,Boston Scientific,Boston Scientific,cik:0000885725,0000885725,Health Care,Health Care Equipment,0000885725-26-000010,bsx-20251231.htm,10-K,2026-02-17,2025-12-31,2025,https://www.sec.gov/Archives/edgar/data/885725/000088572526000010/bsx-20251231.htm,2025/pilot_100/sample/pilot_sampling_frame.csv,expansion_200,2,20250729,26,2025/sample_300/html/raw/0000885725/0000885725-26-000010.html
195,S2025-195,S2025-195,SOLV,SOLV,Solventum,Solventum,cik:0001964738,0001964738,Health Care,Health Care Technology,0001964738-26-000007,solv-20251231.htm,10-K,2026-02-27,2025-12-31,2025,https://www.sec.gov/Archives/edgar/data/1964738/000196473826000007/solv-20251231.htm,2025/pilot_100/sample/pilot_sampling_frame.csv,expansion_200,2,20250729,27,2025/sample_300/html/raw/0001964738/0001964738-26-000007.html
196,S2025-196,S2025-196,MRNA,MRNA,Moderna,Moderna,cik:0001682852,0001682852,Health Care,Biotechnology,0001682852-26-000033,mrna-20251231.htm,10-K,2026-02-20,2025-12-31,2025,https://www.sec.gov/Archives/edgar/data/1682852/000168285226000033/mrna-20251231.htm,2025/pilot_100/sample/pilot_sampling_frame.csv,expansion_200,2,20250729,28,2025/sample_300/html/raw/0001682852/0001682852-26-000033.html
197,S2025-197,S2025-197,ELV,ELV,Elevance Health,Elevance Health,cik:0001156039,0001156039,Health Care,Managed Health Care,0001156039-26-000013,elv-20251231.htm,10-K,2026-02-06,2025-12-31,2025,https://www.sec.gov/Archives/edgar/data/1156039/000115603926000013/elv-20251231.htm,2025/pilot_100/sample/pilot_sampling_frame.csv,expansion_200,2,20250729,29,2025/sample_300/html/raw/0001156039/0001156039-26-000013.html
198,S2025-198,S2025-198,MTD,MTD,Mettler Toledo,Mettler Toledo,cik:0001037646,0001037646,Health Care,Life Sciences Tools & Services,0001037646-26-000011,mtd-20251231.htm,10-K,2026-02-06,2025-12-31,2025,https://www.sec.gov/Archives/edgar/data/1037646/000103764626000011/mtd-20251231.htm,2025/pilot_100/sample/pilot_sampling_frame.csv,expansion_200,2,20250729,30,2025/sample_300/html/raw/0001037646/0001037646-26-000011.html
199,S2025-199,S2025-199,ZBH,ZBH,Zimmer Biomet,Zimmer Biomet,cik:0001136869,0001136869,Health Care,Health Care Equipment,0001193125-26-059853,zbh-20251231.htm,10-K,2026-02-20,2025-12-31,2025,https://www.sec.gov/Archives/edgar/data/1136869/000119312526059853/zbh-20251231.htm,2025/pilot_100/sample/pilot_sampling_frame.csv,expansion_200,2,20250729,31,2025/sample_300/html/raw/0001136869/0001193125-26-059853.html
200,S2025-200,S2025-200,LH,LH,Labcorp,Labcorp,cik:0000920148,0000920148,Health Care,Health Care Services,0000920148-26-000111,lh-20251231.htm,10-K,2026-02-24,2025-12-31,2025,https://www.sec.gov/Archives/edgar/data/920148/000092014826000111/lh-20251231.htm,2025/pilot_100/sample/pilot_sampling_frame.csv,expansion_200,2,20250729,32,2025/sample_300/html/raw/0000920148/0000920148-26-000111.html
201,S2025-201,S2025-201,A,A,Agilent Technologies,Agilent Technologies,cik:0001090872,0001090872,Health Care,Life Sciences Tools & Services,0001090872-25-000087,a-20251031.htm,10-K,2025-12-22,2025-10-31,2025,https://www.sec.gov/Archives/edgar/data/1090872/000109087225000087/a-20251031.htm,2025/pilot_100/sample/pilot_sampling_frame.csv,expansion_200,3,20250729,33,2025/sample_300/html/raw/0001090872/0001090872-25-000087.html
202,S2025-202,S2025-202,MCK,MCK,McKesson Corporation,McKesson Corporation,cik:0000927653,0000927653,Health Care,Health Care Distributors,0000927653-25-000036,mck-20250331.htm,10-K,2025-05-09,2025-03-31,2025,https://www.sec.gov/Archives/edgar/data/927653/000092765325000036/mck-20250331.htm,2025/pilot_100/sample/pilot_sampling_frame.csv,expansion_200,3,20250729,34,2025/sample_300/html/raw/0000927653/0000927653-25-000036.html
203,S2025-203,S2025-203,ABT,ABT,Abbott Laboratories,Abbott Laboratories,cik:0000001800,0000001800,Health Care,Health Care Equipment,0001628280-26-010185,abt-20251231.htm,10-K,2026-02-20,2025-12-31,2025,https://www.sec.gov/Archives/edgar/data/1800/000162828026010185/abt-20251231.htm,2025/pilot_100/sample/pilot_sampling_frame.csv,expansion_200,3,20250729,35,2025/sample_300/html/raw/0000001800/0001628280-26-010185.html
204,S2025-204,S2025-204,AMGN,AMGN,Amgen,Amgen,cik:0000318154,0000318154,Health Care,Biotechnology,0000318154-26-000010,amgn-20251231.htm,10-K,2026-02-13,2025-12-31,2025,https://www.sec.gov/Archives/edgar/data/318154/000031815426000010/amgn-20251231.htm,2025/pilot_100/sample/pilot_sampling_frame.csv,expansion_200,3,20250729,36,2025/sample_300/html/raw/0000318154/0000318154-26-000010.html
205,S2025-205,S2025-205,CTAS,CTAS,Cintas,Cintas,cik:0000723254,0000723254,Industrials,Diversified Support Services,0000723254-25-000017,ctas-20250531.htm,10-K,2025-07-28,2025-05-31,2025,https://www.sec.gov/Archives/edgar/data/723254/000072325425000017/ctas-20250531.htm,2025/pilot_100/sample/pilot_sampling_frame.csv,expansion_200,3,20250729,18,2025/sample_300/html/raw/0000723254/0000723254-25-000017.html
206,S2025-206,S2025-206,LHX,LHX,L3Harris,L3Harris,cik:0000202058,0000202058,Industrials,Aerospace & Defense,0000202058-25-000023,hrs-20250103.htm,10-K,2025-02-14,2025-01-03,2025,https://www.sec.gov/Archives/edgar/data/202058/000020205825000023/hrs-20250103.htm,2025/pilot_100/sample/pilot_sampling_frame.csv,expansion_200,3,20250729,19,2025/sample_300/html/raw/0000202058/0000202058-25-000023.html
207,S2025-207,S2025-207,PWR,PWR,Quanta Services,Quanta Services,cik:0001050915,0001050915,Industrials,Construction & Engineering,0001050915-26-000006,pwr-20251231.htm,10-K,2026-02-19,2025-12-31,2025,https://www.sec.gov/Archives/edgar/data/1050915/000105091526000006/pwr-20251231.htm,2025/pilot_100/sample/pilot_sampling_frame.csv,expansion_200,3,20250729,21,2025/sample_300/html/raw/0001050915/0001050915-26-000006.html
208,S2025-208,S2025-208,UNP,UNP,Union Pacific Corporation,Union Pacific Corporation,cik:0000100885,0000100885,Industrials,Rail Transportation,0000100885-26-000037,unp-20251231.htm,10-K,2026-02-06,2025-12-31,2025,https://www.sec.gov/Archives/edgar/data/100885/000010088526000037/unp-20251231.htm,2025/pilot_100/sample/pilot_sampling_frame.csv,expansion_200,3,20250729,22,2025/sample_300/html/raw/0000100885/0000100885-26-000037.html
209,S2025-209,S2025-209,WM,WM,Waste Management,Waste Management,cik:0000823768,0000823768,Industrials,Environmental & Facilities Services,0001104659-26-012049,wm-20251231x10k.htm,10-K,2026-02-09,2025-12-31,2025,https://www.sec.gov/Archives/edgar/data/823768/000110465926012049/wm-20251231x10k.htm,2025/pilot_100/sample/pilot_sampling_frame.csv,expansion_200,3,20250729,23,2025/sample_300/html/raw/0000823768/0001104659-26-012049.html
210,S2025-210,S2025-210,WAB,WAB,Wabtec,Wabtec,cik:0000943452,0000943452,Industrials,Construction Machinery & Heavy Transportation Equipment,0001628280-26-008067,wab-20251231.htm,10-K,2026-02-13,2025-12-31,2025,https://www.sec.gov/Archives/edgar/data/943452/000162828026008067/wab-20251231.htm,2025/pilot_100/sample/pilot_sampling_frame.csv,expansion_200,3,20250729,24,2025/sample_300/html/raw/0000943452/0001628280-26-008067.html
211,S2025-211,S2025-211,LII,LII,Lennox International,Lennox International,cik:0001069202,0001069202,Industrials,Building Products,0001069202-26-000028,lii-20251231.htm,10-K,2026-02-17,2025-12-31,2025,https://www.sec.gov/Archives/edgar/data/1069202/000106920226000028/lii-20251231.htm,2025/pilot_100/sample/pilot_sampling_frame.csv,expansion_200,3,20250729,25,2025/sample_300/html/raw/0001069202/0001069202-26-000028.html
212,S2025-212,S2025-212,NDSN,NDSN,Nordson Corporation,Nordson Corporation,cik:0000072331,0000072331,Industrials,Industrial Machinery & Supplies & Components,0000072331-25-000144,ndsn-20251031.htm,10-K,2025-12-17,2025-10-31,2025,https://www.sec.gov/Archives/edgar/data/72331/000007233125000144/ndsn-20251031.htm,2025/pilot_100/sample/pilot_sampling_frame.csv,expansion_200,3,20250729,26,2025/sample_300/html/raw/0000072331/0000072331-25-000144.html
213,S2025-213,S2025-213,CHRW,CHRW,C.H. Robinson,C.H. Robinson,cik:0001043277,0001043277,Industrials,Air Freight & Logistics,0001043277-26-000009,chrw-20251231.htm,10-K,2026-02-13,2025-12-31,2025,https://www.sec.gov/Archives/edgar/data/1043277/000104327726000009/chrw-20251231.htm,2025/pilot_100/sample/pilot_sampling_frame.csv,expansion_200,3,20250729,27,2025/sample_300/html/raw/0001043277/0001043277-26-000009.html
214,S2025-214,S2025-214,GWW,GWW,W. W. Grainger,W. W. Grainger,cik:0000277135,0000277135,Industrials,Industrial Machinery & Supplies & Components,0000277135-26-000011,gww-20251231.htm,10-K,2026-02-19,2025-12-31,2025,https://www.sec.gov/Archives/edgar/data/277135/000027713526000011/gww-20251231.htm,2025/pilot_100/sample/pilot_sampling_frame.csv,expansion_200,3,20250729,28,2025/sample_300/html/raw/0000277135/0000277135-26-000011.html
215,S2025-215,S2025-215,HON,HON,Honeywell Technologies,Honeywell Technologies,cik:0000773840,0000773840,Industrials,Industrial Conglomerates,0000773840-26-000013,hon-20251231.htm,10-K,2026-02-17,2025-12-31,2025,https://www.sec.gov/Archives/edgar/data/773840/000077384026000013/hon-20251231.htm,2025/pilot_100/sample/pilot_sampling_frame.csv,expansion_200,3,20250729,29,2025/sample_300/html/raw/0000773840/0000773840-26-000013.html
216,S2025-216,S2025-216,HII,HII,Huntington Ingalls Industries,Huntington Ingalls Industries,cik:0001501585,0001501585,Industrials,Aerospace & Defense,0001501585-26-000006,hii-20251231.htm,10-K,2026-02-05,2025-12-31,2025,https://www.sec.gov/Archives/edgar/data/1501585/000150158526000006/hii-20251231.htm,2025/pilot_100/sample/pilot_sampling_frame.csv,expansion_200,3,20250729,30,2025/sample_300/html/raw/0001501585/0001501585-26-000006.html
217,S2025-217,S2025-217,CARR,CARR,Carrier Global,Carrier Global,cik:0001783180,0001783180,Industrials,Building Products,0001783180-26-000008,carr-20251231.htm,10-K,2026-02-05,2025-12-31,2025,https://www.sec.gov/Archives/edgar/data/1783180/000178318026000008/carr-20251231.htm,2025/pilot_100/sample/pilot_sampling_frame.csv,expansion_200,3,20250729,31,2025/sample_300/html/raw/0001783180/0001783180-26-000008.html
218,S2025-218,S2025-218,NOC,NOC,Northrop Grumman,Northrop Grumman,cik:0001133421,0001133421,Industrials,Aerospace & Defense,0001133421-26-000003,noc-20251231.htm,10-K,2026-01-27,2025-12-31,2025,https://www.sec.gov/Archives/edgar/data/1133421/000113342126000003/noc-20251231.htm,2025/pilot_100/sample/pilot_sampling_frame.csv,expansion_200,3,20250729,32,2025/sample_300/html/raw/0001133421/0001133421-26-000003.html
219,S2025-219,S2025-219,EXPD,EXPD,Expeditors International,Expeditors International,cik:0000746515,0000746515,Industrials,Air Freight & Logistics,0001193125-26-071569,expd-20251231.htm,10-K,2026-02-25,2025-12-31,2025,https://www.sec.gov/Archives/edgar/data/746515/000119312526071569/expd-20251231.htm,2025/pilot_100/sample/pilot_sampling_frame.csv,expansion_200,3,20250729,33,2025/sample_300/html/raw/0000746515/0001193125-26-071569.html
220,S2025-220,S2025-220,RTX,RTX,RTX Corporation,RTX Corporation,cik:0000101829,0000101829,Industrials,Aerospace & Defense,0000101829-26-000006,rtx-20251231.htm,10-K,2026-02-06,2025-12-31,2025,https://www.sec.gov/Archives/edgar/data/101829/000010182926000006/rtx-20251231.htm,2025/pilot_100/sample/pilot_sampling_frame.csv,expansion_200,3,20250729,34,2025/sample_300/html/raw/0000101829/0000101829-26-000006.html
221,S2025-221,S2025-221,TT,TT,Trane Technologies,Trane Technologies,cik:0001466258,0001466258,Industrials,Building Products,0001628280-26-005731,tt-20251231.htm,10-K,2026-02-05,2025-12-31,2025,https://www.sec.gov/Archives/edgar/data/1466258/000162828026005731/tt-20251231.htm,2025/pilot_100/sample/pilot_sampling_frame.csv,expansion_200,3,20250729,35,2025/sample_300/html/raw/0001466258/0001628280-26-005731.html
222,S2025-222,S2025-222,VRSK,VRSK,Verisk Analytics,Verisk Analytics,cik:0001442145,0001442145,Industrials,Research & Consulting Services,0001437749-26-004452,vrsk20251231_10k.htm,10-K,2026-02-18,2025-12-31,2025,https://www.sec.gov/Archives/edgar/data/1442145/000143774926004452/vrsk20251231_10k.htm,2025/pilot_100/sample/pilot_sampling_frame.csv,expansion_200,3,20250729,36,2025/sample_300/html/raw/0001442145/0001437749-26-004452.html
223,S2025-223,S2025-223,VLTO,VLTO,Veralto,Veralto,cik:0001967680,0001967680,Industrials,Environmental & Facilities Services,0001967680-26-000011,vlto-20251231.htm,10-K,2026-02-20,2025-12-31,2025,https://www.sec.gov/Archives/edgar/data/1967680/000196768026000011/vlto-20251231.htm,2025/pilot_100/sample/pilot_sampling_frame.csv,expansion_200,3,20250729,37,2025/sample_300/html/raw/0001967680/0001967680-26-000011.html
224,S2025-224,S2025-224,DAL,DAL,Delta Air Lines,Delta Air Lines,cik:0000027904,0000027904,Industrials,Passenger Airlines,0000027904-26-000013,dal-20251231.htm,10-K,2026-02-11,2025-12-31,2025,https://www.sec.gov/Archives/edgar/data/27904/000002790426000013/dal-20251231.htm,2025/pilot_100/sample/pilot_sampling_frame.csv,expansion_200,3,20250729,38,2025/sample_300/html/raw/0000027904/0000027904-26-000013.html
225,S2025-225,S2025-225,ROL,ROL,"Rollins, Inc.","Rollins, Inc.",cik:0000084839,0000084839,Industrials,Environmental & Facilities Services,0000084839-26-000008,rol-20251231.htm,10-K,2026-02-12,2025-12-31,2025,https://www.sec.gov/Archives/edgar/data/84839/000008483926000008/rol-20251231.htm,2025/pilot_100/sample/pilot_sampling_frame.csv,expansion_200,3,20250729,39,2025/sample_300/html/raw/0000084839/0000084839-26-000008.html
226,S2025-226,S2025-226,JCI,JCI,Johnson Controls,Johnson Controls,cik:0000833444,0000833444,Industrials,Building Products,0000833444-25-000097,jci-20250930.htm,10-K,2025-11-14,2025-09-30,2025,https://www.sec.gov/Archives/edgar/data/833444/000083344425000097/jci-20250930.htm,2025/pilot_100/sample/pilot_sampling_frame.csv,expansion_200,3,20250729,40,2025/sample_300/html/raw/0000833444/0000833444-25-000097.html
227,S2025-227,S2025-227,ODFL,ODFL,Old Dominion,Old Dominion,cik:0000878927,0000878927,Industrials,Cargo Ground Transportation,0001193125-26-067161,odfl-20251231.htm,10-K,2026-02-24,2025-12-31,2025,https://www.sec.gov/Archives/edgar/data/878927/000119312526067161/odfl-20251231.htm,2025/pilot_100/sample/pilot_sampling_frame.csv,expansion_200,3,20250729,41,2025/sample_300/html/raw/0000878927/0001193125-26-067161.html
228,S2025-228,S2025-228,ALLE,ALLE,Allegion,Allegion,cik:0001579241,0001579241,Industrials,Building Products,0001579241-26-000007,alle-20251231.htm,10-K,2026-02-17,2025-12-31,2025,https://www.sec.gov/Archives/edgar/data/1579241/000157924126000007/alle-20251231.htm,2025/pilot_100/sample/pilot_sampling_frame.csv,expansion_200,3,20250729,42,2025/sample_300/html/raw/0001579241/0001579241-26-000007.html
229,S2025-229,S2025-229,TDG,TDG,TransDigm Group,TransDigm Group,cik:0001260221,0001260221,Industrials,Aerospace & Defense,0001260221-25-000081,tdg-20250930.htm,10-K,2025-11-12,2025-09-30,2025,https://www.sec.gov/Archives/edgar/data/1260221/000126022125000081/tdg-20250930.htm,2025/pilot_100/sample/pilot_sampling_frame.csv,expansion_200,3,20250729,43,2025/sample_300/html/raw/0001260221/0001260221-25-000081.html
230,S2025-230,S2025-230,LDOS,LDOS,Leidos,Leidos,cik:0001336920,0001336920,Industrials,Diversified Support Services,0001336920-25-000006,ldos-20250103.htm,10-K,2025-02-11,2025-01-03,2025,https://www.sec.gov/Archives/edgar/data/1336920/000133692025000006/ldos-20250103.htm,2025/pilot_100/sample/pilot_sampling_frame.csv,expansion_200,3,20250729,44,2025/sample_300/html/raw/0001336920/0001336920-25-000006.html
231,S2025-231,S2025-231,CAT,CAT,Caterpillar Inc.,Caterpillar Inc.,cik:0000018230,0000018230,Industrials,Construction Machinery & Heavy Transportation Equipment,0000018230-26-000008,cat-20251231.htm,10-K,2026-02-13,2025-12-31,2025,https://www.sec.gov/Archives/edgar/data/18230/000001823026000008/cat-20251231.htm,2025/pilot_100/sample/pilot_sampling_frame.csv,expansion_200,3,20250729,45,2025/sample_300/html/raw/0000018230/0000018230-26-000008.html
232,S2025-232,S2025-232,UAL,UAL,United Airlines Holdings,United Airlines Holdings,cik:0000100517,0000100517,Industrials,Passenger Airlines,0000100517-26-000023,ual-20251231.htm,10-K,2026-02-12,2025-12-31,2025,https://www.sec.gov/Archives/edgar/data/100517/000010051726000023/ual-20251231.htm,2025/pilot_100/sample/pilot_sampling_frame.csv,expansion_200,3,20250729,46,2025/sample_300/html/raw/0000100517/0000100517-26-000023.html
233,S2025-233,S2025-233,CSX,CSX,CSX Corporation,CSX Corporation,cik:0000277948,0000277948,Industrials,Rail Transportation,0000277948-26-000006,csx-20251231.htm,10-K,2026-02-12,2025-12-31,2025,https://www.sec.gov/Archives/edgar/data/277948/000027794826000006/csx-20251231.htm,2025/pilot_100/sample/pilot_sampling_frame.csv,expansion_200,3,20250729,47,2025/sample_300/html/raw/0000277948/0000277948-26-000006.html
234,S2025-234,S2025-234,FAST,FAST,Fastenal,Fastenal,cik:0000815556,0000815556,Industrials,Trading Companies & Distributors,0000815556-26-000009,fast-20251231.htm,10-K,2026-02-05,2025-12-31,2025,https://www.sec.gov/Archives/edgar/data/815556/000081555626000009/fast-20251231.htm,2025/pilot_100/sample/pilot_sampling_frame.csv,expansion_200,3,20250729,48,2025/sample_300/html/raw/0000815556/0000815556-26-000009.html
235,S2025-235,S2025-235,FTV,FTV,Fortive,Fortive,cik:0001659166,0001659166,Industrials,Industrial Machinery & Supplies & Components,0001659166-26-000007,ftv-20251231.htm,10-K,2026-02-25,2025-12-31,2025,https://www.sec.gov/Archives/edgar/data/1659166/000165916626000007/ftv-20251231.htm,2025/pilot_100/sample/pilot_sampling_frame.csv,expansion_200,3,20250729,49,2025/sample_300/html/raw/0001659166/0001659166-26-000007.html
236,S2025-236,S2025-236,XYL,XYL,Xylem Inc.,Xylem Inc.,cik:0001524472,0001524472,Industrials,Industrial Machinery & Supplies & Components,0001524472-26-000012,xyl-20251231.htm,10-K,2026-02-25,2025-12-31,2025,https://www.sec.gov/Archives/edgar/data/1524472/000152447226000012/xyl-20251231.htm,2025/pilot_100/sample/pilot_sampling_frame.csv,expansion_200,3,20250729,50,2025/sample_300/html/raw/0001524472/0001524472-26-000012.html
237,S2025-237,S2025-237,GDDY,GDDY,GoDaddy,GoDaddy,cik:0001609711,0001609711,Information Technology,Internet Services & Infrastructure,0001609711-26-000010,gddy-20251231.htm,10-K,2026-02-25,2025-12-31,2025,https://www.sec.gov/Archives/edgar/data/1609711/000160971126000010/gddy-20251231.htm,2025/pilot_100/sample/pilot_sampling_frame.csv,expansion_200,3,20250729,15,2025/sample_300/html/raw/0001609711/0001609711-26-000010.html
238,S2025-238,S2025-238,FICO,FICO,Fair Isaac,Fair Isaac,cik:0000814547,0000814547,Information Technology,Application Software,0000814547-25-000030,fico-20250930.htm,10-K,2025-11-07,2025-09-30,2025,https://www.sec.gov/Archives/edgar/data/814547/000081454725000030/fico-20250930.htm,2025/pilot_100/sample/pilot_sampling_frame.csv,expansion_200,3,20250729,16,2025/sample_300/html/raw/0000814547/0000814547-25-000030.html
239,S2025-239,S2025-239,HPQ,HPQ,HP Inc.,HP Inc.,cik:0000047217,0000047217,Information Technology,"Technology Hardware, Storage & Peripherals",0000047217-25-000071,hpq-20251031.htm,10-K,2025-12-10,2025-10-31,2025,https://www.sec.gov/Archives/edgar/data/47217/000004721725000071/hpq-20251031.htm,2025/pilot_100/sample/pilot_sampling_frame.csv,expansion_200,3,20250729,17,2025/sample_300/html/raw/0000047217/0000047217-25-000071.html
240,S2025-240,S2025-240,FSLR,FSLR,First Solar,First Solar,cik:0001274494,0001274494,Information Technology,Semiconductors,0001274494-26-000021,fslr-20251231.htm,10-K,2026-02-24,2025-12-31,2025,https://www.sec.gov/Archives/edgar/data/1274494/000127449426000021/fslr-20251231.htm,2025/pilot_100/sample/pilot_sampling_frame.csv,expansion_200,3,20250729,18,2025/sample_300/html/raw/0001274494/0001274494-26-000021.html
241,S2025-241,S2025-241,WDC,WDC,Western Digital,Western Digital,cik:0000106040,0000106040,Information Technology,"Technology Hardware, Storage & Peripherals",0000106040-25-000038,wdc-20250627.htm,10-K,2025-08-14,2025-06-27,2025,https://www.sec.gov/Archives/edgar/data/106040/000010604025000038/wdc-20250627.htm,2025/pilot_100/sample/pilot_sampling_frame.csv,expansion_200,3,20250729,19,2025/sample_300/html/raw/0000106040/0000106040-25-000038.html
242,S2025-242,S2025-242,CDW,CDW,CDW Corporation,CDW Corporation,cik:0001402057,0001402057,Information Technology,Technology Distributors,0001402057-26-000011,cdw-20251231.htm,10-K,2026-02-20,2025-12-31,2025,https://www.sec.gov/Archives/edgar/data/1402057/000140205726000011/cdw-20251231.htm,2025/pilot_100/sample/pilot_sampling_frame.csv,expansion_200,3,20250729,20,2025/sample_300/html/raw/0001402057/0001402057-26-000011.html
243,S2025-243,S2025-243,AVGO,AVGO,Broadcom,Broadcom,cik:0001730168,0001730168,Information Technology,Semiconductors,0001730168-25-000121,avgo-20251102.htm,10-K,2025-12-18,2025-11-02,2025,https://www.sec.gov/Archives/edgar/data/1730168/000173016825000121/avgo-20251102.htm,2025/pilot_100/sample/pilot_sampling_frame.csv,expansion_200,3,20250729,21,2025/sample_300/html/raw/0001730168/0001730168-25-000121.html
244,S2025-244,S2025-244,TER,TER,Teradyne,Teradyne,cik:0000097210,0000097210,Information Technology,Semiconductor Materials & Equipment,0001193125-26-059002,ter-20251231.htm,10-K,2026-02-19,2025-12-31,2025,https://www.sec.gov/Archives/edgar/data/97210/000119312526059002/ter-20251231.htm,2025/pilot_100/sample/pilot_sampling_frame.csv,expansion_200,3,20250729,22,2025/sample_300/html/raw/0000097210/0001193125-26-059002.html
245,S2025-245,S2025-245,SNDK,SNDK,Sandisk,Sandisk,cik:0002023554,0002023554,Information Technology,"Technology Hardware, Storage & Peripherals",0002023554-25-000034,sndk-20250627.htm,10-K,2025-08-21,2025-06-27,2025,https://www.sec.gov/Archives/edgar/data/2023554/000202355425000034/sndk-20250627.htm,2025/pilot_100/sample/pilot_sampling_frame.csv,expansion_200,3,20250729,23,2025/sample_300/html/raw/0002023554/0002023554-25-000034.html
246,S2025-246,S2025-246,ORCL,ORCL,Oracle Corporation,Oracle Corporation,cik:0001341439,0001341439,Information Technology,Application Software,0000950170-25-087926,orcl-20250531.htm,10-K,2025-06-18,2025-05-31,2025,https://www.sec.gov/Archives/edgar/data/1341439/000095017025087926/orcl-20250531.htm,2025/pilot_100/sample/pilot_sampling_frame.csv,expansion_200,3,20250729,24,2025/sample_300/html/raw/0001341439/0000950170-25-087926.html
247,S2025-247,S2025-247,PANW,PANW,Palo Alto Networks,Palo Alto Networks,cik:0001327567,0001327567,Information Technology,Systems Software,0001327567-25-000027,panw-20250731.htm,10-K,2025-08-29,2025-07-31,2025,https://www.sec.gov/Archives/edgar/data/1327567/000132756725000027/panw-20250731.htm,2025/pilot_100/sample/pilot_sampling_frame.csv,expansion_200,3,20250729,25,2025/sample_300/html/raw/0001327567/0001327567-25-000027.html
248,S2025-248,S2025-248,PTC,PTC,PTC Inc.,PTC Inc.,cik:0000857005,0000857005,Information Technology,Application Software,0001193125-25-291326,ptc-20250930.htm,10-K,2025-11-21,2025-09-30,2025,https://www.sec.gov/Archives/edgar/data/857005/000119312525291326/ptc-20250930.htm,2025/pilot_100/sample/pilot_sampling_frame.csv,expansion_200,3,20250729,26,2025/sample_300/html/raw/0000857005/0001193125-25-291326.html
249,S2025-249,S2025-249,INTU,INTU,Intuit,Intuit,cik:0000896878,0000896878,Information Technology,Application Software,0000896878-25-000035,intu-20250731.htm,10-K,2025-09-03,2025-07-31,2025,https://www.sec.gov/Archives/edgar/data/896878/000089687825000035/intu-20250731.htm,2025/pilot_100/sample/pilot_sampling_frame.csv,expansion_200,3,20250729,27,2025/sample_300/html/raw/0000896878/0000896878-25-000035.html
250,S2025-250,S2025-250,TYL,TYL,Tyler Technologies,Tyler Technologies,cik:0000860731,0000860731,Information Technology,Application Software,0000860731-26-000016,tyl-20251231.htm,10-K,2026-02-18,2025-12-31,2025,https://www.sec.gov/Archives/edgar/data/860731/000086073126000016/tyl-20251231.htm,2025/pilot_100/sample/pilot_sampling_frame.csv,expansion_200,3,20250729,28,2025/sample_300/html/raw/0000860731/0000860731-26-000016.html
251,S2025-251,S2025-251,AAPL,AAPL,Apple Inc.,Apple Inc.,cik:0000320193,0000320193,Information Technology,"Technology Hardware, Storage & Peripherals",0000320193-25-000079,aapl-20250927.htm,10-K,2025-10-31,2025-09-27,2025,https://www.sec.gov/Archives/edgar/data/320193/000032019325000079/aapl-20250927.htm,2025/pilot_100/sample/pilot_sampling_frame.csv,expansion_200,3,20250729,29,2025/sample_300/html/raw/0000320193/0000320193-25-000079.html
252,S2025-252,S2025-252,ADI,ADI,Analog Devices,Analog Devices,cik:0000006281,0000006281,Information Technology,Semiconductors,0000006281-25-000153,adi-20251101.htm,10-K,2025-11-25,2025-11-01,2025,https://www.sec.gov/Archives/edgar/data/6281/000000628125000153/adi-20251101.htm,2025/pilot_100/sample/pilot_sampling_frame.csv,expansion_200,3,20250729,30,2025/sample_300/html/raw/0000006281/0000006281-25-000153.html
253,S2025-253,S2025-253,ANET,ANET,Arista Networks,Arista Networks,cik:0001596532,0001596532,Information Technology,Communications Equipment,0001596532-26-000013,anet-20251231.htm,10-K,2026-02-17,2025-12-31,2025,https://www.sec.gov/Archives/edgar/data/1596532/000159653226000013/anet-20251231.htm,2025/pilot_100/sample/pilot_sampling_frame.csv,expansion_200,3,20250729,31,2025/sample_300/html/raw/0001596532/0001596532-26-000013.html
254,S2025-254,S2025-254,AMAT,AMAT,Applied Materials,Applied Materials,cik:0000006951,0000006951,Information Technology,Semiconductor Materials & Equipment,0001628280-25-056742,amat-20251026.htm,10-K,2025-12-12,2025-10-26,2025,https://www.sec.gov/Archives/edgar/data/6951/000162828025056742/amat-20251026.htm,2025/pilot_100/sample/pilot_sampling_frame.csv,expansion_200,3,20250729,32,2025/sample_300/html/raw/0000006951/0001628280-25-056742.html
255,S2025-255,S2025-255,APP,APP,AppLovin,AppLovin,cik:0001751008,0001751008,Information Technology,Application Software,0001751008-26-000010,app-20251231.htm,10-K,2026-02-19,2025-12-31,2025,https://www.sec.gov/Archives/edgar/data/1751008/000175100826000010/app-20251231.htm,2025/pilot_100/sample/pilot_sampling_frame.csv,expansion_200,3,20250729,33,2025/sample_300/html/raw/0001751008/0001751008-26-000010.html
256,S2025-256,S2025-256,DELL,DELL,Dell Technologies,Dell Technologies,cik:0001571996,0001571996,Information Technology,"Technology Hardware, Storage & Peripherals",0001571996-25-000034,dell-20250131.htm,10-K,2025-03-25,2025-01-31,2025,https://www.sec.gov/Archives/edgar/data/1571996/000157199625000034/dell-20250131.htm,2025/pilot_100/sample/pilot_sampling_frame.csv,expansion_200,3,20250729,34,2025/sample_300/html/raw/0001571996/0001571996-25-000034.html
257,S2025-257,S2025-257,CTSH,CTSH,Cognizant,Cognizant,cik:0001058290,0001058290,Information Technology,IT Consulting & Other Services,0001058290-26-000008,ctsh-20251231.htm,10-K,2026-02-12,2025-12-31,2025,https://www.sec.gov/Archives/edgar/data/1058290/000105829026000008/ctsh-20251231.htm,2025/pilot_100/sample/pilot_sampling_frame.csv,expansion_200,3,20250729,35,2025/sample_300/html/raw/0001058290/0001058290-26-000008.html
258,S2025-258,S2025-258,MSFT,MSFT,Microsoft,Microsoft,cik:0000789019,0000789019,Information Technology,Systems Software,0000950170-25-100235,msft-20250630.htm,10-K,2025-07-30,2025-06-30,2025,https://www.sec.gov/Archives/edgar/data/789019/000095017025100235/msft-20250630.htm,2025/pilot_100/sample/pilot_sampling_frame.csv,expansion_200,3,20250729,36,2025/sample_300/html/raw/0000789019/0000950170-25-100235.html
259,S2025-259,S2025-259,MU,MU,Micron Technology,Micron Technology,cik:0000723125,0000723125,Information Technology,Semiconductors,0000723125-25-000028,mu-20250828.htm,10-K,2025-10-03,2025-08-28,2025,https://www.sec.gov/Archives/edgar/data/723125/000072312525000028/mu-20250828.htm,2025/pilot_100/sample/pilot_sampling_frame.csv,expansion_200,3,20250729,37,2025/sample_300/html/raw/0000723125/0000723125-25-000028.html
260,S2025-260,S2025-260,SMCI,SMCI,Supermicro,Supermicro,cik:0001375365,0001375365,Information Technology,"Technology Hardware, Storage & Peripherals",0001375365-25-000027,smci-20250630.htm,10-K,2025-08-28,2025-06-30,2025,https://www.sec.gov/Archives/edgar/data/1375365/000137536525000027/smci-20250630.htm,2025/pilot_100/sample/pilot_sampling_frame.csv,expansion_200,3,20250729,38,2025/sample_300/html/raw/0001375365/0001375365-25-000027.html
261,S2025-261,S2025-261,IT,IT,Gartner,Gartner,cik:0000749251,0000749251,Information Technology,IT Consulting & Other Services,0000749251-26-000112,it-20251231.htm,10-K,2026-02-12,2025-12-31,2025,https://www.sec.gov/Archives/edgar/data/749251/000074925126000112/it-20251231.htm,2025/pilot_100/sample/pilot_sampling_frame.csv,expansion_200,3,20250729,39,2025/sample_300/html/raw/0000749251/0000749251-26-000112.html
262,S2025-262,S2025-262,ZBRA,ZBRA,Zebra Technologies,Zebra Technologies,cik:0000877212,0000877212,Information Technology,Electronic Equipment & Instruments,0001628280-26-007668,zbra-20251231.htm,10-K,2026-02-12,2025-12-31,2025,https://www.sec.gov/Archives/edgar/data/877212/000162828026007668/zbra-20251231.htm,2025/pilot_100/sample/pilot_sampling_frame.csv,expansion_200,3,20250729,40,2025/sample_300/html/raw/0000877212/0001628280-26-007668.html
263,S2025-263,S2025-263,ROP,ROP,Roper Technologies,Roper Technologies,cik:0000882835,0000882835,Information Technology,Electronic Equipment & Instruments,0000882835-26-000009,rop-20251231.htm,10-K,2026-02-24,2025-12-31,2025,https://www.sec.gov/Archives/edgar/data/882835/000088283526000009/rop-20251231.htm,2025/pilot_100/sample/pilot_sampling_frame.csv,expansion_200,3,20250729,41,2025/sample_300/html/raw/0000882835/0000882835-26-000009.html
264,S2025-264,S2025-264,GLW,GLW,Corning Inc.,Corning Inc.,cik:0000024741,0000024741,Information Technology,Electronic Components,0000024741-26-000124,glw-20251231.htm,10-K,2026-02-12,2025-12-31,2025,https://www.sec.gov/Archives/edgar/data/24741/000002474126000124/glw-20251231.htm,2025/pilot_100/sample/pilot_sampling_frame.csv,expansion_200,3,20250729,42,2025/sample_300/html/raw/0000024741/0000024741-26-000124.html
265,S2025-265,S2025-265,NUE,NUE,Nucor,Nucor,cik:0000073309,0000073309,Materials,Steel,0001193125-26-071575,nue-20251231.htm,10-K,2026-02-25,2025-12-31,2025,https://www.sec.gov/Archives/edgar/data/73309/000119312526071575/nue-20251231.htm,2025/pilot_100/sample/pilot_sampling_frame.csv,expansion_200,3,20250729,6,2025/sample_300/html/raw/0000073309/0001193125-26-071575.html
266,S2025-266,S2025-266,ECL,ECL,Ecolab,Ecolab,cik:0000031462,0000031462,Materials,Specialty Chemicals,0001104659-26-018357,ecl-20251231x10k.htm,10-K,2026-02-23,2025-12-31,2025,https://www.sec.gov/Archives/edgar/data/31462/000110465926018357/ecl-20251231x10k.htm,2025/pilot_100/sample/pilot_sampling_frame.csv,expansion_200,3,20250729,7,2025/sample_300/html/raw/0000031462/0001104659-26-018357.html
267,S2025-267,S2025-267,MOS,MOS,Mosaic Company (The),Mosaic Company (The),cik:0001285785,0001285785,Materials,Fertilizers & Agricultural Chemicals,0001285785-26-000017,mos-20251231.htm,10-K,2026-02-27,2025-12-31,2025,https://www.sec.gov/Archives/edgar/data/1285785/000128578526000017/mos-20251231.htm,2025/pilot_100/sample/pilot_sampling_frame.csv,expansion_200,3,20250729,8,2025/sample_300/html/raw/0001285785/0001285785-26-000017.html
268,S2025-268,S2025-268,DD,DD,DuPont,DuPont,cik:0001666700,0001666700,Materials,Specialty Chemicals,0001666700-26-000013,dd-20251231.htm,10-K,2026-02-17,2025-12-31,2025,https://www.sec.gov/Archives/edgar/data/1666700/000166670026000013/dd-20251231.htm,2025/pilot_100/sample/pilot_sampling_frame.csv,expansion_200,3,20250729,9,2025/sample_300/html/raw/0001666700/0001666700-26-000013.html
269,S2025-269,S2025-269,AMCR,AMCR,Amcor,Amcor,cik:0001748790,0001748790,Materials,Paper & Plastic Packaging Products & Materials,0001748790-25-000023,amcr-20250630.htm,10-K,2025-08-15,2025-06-30,2025,https://www.sec.gov/Archives/edgar/data/1748790/000174879025000023/amcr-20250630.htm,2025/pilot_100/sample/pilot_sampling_frame.csv,expansion_200,3,20250729,10,2025/sample_300/html/raw/0001748790/0001748790-25-000023.html
270,S2025-270,S2025-270,PKG,PKG,Packaging Corporation of America,Packaging Corporation of America,cik:0000075677,0000075677,Materials,Paper & Plastic Packaging Products & Materials,0001193125-26-074129,pkg-20251231.htm,10-K,2026-02-26,2025-12-31,2025,https://www.sec.gov/Archives/edgar/data/75677/000119312526074129/pkg-20251231.htm,2025/pilot_100/sample/pilot_sampling_frame.csv,expansion_200,3,20250729,11,2025/sample_300/html/raw/0000075677/0001193125-26-074129.html
271,S2025-271,S2025-271,CTVA,CTVA,Corteva,Corteva,cik:0001755672,0001755672,Materials,Fertilizers & Agricultural Chemicals,0001755672-26-000004,ctva-20251231.htm,10-K,2026-02-12,2025-12-31,2025,https://www.sec.gov/Archives/edgar/data/1755672/000175567226000004/ctva-20251231.htm,2025/pilot_100/sample/pilot_sampling_frame.csv,expansion_200,3,20250729,12,2025/sample_300/html/raw/0001755672/0001755672-26-000004.html
272,S2025-272,S2025-272,DOW,DOW,Dow Inc.,Dow Inc.,cik:0001751788,0001751788,Materials,Commodity Chemicals,0001751788-26-000018,dow-20251231.htm,10-K,2026-02-03,2025-12-31,2025,https://www.sec.gov/Archives/edgar/data/1751788/000175178826000018/dow-20251231.htm,2025/pilot_100/sample/pilot_sampling_frame.csv,expansion_200,3,20250729,13,2025/sample_300/html/raw/0001751788/0001751788-26-000018.html
273,S2025-273,S2025-273,LYB,LYB,LyondellBasell,LyondellBasell,cik:0001489393,0001489393,Materials,Specialty Chemicals,0001489393-26-000012,lyb-20251231.htm,10-K,2026-02-20,2025-12-31,2025,https://www.sec.gov/Archives/edgar/data/1489393/000148939326000012/lyb-20251231.htm,2025/pilot_100/sample/pilot_sampling_frame.csv,expansion_200,3,20250729,14,2025/sample_300/html/raw/0001489393/0001489393-26-000012.html
274,S2025-274,S2025-274,SHW,SHW,Sherwin-Williams,Sherwin-Williams,cik:0000089800,0000089800,Materials,Specialty Chemicals,0000089800-26-000008,shw-20251231.htm,10-K,2026-02-19,2025-12-31,2025,https://www.sec.gov/Archives/edgar/data/89800/000008980026000008/shw-20251231.htm,2025/pilot_100/sample/pilot_sampling_frame.csv,expansion_200,3,20250729,15,2025/sample_300/html/raw/0000089800/0000089800-26-000008.html
275,S2025-275,S2025-275,FCX,FCX,Freeport-McMoRan,Freeport-McMoRan,cik:0000831259,0000831259,Materials,Copper,0000831259-26-000012,fcx-20251231.htm,10-K,2026-02-13,2025-12-31,2025,https://www.sec.gov/Archives/edgar/data/831259/000083125926000012/fcx-20251231.htm,2025/pilot_100/sample/pilot_sampling_frame.csv,expansion_200,3,20250729,16,2025/sample_300/html/raw/0000831259/0000831259-26-000012.html
276,S2025-276,S2025-276,REG,REG,Regency Centers,Regency Centers,cik:0000910606,0000910606,Real Estate,Retail REITs,0001193125-26-051668,reg-20251231.htm,10-K,2026-02-13,2025-12-31,2025,https://www.sec.gov/Archives/edgar/data/910606/000119312526051668/reg-20251231.htm,2025/pilot_100/sample/pilot_sampling_frame.csv,expansion_200,3,20250729,8,2025/sample_300/html/raw/0000910606/0001193125-26-051668.html
277,S2025-277,S2025-277,AMT,AMT,American Tower,American Tower,cik:0001053507,0001053507,Real Estate,Telecom Tower REITs,0001053507-26-000035,amt-20251231.htm,10-K,2026-02-24,2025-12-31,2025,https://www.sec.gov/Archives/edgar/data/1053507/000105350726000035/amt-20251231.htm,2025/pilot_100/sample/pilot_sampling_frame.csv,expansion_200,3,20250729,9,2025/sample_300/html/raw/0001053507/0001053507-26-000035.html
278,S2025-278,S2025-278,EQIX,EQIX,Equinix,Equinix,cik:0001101239,0001101239,Real Estate,Data Center REITs,0001101239-26-000032,eqix-20251231.htm,10-K,2026-02-11,2025-12-31,2025,https://www.sec.gov/Archives/edgar/data/1101239/000110123926000032/eqix-20251231.htm,2025/pilot_100/sample/pilot_sampling_frame.csv,expansion_200,3,20250729,10,2025/sample_300/html/raw/0001101239/0001101239-26-000032.html
279,S2025-279,S2025-279,VTR,VTR,Ventas,Ventas,cik:0000740260,0000740260,Real Estate,Health Care REITs,0000740260-26-000006,vtr-20251231.htm,10-K,2026-02-06,2025-12-31,2025,https://www.sec.gov/Archives/edgar/data/740260/000074026026000006/vtr-20251231.htm,2025/pilot_100/sample/pilot_sampling_frame.csv,expansion_200,3,20250729,11,2025/sample_300/html/raw/0000740260/0000740260-26-000006.html
280,S2025-280,S2025-280,AVB,AVB,AvalonBay Communities,AvalonBay Communities,cik:0000915912,0000915912,Real Estate,Multi-Family Residential REITs,0000915912-26-000004,avb-20251231.htm,10-K,2026-02-27,2025-12-31,2025,https://www.sec.gov/Archives/edgar/data/915912/000091591226000004/avb-20251231.htm,2025/pilot_100/sample/pilot_sampling_frame.csv,expansion_200,3,20250729,12,2025/sample_300/html/raw/0000915912/0000915912-26-000004.html
281,S2025-281,S2025-281,HST,HST,Host Hotels & Resorts,Host Hotels & Resorts,cik:0001070750,0001070750,Real Estate,Hotel & Resort REITs,0001070750-26-000054,hst-20251231.htm,10-K,2026-02-25,2025-12-31,2025,https://www.sec.gov/Archives/edgar/data/1070750/000107075026000054/hst-20251231.htm,2025/pilot_100/sample/pilot_sampling_frame.csv,expansion_200,3,20250729,13,2025/sample_300/html/raw/0001070750/0001070750-26-000054.html
282,S2025-282,S2025-282,CPT,CPT,Camden Property Trust,Camden Property Trust,cik:0000906345,0000906345,Real Estate,Multi-Family Residential REITs,0001628280-26-007697,cpt-20251231.htm,10-K,2026-02-12,2025-12-31,2025,https://www.sec.gov/Archives/edgar/data/906345/000162828026007697/cpt-20251231.htm,2025/pilot_100/sample/pilot_sampling_frame.csv,expansion_200,3,20250729,14,2025/sample_300/html/raw/0000906345/0001628280-26-007697.html
283,S2025-283,S2025-283,CSGP,CSGP,CoStar Group,CoStar Group,cik:0001057352,0001057352,Real Estate,Real Estate Services,0001057352-26-000020,csgp-20251231.htm,10-K,2026-02-26,2025-12-31,2025,https://www.sec.gov/Archives/edgar/data/1057352/000105735226000020/csgp-20251231.htm,2025/pilot_100/sample/pilot_sampling_frame.csv,expansion_200,3,20250729,15,2025/sample_300/html/raw/0001057352/0001057352-26-000020.html
284,S2025-284,S2025-284,ARE,ARE,Alexandria Real Estate Equities,Alexandria Real Estate Equities,cik:0001035443,0001035443,Real Estate,Office REITs,0001035443-26-000013,are-20251231.htm,10-K,2026-01-26,2025-12-31,2025,https://www.sec.gov/Archives/edgar/data/1035443/000103544326000013/are-20251231.htm,2025/pilot_100/sample/pilot_sampling_frame.csv,expansion_200,3,20250729,16,2025/sample_300/html/raw/0001035443/0001035443-26-000013.html
285,S2025-285,S2025-285,PSA,PSA,Public Storage,Public Storage,cik:0001393311,0001393311,Real Estate,Self-Storage REITs,0001628280-26-007696,psa-20251231.htm,10-K,2026-02-12,2025-12-31,2025,https://www.sec.gov/Archives/edgar/data/1393311/000162828026007696/psa-20251231.htm,2025/pilot_100/sample/pilot_sampling_frame.csv,expansion_200,3,20250729,17,2025/sample_300/html/raw/0001393311/0001628280-26-007696.html
286,S2025-286,S2025-286,EQR,EQR,Equity Residential,Equity Residential,cik:0000906107,0000906107,Real Estate,Multi-Family Residential REITs,0001193125-26-051433,eqr-20251231.htm,10-K,2026-02-13,2025-12-31,2025,https://www.sec.gov/Archives/edgar/data/906107/000119312526051433/eqr-20251231.htm,2025/pilot_100/sample/pilot_sampling_frame.csv,expansion_200,3,20250729,18,2025/sample_300/html/raw/0000906107/0001193125-26-051433.html
287,S2025-287,S2025-287,WY,WY,Weyerhaeuser,Weyerhaeuser,cik:0000106535,0000106535,Real Estate,Timber REITs,0001193125-26-051422,wy-20251231.htm,10-K,2026-02-13,2025-12-31,2025,https://www.sec.gov/Archives/edgar/data/106535/000119312526051422/wy-20251231.htm,2025/pilot_100/sample/pilot_sampling_frame.csv,expansion_200,3,20250729,19,2025/sample_300/html/raw/0000106535/0001193125-26-051422.html
288,S2025-288,S2025-288,DUK,DUK,Duke Energy,Duke Energy,cik:0001326160,0001326160,Utilities,Electric Utilities,0001326160-26-000014,duk-20251231.htm,10-K,2026-02-26,2025-12-31,2025,https://www.sec.gov/Archives/edgar/data/1326160/000132616026000014/duk-20251231.htm,2025/pilot_100/sample/pilot_sampling_frame.csv,expansion_200,3,20250729,7,2025/sample_300/html/raw/0001326160/0001326160-26-000014.html
289,S2025-289,S2025-289,VST,VST,Vistra Corp.,Vistra Corp.,cik:0001692819,0001692819,Utilities,Electric Utilities,0001692819-26-000006,vistra-20251231.htm,10-K,2026-02-27,2025-12-31,2025,https://www.sec.gov/Archives/edgar/data/1692819/000169281926000006/vistra-20251231.htm,2025/pilot_100/sample/pilot_sampling_frame.csv,expansion_200,3,20250729,8,2025/sample_300/html/raw/0001692819/0001692819-26-000006.html
290,S2025-290,S2025-290,WEC,WEC,WEC Energy Group,WEC Energy Group,cik:0000783325,0000783325,Utilities,Electric Utilities,0000783325-26-000018,wec-20251231.htm,10-K,2026-02-20,2025-12-31,2025,https://www.sec.gov/Archives/edgar/data/783325/000078332526000018/wec-20251231.htm,2025/pilot_100/sample/pilot_sampling_frame.csv,expansion_200,3,20250729,9,2025/sample_300/html/raw/0000783325/0000783325-26-000018.html
291,S2025-291,S2025-291,SRE,SRE,Sempra,Sempra,cik:0001032208,0001032208,Utilities,Multi-Utilities,0001032208-26-000010,sre-20251231.htm,10-K,2026-02-26,2025-12-31,2025,https://www.sec.gov/Archives/edgar/data/1032208/000103220826000010/sre-20251231.htm,2025/pilot_100/sample/pilot_sampling_frame.csv,expansion_200,3,20250729,10,2025/sample_300/html/raw/0001032208/0001032208-26-000010.html
292,S2025-292,S2025-292,XEL,XEL,Xcel Energy,Xcel Energy,cik:0000072903,0000072903,Utilities,Multi-Utilities,0000072903-26-000009,xel-20251231.htm,10-K,2026-02-25,2025-12-31,2025,https://www.sec.gov/Archives/edgar/data/72903/000007290326000009/xel-20251231.htm,2025/pilot_100/sample/pilot_sampling_frame.csv,expansion_200,3,20250729,11,2025/sample_300/html/raw/0000072903/0000072903-26-000009.html
293,S2025-293,S2025-293,NEE,NEE,NextEra Energy,NextEra Energy,cik:0000753308,0000753308,Utilities,Multi-Utilities,0000753308-26-000015,nee-20251231.htm,10-K,2026-02-13,2025-12-31,2025,https://www.sec.gov/Archives/edgar/data/753308/000075330826000015/nee-20251231.htm,2025/pilot_100/sample/pilot_sampling_frame.csv,expansion_200,3,20250729,12,2025/sample_300/html/raw/0000753308/0000753308-26-000015.html
294,S2025-294,S2025-294,EIX,EIX,Edison International,Edison International,cik:0000827052,0000827052,Utilities,Electric Utilities,0000827052-26-000012,eix-20251231.htm,10-K,2026-02-18,2025-12-31,2025,https://www.sec.gov/Archives/edgar/data/827052/000082705226000012/eix-20251231.htm,2025/pilot_100/sample/pilot_sampling_frame.csv,expansion_200,3,20250729,13,2025/sample_300/html/raw/0000827052/0000827052-26-000012.html
295,S2025-295,S2025-295,LNT,LNT,Alliant Energy,Alliant Energy,cik:0000352541,0000352541,Utilities,Electric Utilities,0000352541-26-000007,lnt-20251231.htm,10-K,2026-02-20,2025-12-31,2025,https://www.sec.gov/Archives/edgar/data/352541/000035254126000007/lnt-20251231.htm,2025/pilot_100/sample/pilot_sampling_frame.csv,expansion_200,3,20250729,14,2025/sample_300/html/raw/0000352541/0000352541-26-000007.html
296,S2025-296,S2025-296,DTE,DTE,DTE Energy,DTE Energy,cik:0000936340,0000936340,Utilities,Multi-Utilities,0000936340-26-000054,dte-20251231.htm,10-K,2026-02-17,2025-12-31,2025,https://www.sec.gov/Archives/edgar/data/936340/000093634026000054/dte-20251231.htm,2025/pilot_100/sample/pilot_sampling_frame.csv,expansion_200,3,20250729,15,2025/sample_300/html/raw/0000936340/0000936340-26-000054.html
297,S2025-297,S2025-297,FE,FE,FirstEnergy,FirstEnergy,cik:0001031296,0001031296,Utilities,Electric Utilities,0001031296-26-000046,fe-20251231.htm,10-K,2026-02-18,2025-12-31,2025,https://www.sec.gov/Archives/edgar/data/1031296/000103129626000046/fe-20251231.htm,2025/pilot_100/sample/pilot_sampling_frame.csv,expansion_200,3,20250729,16,2025/sample_300/html/raw/0001031296/0001031296-26-000046.html
298,S2025-298,S2025-298,EXC,EXC,Exelon,Exelon,cik:0001109357,0001109357,Utilities,Electric Utilities,0001109357-26-000018,exc-20251231.htm,10-K,2026-02-12,2025-12-31,2025,https://www.sec.gov/Archives/edgar/data/1109357/000110935726000018/exc-20251231.htm,2025/pilot_100/sample/pilot_sampling_frame.csv,expansion_200,3,20250729,17,2025/sample_300/html/raw/0001109357/0001109357-26-000018.html
299,S2025-299,S2025-299,ED,ED,Consolidated Edison,Consolidated Edison,cik:0001047862,0001047862,Utilities,Multi-Utilities,0001047862-26-000031,ed-20251231.htm,10-K,2026-02-19,2025-12-31,2025,https://www.sec.gov/Archives/edgar/data/1047862/000104786226000031/ed-20251231.htm,2025/pilot_100/sample/pilot_sampling_frame.csv,expansion_200,3,20250729,18,2025/sample_300/html/raw/0001047862/0001047862-26-000031.html
300,S2025-300,S2025-300,EVRG,EVRG,Evergy,Evergy,cik:0001711269,0001711269,Utilities,Electric Utilities,0001711269-26-000017,evrg-20251231.htm,10-K,2026-02-19,2025-12-31,2025,https://www.sec.gov/Archives/edgar/data/1711269/000171126926000017/evrg-20251231.htm,2025/pilot_100/sample/pilot_sampling_frame.csv,expansion_200,3,20250729,19,2025/sample_300/html/raw/0001711269/0001711269-26-000017.html
301,S2025-301,S2025-301,CMCSA,CMCSA,Comcast,Comcast,cik:0001166691,0001166691,Communication Services,Cable & Satellite,0001628280-26-004994,cmcsa-20251231.htm,10-K,2026-02-03,2025-12-31,2025,https://www.sec.gov/Archives/edgar/data/1166691/000162828026004994/cmcsa-20251231.htm,2025/pilot_100/sample/pilot_sampling_frame.csv,expansion_200_final,4,20250729,13,2025/sample_500/html/raw/0001166691/0001628280-26-004994.html
302,S2025-302,S2025-302,TTWO,TTWO,Take-Two Interactive,Take-Two Interactive,cik:0000946581,0000946581,Communication Services,Interactive Home Entertainment,0001628280-25-026694,ttwo-20250331.htm,10-K,2025-05-20,2025-03-31,2025,https://www.sec.gov/Archives/edgar/data/946581/000162828025026694/ttwo-20250331.htm,2025/pilot_100/sample/pilot_sampling_frame.csv,expansion_200_final,4,20250729,14,2025/sample_500/html/raw/0000946581/0001628280-25-026694.html
303,S2025-303,S2025-303,PSKY,PSKY,Paramount Skydance Corporation,Paramount Skydance Corporation,cik:0002041610,0002041610,Communication Services,Movies & Entertainment,0002041610-26-000011,psky-20251231.htm,10-K,2026-02-25,2025-12-31,2025,https://www.sec.gov/Archives/edgar/data/2041610/000204161026000011/psky-20251231.htm,2025/pilot_100/sample/pilot_sampling_frame.csv,expansion_200_final,4,20250729,15,2025/sample_500/html/raw/0002041610/0002041610-26-000011.html
304,S2025-304,S2025-304,CHTR,CHTR,Charter Communications,Charter Communications,cik:0001091667,0001091667,Communication Services,Cable & Satellite,0001091667-26-000017,chtr-20251231.htm,10-K,2026-01-30,2025-12-31,2025,https://www.sec.gov/Archives/edgar/data/1091667/000109166726000017/chtr-20251231.htm,2025/pilot_100/sample/pilot_sampling_frame.csv,expansion_200_final,4,20250729,16,2025/sample_500/html/raw/0001091667/0001091667-26-000017.html
305,S2025-305,S2025-305,TTD,TTD,Trade Desk (The),Trade Desk (The),cik:0001671933,0001671933,Communication Services,Advertising,0001671933-26-000014,ttd-20251231.htm,10-K,2026-02-27,2025-12-31,2025,https://www.sec.gov/Archives/edgar/data/1671933/000167193326000014/ttd-20251231.htm,2025/pilot_100/sample/pilot_sampling_frame.csv,expansion_200_final,4,20250729,17,2025/sample_500/html/raw/0001671933/0001671933-26-000014.html
306,S2025-306,S2025-306,TMUS,TMUS,T-Mobile US,T-Mobile US,cik:0001283699,0001283699,Communication Services,Wireless Telecommunication Services,0001283699-26-000010,tmus-20251231.htm,10-K,2026-02-11,2025-12-31,2025,https://www.sec.gov/Archives/edgar/data/1283699/000128369926000010/tmus-20251231.htm,2025/pilot_100/sample/pilot_sampling_frame.csv,expansion_200_final,4,20250729,18,2025/sample_500/html/raw/0001283699/0001283699-26-000010.html
307,S2025-307,S2025-307,NFLX,NFLX,Netflix,Netflix,cik:0001065280,0001065280,Communication Services,Movies & Entertainment,0001065280-26-000034,nflx-20251231.htm,10-K,2026-01-23,2025-12-31,2025,https://www.sec.gov/Archives/edgar/data/1065280/000106528026000034/nflx-20251231.htm,2025/pilot_100/sample/pilot_sampling_frame.csv,expansion_200_final,4,20250729,19,2025/sample_500/html/raw/0001065280/0001065280-26-000034.html
308,S2025-308,S2025-308,DHI,DHI,D. R. Horton,D. R. Horton,cik:0000882184,0000882184,Consumer Discretionary,Homebuilding,0000882184-25-000081,dhi-20250930.htm,10-K,2025-11-19,2025-09-30,2025,https://www.sec.gov/Archives/edgar/data/882184/000088218425000081/dhi-20250930.htm,2025/pilot_100/sample/pilot_sampling_frame.csv,expansion_200_final,4,20250729,30,2025/sample_500/html/raw/0000882184/0000882184-25-000081.html
309,S2025-309,S2025-309,DRI,DRI,Darden Restaurants,Darden Restaurants,cik:0000940944,0000940944,Consumer Discretionary,Restaurants,0000940944-25-000038,dri-20250525.htm,10-K,2025-07-18,2025-05-25,2025,https://www.sec.gov/Archives/edgar/data/940944/000094094425000038/dri-20250525.htm,2025/pilot_100/sample/pilot_sampling_frame.csv,expansion_200_final,4,20250729,31,2025/sample_500/html/raw/0000940944/0000940944-25-000038.html
310,S2025-310,S2025-310,EXPE,EXPE,Expedia Group,Expedia Group,cik:0001324424,0001324424,Consumer Discretionary,"Hotels, Resorts & Cruise Lines",0001324424-26-000008,expe-20251231.htm,10-K,2026-02-13,2025-12-31,2025,https://www.sec.gov/Archives/edgar/data/1324424/000132442426000008/expe-20251231.htm,2025/pilot_100/sample/pilot_sampling_frame.csv,expansion_200_final,4,20250729,32,2025/sample_500/html/raw/0001324424/0001324424-26-000008.html
311,S2025-311,S2025-311,APTV,APTV,Aptiv,Aptiv,cik:0001521332,0001521332,Consumer Discretionary,Automotive Parts & Equipment,0001521332-26-000009,aptv-20251231.htm,10-K,2026-02-06,2025-12-31,2025,https://www.sec.gov/Archives/edgar/data/1521332/000152133226000009/aptv-20251231.htm,2025/pilot_100/sample/pilot_sampling_frame.csv,expansion_200_final,4,20250729,33,2025/sample_500/html/raw/0001521332/0001521332-26-000009.html
312,S2025-312,S2025-312,ORLY,ORLY,O’Reilly Automotive,O’Reilly Automotive,cik:0000898173,0000898173,Consumer Discretionary,Automotive Retail,0000898173-26-000009,orly-20251231x10k.htm,10-K,2026-02-27,2025-12-31,2025,https://www.sec.gov/Archives/edgar/data/898173/000089817326000009/orly-20251231x10k.htm,2025/pilot_100/sample/pilot_sampling_frame.csv,expansion_200_final,4,20250729,34,2025/sample_500/html/raw/0000898173/0000898173-26-000009.html
313,S2025-313,S2025-313,MAR,MAR,Marriott International,Marriott International,cik:0001048286,0001048286,Consumer Discretionary,"Hotels, Resorts & Cruise Lines",0001048286-26-000007,mar-20251231.htm,10-K,2026-02-10,2025-12-31,2025,https://www.sec.gov/Archives/edgar/data/1048286/000104828626000007/mar-20251231.htm,2025/pilot_100/sample/pilot_sampling_frame.csv,expansion_200_final,4,20250729,35,2025/sample_500/html/raw/0001048286/0001048286-26-000007.html
314,S2025-314,S2025-314,GPC,GPC,Genuine Parts Company,Genuine Parts Company,cik:0000040987,0000040987,Consumer Discretionary,Distributors,0000040987-26-000003,gpc-20251231.htm,10-K,2026-02-20,2025-12-31,2025,https://www.sec.gov/Archives/edgar/data/40987/000004098726000003/gpc-20251231.htm,2025/pilot_100/sample/pilot_sampling_frame.csv,expansion_200_final,4,20250729,36,2025/sample_500/html/raw/0000040987/0000040987-26-000003.html
315,S2025-315,S2025-315,HAS,HAS,Hasbro,Hasbro,cik:0000046080,0000046080,Consumer Discretionary,Leisure Products,0000046080-26-000011,has-20251228.htm,10-K,2026-02-25,2025-12-28,2025,https://www.sec.gov/Archives/edgar/data/46080/000004608026000011/has-20251228.htm,2025/pilot_100/sample/pilot_sampling_frame.csv,expansion_200_final,4,20250729,37,2025/sample_500/html/raw/0000046080/0000046080-26-000011.html
316,S2025-316,S2025-316,RL,RL,Ralph Lauren Corporation,Ralph Lauren Corporation,cik:0001037038,0001037038,Consumer Discretionary,"Apparel, Accessories & Luxury Goods",0001037038-25-000011,rl-20250329.htm,10-K,2025-05-22,2025-03-29,2025,https://www.sec.gov/Archives/edgar/data/1037038/000103703825000011/rl-20250329.htm,2025/pilot_100/sample/pilot_sampling_frame.csv,expansion_200_final,4,20250729,38,2025/sample_500/html/raw/0001037038/0001037038-25-000011.html
317,S2025-317,S2025-317,HD,HD,Home Depot (The),Home Depot (The),cik:0000354950,0000354950,Consumer Discretionary,Home Improvement Retail,0000354950-25-000085,hd-20250202.htm,10-K,2025-03-21,2025-02-02,2025,https://www.sec.gov/Archives/edgar/data/354950/000035495025000085/hd-20250202.htm,2025/pilot_100/sample/pilot_sampling_frame.csv,expansion_200_final,4,20250729,39,2025/sample_500/html/raw/0000354950/0000354950-25-000085.html
318,S2025-318,S2025-318,PHM,PHM,PulteGroup,PulteGroup,cik:0000822416,0000822416,Consumer Discretionary,Homebuilding,0000822416-26-000007,phm-20251231.htm,10-K,2026-02-04,2025-12-31,2025,https://www.sec.gov/Archives/edgar/data/822416/000082241626000007/phm-20251231.htm,2025/pilot_100/sample/pilot_sampling_frame.csv,expansion_200_final,4,20250729,40,2025/sample_500/html/raw/0000822416/0000822416-26-000007.html
319,S2025-319,S2025-319,TSCO,TSCO,Tractor Supply,Tractor Supply,cik:0000916365,0000916365,Consumer Discretionary,Other Specialty Retail,0000916365-26-000014,tsco-20251227.htm,10-K,2026-02-19,2025-12-27,2025,https://www.sec.gov/Archives/edgar/data/916365/000091636526000014/tsco-20251227.htm,2025/pilot_100/sample/pilot_sampling_frame.csv,expansion_200_final,4,20250729,41,2025/sample_500/html/raw/0000916365/0000916365-26-000014.html
320,S2025-320,S2025-320,MCD,MCD,McDonald's,McDonald's,cik:0000063908,0000063908,Consumer Discretionary,Restaurants,0000063908-26-000035,mcd-20251231.htm,10-K,2026-02-24,2025-12-31,2025,https://www.sec.gov/Archives/edgar/data/63908/000006390826000035/mcd-20251231.htm,2025/pilot_100/sample/pilot_sampling_frame.csv,expansion_200_final,4,20250729,42,2025/sample_500/html/raw/0000063908/0000063908-26-000035.html
321,S2025-321,S2025-321,CVNA,CVNA,Carvana,Carvana,cik:0001690820,0001690820,Consumer Discretionary,Automotive Retail,0001690820-26-000009,cvna-20251231.htm,10-K,2026-02-18,2025-12-31,2025,https://www.sec.gov/Archives/edgar/data/1690820/000169082026000009/cvna-20251231.htm,2025/pilot_100/sample/pilot_sampling_frame.csv,expansion_200_final,4,20250729,43,2025/sample_500/html/raw/0001690820/0001690820-26-000009.html
322,S2025-322,S2025-322,TSLA,TSLA,"Tesla, Inc.","Tesla, Inc.",cik:0001318605,0001318605,Consumer Discretionary,Automobile Manufacturers,0001628280-26-003952,tsla-20251231.htm,10-K,2026-01-29,2025-12-31,2025,https://www.sec.gov/Archives/edgar/data/1318605/000162828026003952/tsla-20251231.htm,2025/pilot_100/sample/pilot_sampling_frame.csv,expansion_200_final,4,20250729,44,2025/sample_500/html/raw/0001318605/0001628280-26-003952.html
323,S2025-323,S2025-323,LVS,LVS,Las Vegas Sands,Las Vegas Sands,cik:0001300514,0001300514,Consumer Discretionary,Casinos & Gaming,0001300514-26-000013,lvs-20251231.htm,10-K,2026-02-06,2025-12-31,2025,https://www.sec.gov/Archives/edgar/data/1300514/000130051426000013/lvs-20251231.htm,2025/pilot_100/sample/pilot_sampling_frame.csv,expansion_200_final,4,20250729,45,2025/sample_500/html/raw/0001300514/0001300514-26-000013.html
324,S2025-324,S2025-324,BBY,BBY,Best Buy,Best Buy,cik:0000764478,0000764478,Consumer Discretionary,Computer & Electronics Retail,0000764478-25-000007,bby-20250201x10k.htm,10-K,2025-03-19,2025-02-01,2025,https://www.sec.gov/Archives/edgar/data/764478/000076447825000007/bby-20250201x10k.htm,2025/pilot_100/sample/pilot_sampling_frame.csv,expansion_200_final,4,20250729,46,2025/sample_500/html/raw/0000764478/0000764478-25-000007.html
325,S2025-325,S2025-325,DECK,DECK,Deckers Brands,Deckers Brands,cik:0000910521,0000910521,Consumer Discretionary,Footwear,0000910521-25-000017,deck-20250331.htm,10-K,2025-05-23,2025-03-31,2025,https://www.sec.gov/Archives/edgar/data/910521/000091052125000017/deck-20250331.htm,2025/pilot_100/sample/pilot_sampling_frame.csv,expansion_200_final,4,20250729,47,2025/sample_500/html/raw/0000910521/0000910521-25-000017.html
326,S2025-326,S2025-326,HRL,HRL,Hormel Foods,Hormel Foods,cik:0000048465,0000048465,Consumer Staples,Packaged Foods & Meats,0000048465-25-000059,hrl-20251026.htm,10-K,2025-12-05,2025-10-26,2025,https://www.sec.gov/Archives/edgar/data/48465/000004846525000059/hrl-20251026.htm,2025/pilot_100/sample/pilot_sampling_frame.csv,expansion_200_final,4,20250729,21,2025/sample_500/html/raw/0000048465/0000048465-25-000059.html
327,S2025-327,S2025-327,COST,COST,Costco,Costco,cik:0000909832,0000909832,Consumer Staples,Consumer Staples Merchandise Retail,0000909832-25-000101,cost-20250831.htm,10-K,2025-10-08,2025-08-31,2025,https://www.sec.gov/Archives/edgar/data/909832/000090983225000101/cost-20250831.htm,2025/pilot_100/sample/pilot_sampling_frame.csv,expansion_200_final,4,20250729,22,2025/sample_500/html/raw/0000909832/0000909832-25-000101.html
328,S2025-328,S2025-328,BG,BG,Bunge Global,Bunge Global,cik:0001996862,0001996862,Consumer Staples,Agricultural Products & Services,0001628280-26-009842,bg-20251231.htm,10-K,2026-02-19,2025-12-31,2025,https://www.sec.gov/Archives/edgar/data/1996862/000162828026009842/bg-20251231.htm,2025/pilot_100/sample/pilot_sampling_frame.csv,expansion_200_final,4,20250729,23,2025/sample_500/html/raw/0001996862/0001628280-26-009842.html
329,S2025-329,S2025-329,PG,PG,Procter & Gamble,Procter & Gamble,cik:0000080424,0000080424,Consumer Staples,Personal Care Products,0000080424-25-000076,pg-20250630.htm,10-K,2025-08-04,2025-06-30,2025,https://www.sec.gov/Archives/edgar/data/80424/000008042425000076/pg-20250630.htm,2025/pilot_100/sample/pilot_sampling_frame.csv,expansion_200_final,4,20250729,24,2025/sample_500/html/raw/0000080424/0000080424-25-000076.html
330,S2025-330,S2025-330,TAP,TAP,Molson Coors Beverage Company,Molson Coors Beverage Company,cik:0000024545,0000024545,Consumer Staples,Brewers,0000024545-26-000006,tap-20251231.htm,10-K,2026-02-18,2025-12-31,2025,https://www.sec.gov/Archives/edgar/data/24545/000002454526000006/tap-20251231.htm,2025/pilot_100/sample/pilot_sampling_frame.csv,expansion_200_final,4,20250729,25,2025/sample_500/html/raw/0000024545/0000024545-26-000006.html
331,S2025-331,S2025-331,DG,DG,Dollar General,Dollar General,cik:0000029534,0000029534,Consumer Staples,Consumer Staples Merchandise Retail,0001558370-25-003413,dg-20250131x10k.htm,10-K,2025-03-21,2025-01-31,2025,https://www.sec.gov/Archives/edgar/data/29534/000155837025003413/dg-20250131x10k.htm,2025/pilot_100/sample/pilot_sampling_frame.csv,expansion_200_final,4,20250729,26,2025/sample_500/html/raw/0000029534/0001558370-25-003413.html
332,S2025-332,S2025-332,MKC,MKC,McCormick & Company,McCormick & Company,cik:0000063754,0000063754,Consumer Staples,Packaged Foods & Meats,0000063754-26-000037,mkc-20251130.htm,10-K,2026-01-22,2025-11-30,2025,https://www.sec.gov/Archives/edgar/data/63754/000006375426000037/mkc-20251130.htm,2025/pilot_100/sample/pilot_sampling_frame.csv,expansion_200_final,4,20250729,27,2025/sample_500/html/raw/0000063754/0000063754-26-000037.html
333,S2025-333,S2025-333,KMB,KMB,Kimberly-Clark,Kimberly-Clark,cik:0000055785,0000055785,Consumer Staples,Household Products,0001628280-26-007567,kmb-20251231.htm,10-K,2026-02-12,2025-12-31,2025,https://www.sec.gov/Archives/edgar/data/55785/000162828026007567/kmb-20251231.htm,2025/pilot_100/sample/pilot_sampling_frame.csv,expansion_200_final,4,20250729,28,2025/sample_500/html/raw/0000055785/0001628280-26-007567.html
334,S2025-334,S2025-334,EL,EL,Estée Lauder Companies (The),Estée Lauder Companies (The),cik:0001001250,0001001250,Consumer Staples,Personal Care Products,0001001250-25-000099,el-20250630.htm,10-K,2025-08-20,2025-06-30,2025,https://www.sec.gov/Archives/edgar/data/1001250/000100125025000099/el-20250630.htm,2025/pilot_100/sample/pilot_sampling_frame.csv,expansion_200_final,4,20250729,29,2025/sample_500/html/raw/0001001250/0001001250-25-000099.html
335,S2025-335,S2025-335,KO,KO,Coca-Cola Company (The),Coca-Cola Company (The),cik:0000021344,0000021344,Consumer Staples,Soft Drinks & Non-alcoholic Beverages,0001628280-26-010047,ko-20251231.htm,10-K,2026-02-20,2025-12-31,2025,https://www.sec.gov/Archives/edgar/data/21344/000162828026010047/ko-20251231.htm,2025/pilot_100/sample/pilot_sampling_frame.csv,expansion_200_final,4,20250729,30,2025/sample_500/html/raw/0000021344/0001628280-26-010047.html
336,S2025-336,S2025-336,BF-B,BF-B,Brown–Forman,Brown–Forman,cik:0000014693,0000014693,Consumer Staples,Distillers & Vintners,0000014693-25-000062,bfb-20250430.htm,10-K,2025-06-13,2025-04-30,2025,https://www.sec.gov/Archives/edgar/data/14693/000001469325000062/bfb-20250430.htm,2025/pilot_100/sample/pilot_sampling_frame.csv,expansion_200_final,4,20250729,31,2025/sample_500/html/raw/0000014693/0000014693-25-000062.html
337,S2025-337,S2025-337,CLX,CLX,Clorox,Clorox,cik:0000021076,0000021076,Consumer Staples,Household Products,0000021076-25-000039,clx-20250630.htm,10-K,2025-08-08,2025-06-30,2025,https://www.sec.gov/Archives/edgar/data/21076/000002107625000039/clx-20250630.htm,2025/pilot_100/sample/pilot_sampling_frame.csv,expansion_200_final,4,20250729,32,2025/sample_500/html/raw/0000021076/0000021076-25-000039.html
338,S2025-338,S2025-338,TGT,TGT,Target Corporation,Target Corporation,cik:0000027419,0000027419,Consumer Staples,Consumer Staples Merchandise Retail,0000027419-25-000018,tgt-20250201.htm,10-K,2025-03-12,2025-02-01,2025,https://www.sec.gov/Archives/edgar/data/27419/000002741925000018/tgt-20250201.htm,2025/pilot_100/sample/pilot_sampling_frame.csv,expansion_200_final,4,20250729,33,2025/sample_500/html/raw/0000027419/0000027419-25-000018.html
339,S2025-339,S2025-339,OKE,OKE,Oneok,Oneok,cik:0001039684,0001039684,Energy,Oil & Gas Storage & Transportation,0001039684-26-000006,oke-20251231.htm,10-K,2026-02-24,2025-12-31,2025,https://www.sec.gov/Archives/edgar/data/1039684/000103968426000006/oke-20251231.htm,2025/pilot_100/sample/pilot_sampling_frame.csv,expansion_200_final,4,20250729,14,2025/sample_500/html/raw/0001039684/0001039684-26-000006.html
340,S2025-340,S2025-340,COP,COP,ConocoPhillips,ConocoPhillips,cik:0001163165,0001163165,Energy,Oil & Gas Exploration & Production,0001163165-26-000009,cop-20251231.htm,10-K,2026-02-17,2025-12-31,2025,https://www.sec.gov/Archives/edgar/data/1163165/000116316526000009/cop-20251231.htm,2025/pilot_100/sample/pilot_sampling_frame.csv,expansion_200_final,4,20250729,15,2025/sample_500/html/raw/0001163165/0001163165-26-000009.html
341,S2025-341,S2025-341,DVN,DVN,Devon Energy,Devon Energy,cik:0001090012,0001090012,Energy,Oil & Gas Exploration & Production,0001193125-26-056485,dvn-20251231.htm,10-K,2026-02-18,2025-12-31,2025,https://www.sec.gov/Archives/edgar/data/1090012/000119312526056485/dvn-20251231.htm,2025/pilot_100/sample/pilot_sampling_frame.csv,expansion_200_final,4,20250729,16,2025/sample_500/html/raw/0001090012/0001193125-26-056485.html
342,S2025-342,S2025-342,TRGP,TRGP,Targa Resources,Targa Resources,cik:0001389170,0001389170,Energy,Oil & Gas Storage & Transportation,0001193125-26-059296,trgp-20251231.htm,10-K,2026-02-19,2025-12-31,2025,https://www.sec.gov/Archives/edgar/data/1389170/000119312526059296/trgp-20251231.htm,2025/pilot_100/sample/pilot_sampling_frame.csv,expansion_200_final,4,20250729,17,2025/sample_500/html/raw/0001389170/0001193125-26-059296.html
343,S2025-343,S2025-343,KMI,KMI,Kinder Morgan,Kinder Morgan,cik:0001506307,0001506307,Energy,Oil & Gas Storage & Transportation,0001506307-26-000011,kmi-20251231.htm,10-K,2026-02-13,2025-12-31,2025,https://www.sec.gov/Archives/edgar/data/1506307/000150630726000011/kmi-20251231.htm,2025/pilot_100/sample/pilot_sampling_frame.csv,expansion_200_final,4,20250729,18,2025/sample_500/html/raw/0001506307/0001506307-26-000011.html
344,S2025-344,S2025-344,WMB,WMB,Williams Companies,Williams Companies,cik:0000107263,0000107263,Energy,Oil & Gas Storage & Transportation,0000107263-26-000006,wmb-20251231.htm,10-K,2026-02-24,2025-12-31,2025,https://www.sec.gov/Archives/edgar/data/107263/000010726326000006/wmb-20251231.htm,2025/pilot_100/sample/pilot_sampling_frame.csv,expansion_200_final,4,20250729,19,2025/sample_500/html/raw/0000107263/0000107263-26-000006.html
345,S2025-345,S2025-345,MPC,MPC,Marathon Petroleum,Marathon Petroleum,cik:0001510295,0001510295,Energy,Oil & Gas Refining & Marketing,0001510295-26-000009,mpc-20251231.htm,10-K,2026-02-26,2025-12-31,2025,https://www.sec.gov/Archives/edgar/data/1510295/000151029526000009/mpc-20251231.htm,2025/pilot_100/sample/pilot_sampling_frame.csv,expansion_200_final,4,20250729,20,2025/sample_500/html/raw/0001510295/0001510295-26-000009.html
346,S2025-346,S2025-346,OXY,OXY,Occidental Petroleum,Occidental Petroleum,cik:0000797468,0000797468,Energy,Oil & Gas Exploration & Production,0001628280-26-009059,oxy-20251231.htm,10-K,2026-02-18,2025-12-31,2025,https://www.sec.gov/Archives/edgar/data/797468/000162828026009059/oxy-20251231.htm,2025/pilot_100/sample/pilot_sampling_frame.csv,expansion_200_final,4,20250729,21,2025/sample_500/html/raw/0000797468/0001628280-26-009059.html
347,S2025-347,S2025-347,ICE,ICE,Intercontinental Exchange,Intercontinental Exchange,cik:0001571949,0001571949,Financials,Financial Exchanges & Data,0001571949-26-000004,ice-20251231.htm,10-K,2026-02-05,2025-12-31,2025,https://www.sec.gov/Archives/edgar/data/1571949/000157194926000004/ice-20251231.htm,2025/pilot_100/sample/pilot_sampling_frame.csv,expansion_200_final,4,20250729,47,2025/sample_500/html/raw/0001571949/0001571949-26-000004.html
348,S2025-348,S2025-348,IBKR,IBKR,Interactive Brokers,Interactive Brokers,cik:0001381197,0001381197,Financials,Investment Banking & Brokerage,0001381197-26-000062,ibkr-20251231.htm,10-K,2026-02-27,2025-12-31,2025,https://www.sec.gov/Archives/edgar/data/1381197/000138119726000062/ibkr-20251231.htm,2025/pilot_100/sample/pilot_sampling_frame.csv,expansion_200_final,4,20250729,48,2025/sample_500/html/raw/0001381197/0001381197-26-000062.html
349,S2025-349,S2025-349,CINF,CINF,Cincinnati Financial,Cincinnati Financial,cik:0000020286,0000020286,Financials,Property & Casualty Insurance,0000020286-26-000008,cinf-20251231.htm,10-K,2026-02-23,2025-12-31,2025,https://www.sec.gov/Archives/edgar/data/20286/000002028626000008/cinf-20251231.htm,2025/pilot_100/sample/pilot_sampling_frame.csv,expansion_200_final,4,20250729,49,2025/sample_500/html/raw/0000020286/0000020286-26-000008.html
350,S2025-350,S2025-350,JPM,JPM,JPMorgan Chase,JPMorgan Chase,cik:0000019617,0000019617,Financials,Diversified Banks,0001628280-26-008131,jpm-20251231.htm,10-K,2026-02-13,2025-12-31,2025,https://www.sec.gov/Archives/edgar/data/19617/000162828026008131/jpm-20251231.htm,2025/pilot_100/sample/pilot_sampling_frame.csv,expansion_200_final,4,20250729,50,2025/sample_500/html/raw/0000019617/0001628280-26-008131.html
351,S2025-351,S2025-351,HBAN,HBAN,Huntington Bancshares,Huntington Bancshares,cik:0000049196,0000049196,Financials,Regional Banks,0000049196-26-000015,hban-20251231.htm,10-K,2026-02-13,2025-12-31,2025,https://www.sec.gov/Archives/edgar/data/49196/000004919626000015/hban-20251231.htm,2025/pilot_100/sample/pilot_sampling_frame.csv,expansion_200_final,4,20250729,51,2025/sample_500/html/raw/0000049196/0000049196-26-000015.html
352,S2025-352,S2025-352,TROW,TROW,T. Rowe Price,T. Rowe Price,cik:0001113169,0001113169,Financials,Asset Management & Custody Banks,0001628280-26-008002,trow-20251231.htm,10-K,2026-02-13,2025-12-31,2025,https://www.sec.gov/Archives/edgar/data/1113169/000162828026008002/trow-20251231.htm,2025/pilot_100/sample/pilot_sampling_frame.csv,expansion_200_final,4,20250729,52,2025/sample_500/html/raw/0001113169/0001628280-26-008002.html
353,S2025-353,S2025-353,L,L,Loews Corporation,Loews Corporation,cik:0000060086,0000060086,Financials,Multi-line Insurance,0000060086-26-000008,l-20251231.htm,10-K,2026-02-10,2025-12-31,2025,https://www.sec.gov/Archives/edgar/data/60086/000006008626000008/l-20251231.htm,2025/pilot_100/sample/pilot_sampling_frame.csv,expansion_200_final,4,20250729,53,2025/sample_500/html/raw/0000060086/0000060086-26-000008.html
354,S2025-354,S2025-354,CME,CME,CME Group,CME Group,cik:0001156375,0001156375,Financials,Financial Exchanges & Data,0001156375-26-000009,cme-20251231.htm,10-K,2026-02-26,2025-12-31,2025,https://www.sec.gov/Archives/edgar/data/1156375/000115637526000009/cme-20251231.htm,2025/pilot_100/sample/pilot_sampling_frame.csv,expansion_200_final,4,20250729,54,2025/sample_500/html/raw/0001156375/0001156375-26-000009.html
355,S2025-355,S2025-355,TFC,TFC,Truist Financial,Truist Financial,cik:0000092230,0000092230,Financials,Diversified Banks,0000092230-26-000030,tfc-20251231.htm,10-K,2026-02-24,2025-12-31,2025,https://www.sec.gov/Archives/edgar/data/92230/000009223026000030/tfc-20251231.htm,2025/pilot_100/sample/pilot_sampling_frame.csv,expansion_200_final,4,20250729,55,2025/sample_500/html/raw/0000092230/0000092230-26-000030.html
356,S2025-356,S2025-356,BRK-B,BRK-B,Berkshire Hathaway,Berkshire Hathaway,cik:0001067983,0001067983,Financials,Multi-Sector Holdings,0001193125-26-083899,brka-20251231.htm,10-K,2026-03-02,2025-12-31,2025,https://www.sec.gov/Archives/edgar/data/1067983/000119312526083899/brka-20251231.htm,2025/pilot_100/sample/pilot_sampling_frame.csv,expansion_200_final,4,20250729,56,2025/sample_500/html/raw/0001067983/0001193125-26-083899.html
357,S2025-357,S2025-357,AIG,AIG,American International Group,American International Group,cik:0000005272,0000005272,Financials,Multi-line Insurance,0000005272-26-000023,aig-20251231.htm,10-K,2026-02-12,2025-12-31,2025,https://www.sec.gov/Archives/edgar/data/5272/000000527226000023/aig-20251231.htm,2025/pilot_100/sample/pilot_sampling_frame.csv,expansion_200_final,4,20250729,57,2025/sample_500/html/raw/0000005272/0000005272-26-000023.html
358,S2025-358,S2025-358,ACGL,ACGL,Arch Capital Group,Arch Capital Group,cik:0000947484,0000947484,Financials,Property & Casualty Insurance,0000947484-26-000017,acgl-20251231.htm,10-K,2026-02-26,2025-12-31,2025,https://www.sec.gov/Archives/edgar/data/947484/000094748426000017/acgl-20251231.htm,2025/pilot_100/sample/pilot_sampling_frame.csv,expansion_200_final,4,20250729,58,2025/sample_500/html/raw/0000947484/0000947484-26-000017.html
359,S2025-359,S2025-359,PGR,PGR,Progressive Corporation,Progressive Corporation,cik:0000080661,0000080661,Financials,Property & Casualty Insurance,0000080661-26-000086,pgr-20251231.htm,10-K,2026-03-02,2025-12-31,2025,https://www.sec.gov/Archives/edgar/data/80661/000008066126000086/pgr-20251231.htm,2025/pilot_100/sample/pilot_sampling_frame.csv,expansion_200_final,4,20250729,59,2025/sample_500/html/raw/0000080661/0000080661-26-000086.html
360,S2025-360,S2025-360,PYPL,PYPL,PayPal,PayPal,cik:0001633917,0001633917,Financials,Transaction & Payment Processing Services,0001633917-26-000024,pypl-20251231.htm,10-K,2026-02-03,2025-12-31,2025,https://www.sec.gov/Archives/edgar/data/1633917/000163391726000024/pypl-20251231.htm,2025/pilot_100/sample/pilot_sampling_frame.csv,expansion_200_final,4,20250729,60,2025/sample_500/html/raw/0001633917/0001633917-26-000024.html
361,S2025-361,S2025-361,MSCI,MSCI,MSCI Inc.,MSCI Inc.,cik:0001408198,0001408198,Financials,Financial Exchanges & Data,0001408198-26-000011,msci-20251231.htm,10-K,2026-02-06,2025-12-31,2025,https://www.sec.gov/Archives/edgar/data/1408198/000140819826000011/msci-20251231.htm,2025/pilot_100/sample/pilot_sampling_frame.csv,expansion_200_final,4,20250729,61,2025/sample_500/html/raw/0001408198/0001408198-26-000011.html
362,S2025-362,S2025-362,PRU,PRU,Prudential Financial,Prudential Financial,cik:0001137774,0001137774,Financials,Life & Health Insurance,0001137774-26-000048,pru-20251231.htm,10-K,2026-02-12,2025-12-31,2025,https://www.sec.gov/Archives/edgar/data/1137774/000113777426000048/pru-20251231.htm,2025/pilot_100/sample/pilot_sampling_frame.csv,expansion_200_final,4,20250729,62,2025/sample_500/html/raw/0001137774/0001137774-26-000048.html
363,S2025-363,S2025-363,GS,GS,Goldman Sachs,Goldman Sachs,cik:0000886982,0000886982,Financials,Investment Banking & Brokerage,0000886982-26-000091,gs-20251231.htm,10-K,2026-02-25,2025-12-31,2025,https://www.sec.gov/Archives/edgar/data/886982/000088698226000091/gs-20251231.htm,2025/pilot_100/sample/pilot_sampling_frame.csv,expansion_200_final,4,20250729,63,2025/sample_500/html/raw/0000886982/0000886982-26-000091.html
364,S2025-364,S2025-364,CFG,CFG,Citizens Financial Group,Citizens Financial Group,cik:0000759944,0000759944,Financials,Regional Banks,0000759944-26-000028,cfg-20251231.htm,10-K,2026-02-12,2025-12-31,2025,https://www.sec.gov/Archives/edgar/data/759944/000075994426000028/cfg-20251231.htm,2025/pilot_100/sample/pilot_sampling_frame.csv,expansion_200_final,4,20250729,64,2025/sample_500/html/raw/0000759944/0000759944-26-000028.html
365,S2025-365,S2025-365,AMP,AMP,Ameriprise Financial,Ameriprise Financial,cik:0000820027,0000820027,Financials,Asset Management & Custody Banks,0000820027-26-000011,amp-20251231.htm,10-K,2026-02-19,2025-12-31,2025,https://www.sec.gov/Archives/edgar/data/820027/000082002726000011/amp-20251231.htm,2025/pilot_100/sample/pilot_sampling_frame.csv,expansion_200_final,4,20250729,65,2025/sample_500/html/raw/0000820027/0000820027-26-000011.html
366,S2025-366,S2025-366,V,V,Visa Inc.,Visa Inc.,cik:0001403161,0001403161,Financials,Transaction & Payment Processing Services,0001403161-25-000089,v-20250930.htm,10-K,2025-11-06,2025-09-30,2025,https://www.sec.gov/Archives/edgar/data/1403161/000140316125000089/v-20250930.htm,2025/pilot_100/sample/pilot_sampling_frame.csv,expansion_200_final,4,20250729,66,2025/sample_500/html/raw/0001403161/0001403161-25-000089.html
367,S2025-367,S2025-367,AJG,AJG,Arthur J. Gallagher & Co.,Arthur J. Gallagher & Co.,cik:0000354190,0000354190,Financials,Insurance Brokers,0001628280-26-008662,ajg-20251231.htm,10-K,2026-02-17,2025-12-31,2025,https://www.sec.gov/Archives/edgar/data/354190/000162828026008662/ajg-20251231.htm,2025/pilot_100/sample/pilot_sampling_frame.csv,expansion_200_final,4,20250729,67,2025/sample_500/html/raw/0000354190/0001628280-26-008662.html
368,S2025-368,S2025-368,RJF,RJF,Raymond James Financial,Raymond James Financial,cik:0000720005,0000720005,Financials,Investment Banking & Brokerage,0000720005-25-000093,rjf-20250930.htm,10-K,2025-11-25,2025-09-30,2025,https://www.sec.gov/Archives/edgar/data/720005/000072000525000093/rjf-20250930.htm,2025/pilot_100/sample/pilot_sampling_frame.csv,expansion_200_final,4,20250729,68,2025/sample_500/html/raw/0000720005/0000720005-25-000093.html
369,S2025-369,S2025-369,HOOD,HOOD,Robinhood Markets,Robinhood Markets,cik:0001783879,0001783879,Financials,Investment Banking & Brokerage,0001783879-26-000023,hood-20251231.htm,10-K,2026-02-18,2025-12-31,2025,https://www.sec.gov/Archives/edgar/data/1783879/000178387926000023/hood-20251231.htm,2025/pilot_100/sample/pilot_sampling_frame.csv,expansion_200_final,4,20250729,69,2025/sample_500/html/raw/0001783879/0001783879-26-000023.html
370,S2025-370,S2025-370,ERIE,ERIE,Erie Indemnity,Erie Indemnity,cik:0000922621,0000922621,Financials,Insurance Brokers,0001628280-26-010666,erie-20251231.htm,10-K,2026-02-23,2025-12-31,2025,https://www.sec.gov/Archives/edgar/data/922621/000162828026010666/erie-20251231.htm,2025/pilot_100/sample/pilot_sampling_frame.csv,expansion_200_final,4,20250729,70,2025/sample_500/html/raw/0000922621/0001628280-26-010666.html
371,S2025-371,S2025-371,AIZ,AIZ,Assurant,Assurant,cik:0001267238,0001267238,Financials,Multi-line Insurance,0001267238-26-000010,aiz-20251231.htm,10-K,2026-02-19,2025-12-31,2025,https://www.sec.gov/Archives/edgar/data/1267238/000126723826000010/aiz-20251231.htm,2025/pilot_100/sample/pilot_sampling_frame.csv,expansion_200_final,4,20250729,71,2025/sample_500/html/raw/0001267238/0001267238-26-000010.html
372,S2025-372,S2025-372,PNC,PNC,PNC Financial Services,PNC Financial Services,cik:0000713676,0000713676,Financials,Diversified Banks,0000713676-26-000020,pnc-20251231.htm,10-K,2026-02-20,2025-12-31,2025,https://www.sec.gov/Archives/edgar/data/713676/000071367626000020/pnc-20251231.htm,2025/pilot_100/sample/pilot_sampling_frame.csv,expansion_200_final,4,20250729,72,2025/sample_500/html/raw/0000713676/0000713676-26-000020.html
373,S2025-373,S2025-373,FDS,FDS,FactSet,FactSet,cik:0001013237,0001013237,Financials,Financial Exchanges & Data,0001628280-25-045769,fds-20250831.htm,10-K,2025-10-22,2025-08-31,2025,https://www.sec.gov/Archives/edgar/data/1013237/000162828025045769/fds-20250831.htm,2025/pilot_100/sample/pilot_sampling_frame.csv,expansion_200_final,4,20250729,73,2025/sample_500/html/raw/0001013237/0001628280-25-045769.html
374,S2025-374,S2025-374,JKHY,JKHY,Jack Henry & Associates,Jack Henry & Associates,cik:0000779152,0000779152,Financials,Transaction & Payment Processing Services,0000779152-25-000055,jkhy-20250630.htm,10-K,2025-08-25,2025-06-30,2025,https://www.sec.gov/Archives/edgar/data/779152/000077915225000055/jkhy-20250630.htm,2025/pilot_100/sample/pilot_sampling_frame.csv,expansion_200_final,4,20250729,74,2025/sample_500/html/raw/0000779152/0000779152-25-000055.html
375,S2025-375,S2025-375,IQV,IQV,IQVIA,IQVIA,cik:0001478242,0001478242,Health Care,Life Sciences Tools & Services,0001628280-26-008322,iqv-20251231.htm,10-K,2026-02-17,2025-12-31,2025,https://www.sec.gov/Archives/edgar/data/1478242/000162828026008322/iqv-20251231.htm,2025/pilot_100/sample/pilot_sampling_frame.csv,expansion_200_final,4,20250729,37,2025/sample_500/html/raw/0001478242/0001628280-26-008322.html
376,S2025-376,S2025-376,RMD,RMD,ResMed,ResMed,cik:0000943819,0000943819,Health Care,Health Care Equipment,0000943819-25-000035,rmd-20250630.htm,10-K,2025-08-08,2025-06-30,2025,https://www.sec.gov/Archives/edgar/data/943819/000094381925000035/rmd-20250630.htm,2025/pilot_100/sample/pilot_sampling_frame.csv,expansion_200_final,4,20250729,38,2025/sample_500/html/raw/0000943819/0000943819-25-000035.html
377,S2025-377,S2025-377,MDT,MDT,Medtronic,Medtronic,cik:0001613103,0001613103,Health Care,Health Care Equipment,0001613103-25-000091,mdt-20250425.htm,10-K,2025-06-20,2025-04-25,2025,https://www.sec.gov/Archives/edgar/data/1613103/000161310325000091/mdt-20250425.htm,2025/pilot_100/sample/pilot_sampling_frame.csv,expansion_200_final,4,20250729,39,2025/sample_500/html/raw/0001613103/0001613103-25-000091.html
378,S2025-378,S2025-378,SYK,SYK,Stryker Corporation,Stryker Corporation,cik:0000310764,0000310764,Health Care,Health Care Equipment,0000310764-26-000010,syk-20251231.htm,10-K,2026-02-11,2025-12-31,2025,https://www.sec.gov/Archives/edgar/data/310764/000031076426000010/syk-20251231.htm,2025/pilot_100/sample/pilot_sampling_frame.csv,expansion_200_final,4,20250729,40,2025/sample_500/html/raw/0000310764/0000310764-26-000010.html
379,S2025-379,S2025-379,COO,COO,Cooper Companies (The),Cooper Companies (The),cik:0000711404,0000711404,Health Care,Health Care Supplies,0001628280-25-055615,coo-20251031.htm,10-K,2025-12-05,2025-10-31,2025,https://www.sec.gov/Archives/edgar/data/711404/000162828025055615/coo-20251031.htm,2025/pilot_100/sample/pilot_sampling_frame.csv,expansion_200_final,4,20250729,41,2025/sample_500/html/raw/0000711404/0001628280-25-055615.html
380,S2025-380,S2025-380,GEHC,GEHC,GE HealthCare,GE HealthCare,cik:0001932393,0001932393,Health Care,Health Care Equipment,0001932393-26-000007,gehc-20251231.htm,10-K,2026-02-04,2025-12-31,2025,https://www.sec.gov/Archives/edgar/data/1932393/000193239326000007/gehc-20251231.htm,2025/pilot_100/sample/pilot_sampling_frame.csv,expansion_200_final,4,20250729,42,2025/sample_500/html/raw/0001932393/0001932393-26-000007.html
381,S2025-381,S2025-381,CAH,CAH,Cardinal Health,Cardinal Health,cik:0000721371,0000721371,Health Care,Health Care Distributors,0000721371-25-000079,cah-20250630.htm,10-K,2025-08-12,2025-06-30,2025,https://www.sec.gov/Archives/edgar/data/721371/000072137125000079/cah-20250630.htm,2025/pilot_100/sample/pilot_sampling_frame.csv,expansion_200_final,4,20250729,43,2025/sample_500/html/raw/0000721371/0000721371-25-000079.html
382,S2025-382,S2025-382,UHS,UHS,Universal Health Services,Universal Health Services,cik:0000352915,0000352915,Health Care,Health Care Facilities,0001193125-26-071676,uhs-20251231.htm,10-K,2026-02-25,2025-12-31,2025,https://www.sec.gov/Archives/edgar/data/352915/000119312526071676/uhs-20251231.htm,2025/pilot_100/sample/pilot_sampling_frame.csv,expansion_200_final,4,20250729,44,2025/sample_500/html/raw/0000352915/0001193125-26-071676.html
383,S2025-383,S2025-383,GILD,GILD,Gilead Sciences,Gilead Sciences,cik:0000882095,0000882095,Health Care,Biotechnology,0000882095-26-000006,gild-20251231.htm,10-K,2026-02-24,2025-12-31,2025,https://www.sec.gov/Archives/edgar/data/882095/000088209526000006/gild-20251231.htm,2025/pilot_100/sample/pilot_sampling_frame.csv,expansion_200_final,4,20250729,45,2025/sample_500/html/raw/0000882095/0000882095-26-000006.html
384,S2025-384,S2025-384,ALGN,ALGN,Align Technology,Align Technology,cik:0001097149,0001097149,Health Care,Health Care Supplies,0001097149-26-000014,algn-20251231.htm,10-K,2026-02-27,2025-12-31,2025,https://www.sec.gov/Archives/edgar/data/1097149/000109714926000014/algn-20251231.htm,2025/pilot_100/sample/pilot_sampling_frame.csv,expansion_200_final,4,20250729,46,2025/sample_500/html/raw/0001097149/0001097149-26-000014.html
385,S2025-385,S2025-385,VTRS,VTRS,Viatris,Viatris,cik:0001792044,0001792044,Health Care,Pharmaceuticals,0001792044-26-000013,vtrs-20251231.htm,10-K,2026-02-26,2025-12-31,2025,https://www.sec.gov/Archives/edgar/data/1792044/000179204426000013/vtrs-20251231.htm,2025/pilot_100/sample/pilot_sampling_frame.csv,expansion_200_final,4,20250729,47,2025/sample_500/html/raw/0001792044/0001792044-26-000013.html
386,S2025-386,S2025-386,INCY,INCY,Incyte,Incyte,cik:0000879169,0000879169,Health Care,Biotechnology,0000879169-26-000010,incy-20251231.htm,10-K,2026-02-10,2025-12-31,2025,https://www.sec.gov/Archives/edgar/data/879169/000087916926000010/incy-20251231.htm,2025/pilot_100/sample/pilot_sampling_frame.csv,expansion_200_final,4,20250729,48,2025/sample_500/html/raw/0000879169/0000879169-26-000010.html
387,S2025-387,S2025-387,IDXX,IDXX,Idexx Laboratories,Idexx Laboratories,cik:0000874716,0000874716,Health Care,Health Care Equipment,0000874716-26-000038,idxx-20251231.htm,10-K,2026-02-20,2025-12-31,2025,https://www.sec.gov/Archives/edgar/data/874716/000087471626000038/idxx-20251231.htm,2025/pilot_100/sample/pilot_sampling_frame.csv,expansion_200_final,4,20250729,49,2025/sample_500/html/raw/0000874716/0000874716-26-000038.html
388,S2025-388,S2025-388,CI,CI,Cigna,Cigna,cik:0001739940,0001739940,Health Care,Health Care Services,0001739940-26-000006,ci-20251231.htm,10-K,2026-02-26,2025-12-31,2025,https://www.sec.gov/Archives/edgar/data/1739940/000173994026000006/ci-20251231.htm,2025/pilot_100/sample/pilot_sampling_frame.csv,expansion_200_final,4,20250729,50,2025/sample_500/html/raw/0001739940/0001739940-26-000006.html
389,S2025-389,S2025-389,BDX,BDX,Becton Dickinson,Becton Dickinson,cik:0000010795,0000010795,Health Care,Health Care Equipment,0000010795-25-000099,bdx-20250930.htm,10-K,2025-11-25,2025-09-30,2025,https://www.sec.gov/Archives/edgar/data/10795/000001079525000099/bdx-20250930.htm,2025/pilot_100/sample/pilot_sampling_frame.csv,expansion_200_final,4,20250729,51,2025/sample_500/html/raw/0000010795/0000010795-25-000099.html
390,S2025-390,S2025-390,HUM,HUM,Humana,Humana,cik:0000049071,0000049071,Health Care,Managed Health Care,0000049071-26-000009,hum-20251231.htm,10-K,2026-02-19,2025-12-31,2025,https://www.sec.gov/Archives/edgar/data/49071/000004907126000009/hum-20251231.htm,2025/pilot_100/sample/pilot_sampling_frame.csv,expansion_200_final,4,20250729,52,2025/sample_500/html/raw/0000049071/0000049071-26-000009.html
391,S2025-391,S2025-391,STE,STE,Steris,Steris,cik:0001757898,0001757898,Health Care,Health Care Equipment,0001757898-25-000005,ste-20250331.htm,10-K,2025-05-29,2025-03-31,2025,https://www.sec.gov/Archives/edgar/data/1757898/000175789825000005/ste-20250331.htm,2025/pilot_100/sample/pilot_sampling_frame.csv,expansion_200_final,4,20250729,53,2025/sample_500/html/raw/0001757898/0001757898-25-000005.html
392,S2025-392,S2025-392,TMO,TMO,Thermo Fisher Scientific,Thermo Fisher Scientific,cik:0000097745,0000097745,Health Care,Life Sciences Tools & Services,0000097745-26-000018,tmo-20251231.htm,10-K,2026-02-26,2025-12-31,2025,https://www.sec.gov/Archives/edgar/data/97745/000009774526000018/tmo-20251231.htm,2025/pilot_100/sample/pilot_sampling_frame.csv,expansion_200_final,4,20250729,54,2025/sample_500/html/raw/0000097745/0000097745-26-000018.html
393,S2025-393,S2025-393,MRK,MRK,Merck & Co.,Merck & Co.,cik:0000310158,0000310158,Health Care,Pharmaceuticals,0000310158-26-000063,mrk-20251231.htm,10-K,2026-02-24,2025-12-31,2025,https://www.sec.gov/Archives/edgar/data/310158/000031015826000063/mrk-20251231.htm,2025/pilot_100/sample/pilot_sampling_frame.csv,expansion_200_final,4,20250729,55,2025/sample_500/html/raw/0000310158/0000310158-26-000063.html
394,S2025-394,S2025-394,JNJ,JNJ,Johnson & Johnson,Johnson & Johnson,cik:0000200406,0000200406,Health Care,Pharmaceuticals,0000200406-26-000016,jnj-20251228.htm,10-K,2026-02-11,2025-12-28,2025,https://www.sec.gov/Archives/edgar/data/200406/000020040626000016/jnj-20251228.htm,2025/pilot_100/sample/pilot_sampling_frame.csv,expansion_200_final,4,20250729,56,2025/sample_500/html/raw/0000200406/0000200406-26-000016.html
395,S2025-395,S2025-395,BIIB,BIIB,Biogen,Biogen,cik:0000875045,0000875045,Health Care,Biotechnology,0000875045-26-000013,biib-20251231.htm,10-K,2026-02-06,2025-12-31,2025,https://www.sec.gov/Archives/edgar/data/875045/000087504526000013/biib-20251231.htm,2025/pilot_100/sample/pilot_sampling_frame.csv,expansion_200_final,4,20250729,57,2025/sample_500/html/raw/0000875045/0000875045-26-000013.html
396,S2025-396,S2025-396,COR,COR,Cencora,Cencora,cik:0001140859,0001140859,Health Care,Health Care Distributors,0001140859-25-000131,cor-20250930.htm,10-K,2025-11-25,2025-09-30,2025,https://www.sec.gov/Archives/edgar/data/1140859/000114085925000131/cor-20250930.htm,2025/pilot_100/sample/pilot_sampling_frame.csv,expansion_200_final,4,20250729,58,2025/sample_500/html/raw/0001140859/0001140859-25-000131.html
397,S2025-397,S2025-397,UBER,UBER,Uber,Uber,cik:0001543151,0001543151,Industrials,Passenger Ground Transportation,0001543151-26-000015,uber-20251231.htm,10-K,2026-02-13,2025-12-31,2025,https://www.sec.gov/Archives/edgar/data/1543151/000154315126000015/uber-20251231.htm,2025/pilot_100/sample/pilot_sampling_frame.csv,expansion_200_final,4,20250729,51,2025/sample_500/html/raw/0001543151/0001543151-26-000015.html
398,S2025-398,S2025-398,IR,IR,Ingersoll Rand,Ingersoll Rand,cik:0001699150,0001699150,Industrials,Industrial Machinery & Supplies & Components,0001628280-26-008617,iri-20251231.htm,10-K,2026-02-17,2025-12-31,2025,https://www.sec.gov/Archives/edgar/data/1699150/000162828026008617/iri-20251231.htm,2025/pilot_100/sample/pilot_sampling_frame.csv,expansion_200_final,4,20250729,52,2025/sample_500/html/raw/0001699150/0001628280-26-008617.html
399,S2025-399,S2025-399,DE,DE,Deere & Company,Deere & Company,cik:0000315189,0000315189,Industrials,Agricultural & Farm Machinery,0001104659-25-122321,de-20251102x10k.htm,10-K,2025-12-18,2025-11-02,2025,https://www.sec.gov/Archives/edgar/data/315189/000110465925122321/de-20251102x10k.htm,2025/pilot_100/sample/pilot_sampling_frame.csv,expansion_200_final,4,20250729,53,2025/sample_500/html/raw/0000315189/0001104659-25-122321.html
400,S2025-400,S2025-400,PAYX,PAYX,Paychex,Paychex,cik:0000723531,0000723531,Industrials,Human Resource & Employment Services,0000950170-25-095300,payx-20250531.htm,10-K,2025-07-11,2025-05-31,2025,https://www.sec.gov/Archives/edgar/data/723531/000095017025095300/payx-20250531.htm,2025/pilot_100/sample/pilot_sampling_frame.csv,expansion_200_final,4,20250729,54,2025/sample_500/html/raw/0000723531/0000950170-25-095300.html
401,S2025-401,S2025-401,EFX,EFX,Equifax,Equifax,cik:0000033185,0000033185,Industrials,Research & Consulting Services,0000033185-26-000010,efx-20251231.htm,10-K,2026-02-19,2025-12-31,2025,https://www.sec.gov/Archives/edgar/data/33185/000003318526000010/efx-20251231.htm,2025/pilot_100/sample/pilot_sampling_frame.csv,expansion_200_final,5,20250729,55,2025/sample_500/html/raw/0000033185/0000033185-26-000010.html
402,S2025-402,S2025-402,PCAR,PCAR,Paccar,Paccar,cik:0000075362,0000075362,Industrials,Construction Machinery & Heavy Transportation Equipment,0001193125-26-057025,pcar-20251231.htm,10-K,2026-02-18,2025-12-31,2025,https://www.sec.gov/Archives/edgar/data/75362/000119312526057025/pcar-20251231.htm,2025/pilot_100/sample/pilot_sampling_frame.csv,expansion_200_final,5,20250729,56,2025/sample_500/html/raw/0000075362/0001193125-26-057025.html
403,S2025-403,S2025-403,AOS,AOS,A. O. Smith,A. O. Smith,cik:0000091142,0000091142,Industrials,Building Products,0000091142-26-000008,aos-20251231.htm,10-K,2026-02-10,2025-12-31,2025,https://www.sec.gov/Archives/edgar/data/91142/000009114226000008/aos-20251231.htm,2025/pilot_100/sample/pilot_sampling_frame.csv,expansion_200_final,5,20250729,57,2025/sample_500/html/raw/0000091142/0000091142-26-000008.html
404,S2025-404,S2025-404,EMR,EMR,Emerson Electric,Emerson Electric,cik:0000032604,0000032604,Industrials,Electrical Components & Equipment,0000032604-25-000087,emr-20250930.htm,10-K,2025-11-10,2025-09-30,2025,https://www.sec.gov/Archives/edgar/data/32604/000003260425000087/emr-20250930.htm,2025/pilot_100/sample/pilot_sampling_frame.csv,expansion_200_final,5,20250729,58,2025/sample_500/html/raw/0000032604/0000032604-25-000087.html
405,S2025-405,S2025-405,PNR,PNR,Pentair,Pentair,cik:0000077360,0000077360,Industrials,Industrial Machinery & Supplies & Components,0000077360-26-000007,pnr-20251231.htm,10-K,2026-02-24,2025-12-31,2025,https://www.sec.gov/Archives/edgar/data/77360/000007736026000007/pnr-20251231.htm,2025/pilot_100/sample/pilot_sampling_frame.csv,expansion_200_final,5,20250729,59,2025/sample_500/html/raw/0000077360/0000077360-26-000007.html
406,S2025-406,S2025-406,AME,AME,Ametek,Ametek,cik:0001037868,0001037868,Industrials,Electrical Components & Equipment,0001037868-26-000016,ame-20251231.htm,10-K,2026-02-17,2025-12-31,2025,https://www.sec.gov/Archives/edgar/data/1037868/000103786826000016/ame-20251231.htm,2025/pilot_100/sample/pilot_sampling_frame.csv,expansion_200_final,5,20250729,60,2025/sample_500/html/raw/0001037868/0001037868-26-000016.html
407,S2025-407,S2025-407,ETN,ETN,Eaton Corporation,Eaton Corporation,cik:0001551182,0001551182,Industrials,Electrical Components & Equipment,0001551182-26-000007,etn-20251231.htm,10-K,2026-02-26,2025-12-31,2025,https://www.sec.gov/Archives/edgar/data/1551182/000155118226000007/etn-20251231.htm,2025/pilot_100/sample/pilot_sampling_frame.csv,expansion_200_final,5,20250729,61,2025/sample_500/html/raw/0001551182/0001551182-26-000007.html
408,S2025-408,S2025-408,BR,BR,Broadridge Financial Solutions,Broadridge Financial Solutions,cik:0001383312,0001383312,Industrials,Data Processing & Outsourced Services,0001628280-25-037656,br-20250630.htm,10-K,2025-08-05,2025-06-30,2025,https://www.sec.gov/Archives/edgar/data/1383312/000162828025037656/br-20250630.htm,2025/pilot_100/sample/pilot_sampling_frame.csv,expansion_200_final,5,20250729,62,2025/sample_500/html/raw/0001383312/0001628280-25-037656.html
409,S2025-409,S2025-409,JBHT,JBHT,J.B. Hunt,J.B. Hunt,cik:0000728535,0000728535,Industrials,Cargo Ground Transportation,0001437749-26-005294,jbht20251231_10k.htm,10-K,2026-02-24,2025-12-31,2025,https://www.sec.gov/Archives/edgar/data/728535/000143774926005294/jbht20251231_10k.htm,2025/pilot_100/sample/pilot_sampling_frame.csv,expansion_200_final,5,20250729,64,2025/sample_500/html/raw/0000728535/0001437749-26-005294.html
410,S2025-410,S2025-410,HWM,HWM,Howmet Aerospace,Howmet Aerospace,cik:0000004281,0000004281,Industrials,Aerospace & Defense,0000004281-26-000012,hwm-20251231.htm,10-K,2026-02-12,2025-12-31,2025,https://www.sec.gov/Archives/edgar/data/4281/000000428126000012/hwm-20251231.htm,2025/pilot_100/sample/pilot_sampling_frame.csv,expansion_200_final,5,20250729,65,2025/sample_500/html/raw/0000004281/0000004281-26-000012.html
411,S2025-411,S2025-411,OTIS,OTIS,Otis Worldwide,Otis Worldwide,cik:0001781335,0001781335,Industrials,Industrial Machinery & Supplies & Components,0001781335-26-000011,otis-20251231.htm,10-K,2026-02-05,2025-12-31,2025,https://www.sec.gov/Archives/edgar/data/1781335/000178133526000011/otis-20251231.htm,2025/pilot_100/sample/pilot_sampling_frame.csv,expansion_200_final,5,20250729,66,2025/sample_500/html/raw/0001781335/0001781335-26-000011.html
412,S2025-412,S2025-412,ADP,ADP,Automatic Data Processing,Automatic Data Processing,cik:0000008670,0000008670,Industrials,Human Resource & Employment Services,0000008670-25-000037,adp-20250630.htm,10-K,2025-08-06,2025-06-30,2025,https://www.sec.gov/Archives/edgar/data/8670/000000867025000037/adp-20250630.htm,2025/pilot_100/sample/pilot_sampling_frame.csv,expansion_200_final,5,20250729,67,2025/sample_500/html/raw/0000008670/0000008670-25-000037.html
413,S2025-413,S2025-413,GEV,GEV,GE Vernova,GE Vernova,cik:0001996810,0001996810,Industrials,Heavy Electrical Equipment,0001996810-26-000015,gev-20251231.htm,10-K,2026-01-29,2025-12-31,2025,https://www.sec.gov/Archives/edgar/data/1996810/000199681026000015/gev-20251231.htm,2025/pilot_100/sample/pilot_sampling_frame.csv,expansion_200_final,5,20250729,68,2025/sample_500/html/raw/0001996810/0001996810-26-000015.html
414,S2025-414,S2025-414,CMI,CMI,Cummins,Cummins,cik:0000026172,0000026172,Industrials,Construction Machinery & Heavy Transportation Equipment,0000026172-26-000009,cmi-20251231.htm,10-K,2026-02-10,2025-12-31,2025,https://www.sec.gov/Archives/edgar/data/26172/000002617226000009/cmi-20251231.htm,2025/pilot_100/sample/pilot_sampling_frame.csv,expansion_200_final,5,20250729,69,2025/sample_500/html/raw/0000026172/0000026172-26-000009.html
415,S2025-415,S2025-415,DOV,DOV,Dover Corporation,Dover Corporation,cik:0000029905,0000029905,Industrials,Industrial Machinery & Supplies & Components,0000029905-26-000009,dov-20251231.htm,10-K,2026-02-13,2025-12-31,2025,https://www.sec.gov/Archives/edgar/data/29905/000002990526000009/dov-20251231.htm,2025/pilot_100/sample/pilot_sampling_frame.csv,expansion_200_final,5,20250729,70,2025/sample_500/html/raw/0000029905/0000029905-26-000009.html
416,S2025-416,S2025-416,MMM,MMM,3M,3M,cik:0000066740,0000066740,Industrials,Industrial Conglomerates,0000066740-26-000014,mmm-20251231.htm,10-K,2026-02-03,2025-12-31,2025,https://www.sec.gov/Archives/edgar/data/66740/000006674026000014/mmm-20251231.htm,2025/pilot_100/sample/pilot_sampling_frame.csv,expansion_200_final,5,20250729,71,2025/sample_500/html/raw/0000066740/0000066740-26-000014.html
417,S2025-417,S2025-417,AXON,AXON,Axon Enterprise,Axon Enterprise,cik:0001069183,0001069183,Industrials,Aerospace & Defense,0001628280-26-011360,axon-20251231.htm,10-K,2026-02-25,2025-12-31,2025,https://www.sec.gov/Archives/edgar/data/1069183/000162828026011360/axon-20251231.htm,2025/pilot_100/sample/pilot_sampling_frame.csv,expansion_200_final,5,20250729,72,2025/sample_500/html/raw/0001069183/0001628280-26-011360.html
418,S2025-418,S2025-418,GD,GD,General Dynamics,General Dynamics,cik:0000040533,0000040533,Industrials,Aerospace & Defense,0000040533-26-000006,gd-20251231.htm,10-K,2026-01-30,2025-12-31,2025,https://www.sec.gov/Archives/edgar/data/40533/000004053326000006/gd-20251231.htm,2025/pilot_100/sample/pilot_sampling_frame.csv,expansion_200_final,5,20250729,73,2025/sample_500/html/raw/0000040533/0000040533-26-000006.html
419,S2025-419,S2025-419,IEX,IEX,IDEX Corporation,IDEX Corporation,cik:0000832101,0000832101,Industrials,Industrial Machinery & Supplies & Components,0000832101-26-000003,iex-20251231.htm,10-K,2026-02-19,2025-12-31,2025,https://www.sec.gov/Archives/edgar/data/832101/000083210126000003/iex-20251231.htm,2025/pilot_100/sample/pilot_sampling_frame.csv,expansion_200_final,5,20250729,74,2025/sample_500/html/raw/0000832101/0000832101-26-000003.html
420,S2025-420,S2025-420,ROK,ROK,Rockwell Automation,Rockwell Automation,cik:0001024478,0001024478,Industrials,Electrical Components & Equipment,0001024478-25-000116,rok-20250930.htm,10-K,2025-11-12,2025-09-30,2025,https://www.sec.gov/Archives/edgar/data/1024478/000102447825000116/rok-20250930.htm,2025/pilot_100/sample/pilot_sampling_frame.csv,expansion_200_final,5,20250729,75,2025/sample_500/html/raw/0001024478/0001024478-25-000116.html
421,S2025-421,S2025-421,HUBB,HUBB,Hubbell Incorporated,Hubbell Incorporated,cik:0000048898,0000048898,Industrials,Industrial Machinery & Supplies & Components,0001628280-26-007500,hubb-20251231.htm,10-K,2026-02-12,2025-12-31,2025,https://www.sec.gov/Archives/edgar/data/48898/000162828026007500/hubb-20251231.htm,2025/pilot_100/sample/pilot_sampling_frame.csv,expansion_200_final,5,20250729,76,2025/sample_500/html/raw/0000048898/0001628280-26-007500.html
422,S2025-422,S2025-422,RSG,RSG,Republic Services,Republic Services,cik:0001060391,0001060391,Industrials,Environmental & Facilities Services,0001060391-26-000094,rsg-20251231.htm,10-K,2026-02-18,2025-12-31,2025,https://www.sec.gov/Archives/edgar/data/1060391/000106039126000094/rsg-20251231.htm,2025/pilot_100/sample/pilot_sampling_frame.csv,expansion_200_final,5,20250729,77,2025/sample_500/html/raw/0001060391/0001060391-26-000094.html
423,S2025-423,S2025-423,BA,BA,Boeing,Boeing,cik:0000012927,0000012927,Industrials,Aerospace & Defense,0001628280-26-004357,ba-20251231.htm,10-K,2026-01-30,2025-12-31,2025,https://www.sec.gov/Archives/edgar/data/12927/000162828026004357/ba-20251231.htm,2025/pilot_100/sample/pilot_sampling_frame.csv,expansion_200_final,5,20250729,78,2025/sample_500/html/raw/0000012927/0001628280-26-004357.html
424,S2025-424,S2025-424,GEN,GEN,Gen Digital,Gen Digital,cik:0000849399,0000849399,Information Technology,Systems Software,0000849399-25-000033,gen-20250328.htm,10-K,2025-05-15,2025-03-28,2025,https://www.sec.gov/Archives/edgar/data/849399/000084939925000033/gen-20250328.htm,2025/pilot_100/sample/pilot_sampling_frame.csv,expansion_200_final,5,20250729,43,2025/sample_500/html/raw/0000849399/0000849399-25-000033.html
425,S2025-425,S2025-425,SWKS,SWKS,Skyworks Solutions,Skyworks Solutions,cik:0000004127,0000004127,Information Technology,Semiconductors,0000004127-25-000085,swks-20251003.htm,10-K,2025-11-07,2025-10-03,2025,https://www.sec.gov/Archives/edgar/data/4127/000000412725000085/swks-20251003.htm,2025/pilot_100/sample/pilot_sampling_frame.csv,expansion_200_final,5,20250729,44,2025/sample_500/html/raw/0000004127/0000004127-25-000085.html
426,S2025-426,S2025-426,SNPS,SNPS,Synopsys,Synopsys,cik:0000883241,0000883241,Information Technology,Application Software,0000883241-25-000028,snps-20251031.htm,10-K,2025-12-22,2025-10-31,2025,https://www.sec.gov/Archives/edgar/data/883241/000088324125000028/snps-20251031.htm,2025/pilot_100/sample/pilot_sampling_frame.csv,expansion_200_final,5,20250729,45,2025/sample_500/html/raw/0000883241/0000883241-25-000028.html
427,S2025-427,S2025-427,MCHP,MCHP,Microchip Technology,Microchip Technology,cik:0000827054,0000827054,Information Technology,Semiconductors,0000827054-25-000077,mchp-20250331.htm,10-K,2025-05-23,2025-03-31,2025,https://www.sec.gov/Archives/edgar/data/827054/000082705425000077/mchp-20250331.htm,2025/pilot_100/sample/pilot_sampling_frame.csv,expansion_200_final,5,20250729,46,2025/sample_500/html/raw/0000827054/0000827054-25-000077.html
428,S2025-428,S2025-428,TEL,TEL,TE Connectivity,TE Connectivity,cik:0001385157,0001385157,Information Technology,Electronic Manufacturing Services,0001104659-25-109150,tel-20250926x10k.htm,10-K,2025-11-10,2025-09-26,2025,https://www.sec.gov/Archives/edgar/data/1385157/000110465925109150/tel-20250926x10k.htm,2025/pilot_100/sample/pilot_sampling_frame.csv,expansion_200_final,5,20250729,47,2025/sample_500/html/raw/0001385157/0001104659-25-109150.html
429,S2025-429,S2025-429,PLTR,PLTR,Palantir Technologies,Palantir Technologies,cik:0001321655,0001321655,Information Technology,Application Software,0001321655-26-000011,pltr-20251231.htm,10-K,2026-02-17,2025-12-31,2025,https://www.sec.gov/Archives/edgar/data/1321655/000132165526000011/pltr-20251231.htm,2025/pilot_100/sample/pilot_sampling_frame.csv,expansion_200_final,5,20250729,48,2025/sample_500/html/raw/0001321655/0001321655-26-000011.html
430,S2025-430,S2025-430,AKAM,AKAM,Akamai Technologies,Akamai Technologies,cik:0001086222,0001086222,Information Technology,Internet Services & Infrastructure,0001086222-26-000022,akam-20251231.htm,10-K,2026-02-20,2025-12-31,2025,https://www.sec.gov/Archives/edgar/data/1086222/000108622226000022/akam-20251231.htm,2025/pilot_100/sample/pilot_sampling_frame.csv,expansion_200_final,5,20250729,49,2025/sample_500/html/raw/0001086222/0001086222-26-000022.html
431,S2025-431,S2025-431,NTAP,NTAP,NetApp,NetApp,cik:0001002047,0001002047,Information Technology,"Technology Hardware, Storage & Peripherals",0000950170-25-083705,ntap-20250425.htm,10-K,2025-06-09,2025-04-25,2025,https://www.sec.gov/Archives/edgar/data/1002047/000095017025083705/ntap-20250425.htm,2025/pilot_100/sample/pilot_sampling_frame.csv,expansion_200_final,5,20250729,50,2025/sample_500/html/raw/0001002047/0000950170-25-083705.html
432,S2025-432,S2025-432,CDNS,CDNS,Cadence Design Systems,Cadence Design Systems,cik:0000813672,0000813672,Information Technology,Application Software,0000813672-26-000016,cdns-20251231.htm,10-K,2026-02-19,2025-12-31,2025,https://www.sec.gov/Archives/edgar/data/813672/000081367226000016/cdns-20251231.htm,2025/pilot_100/sample/pilot_sampling_frame.csv,expansion_200_final,5,20250729,51,2025/sample_500/html/raw/0000813672/0000813672-26-000016.html
433,S2025-433,S2025-433,NOW,NOW,ServiceNow,ServiceNow,cik:0001373715,0001373715,Information Technology,Systems Software,0001373715-26-000007,now-20251231.htm,10-K,2026-01-29,2025-12-31,2025,https://www.sec.gov/Archives/edgar/data/1373715/000137371526000007/now-20251231.htm,2025/pilot_100/sample/pilot_sampling_frame.csv,expansion_200_final,5,20250729,52,2025/sample_500/html/raw/0001373715/0001373715-26-000007.html
434,S2025-434,S2025-434,FFIV,FFIV,"F5, Inc.","F5, Inc.",cik:0001048695,0001048695,Information Technology,Communications Equipment,0001048695-25-000157,ffiv-20250930.htm,10-K,2025-11-25,2025-09-30,2025,https://www.sec.gov/Archives/edgar/data/1048695/000104869525000157/ffiv-20250930.htm,2025/pilot_100/sample/pilot_sampling_frame.csv,expansion_200_final,5,20250729,53,2025/sample_500/html/raw/0001048695/0001048695-25-000157.html
435,S2025-435,S2025-435,JBL,JBL,Jabil,Jabil,cik:0000898293,0000898293,Information Technology,Electronic Manufacturing Services,0001628280-25-045293,jbl-20250831.htm,10-K,2025-10-17,2025-08-31,2025,https://www.sec.gov/Archives/edgar/data/898293/000162828025045293/jbl-20250831.htm,2025/pilot_100/sample/pilot_sampling_frame.csv,expansion_200_final,5,20250729,54,2025/sample_500/html/raw/0000898293/0001628280-25-045293.html
436,S2025-436,S2025-436,ADBE,ADBE,Adobe Inc.,Adobe Inc.,cik:0000796343,0000796343,Information Technology,Application Software,0000796343-26-000003,adbe-20251128.htm,10-K,2026-01-15,2025-11-28,2025,https://www.sec.gov/Archives/edgar/data/796343/000079634326000003/adbe-20251128.htm,2025/pilot_100/sample/pilot_sampling_frame.csv,expansion_200_final,5,20250729,55,2025/sample_500/html/raw/0000796343/0000796343-26-000003.html
437,S2025-437,S2025-437,IBM,IBM,IBM,IBM,cik:0000051143,0000051143,Information Technology,IT Consulting & Other Services,0000051143-26-000010,ibm-20251231.htm,10-K,2026-02-24,2025-12-31,2025,https://www.sec.gov/Archives/edgar/data/51143/000005114326000010/ibm-20251231.htm,2025/pilot_100/sample/pilot_sampling_frame.csv,expansion_200_final,5,20250729,56,2025/sample_500/html/raw/0000051143/0000051143-26-000010.html
438,S2025-438,S2025-438,LRCX,LRCX,Lam Research,Lam Research,cik:0000707549,0000707549,Information Technology,Semiconductor Materials & Equipment,0000707549-25-000075,lrcx-20250629.htm,10-K,2025-08-11,2025-06-29,2025,https://www.sec.gov/Archives/edgar/data/707549/000070754925000075/lrcx-20250629.htm,2025/pilot_100/sample/pilot_sampling_frame.csv,expansion_200_final,5,20250729,57,2025/sample_500/html/raw/0000707549/0000707549-25-000075.html
439,S2025-439,S2025-439,ADSK,ADSK,Autodesk,Autodesk,cik:0000769397,0000769397,Information Technology,Application Software,0000769397-25-000019,adsk-20250131.htm,10-K,2025-03-06,2025-01-31,2025,https://www.sec.gov/Archives/edgar/data/769397/000076939725000019/adsk-20250131.htm,2025/pilot_100/sample/pilot_sampling_frame.csv,expansion_200_final,5,20250729,58,2025/sample_500/html/raw/0000769397/0000769397-25-000019.html
440,S2025-440,S2025-440,Q,Q,Qnity Electronics,Qnity Electronics,cik:0002058873,0002058873,Information Technology,Semiconductor Materials & Equipment,0002058873-26-000010,q-20251231.htm,10-K,2026-02-26,2025-12-31,2025,https://www.sec.gov/Archives/edgar/data/2058873/000205887326000010/q-20251231.htm,2025/pilot_100/sample/pilot_sampling_frame.csv,expansion_200_final,5,20250729,59,2025/sample_500/html/raw/0002058873/0002058873-26-000010.html
441,S2025-441,S2025-441,VRSN,VRSN,Verisign,Verisign,cik:0001014473,0001014473,Information Technology,Internet Services & Infrastructure,0001014473-26-000006,vrsn-20251231.htm,10-K,2026-02-05,2025-12-31,2025,https://www.sec.gov/Archives/edgar/data/1014473/000101447326000006/vrsn-20251231.htm,2025/pilot_100/sample/pilot_sampling_frame.csv,expansion_200_final,5,20250729,60,2025/sample_500/html/raw/0001014473/0001014473-26-000006.html
442,S2025-442,S2025-442,CSCO,CSCO,Cisco,Cisco,cik:0000858877,0000858877,Information Technology,Communications Equipment,0000858877-25-000111,csco-20250726.htm,10-K,2025-09-03,2025-07-26,2025,https://www.sec.gov/Archives/edgar/data/858877/000085887725000111/csco-20250726.htm,2025/pilot_100/sample/pilot_sampling_frame.csv,expansion_200_final,5,20250729,61,2025/sample_500/html/raw/0000858877/0000858877-25-000111.html
443,S2025-443,S2025-443,CRM,CRM,Salesforce,Salesforce,cik:0001108524,0001108524,Information Technology,Application Software,0001108524-25-000006,crm-20250131.htm,10-K,2025-03-05,2025-01-31,2025,https://www.sec.gov/Archives/edgar/data/1108524/000110852425000006/crm-20250131.htm,2025/pilot_100/sample/pilot_sampling_frame.csv,expansion_200_final,5,20250729,62,2025/sample_500/html/raw/0001108524/0001108524-25-000006.html
444,S2025-444,S2025-444,ON,ON,ON Semiconductor,ON Semiconductor,cik:0001097864,0001097864,Information Technology,Semiconductors,0001097864-26-000006,on-20251231.htm,10-K,2026-02-09,2025-12-31,2025,https://www.sec.gov/Archives/edgar/data/1097864/000109786426000006/on-20251231.htm,2025/pilot_100/sample/pilot_sampling_frame.csv,expansion_200_final,5,20250729,63,2025/sample_500/html/raw/0001097864/0001097864-26-000006.html
445,S2025-445,S2025-445,NXPI,NXPI,NXP Semiconductors,NXP Semiconductors,cik:0001413447,0001413447,Information Technology,Semiconductors,0001413447-26-000008,nxpi-20251231.htm,10-K,2026-02-19,2025-12-31,2025,https://www.sec.gov/Archives/edgar/data/1413447/000141344726000008/nxpi-20251231.htm,2025/pilot_100/sample/pilot_sampling_frame.csv,expansion_200_final,5,20250729,64,2025/sample_500/html/raw/0001413447/0001413447-26-000008.html
446,S2025-446,S2025-446,TDY,TDY,Teledyne Technologies,Teledyne Technologies,cik:0001094285,0001094285,Information Technology,Electronic Equipment & Instruments,0001094285-26-000017,tdy-20251228.htm,10-K,2026-02-20,2025-12-28,2025,https://www.sec.gov/Archives/edgar/data/1094285/000109428526000017/tdy-20251228.htm,2025/pilot_100/sample/pilot_sampling_frame.csv,expansion_200_final,5,20250729,65,2025/sample_500/html/raw/0001094285/0001094285-26-000017.html
447,S2025-447,S2025-447,MPWR,MPWR,Monolithic Power Systems,Monolithic Power Systems,cik:0001280452,0001280452,Information Technology,Semiconductors,0001437749-26-006113,mpwr20251231_10k.htm,10-K,2026-02-27,2025-12-31,2025,https://www.sec.gov/Archives/edgar/data/1280452/000143774926006113/mpwr20251231_10k.htm,2025/pilot_100/sample/pilot_sampling_frame.csv,expansion_200_final,5,20250729,66,2025/sample_500/html/raw/0001280452/0001437749-26-006113.html
448,S2025-448,S2025-448,QCOM,QCOM,Qualcomm,Qualcomm,cik:0000804328,0000804328,Information Technology,Semiconductors,0000804328-25-000085,qcom-20250928.htm,10-K,2025-11-05,2025-09-28,2025,https://www.sec.gov/Archives/edgar/data/804328/000080432825000085/qcom-20250928.htm,2025/pilot_100/sample/pilot_sampling_frame.csv,expansion_200_final,5,20250729,67,2025/sample_500/html/raw/0000804328/0000804328-25-000085.html
449,S2025-449,S2025-449,TXN,TXN,Texas Instruments,Texas Instruments,cik:0000097476,0000097476,Information Technology,Semiconductors,0000097476-26-000059,txn-20251231.htm,10-K,2026-02-06,2025-12-31,2025,https://www.sec.gov/Archives/edgar/data/97476/000009747626000059/txn-20251231.htm,2025/pilot_100/sample/pilot_sampling_frame.csv,expansion_200_final,5,20250729,68,2025/sample_500/html/raw/0000097476/0000097476-26-000059.html
450,S2025-450,S2025-450,AMD,AMD,Advanced Micro Devices,Advanced Micro Devices,cik:0000002488,0000002488,Information Technology,Semiconductors,0000002488-26-000018,amd-20251227.htm,10-K,2026-02-04,2025-12-27,2025,https://www.sec.gov/Archives/edgar/data/2488/000000248826000018/amd-20251227.htm,2025/pilot_100/sample/pilot_sampling_frame.csv,expansion_200_final,5,20250729,69,2025/sample_500/html/raw/0000002488/0000002488-26-000018.html
451,S2025-451,S2025-451,IP,IP,International Paper,International Paper,cik:0000051434,0000051434,Materials,Paper & Plastic Packaging Products & Materials,0000051434-26-000055,ip-20251231.htm,10-K,2026-02-27,2025-12-31,2025,https://www.sec.gov/Archives/edgar/data/51434/000005143426000055/ip-20251231.htm,2025/pilot_100/sample/pilot_sampling_frame.csv,expansion_200_final,5,20250729,17,2025/sample_500/html/raw/0000051434/0000051434-26-000055.html
452,S2025-452,S2025-452,NEM,NEM,Newmont,Newmont,cik:0001164727,0001164727,Materials,Gold,0001164727-26-000010,nem-20251231.htm,10-K,2026-02-19,2025-12-31,2025,https://www.sec.gov/Archives/edgar/data/1164727/000116472726000010/nem-20251231.htm,2025/pilot_100/sample/pilot_sampling_frame.csv,expansion_200_final,5,20250729,18,2025/sample_500/html/raw/0001164727/0001164727-26-000010.html
453,S2025-453,S2025-453,ALB,ALB,Albemarle Corporation,Albemarle Corporation,cik:0000915913,0000915913,Materials,Specialty Chemicals,0000915913-26-000018,alb-20251231.htm,10-K,2026-02-11,2025-12-31,2025,https://www.sec.gov/Archives/edgar/data/915913/000091591326000018/alb-20251231.htm,2025/pilot_100/sample/pilot_sampling_frame.csv,expansion_200_final,5,20250729,19,2025/sample_500/html/raw/0000915913/0000915913-26-000018.html
454,S2025-454,S2025-454,APD,APD,Air Products,Air Products,cik:0000002969,0000002969,Materials,Industrial Gases,0000002969-25-000055,apd-20250930.htm,10-K,2025-11-20,2025-09-30,2025,https://www.sec.gov/Archives/edgar/data/2969/000000296925000055/apd-20250930.htm,2025/pilot_100/sample/pilot_sampling_frame.csv,expansion_200_final,5,20250729,20,2025/sample_500/html/raw/0000002969/0000002969-25-000055.html
455,S2025-455,S2025-455,SW,SW,Smurfit Westrock,Smurfit Westrock,cik:0002005951,0002005951,Materials,Paper & Plastic Packaging Products & Materials,0001628280-26-012555,smur-20251231.htm,10-K,2026-02-27,2025-12-31,2025,https://www.sec.gov/Archives/edgar/data/2005951/000162828026012555/smur-20251231.htm,2025/pilot_100/sample/pilot_sampling_frame.csv,expansion_200_final,5,20250729,21,2025/sample_500/html/raw/0002005951/0001628280-26-012555.html
456,S2025-456,S2025-456,IFF,IFF,International Flavors & Fragrances,International Flavors & Fragrances,cik:0000051253,0000051253,Materials,Specialty Chemicals,0000051253-26-000006,iff-20251231.htm,10-K,2026-02-27,2025-12-31,2025,https://www.sec.gov/Archives/edgar/data/51253/000005125326000006/iff-20251231.htm,2025/pilot_100/sample/pilot_sampling_frame.csv,expansion_200_final,5,20250729,22,2025/sample_500/html/raw/0000051253/0000051253-26-000006.html
457,S2025-457,S2025-457,STLD,STLD,Steel Dynamics,Steel Dynamics,cik:0001022671,0001022671,Materials,Steel,0001104659-26-021395,stld-20251231x10k.htm,10-K,2026-02-27,2025-12-31,2025,https://www.sec.gov/Archives/edgar/data/1022671/000110465926021395/stld-20251231x10k.htm,2025/pilot_100/sample/pilot_sampling_frame.csv,expansion_200_final,5,20250729,23,2025/sample_500/html/raw/0001022671/0001104659-26-021395.html
458,S2025-458,S2025-458,AVY,AVY,Avery Dennison,Avery Dennison,cik:0000008818,0000008818,Materials,Paper & Plastic Packaging Products & Materials,0000008818-26-000015,avy-20251231.htm,10-K,2026-02-25,2025-12-31,2025,https://www.sec.gov/Archives/edgar/data/8818/000000881826000015/avy-20251231.htm,2025/pilot_100/sample/pilot_sampling_frame.csv,expansion_200_final,5,20250729,24,2025/sample_500/html/raw/0000008818/0000008818-26-000015.html
459,S2025-459,S2025-459,LIN,LIN,Linde plc,Linde plc,cik:0001707925,0001707925,Materials,Industrial Gases,0001628280-26-011430,lin-20251231.htm,10-K,2026-02-25,2025-12-31,2025,https://www.sec.gov/Archives/edgar/data/1707925/000162828026011430/lin-20251231.htm,2025/pilot_100/sample/pilot_sampling_frame.csv,expansion_200_final,5,20250729,25,2025/sample_500/html/raw/0001707925/0001628280-26-011430.html
460,S2025-460,S2025-460,CF,CF,CF Industries,CF Industries,cik:0001324404,0001324404,Materials,Fertilizers & Agricultural Chemicals,0001324404-26-000007,cf-20251231.htm,10-K,2026-02-25,2025-12-31,2025,https://www.sec.gov/Archives/edgar/data/1324404/000132440426000007/cf-20251231.htm,2025/pilot_100/sample/pilot_sampling_frame.csv,expansion_200_final,5,20250729,26,2025/sample_500/html/raw/0001324404/0001324404-26-000007.html
461,S2025-461,S2025-461,O,O,Realty Income,Realty Income,cik:0000726728,0000726728,Real Estate,Retail REITs,0000726728-26-000011,o-20251231.htm,10-K,2026-02-25,2025-12-31,2025,https://www.sec.gov/Archives/edgar/data/726728/000072672826000011/o-20251231.htm,2025/pilot_100/sample/pilot_sampling_frame.csv,expansion_200_final,5,20250729,20,2025/sample_500/html/raw/0000726728/0000726728-26-000011.html
462,S2025-462,S2025-462,SPG,SPG,Simon Property Group,Simon Property Group,cik:0001063761,0001063761,Real Estate,Retail REITs,0001104659-26-019419,spg-20251231x10k.htm,10-K,2026-02-25,2025-12-31,2025,https://www.sec.gov/Archives/edgar/data/1063761/000110465926019419/spg-20251231x10k.htm,2025/pilot_100/sample/pilot_sampling_frame.csv,expansion_200_final,5,20250729,21,2025/sample_500/html/raw/0001063761/0001104659-26-019419.html
463,S2025-463,S2025-463,SBAC,SBAC,SBA Communications,SBA Communications,cik:0001034054,0001034054,Real Estate,Telecom Tower REITs,0001034054-26-000002,sbac-20251231x10k.htm,10-K,2026-02-27,2025-12-31,2025,https://www.sec.gov/Archives/edgar/data/1034054/000103405426000002/sbac-20251231x10k.htm,2025/pilot_100/sample/pilot_sampling_frame.csv,expansion_200_final,5,20250729,22,2025/sample_500/html/raw/0001034054/0001034054-26-000002.html
464,S2025-464,S2025-464,CBRE,CBRE,CBRE Group,CBRE Group,cik:0001138118,0001138118,Real Estate,Real Estate Services,0001138118-26-000005,cbre-20251231.htm,10-K,2026-02-12,2025-12-31,2025,https://www.sec.gov/Archives/edgar/data/1138118/000113811826000005/cbre-20251231.htm,2025/pilot_100/sample/pilot_sampling_frame.csv,expansion_200_final,5,20250729,23,2025/sample_500/html/raw/0001138118/0001138118-26-000005.html
465,S2025-465,S2025-465,IRM,IRM,Iron Mountain,Iron Mountain,cik:0001020569,0001020569,Real Estate,Other Specialized REITs,0001020569-26-000013,irm-20251231.htm,10-K,2026-02-12,2025-12-31,2025,https://www.sec.gov/Archives/edgar/data/1020569/000102056926000013/irm-20251231.htm,2025/pilot_100/sample/pilot_sampling_frame.csv,expansion_200_final,5,20250729,24,2025/sample_500/html/raw/0001020569/0001020569-26-000013.html
466,S2025-466,S2025-466,KIM,KIM,Kimco Realty,Kimco Realty,cik:0000879101,0000879101,Real Estate,Retail REITs,0001193125-26-060760,kim-20251231.htm,10-K,2026-02-20,2025-12-31,2025,https://www.sec.gov/Archives/edgar/data/879101/000119312526060760/kim-20251231.htm,2025/pilot_100/sample/pilot_sampling_frame.csv,expansion_200_final,5,20250729,25,2025/sample_500/html/raw/0000879101/0001193125-26-060760.html
467,S2025-467,S2025-467,WELL,WELL,Welltower,Welltower,cik:0000766704,0000766704,Real Estate,Health Care REITs,0000766704-26-000010,well-20251231.htm,10-K,2026-02-12,2025-12-31,2025,https://www.sec.gov/Archives/edgar/data/766704/000076670426000010/well-20251231.htm,2025/pilot_100/sample/pilot_sampling_frame.csv,expansion_200_final,5,20250729,26,2025/sample_500/html/raw/0000766704/0000766704-26-000010.html
468,S2025-468,S2025-468,PLD,PLD,Prologis,Prologis,cik:0001045609,0001045609,Real Estate,Industrial REITs,0001193125-26-051453,pld-20251231.htm,10-K,2026-02-13,2025-12-31,2025,https://www.sec.gov/Archives/edgar/data/1045609/000119312526051453/pld-20251231.htm,2025/pilot_100/sample/pilot_sampling_frame.csv,expansion_200_final,5,20250729,27,2025/sample_500/html/raw/0001045609/0001193125-26-051453.html
469,S2025-469,S2025-469,MAA,MAA,Mid-America Apartment Communities,Mid-America Apartment Communities,cik:0000912595,0000912595,Real Estate,Multi-Family Residential REITs,0001193125-26-041208,maa-20251231.htm,10-K,2026-02-06,2025-12-31,2025,https://www.sec.gov/Archives/edgar/data/912595/000119312526041208/maa-20251231.htm,2025/pilot_100/sample/pilot_sampling_frame.csv,expansion_200_final,5,20250729,28,2025/sample_500/html/raw/0000912595/0001193125-26-041208.html
470,S2025-470,S2025-470,DOC,DOC,Healthpeak Properties,Healthpeak Properties,cik:0000765880,0000765880,Real Estate,Health Care REITs,0001628280-26-005044,peak-20251231.htm,10-K,2026-02-03,2025-12-31,2025,https://www.sec.gov/Archives/edgar/data/765880/000162828026005044/peak-20251231.htm,2025/pilot_100/sample/pilot_sampling_frame.csv,expansion_200_final,5,20250729,29,2025/sample_500/html/raw/0000765880/0001628280-26-005044.html
471,S2025-471,S2025-471,BXP,BXP,"BXP, Inc.","BXP, Inc.",cik:0001037540,0001037540,Real Estate,Office REITs,0001037540-26-000006,bxp-20251231.htm,10-K,2026-02-27,2025-12-31,2025,https://www.sec.gov/Archives/edgar/data/1037540/000103754026000006/bxp-20251231.htm,2025/pilot_100/sample/pilot_sampling_frame.csv,expansion_200_final,5,20250729,30,2025/sample_500/html/raw/0001037540/0001037540-26-000006.html
472,S2025-472,S2025-472,CCI,CCI,Crown Castle,Crown Castle,cik:0001051470,0001051470,Real Estate,Telecom Tower REITs,0001051470-26-000016,cci-20251231.htm,10-K,2026-02-23,2025-12-31,2025,https://www.sec.gov/Archives/edgar/data/1051470/000105147026000016/cci-20251231.htm,2025/pilot_100/sample/pilot_sampling_frame.csv,expansion_200_final,5,20250729,31,2025/sample_500/html/raw/0001051470/0001051470-26-000016.html
473,S2025-473,S2025-473,CEG,CEG,Constellation Energy,Constellation Energy,cik:0001868275,0001868275,Utilities,Electric Utilities,0001868275-26-000032,ceg-20251231.htm,10-K,2026-02-24,2025-12-31,2025,https://www.sec.gov/Archives/edgar/data/1868275/000186827526000032/ceg-20251231.htm,2025/pilot_100/sample/pilot_sampling_frame.csv,expansion_200_final,5,20250729,20,2025/sample_500/html/raw/0001868275/0001868275-26-000032.html
474,S2025-474,S2025-474,AES,AES,AES Corporation,AES Corporation,cik:0000874761,0000874761,Utilities,Independent Power Producers & Energy Traders,0000874761-26-000063,aes-20251231.htm,10-K,2026-03-02,2025-12-31,2025,https://www.sec.gov/Archives/edgar/data/874761/000087476126000063/aes-20251231.htm,2025/pilot_100/sample/pilot_sampling_frame.csv,expansion_200_final,5,20250729,21,2025/sample_500/html/raw/0000874761/0000874761-26-000063.html
475,S2025-475,S2025-475,ATO,ATO,Atmos Energy,Atmos Energy,cik:0000731802,0000731802,Utilities,Gas Utilities,0000731802-25-000056,ato-20250930.htm,10-K,2025-11-14,2025-09-30,2025,https://www.sec.gov/Archives/edgar/data/731802/000073180225000056/ato-20250930.htm,2025/pilot_100/sample/pilot_sampling_frame.csv,expansion_200_final,5,20250729,22,2025/sample_500/html/raw/0000731802/0000731802-25-000056.html
476,S2025-476,S2025-476,AEP,AEP,American Electric Power,American Electric Power,cik:0000004904,0000004904,Utilities,Electric Utilities,0000004904-26-000013,aep-20251231.htm,10-K,2026-02-12,2025-12-31,2025,https://www.sec.gov/Archives/edgar/data/4904/000000490426000013/aep-20251231.htm,2025/pilot_100/sample/pilot_sampling_frame.csv,expansion_200_final,5,20250729,23,2025/sample_500/html/raw/0000004904/0000004904-26-000013.html
477,S2025-477,S2025-477,NI,NI,NiSource,NiSource,cik:0001111711,0001111711,Utilities,Multi-Utilities,0001111711-26-000027,nix-20251231.htm,10-K,2026-02-11,2025-12-31,2025,https://www.sec.gov/Archives/edgar/data/1111711/000111171126000027/nix-20251231.htm,2025/pilot_100/sample/pilot_sampling_frame.csv,expansion_200_final,5,20250729,24,2025/sample_500/html/raw/0001111711/0001111711-26-000027.html
478,S2025-478,S2025-478,PPL,PPL,PPL Corporation,PPL Corporation,cik:0000922224,0000922224,Utilities,Electric Utilities,0000922224-26-000008,ppl-20251231.htm,10-K,2026-02-20,2025-12-31,2025,https://www.sec.gov/Archives/edgar/data/922224/000092222426000008/ppl-20251231.htm,2025/pilot_100/sample/pilot_sampling_frame.csv,expansion_200_final,5,20250729,25,2025/sample_500/html/raw/0000922224/0000922224-26-000008.html
479,S2025-479,S2025-479,CMS,CMS,CMS Energy,CMS Energy,cik:0000811156,0000811156,Utilities,Multi-Utilities,0000811156-26-000004,cms-20251231.htm,10-K,2026-02-10,2025-12-31,2025,https://www.sec.gov/Archives/edgar/data/811156/000081115626000004/cms-20251231.htm,2025/pilot_100/sample/pilot_sampling_frame.csv,expansion_200_final,5,20250729,26,2025/sample_500/html/raw/0000811156/0000811156-26-000004.html
480,S2025-480,S2025-480,SO,SO,Southern Company,Southern Company,cik:0000092122,0000092122,Utilities,Electric Utilities,0000092122-26-000006,so-20251231.htm,10-K,2026-02-19,2025-12-31,2025,https://www.sec.gov/Archives/edgar/data/92122/000009212226000006/so-20251231.htm,2025/pilot_100/sample/pilot_sampling_frame.csv,expansion_200_final,5,20250729,27,2025/sample_500/html/raw/0000092122/0000092122-26-000006.html
481,S2025-481,S2025-481,ES,ES,Eversource Energy,Eversource Energy,cik:0000072741,0000072741,Utilities,Electric Utilities,0001628280-26-008461,es-20251231.htm,10-K,2026-02-17,2025-12-31,2025,https://www.sec.gov/Archives/edgar/data/72741/000162828026008461/es-20251231.htm,2025/pilot_100/sample/pilot_sampling_frame.csv,expansion_200_final,5,20250729,28,2025/sample_500/html/raw/0000072741/0001628280-26-008461.html
482,S2025-482,S2025-482,CNP,CNP,CenterPoint Energy,CenterPoint Energy,cik:0001130310,0001130310,Utilities,Multi-Utilities,0001130310-26-000008,cnp-20251231.htm,10-K,2026-02-19,2025-12-31,2025,https://www.sec.gov/Archives/edgar/data/1130310/000113031026000008/cnp-20251231.htm,2025/pilot_100/sample/pilot_sampling_frame.csv,expansion_200_final,5,20250729,29,2025/sample_500/html/raw/0001130310/0001130310-26-000008.html
483,S2025-483,S2025-483,AWK,AWK,American Water Works,American Water Works,cik:0001410636,0001410636,Utilities,Water Utilities,0001410636-26-000034,awk-20251231.htm,10-K,2026-02-18,2025-12-31,2025,https://www.sec.gov/Archives/edgar/data/1410636/000141063626000034/awk-20251231.htm,2025/pilot_100/sample/pilot_sampling_frame.csv,expansion_200_final,5,20250729,30,2025/sample_500/html/raw/0001410636/0001410636-26-000034.html
484,S2025-484,S2025-484,AEE,AEE,Ameren,Ameren,cik:0001002910,0001002910,Utilities,Multi-Utilities,0001002910-26-000009,aee-20251231.htm,10-K,2026-02-18,2025-12-31,2025,https://www.sec.gov/Archives/edgar/data/1002910/000100291026000009/aee-20251231.htm,2025/pilot_100/sample/pilot_sampling_frame.csv,expansion_200_final,5,20250729,31,2025/sample_500/html/raw/0001002910/0001002910-26-000009.html
