company_id,cik,ticker,company_name,accession_number,report_year,filing_date,parser_version,language_measurement_version,ai_disclosure_binary,ai_term_count,ai_terms_per_1000_words,total_analysis_word_count,total_analysis_sentence_count,ai_sentence_count,ai_sentence_ratio,ai_detection_status,ai_uncertainty_count,ai_uncertainty_ratio,ai_litigious_count,ai_litigious_ratio,ai_weak_modal_count,ai_weak_modal_ratio,ai_strong_modal_count,ai_strong_modal_ratio,ai_constraining_count,ai_constraining_ratio,ai_total_eligible_word_count,uncertainty_status,ai_positive_count,ai_negative_count,ai_positive_ratio,ai_negative_ratio,ai_net_tone,ai_sentiment_word_coverage,ai_net_tone_by_words,ai_total_lm_matched_word_count,sentiment_status,ai_concreteness_mean,ai_concreteness_median,ai_concreteness_standard_deviation,ai_concreteness_min,ai_concreteness_max,ai_concreteness_matched_token_count,ai_concreteness_eligible_token_count,ai_concreteness_unmatched_token_count,ai_concreteness_coverage,ai_concreteness_unique_dictionary_entries,ai_concreteness_stem_collision_count,ai_concreteness_status,report_concreteness_mean,report_concreteness_median,report_concreteness_standard_deviation,report_concreteness_min,report_concreteness_max,report_concreteness_matched_token_count,report_concreteness_eligible_token_count,report_concreteness_unmatched_token_count,report_concreteness_coverage,report_concreteness_unique_dictionary_entries,report_concreteness_stem_collision_count,report_concreteness_status,report_word_count,log_report_word_count,report_sentence_count,report_paragraph_count,report_mean_sentence_length,report_fog_index,report_numeric_token_ratio,report_ai_term_count,report_ai_terms_per_1000_words,report_table_text_word_count,report_table_text_ratio,source_html_bytes,analysis_text_bytes,analysis_text_to_html_ratio,report_control_status,report_positive_count,report_negative_count,report_net_tone,report_uncertainty_count,report_uncertainty_ratio,report_weak_modal_count,report_weak_modal_ratio,report_strong_modal_count,report_strong_modal_ratio,report_litigious_count,report_litigious_ratio,report_constraining_count,report_constraining_ratio,report_forward_looking_count,report_forward_looking_ratio,report_positive_ratio,report_negative_ratio,report_net_tone_by_words,report_sentiment_word_coverage,report_total_lm_matched_word_count,report_total_eligible_word_count,concreteness_status,lm_ai_status,lm_report_status,matching_strategy_version,concreteness_preprocessing_version
S2022-001,0000066740,MMM,3M,0000066740-23-000014,2022,2023-02-08,1.0.3,0.3.0,1,1,0.01558021,64184,3033,1,0.00032971,success,0,0.00000000,0,0.00000000,0,0.00000000,0,0.00000000,0,0.00000000,114,success,2,1,0.01754386,0.00877193,0.33333333,0.02631579,0.00877193,3,success,2.86457143,2.86000000,0.71542332,1.81000000,4.50000000,35,60,25,0.58333333,33,18,warning_stem_collisions,2.94574444,2.85000000,0.83104949,1.19000000,5.00000000,25348,34893,9545,0.72644943,2344,6399,warning_stem_collisions,64788,11.07887568,3033,1229,21.36102868,21.04330834,0.04397419,1,0.01543496,12621,0.16304306,6551646,431485,0.06585902,success,380,1674,-0.62999026,863,0.01422051,288,0.00474566,90,0.00148302,1434,0.02362944,446,0.00734919,,,0.00626164,0.02758416,-0.02132252,0.03384580,4285,60687,warning_stem_collisions,success,success,exact-then-unique-porter-1.0.0,baek-smart-porter-1.0.0
S2022-002,0000091142,AOS,A. O. Smith,0000091142-23-000025,2022,2023-02-14,1.0.3,0.3.0,0,0,0.00000000,26378,1523,0,0.00000000,success,,,,,,,,,,,0,warning_denominator_zero,,,,,,,,,warning_denominator_zero,,,,,,0,0,0,,0,0,warning_denominator_zero,2.96931734,2.89000000,0.85355132,1.26000000,5.00000000,10591,13691,3100,0.77357388,1563,2309,warning_stem_collisions,26367,10.17986851,1523,553,17.31254104,18.74199475,0.04626996,0,0.00000000,6945,0.20848343,2511727,173805,0.06919741,success,132,382,-0.48638132,453,0.01827645,154,0.00621318,51,0.00205761,202,0.00814976,150,0.00605180,,,0.00532559,0.01541193,-0.01008634,0.02073751,1305,24786,warning_denominator_zero,warning_denominator_zero,success,exact-then-unique-porter-1.0.0,baek-smart-porter-1.0.0
S2022-003,0000874761,AES,AES Corporation,0000874761-23-000010,2022,2023-03-01,1.0.3,0.3.0,1,2,0.01858252,107628,5057,1,0.00019775,success,0,0.00000000,0,0.00000000,0,0.00000000,0,0.00000000,0,0.00000000,23,success,2,0,0.08695652,0.00000000,1.00000000,0.08695652,0.08695652,2,success,3.18888889,3.14000000,0.44033938,2.24000000,3.78000000,9,16,7,0.56250000,8,5,warning_stem_collisions,2.90527551,2.82000000,0.80797475,1.19000000,5.00000000,40834,57423,16589,0.71110879,2708,9645,warning_stem_collisions,106896,11.57961168,5057,2009,21.13822424,21.11114075,0.03935601,2,0.01870977,23266,0.17874649,8350877,706887,0.08464824,success,541,1740,-0.52564665,1556,0.01536654,594,0.00586615,274,0.00270593,1412,0.01394444,928,0.00916462,,,0.00534273,0.01718366,-0.01184092,0.02252639,6004,101259,warning_stem_collisions,success,success,exact-then-unique-porter-1.0.0,baek-smart-porter-1.0.0
S2022-004,0001841666,APA,APA Corporation,0001784031-23-000007,2022,2023-02-23,1.0.3,0.3.0,0,0,0.00000000,62568,2916,0,0.00000000,success,,,,,,,,,,,0,warning_denominator_zero,,,,,,,,,warning_denominator_zero,,,,,,0,0,0,,0,0,warning_denominator_zero,2.95445951,2.83000000,0.84613295,1.26000000,5.00000000,24635,33995,9360,0.72466539,2285,5868,warning_stem_collisions,62584,11.04426493,2916,1309,21.46227709,21.45390636,0.04279049,0,0.00000000,13182,0.17398305,5919645,418334,0.07066876,success,239,1008,-0.61668003,948,0.01616175,393,0.00669997,106,0.00180712,530,0.00903558,553,0.00942769,,,0.00407454,0.01718465,-0.01311011,0.02125918,3172,58657,warning_denominator_zero,warning_denominator_zero,success,exact-then-unique-porter-1.0.0,baek-smart-porter-1.0.0
S2022-005,0000732717,T,AT&T,0000732717-23-000011,2022,2023-02-13,1.0.3,0.3.0,0,0,0.00000000,45915,2502,0,0.00000000,success,,,,,,,,,,,0,warning_denominator_zero,,,,,,,,,warning_denominator_zero,,,,,,0,0,0,,0,0,warning_denominator_zero,2.91046038,2.81000000,0.80871780,1.26000000,5.00000000,17616,23991,6375,0.73427535,1958,4647,warning_stem_collisions,45885,10.73389355,2502,944,18.33932854,20.20043134,0.04631143,0,0.00000000,15355,0.25073481,5874903,305363,0.05197754,success,219,642,-0.49128920,582,0.01345509,241,0.00557161,94,0.00217316,431,0.00996417,361,0.00834586,,,0.00506300,0.01484221,-0.00977922,0.01990521,2215,43255,warning_denominator_zero,warning_denominator_zero,success,exact-then-unique-porter-1.0.0,baek-smart-porter-1.0.0
S2022-006,0001551152,ABBV,AbbVie,0001551152-23-000011,2022,2023-02-17,1.0.3,0.3.0,0,0,0.00000000,46930,2483,0,0.00000000,success,,,,,,,,,,,0,warning_denominator_zero,,,,,,,,,warning_denominator_zero,,,,,,0,0,0,,0,0,warning_denominator_zero,2.87736388,2.75000000,0.80896112,1.19000000,5.00000000,18330,26065,7735,0.70324190,2234,4740,warning_stem_collisions,46926,10.75632717,2483,909,18.89891261,20.55995714,0.03271108,0,0.00000000,12975,0.21660740,4840548,320288,0.06616771,success,387,896,-0.39672642,794,0.01787966,355,0.00799406,134,0.00301747,632,0.01423167,356,0.00801657,,,0.00871465,0.02017654,-0.01146190,0.02889119,2986,44408,warning_denominator_zero,warning_denominator_zero,success,exact-then-unique-porter-1.0.0,baek-smart-porter-1.0.0
S2022-007,0000001800,ABT,Abbott Laboratories,0001628280-23-004026,2022,2023-02-17,1.0.3,0.3.0,0,0,0.00000000,36480,1977,0,0.00000000,success,,,,,,,,,,,0,warning_denominator_zero,,,,,,,,,warning_denominator_zero,,,,,,0,0,0,,0,0,warning_denominator_zero,2.91774536,2.82000000,0.79143980,1.29000000,5.00000000,14326,20183,5857,0.70980528,1865,3724,warning_stem_collisions,36195,10.49667627,1977,869,18.30804249,19.88111885,0.04743749,0,0.00000000,10296,0.22146222,3412193,249203,0.07303309,success,175,623,-0.56140351,547,0.01618247,207,0.00612390,85,0.00251464,411,0.01215904,256,0.00757352,,,0.00517721,0.01843086,-0.01325365,0.02360807,1948,33802,warning_denominator_zero,warning_denominator_zero,success,exact-then-unique-porter-1.0.0,baek-smart-porter-1.0.0
S2022-008,0001467373,ACN,Accenture,0001467373-22-000295,2022,2022-10-12,1.0.3,0.3.0,1,12,0.31080031,38610,2016,11,0.00545635,success,2,0.00496278,3,0.00744417,1,0.00248139,1,0.00248139,2,0.00496278,403,success,6,0,0.01488834,0.00000000,1.00000000,0.01488834,0.01488834,14,success,2.92477612,2.89000000,0.75369938,1.56000000,4.64000000,201,254,53,0.79133858,122,40,warning_stem_collisions,2.83820281,2.74000000,0.80676427,1.19000000,5.00000000,15029,19735,4706,0.76154041,1950,3637,warning_stem_collisions,38631,10.56181034,2016,778,19.16220238,20.61167378,0.02904403,12,0.31063136,12653,0.24672412,3381988,257815,0.07623179,success,376,790,-0.35506003,806,0.02169700,432,0.01162916,78,0.00209971,555,0.01494024,286,0.00769893,,,0.01012168,0.02126629,-0.01114461,0.03138796,2769,37148,warning_stem_collisions,success,success,exact-then-unique-porter-1.0.0,baek-smart-porter-1.0.0
S2022-009,0000796343,ADBE,Adobe Inc.,0000796343-23-000007,2022,2023-01-17,1.0.3,0.3.0,1,56,1.17299596,47741,2320,35,0.01508621,success,18,0.01310998,5,0.00364166,12,0.00873999,4,0.00291333,2,0.00145666,1373,success,36,12,0.02621996,0.00873999,0.50000000,0.03495994,0.01747997,74,success,3.06580699,2.93000000,0.87505306,1.30000000,5.00000000,601,863,262,0.69640788,263,175,warning_stem_collisions,2.92684251,2.83000000,0.83338938,1.19000000,5.00000000,19449,25929,6480,0.75008678,2298,5124,warning_stem_collisions,47715,10.77300109,2320,1113,20.56681034,20.51813712,0.02571518,56,1.17363513,7283,0.13242300,2990674,324929,0.10864742,success,542,856,-0.22460658,781,0.01704980,394,0.00860131,82,0.00179012,444,0.00969284,303,0.00661471,,,0.01183225,0.01868710,-0.00685485,0.03051935,2868,45807,warning_stem_collisions,success,success,exact-then-unique-porter-1.0.0,baek-smart-porter-1.0.0
S2022-010,0000002488,AMD,Advanced Micro Devices,0000002488-23-000047,2022,2023-02-27,1.0.3,0.3.0,1,17,0.33616104,50571,2300,13,0.00565217,success,1,0.00264550,1,0.00264550,1,0.00264550,0,0.00000000,1,0.00264550,378,success,7,1,0.01851852,0.00264550,0.75000000,0.02116402,0.01587302,11,success,3.10205882,3.04000000,0.88469396,1.33000000,4.90000000,170,263,93,0.64638783,115,33,warning_stem_collisions,2.90973700,2.83000000,0.83102366,1.19000000,5.00000000,19392,26894,7502,0.72105302,2133,4902,warning_stem_collisions,50572,10.83115334,2300,922,21.98782609,20.91905565,0.03003638,17,0.33615439,9010,0.15122017,2648242,336983,0.12724781,success,334,1121,-0.54089347,994,0.02059634,556,0.01152069,140,0.00290089,366,0.00758376,390,0.00808106,,,0.00692070,0.02322787,-0.01630716,0.03014857,3131,48261,warning_stem_collisions,success,success,exact-then-unique-porter-1.0.0,baek-smart-porter-1.0.0
S2022-011,0000004977,AFL,Aflac,0000004977-23-000055,2022,2023-02-24,1.0.3,0.3.0,0,0,0.00000000,80247,4089,0,0.00000000,success,,,,,,,,,,,0,warning_denominator_zero,,,,,,,,,warning_denominator_zero,,,,,,0,0,0,,0,0,warning_denominator_zero,2.91337495,2.76000000,0.84162212,1.19000000,5.00000000,32122,43898,11776,0.73174177,2235,7807,warning_stem_collisions,80505,11.29607457,4089,1769,19.68818782,21.18620272,0.03269362,0,0.00000000,22891,0.22139154,10523659,538263,0.05114789,success,424,1256,-0.49523810,1217,0.01599989,391,0.00514048,224,0.00294493,688,0.00904513,423,0.00556118,,,0.00557433,0.01651263,-0.01093830,0.02208695,3979,76063,warning_denominator_zero,warning_denominator_zero,success,exact-then-unique-porter-1.0.0,baek-smart-porter-1.0.0
S2022-012,0001090872,A,Agilent Technologies,0001090872-22-000026,2022,2022-12-21,1.0.3,0.3.0,1,6,0.10212592,58751,2901,5,0.00172354,success,3,0.01724138,0,0.00000000,0,0.00000000,1,0.00574713,0,0.00000000,174,success,1,0,0.00574713,0.00000000,1.00000000,0.00574713,0.00574713,5,success,2.85909091,2.86000000,0.77007325,1.30000000,4.69000000,88,105,17,0.83809524,62,10,warning_stem_collisions,2.89619545,2.82000000,0.77940966,1.26000000,5.00000000,23924,31701,7777,0.75467651,2136,5862,warning_stem_collisions,58729,10.98068892,2901,1087,20.24439848,20.32371668,0.03974187,6,0.10216418,9257,0.13616039,4433051,396258,0.08938720,success,386,922,-0.40978593,933,0.01674624,412,0.00739491,114,0.00204616,567,0.01017698,483,0.00866928,,,0.00692824,0.01654880,-0.00962056,0.02347704,3218,55714,warning_stem_collisions,success,success,exact-then-unique-porter-1.0.0,baek-smart-porter-1.0.0
S2022-013,0000002969,APD,Air Products,0000002969-22-000054,2022,2022-11-22,1.0.3,0.3.0,0,0,0.00000000,50989,2727,0,0.00000000,success,,,,,,,,,,,0,warning_denominator_zero,,,,,,,,,warning_denominator_zero,,,,,,0,0,0,,0,0,warning_denominator_zero,2.89944131,2.79000000,0.81223206,1.19000000,5.00000000,20208,26930,6722,0.75038990,1936,5037,warning_stem_collisions,50683,10.83334583,2727,1133,18.58562523,19.66836667,0.03995423,0,0.00000000,11140,0.18019184,4832920,337685,0.06987184,success,256,846,-0.53539020,819,0.01702951,315,0.00654981,66,0.00137234,541,0.01124904,361,0.00750629,,,0.00532302,0.01759092,-0.01226790,0.02291394,2728,48093,warning_denominator_zero,warning_denominator_zero,success,exact-then-unique-porter-1.0.0,baek-smart-porter-1.0.0
S2022-014,0001086222,AKAM,Akamai Technologies,0001086222-23-000078,2022,2023-02-28,1.0.3,0.3.0,0,0,0.00000000,48510,2176,0,0.00000000,success,,,,,,,,,,,0,warning_denominator_zero,,,,,,,,,warning_denominator_zero,,,,,,0,0,0,,0,0,warning_denominator_zero,2.86870643,2.76000000,0.79009141,1.19000000,5.00000000,18994,25004,6010,0.75963846,2071,4606,warning_stem_collisions,48301,10.78520754,2176,893,22.19715074,21.22304257,0.03275295,0,0.00000000,8061,0.14302189,3262580,323200,0.09906270,success,342,901,-0.44971842,850,0.01850441,404,0.00879504,113,0.00246000,405,0.00881681,367,0.00798955,,,0.00744530,0.01961467,-0.01216937,0.02705998,2859,45935,warning_denominator_zero,warning_denominator_zero,success,exact-then-unique-porter-1.0.0,baek-smart-porter-1.0.0
S2022-015,0000766421,ALK,Alaska Air Group,0000766421-23-000009,2022,2023-02-13,1.0.3,0.3.0,1,4,0.10488227,38138,2057,2,0.00097229,success,0,0.00000000,0,0.00000000,0,0.00000000,0,0.00000000,0,0.00000000,42,success,1,0,0.02380952,0.00000000,1.00000000,0.02380952,0.02380952,1,success,3.31722222,3.19000000,0.81905641,2.03000000,4.67000000,18,24,6,0.75000000,15,1,warning_stem_collisions,3.00904701,2.90000000,0.84863415,1.26000000,5.00000000,15530,20517,4987,0.75693327,2026,3649,warning_stem_collisions,38132,10.54880910,2057,855,18.53767623,19.04079431,0.03650477,4,0.10489877,8699,0.18575303,3454465,251104,0.07268969,success,262,550,-0.35467980,546,0.01506124,234,0.00645482,89,0.00245504,327,0.00902019,289,0.00797197,,,0.00722719,0.01517158,-0.00794439,0.02239876,1952,36252,warning_stem_collisions,success,success,exact-then-unique-porter-1.0.0,baek-smart-porter-1.0.0
S2022-016,0000915913,ALB,Albemarle Corporation,0000915913-23-000039,2022,2023-02-15,1.0.3,0.3.0,0,0,0.00000000,74057,3432,0,0.00000000,success,,,,,,,,,,,0,warning_denominator_zero,,,,,,,,,warning_denominator_zero,,,,,,0,0,0,,0,0,warning_denominator_zero,2.93276569,2.85000000,0.83877513,1.19000000,5.00000000,28369,38189,9820,0.74285789,2579,6687,warning_stem_collisions,73888,11.21030571,3432,1203,21.52913753,21.14380211,0.03923506,0,0.00000000,16415,0.18177691,4788037,488295,0.10198229,success,395,1181,-0.49873096,1251,0.01782254,540,0.00769318,136,0.00193754,685,0.00975895,498,0.00709483,,,0.00562742,0.01682528,-0.01119786,0.02245270,3953,70192,warning_denominator_zero,warning_denominator_zero,success,exact-then-unique-porter-1.0.0,baek-smart-porter-1.0.0
S2022-017,0001035443,ARE,Alexandria Real Estate Equities,0001035443-23-000099,2022,2023-01-30,1.0.3,0.3.0,0,0,0.00000000,95510,4128,0,0.00000000,success,,,,,,,,,,,0,warning_denominator_zero,,,,,,,,,warning_denominator_zero,,,,,,0,0,0,,0,0,warning_denominator_zero,2.89660315,2.76000000,0.82133753,1.26000000,5.00000000,38206,50377,12171,0.75840165,2802,8890,warning_stem_collisions,95191,11.46364068,4128,2144,23.05983527,21.62937912,0.03312288,0,0.00000000,23649,0.19899865,7740371,636591,0.08224296,success,725,1916,-0.45096554,1725,0.01897335,1037,0.01140601,232,0.00255178,647,0.00711638,820,0.00901922,,,0.00797431,0.02107417,-0.01309986,0.02904847,5787,90917,warning_denominator_zero,warning_denominator_zero,success,exact-then-unique-porter-1.0.0,baek-smart-porter-1.0.0
S2022-018,0001097149,ALGN,Align Technology,0001097149-23-000013,2022,2023-02-27,1.0.3,0.3.0,1,6,0.11840859,50672,2229,5,0.00224316,success,1,0.00465116,6,0.02790698,0,0.00000000,0,0.00000000,0,0.00000000,215,success,2,1,0.00930233,0.00465116,0.33333333,0.01395349,0.00465116,10,success,3.03623656,2.93000000,0.84513015,1.63000000,5.00000000,93,146,53,0.63698630,69,30,warning_stem_collisions,2.87944498,2.82000000,0.81350671,1.04000000,5.00000000,19819,26836,7017,0.73852288,2476,5264,warning_stem_collisions,50605,10.83180566,2229,983,22.70300583,21.00804093,0.02426638,6,0.11856536,6410,0.11242655,2961747,341264,0.11522389,success,404,1168,-0.48600509,985,0.02012751,524,0.01070743,101,0.00206384,572,0.01168826,402,0.00821448,,,0.00825534,0.02386693,-0.01561159,0.03212228,3391,48938,warning_stem_collisions,success,success,exact-then-unique-porter-1.0.0,baek-smart-porter-1.0.0
S2022-019,0001579241,ALLE,Allegion,0001579241-23-000006,2022,2023-02-22,1.0.3,0.3.0,1,2,0.04729586,42287,2042,1,0.00048972,success,0,0.00000000,0,0.00000000,0,0.00000000,0,0.00000000,0,0.00000000,33,success,1,0,0.03030303,0.00000000,1.00000000,0.03030303,0.03030303,1,success,3.14333333,3.00000000,0.80379655,2.21000000,4.67000000,15,20,5,0.75000000,15,3,warning_stem_collisions,2.84881262,2.76000000,0.78993800,1.04000000,5.00000000,16827,22338,5511,0.75329036,2091,4185,warning_stem_collisions,42135,10.64863403,2042,870,20.63418217,21.23075663,0.03465053,2,0.04746648,8639,0.17014614,3326081,284613,0.08557007,success,317,790,-0.42728094,785,0.01952979,324,0.00806070,102,0.00253763,367,0.00913049,316,0.00786167,,,0.00788655,0.01965419,-0.01176763,0.02754074,2519,40195,warning_stem_collisions,success,success,exact-then-unique-porter-1.0.0,baek-smart-porter-1.0.0
S2022-020,0000352541,LNT,Alliant Energy,0000352541-23-000017,2022,2023-02-24,1.0.3,0.3.0,0,0,0.00000000,53093,2629,0,0.00000000,success,,,,,,,,,,,0,warning_denominator_zero,,,,,,,,,warning_denominator_zero,,,,,,0,0,0,,0,0,warning_denominator_zero,2.91583922,2.85000000,0.80677637,1.26000000,5.00000000,20662,29808,9146,0.69316962,1878,5332,warning_stem_collisions,52569,10.86988187,2629,1044,19.99581590,21.44095640,0.02977040,0,0.00000000,18036,0.25544933,7319244,353338,0.04827520,success,153,546,-0.56223176,684,0.01374902,295,0.00592977,82,0.00164827,681,0.01368872,443,0.00890470,,,0.00307544,0.01097509,-0.00789966,0.01405053,2522,49749,warning_denominator_zero,warning_denominator_zero,success,exact-then-unique-porter-1.0.0,baek-smart-porter-1.0.0
S2022-021,0000899051,ALL,Allstate,0000899051-23-000020,2022,2023-02-16,1.0.3,0.3.0,1,2,0.01910968,104659,5250,1,0.00019048,success,1,0.03030303,0,0.00000000,1,0.03030303,0,0.00000000,0,0.00000000,33,success,0,1,0.00000000,0.03030303,-1.00000000,0.03030303,-0.03030303,2,success,2.64800000,2.62000000,0.75355336,1.62000000,4.25000000,15,17,2,0.88235294,14,2,warning_stem_collisions,2.82905224,2.74000000,0.77148559,1.19000000,5.00000000,43049,57880,14831,0.74376296,2475,10416,warning_stem_collisions,104333,11.55534299,5250,2232,19.87295238,21.66682431,0.03396816,2,0.01916939,26445,0.20221291,10933731,710902,0.06501916,success,492,3074,-0.72406057,1772,0.01780314,610,0.00612862,196,0.00196920,1976,0.01985271,708,0.00711322,,,0.00494308,0.03088423,-0.02594115,0.03582731,7448,99533,warning_stem_collisions,success,success,exact-then-unique-porter-1.0.0,baek-smart-porter-1.0.0
S2022-022,0001652044,GOOGL|GOOG,Alphabet Inc. (Class A)|Alphabet Inc. (Class C),0001652044-23-000016,2022,2023-02-03,1.0.3,0.3.0,1,28,0.68274365,41011,2124,22,0.01035782,success,6,0.00958466,2,0.00319489,5,0.00798722,6,0.00958466,3,0.00479233,626,success,22,4,0.03514377,0.00638978,0.69230769,0.04153355,0.02875399,42,success,3.00957983,2.89500000,0.91410644,1.30000000,4.93000000,238,336,98,0.70833333,163,63,warning_stem_collisions,2.91101701,2.82000000,0.82724938,1.23000000,5.00000000,16283,21248,4965,0.76633095,2024,4010,warning_stem_collisions,40915,10.61925202,2124,1035,19.26318267,19.36924363,0.02715386,28,0.68434559,8155,0.16619116,3038413,271652,0.08940588,success,271,973,-0.56430868,794,0.02016610,441,0.01120057,106,0.00269220,519,0.01318162,271,0.00688289,,,0.00688289,0.02471237,-0.01782948,0.03159526,2763,39373,warning_stem_collisions,success,success,exact-then-unique-porter-1.0.0,baek-smart-porter-1.0.0
S2022-023,0000764180,MO,Altria,0000764180-23-000020,2022,2023-02-27,1.0.3,0.3.0,0,0,0.00000000,64467,2817,0,0.00000000,success,,,,,,,,,,,0,warning_denominator_zero,,,,,,,,,warning_denominator_zero,,,,,,0,0,0,,0,0,warning_denominator_zero,2.93350269,2.82000000,0.83998465,1.26000000,5.00000000,24367,34106,9739,0.71444907,2154,6111,warning_stem_collisions,63996,11.06657586,2817,1171,22.71778488,20.59445743,0.03575223,0,0.00000000,9675,0.13132712,4335101,425030,0.09804385,success,244,1766,-0.75721393,941,0.01546705,374,0.00614737,108,0.00177518,1518,0.02495110,531,0.00872795,,,0.00401059,0.02902743,-0.02501685,0.03303802,4514,60839,warning_denominator_zero,warning_denominator_zero,success,exact-then-unique-porter-1.0.0,baek-smart-porter-1.0.0
S2022-024,0001018724,AMZN,Amazon,0001018724-23-000004,2022,2023-02-03,1.0.3,0.3.0,1,7,0.20922378,33457,1673,6,0.00358637,success,1,0.00403226,6,0.02419355,0,0.00000000,2,0.00806452,0,0.00000000,248,success,6,0,0.02419355,0.00000000,1.00000000,0.02419355,0.02419355,14,success,3.00903509,3.14000000,0.73161677,1.50000000,4.37000000,114,161,47,0.70807453,62,38,warning_stem_collisions,2.92649598,2.86000000,0.81263183,1.19000000,5.00000000,13436,17903,4467,0.75048874,1704,3594,warning_stem_collisions,33227,10.41111808,1673,732,19.86072923,20.59013821,0.03379782,7,0.21067204,6557,0.16481500,2486192,226617,0.09115024,success,192,729,-0.58306189,559,0.01760574,246,0.00774779,50,0.00157475,370,0.01165318,271,0.00853516,,,0.00604705,0.02295991,-0.01691285,0.02900696,2029,31751,warning_stem_collisions,success,success,exact-then-unique-porter-1.0.0,baek-smart-porter-1.0.0
S2022-025,0001748790,AMCR,Amcor,0001748790-22-000024,2022,2022-08-18,1.0.3,0.3.0,0,0,0.00000000,41718,1938,0,0.00000000,success,,,,,,,,,,,0,warning_denominator_zero,,,,,,,,,warning_denominator_zero,,,,,,0,0,0,,0,0,warning_denominator_zero,2.87922790,2.76000000,0.82264208,1.04000000,5.00000000,16643,22101,5458,0.75304285,1916,4073,warning_stem_collisions,41573,10.63520620,1938,903,21.45149639,20.97166624,0.03793327,0,0.00000000,9977,0.19354025,4001861,276402,0.06906837,success,257,949,-0.57379768,754,0.01908474,321,0.00812494,79,0.00199960,379,0.00959299,392,0.00992204,,,0.00650501,0.02402045,-0.01751544,0.03052546,2608,39508,warning_denominator_zero,warning_denominator_zero,success,exact-then-unique-porter-1.0.0,baek-smart-porter-1.0.0
S2022-026,0001002910,AEE,Ameren,0001002910-23-000053,2022,2023-02-22,1.0.3,0.3.0,0,0,0.00000000,91967,4016,0,0.00000000,success,,,,,,,,,,,0,warning_denominator_zero,,,,,,,,,warning_denominator_zero,,,,,,0,0,0,,0,0,warning_denominator_zero,2.91246510,2.86000000,0.78886337,1.19000000,5.00000000,35382,51190,15808,0.69118969,2132,8543,warning_stem_collisions,91270,11.42157743,4016,1644,22.72659363,23.54243869,0.04026515,0,0.00000000,22132,0.19516411,9701472,616303,0.06352675,success,232,1003,-0.62429150,1005,0.01169407,451,0.00524779,232,0.00269953,1161,0.01350927,743,0.00864547,,,0.00269953,0.01167080,-0.00897127,0.01437032,4238,85941,warning_denominator_zero,warning_denominator_zero,success,exact-then-unique-porter-1.0.0,baek-smart-porter-1.0.0
S2022-027,0000006201,AAL,American Airlines Group,0000006201-23-000018,2022,2023-02-22,1.0.3,0.3.0,0,0,0.00000000,91343,4156,0,0.00000000,success,,,,,,,,,,,0,warning_denominator_zero,,,,,,,,,warning_denominator_zero,,,,,,0,0,0,,0,0,warning_denominator_zero,2.90435857,2.82000000,0.82811419,1.19000000,5.00000000,36177,48404,12227,0.74739691,2447,8241,warning_stem_collisions,91149,11.42025081,4156,1822,21.93190568,22.25530263,0.04118531,0,0.00000000,32511,0.26290636,6374168,605484,0.09499028,success,352,1525,-0.62493340,1239,0.01436538,633,0.00733922,289,0.00335076,915,0.01060882,938,0.01087549,,,0.00408121,0.01768136,-0.01360016,0.02176257,4953,86249,warning_denominator_zero,warning_denominator_zero,success,exact-then-unique-porter-1.0.0,baek-smart-porter-1.0.0
S2022-028,0000004904,AEP,American Electric Power,0000004904-23-000011,2022,2023-02-23,1.0.3,0.3.0,0,0,0.00000000,135302,7842,0,0.00000000,success,,,,,,,,,,,0,warning_denominator_zero,,,,,,,,,warning_denominator_zero,,,,,,0,0,0,,0,0,warning_denominator_zero,2.89919796,2.83000000,0.79524478,1.26000000,5.00000000,53713,75207,21494,0.71420214,2632,12210,warning_stem_collisions,134709,11.81087218,7842,3364,17.17788829,19.92209031,0.04246190,0,0.00000000,53446,0.28405304,25959608,895770,0.03450630,success,393,1800,-0.64158687,1579,0.01244591,560,0.00441400,248,0.00195477,2086,0.01644216,912,0.00718852,,,0.00309768,0.01418786,-0.01109018,0.01728555,6671,126869,warning_denominator_zero,warning_denominator_zero,success,exact-then-unique-porter-1.0.0,baek-smart-porter-1.0.0
S2022-029,0000004962,AXP,American Express,0000004962-23-000006,2022,2023-02-10,1.0.3,0.3.0,1,10,0.14197890,70433,2969,6,0.00202088,success,5,0.02083333,1,0.00416667,2,0.00833333,1,0.00416667,1,0.00416667,240,success,4,3,0.01666667,0.01250000,0.14285714,0.02916667,0.00416667,14,success,2.96407080,2.93000000,0.76300366,1.52000000,4.90000000,113,145,32,0.77931034,78,24,warning_stem_collisions,2.84170180,2.72000000,0.81484575,1.26000000,5.00000000,29269,38631,9362,0.75765577,2408,7214,warning_stem_collisions,70362,11.16140862,2969,1386,23.69888851,22.10137575,0.02372019,10,0.14212217,14163,0.16755989,5852760,475261,0.08120289,success,356,1595,-0.63505894,1377,0.02030195,538,0.00793206,108,0.00159231,855,0.01260579,588,0.00866924,,,0.00524872,0.02351606,-0.01826733,0.02876478,4649,67826,warning_stem_collisions,success,success,exact-then-unique-porter-1.0.0,baek-smart-porter-1.0.0
S2022-030,0000005272,AIG,American International Group,0000005272-23-000007,2022,2023-02-17,1.0.3,0.3.0,1,7,0.05596642,125075,6127,5,0.00081606,success,4,0.02469136,7,0.04320988,3,0.01851852,0,0.00000000,3,0.01851852,162,success,0,1,0.00000000,0.00617284,-1.00000000,0.00617284,-0.00617284,14,success,2.62779661,2.70000000,0.60587258,1.52000000,4.39000000,59,89,30,0.66292135,45,17,warning_stem_collisions,2.78154557,2.69000000,0.76667418,1.19000000,5.00000000,51379,68805,17426,0.74673352,2706,12677,warning_stem_collisions,124233,11.72991411,6127,2856,20.27631794,21.98694402,0.02694936,7,0.05634574,42456,0.25470187,18010113,847361,0.04704918,success,740,3094,-0.61398018,2813,0.02354941,841,0.00704054,236,0.00197571,1530,0.01280860,862,0.00721635,,,0.00619501,0.02590183,-0.01970683,0.03209684,8817,119451,warning_stem_collisions,success,success,exact-then-unique-porter-1.0.0,baek-smart-porter-1.0.0
S2022-031,0001053507,AMT,American Tower,0001053507-23-000023,2022,2023-02-23,1.0.3,0.3.0,0,0,0.00000000,65841,2856,0,0.00000000,success,,,,,,,,,,,0,warning_denominator_zero,,,,,,,,,warning_denominator_zero,,,,,,0,0,0,,0,0,warning_denominator_zero,2.91871606,2.82000000,0.81484983,1.19000000,5.00000000,25671,34764,9093,0.73843631,2050,6154,warning_stem_collisions,65659,11.09222996,2856,1331,22.98984594,21.58453280,0.03848673,0,0.00000000,13228,0.16768289,5148732,438852,0.08523497,success,283,920,-0.52950956,1001,0.01604321,510,0.00817386,148,0.00237202,451,0.00722826,618,0.00990480,,,0.00453569,0.01474501,-0.01020931,0.01928070,3218,62394,warning_denominator_zero,warning_denominator_zero,success,exact-then-unique-porter-1.0.0,baek-smart-porter-1.0.0
S2022-032,0001410636,AWK,American Water Works,0001410636-23-000020,2022,2023-02-15,1.0.3,0.3.0,0,0,0.00000000,76157,3257,0,0.00000000,success,,,,,,,,,,,0,warning_denominator_zero,,,,,,,,,warning_denominator_zero,,,,,,0,0,0,,0,0,warning_denominator_zero,2.95944282,2.86000000,0.85689322,1.19000000,5.00000000,30008,40671,10663,0.73782302,2537,7422,warning_stem_collisions,76159,11.24057854,3257,1288,23.38317470,22.22297287,0.03516328,0,0.00000000,13754,0.15297009,4646357,509223,0.10959618,success,425,1452,-0.54714971,1134,0.01570702,537,0.00743798,163,0.00225771,1359,0.01882350,656,0.00908625,,,0.00588667,0.02011164,-0.01422497,0.02599831,4987,72197,warning_denominator_zero,warning_denominator_zero,success,exact-then-unique-porter-1.0.0,baek-smart-porter-1.0.0
S2022-033,0000820027,AMP,Ameriprise Financial,0000820027-23-000014,2022,2023-02-23,1.0.3,0.3.0,0,0,0.00000000,82439,3840,0,0.00000000,success,,,,,,,,,,,0,warning_denominator_zero,,,,,,,,,warning_denominator_zero,,,,,,0,0,0,,0,0,warning_denominator_zero,2.85613322,2.74000000,0.77781755,1.19000000,5.00000000,33568,44878,11310,0.74798342,2278,7809,warning_stem_collisions,82149,11.31628995,3840,1612,21.39296875,21.85969366,0.02870394,0,0.00000000,17023,0.17165127,8684963,556175,0.06403885,success,345,1311,-0.58333333,1684,0.02138548,516,0.00655280,171,0.00217157,1010,0.01282621,551,0.00699727,,,0.00438123,0.01664868,-0.01226745,0.02102991,4796,78745,warning_denominator_zero,warning_denominator_zero,success,exact-then-unique-porter-1.0.0,baek-smart-porter-1.0.0
S2022-034,0001140859,ABC,AmerisourceBergen,0001140859-22-000098,2022,2022-11-22,1.0.3,0.3.0,0,0,0.00000000,51116,2274,0,0.00000000,success,,,,,,,,,,,0,warning_denominator_zero,,,,,,,,,warning_denominator_zero,,,,,,0,0,0,,0,0,warning_denominator_zero,2.87593056,2.81000000,0.79204063,1.21000000,5.00000000,20681,27456,6775,0.75324155,2092,4911,warning_stem_collisions,51092,10.84138321,2274,883,22.46789798,22.10443002,0.04016284,0,0.00000000,10433,0.16957334,2817151,346826,0.12311232,success,332,1219,-0.57188910,858,0.01772288,436,0.00900603,93,0.00192101,846,0.01747501,379,0.00782864,,,0.00685780,0.02517971,-0.01832190,0.03203751,3393,48412,warning_denominator_zero,warning_denominator_zero,success,exact-then-unique-porter-1.0.0,baek-smart-porter-1.0.0
S2022-035,0001037868,AME,Ametek,0001037868-23-000012,2022,2023-02-21,1.0.3,0.3.0,0,0,0.00000000,32214,1813,0,0.00000000,success,,,,,,,,,,,0,warning_denominator_zero,,,,,,,,,warning_denominator_zero,,,,,,0,0,0,,0,0,warning_denominator_zero,2.90050977,2.86000000,0.80469231,1.04000000,5.00000000,13045,17197,4152,0.75856254,1708,3061,warning_stem_collisions,32035,10.37458433,1813,800,17.66960838,19.96994762,0.04392071,0,0.00000000,6645,0.17179421,2755420,217896,0.07907905,success,217,458,-0.35703704,503,0.01670708,219,0.00727406,77,0.00255754,286,0.00949945,298,0.00989803,,,0.00720763,0.01521241,-0.00800478,0.02242004,1717,30107,warning_denominator_zero,warning_denominator_zero,success,exact-then-unique-porter-1.0.0,baek-smart-porter-1.0.0
S2022-036,0000318154,AMGN,Amgen,0000318154-23-000017,2022,2023-02-09,1.0.3,0.3.0,0,0,0.00000000,75563,3522,0,0.00000000,success,,,,,,,,,,,0,warning_denominator_zero,,,,,,,,,warning_denominator_zero,,,,,,0,0,0,,0,0,warning_denominator_zero,2.88405303,2.79000000,0.80213081,1.19000000,5.00000000,27757,39084,11327,0.71018831,2638,7399,warning_stem_collisions,75861,11.23665800,3522,1348,21.53918228,20.52389769,0.03975692,0,0.00000000,13839,0.15428094,4409594,503229,0.11412139,success,450,1575,-0.55555556,1177,0.01634904,600,0.00833426,124,0.00172241,1206,0.01675186,565,0.00784809,,,0.00625069,0.02187743,-0.01562674,0.02812813,4781,71992,warning_denominator_zero,warning_denominator_zero,success,exact-then-unique-porter-1.0.0,baek-smart-porter-1.0.0
S2022-037,0000820313,APH,Amphenol,0001558370-23-001036,2022,2023-02-08,1.0.3,0.3.0,0,0,0.00000000,67020,2610,0,0.00000000,success,,,,,,,,,,,0,warning_denominator_zero,,,,,,,,,warning_denominator_zero,,,,,,0,0,0,,0,0,warning_denominator_zero,2.94103567,2.86000000,0.81442208,1.19000000,5.00000000,25819,34488,8669,0.74863721,1842,6433,warning_stem_collisions,66870,11.11050572,2610,754,25.62068966,22.84334057,0.04549125,0,0.00000000,11790,0.14988558,4995552,444831,0.08904541,success,218,912,-0.61415929,1023,0.01628410,358,0.00569864,103,0.00163955,618,0.00983732,450,0.00716310,,,0.00347012,0.01451721,-0.01104709,0.01798733,3166,62822,warning_denominator_zero,warning_denominator_zero,success,exact-then-unique-porter-1.0.0,baek-smart-porter-1.0.0
S2022-038,0000006281,ADI,Analog Devices,0000006281-22-000250,2022,2022-11-22,1.0.3,0.3.0,0,0,0.00000000,45683,2118,0,0.00000000,success,,,,,,,,,,,0,warning_denominator_zero,,,,,,,,,warning_denominator_zero,,,,,,0,0,0,,0,0,warning_denominator_zero,2.85665649,2.74000000,0.79719214,1.04000000,5.00000000,18023,23836,5813,0.75612519,2035,4642,warning_stem_collisions,45516,10.72581919,2118,866,21.49008499,21.40686469,0.03152737,0,0.00000000,11274,0.19852087,3189312,304972,0.09562313,success,266,848,-0.52244165,845,0.01941547,434,0.00997197,100,0.00229769,425,0.00976518,415,0.00953541,,,0.00611185,0.01948440,-0.01337255,0.02559625,2711,43522,warning_denominator_zero,warning_denominator_zero,success,exact-then-unique-porter-1.0.0,baek-smart-porter-1.0.0
S2022-039,0000315293,AON,Aon plc,0001628280-23-004087,2022,2023-02-17,1.0.3,0.3.0,0,0,0.00000000,46895,2298,0,0.00000000,success,,,,,,,,,,,0,warning_denominator_zero,,,,,,,,,warning_denominator_zero,,,,,,0,0,0,,0,0,warning_denominator_zero,2.83377620,2.76000000,0.77220163,1.19000000,4.97000000,18463,24401,5938,0.75664932,1998,4426,warning_stem_collisions,46896,10.75568766,2298,921,20.40731070,21.12188326,0.03254009,0,0.00000000,13214,0.21983031,4083393,312993,0.07665023,success,321,921,-0.48309179,916,0.02042682,418,0.00932141,79,0.00176170,638,0.01422742,338,0.00753741,,,0.00715831,0.02053832,-0.01338001,0.02769663,3018,44843,warning_denominator_zero,warning_denominator_zero,success,exact-then-unique-porter-1.0.0,baek-smart-porter-1.0.0
S2022-040,0000320193,AAPL,Apple Inc.,0000320193-22-000108,2022,2022-10-28,1.0.3,0.3.0,0,0,0.00000000,26713,1366,0,0.00000000,success,,,,,,,,,,,0,warning_denominator_zero,,,,,,,,,warning_denominator_zero,,,,,,0,0,0,,0,0,warning_denominator_zero,2.94638189,2.86000000,0.87222210,1.26000000,5.00000000,10511,14265,3754,0.73683842,1499,2729,warning_stem_collisions,26705,10.19260609,1366,669,19.54978038,20.60291487,0.03804531,0,0.00000000,5823,0.17901500,2049857,180960,0.08827933,success,107,614,-0.70319001,473,0.01889279,230,0.00918677,50,0.00199712,245,0.00978591,233,0.00930660,,,0.00427385,0.02452468,-0.02025084,0.02879853,1629,25036,warning_denominator_zero,warning_denominator_zero,success,exact-then-unique-porter-1.0.0,baek-smart-porter-1.0.0
S2022-041,0000006951,AMAT,Applied Materials,0000006951-22-000043,2022,2022-12-16,1.0.3,0.3.0,1,3,0.07437525,40336,1947,3,0.00154083,success,0,0.00000000,0,0.00000000,0,0.00000000,0,0.00000000,0,0.00000000,105,success,1,0,0.00952381,0.00000000,1.00000000,0.00952381,0.00952381,1,success,3.02812500,2.89000000,0.94076134,1.72000000,4.79000000,48,63,15,0.76190476,27,8,warning_stem_collisions,2.83323051,2.72000000,0.81634363,1.26000000,5.00000000,16663,22481,5818,0.74120368,1825,4587,warning_stem_collisions,40191,10.60139837,1947,928,20.64252696,21.35166386,0.02819039,3,0.07464358,8940,0.18196251,3848752,280076,0.07277060,success,231,730,-0.51925078,723,0.01886694,350,0.00913337,70,0.00182667,361,0.00942042,397,0.01035985,,,0.00602803,0.01904961,-0.01302158,0.02507763,2366,38321,warning_stem_collisions,success,success,exact-then-unique-porter-1.0.0,baek-smart-porter-1.0.0
S2022-042,0001521332,APTV,Aptiv,0001521332-23-000013,2022,2023-02-08,1.0.3,0.3.0,1,4,0.05868286,68163,3047,3,0.00098457,success,4,0.03100775,0,0.00000000,2,0.01550388,0,0.00000000,0,0.00000000,129,success,0,0,0.00000000,0.00000000,,0.00000000,0.00000000,4,success,3.27134328,3.38000000,0.86475412,1.62000000,5.00000000,67,88,21,0.76136364,42,10,warning_stem_collisions,2.88192279,2.77000000,0.81087938,1.26000000,5.00000000,26836,36015,9179,0.74513397,2233,6443,warning_stem_collisions,67905,11.12586495,3047,1122,22.28585494,21.60856315,0.03974670,4,0.05890582,12382,0.15422173,5237060,456494,0.08716608,success,499,1124,-0.38508934,1190,0.01853150,403,0.00627579,162,0.00252278,495,0.00770848,446,0.00694542,,,0.00777077,0.01750370,-0.00973293,0.02527447,3695,64215,warning_stem_collisions,success,success,exact-then-unique-porter-1.0.0,baek-smart-porter-1.0.0
S2022-043,0000947484,ACGL,Arch Capital Group,0000947484-23-000015,2022,2023-02-24,1.0.3,0.3.0,0,0,0.00000000,124806,5494,0,0.00000000,success,,,,,,,,,,,0,warning_denominator_zero,,,,,,,,,warning_denominator_zero,,,,,,0,0,0,,0,0,warning_denominator_zero,2.84245347,2.76000000,0.79009522,1.19000000,5.00000000,49909,66716,16807,0.74808142,2654,11581,warning_stem_collisions,125070,11.73662886,5494,1845,22.76483436,21.68356903,0.02632926,0,0.00000000,20370,0.14005776,10115823,835794,0.08262244,success,629,3130,-0.66533653,2207,0.01839167,814,0.00678333,339,0.00282500,1648,0.01373333,1044,0.00870000,,,0.00524167,0.02608333,-0.02084167,0.03132500,8586,120000,warning_denominator_zero,warning_denominator_zero,success,exact-then-unique-porter-1.0.0,baek-smart-porter-1.0.0
S2022-044,0000007084,ADM,Archer Daniels Midland,0000007084-23-000010,2022,2023-02-14,1.0.3,0.3.0,0,0,0.00000000,44176,2335,0,0.00000000,success,,,,,,,,,,,0,warning_denominator_zero,,,,,,,,,warning_denominator_zero,,,,,,0,0,0,,0,0,warning_denominator_zero,2.98812329,2.90000000,0.84374162,1.04000000,5.00000000,17957,24368,6411,0.73690906,2056,4361,warning_stem_collisions,44019,10.69237664,2335,946,18.85182013,20.69606918,0.04834276,0,0.00000000,9605,0.17911756,4237466,300042,0.07080694,success,337,586,-0.26977248,552,0.01349468,175,0.00427821,54,0.00132013,380,0.00928982,284,0.00694292,,,0.00823860,0.01432588,-0.00608728,0.02256448,2052,40905,warning_denominator_zero,warning_denominator_zero,success,exact-then-unique-porter-1.0.0,baek-smart-porter-1.0.0
S2022-045,0001596532,ANET,Arista Networks,0001596532-23-000016,2022,2023-02-14,1.0.3,0.3.0,1,15,0.25789591,58163,2448,14,0.00571895,success,2,0.00402414,0,0.00000000,0,0.00000000,0,0.00000000,2,0.00402414,497,success,2,4,0.00402414,0.00804829,-0.33333333,0.01207243,-0.00402414,10,success,3.03124481,3.00000000,0.82306639,1.38000000,4.93000000,241,340,99,0.70882353,159,46,warning_stem_collisions,2.86198529,2.80000000,0.80225754,1.19000000,5.00000000,22838,30626,7788,0.74570626,2331,6197,warning_stem_collisions,58176,10.97122818,2448,1070,23.76470588,20.92524082,0.01956133,15,0.25783828,5186,0.08184716,2680498,390691,0.14575314,success,374,1677,-0.63529985,1369,0.02428812,845,0.01499157,157,0.00278542,637,0.01130134,537,0.00952719,,,0.00663532,0.02975251,-0.02311718,0.03638783,4492,56365,warning_stem_collisions,success,success,exact-then-unique-porter-1.0.0,baek-smart-porter-1.0.0
S2022-046,0000354190,AJG,Arthur J. Gallagher & Co.,0000950170-23-002456,2022,2023-02-10,1.0.3,0.3.0,1,4,0.04127200,96918,3942,3,0.00076104,success,1,0.00934579,1,0.00934579,1,0.00934579,0,0.00000000,0,0.00000000,107,success,3,2,0.02803738,0.01869159,0.20000000,0.04672897,0.00934579,6,success,2.77800000,2.72000000,0.69786850,1.63000000,4.25000000,45,58,13,0.77586207,38,8,warning_stem_collisions,2.84531507,2.74000000,0.77877042,1.19000000,5.00000000,37595,48877,11282,0.76917569,2154,8507,warning_stem_collisions,96497,11.47726720,3942,1126,24.47919838,21.32088804,0.04111009,4,0.04145207,11399,0.10564803,10928980,634337,0.05804174,success,278,1556,-0.69683751,1956,0.02137331,698,0.00762708,232,0.00253508,1102,0.01204161,778,0.00850125,,,0.00303772,0.01700249,-0.01396477,0.02004021,5564,91516,warning_stem_collisions,success,success,exact-then-unique-porter-1.0.0,baek-smart-porter-1.0.0
S2022-047,0001267238,AIZ,Assurant,0001267238-23-000007,2022,2023-02-17,1.0.3,0.3.0,0,0,0.00000000,79262,3621,0,0.00000000,success,,,,,,,,,,,0,warning_denominator_zero,,,,,,,,,warning_denominator_zero,,,,,,0,0,0,,0,0,warning_denominator_zero,2.83384670,2.74000000,0.79097275,1.26000000,5.00000000,32277,42274,9997,0.76351895,2348,7838,warning_stem_collisions,78849,11.27528991,3621,1575,21.77547639,21.78051129,0.03472460,0,0.00000000,16798,0.17562495,7613563,532838,0.06998537,success,559,1964,-0.55687673,1614,0.02148048,642,0.00854428,166,0.00220927,1075,0.01430701,584,0.00777237,,,0.00743964,0.02613857,-0.01869893,0.03357822,5508,75138,warning_denominator_zero,warning_denominator_zero,success,exact-then-unique-porter-1.0.0,baek-smart-porter-1.0.0
S2022-048,0000731802,ATO,Atmos Energy,0000731802-22-000037,2022,2022-11-14,1.0.3,0.3.0,0,0,0.00000000,34599,1855,0,0.00000000,success,,,,,,,,,,,0,warning_denominator_zero,,,,,,,,,warning_denominator_zero,,,,,,0,0,0,,0,0,warning_denominator_zero,2.88040612,2.78000000,0.80000163,1.26000000,5.00000000,14109,18504,4395,0.76248379,1643,3279,warning_stem_collisions,34451,10.44729330,1855,814,18.57196765,20.86932432,0.03930220,0,0.00000000,12766,0.27036872,4108337,230082,0.05600368,success,131,371,-0.47808765,466,0.01425120,189,0.00577999,63,0.00192666,393,0.01201872,271,0.00828772,,,0.00400624,0.01134591,-0.00733967,0.01535215,1627,32699,warning_denominator_zero,warning_denominator_zero,success,exact-then-unique-porter-1.0.0,baek-smart-porter-1.0.0
S2022-049,0000866787,AZO,AutoZone,0001558370-22-015239,2022,2022-10-24,1.0.3,0.3.0,0,0,0.00000000,40505,2320,0,0.00000000,success,,,,,,,,,,,0,warning_denominator_zero,,,,,,,,,warning_denominator_zero,,,,,,0,0,0,,0,0,warning_denominator_zero,2.95360084,2.86000000,0.83330312,1.19000000,5.00000000,16224,21333,5109,0.76051188,1749,3801,warning_stem_collisions,40290,10.60385858,2320,613,17.36637931,18.89384686,0.04673616,0,0.00000000,10355,0.20446243,2973105,266862,0.08975869,success,180,622,-0.55112219,556,0.01470083,213,0.00563179,98,0.00259115,305,0.00806430,260,0.00687449,,,0.00475926,0.01644589,-0.01168663,0.02120515,1905,37821,warning_denominator_zero,warning_denominator_zero,success,exact-then-unique-porter-1.0.0,baek-smart-porter-1.0.0
S2022-050,0000769397,ADSK,Autodesk,0000769397-22-000019,2022,2022-03-14,1.0.3,0.3.0,1,20,0.36404012,54939,2566,13,0.00506625,success,9,0.02535211,5,0.01408451,8,0.02253521,0,0.00000000,0,0.00000000,355,success,7,14,0.01971831,0.03943662,-0.33333333,0.05915493,-0.01971831,35,success,2.72986301,2.62000000,0.74263875,1.30000000,4.71000000,146,203,57,0.71921182,88,42,warning_stem_collisions,2.86149904,2.76000000,0.79910239,1.19000000,5.00000000,21854,29306,7452,0.74571760,2224,5433,warning_stem_collisions,54782,10.91111695,2566,1076,21.34918161,21.04464453,0.03042970,20,0.36508342,8591,0.13556246,3413671,373432,0.10939308,success,393,1102,-0.47424749,1003,0.01915511,466,0.00889958,138,0.00263550,496,0.00947252,481,0.00918605,,,0.00750544,0.02104580,-0.01354035,0.02855124,3388,52362,warning_stem_collisions,success,success,exact-then-unique-porter-1.0.0,baek-smart-porter-1.0.0
S2022-051,0000008670,ADP,Automatic Data Processing,0000008670-22-000038,2022,2022-08-03,1.0.3,0.3.0,1,8,0.21489779,37227,1755,5,0.00284900,success,3,0.01395349,2,0.00930233,2,0.00930233,1,0.00465116,5,0.02325581,215,success,2,3,0.00930233,0.01395349,-0.20000000,0.02325581,-0.00465116,16,success,2.65528090,2.60000000,0.78194527,1.23000000,4.25000000,89,127,38,0.70078740,72,24,warning_stem_collisions,2.91436107,2.83000000,0.81189312,1.23000000,5.00000000,14939,20180,5241,0.74028741,1938,3602,warning_stem_collisions,37144,10.52255753,1755,740,21.16467236,20.86087412,0.03176825,8,0.21537799,8226,0.18130924,3210374,249111,0.07759563,success,257,563,-0.37317073,518,0.01468962,232,0.00657913,53,0.00150299,333,0.00944333,345,0.00978363,,,0.00728809,0.01596574,-0.00867765,0.02325384,1938,35263,warning_stem_collisions,success,success,exact-then-unique-porter-1.0.0,baek-smart-porter-1.0.0
S2022-052,0000915912,AVB,AvalonBay Communities,0000915912-23-000004,2022,2023-02-24,1.0.3,0.3.0,0,0,0.00000000,50254,2271,0,0.00000000,success,,,,,,,,,,,0,warning_denominator_zero,,,,,,,,,warning_denominator_zero,,,,,,0,0,0,,0,0,warning_denominator_zero,2.89035487,2.74000000,0.81615990,1.19000000,5.00000000,19134,25308,6174,0.75604552,1865,4630,warning_stem_collisions,50027,10.82031814,2271,1042,22.02862175,21.51392396,0.03725988,0,0.00000000,14824,0.22858553,7961766,331214,0.04160057,success,320,704,-0.37500000,830,0.01742416,450,0.00944684,147,0.00308597,343,0.00720059,378,0.00793534,,,0.00671775,0.01477905,-0.00806130,0.02149680,2614,47635,warning_denominator_zero,warning_denominator_zero,success,exact-then-unique-porter-1.0.0,baek-smart-porter-1.0.0
S2022-053,0001037540,BXP,"BXP, Inc.",0001656423-23-000013,2022,2023-02-27,1.0.3,0.3.0,0,0,0.00000000,87907,3845,0,0.00000000,success,,,,,,,,,,,0,warning_denominator_zero,,,,,,,,,warning_denominator_zero,,,,,,0,0,0,,0,0,warning_denominator_zero,2.91262260,2.79000000,0.82480583,1.19000000,5.00000000,33524,45653,12129,0.73432195,2352,7732,warning_stem_collisions,87371,11.37791870,3845,1734,22.72327698,21.45309234,0.05021117,0,0.00000000,22977,0.20822308,9502451,579153,0.06094775,success,578,1050,-0.28992629,1817,0.02225189,664,0.00813167,240,0.00293916,449,0.00549868,603,0.00738464,,,0.00707848,0.01285882,-0.00578035,0.01993730,4546,81656,warning_denominator_zero,warning_denominator_zero,success,exact-then-unique-porter-1.0.0,baek-smart-porter-1.0.0
S2022-054,0001701605,BKR,Baker Hughes,0001701605-23-000044,2022,2023-02-14,1.0.3,0.3.0,1,24,0.47202281,50845,2559,17,0.00664322,success,3,0.00578035,3,0.00578035,0,0.00000000,0,0.00000000,0,0.00000000,519,success,8,9,0.01541426,0.01734104,-0.05882353,0.03275530,-0.00192678,23,success,2.91344340,2.90000000,0.74993895,1.54000000,4.93000000,212,279,67,0.75985663,110,33,warning_stem_collisions,2.92650145,2.85000000,0.83344481,1.26000000,5.00000000,19671,26522,6851,0.74168615,2312,4916,warning_stem_collisions,50755,10.83476541,2559,1109,19.83391950,19.45784752,0.04096148,24,0.47285982,7287,0.12554702,2831974,334317,0.11805087,success,315,1153,-0.57084469,766,0.01589541,373,0.00774020,111,0.00230338,701,0.01454659,424,0.00879851,,,0.00653663,0.02392613,-0.01738950,0.03046275,3211,48190,warning_stem_collisions,success,success,exact-then-unique-porter-1.0.0,baek-smart-porter-1.0.0
S2022-055,0000009389,BALL,Ball Corporation,0000009389-23-000011,2022,2023-02-21,1.0.3,0.3.0,0,0,0.00000000,51667,2518,0,0.00000000,success,,,,,,,,,,,0,warning_denominator_zero,,,,,,,,,warning_denominator_zero,,,,,,0,0,0,,0,0,warning_denominator_zero,2.97242390,2.86000000,0.86858726,1.22000000,5.00000000,20533,27255,6722,0.75336635,1911,4952,warning_stem_collisions,51622,10.85170322,2518,870,20.50119142,21.12186115,0.03318353,0,0.00000000,11983,0.18839714,4516543,345667,0.07653353,success,264,618,-0.40136054,832,0.01695226,268,0.00546058,125,0.00254691,768,0.01564824,397,0.00808900,,,0.00537908,0.01259194,-0.00721286,0.01797103,2866,49079,warning_denominator_zero,warning_denominator_zero,success,exact-then-unique-porter-1.0.0,baek-smart-porter-1.0.0
S2022-056,0000070858,BAC,Bank of America,0000070858-23-000092,2022,2023-02-22,1.0.3,0.3.0,1,9,0.07270553,123787,5476,6,0.00109569,success,7,0.02892562,2,0.00826446,2,0.00826446,0,0.00000000,1,0.00413223,242,success,0,25,0.00000000,0.10330579,-1.00000000,0.10330579,-0.10330579,33,success,2.63541284,2.48000000,0.66537364,1.54000000,4.93000000,109,155,46,0.70322581,75,35,warning_stem_collisions,2.84885922,2.72000000,0.79891657,1.26000000,5.00000000,50711,67877,17166,0.74710137,2564,12338,warning_stem_collisions,123568,11.72454689,5476,2080,22.56537619,21.99549703,0.03368995,9,0.07283439,32602,0.20875968,16266085,835746,0.05137967,success,370,2817,-0.76780671,2495,0.02123151,700,0.00595674,145,0.00123390,1172,0.00997328,964,0.00820328,,,0.00314856,0.02397161,-0.02082305,0.02712017,7588,117514,warning_stem_collisions,success,success,exact-then-unique-porter-1.0.0,baek-smart-porter-1.0.0
S2022-057,0001390777,BK,Bank of New York Mellon,0001390777-23-000033,2022,2023-02-27,1.0.3,0.3.0,0,0,0.00000000,6151,612,0,0.00000000,success,,,,,,,,,,,0,warning_denominator_zero,,,,,,,,,warning_denominator_zero,,,,,,0,0,0,,0,0,warning_denominator_zero,2.92117623,2.75000000,0.85506327,1.26000000,4.96000000,2423,3302,879,0.73379770,726,527,warning_stem_collisions,6168,8.72712992,612,202,10.07843137,17.32800316,0.03437095,0,0.00000000,4431,0.41805831,1541912,41837,0.02713320,success,31,101,-0.53030303,103,0.01749618,50,0.00849329,6,0.00101919,62,0.01053168,37,0.00628503,,,0.00526584,0.01715645,-0.01189061,0.02242229,332,5887,warning_denominator_zero,warning_denominator_zero,success,exact-then-unique-porter-1.0.0,baek-smart-porter-1.0.0
S2022-058,0000701985,BBWI,"Bath & Body Works, Inc.",0000701985-22-000009,2022,2022-03-18,1.0.3,0.3.0,0,0,0.00000000,44466,2314,0,0.00000000,success,,,,,,,,,,,0,warning_denominator_zero,,,,,,,,,warning_denominator_zero,,,,,,0,0,0,,0,0,warning_denominator_zero,2.93679187,2.86000000,0.83837479,1.30000000,5.00000000,17864,23255,5391,0.76817889,1985,4091,warning_stem_collisions,44267,10.69799476,2314,1004,19.13007779,19.71674156,0.04032349,0,0.00000000,8774,0.16541920,2807688,293510,0.10453797,success,221,875,-0.59671533,692,0.01657088,367,0.00878831,88,0.00210728,420,0.01005747,316,0.00756705,,,0.00529215,0.02095307,-0.01566092,0.02624521,2491,41760,warning_denominator_zero,warning_denominator_zero,success,exact-then-unique-porter-1.0.0,baek-smart-porter-1.0.0
S2022-059,0000010456,BAX,Baxter International,0001628280-23-002864,2022,2023-02-09,1.0.3,0.3.0,0,0,0.00000000,59864,2683,0,0.00000000,success,,,,,,,,,,,0,warning_denominator_zero,,,,,,,,,warning_denominator_zero,,,,,,0,0,0,,0,0,warning_denominator_zero,2.85779268,2.74000000,0.80184469,1.26000000,5.00000000,23182,31547,8365,0.73484008,2231,6155,warning_stem_collisions,59824,10.99916220,2683,1061,22.29742825,21.17391288,0.03588861,0,0.00000000,12538,0.17326774,4236521,399316,0.09425564,success,365,1328,-0.56881276,1127,0.01976188,492,0.00862719,122,0.00213926,613,0.01074892,489,0.00857458,,,0.00640025,0.02328640,-0.01688615,0.02968665,3741,57029,warning_denominator_zero,warning_denominator_zero,success,exact-then-unique-porter-1.0.0,baek-smart-porter-1.0.0
S2022-060,0000010795,BDX,Becton Dickinson,0001628280-22-030686,2022,2022-11-22,1.0.3,0.3.0,0,0,0.00000000,46803,2418,0,0.00000000,success,,,,,,,,,,,0,warning_denominator_zero,,,,,,,,,warning_denominator_zero,,,,,,0,0,0,,0,0,warning_denominator_zero,2.88150820,2.79000000,0.79005003,1.26000000,5.00000000,18227,25206,6979,0.72312148,2092,4873,warning_stem_collisions,46788,10.75338204,2418,1039,19.34987593,20.59923239,0.02955886,0,0.00000000,10583,0.18446602,3851368,318634,0.08273268,success,324,952,-0.49216301,751,0.01684347,354,0.00793953,77,0.00172696,611,0.01370355,351,0.00787225,,,0.00726669,0.02135152,-0.01408482,0.02861821,2827,44587,warning_denominator_zero,warning_denominator_zero,success,exact-then-unique-porter-1.0.0,baek-smart-porter-1.0.0
S2022-061,0001067983,BRK-B,Berkshire Hathaway,0000950170-23-004451,2022,2023-02-27,1.0.3,0.3.0,0,0,0.00000000,81964,4047,0,0.00000000,success,,,,,,,,,,,0,warning_denominator_zero,,,,,,,,,warning_denominator_zero,,,,,,0,0,0,,0,0,warning_denominator_zero,2.92642145,2.86000000,0.83217683,1.26000000,5.00000000,33807,46189,12382,0.73192752,2518,8466,warning_stem_collisions,81805,11.31209365,4047,1350,20.21373857,20.91696055,0.04475277,0,0.00000000,10709,0.11575545,12630004,565177,0.04474876,success,336,1750,-0.67785235,1151,0.01496301,316,0.00410800,102,0.00132600,1215,0.01579502,473,0.00614901,,,0.00436800,0.02275002,-0.01838202,0.02711803,4688,76923,warning_denominator_zero,warning_denominator_zero,success,exact-then-unique-porter-1.0.0,baek-smart-porter-1.0.0
S2022-062,0000764478,BBY,Best Buy,0000764478-22-000008,2022,2022-03-18,1.0.3,0.3.0,1,4,0.10184596,39275,1991,4,0.00200904,success,0,0.00000000,0,0.00000000,0,0.00000000,1,0.01052632,0,0.00000000,95,success,3,0,0.03157895,0.00000000,1.00000000,0.03157895,0.03157895,3,success,2.94181818,2.88000000,0.83149994,1.69000000,4.79000000,44,59,15,0.74576271,34,10,warning_stem_collisions,2.88962697,2.81000000,0.81644096,1.19000000,5.00000000,15736,20512,4776,0.76716069,2023,3646,warning_stem_collisions,39030,10.57208586,1991,932,19.60321447,19.38036013,0.03266718,4,0.10248527,6212,0.13730604,7187826,259476,0.03609937,success,357,644,-0.28671329,640,0.01717614,307,0.00823918,171,0.00458925,268,0.00719251,274,0.00735353,,,0.00958106,0.01728349,-0.00770242,0.02686455,2121,37261,warning_stem_collisions,success,success,exact-then-unique-porter-1.0.0,baek-smart-porter-1.0.0
S2022-063,0000012208,BIO,Bio-Rad Laboratories,0000012208-23-000031,2022,2023-02-17,1.0.3,0.3.0,0,0,0.00000000,39918,1881,0,0.00000000,success,,,,,,,,,,,0,warning_denominator_zero,,,,,,,,,warning_denominator_zero,,,,,,0,0,0,,0,0,warning_denominator_zero,2.84798941,2.75000000,0.77584158,1.28000000,5.00000000,15677,20602,4925,0.76094554,1879,3756,warning_stem_collisions,39937,10.59505849,1881,737,21.23179160,20.41090360,0.03563112,0,0.00000000,7870,0.16462024,3338805,264016,0.07907500,success,172,805,-0.64790174,684,0.01795605,312,0.00819048,87,0.00228388,446,0.01170819,359,0.00942430,,,0.00451527,0.02113249,-0.01661723,0.02564776,2429,38093,warning_denominator_zero,warning_denominator_zero,success,exact-then-unique-porter-1.0.0,baek-smart-porter-1.0.0
S2022-064,0000842023,TECH,Bio-Techne,0001558370-22-013935,2022,2022-08-24,1.0.3,0.3.0,0,0,0.00000000,50597,2260,0,0.00000000,success,,,,,,,,,,,0,warning_denominator_zero,,,,,,,,,warning_denominator_zero,,,,,,0,0,0,,0,0,warning_denominator_zero,2.86721412,2.79000000,0.79799724,1.19000000,5.00000000,20026,26499,6473,0.75572663,2011,4994,warning_stem_collisions,50416,10.82806386,2260,758,22.30796460,21.11721848,0.03705173,0,0.00000000,6858,0.11974020,2980999,338345,0.11350054,success,259,1007,-0.59083728,805,0.01682095,281,0.00587166,94,0.00196418,493,0.01030152,515,0.01076123,,,0.00541196,0.02104185,-0.01562990,0.02645381,2907,47857,warning_denominator_zero,warning_denominator_zero,success,exact-then-unique-porter-1.0.0,baek-smart-porter-1.0.0
S2022-065,0000875045,BIIB,Biogen,0000875045-23-000009,2022,2023-02-15,1.0.3,0.3.0,0,0,0.00000000,89620,4590,0,0.00000000,success,,,,,,,,,,,0,warning_denominator_zero,,,,,,,,,warning_denominator_zero,,,,,,0,0,0,,0,0,warning_denominator_zero,2.87079627,2.79000000,0.77554240,1.19000000,5.00000000,33971,46627,12656,0.72856928,2492,7525,warning_stem_collisions,89416,11.40105492,4590,2454,19.48061002,19.69185161,0.03841594,0,0.00000000,13066,0.12749556,5239202,596591,0.11387059,success,786,1382,-0.27490775,1523,0.01791575,638,0.00750509,216,0.00254091,882,0.01037537,605,0.00711689,,,0.00924608,0.01625710,-0.00701102,0.02550318,5074,85009,warning_denominator_zero,warning_denominator_zero,success,exact-then-unique-porter-1.0.0,baek-smart-porter-1.0.0
S2022-066,0000012927,BA,Boeing,0000012927-23-000007,2022,2023-01-27,1.0.3,0.3.0,0,0,0.00000000,47668,2436,0,0.00000000,success,,,,,,,,,,,0,warning_denominator_zero,,,,,,,,,warning_denominator_zero,,,,,,0,0,0,,0,0,warning_denominator_zero,2.90851718,2.85000000,0.80280083,1.26000000,5.00000000,18512,25169,6657,0.73550797,1929,5095,warning_stem_collisions,47788,10.77452984,2436,958,19.61740558,20.06684182,0.04766887,0,0.00000000,10871,0.18532536,4270814,318183,0.07450172,success,287,879,-0.50771870,718,0.01600178,283,0.00630711,109,0.00242924,559,0.01245821,393,0.00875864,,,0.00639626,0.01958993,-0.01319367,0.02598618,2829,44870,warning_denominator_zero,warning_denominator_zero,success,exact-then-unique-porter-1.0.0,baek-smart-porter-1.0.0
S2022-067,0001075531,BKNG,Booking Holdings,0001075531-23-000016,2022,2023-02-23,1.0.3,0.3.0,1,9,0.13866634,64904,2697,5,0.00185391,success,8,0.04395604,2,0.01098901,6,0.03296703,0,0.00000000,1,0.00549451,182,success,0,11,0.00000000,0.06043956,-1.00000000,0.06043956,-0.06043956,22,success,2.69850000,2.53500000,0.77483079,1.52000000,4.90000000,80,103,23,0.77669903,69,14,warning_stem_collisions,2.91046165,2.83000000,0.81955384,1.23000000,5.00000000,25192,33574,8382,0.75034253,2194,6521,warning_stem_collisions,64815,11.07929234,2697,1078,24.03225806,21.28155788,0.03412790,9,0.13885675,7641,0.10545711,3509543,429532,0.12238972,success,402,1249,-0.51302241,1195,0.01934095,651,0.01053637,112,0.00181271,599,0.00969475,537,0.00869129,,,0.00650633,0.02021494,-0.01370861,0.02672126,3863,61786,warning_stem_collisions,success,success,exact-then-unique-porter-1.0.0,baek-smart-porter-1.0.0
S2022-068,0000908255,BWA,BorgWarner,0000908255-23-000013,2022,2023-02-09,1.0.3,0.3.0,0,0,0.00000000,50678,2438,0,0.00000000,success,,,,,,,,,,,0,warning_denominator_zero,,,,,,,,,warning_denominator_zero,,,,,,0,0,0,,0,0,warning_denominator_zero,2.90933800,2.83000000,0.81079177,1.19000000,5.00000000,20136,26959,6823,0.74691198,1900,4856,warning_stem_collisions,50412,10.82798452,2438,1023,20.67760459,21.55836510,0.04157740,0,0.00000000,11721,0.18864372,5035983,342840,0.06807807,success,273,781,-0.48197343,943,0.01991468,344,0.00726474,118,0.00249197,325,0.00686349,314,0.00663119,,,0.00576533,0.01649350,-0.01072816,0.02225883,2616,47352,warning_denominator_zero,warning_denominator_zero,success,exact-then-unique-porter-1.0.0,baek-smart-porter-1.0.0
S2022-069,0000885725,BSX,Boston Scientific,0000885725-23-000008,2022,2023-02-23,1.0.3,0.3.0,0,0,0.00000000,62219,2775,0,0.00000000,success,,,,,,,,,,,0,warning_denominator_zero,,,,,,,,,warning_denominator_zero,,,,,,0,0,0,,0,0,warning_denominator_zero,2.85372019,2.74000000,0.79425357,1.19000000,5.00000000,24867,33099,8232,0.75129158,2495,5856,warning_stem_collisions,62207,11.03822281,2775,1118,22.41693694,21.60770922,0.03028598,0,0.00000000,12806,0.17071708,4139079,417864,0.10095579,success,391,1416,-0.56723852,1106,0.01854927,448,0.00751363,137,0.00229769,774,0.01298113,528,0.00885535,,,0.00655765,0.02374843,-0.01719078,0.03030608,4027,59625,warning_denominator_zero,warning_denominator_zero,success,exact-then-unique-porter-1.0.0,baek-smart-porter-1.0.0
S2022-070,0000014272,BMY,Bristol Myers Squibb,0000014272-23-000046,2022,2023-02-14,1.0.3,0.3.0,0,0,0.00000000,60590,3056,0,0.00000000,success,,,,,,,,,,,0,warning_denominator_zero,,,,,,,,,warning_denominator_zero,,,,,,0,0,0,,0,0,warning_denominator_zero,2.88664969,2.79000000,0.80292567,1.26000000,5.00000000,23362,32590,9228,0.71684566,2496,5850,warning_stem_collisions,60771,11.01486798,3056,1054,19.88579843,21.02694023,0.03027760,0,0.00000000,17555,0.22412737,4660046,408823,0.08772939,success,578,1427,-0.42344140,919,0.01582655,398,0.00685415,116,0.00199769,1133,0.01951194,427,0.00735357,,,0.00995402,0.02457506,-0.01462104,0.03452908,4205,58067,warning_denominator_zero,warning_denominator_zero,success,exact-then-unique-porter-1.0.0,baek-smart-porter-1.0.0
S2022-071,0001730168,AVGO,Broadcom,0001730168-22-000118,2022,2022-12-16,1.0.3,0.3.0,1,7,0.14041563,49852,2431,5,0.00205677,success,1,0.00568182,1,0.00568182,1,0.00568182,0,0.00000000,1,0.00568182,176,success,2,6,0.01136364,0.03409091,-0.50000000,0.04545455,-0.02272727,11,success,3.01547368,2.86000000,0.81780807,1.50000000,4.96000000,95,129,34,0.73643411,71,21,warning_stem_collisions,2.85958959,2.79000000,0.79993689,1.19000000,5.00000000,19907,26350,6443,0.75548387,2226,4858,warning_stem_collisions,49690,10.81355898,2431,955,20.44014809,20.11664945,0.02575971,7,0.14087342,9280,0.15736815,3268120,333718,0.10211314,success,301,1131,-0.57960894,1052,0.02195830,595,0.01241938,120,0.00250475,541,0.01129224,443,0.00924670,,,0.00628274,0.02360726,-0.01732451,0.02989000,3396,47909,warning_stem_collisions,success,success,exact-then-unique-porter-1.0.0,baek-smart-porter-1.0.0
S2022-072,0001383312,BR,Broadridge Financial Solutions,0001383312-22-000037,2022,2022-08-12,1.0.3,0.3.0,1,1,0.02123909,47083,2197,1,0.00045517,success,0,0.00000000,0,0.00000000,0,0.00000000,0,0.00000000,0,0.00000000,33,success,1,0,0.03030303,0.00000000,1.00000000,0.03030303,0.03030303,1,success,3.21583333,3.32000000,0.82678553,1.64000000,4.54000000,12,17,5,0.70588235,11,3,warning_stem_collisions,2.89244987,2.81000000,0.79404102,1.28000000,5.00000000,18899,25430,6531,0.74317735,1972,4558,warning_stem_collisions,47004,10.75798798,2197,868,21.39462904,21.17737072,0.03418858,1,0.02127479,8502,0.15317263,3408095,318390,0.09342169,success,297,617,-0.35010941,671,0.01508577,310,0.00696958,87,0.00195598,493,0.01108388,341,0.00766654,,,0.00667731,0.01387171,-0.00719441,0.02054902,2373,44479,warning_stem_collisions,success,success,exact-then-unique-porter-1.0.0,baek-smart-porter-1.0.0
S2022-073,0000079282,BRO,Brown & Brown,0000950170-23-004717,2022,2023-02-27,1.0.3,0.3.0,0,0,0.00000000,67804,2730,0,0.00000000,success,,,,,,,,,,,0,warning_denominator_zero,,,,,,,,,warning_denominator_zero,,,,,,0,0,0,,0,0,warning_denominator_zero,2.89220359,2.85000000,0.77448621,1.26000000,5.00000000,26298,34828,8530,0.75508212,1953,6092,warning_stem_collisions,67185,11.11520529,2730,897,24.60989011,22.00159707,0.04938602,0,0.00000000,9564,0.12461400,9464410,447525,0.04728504,success,282,1028,-0.56946565,992,0.01579593,424,0.00675148,115,0.00183118,607,0.00966545,473,0.00753173,,,0.00449037,0.01636917,-0.01187879,0.02085954,3259,62801,warning_denominator_zero,warning_denominator_zero,success,exact-then-unique-porter-1.0.0,baek-smart-porter-1.0.0
S2022-074,0000014693,BF-B,Brown–Forman,0000014693-22-000069,2022,2022-06-17,1.0.3,0.3.0,0,0,0.00000000,35107,1907,0,0.00000000,success,,,,,,,,,,,0,warning_denominator_zero,,,,,,,,,warning_denominator_zero,,,,,,0,0,0,,0,0,warning_denominator_zero,2.92522024,2.81000000,0.85707747,1.19000000,5.00000000,13894,18721,4827,0.74216121,2076,3483,warning_stem_collisions,35029,10.46393157,1907,723,18.36864185,19.54222827,0.02780553,0,0.00000000,9504,0.21341477,2994464,234519,0.07831752,success,283,716,-0.43343343,622,0.01857437,265,0.00791352,67,0.00200078,215,0.00642040,254,0.00758503,,,0.00845104,0.02138143,-0.01293039,0.02983247,2044,33487,warning_denominator_zero,warning_denominator_zero,success,exact-then-unique-porter-1.0.0,baek-smart-porter-1.0.0
S2022-075,0001043277,CHRW,C.H. Robinson,0001043277-23-000005,2022,2023-02-17,1.0.3,0.3.0,1,1,0.03044140,32850,1750,1,0.00057143,success,0,0.00000000,0,0.00000000,0,0.00000000,0,0.00000000,0,0.00000000,24,success,1,1,0.04166667,0.04166667,0.00000000,0.08333333,0.00000000,2,success,2.85769231,2.93000000,0.75693871,1.82000000,4.55000000,13,20,7,0.65000000,13,4,warning_stem_collisions,2.95968759,2.86000000,0.83669776,1.19000000,5.00000000,13348,17493,4145,0.76304808,1856,3172,warning_stem_collisions,32917,10.40174452,1750,640,18.80971429,19.58678431,0.03135158,1,0.03037944,6055,0.15536796,2374968,220717,0.09293473,success,243,482,-0.32965517,493,0.01562302,240,0.00760553,53,0.00167955,349,0.01105970,238,0.00754215,,,0.00770060,0.01527443,-0.00757384,0.02297503,1762,31556,warning_stem_collisions,success,success,exact-then-unique-porter-1.0.0,baek-smart-porter-1.0.0
S2022-076,0001138118,CBRE,CBRE Group,0001138118-23-000009,2022,2023-02-27,1.0.3,0.3.0,0,0,0.00000000,60560,2593,0,0.00000000,success,,,,,,,,,,,0,warning_denominator_zero,,,,,,,,,warning_denominator_zero,,,,,,0,0,0,,0,0,warning_denominator_zero,2.85654646,2.75000000,0.77631122,1.19000000,5.00000000,23848,31283,7435,0.76233098,2087,5415,warning_stem_collisions,60284,11.00682201,2593,1145,23.24874663,21.25571631,0.04291354,0,0.00000000,9204,0.13245452,4104612,400975,0.09768889,success,274,969,-0.55913113,1027,0.01798630,430,0.00753078,131,0.00229426,550,0.00963239,491,0.00859910,,,0.00479868,0.01697052,-0.01217184,0.02176921,3255,57099,warning_denominator_zero,warning_denominator_zero,success,exact-then-unique-porter-1.0.0,baek-smart-porter-1.0.0
S2022-077,0001402057,CDW,CDW Corporation,0001402057-23-000052,2022,2023-02-24,1.0.3,0.3.0,1,2,0.05778343,34612,1831,1,0.00054615,success,2,0.06666667,1,0.03333333,1,0.03333333,0,0.00000000,0,0.00000000,30,success,0,1,0.00000000,0.03333333,-1.00000000,0.03333333,-0.03333333,4,success,2.59461538,2.23000000,0.87942827,1.63000000,4.62000000,13,18,5,0.72222222,13,4,warning_stem_collisions,2.89611438,2.83000000,0.79683185,1.26000000,5.00000000,13918,18316,4398,0.75988207,1764,3368,warning_stem_collisions,34529,10.44955483,1831,861,18.85800109,20.60885412,0.02603609,2,0.05792233,8501,0.19755984,3000224,232830,0.07760421,success,189,511,-0.46000000,609,0.01836052,288,0.00868281,71,0.00214055,250,0.00753716,278,0.00838132,,,0.00569809,0.01540595,-0.00970786,0.02110404,1792,33169,warning_stem_collisions,success,success,exact-then-unique-porter-1.0.0,baek-smart-porter-1.0.0
S2022-078,0001324404,CF,CF Industries,0001324404-23-000006,2022,2023-02-23,1.0.3,0.3.0,0,0,0.00000000,66745,3048,0,0.00000000,success,,,,,,,,,,,0,warning_denominator_zero,,,,,,,,,warning_denominator_zero,,,,,,0,0,0,,0,0,warning_denominator_zero,2.95334519,2.87000000,0.82637226,1.19000000,5.00000000,26154,35310,9156,0.74069669,2155,6625,warning_stem_collisions,66842,11.11008690,3048,1340,21.92979003,20.49950952,0.04205440,0,0.00000000,11536,0.14718416,4925323,439069,0.08914522,success,260,1185,-0.64013841,898,0.01415087,397,0.00625601,90,0.00141824,507,0.00798941,579,0.00912400,,,0.00409713,0.01867347,-0.01457634,0.02277061,3235,63459,warning_denominator_zero,warning_denominator_zero,success,exact-then-unique-porter-1.0.0,baek-smart-porter-1.0.0
S2022-079,0001156375,CME,CME Group,0001156375-23-000020,2022,2023-02-27,1.0.3,0.3.0,0,0,0.00000000,46145,2429,0,0.00000000,success,,,,,,,,,,,0,warning_denominator_zero,,,,,,,,,warning_denominator_zero,,,,,,0,0,0,,0,0,warning_denominator_zero,2.92868373,2.85000000,0.81937496,1.19000000,5.00000000,17975,24598,6623,0.73075047,2042,4664,warning_stem_collisions,46111,10.73880681,2429,985,18.98353232,19.22427698,0.02574223,0,0.00000000,8007,0.14795447,2931654,305953,0.10436191,success,321,798,-0.42627346,841,0.01896536,376,0.00847916,98,0.00220999,566,0.01276385,396,0.00893018,,,0.00723886,0.01799567,-0.01075681,0.02523453,2869,44344,warning_denominator_zero,warning_denominator_zero,success,exact-then-unique-porter-1.0.0,baek-smart-porter-1.0.0
S2022-080,0000811156,CMS,CMS Energy,0000811156-23-000014,2022,2023-02-09,1.0.3,0.3.0,0,0,0.00000000,53355,2849,0,0.00000000,success,,,,,,,,,,,0,warning_denominator_zero,,,,,,,,,warning_denominator_zero,,,,,,0,0,0,,0,0,warning_denominator_zero,2.92032813,2.87000000,0.79537893,1.19000000,5.00000000,21059,30088,9029,0.69991359,1988,6083,warning_stem_collisions,53269,10.88310983,2849,1313,18.69743770,21.68710033,0.04007960,0,0.00000000,17891,0.25141934,7199210,361779,0.05025260,success,196,707,-0.56589147,673,0.01337254,337,0.00669621,126,0.00250363,743,0.01476345,448,0.00890178,,,0.00389453,0.01404813,-0.01015360,0.01794266,2789,50327,warning_denominator_zero,warning_denominator_zero,success,exact-then-unique-porter-1.0.0,baek-smart-porter-1.0.0
S2022-081,0000277948,CSX,CSX Corporation,0000277948-23-000006,2022,2023-02-15,1.0.3,0.3.0,0,0,0.00000000,37299,2538,0,0.00000000,success,,,,,,,,,,,0,warning_denominator_zero,,,,,,,,,warning_denominator_zero,,,,,,0,0,0,,0,0,warning_denominator_zero,3.01607378,2.90000000,0.85762247,1.19000000,5.00000000,15045,20527,5482,0.73293711,1838,3572,warning_stem_collisions,37218,10.52454779,2538,1323,14.66430260,18.05247787,0.04637541,0,0.00000000,8492,0.18577992,3027029,248988,0.08225491,success,153,497,-0.52923077,439,0.01265020,183,0.00527332,61,0.00175777,307,0.00884650,232,0.00668530,,,0.00440884,0.01432153,-0.00991269,0.01873037,1584,34703,warning_denominator_zero,warning_denominator_zero,success,exact-then-unique-porter-1.0.0,baek-smart-porter-1.0.0
S2022-082,0000064803,CVS,CVS Health,0000064803-23-000009,2022,2023-02-08,1.0.3,0.3.0,1,2,0.01859324,107566,4369,2,0.00045777,success,0,0.00000000,0,0.00000000,0,0.00000000,0,0.00000000,0,0.00000000,50,success,1,0,0.02000000,0.00000000,1.00000000,0.02000000,0.02000000,1,success,2.85318182,2.77500000,0.72995259,1.80000000,4.45000000,22,29,7,0.75862069,19,7,warning_stem_collisions,2.89169028,2.81000000,0.80131087,1.19000000,5.00000000,43052,59098,16046,0.72848489,2740,11528,warning_stem_collisions,107751,11.58757829,4369,1825,24.66262303,22.30920204,0.02914126,2,0.01856131,13015,0.10777040,5981369,729658,0.12198846,success,613,2322,-0.58228279,1689,0.01641878,775,0.00753378,229,0.00222611,1714,0.01666181,929,0.00903082,,,0.00595898,0.02257218,-0.01661320,0.02853116,6895,102870,warning_stem_collisions,success,success,exact-then-unique-porter-1.0.0,baek-smart-porter-1.0.0
S2022-083,0001590895,CZR,Caesars Entertainment,0001590895-23-000070,2022,2023-02-22,1.0.3,0.3.0,0,0,0.00000000,62765,2941,0,0.00000000,success,,,,,,,,,,,0,warning_denominator_zero,,,,,,,,,warning_denominator_zero,,,,,,0,0,0,,0,0,warning_denominator_zero,2.93081973,2.85000000,0.82418533,1.19000000,5.00000000,24325,33179,8854,0.73314446,2298,5910,warning_stem_collisions,62473,11.04248974,2941,1255,21.24209453,20.31161138,0.03720007,0,0.00000000,12203,0.16341261,4679877,410974,0.08781727,success,338,972,-0.48396947,887,0.01490531,415,0.00697374,130,0.00218454,644,0.01082189,548,0.00920869,,,0.00567981,0.01633366,-0.01065385,0.02201348,3329,59509,warning_denominator_zero,warning_denominator_zero,success,exact-then-unique-porter-1.0.0,baek-smart-porter-1.0.0
S2022-084,0000906345,CPT,Camden Property Trust,0000906345-23-000008,2022,2023-02-23,1.0.3,0.3.0,0,0,0.00000000,29036,1458,0,0.00000000,success,,,,,,,,,,,0,warning_denominator_zero,,,,,,,,,warning_denominator_zero,,,,,,0,0,0,,0,0,warning_denominator_zero,2.84432153,2.72000000,0.77285266,1.26000000,5.00000000,11327,14845,3518,0.76301785,1425,2760,warning_stem_collisions,28860,10.27021183,1458,644,19.79423868,20.71647355,0.04930700,0,0.00000000,11111,0.27797653,4785271,191652,0.04005040,success,179,388,-0.36860670,691,0.02543340,276,0.01015864,44,0.00161949,153,0.00563142,207,0.00761898,,,0.00658839,0.01428098,-0.00769259,0.02086937,1578,27169,warning_denominator_zero,warning_denominator_zero,success,exact-then-unique-porter-1.0.0,baek-smart-porter-1.0.0
S2022-085,0000016732,CPB,Campbell's,0000016732-22-000093,2022,2022-09-22,1.0.3,0.3.0,0,0,0.00000000,36899,2019,0,0.00000000,success,,,,,,,,,,,0,warning_denominator_zero,,,,,,,,,warning_denominator_zero,,,,,,0,0,0,,0,0,warning_denominator_zero,2.92145601,2.86000000,0.82648638,1.30000000,5.00000000,14787,19395,4608,0.76241299,1733,3624,warning_stem_collisions,36589,10.50750293,2019,841,18.12233779,19.20982445,0.05064364,0,0.00000000,8734,0.19270569,3878378,245046,0.06318260,success,212,718,-0.54408602,688,0.02008525,263,0.00767794,61,0.00178081,338,0.00986746,307,0.00896246,,,0.00618906,0.02096106,-0.01477200,0.02715011,2179,34254,warning_denominator_zero,warning_denominator_zero,success,exact-then-unique-porter-1.0.0,baek-smart-porter-1.0.0
S2022-086,0000927628,COF,Capital One,0000927628-23-000117,2022,2023-02-24,1.0.3,0.3.0,1,3,0.03580764,83781,4380,2,0.00045662,success,0,0.00000000,0,0.00000000,0,0.00000000,0,0.00000000,0,0.00000000,51,success,0,2,0.00000000,0.03921569,-1.00000000,0.03921569,-0.03921569,2,success,3.01480000,3.03000000,0.80041049,1.83000000,4.54000000,25,31,6,0.80645161,21,4,warning_stem_collisions,2.85530858,2.72000000,0.80073892,1.26000000,5.00000000,34529,45414,10885,0.76031620,2358,7903,warning_stem_collisions,83845,11.33672514,4380,1915,19.14269406,20.97635060,0.03396744,3,0.03578031,24588,0.22675754,9695693,565221,0.05829609,success,324,1824,-0.69832402,1575,0.01969365,550,0.00687715,116,0.00145045,866,0.01082838,674,0.00842763,,,0.00405127,0.02280713,-0.01875586,0.02685839,5190,79975,warning_stem_collisions,success,success,exact-then-unique-porter-1.0.0,baek-smart-porter-1.0.0
S2022-087,0001170010,KMX,CarMax,0001170010-22-000017,2022,2022-04-14,1.0.3,0.3.0,1,4,0.09709209,41198,2234,3,0.00134288,success,0,0.00000000,0,0.00000000,0,0.00000000,0,0.00000000,0,0.00000000,76,success,1,0,0.01315789,0.00000000,1.00000000,0.01315789,0.01315789,1,success,2.90285714,2.86000000,0.66333603,1.80000000,4.25000000,35,41,6,0.85365854,28,6,warning_stem_collisions,2.92683451,2.86000000,0.82393779,1.19000000,5.00000000,16841,22055,5214,0.76359102,1913,3698,warning_stem_collisions,41195,10.62607217,2234,832,18.44001791,19.18354255,0.03461585,4,0.09709916,9513,0.18760353,3338531,271924,0.08145019,success,237,696,-0.49196141,565,0.01443610,242,0.00618325,57,0.00145639,283,0.00723082,250,0.00638765,,,0.00605550,0.01778323,-0.01172773,0.02383872,1983,39138,warning_stem_collisions,success,success,exact-then-unique-porter-1.0.0,baek-smart-porter-1.0.0
S2022-088,0000721371,CAH,Cardinal Health,0000721371-22-000058,2022,2022-08-11,1.0.3,0.3.0,0,0,0.00000000,63302,3139,0,0.00000000,success,,,,,,,,,,,0,warning_denominator_zero,,,,,,,,,warning_denominator_zero,,,,,,0,0,0,,0,0,warning_denominator_zero,2.85543838,2.76000000,0.79165707,1.26000000,5.00000000,25480,33637,8157,0.75749918,1867,6019,warning_stem_collisions,63167,11.05353729,3139,1091,20.12328767,20.32696531,0.04029002,0,0.00000000,13935,0.18073461,3286395,424134,0.12905752,success,227,1669,-0.76054852,1008,0.01684971,363,0.00606790,87,0.00145429,1143,0.01910636,552,0.00922722,,,0.00379453,0.02789897,-0.02410444,0.03169350,4140,59823,warning_denominator_zero,warning_denominator_zero,success,exact-then-unique-porter-1.0.0,baek-smart-porter-1.0.0
S2022-089,0000815097,CCL,Carnival Corporation,0000815097-23-000012,2022,2023-01-27,1.0.3,0.3.0,0,0,0.00000000,25773,1504,0,0.00000000,success,,,,,,,,,,,0,warning_denominator_zero,,,,,,,,,warning_denominator_zero,,,,,,0,0,0,,0,0,warning_denominator_zero,2.97886720,2.87000000,0.88138571,1.19000000,5.00000000,10143,13664,3521,0.74231557,1927,2488,warning_stem_collisions,25811,10.15855604,1504,598,17.16156915,19.48996803,0.02274224,0,0.00000000,7051,0.21456393,1214872,171331,0.14102803,success,292,360,-0.10429448,432,0.01732366,198,0.00794001,77,0.00308778,226,0.00906284,301,0.01207042,,,0.01170951,0.01443638,-0.00272687,0.02614589,1633,24937,warning_denominator_zero,warning_denominator_zero,success,exact-then-unique-porter-1.0.0,baek-smart-porter-1.0.0
S2022-090,0001783180,CARR,Carrier Global,0001783180-23-000012,2022,2023-02-07,1.0.3,0.3.0,1,2,0.04104416,48728,2198,1,0.00045496,success,0,0.00000000,0,0.00000000,0,0.00000000,0,0.00000000,0,0.00000000,20,success,0,0,0.00000000,0.00000000,,0.00000000,0.00000000,0,success,3.23500000,3.03500000,0.74310161,2.24000000,4.25000000,8,13,5,0.61538462,8,5,warning_stem_collisions,2.88859344,2.81000000,0.80861358,1.26000000,5.00000000,19210,25815,6605,0.74414100,2088,4786,warning_stem_collisions,48669,10.79279756,2198,872,22.14240218,21.18678999,0.03084099,2,0.04109392,8445,0.14786217,3477528,325584,0.09362513,success,322,1060,-0.53400868,898,0.01929855,420,0.00902605,103,0.00221353,640,0.01375398,400,0.00859623,,,0.00691997,0.02278002,-0.01586005,0.02969999,3157,46532,warning_stem_collisions,success,success,exact-then-unique-porter-1.0.0,baek-smart-porter-1.0.0
S2022-091,0000018230,CAT,Caterpillar Inc.,0000018230-23-000011,2022,2023-02-15,1.0.3,0.3.0,0,0,0.00000000,48636,2562,0,0.00000000,success,,,,,,,,,,,0,warning_denominator_zero,,,,,,,,,warning_denominator_zero,,,,,,0,0,0,,0,0,warning_denominator_zero,2.92564475,2.81000000,0.83286557,1.19000000,5.00000000,20031,26569,6538,0.75392375,2057,4911,warning_stem_collisions,48602,10.79141996,2562,1005,18.97033568,20.89193627,0.03329081,0,0.00000000,16236,0.25040871,7203753,328944,0.04566286,success,215,847,-0.59510358,771,0.01667965,303,0.00655504,70,0.00151436,464,0.01003808,369,0.00798287,,,0.00465126,0.01832381,-0.01367255,0.02297508,2582,46224,warning_denominator_zero,warning_denominator_zero,success,exact-then-unique-porter-1.0.0,baek-smart-porter-1.0.0
S2022-092,0001374310,CBOE,Cboe Global Markets,0001558370-23-001489,2022,2023-02-17,1.0.3,0.3.0,0,0,0.00000000,90420,4146,0,0.00000000,success,,,,,,,,,,,0,warning_denominator_zero,,,,,,,,,warning_denominator_zero,,,,,,0,0,0,,0,0,warning_denominator_zero,2.92373701,2.86000000,0.80577928,1.26000000,5.00000000,34343,47997,13654,0.71552389,2369,8276,warning_stem_collisions,90275,11.41061585,4146,1249,21.77399904,21.22125103,0.03316533,0,0.00000000,23978,0.20986757,7205944,591287,0.08205545,success,390,1477,-0.58221746,1404,0.01630738,679,0.00788655,208,0.00241591,1023,0.01188209,844,0.00980301,,,0.00452983,0.01715527,-0.01262544,0.02168510,5013,86096,warning_denominator_zero,warning_denominator_zero,success,exact-then-unique-porter-1.0.0,baek-smart-porter-1.0.0
S2022-093,0001306830,CE,Celanese,0001306830-23-000023,2022,2023-02-24,1.0.3,0.3.0,0,0,0.00000000,49259,2452,0,0.00000000,success,,,,,,,,,,,0,warning_denominator_zero,,,,,,,,,warning_denominator_zero,,,,,,0,0,0,,0,0,warning_denominator_zero,2.90987917,2.82000000,0.82554810,1.19000000,5.00000000,19200,26208,7008,0.73260073,2211,4931,warning_stem_collisions,48933,10.79820729,2452,1037,19.95636215,21.26171899,0.02918276,0,0.00000000,11179,0.18596952,4382240,331508,0.07564807,success,252,838,-0.53761468,883,0.01881205,367,0.00781882,102,0.00217308,529,0.01127019,390,0.00830883,,,0.00536878,0.01785334,-0.01248455,0.02322212,2884,46938,warning_denominator_zero,warning_denominator_zero,success,exact-then-unique-porter-1.0.0,baek-smart-porter-1.0.0
S2022-094,0001071739,CNC,Centene Corporation,0001071739-23-000047,2022,2023-02-21,1.0.3,0.3.0,1,1,0.01833752,54533,2509,1,0.00039857,success,1,0.04761905,0,0.00000000,0,0.00000000,0,0.00000000,0,0.00000000,21,success,0,0,0.00000000,0.00000000,,0.00000000,0.00000000,1,success,2.71300000,2.77000000,0.83836806,1.63000000,4.48000000,10,15,5,0.66666667,10,3,warning_stem_collisions,2.83468509,2.74000000,0.76742693,1.26000000,4.96000000,21895,29365,7470,0.74561553,2233,5300,warning_stem_collisions,54246,10.90128454,2509,1057,21.62056596,21.33058030,0.03165210,1,0.01843454,7511,0.12162184,3503545,366285,0.10454697,success,392,1310,-0.53936545,925,0.01784818,453,0.00874079,121,0.00233474,967,0.01865859,472,0.00910740,,,0.00756377,0.02527689,-0.01771312,0.03284066,3801,51826,warning_stem_collisions,success,success,exact-then-unique-porter-1.0.0,baek-smart-porter-1.0.0
S2022-095,0001130310,CNP,CenterPoint Energy,0001130310-23-000013,2022,2023-02-17,1.0.3,0.3.0,0,0,0.00000000,87111,4020,0,0.00000000,success,,,,,,,,,,,0,warning_denominator_zero,,,,,,,,,warning_denominator_zero,,,,,,0,0,0,,0,0,warning_denominator_zero,2.88762042,2.83000000,0.79783838,1.19000000,5.00000000,33674,47555,13881,0.70810640,2458,8538,warning_stem_collisions,86875,11.37222558,4020,1618,21.61069652,23.10356634,0.03362302,0,0.00000000,29418,0.25296449,9460574,586052,0.06194677,success,283,1607,-0.70052910,1272,0.01540604,678,0.00821171,148,0.00179253,1288,0.01559983,747,0.00904742,,,0.00342760,0.01946345,-0.01603585,0.02289106,5095,82565,warning_denominator_zero,warning_denominator_zero,success,exact-then-unique-porter-1.0.0,baek-smart-porter-1.0.0
S2022-096,0001100682,CRL,Charles River Laboratories,0001100682-23-000006,2022,2023-02-22,1.0.3,0.3.0,1,1,0.01700160,58818,2681,1,0.00037300,success,0,0.00000000,0,0.00000000,0,0.00000000,0,0.00000000,0,0.00000000,24,success,0,0,0.00000000,0.00000000,,0.00000000,0.00000000,0,success,3.59928571,3.85500000,1.02696129,1.93000000,4.93000000,14,16,2,0.87500000,13,1,warning_stem_collisions,2.88445568,2.79000000,0.81514077,1.19000000,5.00000000,23727,31766,8039,0.74693068,2459,5657,warning_stem_collisions,58765,10.98130172,2681,1159,21.91906005,21.28158857,0.02452140,1,0.01701693,7841,0.11772213,3638271,400864,0.11017981,success,489,959,-0.32458564,1017,0.01798663,467,0.00825935,115,0.00203389,633,0.01119522,485,0.00857769,,,0.00864844,0.01696084,-0.00831240,0.02560928,3554,56542,warning_stem_collisions,success,success,exact-then-unique-porter-1.0.0,baek-smart-porter-1.0.0
S2022-097,0000316709,SCHW,Charles Schwab Corporation,0000316709-23-000009,2022,2023-02-24,1.0.3,0.3.0,0,0,0.00000000,64392,3467,0,0.00000000,success,,,,,,,,,,,0,warning_denominator_zero,,,,,,,,,warning_denominator_zero,,,,,,0,0,0,,0,0,warning_denominator_zero,2.92630593,2.82000000,0.79601703,1.19000000,5.00000000,25836,35659,9823,0.72452957,2149,5985,warning_stem_collisions,63904,11.06513724,3467,1708,18.43207384,20.19889935,0.04153105,0,0.00000000,16784,0.20801110,6830253,432066,0.06325769,success,276,958,-0.55267423,848,0.01412180,315,0.00524572,96,0.00159869,555,0.00924245,541,0.00900931,,,0.00459625,0.01595364,-0.01135739,0.02054988,3097,60049,warning_denominator_zero,warning_denominator_zero,success,exact-then-unique-porter-1.0.0,baek-smart-porter-1.0.0
S2022-098,0001091667,CHTR,Charter Communications,0001091667-23-000024,2022,2023-01-27,1.0.3,0.3.0,0,0,0.00000000,45353,2384,0,0.00000000,success,,,,,,,,,,,0,warning_denominator_zero,,,,,,,,,warning_denominator_zero,,,,,,0,0,0,,0,0,warning_denominator_zero,2.94934727,2.90000000,0.81100875,1.26000000,5.00000000,18415,24487,6072,0.75203169,2172,4385,warning_stem_collisions,45367,10.72254025,2384,984,19.02978188,20.57035075,0.03608350,0,0.00000000,16370,0.26515704,2973799,304663,0.10244909,success,234,533,-0.38983051,510,0.01182389,252,0.00584239,109,0.00252707,401,0.00929683,391,0.00906499,,,0.00542508,0.01235713,-0.00693205,0.01778221,2072,43133,warning_denominator_zero,warning_denominator_zero,success,exact-then-unique-porter-1.0.0,baek-smart-porter-1.0.0
S2022-099,0000093410,CVX,Chevron Corporation,0000093410-23-000009,2022,2023-02-23,1.0.3,0.3.0,0,0,0.00000000,48126,2527,0,0.00000000,success,,,,,,,,,,,0,warning_denominator_zero,,,,,,,,,warning_denominator_zero,,,,,,0,0,0,,0,0,warning_denominator_zero,3.01743901,2.87000000,0.88326141,1.19000000,5.00000000,18528,26191,7663,0.70741858,2125,4985,warning_stem_collisions,47987,10.77868542,2527,961,18.98971112,21.14726810,0.04805468,0,0.00000000,19358,0.28744524,6962499,321772,0.04621502,success,222,611,-0.46698679,631,0.01412423,237,0.00530498,47,0.00105204,424,0.00949077,392,0.00877448,,,0.00496922,0.01367655,-0.00870733,0.01864578,2163,44675,warning_denominator_zero,warning_denominator_zero,success,exact-then-unique-porter-1.0.0,baek-smart-porter-1.0.0
S2022-100,0001058090,CMG,Chipotle Mexican Grill,0001058090-23-000010,2022,2023-02-09,1.0.3,0.3.0,0,0,0.00000000,29441,1365,0,0.00000000,success,,,,,,,,,,,0,warning_denominator_zero,,,,,,,,,warning_denominator_zero,,,,,,0,0,0,,0,0,warning_denominator_zero,2.93469450,2.83000000,0.87719160,1.26000000,5.00000000,12046,15460,3414,0.77917206,1840,2635,warning_stem_collisions,29312,10.28575227,1365,604,21.47399267,20.97372122,0.03322871,0,0.00000000,4937,0.14415019,4387354,195725,0.04461117,success,184,654,-0.56085919,492,0.01753386,254,0.00905203,50,0.00178190,294,0.01047755,213,0.00759088,,,0.00655738,0.02330720,-0.01674982,0.02986458,1746,28060,warning_denominator_zero,warning_denominator_zero,success,exact-then-unique-porter-1.0.0,baek-smart-porter-1.0.0
S2022-101,0000896159,CB,Chubb Limited,0000896159-23-000007,2022,2023-02-24,1.0.3,0.3.0,0,0,0.00000000,87042,4332,0,0.00000000,success,,,,,,,,,,,0,warning_denominator_zero,,,,,,,,,warning_denominator_zero,,,,,,0,0,0,,0,0,warning_denominator_zero,2.81932235,2.72000000,0.77226800,1.25000000,5.00000000,36051,47925,11874,0.75223787,2548,7941,warning_stem_collisions,87297,11.37707138,4332,1924,20.15166205,21.30950566,0.02761836,0,0.00000000,23479,0.21195024,11433882,588549,0.05147412,success,422,2339,-0.69431365,1654,0.01976034,499,0.00596155,182,0.00217435,1082,0.01292666,618,0.00738325,,,0.00504164,0.02794404,-0.02290240,0.03298568,5946,83703,warning_denominator_zero,warning_denominator_zero,success,exact-then-unique-porter-1.0.0,baek-smart-porter-1.0.0
S2022-102,0000313927,CHD,Church & Dwight,0000950170-23-003066,2022,2023-02-16,1.0.3,0.3.0,0,0,0.00000000,62868,2745,0,0.00000000,success,,,,,,,,,,,0,warning_denominator_zero,,,,,,,,,warning_denominator_zero,,,,,,0,0,0,,0,0,warning_denominator_zero,2.95614878,2.86000000,0.85228068,1.19000000,5.00000000,24761,32941,8180,0.75167724,2261,6133,warning_stem_collisions,62433,11.04184926,2745,991,22.74426230,20.64615094,0.03607067,0,0.00000000,6374,0.09263592,5479876,417146,0.07612326,success,333,1229,-0.57362356,1056,0.01774700,475,0.00798279,127,0.00213435,480,0.00806682,489,0.00821807,,,0.00559636,0.02065442,-0.01505806,0.02625078,3495,59503,warning_denominator_zero,warning_denominator_zero,success,exact-then-unique-porter-1.0.0,baek-smart-porter-1.0.0
S2022-103,0001739940,CI,Cigna,0001739940-23-000008,2022,2023-02-23,1.0.3,0.3.0,1,9,0.12140997,74129,3745,6,0.00160214,success,1,0.00421941,7,0.02953586,0,0.00000000,0,0.00000000,0,0.00000000,237,success,5,1,0.02109705,0.00421941,0.66666667,0.02531646,0.01687764,14,success,2.86175258,2.83000000,0.71683585,1.62000000,4.69000000,97,134,37,0.72388060,78,20,warning_stem_collisions,2.86880598,2.74000000,0.79473832,1.19000000,5.00000000,30661,41495,10834,0.73890830,2545,7966,warning_stem_collisions,73795,11.20904626,3745,1502,19.70493992,21.70230218,0.02534047,9,0.12195948,18800,0.20303472,6386523,507354,0.07944135,success,488,1417,-0.48766404,1129,0.01593732,490,0.00691700,168,0.00237154,1224,0.01727837,554,0.00782044,,,0.00688876,0.02000282,-0.01311406,0.02689159,4640,70840,warning_stem_collisions,success,success,exact-then-unique-porter-1.0.0,baek-smart-porter-1.0.0
S2022-104,0000020286,CINF,Cincinnati Financial,0000020286-23-000008,2022,2023-02-23,1.0.3,0.3.0,0,0,0.00000000,68184,3561,0,0.00000000,success,,,,,,,,,,,0,warning_denominator_zero,,,,,,,,,warning_denominator_zero,,,,,,0,0,0,,0,0,warning_denominator_zero,2.85014390,2.76000000,0.77465670,1.19000000,5.00000000,28492,36971,8479,0.77065808,2361,6295,warning_stem_collisions,67598,11.12133368,3561,1463,18.98286998,21.13822738,0.04603686,0,0.00000000,18481,0.21469813,8144506,455991,0.05598756,success,525,2199,-0.61453744,1260,0.01981007,375,0.00589586,98,0.00154078,807,0.01268788,348,0.00547135,,,0.00825420,0.03457330,-0.02631910,0.04282750,4822,63604,warning_denominator_zero,warning_denominator_zero,success,exact-then-unique-porter-1.0.0,baek-smart-porter-1.0.0
S2022-105,0000723254,CTAS,Cintas,0000723254-22-000019,2022,2022-07-27,1.0.3,0.3.0,0,0,0.00000000,30117,1489,0,0.00000000,success,,,,,,,,,,,0,warning_denominator_zero,,,,,,,,,warning_denominator_zero,,,,,,0,0,0,,0,0,warning_denominator_zero,2.84576644,2.72000000,0.80199293,1.26000000,5.00000000,11834,16016,4182,0.73888611,1572,3183,warning_stem_collisions,30131,10.31330982,1489,512,20.23572868,20.40758451,0.04248117,0,0.00000000,6856,0.18536242,2785517,200868,0.07211157,success,147,467,-0.52117264,561,0.01964836,318,0.01113757,57,0.00199636,304,0.01064724,249,0.00872093,,,0.00514850,0.01635612,-0.01120762,0.02150462,1670,28552,warning_denominator_zero,warning_denominator_zero,success,exact-then-unique-porter-1.0.0,baek-smart-porter-1.0.0
S2022-106,0000858877,CSCO,Cisco,0000858877-22-000013,2022,2022-09-08,1.0.3,0.3.0,1,6,0.11272051,53229,2552,4,0.00156740,success,0,0.00000000,0,0.00000000,0,0.00000000,0,0.00000000,0,0.00000000,90,success,4,2,0.04444444,0.02222222,0.33333333,0.06666667,0.02222222,6,success,2.82317073,2.59000000,0.73355612,1.67000000,4.82000000,41,62,21,0.66129032,29,12,warning_stem_collisions,2.86072894,2.79000000,0.79654779,1.19000000,5.00000000,21003,27951,6948,0.75142213,2137,5320,warning_stem_collisions,53211,10.88202042,2552,988,20.85070533,20.02169960,0.02396121,6,0.11275864,9540,0.15202945,4527465,357832,0.07903584,success,397,1132,-0.48070634,1041,0.02027975,478,0.00931193,116,0.00225980,592,0.01153277,483,0.00940934,,,0.00773397,0.02205252,-0.01431855,0.02978649,3520,51332,warning_stem_collisions,success,success,exact-then-unique-porter-1.0.0,baek-smart-porter-1.0.0
S2022-107,0000831001,C,Citigroup,0000831001-23-000037,2022,2023-02-27,1.0.3,0.3.0,0,0,0.00000000,176543,8055,0,0.00000000,success,,,,,,,,,,,0,warning_denominator_zero,,,,,,,,,warning_denominator_zero,,,,,,0,0,0,,0,0,warning_denominator_zero,2.85160354,2.72000000,0.80649981,1.19000000,5.00000000,69228,97343,28115,0.71117594,2826,17401,warning_stem_collisions,177015,12.08398975,8055,3341,21.97579143,21.36597288,0.03438127,0,0.00000000,42533,0.19372984,21965110,1192064,0.05427080,success,558,3890,-0.74910072,3454,0.02069900,753,0.00451255,297,0.00177985,2372,0.01421483,1216,0.00728720,,,0.00334396,0.02331184,-0.01996788,0.02665580,10926,166868,warning_denominator_zero,warning_denominator_zero,success,exact-then-unique-porter-1.0.0,baek-smart-porter-1.0.0
S2022-108,0000759944,CFG,Citizens Financial Group,0000759944-23-000029,2022,2023-02-17,1.0.3,0.3.0,1,1,0.01516369,65947,3150,1,0.00031746,success,0,0.00000000,0,0.00000000,0,0.00000000,0,0.00000000,0,0.00000000,33,success,0,0,0.00000000,0.00000000,,0.00000000,0.00000000,0,success,2.75214286,2.72500000,0.56249671,1.83000000,3.93000000,14,19,5,0.73684211,14,3,warning_stem_collisions,2.85400893,2.72000000,0.81152185,1.19000000,4.96000000,26638,35522,8884,0.74990147,2454,6320,warning_stem_collisions,65852,11.09516508,3150,1335,20.90539683,21.54951576,0.03214785,1,0.01518557,18937,0.22334265,7877273,441267,0.05601774,success,288,1156,-0.60110803,1319,0.02100720,445,0.00708734,107,0.00170415,705,0.01122826,592,0.00942855,,,0.00458686,0.01841116,-0.01382430,0.02299803,3995,62788,warning_stem_collisions,success,success,exact-then-unique-porter-1.0.0,baek-smart-porter-1.0.0
S2022-109,0000021076,CLX,Clorox,0000021076-22-000026,2022,2022-08-10,1.0.3,0.3.0,0,0,0.00000000,20960,893,0,0.00000000,success,,,,,,,,,,,0,warning_denominator_zero,,,,,,,,,warning_denominator_zero,,,,,,0,0,0,,0,0,warning_denominator_zero,2.92502528,2.82000000,0.85271318,1.19000000,5.00000000,8308,11423,3115,0.72730456,1572,2244,warning_stem_collisions,20962,9.95046655,893,323,23.47368421,22.16176370,0.02175365,0,0.00000000,2222,0.09584196,769441,143436,0.18641585,success,181,605,-0.53944020,516,0.02573309,354,0.01765410,32,0.00159585,245,0.01221823,142,0.00708159,,,0.00902653,0.03017155,-0.02114502,0.03919808,1620,20052,warning_denominator_zero,warning_denominator_zero,success,exact-then-unique-porter-1.0.0,baek-smart-porter-1.0.0
S2022-110,0001057352,CSGP,CoStar Group,0001057352-23-000030,2022,2023-02-22,1.0.3,0.3.0,1,1,0.02123277,47097,2178,1,0.00045914,success,3,0.05769231,0,0.00000000,2,0.03846154,0,0.00000000,0,0.00000000,52,success,0,3,0.00000000,0.05769231,-1.00000000,0.05769231,-0.05769231,6,success,2.69933333,2.52000000,0.90672647,1.50000000,4.93000000,15,28,13,0.53571429,15,13,warning_stem_collisions,2.92921146,2.86000000,0.80675898,1.19000000,5.00000000,19124,25246,6122,0.75750614,2157,4520,warning_stem_collisions,47012,10.75815817,2178,941,21.58494031,21.15633360,0.02948183,1,0.02127116,7445,0.13671337,2855366,316263,0.11076093,success,260,840,-0.52727273,905,0.02013303,481,0.01070054,81,0.00180196,339,0.00754155,305,0.00678517,,,0.00578408,0.01868701,-0.01290294,0.02447109,2588,44951,warning_stem_collisions,success,success,exact-then-unique-porter-1.0.0,baek-smart-porter-1.0.0
S2022-111,0000021344,KO,Coca-Cola Company (The),0000021344-23-000011,2022,2023-02-21,1.0.3,0.3.0,1,1,0.01327087,75353,3324,1,0.00030084,success,0,0.00000000,0,0.00000000,0,0.00000000,0,0.00000000,0,0.00000000,83,success,2,0,0.02409639,0.00000000,1.00000000,0.02409639,0.02409639,2,success,2.95375000,2.93500000,0.70024884,1.72000000,3.97000000,32,45,13,0.71111111,25,10,warning_stem_collisions,2.92848343,2.82000000,0.83017673,1.26000000,5.00000000,30325,39806,9481,0.76181983,2370,7060,warning_stem_collisions,75154,11.22729462,3324,1266,22.60950662,21.77939199,0.03077680,1,0.01330601,17094,0.18530483,5390545,501681,0.09306684,success,475,1365,-0.48369565,1122,0.01562739,505,0.00703372,135,0.00188030,696,0.00969400,510,0.00710336,,,0.00661588,0.01901194,-0.01239606,0.02562781,4032,71797,warning_stem_collisions,success,success,exact-then-unique-porter-1.0.0,baek-smart-porter-1.0.0
S2022-112,0001058290,CTSH,Cognizant,0001058290-23-000027,2022,2023-02-15,1.0.3,0.3.0,1,6,0.15007504,39980,1869,6,0.00321027,success,1,0.00546448,0,0.00000000,0,0.00000000,0,0.00000000,0,0.00000000,183,success,4,1,0.02185792,0.00546448,0.60000000,0.02732240,0.01639344,6,success,2.85528090,2.61000000,0.77519565,1.66000000,4.70000000,89,121,32,0.73553719,65,15,warning_stem_collisions,2.84820710,2.74000000,0.78426062,1.19000000,5.00000000,15896,20833,4937,0.76302021,2027,3701,warning_stem_collisions,39790,10.59137090,1869,706,21.28945960,21.17170321,0.03196783,6,0.15079166,9159,0.18711312,3510905,266049,0.07577790,success,298,800,-0.45719490,649,0.01704575,304,0.00798445,70,0.00183852,518,0.01360508,277,0.00727531,,,0.00782686,0.02101171,-0.01318485,0.02883858,2461,38074,warning_stem_collisions,success,success,exact-then-unique-porter-1.0.0,baek-smart-porter-1.0.0
S2022-113,0000021665,CL,Colgate-Palmolive,0000021665-23-000007,2022,2023-02-16,1.0.3,0.3.0,0,0,0.00000000,43320,2021,0,0.00000000,success,,,,,,,,,,,0,warning_denominator_zero,,,,,,,,,warning_denominator_zero,,,,,,0,0,0,,0,0,warning_denominator_zero,2.92443468,2.82000000,0.83058552,1.26000000,5.00000000,17291,23145,5854,0.74707280,1869,4145,warning_stem_collisions,43234,10.67438250,2021,960,21.39238001,20.96654577,0.04054679,0,0.00000000,7968,0.15561892,3778267,291146,0.07705808,success,232,758,-0.53131313,687,0.01688500,278,0.00683265,49,0.00120432,393,0.00965910,325,0.00798781,,,0.00570207,0.01863003,-0.01292796,0.02433210,2292,40687,warning_denominator_zero,warning_denominator_zero,success,exact-then-unique-porter-1.0.0,baek-smart-porter-1.0.0
S2022-114,0001166691,CMCSA,Comcast,0001166691-23-000010,2022,2023-02-03,1.0.3,0.3.0,0,0,0.00000000,51027,2467,0,0.00000000,success,,,,,,,,,,,0,warning_denominator_zero,,,,,,,,,warning_denominator_zero,,,,,,0,0,0,,0,0,warning_denominator_zero,2.97721412,2.86000000,0.86073531,1.19000000,5.00000000,20087,27673,7586,0.72586998,2121,5594,warning_stem_collisions,50925,10.83810924,2467,1000,20.64248075,20.69089295,0.02376043,0,0.00000000,11112,0.17911891,3535749,345679,0.09776684,success,184,622,-0.54342432,548,0.01116704,299,0.00609296,85,0.00173211,450,0.00917001,403,0.00821226,,,0.00374952,0.01267499,-0.00892548,0.01642451,2152,49073,warning_denominator_zero,warning_denominator_zero,success,exact-then-unique-porter-1.0.0,baek-smart-porter-1.0.0
S2022-115,0000023217,CAG,Conagra Brands,0001437749-22-017530,2022,2022-07-21,1.0.3,0.3.0,0,0,0.00000000,42436,2088,0,0.00000000,success,,,,,,,,,,,0,warning_denominator_zero,,,,,,,,,warning_denominator_zero,,,,,,0,0,0,,0,0,warning_denominator_zero,2.86965146,2.74000000,0.82981580,1.19000000,5.00000000,16698,21989,5291,0.75937969,1922,3967,warning_stem_collisions,41987,10.64511533,2088,848,20.10871648,20.31216160,0.04606188,0,0.00000000,11877,0.22049978,3641220,279490,0.07675724,success,228,910,-0.59929701,995,0.02513134,535,0.01351283,80,0.00202061,380,0.00959790,347,0.00876440,,,0.00575874,0.02298444,-0.01722570,0.02874318,2708,39592,warning_denominator_zero,warning_denominator_zero,success,exact-then-unique-porter-1.0.0,baek-smart-porter-1.0.0
S2022-116,0001163165,COP,ConocoPhillips,0001163165-23-000006,2022,2023-02-16,1.0.3,0.3.0,0,0,0.00000000,62901,3593,0,0.00000000,success,,,,,,,,,,,0,warning_denominator_zero,,,,,,,,,warning_denominator_zero,,,,,,0,0,0,,0,0,warning_denominator_zero,2.92739361,2.82000000,0.83175768,1.26000000,5.00000000,24486,33541,9055,0.73003190,2340,6026,warning_stem_collisions,62582,11.04423298,3593,1404,17.41775675,19.66664189,0.04283979,0,0.00000000,20107,0.24316415,6755960,416321,0.06162277,success,323,951,-0.49293564,862,0.01456401,299,0.00505179,124,0.00209505,622,0.01050906,477,0.00805920,,,0.00545728,0.01606772,-0.01061044,0.02152500,3171,59187,warning_denominator_zero,warning_denominator_zero,success,exact-then-unique-porter-1.0.0,baek-smart-porter-1.0.0
S2022-117,0001047862,ED,Consolidated Edison,0001047862-23-000038,2022,2023-02-16,1.0.3,0.3.0,0,0,0.00000000,86511,4503,0,0.00000000,success,,,,,,,,,,,0,warning_denominator_zero,,,,,,,,,warning_denominator_zero,,,,,,0,0,0,,0,0,warning_denominator_zero,2.97321576,2.90000000,0.78770218,1.26000000,5.00000000,33681,46056,12375,0.73130537,2112,7882,warning_stem_collisions,86322,11.36583977,4503,1650,19.16988674,20.41708861,0.05646301,0,0.00000000,30485,0.26098607,9131336,562422,0.06159252,success,178,959,-0.68689534,792,0.00987211,321,0.00400120,135,0.00168275,801,0.00998429,556,0.00693042,,,0.00221873,0.01195373,-0.00973500,0.01417246,3259,80226,warning_denominator_zero,warning_denominator_zero,success,exact-then-unique-porter-1.0.0,baek-smart-porter-1.0.0
S2022-118,0000016918,STZ,Constellation Brands,0000016918-22-000069,2022,2022-04-21,1.0.3,0.3.0,0,0,0.00000000,48371,3024,0,0.00000000,success,,,,,,,,,,,0,warning_denominator_zero,,,,,,,,,warning_denominator_zero,,,,,,0,0,0,,0,0,warning_denominator_zero,2.95807569,2.82000000,0.87827158,1.04000000,5.00000000,19394,25404,6010,0.76342308,2068,4435,warning_stem_collisions,48381,10.78686245,3024,1106,15.99900794,19.49107672,0.02978442,0,0.00000000,22023,0.31280893,4752857,320336,0.06739862,success,325,913,-0.47495961,754,0.01626928,338,0.00729313,129,0.00278347,374,0.00806991,359,0.00774625,,,0.00701262,0.01970008,-0.01268745,0.02671270,2684,46345,warning_denominator_zero,warning_denominator_zero,success,exact-then-unique-porter-1.0.0,baek-smart-porter-1.0.0
S2022-119,0001868275,CEG,Constellation Energy,0001868275-23-000014,2022,2023-02-16,1.0.3,0.3.0,0,0,0.00000000,81302,4262,0,0.00000000,success,,,,,,,,,,,0,warning_denominator_zero,,,,,,,,,warning_denominator_zero,,,,,,0,0,0,,0,0,warning_denominator_zero,2.88231820,2.81000000,0.79639188,1.26000000,5.00000000,32219,43363,11144,0.74300671,2455,7605,warning_stem_collisions,80763,11.29927422,4262,1849,18.94955420,20.53102989,0.03640281,0,0.00000000,18758,0.18848283,6983223,543177,0.07778314,success,328,1119,-0.54664824,1267,0.01650105,501,0.00652488,161,0.00209682,984,0.01281534,793,0.01032781,,,0.00427178,0.01457354,-0.01030176,0.01884532,4438,76783,warning_denominator_zero,warning_denominator_zero,success,exact-then-unique-porter-1.0.0,baek-smart-porter-1.0.0
S2022-120,0000711404,COO,Cooper Companies (The),0000711404-22-000053,2022,2022-12-09,1.0.3,0.3.0,0,0,0.00000000,57039,2646,0,0.00000000,success,,,,,,,,,,,0,warning_denominator_zero,,,,,,,,,warning_denominator_zero,,,,,,0,0,0,,0,0,warning_denominator_zero,2.86120555,2.74000000,0.81517193,1.26000000,5.00000000,22214,30793,8579,0.72139772,2400,5739,warning_stem_collisions,57018,10.95112229,2646,1182,21.54875283,21.02296836,0.02385212,0,0.00000000,6772,0.10616084,2890851,385444,0.13333236,success,285,1201,-0.61641992,990,0.01801343,534,0.00971633,207,0.00376644,877,0.01595735,669,0.01217271,,,0.00518568,0.02185265,-0.01666697,0.02703834,4047,54959,warning_denominator_zero,warning_denominator_zero,success,exact-then-unique-porter-1.0.0,baek-smart-porter-1.0.0
S2022-121,0000900075,CPRT,Copart,0000900075-22-000050,2022,2022-09-27,1.0.3,0.3.0,1,1,0.02386464,41903,1888,1,0.00052966,success,1,0.02857143,0,0.00000000,1,0.02857143,0,0.00000000,0,0.00000000,35,success,0,0,0.00000000,0.00000000,,0.00000000,0.00000000,1,success,2.86375000,2.78500000,0.92351824,1.68000000,4.64000000,16,22,6,0.72727273,16,4,warning_stem_collisions,2.96256905,2.86000000,0.85097675,1.26000000,5.00000000,16800,21698,4898,0.77426491,2031,3635,warning_stem_collisions,41966,10.64461505,1888,805,22.22775424,20.64915254,0.02647381,1,0.02382881,5886,0.12300426,2612806,275739,0.10553367,success,245,706,-0.48475289,669,0.01653853,343,0.00847939,113,0.00279350,421,0.01040765,258,0.00637809,,,0.00605671,0.01745322,-0.01139650,0.02350993,2299,40451,warning_stem_collisions,success,success,exact-then-unique-porter-1.0.0,baek-smart-porter-1.0.0
S2022-122,0000024741,GLW,Corning Inc.,0001437749-23-003123,2022,2023-02-13,1.0.3,0.3.0,0,0,0.00000000,37125,2308,0,0.00000000,success,,,,,,,,,,,0,warning_denominator_zero,,,,,,,,,warning_denominator_zero,,,,,,0,0,0,,0,0,warning_denominator_zero,2.98339939,2.86000000,0.87587635,1.25000000,5.00000000,15088,20259,5171,0.74475542,1976,3635,warning_stem_collisions,37030,10.51948367,2308,868,16.04419411,19.91659724,0.03842830,0,0.00000000,15339,0.29290229,4141377,252081,0.06086888,success,248,554,-0.38154613,557,0.01590656,214,0.00611132,69,0.00197047,306,0.00873861,266,0.00759631,,,0.00708227,0.01582089,-0.00873861,0.02290316,1872,35017,warning_denominator_zero,warning_denominator_zero,success,exact-then-unique-porter-1.0.0,baek-smart-porter-1.0.0
S2022-123,0001755672,CTVA,Corteva,0001755672-23-000005,2022,2023-02-09,1.0.3,0.3.0,0,0,0.00000000,68939,3543,0,0.00000000,success,,,,,,,,,,,0,warning_denominator_zero,,,,,,,,,warning_denominator_zero,,,,,,0,0,0,,0,0,warning_denominator_zero,2.90019969,2.80000000,0.80631020,1.19000000,5.00000000,27343,37621,10278,0.72680152,2275,6428,warning_stem_collisions,68821,11.13926421,3543,1597,19.42449901,20.57227895,0.04215283,0,0.00000000,13698,0.16599813,6003661,466108,0.07763729,success,354,1315,-0.57579389,1032,0.01595917,402,0.00621666,116,0.00179386,996,0.01540246,516,0.00797959,,,0.00547437,0.02033558,-0.01486121,0.02580994,4003,64665,warning_denominator_zero,warning_denominator_zero,success,exact-then-unique-porter-1.0.0,baek-smart-porter-1.0.0
S2022-124,0000909832,COST,Costco,0000909832-22-000021,2022,2022-10-05,1.0.3,0.3.0,0,0,0.00000000,25985,1424,0,0.00000000,success,,,,,,,,,,,0,warning_denominator_zero,,,,,,,,,warning_denominator_zero,,,,,,0,0,0,,0,0,warning_denominator_zero,2.94835382,2.86000000,0.84472928,1.29000000,5.00000000,10497,13940,3443,0.75301291,1649,2590,warning_stem_collisions,26114,10.17022685,1424,573,18.33848315,19.60849952,0.03500038,0,0.00000000,4605,0.14990722,1861894,175370,0.09418904,success,135,601,-0.63315217,447,0.01801548,198,0.00798001,31,0.00124940,294,0.01184911,156,0.00628728,,,0.00544092,0.02422215,-0.01878123,0.02966307,1546,24812,warning_denominator_zero,warning_denominator_zero,success,exact-then-unique-porter-1.0.0,baek-smart-porter-1.0.0
S2022-125,0001051470,CCI,Crown Castle,0001051470-23-000041,2022,2023-02-24,1.0.3,0.3.0,0,0,0.00000000,47249,2167,0,0.00000000,success,,,,,,,,,,,0,warning_denominator_zero,,,,,,,,,warning_denominator_zero,,,,,,0,0,0,,0,0,warning_denominator_zero,2.94352080,2.83000000,0.83854499,1.19000000,5.00000000,18848,24682,5834,0.76363342,1753,4350,warning_stem_collisions,47193,10.76200086,2167,974,21.77803415,20.85972612,0.04403195,0,0.00000000,10945,0.18825897,3082959,314229,0.10192448,success,190,592,-0.51406650,801,0.01802592,342,0.00769646,114,0.00256549,410,0.00922675,398,0.00895670,,,0.00427581,0.01332253,-0.00904672,0.01759834,2421,44436,warning_denominator_zero,warning_denominator_zero,success,exact-then-unique-porter-1.0.0,baek-smart-porter-1.0.0
S2022-126,0000026172,CMI,Cummins,0000026172-23-000005,2022,2023-02-14,1.0.3,0.3.0,0,0,0.00000000,54703,2852,0,0.00000000,success,,,,,,,,,,,0,warning_denominator_zero,,,,,,,,,warning_denominator_zero,,,,,,0,0,0,,0,0,warning_denominator_zero,2.92863338,2.85000000,0.82139420,1.19000000,5.00000000,21930,29231,7301,0.75023092,2167,5270,warning_stem_collisions,54467,10.90535029,2852,1159,19.09782609,20.05819187,0.03350653,0,0.00000000,14720,0.21275673,6016273,364730,0.06062391,success,320,821,-0.43908852,849,0.01632598,303,0.00582659,121,0.00232679,412,0.00792262,351,0.00674961,,,0.00615349,0.01578755,-0.00963406,0.02194104,2723,52003,warning_denominator_zero,warning_denominator_zero,success,exact-then-unique-porter-1.0.0,baek-smart-porter-1.0.0
S2022-127,0000882184,DHI,D. R. Horton,0000882184-22-000184,2022,2022-11-18,1.0.3,0.3.0,0,0,0.00000000,47845,2531,0,0.00000000,success,,,,,,,,,,,0,warning_denominator_zero,,,,,,,,,warning_denominator_zero,,,,,,0,0,0,,0,0,warning_denominator_zero,2.90839471,2.86000000,0.78470643,1.19000000,5.00000000,18819,25169,6350,0.74770551,1719,4966,warning_stem_collisions,47526,10.76903221,2531,1039,18.77755828,19.97513367,0.04275554,0,0.00000000,10865,0.18607320,3546203,318232,0.08973880,success,186,720,-0.58940397,663,0.01475694,340,0.00756766,71,0.00158031,462,0.01028312,497,0.01106214,,,0.00413996,0.01602564,-0.01188568,0.02016560,2413,44928,warning_denominator_zero,warning_denominator_zero,success,exact-then-unique-porter-1.0.0,baek-smart-porter-1.0.0
S2022-128,0000936340,DTE,DTE Energy,0000936340-23-000073,2022,2023-02-23,1.0.3,0.3.0,0,0,0.00000000,59016,3222,0,0.00000000,success,,,,,,,,,,,0,warning_denominator_zero,,,,,,,,,warning_denominator_zero,,,,,,0,0,0,,0,0,warning_denominator_zero,2.90166176,2.85000000,0.77835404,1.26000000,5.00000000,24131,33588,9457,0.71844111,2036,6013,warning_stem_collisions,58560,10.97780715,3222,1444,18.17504655,21.51332815,0.03266735,0,0.00000000,20387,0.25823654,7803232,401170,0.05141075,success,236,665,-0.47613762,820,0.01474422,282,0.00507057,122,0.00219365,699,0.01256855,458,0.00823519,,,0.00424346,0.01195721,-0.00771375,0.01620067,2874,55615,warning_denominator_zero,warning_denominator_zero,success,exact-then-unique-porter-1.0.0,baek-smart-porter-1.0.0
S2022-129,0001688568,DXC,DXC Technology,0001688568-22-000027,2022,2022-05-26,1.0.3,0.3.0,1,2,0.03555935,56244,2622,2,0.00076278,success,0,0.00000000,0,0.00000000,0,0.00000000,1,0.00900901,0,0.00000000,111,success,0,0,0.00000000,0.00000000,,0.00000000,0.00000000,1,success,2.99454545,2.93000000,0.76898473,1.62000000,4.54000000,55,74,19,0.74324324,50,11,warning_stem_collisions,2.85328815,2.74000000,0.80862805,1.19000000,5.00000000,21839,29540,7701,0.73930264,2165,5529,warning_stem_collisions,55937,10.93198134,2622,1167,21.33371472,20.99712370,0.03196453,2,0.03575451,13887,0.19888577,4697715,372814,0.07936071,success,345,1338,-0.59001783,1065,0.01993822,574,0.01074605,102,0.00190958,803,0.01503323,455,0.00851821,,,0.00645886,0.02504914,-0.01859028,0.03150800,3880,53415,warning_stem_collisions,success,success,exact-then-unique-porter-1.0.0,baek-smart-porter-1.0.0
S2022-130,0000927066,DVA,DaVita,0000927066-23-000011,2022,2023-02-22,1.0.3,0.3.0,1,2,0.02621954,76279,2991,1,0.00033434,success,1,0.05263158,0,0.00000000,1,0.05263158,0,0.00000000,0,0.00000000,19,success,1,0,0.05263158,0.00000000,1.00000000,0.05263158,0.05263158,2,success,3.09111111,3.14000000,0.73330976,2.00000000,4.25000000,9,12,3,0.75000000,9,3,warning_stem_collisions,2.84323831,2.72000000,0.78651973,1.26000000,5.00000000,29537,40182,10645,0.73508038,2396,7946,warning_stem_collisions,76350,11.24308331,2991,1384,25.52657974,22.65906936,0.02508186,2,0.02619515,7350,0.08781362,3804447,513792,0.13505038,success,450,1737,-0.58847737,1435,0.01952142,728,0.00990355,156,0.00212219,1204,0.01637895,675,0.00918255,,,0.00612170,0.02362976,-0.01750806,0.02975146,5357,73509,warning_stem_collisions,success,success,exact-then-unique-porter-1.0.0,baek-smart-porter-1.0.0
S2022-131,0000313616,DHR,Danaher Corporation,0000313616-23-000087,2022,2023-02-22,1.0.3,0.3.0,1,1,0.01479399,67595,2667,1,0.00037495,success,0,0.00000000,1,0.01538462,0,0.00000000,0,0.00000000,0,0.00000000,65,success,2,1,0.03076923,0.01538462,0.33333333,0.04615385,0.01538462,4,success,2.72107143,2.70000000,0.47565248,2.00000000,4.11000000,28,41,13,0.68292683,28,9,warning_stem_collisions,2.86556290,2.76000000,0.79898145,1.04000000,5.00000000,26319,36203,9884,0.72698395,2445,7038,warning_stem_collisions,67530,11.12032722,2667,1102,25.32058493,23.05688764,0.03109729,1,0.01480823,9418,0.12239434,4086723,460318,0.11263744,success,364,1466,-0.60218579,1051,0.01640163,403,0.00628911,105,0.00163860,897,0.01399835,597,0.00931662,,,0.00568049,0.02287801,-0.01719752,0.02855850,4193,64079,warning_stem_collisions,success,success,exact-then-unique-porter-1.0.0,baek-smart-porter-1.0.0
S2022-132,0000940944,DRI,Darden Restaurants,0000940944-22-000042,2022,2022-07-22,1.0.3,0.3.0,0,0,0.00000000,39340,1872,0,0.00000000,success,,,,,,,,,,,0,warning_denominator_zero,,,,,,,,,warning_denominator_zero,,,,,,0,0,0,,0,0,warning_denominator_zero,2.97863947,2.83000000,0.91041778,1.26000000,5.00000000,15957,20970,5013,0.76094421,2083,3852,warning_stem_collisions,39257,10.57788505,1872,777,20.97061966,20.35061834,0.03400667,0,0.00000000,8751,0.18228212,3118105,261413,0.08383714,success,239,764,-0.52342971,756,0.02022472,451,0.01206528,60,0.00160514,299,0.00799893,310,0.00829320,,,0.00639379,0.02043874,-0.01404494,0.02683253,2274,37380,warning_denominator_zero,warning_denominator_zero,success,exact-then-unique-porter-1.0.0,baek-smart-porter-1.0.0
S2022-133,0000315189,DE,Deere & Company,0001558370-22-018703,2022,2022-12-15,1.0.3,0.3.0,1,1,0.01631481,61294,2965,1,0.00033727,success,0,0.00000000,0,0.00000000,0,0.00000000,0,0.00000000,0,0.00000000,22,success,0,0,0.00000000,0.00000000,,0.00000000,0.00000000,0,success,3.39642857,3.19000000,0.80569940,2.41000000,4.89000000,14,16,2,0.87500000,14,0,success,2.99837266,2.90000000,0.85312918,1.25000000,5.00000000,25680,34156,8476,0.75184448,2106,6212,warning_stem_collisions,60908,11.01711981,2965,963,20.54232715,21.22764001,0.03533198,1,0.01641820,14369,0.19088168,11000592,415532,0.03777360,success,306,972,-0.52112676,853,0.01480209,334,0.00579589,70,0.00121471,378,0.00655943,467,0.00810384,,,0.00531001,0.01686709,-0.01155708,0.02217710,2870,57627,success,success,success,exact-then-unique-porter-1.0.0,baek-smart-porter-1.0.0
S2022-134,0000027904,DAL,Delta Air Lines,0000027904-23-000003,2022,2023-02-10,1.0.3,0.3.0,0,0,0.00000000,54618,2807,0,0.00000000,success,,,,,,,,,,,0,warning_denominator_zero,,,,,,,,,warning_denominator_zero,,,,,,0,0,0,,0,0,warning_denominator_zero,2.99834890,2.89000000,0.84278935,1.19000000,5.00000000,21949,28937,6988,0.75850987,2143,5116,warning_stem_collisions,54766,10.91082484,2807,1203,19.51050944,18.98409405,0.05059709,0,0.00000000,7703,0.12330916,3382913,359990,0.10641421,success,328,745,-0.38863001,718,0.01400702,311,0.00606711,106,0.00206789,415,0.00809598,520,0.01014436,,,0.00639875,0.01453375,-0.00813500,0.02093250,2682,51260,warning_denominator_zero,warning_denominator_zero,success,exact-then-unique-porter-1.0.0,baek-smart-porter-1.0.0
S2022-135,0000818479,XRAY,Dentsply Sirona,0000818479-23-000017,2022,2023-03-01,1.0.3,0.3.0,1,3,0.05231950,57340,2563,2,0.00078034,success,0,0.00000000,0,0.00000000,0,0.00000000,1,0.01587302,0,0.00000000,63,success,0,0,0.00000000,0.00000000,,0.00000000,0.00000000,1,success,2.85037037,2.87000000,0.64960661,1.87000000,4.25000000,27,37,10,0.72972973,22,8,warning_stem_collisions,2.85947713,2.75000000,0.80230048,1.04000000,5.00000000,22606,30588,7982,0.73904799,2290,6100,warning_stem_collisions,57268,10.95549728,2563,1076,22.34412798,21.83397325,0.02916114,3,0.05238528,11350,0.16540849,4843458,387430,0.07999037,success,353,1493,-0.61755146,1205,0.02200029,528,0.00963996,146,0.00266560,712,0.01299934,562,0.01026072,,,0.00644490,0.02725845,-0.02081355,0.03370335,4123,54772,warning_stem_collisions,success,success,exact-then-unique-porter-1.0.0,baek-smart-porter-1.0.0
S2022-136,0001090012,DVN,Devon Energy,0000950170-23-002852,2022,2023-02-15,1.0.3,0.3.0,1,1,0.01635858,61130,3155,1,0.00031696,success,2,0.06666667,0,0.00000000,0,0.00000000,0,0.00000000,1,0.03333333,30,success,0,0,0.00000000,0.00000000,,0.00000000,0.00000000,2,success,2.78000000,2.93000000,0.62314257,1.54000000,3.93000000,15,16,1,0.93750000,14,1,warning_stem_collisions,2.91854510,2.81000000,0.83705012,1.04000000,5.00000000,24469,33481,9012,0.73083241,1964,6103,warning_stem_collisions,60704,11.01376487,3155,1146,19.24057052,20.38124840,0.03396811,1,0.01647338,11403,0.15813999,8338903,408647,0.04900489,success,208,981,-0.65012616,909,0.01572882,255,0.00441238,80,0.00138427,555,0.00960341,632,0.01093577,,,0.00359911,0.01697467,-0.01337555,0.02057378,3116,57792,warning_stem_collisions,success,success,exact-then-unique-porter-1.0.0,baek-smart-porter-1.0.0
S2022-137,0001093557,DXCM,Dexcom,0001093557-23-000024,2022,2023-02-09,1.0.3,0.3.0,1,1,0.01309998,76336,3288,1,0.00030414,success,1,0.03125000,0,0.00000000,0,0.00000000,0,0.00000000,0,0.00000000,32,success,0,0,0.00000000,0.00000000,,0.00000000,0.00000000,1,success,2.70117647,2.50000000,0.71883797,1.66000000,4.25000000,17,21,4,0.80952381,16,2,warning_stem_collisions,2.84824207,2.72000000,0.80528252,1.19000000,5.00000000,29586,39004,9418,0.75853759,2779,7013,warning_stem_collisions,76363,11.24325356,3288,1334,23.22475669,20.90445175,0.02146327,1,0.01309535,9841,0.11415944,3272235,503462,0.15385875,success,464,2052,-0.63116057,1710,0.02313155,1116,0.01509638,248,0.00335475,1126,0.01523165,728,0.00984782,,,0.00627663,0.02775786,-0.02148123,0.03403449,6001,73925,warning_stem_collisions,success,success,exact-then-unique-porter-1.0.0,baek-smart-porter-1.0.0
S2022-138,0001539838,FANG,Diamondback Energy,0001539838-23-000022,2022,2023-02-23,1.0.3,0.3.0,0,0,0.00000000,69045,3041,0,0.00000000,success,,,,,,,,,,,0,warning_denominator_zero,,,,,,,,,warning_denominator_zero,,,,,,0,0,0,,0,0,warning_denominator_zero,2.94039199,2.80000000,0.88054834,1.19000000,5.00000000,27679,36386,8707,0.76070467,2391,6606,warning_stem_collisions,68898,11.14038243,3041,1324,22.65636304,21.69968700,0.03600975,0,0.00000000,12932,0.15803495,4212675,455758,0.10818732,success,306,1320,-0.62361624,1337,0.02033646,664,0.01009978,154,0.00234242,660,0.01003894,727,0.01105804,,,0.00465442,0.02007788,-0.01542346,0.02473229,4281,65744,warning_denominator_zero,warning_denominator_zero,success,exact-then-unique-porter-1.0.0,baek-smart-porter-1.0.0
S2022-139,0001297996,DLR,Digital Realty,0001558370-23-002087,2022,2023-02-27,1.0.3,0.3.0,1,1,0.01407995,71023,4075,1,0.00024540,success,0,0.00000000,0,0.00000000,0,0.00000000,0,0.00000000,0,0.00000000,19,success,1,0,0.05263158,0.00000000,1.00000000,0.05263158,0.05263158,1,success,3.12300000,3.05500000,0.82023228,2.00000000,4.64000000,10,11,1,0.90909091,10,1,warning_stem_collisions,2.87099007,2.79000000,0.78499407,1.19000000,5.00000000,28806,37324,8518,0.77178223,2211,6243,warning_stem_collisions,71219,11.17351492,4075,1398,17.47705521,20.34689365,0.02919165,1,0.01404120,28278,0.28420957,8339059,471513,0.05654271,success,469,974,-0.34996535,1223,0.01789712,648,0.00948270,168,0.00245848,461,0.00674618,561,0.00820956,,,0.00686325,0.01425331,-0.00739006,0.02111656,3718,68335,warning_stem_collisions,success,success,exact-then-unique-porter-1.0.0,baek-smart-porter-1.0.0
S2022-140,0000029534,DG,Dollar General,0001558370-22-003921,2022,2022-03-18,1.0.3,0.3.0,0,0,0.00000000,36616,1705,0,0.00000000,success,,,,,,,,,,,0,warning_denominator_zero,,,,,,,,,warning_denominator_zero,,,,,,0,0,0,,0,0,warning_denominator_zero,2.90536278,2.82000000,0.84263157,1.19000000,5.00000000,14830,19289,4459,0.76883198,1873,3490,warning_stem_collisions,36573,10.50706554,1705,551,21.45043988,21.30668319,0.03912723,0,0.00000000,9400,0.20446784,2333331,243963,0.10455568,success,237,667,-0.47566372,735,0.02120172,341,0.00983644,88,0.00253844,273,0.00787492,281,0.00810569,,,0.00683647,0.01924020,-0.01240373,0.02607667,2136,34667,warning_denominator_zero,warning_denominator_zero,success,exact-then-unique-porter-1.0.0,baek-smart-porter-1.0.0
S2022-141,0000935703,DLTR,Dollar Tree,0000935703-22-000020,2022,2022-03-15,1.0.3,0.3.0,0,0,0.00000000,37115,1699,0,0.00000000,success,,,,,,,,,,,0,warning_denominator_zero,,,,,,,,,warning_denominator_zero,,,,,,0,0,0,,0,0,warning_denominator_zero,2.97853832,2.86000000,0.88499690,1.26000000,5.00000000,14928,19341,4413,0.77183186,1885,3444,warning_stem_collisions,37019,10.51918657,1699,774,21.78869923,19.77797830,0.03930414,0,0.00000000,4852,0.11587973,2089781,243807,0.11666629,success,168,959,-0.70186335,659,0.01872372,327,0.00929083,76,0.00215934,395,0.01122287,301,0.00855211,,,0.00477327,0.02724741,-0.02247414,0.03202068,2327,35196,warning_denominator_zero,warning_denominator_zero,success,exact-then-unique-porter-1.0.0,baek-smart-porter-1.0.0
S2022-142,0000715957,D,Dominion Energy,0000950170-23-003287,2022,2023-02-21,1.0.3,0.3.0,0,0,0.00000000,169542,6968,0,0.00000000,success,,,,,,,,,,,0,warning_denominator_zero,,,,,,,,,warning_denominator_zero,,,,,,0,0,0,,0,0,warning_denominator_zero,2.87906533,2.85000000,0.78914007,1.19000000,5.00000000,68602,92702,24100,0.74002718,2435,15404,warning_stem_collisions,167510,12.02879833,6968,2179,24.03989667,22.73859830,0.04874933,0,0.00000000,22981,0.12064087,19908956,1129451,0.05673080,success,608,2243,-0.57348299,1973,0.01261654,733,0.00468724,290,0.00185443,2691,0.01720786,1193,0.00762876,,,0.00388792,0.01434308,-0.01045517,0.01823100,8463,156382,warning_denominator_zero,warning_denominator_zero,success,exact-then-unique-porter-1.0.0,baek-smart-porter-1.0.0
S2022-143,0001286681,DPZ,Domino's,0000950170-22-002426,2022,2022-03-01,1.0.3,0.3.0,0,0,0.00000000,63732,2823,0,0.00000000,success,,,,,,,,,,,0,warning_denominator_zero,,,,,,,,,warning_denominator_zero,,,,,,0,0,0,,0,0,warning_denominator_zero,2.95989139,2.89000000,0.83763261,1.19000000,5.00000000,24767,32610,7843,0.75949095,2021,5518,warning_stem_collisions,63501,11.05881093,2823,928,22.49415515,20.47141312,0.05563692,0,0.00000000,8892,0.12282956,4839549,419317,0.08664382,success,329,761,-0.39633028,914,0.01558078,412,0.00702329,121,0.00206266,391,0.00666530,534,0.00910300,,,0.00560840,0.01297262,-0.00736422,0.01858102,2871,58662,warning_denominator_zero,warning_denominator_zero,success,exact-then-unique-porter-1.0.0,baek-smart-porter-1.0.0
S2022-144,0000029905,DOV,Dover Corporation,0000029905-23-000008,2022,2023-02-10,1.0.3,0.3.0,1,2,0.04501666,44428,2260,2,0.00088496,success,0,0.00000000,0,0.00000000,0,0.00000000,0,0.00000000,0,0.00000000,112,success,5,1,0.04464286,0.00892857,0.66666667,0.05357143,0.03571429,6,success,3.29803571,3.44000000,0.80680680,1.80000000,4.83000000,56,75,19,0.74666667,46,14,warning_stem_collisions,2.91484964,2.83000000,0.80611245,1.26000000,5.00000000,18356,24132,5776,0.76064976,1959,4410,warning_stem_collisions,44128,10.69484978,2260,1054,19.52566372,21.09443857,0.04167422,2,0.04532270,11276,0.20352321,4284707,302604,0.07062420,success,431,638,-0.19363891,663,0.01591378,211,0.00506457,61,0.00146416,266,0.00638472,263,0.00631271,,,0.01034516,0.01531372,-0.00496856,0.02565887,2217,41662,warning_stem_collisions,success,success,exact-then-unique-porter-1.0.0,baek-smart-porter-1.0.0
S2022-145,0001751788,DOW,Dow Inc.,0001751788-23-000014,2022,2023-02-01,1.0.3,0.3.0,1,1,0.01663534,60113,3059,1,0.00032690,success,1,0.08333333,0,0.00000000,0,0.00000000,0,0.00000000,0,0.00000000,12,success,1,0,0.08333333,0.00000000,1.00000000,0.08333333,0.08333333,2,success,2.50125000,2.24000000,0.72103116,1.66000000,4.14000000,8,9,1,0.88888889,7,0,success,2.95398369,2.87000000,0.81888846,1.04000000,5.00000000,23787,32862,9075,0.72384517,2268,5480,warning_stem_collisions,59883,11.00014794,3059,1331,19.57600523,21.03109810,0.04826078,1,0.01669923,14033,0.18985064,6415389,404729,0.06308721,success,410,842,-0.34504792,700,0.01257726,225,0.00404269,136,0.00244358,545,0.00979230,442,0.00794164,,,0.00736668,0.01512865,-0.00776197,0.02249533,2878,55656,success,success,success,exact-then-unique-porter-1.0.0,baek-smart-porter-1.0.0
S2022-146,0001666700,DD,DuPont,0001666700-23-000008,2022,2023-02-15,1.0.3,0.3.0,0,0,0.00000000,59977,2919,0,0.00000000,success,,,,,,,,,,,0,warning_denominator_zero,,,,,,,,,warning_denominator_zero,,,,,,0,0,0,,0,0,warning_denominator_zero,2.90102694,2.82000000,0.80006855,1.04000000,5.00000000,23127,32224,9097,0.71769489,2062,5738,warning_stem_collisions,60019,11.00241646,2919,1238,20.56149366,20.78267555,0.04455256,0,0.00000000,10611,0.15023361,4800070,402487,0.08385024,success,242,1163,-0.65551601,787,0.01398465,303,0.00538418,133,0.00236335,631,0.01121260,450,0.00799630,,,0.00430023,0.02066600,-0.01636577,0.02496624,3134,56276,warning_denominator_zero,warning_denominator_zero,success,exact-then-unique-porter-1.0.0,baek-smart-porter-1.0.0
S2022-147,0001326160,DUK,Duke Energy,0001326160-23-000073,2022,2023-02-27,1.0.3,0.3.0,0,0,0.00000000,97581,5860,0,0.00000000,success,,,,,,,,,,,0,warning_denominator_zero,,,,,,,,,warning_denominator_zero,,,,,,0,0,0,,0,0,warning_denominator_zero,2.94919819,2.90000000,0.80675945,1.19000000,5.00000000,41606,55605,13999,0.74824206,2498,9632,warning_stem_collisions,97043,11.48290946,5860,2402,16.56023891,21.58199092,0.03369640,0,0.00000000,51363,0.34609787,18933590,653209,0.03450001,success,591,1335,-0.38629283,1236,0.01335624,443,0.00478707,151,0.00163171,1605,0.01734366,802,0.00866643,,,0.00638636,0.01442604,-0.00803968,0.02081240,5479,92541,warning_denominator_zero,warning_denominator_zero,success,exact-then-unique-porter-1.0.0,baek-smart-porter-1.0.0
S2022-148,0000821189,EOG,EOG Resources,0000821189-23-000015,2022,2023-02-23,1.0.3,0.3.0,0,0,0.00000000,52487,2397,0,0.00000000,success,,,,,,,,,,,0,warning_denominator_zero,,,,,,,,,warning_denominator_zero,,,,,,0,0,0,,0,0,warning_denominator_zero,2.96147043,2.83000000,0.88155776,1.26000000,5.00000000,20409,28435,8026,0.71774222,1941,5468,warning_stem_collisions,52462,10.86784438,2397,1019,21.88652482,21.39023439,0.04933094,0,0.00000000,12491,0.19230828,4150963,346444,0.08346111,success,174,760,-0.62740899,746,0.01519008,336,0.00684164,91,0.00185295,564,0.01148419,384,0.00781902,,,0.00354299,0.01547515,-0.01193215,0.01901814,2582,49111,warning_denominator_zero,warning_denominator_zero,success,exact-then-unique-porter-1.0.0,baek-smart-porter-1.0.0
S2022-149,0001352010,EPAM,EPAM Systems,0001352010-23-000013,2022,2023-02-24,1.0.3,0.3.0,1,2,0.04398311,45472,1946,2,0.00102775,success,0,0.00000000,0,0.00000000,0,0.00000000,1,0.01470588,0,0.00000000,68,success,1,0,0.01470588,0.00000000,1.00000000,0.01470588,0.01470588,1,success,2.95500000,3.13000000,0.79915268,1.64000000,4.48000000,30,37,7,0.81081081,28,7,warning_stem_collisions,2.84719148,2.76000000,0.78584487,1.19000000,5.00000000,17511,23734,6223,0.73780231,2020,4681,warning_stem_collisions,45403,10.72333346,1946,805,23.33144913,22.17311338,0.03334581,2,0.04404995,8069,0.15090141,3793779,306137,0.08069447,success,311,895,-0.48424544,865,0.01996999,395,0.00911924,74,0.00170842,354,0.00817269,327,0.00754935,,,0.00717996,0.02066259,-0.01348263,0.02784255,2674,43315,warning_stem_collisions,success,success,exact-then-unique-porter-1.0.0,baek-smart-porter-1.0.0
S2022-150,0000033213,EQT,EQT Corporation,0000033213-23-000008,2022,2023-02-16,1.0.3,0.3.0,0,0,0.00000000,63014,2795,0,0.00000000,success,,,,,,,,,,,0,warning_denominator_zero,,,,,,,,,warning_denominator_zero,,,,,,0,0,0,,0,0,warning_denominator_zero,2.91977389,2.81000000,0.84732742,1.19000000,5.00000000,24855,33328,8473,0.74576932,2291,5998,warning_stem_collisions,62789,11.04753518,2795,1045,22.46475850,21.63899331,0.03548392,0,0.00000000,13096,0.17257693,4040426,414344,0.10254958,success,218,1143,-0.67964732,1157,0.01934103,537,0.00897678,125,0.00208957,836,0.01397503,614,0.01026395,,,0.00364421,0.01910700,-0.01546280,0.02275121,3873,59821,warning_denominator_zero,warning_denominator_zero,success,exact-then-unique-porter-1.0.0,baek-smart-porter-1.0.0
S2022-151,0000915389,EMN,Eastman Chemical Co.,0000915389-23-000015,2022,2023-02-15,1.0.3,0.3.0,1,2,0.04371107,45755,2180,2,0.00091743,success,2,0.02222222,0,0.00000000,0,0.00000000,0,0.00000000,0,0.00000000,90,success,0,0,0.00000000,0.00000000,,0.00000000,0.00000000,2,success,3.05916667,3.02000000,0.84637913,1.64000000,4.73000000,48,66,18,0.72727273,21,10,warning_stem_collisions,2.94820353,2.86000000,0.82143823,1.26000000,5.00000000,18720,25795,7075,0.72572204,1915,4625,warning_stem_collisions,45561,10.72680737,2180,942,20.89954128,22.36028591,0.03617129,2,0.04389719,12483,0.21506099,5029736,314785,0.06258480,success,324,644,-0.33057851,634,0.01476513,167,0.00388924,84,0.00195626,325,0.00756888,313,0.00728941,,,0.00754559,0.01499802,-0.00745243,0.02254361,2160,42939,warning_stem_collisions,success,success,exact-then-unique-porter-1.0.0,baek-smart-porter-1.0.0
S2022-152,0001551182,ETN,Eaton Corporation,0001551182-23-000004,2022,2023-02-23,1.0.3,0.3.0,0,0,0.00000000,32960,1719,0,0.00000000,success,,,,,,,,,,,0,warning_denominator_zero,,,,,,,,,warning_denominator_zero,,,,,,0,0,0,,0,0,warning_denominator_zero,2.90896427,2.86000000,0.79633258,1.04000000,5.00000000,12957,17703,4746,0.73190985,1646,3366,warning_stem_collisions,32883,10.40071109,1719,693,19.12914485,20.88462901,0.04385245,0,0.00000000,11991,0.26721487,4491244,219553,0.04888467,success,209,413,-0.32797428,402,0.01301308,119,0.00385213,70,0.00226596,275,0.00890198,248,0.00802797,,,0.00676551,0.01336916,-0.00660365,0.02013466,1521,30892,warning_denominator_zero,warning_denominator_zero,success,exact-then-unique-porter-1.0.0,baek-smart-porter-1.0.0
S2022-153,0000031462,ECL,Ecolab,0001558370-23-001969,2022,2023-02-24,1.0.3,0.3.0,1,1,0.01543043,64807,3351,1,0.00029842,success,0,0.00000000,0,0.00000000,0,0.00000000,0,0.00000000,0,0.00000000,30,success,0,0,0.00000000,0.00000000,,0.00000000,0.00000000,0,success,3.14076923,2.93000000,0.73557368,2.21000000,4.54000000,13,20,7,0.65000000,13,2,warning_stem_collisions,2.92008892,2.84000000,0.80740402,1.19000000,5.00000000,25979,35014,9035,0.74196036,2130,6694,warning_stem_collisions,64541,11.07505596,3351,1036,19.26022083,20.48883556,0.03771246,1,0.01549403,15892,0.19758060,8772336,437321,0.04985229,success,393,893,-0.38880249,824,0.01346295,273,0.00446042,97,0.00158484,596,0.00973777,407,0.00664978,,,0.00642104,0.01459031,-0.00816927,0.02101136,3010,61205,warning_stem_collisions,success,success,exact-then-unique-porter-1.0.0,baek-smart-porter-1.0.0
S2022-154,0000827052,EIX,Edison International,0000827052-23-000010,2022,2023-02-23,1.0.3,0.3.0,0,0,0.00000000,92988,4319,0,0.00000000,success,,,,,,,,,,,0,warning_denominator_zero,,,,,,,,,warning_denominator_zero,,,,,,0,0,0,,0,0,warning_denominator_zero,2.91945134,2.82000000,0.81224061,1.17000000,5.00000000,35304,50859,15555,0.69415443,2192,8836,warning_stem_collisions,92924,11.43953723,4319,1331,21.51516555,21.81154084,0.04683397,0,0.00000000,24373,0.20778878,7787135,618926,0.07948058,success,249,1883,-0.76641651,1391,0.01604938,522,0.00602285,241,0.00278066,1379,0.01591093,777,0.00896504,,,0.00287297,0.02172609,-0.01885312,0.02459905,5425,86670,warning_denominator_zero,warning_denominator_zero,success,exact-then-unique-porter-1.0.0,baek-smart-porter-1.0.0
S2022-155,0001099800,EW,Edwards Lifesciences,0001099800-23-000005,2022,2023-02-13,1.0.3,0.3.0,0,0,0.00000000,39173,2006,0,0.00000000,success,,,,,,,,,,,0,warning_denominator_zero,,,,,,,,,warning_denominator_zero,,,,,,0,0,0,,0,0,warning_denominator_zero,2.86523981,2.75000000,0.80756114,1.26000000,5.00000000,15575,20941,5366,0.74375627,1994,3829,warning_stem_collisions,38913,10.56908366,2006,900,19.39830508,20.58522459,0.02975869,0,0.00000000,7482,0.16126738,3549671,265066,0.07467340,success,247,739,-0.49898580,758,0.02035938,379,0.01017969,61,0.00163842,459,0.01232844,345,0.00926647,,,0.00663426,0.01984905,-0.01321479,0.02648331,2490,37231,warning_denominator_zero,warning_denominator_zero,success,exact-then-unique-porter-1.0.0,baek-smart-porter-1.0.0
S2022-156,0000712515,EA,Electronic Arts,0000712515-22-000011,2022,2022-05-25,1.0.3,0.3.0,1,1,0.02288487,43697,1888,1,0.00052966,success,0,0.00000000,0,0.00000000,0,0.00000000,0,0.00000000,0,0.00000000,46,success,0,0,0.00000000,0.00000000,,0.00000000,0.00000000,0,success,3.17583333,3.13000000,0.86925695,1.62000000,4.80000000,24,30,6,0.80000000,22,1,warning_stem_collisions,2.88728409,2.82000000,0.81192546,1.25000000,5.00000000,17195,22719,5524,0.75685550,1887,4251,warning_stem_collisions,43496,10.68042426,1888,777,23.03813559,20.50986306,0.03158911,1,0.02299062,6254,0.12570854,2990916,287341,0.09607124,success,276,677,-0.42077650,712,0.01713598,367,0.00883273,87,0.00209386,315,0.00758123,354,0.00851986,,,0.00664260,0.01629362,-0.00965102,0.02293622,2316,41550,warning_stem_collisions,success,success,exact-then-unique-porter-1.0.0,baek-smart-porter-1.0.0
S2022-157,0001156039,ELV,Elevance Health,0001156039-23-000007,2022,2023-02-15,1.0.3,0.3.0,0,0,0.00000000,75339,3394,0,0.00000000,success,,,,,,,,,,,0,warning_denominator_zero,,,,,,,,,warning_denominator_zero,,,,,,0,0,0,,0,0,warning_denominator_zero,2.82403158,2.72000000,0.76971762,1.26000000,5.00000000,29698,40004,10306,0.74237576,2377,7664,warning_stem_collisions,75030,11.22564331,3394,1488,22.10665881,21.42001236,0.03897108,0,0.00000000,12269,0.14053998,5496870,504574,0.09179297,success,470,1407,-0.49920085,1189,0.01667181,473,0.00663227,169,0.00236967,1177,0.01650355,681,0.00954878,,,0.00659020,0.01972854,-0.01313834,0.02631874,4595,71318,warning_denominator_zero,warning_denominator_zero,success,exact-then-unique-porter-1.0.0,baek-smart-porter-1.0.0
S2022-158,0000032604,EMR,Emerson Electric,0000032604-22-000041,2022,2022-11-14,1.0.3,0.3.0,1,1,0.02680893,37301,1732,1,0.00057737,success,0,0.00000000,0,0.00000000,0,0.00000000,0,0.00000000,0,0.00000000,17,success,0,0,0.00000000,0.00000000,,0.00000000,0.00000000,0,success,2.72000000,2.43000000,0.77364936,1.64000000,3.93000000,9,13,4,0.69230769,9,3,warning_stem_collisions,2.95038370,2.86000000,0.80783002,1.26000000,5.00000000,15142,20268,5126,0.74708901,1847,3510,warning_stem_collisions,37153,10.52279980,1732,717,21.45092379,21.26530808,0.06045272,1,0.02691573,5060,0.11986829,3105173,252227,0.08122800,success,281,536,-0.31211750,569,0.01656767,210,0.00611461,58,0.00168880,286,0.00832751,230,0.00669695,,,0.00818192,0.01560680,-0.00742488,0.02378873,1858,34344,warning_stem_collisions,success,success,exact-then-unique-porter-1.0.0,baek-smart-porter-1.0.0
S2022-159,0001463101,ENPH,Enphase Energy,0001463101-23-000025,2022,2023-02-13,1.0.3,0.3.0,0,0,0.00000000,68517,2985,0,0.00000000,success,,,,,,,,,,,0,warning_denominator_zero,,,,,,,,,warning_denominator_zero,,,,,,0,0,0,,0,0,warning_denominator_zero,2.89177298,2.85000000,0.79129141,1.26000000,5.00000000,26588,35376,8788,0.75158299,2243,6536,warning_stem_collisions,68121,11.12904081,2985,1422,22.82110553,20.55450544,0.03898945,0,0.00000000,7269,0.09641862,3801785,449118,0.11813346,success,319,1241,-0.59102564,1384,0.02140857,743,0.01149319,194,0.00300091,497,0.00768791,501,0.00774978,,,0.00493449,0.01919656,-0.01426207,0.02413105,3942,64647,warning_denominator_zero,warning_denominator_zero,success,exact-then-unique-porter-1.0.0,baek-smart-porter-1.0.0
S2022-160,0000065984,ETR,Entergy,0000065984-23-000014,2022,2023-02-24,1.0.3,0.3.0,0,0,0.00000000,241361,11304,0,0.00000000,success,,,,,,,,,,,0,warning_denominator_zero,,,,,,,,,warning_denominator_zero,,,,,,0,0,0,,0,0,warning_denominator_zero,2.94413412,2.90000000,0.77515706,1.17000000,5.00000000,95007,134474,39467,0.70650832,2979,20552,warning_stem_collisions,239693,12.38711422,11304,4919,21.20426398,21.85149175,0.04361830,0,0.00000000,51599,0.17713840,19765516,1607021,0.08130428,success,668,3224,-0.65673176,2564,0.01139429,1086,0.00482613,333,0.00147984,3310,0.01470948,1616,0.00718142,,,0.00296856,0.01432730,-0.01135874,0.01729586,11241,225025,warning_denominator_zero,warning_denominator_zero,success,exact-then-unique-porter-1.0.0,baek-smart-porter-1.0.0
S2022-161,0000033185,EFX,Equifax,0000033185-23-000012,2022,2023-02-23,1.0.3,0.3.0,1,10,0.18544618,53924,2605,6,0.00230326,success,5,0.01683502,8,0.02693603,5,0.01683502,0,0.00000000,5,0.01683502,297,success,2,3,0.00673401,0.01010101,-0.20000000,0.01683502,-0.00336700,23,success,2.79039063,2.66500000,0.77897308,1.50000000,4.93000000,128,161,33,0.79503106,76,31,warning_stem_collisions,2.84733587,2.76000000,0.76021356,1.19000000,4.96000000,21050,28203,7153,0.74637450,2104,5120,warning_stem_collisions,53913,10.89512692,2605,874,20.69596929,20.87815558,0.03731938,10,0.18548402,9416,0.14868386,3943345,360291,0.09136685,success,266,1040,-0.59264931,818,0.01593983,360,0.00701508,116,0.00226042,720,0.01403016,499,0.00972368,,,0.00518337,0.02026579,-0.01508243,0.02544916,3248,51318,warning_stem_collisions,success,success,exact-then-unique-porter-1.0.0,baek-smart-porter-1.0.0
S2022-162,0001101239,EQIX,Equinix,0001628280-23-004039,2022,2023-02-17,1.0.3,0.3.0,0,0,0.00000000,62875,3182,0,0.00000000,success,,,,,,,,,,,0,warning_denominator_zero,,,,,,,,,warning_denominator_zero,,,,,,0,0,0,,0,0,warning_denominator_zero,2.88537947,2.80000000,0.80576938,1.19000000,5.00000000,24218,32575,8357,0.74345357,2356,5845,warning_stem_collisions,62723,11.04648349,3182,1484,19.71181647,19.77777746,0.03430958,0,0.00000000,16125,0.20450741,6920346,411040,0.05939587,success,403,1090,-0.46014735,1214,0.02024278,653,0.01088841,141,0.00235110,509,0.00848729,502,0.00837057,,,0.00671980,0.01817515,-0.01145535,0.02489495,3680,59972,warning_denominator_zero,warning_denominator_zero,success,exact-then-unique-porter-1.0.0,baek-smart-porter-1.0.0
S2022-163,0000906107,EQR,Equity Residential,0000950170-23-003060,2022,2023-02-16,1.0.3,0.3.0,0,0,0.00000000,62552,2924,0,0.00000000,success,,,,,,,,,,,0,warning_denominator_zero,,,,,,,,,warning_denominator_zero,,,,,,0,0,0,,0,0,warning_denominator_zero,2.90010924,2.80000000,0.80338904,1.25000000,5.00000000,24441,32906,8465,0.74275208,1932,6036,warning_stem_collisions,62400,11.04132055,2924,1147,21.34062927,21.85497748,0.03769231,0,0.00000000,19863,0.24145728,19269761,416610,0.02161988,success,311,703,-0.38658777,873,0.01477757,416,0.00704178,138,0.00233597,315,0.00533211,538,0.00910691,,,0.00526441,0.01189993,-0.00663552,0.01716433,2708,59076,warning_denominator_zero,warning_denominator_zero,success,exact-then-unique-porter-1.0.0,baek-smart-porter-1.0.0
S2022-164,0000920522,ESS,Essex Property Trust,0000920522-23-000005,2022,2023-02-23,1.0.3,0.3.0,0,0,0.00000000,51722,2516,0,0.00000000,success,,,,,,,,,,,0,warning_denominator_zero,,,,,,,,,warning_denominator_zero,,,,,,0,0,0,,0,0,warning_denominator_zero,2.91579831,2.82000000,0.81576298,1.19000000,5.00000000,19604,26533,6929,0.73885350,1906,4746,warning_stem_collisions,51553,10.85036568,2516,1124,20.49006359,20.96180742,0.05243148,0,0.00000000,16284,0.24004599,7184232,338839,0.04716426,success,232,791,-0.54643206,867,0.01808775,542,0.01130745,78,0.00162727,297,0.00619615,379,0.00790687,,,0.00484009,0.01650220,-0.01166211,0.02134229,2513,47933,warning_denominator_zero,warning_denominator_zero,success,exact-then-unique-porter-1.0.0,baek-smart-porter-1.0.0
S2022-165,0001001250,EL,Estée Lauder Companies (The),0001001250-22-000122,2022,2022-08-24,1.0.3,0.3.0,0,0,0.00000000,56517,2761,0,0.00000000,success,,,,,,,,,,,0,warning_denominator_zero,,,,,,,,,warning_denominator_zero,,,,,,0,0,0,,0,0,warning_denominator_zero,2.91841999,2.82000000,0.82109985,1.26000000,5.00000000,22291,30205,7914,0.73799040,2059,5471,warning_stem_collisions,56436,10.94086253,2761,1206,20.44042014,20.78613266,0.03529662,0,0.00000000,22003,0.28051097,5609905,376314,0.06708028,success,418,679,-0.23792160,850,0.01590896,260,0.00486627,105,0.00196522,271,0.00507215,334,0.00625129,,,0.00782347,0.01270845,-0.00488499,0.02053192,2471,53429,warning_denominator_zero,warning_denominator_zero,success,exact-then-unique-porter-1.0.0,baek-smart-porter-1.0.0
S2022-166,0001370637,ETSY,Etsy,0001370637-23-000017,2022,2023-02-23,1.0.3,0.3.0,1,9,0.11822815,76124,3404,7,0.00205640,success,2,0.00793651,0,0.00000000,2,0.00793651,0,0.00000000,0,0.00000000,252,success,8,5,0.03174603,0.01984127,0.23076923,0.05158730,0.01190476,15,success,3.00645161,2.89000000,0.89578961,1.50000000,4.93000000,124,148,24,0.83783784,80,17,warning_stem_collisions,2.90674517,2.81000000,0.83199970,1.19000000,5.00000000,29722,39502,9780,0.75241760,2815,6798,warning_stem_collisions,76332,11.24284753,3404,1539,22.42420682,20.17400175,0.02825814,9,0.11790599,11823,0.13411605,3849394,502014,0.13041377,success,643,1568,-0.41836273,1603,0.02192676,927,0.01268004,136,0.00186029,700,0.00957501,626,0.00856279,,,0.00879533,0.02144801,-0.01265269,0.03024334,4963,73107,warning_stem_collisions,success,success,exact-then-unique-porter-1.0.0,baek-smart-porter-1.0.0
S2022-167,0001711269,EVRG,Evergy,0001711269-23-000011,2022,2023-02-24,1.0.3,0.3.0,0,0,0.00000000,62636,3167,0,0.00000000,success,,,,,,,,,,,0,warning_denominator_zero,,,,,,,,,warning_denominator_zero,,,,,,0,0,0,,0,0,warning_denominator_zero,2.89449040,2.79000000,0.79074647,1.26000000,5.00000000,24421,35383,10962,0.69019020,1974,5948,warning_stem_collisions,62354,11.04058310,3167,1368,19.68866435,22.31579183,0.03440036,0,0.00000000,23186,0.27105448,10509331,419598,0.03992623,success,183,805,-0.62955466,859,0.01453715,364,0.00616009,109,0.00184464,771,0.01304789,508,0.00859706,,,0.00309697,0.01362329,-0.01052632,0.01672026,3117,59090,warning_denominator_zero,warning_denominator_zero,success,exact-then-unique-porter-1.0.0,baek-smart-porter-1.0.0
S2022-168,0000072741,ES,Eversource Energy,0000072741-23-000004,2022,2023-02-15,1.0.3,0.3.0,0,0,0.00000000,106065,4735,0,0.00000000,success,,,,,,,,,,,0,warning_denominator_zero,,,,,,,,,warning_denominator_zero,,,,,,0,0,0,,0,0,warning_denominator_zero,2.95470350,2.90000000,0.80387816,1.19000000,5.00000000,41973,58859,16886,0.71311099,2525,9776,warning_stem_collisions,106534,11.57621946,4735,1904,22.49926082,21.60187838,0.04780633,0,0.00000000,21898,0.17050268,10493494,711204,0.06777571,success,568,1135,-0.33294187,1019,0.01023020,412,0.00413626,197,0.00197777,1388,0.01393476,661,0.00663608,,,0.00570241,0.01139478,-0.00569237,0.01709719,4815,99607,warning_denominator_zero,warning_denominator_zero,success,exact-then-unique-porter-1.0.0,baek-smart-porter-1.0.0
S2022-169,0001109357,EXC,Exelon,0001109357-23-000018,2022,2023-02-14,1.0.3,0.3.0,0,0,0.00000000,87143,5206,0,0.00000000,success,,,,,,,,,,,0,warning_denominator_zero,,,,,,,,,warning_denominator_zero,,,,,,0,0,0,,0,0,warning_denominator_zero,2.89565553,2.83000000,0.78566391,1.26000000,5.00000000,34110,47812,13702,0.71341923,2222,9122,warning_stem_collisions,86561,11.36860465,5206,2419,16.62716097,21.42083352,0.03977542,0,0.00000000,43478,0.33434585,18915096,589625,0.03117219,success,265,999,-0.58069620,933,0.01141634,373,0.00456409,178,0.00217804,1320,0.01615173,722,0.00883451,,,0.00324258,0.01222392,-0.00898134,0.01546650,4205,81725,warning_denominator_zero,warning_denominator_zero,success,exact-then-unique-porter-1.0.0,baek-smart-porter-1.0.0
S2022-170,0001324424,EXPE,Expedia Group,0001324424-23-000007,2022,2023-02-10,1.0.3,0.3.0,1,2,0.03762086,53162,2332,2,0.00085763,success,1,0.02325581,0,0.00000000,1,0.02325581,0,0.00000000,0,0.00000000,43,success,0,0,0.00000000,0.00000000,,0.00000000,0.00000000,1,success,2.99200000,2.93000000,0.67127938,2.20000000,4.48000000,20,27,7,0.74074074,15,6,warning_stem_collisions,2.92111037,2.84000000,0.83136846,1.26000000,5.00000000,20957,27824,6867,0.75319868,2198,5081,warning_stem_collisions,53029,10.87859421,2332,950,22.73970840,20.78915054,0.03416998,2,0.03771521,8872,0.14332563,3250233,350781,0.10792488,success,311,995,-0.52373660,929,0.01834192,449,0.00886493,95,0.00187565,692,0.01366266,394,0.00777903,,,0.00614030,0.01964501,-0.01350471,0.02578531,3173,50649,warning_stem_collisions,success,success,exact-then-unique-porter-1.0.0,baek-smart-porter-1.0.0
S2022-171,0000746515,EXPD,Expeditors International,0000950170-23-005412,2022,2023-03-01,1.0.3,0.3.0,0,0,0.00000000,43626,2037,0,0.00000000,success,,,,,,,,,,,0,warning_denominator_zero,,,,,,,,,warning_denominator_zero,,,,,,0,0,0,,0,0,warning_denominator_zero,2.93207844,2.82000000,0.82900531,1.19000000,5.00000000,17465,23322,5857,0.74886373,1859,4401,warning_stem_collisions,43490,10.68028631,2037,716,21.35002455,21.01133187,0.02830536,0,0.00000000,4413,0.09212367,3582270,293378,0.08189723,success,248,715,-0.48494289,685,0.01645250,308,0.00739762,94,0.00225772,428,0.01027981,311,0.00746968,,,0.00595653,0.01717305,-0.01121652,0.02312958,2384,41635,warning_denominator_zero,warning_denominator_zero,success,exact-then-unique-porter-1.0.0,baek-smart-porter-1.0.0
S2022-172,0001289490,EXR,Extra Space Storage,0001628280-23-005628,2022,2023-02-28,1.0.3,0.3.0,0,0,0.00000000,35828,1803,0,0.00000000,success,,,,,,,,,,,0,warning_denominator_zero,,,,,,,,,warning_denominator_zero,,,,,,0,0,0,,0,0,warning_denominator_zero,2.88154076,2.75000000,0.80807523,1.19000000,5.00000000,14045,18191,4146,0.77208510,1702,3032,warning_stem_collisions,35706,10.48307402,1803,779,19.80366057,19.86456122,0.03584832,0,0.00000000,8473,0.19178795,3632786,231694,0.06377860,success,160,564,-0.55801105,601,0.01767335,313,0.00920426,91,0.00267600,264,0.00776334,267,0.00785156,,,0.00470505,0.01658531,-0.01188026,0.02129036,1830,34006,warning_denominator_zero,warning_denominator_zero,success,exact-then-unique-porter-1.0.0,baek-smart-porter-1.0.0
S2022-173,0000034088,XOM,ExxonMobil,0000034088-23-000020,2022,2023-02-22,1.0.3,0.3.0,0,0,0.00000000,41473,2344,0,0.00000000,success,,,,,,,,,,,0,warning_denominator_zero,,,,,,,,,warning_denominator_zero,,,,,,0,0,0,,0,0,warning_denominator_zero,2.93384592,2.82000000,0.81457048,1.26000000,5.00000000,16680,22982,6302,0.72578540,1979,4478,warning_stem_collisions,41437,10.63192948,2344,849,17.67790102,21.24887160,0.03540314,0,0.00000000,19439,0.31932124,6699200,283683,0.04234580,success,303,549,-0.28873239,511,0.01306004,202,0.00516268,94,0.00240243,239,0.00610831,339,0.00866409,,,0.00774401,0.01403123,-0.00628722,0.02177524,1883,39127,warning_denominator_zero,warning_denominator_zero,success,exact-then-unique-porter-1.0.0,baek-smart-porter-1.0.0
S2022-174,0001048695,FFIV,"F5, Inc.",0001048695-22-000033,2022,2022-11-15,1.0.3,0.3.0,1,10,0.23752405,42101,2010,7,0.00348259,success,2,0.01075269,0,0.00000000,0,0.00000000,0,0.00000000,0,0.00000000,186,success,2,7,0.01075269,0.03763441,-0.55555556,0.04838710,-0.02688172,10,success,2.87170732,2.61000000,0.80714916,1.40000000,4.93000000,82,135,53,0.60740741,56,23,warning_stem_collisions,2.91500268,2.85000000,0.80007279,1.26000000,5.00000000,16771,22353,5582,0.75027960,2065,4163,warning_stem_collisions,42172,10.64951177,2010,823,20.98109453,20.29792853,0.03701508,10,0.23712416,4692,0.10011949,2411969,282294,0.11703882,success,265,842,-0.52122855,719,0.01796916,375,0.00937195,85,0.00212431,363,0.00907205,330,0.00824732,,,0.00662285,0.02104316,-0.01442031,0.02766601,2436,40013,warning_stem_collisions,success,success,exact-then-unique-porter-1.0.0,baek-smart-porter-1.0.0
S2022-175,0000037785,FMC,FMC Corporation,0000037785-23-000019,2022,2023-02-24,1.0.3,0.3.0,1,2,0.03703635,54001,2798,1,0.00035740,success,0,0.00000000,0,0.00000000,0,0.00000000,0,0.00000000,0,0.00000000,35,success,1,0,0.02857143,0.00000000,1.00000000,0.02857143,0.02857143,1,success,3.25388889,3.24000000,0.89771400,1.83000000,4.76000000,18,25,7,0.72000000,16,5,warning_stem_collisions,2.89152828,2.80000000,0.79922171,1.26000000,5.00000000,21534,28478,6944,0.75616265,2147,5069,warning_stem_collisions,53811,10.89323319,2798,1205,19.23195139,20.40585663,0.03872814,2,0.03716712,13545,0.20109567,5206029,363820,0.06988436,success,309,873,-0.47715736,900,0.01760770,305,0.00596705,109,0.00213249,515,0.01007552,402,0.00786477,,,0.00604531,0.01707947,-0.01103416,0.02312478,2961,51114,warning_stem_collisions,success,success,exact-then-unique-porter-1.0.0,baek-smart-porter-1.0.0
S2022-176,0001013237,FDS,FactSet,0001013237-22-000159,2022,2022-10-21,1.0.3,0.3.0,1,2,0.04065784,49191,2385,2,0.00083857,success,0,0.00000000,0,0.00000000,0,0.00000000,0,0.00000000,0,0.00000000,68,success,2,2,0.02941176,0.02941176,0.00000000,0.05882353,0.00000000,4,success,2.81000000,2.72000000,0.68183190,1.79000000,4.93000000,38,54,16,0.70370370,19,10,warning_stem_collisions,2.88490444,2.75000000,0.80467334,1.26000000,5.00000000,19882,26107,6225,0.76155820,2078,4299,warning_stem_collisions,49136,10.80234724,2385,993,20.60209644,19.63490947,0.03923803,2,0.04070335,7342,0.12999752,2987646,324254,0.10853160,success,352,671,-0.31182796,810,0.01736632,296,0.00634621,118,0.00252991,296,0.00634621,388,0.00831868,,,0.00754685,0.01438618,-0.00683933,0.02193302,2477,46642,warning_stem_collisions,success,success,exact-then-unique-porter-1.0.0,baek-smart-porter-1.0.0
S2022-177,0000815556,FAST,Fastenal,0000815556-23-000009,2022,2023-02-07,1.0.3,0.3.0,0,0,0.00000000,37019,1929,0,0.00000000,success,,,,,,,,,,,0,warning_denominator_zero,,,,,,,,,warning_denominator_zero,,,,,,0,0,0,,0,0,warning_denominator_zero,2.96005697,2.89000000,0.82326180,1.04000000,5.00000000,14570,19134,4564,0.76147173,2077,3401,warning_stem_collisions,37055,10.52015857,1929,697,19.20943494,19.39270966,0.02903792,0,0.00000000,7695,0.17195531,2547482,243523,0.09559361,success,328,520,-0.22641509,557,0.01567733,236,0.00664246,76,0.00213910,170,0.00478482,144,0.00405303,,,0.00923190,0.01463593,-0.00540404,0.02386783,1726,35529,warning_denominator_zero,warning_denominator_zero,success,exact-then-unique-porter-1.0.0,baek-smart-porter-1.0.0
S2022-178,0001048911,FDX,FedEx,0000950170-22-012762,2022,2022-07-18,1.0.3,0.3.0,1,2,0.02517718,79437,3865,1,0.00025873,success,0,0.00000000,0,0.00000000,0,0.00000000,0,0.00000000,0,0.00000000,22,success,1,0,0.04545455,0.00000000,1.00000000,0.04545455,0.04545455,1,success,2.87250000,2.58500000,0.98049414,1.83000000,4.53000000,8,14,6,0.57142857,8,3,warning_stem_collisions,2.94118349,2.85000000,0.82401374,1.19000000,5.00000000,31500,42478,10978,0.74156034,2493,7193,warning_stem_collisions,79101,11.27848080,3865,1249,20.46597671,20.01260014,0.03599196,2,0.02528413,15608,0.16479954,9015250,530659,0.05886237,success,507,1036,-0.34283863,1281,0.01704954,657,0.00874438,153,0.00203636,749,0.00996886,557,0.00741342,,,0.00674794,0.01378870,-0.00704075,0.02053664,4041,75134,warning_stem_collisions,success,success,exact-then-unique-porter-1.0.0,baek-smart-porter-1.0.0
S2022-179,0000034903,FRT,Federal Realty Investment Trust,0000034903-23-000020,2022,2023-02-08,1.0.3,0.3.0,0,0,0.00000000,43211,2119,0,0.00000000,success,,,,,,,,,,,0,warning_denominator_zero,,,,,,,,,warning_denominator_zero,,,,,,0,0,0,,0,0,warning_denominator_zero,2.85818818,2.74000000,0.79707913,1.19000000,5.00000000,17016,21860,4844,0.77840805,1721,3652,warning_stem_collisions,42945,10.66767551,2119,1081,20.26663521,20.76709096,0.04338107,0,0.00000000,15668,0.26731271,4934406,280298,0.05680481,success,225,545,-0.41558442,747,0.01835471,369,0.00906678,94,0.00230970,237,0.00582338,338,0.00830508,,,0.00552853,0.01339132,-0.00786279,0.01891985,2112,40698,warning_denominator_zero,warning_denominator_zero,success,exact-then-unique-porter-1.0.0,baek-smart-porter-1.0.0
S2022-180,0001136893,FIS,Fidelity National Information Services,0001136893-23-000028,2022,2023-02-27,1.0.3,0.3.0,1,5,0.09591038,52132,2421,3,0.00123916,success,2,0.02105263,2,0.02105263,0,0.00000000,0,0.00000000,0,0.00000000,95,success,0,1,0.00000000,0.01052632,-1.00000000,0.01052632,-0.01052632,5,success,2.85607843,2.81000000,0.81403155,1.63000000,4.90000000,51,62,11,0.82258065,33,8,warning_stem_collisions,2.84791882,2.72000000,0.79737608,1.19000000,5.00000000,20916,27849,6933,0.75105031,2087,5220,warning_stem_collisions,51996,10.85892207,2421,986,21.47707559,21.42054152,0.02623279,5,0.09616124,8931,0.14658526,3295894,353148,0.10714786,success,272,1044,-0.58662614,897,0.01798929,388,0.00778132,116,0.00232637,635,0.01273489,515,0.01032830,,,0.00545495,0.02093737,-0.01548242,0.02639231,3271,49863,warning_stem_collisions,success,success,exact-then-unique-porter-1.0.0,baek-smart-porter-1.0.0
S2022-181,0000035527,FITB,Fifth Third Bancorp,0000035527-23-000122,2022,2023-02-24,1.0.3,0.3.0,0,0,0.00000000,107978,5080,0,0.00000000,success,,,,,,,,,,,0,warning_denominator_zero,,,,,,,,,warning_denominator_zero,,,,,,0,0,0,,0,0,warning_denominator_zero,2.82761504,2.72000000,0.77711271,1.26000000,4.97000000,41397,57426,16029,0.72087556,2552,10357,warning_stem_collisions,107651,11.58664979,5080,2146,21.19114173,21.03165173,0.04096571,0,0.00000000,28507,0.20936706,11322049,718590,0.06346819,success,408,2148,-0.68075117,1876,0.01855478,711,0.00703222,179,0.00177042,1136,0.01123573,745,0.00736850,,,0.00403537,0.02124503,-0.01720966,0.02528040,6151,101106,warning_denominator_zero,warning_denominator_zero,success,exact-then-unique-porter-1.0.0,baek-smart-porter-1.0.0
S2022-182,0001274494,FSLR,First Solar,0001274494-23-000002,2022,2023-02-28,1.0.3,0.3.0,0,0,0.00000000,59869,2540,0,0.00000000,success,,,,,,,,,,,0,warning_denominator_zero,,,,,,,,,warning_denominator_zero,,,,,,0,0,0,,0,0,warning_denominator_zero,2.91284080,2.86000000,0.80939500,1.26000000,5.00000000,23951,31635,7684,0.75710447,2200,5815,warning_stem_collisions,59848,10.99956329,2540,986,23.56220472,21.52185090,0.02833846,0,0.00000000,7056,0.10546455,3457926,399463,0.11552098,success,373,1143,-0.50791557,1096,0.01902150,590,0.01023968,121,0.00210000,694,0.01204464,519,0.00900745,,,0.00647356,0.01983721,-0.01336365,0.02631077,3723,57619,warning_denominator_zero,warning_denominator_zero,success,exact-then-unique-porter-1.0.0,baek-smart-porter-1.0.0
S2022-183,0001031296,FE,FirstEnergy,0001031296-23-000014,2022,2023-02-13,1.0.3,0.3.0,0,0,0.00000000,79142,3511,0,0.00000000,success,,,,,,,,,,,0,warning_denominator_zero,,,,,,,,,warning_denominator_zero,,,,,,0,0,0,,0,0,warning_denominator_zero,2.88611826,2.80000000,0.79191808,1.04000000,5.00000000,29376,42384,13008,0.69309173,2315,7330,warning_stem_collisions,79225,11.28004718,3511,1304,22.56479635,21.36664629,0.04570527,0,0.00000000,14454,0.15429285,5194900,524910,0.10104333,success,373,1500,-0.60170849,1224,0.01645803,577,0.00775840,248,0.00333463,1492,0.02006158,711,0.00956018,,,0.00501540,0.02016915,-0.01515376,0.02518455,5269,74371,warning_denominator_zero,warning_denominator_zero,success,exact-then-unique-porter-1.0.0,baek-smart-porter-1.0.0
S2022-184,0000798354,FISV,Fiserv,0000798354-23-000004,2022,2023-02-23,1.0.3,0.3.0,0,0,0.00000000,54395,2328,0,0.00000000,success,,,,,,,,,,,0,warning_denominator_zero,,,,,,,,,warning_denominator_zero,,,,,,0,0,0,,0,0,warning_denominator_zero,2.90833326,2.82000000,0.80713021,1.19000000,5.00000000,21647,28899,7252,0.74905706,2045,5480,warning_stem_collisions,54233,10.90104486,2328,933,23.29596220,21.58921700,0.03545812,0,0.00000000,7427,0.12045086,3722891,366594,0.09847025,success,404,812,-0.33552632,780,0.01513946,355,0.00689039,76,0.00147513,542,0.01051998,444,0.00861785,,,0.00784146,0.01576056,-0.00791910,0.02360203,2931,51521,warning_denominator_zero,warning_denominator_zero,success,exact-then-unique-porter-1.0.0,baek-smart-porter-1.0.0
S2022-185,0000037996,F,Ford Motor Company,0000037996-23-000012,2022,2023-02-03,1.0.3,0.3.0,1,49,0.67653394,72428,3757,34,0.00904977,success,8,0.00802407,1,0.00100301,0,0.00000000,2,0.00200602,14,0.01404213,997,success,17,13,0.01705115,0.01303912,0.13333333,0.03009027,0.00401204,50,success,2.89155989,2.75000000,0.83620999,1.26000000,4.81000000,359,563,204,0.63765542,151,76,warning_stem_collisions,2.96181585,2.85000000,0.84195326,1.26000000,5.00000000,30052,39681,9629,0.75733978,2421,6847,warning_stem_collisions,72233,11.18765228,3757,1592,19.22624434,19.83124720,0.02991707,49,0.67836031,16444,0.18543704,7086382,484740,0.06840444,success,397,1426,-0.56445420,1122,0.01626818,450,0.00652467,139,0.00201540,631,0.00914904,606,0.00878656,,,0.00575621,0.02067596,-0.01491975,0.02643217,4100,68969,warning_stem_collisions,success,success,exact-then-unique-porter-1.0.0,baek-smart-porter-1.0.0
S2022-186,0001262039,FTNT,Fortinet,0001262039-23-000010,2022,2023-02-24,1.0.3,0.3.0,1,11,0.17135024,64196,2798,9,0.00321658,success,0,0.00000000,1,0.00262467,0,0.00000000,0,0.00000000,0,0.00000000,381,success,5,14,0.01312336,0.03674541,-0.47368421,0.04986877,-0.02362205,20,success,3.09406977,2.93000000,0.76730028,1.64000000,4.89000000,172,246,74,0.69918699,77,38,warning_stem_collisions,2.88056886,2.82000000,0.79706990,1.26000000,5.00000000,25314,34047,8733,0.74350163,2322,6550,warning_stem_collisions,64033,11.06715385,2798,1304,22.88527520,20.80654220,0.01941187,11,0.17178642,5905,0.08443193,3116788,432600,0.13879674,success,375,1867,-0.66547725,1340,0.02158714,844,0.01359667,118,0.00190096,671,0.01080968,505,0.00813545,,,0.00604118,0.03007700,-0.02403583,0.03611818,4600,62074,warning_stem_collisions,success,success,exact-then-unique-porter-1.0.0,baek-smart-porter-1.0.0
S2022-187,0001659166,FTV,Fortive,0001659166-23-000080,2022,2023-02-28,1.0.3,0.3.0,0,0,0.00000000,56290,2349,0,0.00000000,success,,,,,,,,,,,0,warning_denominator_zero,,,,,,,,,warning_denominator_zero,,,,,,0,0,0,,0,0,warning_denominator_zero,2.84958685,2.75000000,0.78391475,1.04000000,5.00000000,22268,29563,7295,0.75323885,2077,5390,warning_stem_collisions,56076,10.93446319,2349,1081,23.87228608,21.74752878,0.03801983,0,0.00000000,8610,0.13310454,3874594,377138,0.09733613,success,329,1226,-0.57684887,1001,0.01882180,469,0.00881861,109,0.00204953,707,0.01329372,450,0.00846135,,,0.00618619,0.02305248,-0.01686629,0.02923867,3579,53183,warning_denominator_zero,warning_denominator_zero,success,exact-then-unique-porter-1.0.0,baek-smart-porter-1.0.0
S2022-188,0001754301,FOXA|FOX,Fox Corporation (Class A)|Fox Corporation (Class B),0001628280-22-022584,2022,2022-08-12,1.0.3,0.3.0,0,0,0.00000000,48715,2245,0,0.00000000,success,,,,,,,,,,,0,warning_denominator_zero,,,,,,,,,warning_denominator_zero,,,,,,0,0,0,,0,0,warning_denominator_zero,3.01224842,2.92000000,0.88851502,1.04000000,5.00000000,20063,26889,6826,0.74614154,2167,4528,warning_stem_collisions,48849,10.79648919,2245,980,21.75902004,21.12879841,0.03017462,0,0.00000000,10278,0.17382922,3504204,328000,0.09360186,success,250,794,-0.52107280,726,0.01562870,348,0.00749144,89,0.00191592,462,0.00994554,332,0.00714701,,,0.00538178,0.01709255,-0.01171076,0.02247433,2499,46453,warning_denominator_zero,warning_denominator_zero,success,exact-then-unique-porter-1.0.0,baek-smart-porter-1.0.0
S2022-189,0000038777,BEN,Franklin Resources,0000038777-22-000198,2022,2022-11-14,1.0.3,0.3.0,0,0,0.00000000,44552,1962,0,0.00000000,success,,,,,,,,,,,0,warning_denominator_zero,,,,,,,,,warning_denominator_zero,,,,,,0,0,0,,0,0,warning_denominator_zero,2.86169162,2.76000000,0.79171496,1.19000000,5.00000000,17835,24066,6231,0.74108701,1869,4260,warning_stem_collisions,44570,10.70481627,1962,805,22.71661570,21.91399581,0.02667714,0,0.00000000,9337,0.17320571,3684616,301819,0.08191328,success,198,785,-0.59715158,805,0.01883349,391,0.00914770,69,0.00161430,584,0.01366306,376,0.00879676,,,0.00463234,0.01836558,-0.01373324,0.02299792,2657,42743,warning_denominator_zero,warning_denominator_zero,success,exact-then-unique-porter-1.0.0,baek-smart-porter-1.0.0
S2022-190,0000831259,FCX,Freeport-McMoRan,0000831259-23-000013,2022,2023-02-15,1.0.3,0.3.0,0,0,0.00000000,92432,4404,0,0.00000000,success,,,,,,,,,,,0,warning_denominator_zero,,,,,,,,,warning_denominator_zero,,,,,,0,0,0,,0,0,warning_denominator_zero,3.02964833,2.90000000,0.88622876,1.19000000,5.00000000,35516,50358,14842,0.70527026,2798,9121,warning_stem_collisions,92256,11.43232260,4404,1643,20.94822888,20.04731655,0.04321670,0,0.00000000,16946,0.15518031,8060973,611287,0.07583291,success,427,1373,-0.52555556,1517,0.01751692,545,0.00629316,248,0.00286368,1059,0.01222836,654,0.00755179,,,0.00493060,0.01585414,-0.01092354,0.02078474,5019,86602,warning_denominator_zero,warning_denominator_zero,success,exact-then-unique-porter-1.0.0,baek-smart-porter-1.0.0
S2022-191,0000040545,GE,GE Aerospace,0000040545-23-000023,2022,2023-02-10,1.0.3,0.3.0,1,2,0.03746581,53382,2277,1,0.00043917,success,0,0.00000000,0,0.00000000,0,0.00000000,0,0.00000000,0,0.00000000,50,success,1,0,0.02000000,0.00000000,1.00000000,0.02000000,0.02000000,1,success,2.91782609,2.81000000,0.80688320,1.68000000,4.48000000,23,31,8,0.74193548,21,2,warning_stem_collisions,2.86229729,2.79000000,0.79320341,1.04000000,5.00000000,21225,28488,7263,0.74505055,2179,5303,warning_stem_collisions,53146,10.88079812,2277,740,23.34036012,22.52047172,0.04316411,2,0.03763218,15708,0.22813489,5691329,355652,0.06249015,success,308,1066,-0.55167394,830,0.01656290,285,0.00568726,137,0.00273388,640,0.01277139,351,0.00700431,,,0.00614623,0.02127235,-0.01512612,0.02741858,3126,50112,warning_stem_collisions,success,success,exact-then-unique-porter-1.0.0,baek-smart-porter-1.0.0
S2022-192,0001121788,GRMN,Garmin,0000950170-23-003566,2022,2023-02-22,1.0.3,0.3.0,1,1,0.01928826,51845,2271,1,0.00044033,success,0,0.00000000,1,0.04347826,0,0.00000000,0,0.00000000,0,0.00000000,23,success,0,0,0.00000000,0.00000000,,0.00000000,0.00000000,1,success,3.75000000,3.59000000,0.86557990,2.57000000,4.79000000,7,16,9,0.43750000,5,1,warning_stem_collisions,2.93349723,2.86000000,0.82553220,1.26000000,5.00000000,19850,27096,7246,0.73258045,2049,4926,warning_stem_collisions,51576,10.85081173,2271,756,22.71070013,20.90949928,0.04094928,1,0.01938886,6951,0.11876570,5345916,343607,0.06427467,success,239,960,-0.60133445,813,0.01669542,382,0.00784459,97,0.00199195,419,0.00860440,387,0.00794726,,,0.00490800,0.01971414,-0.01480614,0.02462215,2742,48696,warning_stem_collisions,success,success,exact-then-unique-porter-1.0.0,baek-smart-porter-1.0.0
S2022-193,0000749251,IT,Gartner,0000749251-23-000006,2022,2023-02-16,1.0.3,0.3.0,1,2,0.05319007,37601,1874,1,0.00053362,success,1,0.02857143,0,0.00000000,1,0.02857143,0,0.00000000,0,0.00000000,35,success,0,1,0.00000000,0.02857143,-1.00000000,0.02857143,-0.02857143,2,success,2.96058824,3.00000000,0.67999542,1.81000000,4.25000000,17,18,1,0.94444444,17,1,warning_stem_collisions,2.86360104,2.76000000,0.79811372,1.19000000,5.00000000,14618,19473,4855,0.75068043,1823,3514,warning_stem_collisions,37415,10.52982697,1874,682,19.96531483,20.37142436,0.04516905,2,0.05345450,6416,0.14638042,2828594,251794,0.08901737,success,230,596,-0.44309927,579,0.01650419,260,0.00741121,78,0.00222336,421,0.01200046,280,0.00798130,,,0.00655607,0.01698877,-0.01043270,0.02354484,2077,35082,warning_stem_collisions,success,success,exact-then-unique-porter-1.0.0,baek-smart-porter-1.0.0
S2022-194,0000849399,GEN,Gen Digital,0000849399-22-000013,2022,2022-05-20,1.0.3,0.3.0,0,0,0.00000000,43668,2144,0,0.00000000,success,,,,,,,,,,,0,warning_denominator_zero,,,,,,,,,warning_denominator_zero,,,,,,0,0,0,,0,0,warning_denominator_zero,2.85997939,2.75000000,0.80447841,1.19000000,5.00000000,16982,22364,5382,0.75934538,2122,3934,warning_stem_collisions,43502,10.68056219,2144,954,20.29011194,19.83594064,0.03404441,0,0.00000000,7894,0.15359172,2869612,286373,0.09979502,success,271,1087,-0.60088365,772,0.01854165,445,0.01068787,105,0.00252186,566,0.01359401,302,0.00725334,,,0.00650879,0.02610721,-0.01959842,0.03261601,2898,41636,warning_denominator_zero,warning_denominator_zero,success,exact-then-unique-porter-1.0.0,baek-smart-porter-1.0.0
S2022-195,0001474735,GNRC,Generac,0001437749-23-004153,2022,2023-02-22,1.0.3,0.3.0,0,0,0.00000000,45297,2171,0,0.00000000,success,,,,,,,,,,,0,warning_denominator_zero,,,,,,,,,warning_denominator_zero,,,,,,0,0,0,,0,0,warning_denominator_zero,2.92657339,2.85000000,0.81691311,1.26000000,5.00000000,18190,23941,5751,0.75978447,2089,4190,warning_stem_collisions,45083,10.71626051,2171,698,20.76600645,21.53205674,0.03422576,0,0.00000000,12838,0.22164673,3033170,301101,0.09926941,success,267,728,-0.46331658,680,0.01582536,270,0.00628360,84,0.00195490,356,0.00828504,275,0.00639996,,,0.00621378,0.01694245,-0.01072866,0.02315623,2252,42969,warning_denominator_zero,warning_denominator_zero,success,exact-then-unique-porter-1.0.0,baek-smart-porter-1.0.0
S2022-196,0000040533,GD,General Dynamics,0000040533-23-000014,2022,2023-02-07,1.0.3,0.3.0,1,7,0.20168261,34708,1937,5,0.00258131,success,0,0.00000000,1,0.00714286,0,0.00000000,0,0.00000000,0,0.00000000,140,success,3,1,0.02142857,0.00714286,0.50000000,0.02857143,0.01428571,4,success,3.07066667,2.98000000,0.78485852,1.80000000,4.93000000,60,99,39,0.60606061,49,16,warning_stem_collisions,2.95344143,2.87000000,0.83295004,1.26000000,5.00000000,13445,18279,4834,0.73554352,1903,3463,warning_stem_collisions,34756,10.45610750,1937,791,17.94321115,19.68477052,0.03429624,7,0.20140407,8355,0.19380205,3323993,233906,0.07036898,success,235,385,-0.24193548,436,0.01326760,139,0.00422981,50,0.00152151,488,0.01484998,260,0.00791187,,,0.00715112,0.01171566,-0.00456454,0.01886678,1766,32862,warning_stem_collisions,success,success,exact-then-unique-porter-1.0.0,baek-smart-porter-1.0.0
S2022-197,0000040704,GIS,General Mills,0001193125-22-185257,2022,2022-06-30,1.0.3,0.3.0,0,0,0.00000000,36802,6905,0,0.00000000,success,,,,,,,,,,,0,warning_denominator_zero,,,,,,,,,warning_denominator_zero,,,,,,0,0,0,,0,0,warning_denominator_zero,2.94588422,2.82000000,0.84802306,1.26000000,5.00000000,12938,17098,4160,0.75669669,1222,2821,warning_stem_collisions,33079,10.40665392,6905,6205,4.79058653,12.09998822,0.16669186,0,0.00000000,0,0.00000000,4418218,230891,0.05225885,success,146,511,-0.55555556,570,0.02100453,305,0.01123927,16,0.00058960,185,0.00681726,207,0.00762796,,,0.00538011,0.01883038,-0.01345027,0.02421049,1532,27137,warning_denominator_zero,warning_denominator_zero,success,exact-then-unique-porter-1.0.0,baek-smart-porter-1.0.0
S2022-198,0001467858,GM,General Motors,0001467858-23-000029,2022,2023-01-31,1.0.3,0.3.0,0,0,0.00000000,51525,2393,0,0.00000000,success,,,,,,,,,,,0,warning_denominator_zero,,,,,,,,,warning_denominator_zero,,,,,,0,0,0,,0,0,warning_denominator_zero,2.92358859,2.82000000,0.83974030,1.25000000,5.00000000,21064,28069,7005,0.75043642,2264,4932,warning_stem_collisions,51361,10.84663441,2393,943,21.46301713,21.57543656,0.03642842,0,0.00000000,12812,0.19964783,5169544,343221,0.06639290,success,316,918,-0.48784441,853,0.01746233,364,0.00745169,128,0.00262037,456,0.00933508,408,0.00835244,,,0.00646905,0.01879299,-0.01232394,0.02526204,2905,48848,warning_denominator_zero,warning_denominator_zero,success,exact-then-unique-porter-1.0.0,baek-smart-porter-1.0.0
S2022-199,0000040987,GPC,Genuine Parts Company,0000040987-23-000008,2022,2023-02-23,1.0.3,0.3.0,0,0,0.00000000,33726,1746,0,0.00000000,success,,,,,,,,,,,0,warning_denominator_zero,,,,,,,,,warning_denominator_zero,,,,,,0,0,0,,0,0,warning_denominator_zero,2.89890692,2.82000000,0.80607742,1.30000000,4.97000000,13494,17728,4234,0.76116877,1828,3269,warning_stem_collisions,33630,10.42317380,1746,707,19.26116838,20.43049037,0.03687184,0,0.00000000,7929,0.19078900,2840543,224554,0.07905320,success,221,579,-0.44750000,611,0.01903308,226,0.00704006,46,0.00143293,239,0.00744502,243,0.00756962,,,0.00688431,0.01803626,-0.01115195,0.02492057,1809,32102,warning_denominator_zero,warning_denominator_zero,success,exact-then-unique-porter-1.0.0,baek-smart-porter-1.0.0
S2022-200,0000882095,GILD,Gilead Sciences,0000882095-23-000007,2022,2023-02-22,1.0.3,0.3.0,0,0,0.00000000,50615,2380,0,0.00000000,success,,,,,,,,,,,0,warning_denominator_zero,,,,,,,,,warning_denominator_zero,,,,,,0,0,0,,0,0,warning_denominator_zero,2.87388140,2.79000000,0.80106239,1.19000000,5.00000000,18988,26108,7120,0.72728666,2143,4485,warning_stem_collisions,50598,10.83166733,2380,1062,21.25966387,20.75821723,0.03460611,0,0.00000000,9825,0.16260364,4076167,337712,0.08285038,success,384,1025,-0.45493258,909,0.01887263,431,0.00894841,122,0.00253296,777,0.01613205,355,0.00737050,,,0.00797259,0.02128101,-0.01330842,0.02925361,3305,48165,warning_denominator_zero,warning_denominator_zero,success,exact-then-unique-porter-1.0.0,baek-smart-porter-1.0.0
S2022-201,0001123360,GPN,Global Payments,0001123360-23-000009,2022,2023-02-17,1.0.3,0.3.0,1,2,0.03498767,57163,2328,1,0.00042955,success,2,0.07407407,1,0.03703704,0,0.00000000,0,0.00000000,0,0.00000000,27,success,1,0,0.03703704,0.00000000,1.00000000,0.03703704,0.03703704,4,success,2.72000000,2.59000000,0.64877399,1.63000000,4.25000000,13,17,4,0.76470588,12,4,warning_stem_collisions,2.86456691,2.79000000,0.77469739,1.26000000,4.97000000,22882,29743,6861,0.76932387,2017,5514,warning_stem_collisions,56910,10.94922635,2328,914,24.44587629,21.99187781,0.03718151,2,0.03514321,7695,0.11910843,3202804,380231,0.11871816,success,270,972,-0.56521739,938,0.01728522,462,0.00851362,93,0.00171378,549,0.01011683,503,0.00926916,,,0.00497549,0.01791177,-0.01293628,0.02288726,3172,54266,warning_stem_collisions,success,success,exact-then-unique-porter-1.0.0,baek-smart-porter-1.0.0
S2022-202,0000320335,GL,Globe Life,0000320335-23-000008,2022,2023-02-23,1.0.3,0.3.0,0,0,0.00000000,43275,2674,0,0.00000000,success,,,,,,,,,,,0,warning_denominator_zero,,,,,,,,,warning_denominator_zero,,,,,,0,0,0,,0,0,warning_denominator_zero,2.88841781,2.80000000,0.79304629,1.26000000,5.00000000,18329,23503,5174,0.77985789,1790,3781,warning_stem_collisions,43234,10.67438250,2674,1278,16.16828721,19.38595408,0.04336865,0,0.00000000,13885,0.24308899,6621790,287276,0.04338344,success,230,682,-0.49561404,492,0.01208786,170,0.00417670,120,0.00294826,390,0.00958184,323,0.00793573,,,0.00565083,0.01675593,-0.01110511,0.02240676,2068,40702,warning_denominator_zero,warning_denominator_zero,success,exact-then-unique-porter-1.0.0,baek-smart-porter-1.0.0
S2022-203,0000886982,GS,Goldman Sachs,0000886982-23-000003,2022,2023-02-24,1.0.3,0.3.0,0,0,0.00000000,180860,8270,0,0.00000000,success,,,,,,,,,,,0,warning_denominator_zero,,,,,,,,,warning_denominator_zero,,,,,,0,0,0,,0,0,warning_denominator_zero,2.87476241,2.74000000,0.80011063,1.19000000,5.00000000,71088,97042,25954,0.73254879,2734,17778,warning_stem_collisions,180204,12.10184482,8270,3271,21.79008464,20.51063155,0.03357306,0,0.00000000,25238,0.12284732,12826567,1209697,0.09431183,success,828,4178,-0.66919696,3243,0.01891723,932,0.00543659,231,0.00134748,2768,0.01614644,1647,0.00960736,,,0.00482993,0.02437132,-0.01954139,0.02920125,11871,171431,warning_denominator_zero,warning_denominator_zero,success,exact-then-unique-porter-1.0.0,baek-smart-porter-1.0.0
S2022-204,0000860730,HCA,HCA Healthcare,0000950170-23-003234,2022,2023-02-17,1.0.3,0.3.0,1,2,0.02670084,74904,3403,1,0.00029386,success,0,0.00000000,0,0.00000000,0,0.00000000,0,0.00000000,0,0.00000000,17,success,1,0,0.05882353,0.00000000,1.00000000,0.05882353,0.05882353,1,success,2.87333333,2.93000000,0.83962955,1.82000000,4.25000000,9,11,2,0.81818182,9,2,warning_stem_collisions,2.82500300,2.72000000,0.76369195,1.26000000,5.00000000,29956,40386,10430,0.74174219,2297,7732,warning_stem_collisions,74466,11.21809792,3403,1090,21.88245666,21.81338471,0.03966911,2,0.02685789,14727,0.16511385,6217139,503655,0.08101074,success,385,1615,-0.61500000,1154,0.01630796,665,0.00939757,153,0.00216215,1020,0.01441431,704,0.00994870,,,0.00544070,0.02282266,-0.01738197,0.02826336,4714,70763,warning_stem_collisions,success,success,exact-then-unique-porter-1.0.0,baek-smart-porter-1.0.0
S2022-205,0000047217,HPQ,HP Inc.,0000047217-22-000068,2022,2022-12-06,1.0.3,0.3.0,0,0,0.00000000,56423,2869,0,0.00000000,success,,,,,,,,,,,0,warning_denominator_zero,,,,,,,,,warning_denominator_zero,,,,,,0,0,0,,0,0,warning_denominator_zero,2.87673456,2.79000000,0.80406166,1.19000000,5.00000000,22732,30883,8151,0.73606839,2323,5773,warning_stem_collisions,56346,10.93926653,2869,1336,19.63959568,20.10506393,0.02717141,0,0.00000000,11297,0.16700915,4826652,381219,0.07898208,success,361,1212,-0.54100445,1169,0.02166058,573,0.01061721,85,0.00157498,717,0.01328540,419,0.00776372,,,0.00668903,0.02245734,-0.01576831,0.02914636,3733,53969,warning_denominator_zero,warning_denominator_zero,success,exact-then-unique-porter-1.0.0,baek-smart-porter-1.0.0
S2022-206,0000045012,HAL,Halliburton,0000045012-23-000011,2022,2023-02-07,1.0.3,0.3.0,1,1,0.03431356,29143,1716,1,0.00058275,success,0,0.00000000,0,0.00000000,0,0.00000000,0,0.00000000,0,0.00000000,28,success,0,0,0.00000000,0.00000000,,0.00000000,0.00000000,0,success,3.33133333,3.41000000,0.81416515,1.85000000,4.75000000,15,19,4,0.78947368,15,4,warning_stem_collisions,2.91354946,2.80000000,0.82813100,1.19000000,5.00000000,11444,15127,3683,0.75652806,1749,2864,warning_stem_collisions,28976,10.27422318,1716,715,16.88578089,19.61559708,0.04248343,1,0.03451132,9349,0.24393999,2444192,192252,0.07865667,success,133,527,-0.59696970,496,0.01804424,212,0.00771246,45,0.00163708,255,0.00927678,275,0.01000437,,,0.00483847,0.01917200,-0.01433353,0.02401048,1637,27488,warning_stem_collisions,success,success,exact-then-unique-porter-1.0.0,baek-smart-porter-1.0.0
S2022-207,0000874766,HIG,Hartford (The),0000874766-23-000023,2022,2023-02-24,1.0.3,0.3.0,1,1,0.00787123,127045,6191,1,0.00016152,success,1,0.05882353,0,0.00000000,0,0.00000000,0,0.00000000,0,0.00000000,17,success,1,0,0.05882353,0.00000000,1.00000000,0.05882353,0.05882353,2,success,2.63100000,2.49000000,0.59773656,1.63000000,3.93000000,10,12,2,0.83333333,10,2,warning_stem_collisions,2.85209289,2.75000000,0.77765860,1.26000000,5.00000000,52578,69938,17360,0.75178015,2585,12443,warning_stem_collisions,126288,11.74632029,6191,2636,20.39864319,21.55565420,0.03245756,1,0.00791841,31673,0.20051152,13001752,852956,0.06560316,success,675,3867,-0.70277411,2367,0.01966862,718,0.00596623,225,0.00186964,1812,0.01505684,826,0.00686366,,,0.00560892,0.03213289,-0.02652396,0.03774181,9065,120344,warning_stem_collisions,success,success,exact-then-unique-porter-1.0.0,baek-smart-porter-1.0.0
S2022-208,0000046080,HAS,Hasbro,0000046080-23-000017,2022,2023-02-22,1.0.3,0.3.0,0,0,0.00000000,66612,2964,0,0.00000000,success,,,,,,,,,,,0,warning_denominator_zero,,,,,,,,,warning_denominator_zero,,,,,,0,0,0,,0,0,warning_denominator_zero,2.99262964,2.90000000,0.83231983,1.19000000,5.00000000,26323,34754,8431,0.75740922,2282,6117,warning_stem_collisions,66252,11.10122093,2964,1279,22.35222672,20.44545203,0.04205156,0,0.00000000,8661,0.11561411,3494310,440759,0.12613620,success,447,980,-0.37351086,850,0.01361329,383,0.00613399,108,0.00172969,314,0.00502891,460,0.00736719,,,0.00715899,0.01569532,-0.00853633,0.02285431,2959,62439,warning_denominator_zero,warning_denominator_zero,success,exact-then-unique-porter-1.0.0,baek-smart-porter-1.0.0
S2022-209,0000765880,PEAK,Healthpeak Properties,0001628280-23-002794,2022,2023-02-08,1.0.3,0.3.0,0,0,0.00000000,63735,2852,0,0.00000000,success,,,,,,,,,,,0,warning_denominator_zero,,,,,,,,,warning_denominator_zero,,,,,,0,0,0,,0,0,warning_denominator_zero,2.88501804,2.79000000,0.80511967,1.19000000,5.00000000,25221,33792,8571,0.74636009,2111,6039,warning_stem_collisions,63243,11.05473973,2852,1409,22.17496494,21.23497008,0.03654159,0,0.00000000,16396,0.20587903,10256201,423159,0.04125884,success,334,1296,-0.59018405,980,0.01628015,551,0.00915343,113,0.00187720,594,0.00986777,608,0.01010034,,,0.00554854,0.02152967,-0.01598113,0.02707821,3697,60196,warning_denominator_zero,warning_denominator_zero,success,exact-then-unique-porter-1.0.0,baek-smart-porter-1.0.0
S2022-210,0001000228,HSIC,Henry Schein,0001000228-23-000011,2022,2023-02-21,1.0.3,0.3.0,0,0,0.00000000,38893,4765,0,0.00000000,success,,,,,,,,,,,0,warning_denominator_zero,,,,,,,,,warning_denominator_zero,,,,,,0,0,0,,0,0,warning_denominator_zero,2.93459528,2.89000000,0.79143600,1.26000000,5.00000000,14689,19550,4861,0.75135550,1595,3102,warning_stem_collisions,36701,10.51055928,4765,4146,7.70220357,14.71872305,0.11332116,0,0.00000000,0,0.00000000,3547057,251440,0.07088694,success,121,440,-0.56862745,402,0.01254682,111,0.00346442,44,0.00137328,384,0.01198502,233,0.00727216,,,0.00377653,0.01373283,-0.00995630,0.01750936,1527,32040,warning_denominator_zero,warning_denominator_zero,success,exact-then-unique-porter-1.0.0,baek-smart-porter-1.0.0
S2022-211,0000047111,HSY,Hershey Company (The),0000047111-23-000012,2022,2023-02-17,1.0.3,0.3.0,0,0,0.00000000,40919,2317,0,0.00000000,success,,,,,,,,,,,0,warning_denominator_zero,,,,,,,,,warning_denominator_zero,,,,,,0,0,0,,0,0,warning_denominator_zero,2.95782852,2.86000000,0.84636735,1.19000000,5.00000000,16422,21948,5526,0.74822307,1937,4019,warning_stem_collisions,40788,10.61614320,2317,1041,17.60379801,19.57413297,0.04126214,0,0.00000000,11728,0.22332242,3847491,275964,0.07172570,success,268,450,-0.25348189,598,0.01555226,192,0.00499337,61,0.00158643,270,0.00702192,261,0.00678786,,,0.00696991,0.01170321,-0.00473330,0.01867312,1813,38451,warning_denominator_zero,warning_denominator_zero,success,exact-then-unique-porter-1.0.0,baek-smart-porter-1.0.0
S2022-212,0001645590,HPE,Hewlett Packard Enterprise,0001645590-22-000071,2022,2022-12-08,1.0.3,0.3.0,1,85,1.22963863,69126,3186,67,0.02102950,success,22,0.01053640,4,0.00191571,13,0.00622605,0,0.00000000,22,0.01053640,2088,success,16,53,0.00766284,0.02538314,-0.53623188,0.03304598,-0.01772031,99,success,2.98757932,2.90000000,0.79747635,1.30000000,4.93000000,851,1292,441,0.65866873,324,229,warning_stem_collisions,2.90456399,2.81000000,0.81629910,1.19000000,5.00000000,27706,37831,10125,0.73236235,2440,6816,warning_stem_collisions,69059,11.14271649,3186,1443,21.67576899,21.26519201,0.02813536,85,1.23083161,12983,0.15824821,5535497,467453,0.08444644,success,437,1336,-0.50705020,1249,0.01894031,566,0.00858304,105,0.00159226,716,0.01085770,519,0.00787031,,,0.00662683,0.02025961,-0.01363278,0.02688645,4099,65944,warning_stem_collisions,success,success,exact-then-unique-porter-1.0.0,baek-smart-porter-1.0.0
S2022-213,0001585689,HLT,Hilton Worldwide,0001585689-23-000036,2022,2023-02-09,1.0.3,0.3.0,0,0,0.00000000,54767,2322,0,0.00000000,success,,,,,,,,,,,0,warning_denominator_zero,,,,,,,,,warning_denominator_zero,,,,,,0,0,0,,0,0,warning_denominator_zero,2.90064082,2.76000000,0.85142539,1.23000000,5.00000000,21457,28444,6987,0.75435944,2408,5171,warning_stem_collisions,54670,10.90907039,2322,1062,23.54435831,21.69999468,0.02520578,0,0.00000000,12675,0.18820996,3651640,361377,0.09896293,success,469,1023,-0.37131367,846,0.01605404,443,0.00840655,96,0.00182174,545,0.01034214,478,0.00907073,,,0.00889994,0.01941287,-0.01051293,0.02831281,3282,52697,warning_denominator_zero,warning_denominator_zero,success,exact-then-unique-porter-1.0.0,baek-smart-porter-1.0.0
S2022-214,0000354950,HD,Home Depot (The),0000354950-22-000070,2022,2022-03-23,1.0.3,0.3.0,0,0,0.00000000,35660,1779,0,0.00000000,success,,,,,,,,,,,0,warning_denominator_zero,,,,,,,,,warning_denominator_zero,,,,,,0,0,0,,0,0,warning_denominator_zero,2.90223316,2.80000000,0.82917329,1.04000000,5.00000000,14419,18990,4571,0.75929437,1990,3687,warning_stem_collisions,35596,10.47998855,1779,730,20.00899382,20.06562261,0.02991909,0,0.00000000,7438,0.17284008,2441897,239289,0.09799308,success,276,647,-0.40195016,551,0.01613706,252,0.00738029,55,0.00161078,232,0.00679455,227,0.00664812,,,0.00808317,0.01894860,-0.01086543,0.02703178,1877,34145,warning_denominator_zero,warning_denominator_zero,success,exact-then-unique-porter-1.0.0,baek-smart-porter-1.0.0
S2022-215,0000773840,HON,Honeywell Technologies,0000773840-23-000013,2022,2023-02-10,1.0.3,0.3.0,1,2,0.04790534,41749,2360,1,0.00042373,success,0,0.00000000,0,0.00000000,0,0.00000000,0,0.00000000,0,0.00000000,39,success,1,0,0.02564103,0.00000000,1.00000000,0.02564103,0.02564103,1,success,3.05600000,3.07000000,0.77029345,1.55000000,4.25000000,25,31,6,0.80645161,23,4,warning_stem_collisions,2.88083333,2.80000000,0.79632512,1.19000000,5.00000000,17076,22814,5738,0.74848777,2016,4032,warning_stem_collisions,41747,10.63938287,2360,1074,17.68940678,21.27064586,0.03684097,2,0.04790763,16633,0.28490922,5880615,286597,0.04873589,success,262,773,-0.49371981,640,0.01616366,203,0.00512691,75,0.00189418,583,0.01472408,350,0.00883950,,,0.00661700,0.01952267,-0.01290567,0.02613966,2523,39595,warning_stem_collisions,success,success,exact-then-unique-porter-1.0.0,baek-smart-porter-1.0.0
S2022-216,0000048465,HRL,Hormel Foods,0000048465-22-000051,2022,2022-12-06,1.0.3,0.3.0,0,0,0.00000000,29279,1673,0,0.00000000,success,,,,,,,,,,,0,warning_denominator_zero,,,,,,,,,warning_denominator_zero,,,,,,0,0,0,,0,0,warning_denominator_zero,2.94115206,2.82000000,0.85256793,1.19000000,5.00000000,12074,16120,4046,0.74900744,1684,2998,warning_stem_collisions,29102,10.27856218,1673,662,17.39509863,19.93942518,0.03525531,0,0.00000000,9044,0.23708908,3599322,197207,0.05479004,success,157,462,-0.49273021,479,0.01743403,173,0.00629663,60,0.00218380,200,0.00727934,232,0.00844404,,,0.00571429,0.01681529,-0.01110100,0.02252957,1478,27475,warning_denominator_zero,warning_denominator_zero,success,exact-then-unique-porter-1.0.0,baek-smart-porter-1.0.0
S2022-217,0001070750,HST,Host Hotels & Resorts,0000950170-23-003778,2022,2023-02-22,1.0.3,0.3.0,0,0,0.00000000,76153,3491,0,0.00000000,success,,,,,,,,,,,0,warning_denominator_zero,,,,,,,,,warning_denominator_zero,,,,,,0,0,0,,0,0,warning_denominator_zero,2.97504119,2.86000000,0.86848189,1.19000000,5.00000000,29737,38608,8871,0.77022897,2065,6385,warning_stem_collisions,75996,11.23843599,3491,1178,21.76912060,19.93638434,0.03305437,0,0.00000000,13983,0.15540293,11866708,489931,0.04128618,success,374,946,-0.43333333,998,0.01371199,423,0.00581180,214,0.00294025,471,0.00647129,566,0.00777654,,,0.00513856,0.01299754,-0.00785898,0.01813610,3399,72783,warning_denominator_zero,warning_denominator_zero,success,exact-then-unique-porter-1.0.0,baek-smart-porter-1.0.0
S2022-218,0000004281,HWM,Howmet Aerospace,0000004281-23-000004,2022,2023-02-14,1.0.3,0.3.0,0,0,0.00000000,45632,2148,0,0.00000000,success,,,,,,,,,,,0,warning_denominator_zero,,,,,,,,,warning_denominator_zero,,,,,,0,0,0,,0,0,warning_denominator_zero,2.92599942,2.82000000,0.81517169,1.19000000,5.00000000,17350,23886,6536,0.72636691,1864,4491,warning_stem_collisions,45450,10.72436810,2148,750,21.15921788,21.21230256,0.04941694,0,0.00000000,10583,0.18887084,3893916,302939,0.07779803,success,225,866,-0.58753437,613,0.01442353,272,0.00640000,60,0.00141176,479,0.01127059,321,0.00755294,,,0.00529412,0.02037647,-0.01508235,0.02567059,2398,42500,warning_denominator_zero,warning_denominator_zero,success,exact-then-unique-porter-1.0.0,baek-smart-porter-1.0.0
S2022-219,0000049071,HUM,Humana,0000049071-23-000011,2022,2023-02-16,1.0.3,0.3.0,0,0,0.00000000,60684,2675,0,0.00000000,success,,,,,,,,,,,0,warning_denominator_zero,,,,,,,,,warning_denominator_zero,,,,,,0,0,0,,0,0,warning_denominator_zero,2.85543462,2.76000000,0.76467744,1.19000000,5.00000000,24596,32770,8174,0.75056454,2045,5813,warning_stem_collisions,60655,11.01295735,2675,1120,22.67476636,21.79409196,0.04436567,0,0.00000000,11149,0.15526990,4367524,405586,0.09286406,success,440,1000,-0.38888889,856,0.01496765,321,0.00561287,85,0.00148627,902,0.01577199,424,0.00741388,,,0.00769365,0.01748557,-0.00979192,0.02517923,3392,57190,warning_denominator_zero,warning_denominator_zero,success,exact-then-unique-porter-1.0.0,baek-smart-porter-1.0.0
S2022-220,0000049196,HBAN,Huntington Bancshares,0000049196-23-000020,2022,2023-02-17,1.0.3,0.3.0,0,0,0.00000000,64823,3251,0,0.00000000,success,,,,,,,,,,,0,warning_denominator_zero,,,,,,,,,warning_denominator_zero,,,,,,0,0,0,,0,0,warning_denominator_zero,2.82728830,2.71000000,0.79491338,1.19000000,5.00000000,26452,35442,8990,0.74634614,2419,6122,warning_stem_collisions,64607,11.07607804,3251,1368,19.87296217,21.55220282,0.03070875,0,0.00000000,19618,0.23292372,9035940,439646,0.04865526,success,287,1146,-0.59944173,1212,0.01965204,415,0.00672904,113,0.00183224,553,0.00896665,601,0.00974495,,,0.00465358,0.01858188,-0.01392830,0.02323545,3744,61673,warning_denominator_zero,warning_denominator_zero,success,exact-then-unique-porter-1.0.0,baek-smart-porter-1.0.0
S2022-221,0001501585,HII,Huntington Ingalls Industries,0001501585-23-000010,2022,2023-02-09,1.0.3,0.3.0,1,5,0.08916789,56074,2615,4,0.00152964,success,0,0.00000000,0,0.00000000,0,0.00000000,0,0.00000000,1,0.00609756,164,success,5,2,0.03048780,0.01219512,0.42857143,0.04268293,0.01829268,8,success,2.77048193,2.61000000,0.73818877,1.81000000,4.89000000,83,118,35,0.70338983,64,25,warning_stem_collisions,2.92017309,2.86000000,0.80837080,1.04000000,5.00000000,22532,30458,7926,0.73977280,2264,5351,warning_stem_collisions,56013,10.93333909,2615,970,21.41988528,21.04425300,0.03788406,5,0.08926499,9852,0.14957868,3503540,376924,0.10758376,success,310,1143,-0.57329663,927,0.01745007,378,0.00711556,84,0.00158124,959,0.01805244,458,0.00862150,,,0.00583551,0.02151610,-0.01568059,0.02735162,3676,53123,warning_stem_collisions,success,success,exact-then-unique-porter-1.0.0,baek-smart-porter-1.0.0
S2022-222,0000051143,IBM,IBM,0001558370-23-002376,2022,2023-02-28,1.0.3,0.3.0,1,10,1.05876125,9445,522,9,0.01724138,success,5,0.01072961,7,0.01502146,5,0.01072961,1,0.00214592,2,0.00429185,466,success,11,22,0.02360515,0.04721030,-0.33333333,0.07081545,-0.02360515,47,success,2.85944444,2.72000000,0.78197768,1.50000000,4.89000000,198,267,69,0.74157303,133,49,warning_stem_collisions,2.92173189,2.83000000,0.83431494,1.30000000,5.00000000,3782,5122,1340,0.73838344,1008,941,warning_stem_collisions,9513,9.16041456,522,202,18.22413793,21.98989182,0.02712078,10,1.05119310,4779,0.33438287,1484456,65069,0.04383357,success,79,242,-0.50778816,233,0.02578575,123,0.01361222,23,0.00254537,121,0.01339088,53,0.00586543,,,0.00874281,0.02678176,-0.01803896,0.03552457,728,9036,warning_stem_collisions,success,success,exact-then-unique-porter-1.0.0,baek-smart-porter-1.0.0
S2022-223,0000832101,IEX,IDEX Corporation,0000832101-23-000013,2022,2023-02-23,1.0.3,0.3.0,0,0,0.00000000,37459,1817,0,0.00000000,success,,,,,,,,,,,0,warning_denominator_zero,,,,,,,,,warning_denominator_zero,,,,,,0,0,0,,0,0,warning_denominator_zero,2.95741359,2.89000000,0.81431417,1.04000000,5.00000000,15102,20482,5380,0.73733034,1921,3618,warning_stem_collisions,37169,10.52323036,1817,789,20.45624656,21.31154995,0.04358471,0,0.00000000,10100,0.21367069,4381485,252497,0.05762818,success,232,541,-0.39974127,486,0.01391036,176,0.00503749,52,0.00148835,239,0.00684069,270,0.00772798,,,0.00664033,0.01548457,-0.00884424,0.02212491,1707,34938,warning_denominator_zero,warning_denominator_zero,success,exact-then-unique-porter-1.0.0,baek-smart-porter-1.0.0
S2022-224,0001478242,IQV,IQVIA,0001478242-23-000044,2022,2023-02-15,1.0.3,0.3.0,1,1,0.01715619,58288,2671,1,0.00037439,success,0,0.00000000,0,0.00000000,0,0.00000000,0,0.00000000,0,0.00000000,14,success,0,0,0.00000000,0.00000000,,0.00000000,0.00000000,0,success,2.49750000,2.43500000,0.60794223,1.85000000,3.93000000,8,10,2,0.80000000,8,2,warning_stem_collisions,2.84491805,2.74000000,0.78305147,1.19000000,5.00000000,23491,30763,7272,0.76361213,2460,5632,warning_stem_collisions,57985,10.96793964,2671,1135,21.70909772,21.23209682,0.02723118,1,0.01724584,9129,0.13602229,4084829,392498,0.09608676,success,382,1220,-0.52309613,1239,0.02221664,630,0.01129660,106,0.00190070,853,0.01529524,510,0.00914487,,,0.00684968,0.02187595,-0.01502627,0.02872564,4105,55769,warning_stem_collisions,success,success,exact-then-unique-porter-1.0.0,baek-smart-porter-1.0.0
S2022-225,0000874716,IDXX,Idexx Laboratories,0000874716-23-000006,2022,2023-02-16,1.0.3,0.3.0,0,0,0.00000000,58641,2597,0,0.00000000,success,,,,,,,,,,,0,warning_denominator_zero,,,,,,,,,warning_denominator_zero,,,,,,0,0,0,,0,0,warning_denominator_zero,2.90397258,2.82000000,0.81473229,1.04000000,5.00000000,23194,31075,7881,0.74638777,2236,5852,warning_stem_collisions,58519,10.97710677,2597,937,22.53330766,21.18695879,0.03096430,0,0.00000000,9813,0.14360768,3624124,393830,0.10866902,success,375,862,-0.39369442,987,0.01761682,406,0.00724664,132,0.00235605,554,0.00988827,547,0.00976332,,,0.00669332,0.01538571,-0.00869239,0.02207903,3305,56026,warning_denominator_zero,warning_denominator_zero,success,exact-then-unique-porter-1.0.0,baek-smart-porter-1.0.0
S2022-226,0000049826,ITW,Illinois Tool Works,0000049826-23-000008,2022,2023-02-10,1.0.3,0.3.0,0,0,0.00000000,33256,1835,0,0.00000000,success,,,,,,,,,,,0,warning_denominator_zero,,,,,,,,,warning_denominator_zero,,,,,,0,0,0,,0,0,warning_denominator_zero,2.98875996,2.90000000,0.83980093,1.30000000,5.00000000,13685,18258,4573,0.74953445,1561,3257,warning_stem_collisions,32843,10.39949391,1835,837,17.89809264,20.37063983,0.05340560,0,0.00000000,8179,0.19938082,3278233,224204,0.06839172,success,319,457,-0.17783505,450,0.01480896,166,0.00546286,47,0.00154671,138,0.00454142,148,0.00487050,,,0.01049791,0.01503933,-0.00454142,0.02553724,1497,30387,warning_denominator_zero,warning_denominator_zero,success,exact-then-unique-porter-1.0.0,baek-smart-porter-1.0.0
S2022-227,0001110803,ILMN,"Illumina, Inc.",0001110803-22-000013,2022,2022-02-18,1.0.3,0.3.0,1,1,0.02191012,45641,2151,1,0.00046490,success,0,0.00000000,0,0.00000000,0,0.00000000,0,0.00000000,0,0.00000000,43,success,0,0,0.00000000,0.00000000,,0.00000000,0.00000000,0,success,2.92789474,2.43000000,0.92308167,1.68000000,4.62000000,19,31,12,0.61290323,18,6,warning_stem_collisions,2.81656427,2.72000000,0.77534700,1.19000000,5.00000000,17513,23346,5833,0.75014992,2008,4291,warning_stem_collisions,45415,10.72359773,2151,899,21.11343561,20.60906254,0.03474623,1,0.02201916,7086,0.13496886,3009868,303761,0.10092170,success,273,835,-0.50722022,925,0.02136357,401,0.00926140,109,0.00251744,519,0.01198670,316,0.00729826,,,0.00630514,0.01928496,-0.01297981,0.02559010,2817,43298,warning_stem_collisions,success,success,exact-then-unique-porter-1.0.0,baek-smart-porter-1.0.0
S2022-228,0000879169,INCY,Incyte,0000879169-23-000008,2022,2023-02-07,1.0.3,0.3.0,0,0,0.00000000,70166,2869,0,0.00000000,success,,,,,,,,,,,0,warning_denominator_zero,,,,,,,,,warning_denominator_zero,,,,,,0,0,0,,0,0,warning_denominator_zero,2.86546894,2.76000000,0.79951360,1.04000000,5.00000000,26144,36556,10412,0.71517672,2510,6306,warning_stem_collisions,70162,11.15856213,2869,1129,24.45521087,21.82099414,0.02749352,0,0.00000000,7010,0.09083605,2660760,469043,0.17628159,success,755,1347,-0.28163654,1310,0.01942352,807,0.01196548,170,0.00252061,706,0.01046794,492,0.00729494,,,0.01119447,0.01997213,-0.00877765,0.03116660,4580,67444,warning_denominator_zero,warning_denominator_zero,success,exact-then-unique-porter-1.0.0,baek-smart-porter-1.0.0
S2022-229,0001699150,IR,Ingersoll Rand,0001628280-23-004287,2022,2023-02-21,1.0.3,0.3.0,0,0,0.00000000,51419,2277,0,0.00000000,success,,,,,,,,,,,0,warning_denominator_zero,,,,,,,,,warning_denominator_zero,,,,,,0,0,0,,0,0,warning_denominator_zero,2.90897090,2.82000000,0.81098757,1.19000000,5.00000000,20620,27134,6514,0.75993219,2163,4890,warning_stem_collisions,51296,10.84536806,2277,1032,22.52788757,21.91987532,0.04031503,0,0.00000000,11813,0.18718408,4740996,344507,0.07266553,success,287,856,-0.49781277,860,0.01768856,335,0.00689031,105,0.00215965,520,0.01069541,378,0.00777474,,,0.00590304,0.01760629,-0.01170324,0.02350933,2838,48619,warning_denominator_zero,warning_denominator_zero,success,exact-then-unique-porter-1.0.0,baek-smart-porter-1.0.0
S2022-230,0000050863,INTC,Intel,0000050863-23-000006,2022,2023-01-27,1.0.3,0.3.0,1,51,0.93341630,54638,2788,40,0.01434720,success,5,0.00393701,6,0.00472441,4,0.00314961,2,0.00157480,0,0.00000000,1270,success,17,24,0.01338583,0.01889764,-0.17073171,0.03228346,-0.00551181,52,success,3.10655642,3.11500000,0.84896367,1.23000000,4.93000000,514,799,285,0.64330413,274,129,warning_stem_collisions,2.91218696,2.85000000,0.82174807,1.19000000,5.00000000,20956,28606,7650,0.73257359,2472,5282,warning_stem_collisions,54484,10.90566236,2788,924,19.54232425,20.74749142,0.03061449,51,0.93605462,17837,0.24663652,4026555,363143,0.09018702,success,503,1292,-0.43955432,808,0.01551549,349,0.00670161,140,0.00268833,437,0.00839142,405,0.00777695,,,0.00965877,0.02480942,-0.01515064,0.03446819,3357,52077,warning_stem_collisions,success,success,exact-then-unique-porter-1.0.0,baek-smart-porter-1.0.0
S2022-231,0001571949,ICE,Intercontinental Exchange,0001571949-23-000006,2022,2023-02-02,1.0.3,0.3.0,1,4,0.05150391,77664,3437,4,0.00116381,success,0,0.00000000,0,0.00000000,0,0.00000000,0,0.00000000,0,0.00000000,168,success,4,0,0.02380952,0.00000000,1.00000000,0.02380952,0.02380952,4,success,3.05475248,2.82000000,0.78692986,2.03000000,4.89000000,101,125,24,0.80800000,27,17,warning_stem_collisions,2.92586653,2.86000000,0.81626245,1.19000000,5.00000000,30403,40513,10110,0.75045047,2500,7283,warning_stem_collisions,77450,11.25738785,3437,1425,22.53418679,20.86401384,0.03288573,4,0.05164622,15553,0.16723116,5258177,509008,0.09680313,success,461,1383,-0.50000000,1405,0.01897905,648,0.00875333,176,0.00237745,938,0.01267071,583,0.00787529,,,0.00622729,0.01868187,-0.01245458,0.02490916,4645,74029,warning_stem_collisions,success,success,exact-then-unique-porter-1.0.0,baek-smart-porter-1.0.0
S2022-232,0000051253,IFF,International Flavors & Fragrances,0000051253-23-000009,2022,2023-02-27,1.0.3,0.3.0,0,0,0.00000000,59789,2614,0,0.00000000,success,,,,,,,,,,,0,warning_denominator_zero,,,,,,,,,warning_denominator_zero,,,,,,0,0,0,,0,0,warning_denominator_zero,2.89749505,2.80000000,0.81964739,1.26000000,5.00000000,23250,31284,8034,0.74319141,2314,5861,warning_stem_collisions,59611,10.99559540,2614,1181,22.80451415,21.27296422,0.03985842,0,0.00000000,12270,0.17069879,4881985,395266,0.08096420,success,377,1245,-0.53514180,1126,0.01991264,485,0.00857694,92,0.00162697,615,0.01087591,428,0.00756892,,,0.00666702,0.02201708,-0.01535006,0.02868410,3623,56547,warning_denominator_zero,warning_denominator_zero,success,exact-then-unique-porter-1.0.0,baek-smart-porter-1.0.0
S2022-233,0000051434,IP,International Paper,0000051434-23-000013,2022,2023-02-17,1.0.3,0.3.0,0,0,0.00000000,60915,2839,0,0.00000000,success,,,,,,,,,,,0,warning_denominator_zero,,,,,,,,,warning_denominator_zero,,,,,,0,0,0,,0,0,warning_denominator_zero,2.92268606,2.82000000,0.83240873,1.04000000,5.00000000,23931,31967,8036,0.74861576,2075,5772,warning_stem_collisions,60556,11.01132384,2839,1048,21.33004579,20.90397810,0.04281987,0,0.00000000,12073,0.16622837,4908399,401271,0.08175191,success,236,1007,-0.62027353,1007,0.01761013,362,0.00633055,126,0.00220345,648,0.01133204,442,0.00772957,,,0.00412710,0.01761013,-0.01348303,0.02173723,3245,57183,warning_denominator_zero,warning_denominator_zero,success,exact-then-unique-porter-1.0.0,baek-smart-porter-1.0.0
S2022-234,0000896878,INTU,Intuit,0000896878-22-000028,2022,2022-09-02,1.0.3,0.3.0,1,24,0.46013152,52159,2664,19,0.00713213,success,6,0.00986842,7,0.01151316,5,0.00822368,2,0.00328947,0,0.00000000,608,success,13,8,0.02138158,0.01315789,0.23809524,0.03453947,0.00822368,36,success,2.78029412,2.67500000,0.76337508,1.50000000,4.89000000,238,337,99,0.70623145,162,70,warning_stem_collisions,2.88586257,2.81000000,0.80645328,1.19000000,5.00000000,20810,27193,6383,0.76527047,2199,4936,warning_stem_collisions,51914,10.85734378,2664,978,19.48723724,19.30688309,0.03124398,24,0.46230304,11590,0.18250819,3455671,341800,0.09890988,success,290,1009,-0.55350269,900,0.01808100,476,0.00956284,104,0.00208936,372,0.00747348,381,0.00765429,,,0.00582610,0.02027081,-0.01444471,0.02609691,2876,49776,warning_stem_collisions,success,success,exact-then-unique-porter-1.0.0,baek-smart-porter-1.0.0
S2022-235,0001035267,ISRG,Intuitive Surgical,0001035267-23-000019,2022,2023-02-10,1.0.3,0.3.0,0,0,0.00000000,82957,3507,0,0.00000000,success,,,,,,,,,,,0,warning_denominator_zero,,,,,,,,,warning_denominator_zero,,,,,,0,0,0,,0,0,warning_denominator_zero,2.88031499,2.82000000,0.80942515,1.19000000,5.00000000,31588,43798,12210,0.72122015,2898,8392,warning_stem_collisions,83229,11.32935112,3507,1285,23.73224979,21.00098239,0.02938879,0,0.00000000,5407,0.06100230,3284780,556911,0.16954286,success,486,2058,-0.61792453,1655,0.02074143,914,0.01145478,257,0.00322087,1044,0.01308402,678,0.00849709,,,0.00609084,0.02579206,-0.01970122,0.03188290,5882,79792,warning_denominator_zero,warning_denominator_zero,success,exact-then-unique-porter-1.0.0,baek-smart-porter-1.0.0
S2022-236,0000914208,IVZ,Invesco,0000914208-23-000297,2022,2023-02-23,1.0.3,0.3.0,0,0,0.00000000,43848,2177,0,0.00000000,success,,,,,,,,,,,0,warning_denominator_zero,,,,,,,,,warning_denominator_zero,,,,,,0,0,0,,0,0,warning_denominator_zero,2.89660796,2.82000000,0.80312035,1.19000000,4.96000000,17544,23235,5691,0.75506779,1952,3790,warning_stem_collisions,43824,10.68793689,2177,1007,20.13045475,20.80237111,0.03550566,0,0.00000000,11970,0.21453920,4153409,291656,0.07022087,success,231,834,-0.56619718,748,0.01796091,368,0.00883638,113,0.00271335,415,0.00996494,368,0.00883638,,,0.00554675,0.02002593,-0.01447918,0.02557268,2562,41646,warning_denominator_zero,warning_denominator_zero,success,exact-then-unique-porter-1.0.0,baek-smart-porter-1.0.0
S2022-237,0001687229,INVH,Invitation Homes,0001687229-23-000029,2022,2023-02-22,1.0.3,0.3.0,0,0,0.00000000,68986,2883,0,0.00000000,success,,,,,,,,,,,0,warning_denominator_zero,,,,,,,,,warning_denominator_zero,,,,,,0,0,0,,0,0,warning_denominator_zero,2.83778796,2.72000000,0.78789917,1.19000000,5.00000000,26184,35095,8911,0.74608919,2437,6834,warning_stem_collisions,68722,11.13782466,2883,1341,23.83697537,21.27282909,0.03180932,0,0.00000000,8687,0.11222209,3579123,450228,0.12579283,success,561,1343,-0.41071429,1285,0.01951612,814,0.01236274,179,0.00271859,504,0.00765457,641,0.00973528,,,0.00852027,0.02039700,-0.01187674,0.02891727,4324,65843,warning_denominator_zero,warning_denominator_zero,success,exact-then-unique-porter-1.0.0,baek-smart-porter-1.0.0
S2022-238,0001020569,IRM,Iron Mountain,0001020569-23-000043,2022,2023-02-23,1.0.3,0.3.0,1,2,0.03605228,55475,3130,2,0.00063898,success,0,0.00000000,0,0.00000000,0,0.00000000,0,0.00000000,0,0.00000000,66,success,0,0,0.00000000,0.00000000,,0.00000000,0.00000000,0,success,3.12300000,3.47000000,0.77635430,1.80000000,4.26000000,40,47,7,0.85106383,16,4,warning_stem_collisions,2.90338112,2.80000000,0.81028874,1.26000000,5.00000000,22043,29013,6970,0.75976286,1890,4987,warning_stem_collisions,55232,10.91929777,3130,1567,17.64600639,19.81301292,0.03977767,2,0.03621089,21271,0.27804138,6744357,364906,0.05410538,success,294,709,-0.41375872,893,0.01697396,340,0.00646265,141,0.00268010,339,0.00644364,462,0.00878160,,,0.00558829,0.01347653,-0.00788823,0.01906482,2692,52610,warning_stem_collisions,success,success,exact-then-unique-porter-1.0.0,baek-smart-porter-1.0.0
S2022-239,0000728535,JBHT,J.B. Hunt,0001437749-23-004530,2022,2023-02-24,1.0.3,0.3.0,0,0,0.00000000,23692,1280,0,0.00000000,success,,,,,,,,,,,0,warning_denominator_zero,,,,,,,,,warning_denominator_zero,,,,,,0,0,0,,0,0,warning_denominator_zero,2.94870995,2.89000000,0.81453103,1.19000000,5.00000000,9488,12536,3048,0.75686024,1460,2292,warning_stem_collisions,23632,10.07035700,1280,437,18.46250000,19.49124880,0.04870515,0,0.00000000,3991,0.14448105,1367293,158166,0.11567821,success,82,453,-0.69345794,306,0.01382863,132,0.00596529,33,0.00149132,275,0.01242769,155,0.00700470,,,0.00370571,0.02047180,-0.01676609,0.02417751,1177,22128,warning_denominator_zero,warning_denominator_zero,success,exact-then-unique-porter-1.0.0,baek-smart-porter-1.0.0
S2022-240,0000091419,SJM,J.M. Smucker Company (The),0000091419-22-000049,2022,2022-06-16,1.0.3,0.3.0,0,0,0.00000000,42834,1937,0,0.00000000,success,,,,,,,,,,,0,warning_denominator_zero,,,,,,,,,warning_denominator_zero,,,,,,0,0,0,,0,0,warning_denominator_zero,2.92553392,2.80000000,0.85958461,1.19000000,5.00000000,16950,22294,5344,0.76029425,2021,3987,warning_stem_collisions,42688,10.66167313,1937,700,22.03820341,20.80380027,0.03593516,0,0.00000000,9298,0.17885585,3590161,283582,0.07898866,success,264,971,-0.57246964,778,0.01914135,322,0.00792225,82,0.00201747,335,0.00824210,323,0.00794686,,,0.00649526,0.02388978,-0.01739451,0.03038504,2554,40645,warning_denominator_zero,warning_denominator_zero,success,exact-then-unique-porter-1.0.0,baek-smart-porter-1.0.0
S2022-241,0000019617,JPM,JPMorgan Chase,0000019617-23-000231,2022,2023-02-21,1.0.3,0.3.0,0,0,0.00000000,164367,8216,0,0.00000000,success,,,,,,,,,,,0,warning_denominator_zero,,,,,,,,,warning_denominator_zero,,,,,,0,0,0,,0,0,warning_denominator_zero,2.85914699,2.72000000,0.80255472,1.19000000,5.00000000,64794,89887,25093,0.72083839,2812,15989,warning_stem_collisions,163931,12.00720089,8216,3897,19.95265336,20.31262964,0.02541313,0,0.00000000,41618,0.20247240,15882897,1109377,0.06984727,success,568,3465,-0.71832383,3235,0.02073798,839,0.00537841,209,0.00133980,1668,0.01069272,1284,0.00823109,,,0.00364117,0.02221239,-0.01857123,0.02585356,9912,155994,warning_denominator_zero,warning_denominator_zero,success,exact-then-unique-porter-1.0.0,baek-smart-porter-1.0.0
S2022-242,0000779152,JKHY,Jack Henry & Associates,0000779152-22-000076,2022,2022-08-25,1.0.3,0.3.0,1,2,0.06359705,31448,1553,1,0.00064392,success,0,0.00000000,0,0.00000000,0,0.00000000,0,0.00000000,0,0.00000000,34,success,0,0,0.00000000,0.00000000,,0.00000000,0.00000000,0,success,2.86666667,2.87000000,0.72788888,1.96000000,4.25000000,15,20,5,0.75000000,15,3,warning_stem_collisions,2.87103893,2.76000000,0.80081388,1.19000000,5.00000000,12638,16761,4123,0.75401229,1753,3149,warning_stem_collisions,31266,10.35028652,1553,670,20.13264649,20.07124541,0.04468112,2,0.06396725,3338,0.09646284,1887800,212176,0.11239326,success,190,480,-0.43283582,456,0.01550809,205,0.00697184,54,0.00183648,284,0.00965855,272,0.00925044,,,0.00646171,0.01632431,-0.00986260,0.02278602,1655,29404,warning_stem_collisions,success,success,exact-then-unique-porter-1.0.0,baek-smart-porter-1.0.0
S2022-243,0000052988,J,Jacobs Solutions,0000052988-22-000111,2022,2022-11-21,1.0.3,0.3.0,1,5,0.07837851,63793,2962,5,0.00168805,success,0,0.00000000,0,0.00000000,0,0.00000000,0,0.00000000,0,0.00000000,153,success,4,4,0.02614379,0.02614379,0.00000000,0.05228758,0.00000000,8,success,3.20628205,3.14000000,0.93992922,1.85000000,4.82000000,78,85,7,0.91764706,27,5,warning_stem_collisions,2.86327308,2.76000000,0.80158624,1.26000000,5.00000000,24952,33035,8083,0.75532012,2532,5932,warning_stem_collisions,63773,11.06308518,2962,1289,21.53038488,20.86065462,0.03376037,5,0.07840309,11488,0.15264214,4205512,424821,0.10101529,success,485,1407,-0.48731501,1239,0.02035151,609,0.01000329,131,0.00215177,871,0.01430683,553,0.00908344,,,0.00796649,0.02311104,-0.01514455,0.03107753,4392,60880,warning_stem_collisions,success,success,exact-then-unique-porter-1.0.0,baek-smart-porter-1.0.0
S2022-244,0000200406,JNJ,Johnson & Johnson,0000200406-22-000022,2022,2022-02-17,1.0.3,0.3.0,0,0,0.00000000,57631,2783,0,0.00000000,success,,,,,,,,,,,0,warning_denominator_zero,,,,,,,,,warning_denominator_zero,,,,,,0,0,0,,0,0,warning_denominator_zero,2.93094022,2.85000000,0.81704857,1.19000000,5.00000000,22314,30935,8621,0.72131889,2361,5220,warning_stem_collisions,57132,10.95311966,2783,1026,20.52892562,20.30302974,0.03883988,0,0.00000000,10627,0.15683525,5427163,384883,0.07091790,success,332,1675,-0.66915795,775,0.01434017,261,0.00482940,90,0.00166531,1375,0.02544223,235,0.00434831,,,0.00614314,0.03099326,-0.02485012,0.03713641,3982,54044,warning_denominator_zero,warning_denominator_zero,success,exact-then-unique-porter-1.0.0,baek-smart-porter-1.0.0
S2022-245,0000833444,JCI,Johnson Controls,0000833444-22-000043,2022,2022-11-15,1.0.3,0.3.0,1,1,0.01808580,55292,2384,1,0.00041946,success,2,0.04651163,0,0.00000000,0,0.00000000,0,0.00000000,0,0.00000000,43,success,1,0,0.02325581,0.00000000,1.00000000,0.02325581,0.02325581,3,success,2.71708333,2.71500000,0.85669656,1.63000000,4.64000000,24,34,10,0.70588235,24,5,warning_stem_collisions,2.91445691,2.82000000,0.82968837,1.26000000,5.00000000,21755,30095,8340,0.72287755,2249,5798,warning_stem_collisions,55361,10.92163065,2384,1006,23.22189597,22.26066403,0.02758259,1,0.01806326,10824,0.16354159,4334206,374916,0.08650166,success,295,1304,-0.63101939,996,0.01882442,441,0.00833491,103,0.00194670,854,0.01614062,453,0.00856171,,,0.00557551,0.02464562,-0.01907012,0.03022113,3648,52910,warning_stem_collisions,success,success,exact-then-unique-porter-1.0.0,baek-smart-porter-1.0.0
S2022-246,0000319201,KLAC,KLA Corporation,0000319201-22-000023,2022,2022-08-05,1.0.3,0.3.0,1,3,0.04830840,62101,2625,2,0.00076190,success,0,0.00000000,0,0.00000000,0,0.00000000,0,0.00000000,0,0.00000000,95,success,4,0,0.04210526,0.00000000,1.00000000,0.04210526,0.04210526,4,success,3.08723404,2.93000000,0.85558168,1.50000000,4.93000000,47,59,12,0.79661017,37,4,warning_stem_collisions,2.84618784,2.74000000,0.79186533,1.04000000,5.00000000,24031,31773,7742,0.75633399,2313,5970,warning_stem_collisions,61992,11.03476062,2625,1043,23.61600000,21.09179638,0.02713253,3,0.04839334,9740,0.13578319,4095262,410722,0.10029200,success,385,1197,-0.51327434,1176,0.01970014,570,0.00954854,147,0.00246252,547,0.00916325,561,0.00939777,,,0.00644945,0.02005193,-0.01360248,0.02650138,3783,59695,warning_stem_collisions,success,success,exact-then-unique-porter-1.0.0,baek-smart-porter-1.0.0
S2022-247,0001418135,KDP,Keurig Dr Pepper,0001418135-23-000003,2022,2023-02-23,1.0.3,0.3.0,1,1,0.02096700,47694,2539,1,0.00039386,success,1,0.02500000,0,0.00000000,0,0.00000000,1,0.02500000,0,0.00000000,40,success,2,0,0.05000000,0.00000000,1.00000000,0.05000000,0.05000000,3,success,3.20700000,3.00500000,0.80512794,1.66000000,4.70000000,20,26,6,0.76923077,19,4,warning_stem_collisions,2.92809274,2.83000000,0.83907990,1.26000000,5.00000000,18849,25464,6615,0.74022149,2160,4559,warning_stem_collisions,47732,10.77335731,2539,1230,18.79952737,19.89181191,0.03404425,1,0.02095031,11933,0.20000000,4351260,317297,0.07292072,success,293,883,-0.50170068,805,0.01774261,372,0.00819907,73,0.00160896,441,0.00971987,335,0.00738357,,,0.00645787,0.01946177,-0.01300390,0.02591964,2590,45371,warning_stem_collisions,success,success,exact-then-unique-porter-1.0.0,baek-smart-porter-1.0.0
S2022-248,0000091576,KEY,KeyCorp,0000091576-23-000026,2022,2023-02-22,1.0.3,0.3.0,1,1,0.01242622,80475,4133,1,0.00024195,success,2,0.07407407,0,0.00000000,0,0.00000000,0,0.00000000,0,0.00000000,27,success,0,0,0.00000000,0.00000000,,0.00000000,0.00000000,2,success,2.69928571,2.50000000,0.58043659,1.63000000,3.93000000,14,18,4,0.77777778,14,3,warning_stem_collisions,2.85111595,2.72000000,0.80183801,1.26000000,5.00000000,32376,43003,10627,0.75287771,2515,7404,warning_stem_collisions,80176,11.29197950,4133,1616,19.39898379,20.59749733,0.03612053,1,0.01247256,23969,0.23015027,9392189,535502,0.05701568,success,322,1464,-0.63941769,1536,0.02016118,493,0.00647101,149,0.00195574,707,0.00927992,680,0.00892552,,,0.00422650,0.01921613,-0.01498963,0.02344263,4698,76186,warning_stem_collisions,success,success,exact-then-unique-porter-1.0.0,baek-smart-porter-1.0.0
S2022-249,0001601046,KEYS,Keysight Technologies,0001601046-22-000161,2022,2022-12-15,1.0.3,0.3.0,1,10,0.18277526,54712,2566,6,0.00233827,success,0,0.00000000,0,0.00000000,0,0.00000000,0,0.00000000,0,0.00000000,225,success,0,1,0.00000000,0.00444444,-1.00000000,0.00444444,-0.00444444,1,success,3.34168000,3.30000000,0.75394083,1.41000000,4.83000000,125,146,21,0.85616438,45,16,warning_stem_collisions,2.90452813,2.82000000,0.79723176,1.26000000,4.97000000,22199,29354,7155,0.75625128,2218,5447,warning_stem_collisions,54780,10.91108044,2566,989,21.34840218,20.74756663,0.03305951,10,0.18254838,7904,0.12609278,3854923,370347,0.09607118,success,375,956,-0.43651390,919,0.01761009,425,0.00814395,130,0.00249109,596,0.01142069,529,0.01013682,,,0.00718584,0.01831909,-0.01113325,0.02550492,3308,52186,warning_stem_collisions,success,success,exact-then-unique-porter-1.0.0,baek-smart-porter-1.0.0
S2022-250,0000055785,KMB,Kimberly-Clark,0000055785-23-000012,2022,2023-02-09,1.0.3,0.3.0,0,0,0.00000000,30608,1744,0,0.00000000,success,,,,,,,,,,,0,warning_denominator_zero,,,,,,,,,warning_denominator_zero,,,,,,0,0,0,,0,0,warning_denominator_zero,2.89588893,2.76000000,0.82759283,1.19000000,5.00000000,12172,16294,4122,0.74702344,1658,3076,warning_stem_collisions,30465,10.32433376,1744,689,17.46846330,19.39102139,0.03732152,0,0.00000000,7743,0.20265389,3183535,203757,0.06400338,success,171,474,-0.46976744,491,0.01697963,170,0.00587889,34,0.00117578,228,0.00788464,175,0.00605180,,,0.00591348,0.01639174,-0.01047827,0.02230522,1462,28917,warning_denominator_zero,warning_denominator_zero,success,exact-then-unique-porter-1.0.0,baek-smart-porter-1.0.0
S2022-251,0000879101,KIM,Kimco Realty,0001437749-23-004541,2022,2023-02-24,1.0.3,0.3.0,0,0,0.00000000,48608,2490,0,0.00000000,success,,,,,,,,,,,0,warning_denominator_zero,,,,,,,,,warning_denominator_zero,,,,,,0,0,0,,0,0,warning_denominator_zero,2.91216060,2.81000000,0.79970357,1.26000000,5.00000000,18916,25507,6591,0.74160035,1898,4464,warning_stem_collisions,48454,10.78837017,2490,952,19.45943775,21.19870722,0.03785033,0,0.00000000,23710,0.32855718,9395919,322089,0.03427967,success,270,617,-0.39120631,694,0.01517471,332,0.00725937,113,0.00247081,277,0.00605676,354,0.00774041,,,0.00590370,0.01349106,-0.00758735,0.01939476,2175,45734,warning_denominator_zero,warning_denominator_zero,success,exact-then-unique-porter-1.0.0,baek-smart-porter-1.0.0
S2022-252,0001506307,KMI,Kinder Morgan,0001506307-23-000023,2022,2023-02-08,1.0.3,0.3.0,0,0,0.00000000,56918,2615,0,0.00000000,success,,,,,,,,,,,0,warning_denominator_zero,,,,,,,,,warning_denominator_zero,,,,,,0,0,0,,0,0,warning_denominator_zero,2.90345143,2.76000000,0.84698462,1.26000000,5.00000000,22072,29812,7740,0.74037300,2254,5592,warning_stem_collisions,56806,10.94739723,2615,1124,21.72313576,21.45359872,0.03114108,0,0.00000000,15713,0.21667425,5769661,376563,0.06526605,success,214,1154,-0.68713450,991,0.01822026,429,0.00788748,117,0.00215113,867,0.01594043,571,0.01049825,,,0.00393455,0.02121714,-0.01728259,0.02515168,3657,54390,warning_denominator_zero,warning_denominator_zero,success,exact-then-unique-porter-1.0.0,baek-smart-porter-1.0.0
S2022-253,0001637459,KHC,Kraft Heinz,0001637459-23-000009,2022,2023-02-16,1.0.3,0.3.0,1,1,0.01702099,58751,2752,1,0.00036337,success,0,0.00000000,0,0.00000000,0,0.00000000,0,0.00000000,0,0.00000000,32,success,0,0,0.00000000,0.00000000,,0.00000000,0.00000000,0,success,2.75117647,2.74000000,0.69025044,1.68000000,4.62000000,17,21,4,0.80952381,17,4,warning_stem_collisions,2.88693266,2.76000000,0.81581720,1.26000000,5.00000000,23447,31376,7929,0.74729092,2035,5796,warning_stem_collisions,58654,10.97941105,2752,1106,21.31322674,20.46883284,0.04096907,1,0.01704914,13624,0.18849442,5053819,390131,0.07719529,success,294,1430,-0.65893271,1056,0.01901778,400,0.00720370,87,0.00156681,521,0.00938282,568,0.01022926,,,0.00529472,0.02575324,-0.02045852,0.03104796,3528,55527,warning_stem_collisions,success,success,exact-then-unique-porter-1.0.0,baek-smart-porter-1.0.0
S2022-254,0000056873,KR,Kroger,0001558370-22-004595,2022,2022-03-29,1.0.3,0.3.0,0,0,0.00000000,46063,2488,0,0.00000000,success,,,,,,,,,,,0,warning_denominator_zero,,,,,,,,,warning_denominator_zero,,,,,,0,0,0,,0,0,warning_denominator_zero,2.94933370,2.86000000,0.83757311,1.19000000,5.00000000,17980,23904,5924,0.75217537,1861,4474,warning_stem_collisions,45668,10.72915311,2488,692,18.35530547,20.06439900,0.04318122,0,0.00000000,15044,0.24779286,4611267,301637,0.06541304,success,241,616,-0.43757293,700,0.01631854,242,0.00564155,77,0.00179504,288,0.00671391,357,0.00832245,,,0.00561824,0.01436031,-0.00874207,0.01997855,2113,42896,warning_denominator_zero,warning_denominator_zero,success,exact-then-unique-porter-1.0.0,baek-smart-porter-1.0.0
S2022-255,0000202058,LHX,L3Harris,0000202058-23-000014,2022,2023-02-24,1.0.3,0.3.0,0,0,0.00000000,67885,2929,0,0.00000000,success,,,,,,,,,,,0,warning_denominator_zero,,,,,,,,,warning_denominator_zero,,,,,,0,0,0,,0,0,warning_denominator_zero,2.87012247,2.82000000,0.79238831,1.19000000,5.00000000,26292,35133,8841,0.74835625,2209,6394,warning_stem_collisions,68564,11.13552289,2929,1291,23.40867190,20.91090780,0.05413920,0,0.00000000,9750,0.12449881,4536964,459458,0.10126992,success,274,1275,-0.64622337,1064,0.01661799,478,0.00746560,115,0.00179612,930,0.01452512,595,0.00929295,,,0.00427944,0.01991347,-0.01563403,0.02419292,3919,64027,warning_denominator_zero,warning_denominator_zero,success,exact-then-unique-porter-1.0.0,baek-smart-porter-1.0.0
S2022-256,0001065696,LKQ,LKQ Corporation,0001065696-23-000008,2022,2023-02-23,1.0.3,0.3.0,1,5,0.09243340,54093,2563,3,0.00117050,success,0,0.00000000,0,0.00000000,0,0.00000000,0,0.00000000,0,0.00000000,76,success,2,1,0.02631579,0.01315789,0.33333333,0.03947368,0.01315789,3,success,2.80500000,2.61000000,0.74322355,1.90000000,4.93000000,32,43,11,0.74418605,29,6,warning_stem_collisions,2.94317200,2.87000000,0.80344462,1.19000000,5.00000000,21425,28388,6963,0.75472030,2258,5087,warning_stem_collisions,54051,10.89768332,2563,1175,21.08895825,20.44233795,0.03861168,5,0.09250523,10241,0.15928887,3824653,355540,0.09296007,success,329,979,-0.49694190,743,0.01439839,415,0.00804217,91,0.00176346,397,0.00769335,425,0.00823596,,,0.00637560,0.01897177,-0.01259617,0.02534736,2830,51603,warning_stem_collisions,success,success,exact-then-unique-porter-1.0.0,baek-smart-porter-1.0.0
S2022-257,0000920148,LH,Labcorp,0000920148-23-000017,2022,2023-02-28,1.0.3,0.3.0,1,4,0.06023099,66411,3259,3,0.00092053,success,2,0.01904762,1,0.00952381,0,0.00000000,1,0.00952381,0,0.00000000,105,success,5,0,0.04761905,0.00000000,1.00000000,0.04761905,0.04761905,9,success,2.82243243,2.64000000,0.71020897,1.82000000,4.55000000,37,59,22,0.62711864,33,15,warning_stem_collisions,2.89652357,2.80000000,0.80581869,1.04000000,5.00000000,25880,35855,9975,0.72179612,2453,6831,warning_stem_collisions,66429,11.10388899,3259,1528,20.38324639,20.88786964,0.03129657,4,0.06021467,8545,0.11397284,3823180,450921,0.11794396,success,482,1732,-0.56458898,1034,0.01641765,498,0.00790715,157,0.00249282,1306,0.02073641,536,0.00851050,,,0.00765310,0.02750036,-0.01984726,0.03515346,4869,62981,warning_stem_collisions,success,success,exact-then-unique-porter-1.0.0,baek-smart-porter-1.0.0
S2022-258,0000707549,LRCX,Lam Research,0000707549-22-000107,2022,2022-08-24,1.0.3,0.3.0,1,4,0.09321836,42910,2049,2,0.00097609,success,2,0.02061856,0,0.00000000,1,0.01030928,0,0.00000000,0,0.00000000,97,success,2,1,0.02061856,0.01030928,0.33333333,0.03092784,0.01030928,5,success,3.02300000,2.93000000,0.80287982,1.63000000,4.83000000,40,51,11,0.78431373,30,11,warning_stem_collisions,2.91238486,2.83000000,0.82577712,1.04000000,4.96000000,17066,22588,5522,0.75553391,2051,4107,warning_stem_collisions,42892,10.66644061,2049,887,20.93313812,20.34417829,0.03648699,4,0.09325748,7929,0.15601818,2821664,286304,0.10146637,success,286,763,-0.45471878,786,0.01927841,370,0.00907508,105,0.00257536,435,0.01066935,385,0.00944299,,,0.00701479,0.01871428,-0.01169949,0.02572907,2615,40771,warning_stem_collisions,success,success,exact-then-unique-porter-1.0.0,baek-smart-porter-1.0.0
S2022-259,0001679273,LW,Lamb Weston,0001558370-22-011121,2022,2022-07-27,1.0.3,0.3.0,0,0,0.00000000,41237,2032,0,0.00000000,success,,,,,,,,,,,0,warning_denominator_zero,,,,,,,,,warning_denominator_zero,,,,,,0,0,0,,0,0,warning_denominator_zero,2.89911670,2.82000000,0.82765322,1.26000000,5.00000000,16393,21528,5135,0.76147343,1862,3905,warning_stem_collisions,41197,10.62612072,2032,629,20.27411417,20.21487716,0.04002719,0,0.00000000,10640,0.20525879,3341822,273349,0.08179640,success,210,719,-0.54790097,798,0.02041025,486,0.01243030,88,0.00225075,289,0.00739168,357,0.00913090,,,0.00537112,0.01838969,-0.01301857,0.02376081,2338,39098,warning_denominator_zero,warning_denominator_zero,success,exact-then-unique-porter-1.0.0,baek-smart-porter-1.0.0
S2022-260,0001300514,LVS,Las Vegas Sands,0001300514-23-000021,2022,2023-02-03,1.0.3,0.3.0,0,0,0.00000000,69112,2834,0,0.00000000,success,,,,,,,,,,,0,warning_denominator_zero,,,,,,,,,warning_denominator_zero,,,,,,0,0,0,,0,0,warning_denominator_zero,2.97776847,2.89000000,0.83894954,1.26000000,5.00000000,25794,35847,10053,0.71955812,2312,6096,warning_stem_collisions,68819,11.13923515,2834,1255,24.28334510,21.27511602,0.04609192,0,0.00000000,12335,0.15199497,4465623,447151,0.10013183,success,268,1031,-0.58737490,952,0.01465991,447,0.00688338,232,0.00357258,790,0.01216526,636,0.00979381,,,0.00412695,0.01587644,-0.01174949,0.02000339,3744,64939,warning_denominator_zero,warning_denominator_zero,success,exact-then-unique-porter-1.0.0,baek-smart-porter-1.0.0
S2022-261,0001336920,LDOS,Leidos,0001336920-23-000015,2022,2023-02-14,1.0.3,0.3.0,1,1,0.01876842,53281,2807,1,0.00035625,success,0,0.00000000,0,0.00000000,0,0.00000000,0,0.00000000,0,0.00000000,78,success,0,11,0.00000000,0.14102564,-1.00000000,0.14102564,-0.14102564,11,success,2.92545455,2.76500000,0.82561672,1.68000000,5.00000000,44,57,13,0.77192982,39,7,warning_stem_collisions,2.80137517,2.72000000,0.77956367,1.19000000,5.00000000,20972,28237,7265,0.74271346,2196,5541,warning_stem_collisions,53262,10.88297841,2807,1244,18.97470609,19.77128481,0.02908265,1,0.01877511,10424,0.16367805,3342557,359980,0.10769599,success,320,1347,-0.61607678,1014,0.01984189,544,0.01064496,116,0.00226988,1072,0.02097683,510,0.00997965,,,0.00626174,0.02635802,-0.02009627,0.03261976,4145,51104,warning_stem_collisions,success,success,exact-then-unique-porter-1.0.0,baek-smart-porter-1.0.0
S2022-262,0000920760,LEN,Lennar,0001628280-23-001606,2022,2023-01-26,1.0.3,0.3.0,0,0,0.00000000,47430,2217,0,0.00000000,success,,,,,,,,,,,0,warning_denominator_zero,,,,,,,,,warning_denominator_zero,,,,,,0,0,0,,0,0,warning_denominator_zero,2.92715627,2.86000000,0.80898916,1.19000000,5.00000000,18001,24383,6382,0.73826026,1821,4761,warning_stem_collisions,47313,10.76454038,2217,979,21.34100135,20.92623121,0.03497982,0,0.00000000,9089,0.16114677,3774025,313565,0.08308504,success,244,672,-0.46724891,631,0.01400169,313,0.00694537,112,0.00248524,401,0.00889806,393,0.00872054,,,0.00541428,0.01491146,-0.00949718,0.02032574,2296,45066,warning_denominator_zero,warning_denominator_zero,success,exact-then-unique-porter-1.0.0,baek-smart-porter-1.0.0
S2022-263,0000059478,LLY,Lilly (Eli),0000059478-23-000082,2022,2023-02-22,1.0.3,0.3.0,0,0,0.00000000,51462,2365,0,0.00000000,success,,,,,,,,,,,0,warning_denominator_zero,,,,,,,,,warning_denominator_zero,,,,,,0,0,0,,0,0,warning_denominator_zero,2.86223262,2.74000000,0.79873895,1.19000000,5.00000000,20084,27124,7040,0.74045126,2264,4880,warning_stem_collisions,51633,10.85191628,2365,1019,21.83213531,21.16307165,0.03178200,0,0.00000000,9145,0.15046563,4048146,348170,0.08600727,success,397,1158,-0.48938907,902,0.01825504,358,0.00724535,116,0.00234766,817,0.01653478,352,0.00712392,,,0.00803465,0.02343608,-0.01540143,0.03147073,3452,49411,warning_denominator_zero,warning_denominator_zero,success,exact-then-unique-porter-1.0.0,baek-smart-porter-1.0.0
S2022-264,0000059558,LNC,Lincoln National Corporation,0000059558-23-000009,2022,2023-02-16,1.0.3,0.3.0,1,2,0.02101657,95163,4553,1,0.00021964,success,0,0.00000000,0,0.00000000,0,0.00000000,0,0.00000000,0,0.00000000,37,success,0,0,0.00000000,0.00000000,,0.00000000,0.00000000,0,success,2.50944444,2.46500000,0.58700248,1.38000000,3.48000000,18,24,6,0.75000000,16,5,warning_stem_collisions,2.80369903,2.71000000,0.76084889,1.19000000,4.96000000,38156,50709,12553,0.75245026,2385,9031,warning_stem_collisions,94714,11.45861710,4553,1941,20.80254777,21.24770597,0.02344954,2,0.02111620,25390,0.21140012,28359175,634251,0.02236493,success,552,1875,-0.54511743,2086,0.02282675,710,0.00776941,189,0.00206820,1383,0.01513394,656,0.00717850,,,0.00604044,0.02051781,-0.01447737,0.02655826,6271,91384,warning_stem_collisions,success,success,exact-then-unique-porter-1.0.0,baek-smart-porter-1.0.0
S2022-265,0001707925,LIN,Linde plc,0001628280-23-005434,2022,2023-02-28,1.0.3,0.3.0,0,0,0.00000000,37653,2037,0,0.00000000,success,,,,,,,,,,,0,warning_denominator_zero,,,,,,,,,warning_denominator_zero,,,,,,0,0,0,,0,0,warning_denominator_zero,2.90053677,2.83000000,0.80317218,1.26000000,5.00000000,14606,20377,5771,0.71678854,1744,3711,warning_stem_collisions,37473,10.53137595,2037,854,18.39617084,20.28207521,0.04597977,0,0.00000000,11916,0.24126830,4505599,253488,0.05626067,success,145,523,-0.56586826,611,0.01744966,218,0.00622590,91,0.00259889,401,0.01145223,287,0.00819649,,,0.00414108,0.01493646,-0.01079537,0.01907754,1939,35015,warning_denominator_zero,warning_denominator_zero,success,exact-then-unique-porter-1.0.0,baek-smart-porter-1.0.0
S2022-266,0001335258,LYV,Live Nation Entertainment,0001335258-23-000014,2022,2023-02-23,1.0.3,0.3.0,0,0,0.00000000,50252,2276,0,0.00000000,success,,,,,,,,,,,0,warning_denominator_zero,,,,,,,,,warning_denominator_zero,,,,,,0,0,0,,0,0,warning_denominator_zero,2.89557414,2.82000000,0.80550021,1.19000000,5.00000000,19429,25723,6294,0.75531625,2179,4950,warning_stem_collisions,50028,10.82033813,2276,960,21.98066784,20.28770618,0.03284161,0,0.00000000,9333,0.15722444,3890349,327878,0.08427984,success,295,850,-0.48471616,864,0.01804247,423,0.00883330,152,0.00317414,464,0.00968948,441,0.00920918,,,0.00616034,0.01775012,-0.01158978,0.02391046,2873,47887,warning_denominator_zero,warning_denominator_zero,success,exact-then-unique-porter-1.0.0,baek-smart-porter-1.0.0
S2022-267,0000936468,LMT,Lockheed Martin,0000936468-23-000009,2022,2023-01-26,1.0.3,0.3.0,1,1,0.01563404,63963,2739,1,0.00036510,success,0,0.00000000,0,0.00000000,0,0.00000000,0,0.00000000,0,0.00000000,40,success,2,0,0.05000000,0.00000000,1.00000000,0.05000000,0.05000000,2,success,2.99350000,3.23500000,0.69885818,1.76000000,3.93000000,20,26,6,0.76923077,20,5,warning_stem_collisions,2.88099686,2.82000000,0.79219758,1.26000000,5.00000000,25189,33539,8350,0.75103611,2140,6132,warning_stem_collisions,64124,11.06857399,2739,1010,23.41146404,20.80348492,0.03546254,1,0.01559479,8600,0.11825532,3956959,424974,0.10739914,success,359,1047,-0.48933144,1151,0.01883797,522,0.00854337,113,0.00184943,1110,0.01816694,595,0.00973813,,,0.00587561,0.01713584,-0.01126023,0.02301146,4183,61100,warning_stem_collisions,success,success,exact-then-unique-porter-1.0.0,baek-smart-porter-1.0.0
S2022-268,0000060086,L,Loews Corporation,0000060086-23-000025,2022,2023-02-07,1.0.3,0.3.0,0,0,0.00000000,69744,3216,0,0.00000000,success,,,,,,,,,,,0,warning_denominator_zero,,,,,,,,,warning_denominator_zero,,,,,,0,0,0,,0,0,warning_denominator_zero,2.89558381,2.79000000,0.84365166,1.19000000,5.00000000,28751,38559,9808,0.74563656,2391,6877,warning_stem_collisions,69334,11.14669069,3216,1237,21.55907960,21.80183725,0.02894684,0,0.00000000,15393,0.18167762,7945941,470765,0.05924597,success,308,1808,-0.70888469,1509,0.02271974,641,0.00965100,145,0.00218314,1088,0.01638110,603,0.00907886,,,0.00463730,0.02722154,-0.02258424,0.03185883,5110,66418,warning_denominator_zero,warning_denominator_zero,success,exact-then-unique-porter-1.0.0,baek-smart-porter-1.0.0
S2022-269,0000060667,LOW,Lowe's,0000060667-22-000038,2022,2022-03-21,1.0.3,0.3.0,0,0,0.00000000,33437,1741,0,0.00000000,success,,,,,,,,,,,0,warning_denominator_zero,,,,,,,,,warning_denominator_zero,,,,,,0,0,0,,0,0,warning_denominator_zero,2.93447827,2.83000000,0.83106577,1.26000000,5.00000000,13436,17845,4409,0.75292799,1960,3358,warning_stem_collisions,33265,10.41226107,1741,677,19.10683515,20.28595913,0.03571321,0,0.00000000,9549,0.22303452,3154981,223298,0.07077634,success,244,578,-0.40632603,476,0.01512696,209,0.00664188,54,0.00171608,224,0.00711857,217,0.00689611,,,0.00775416,0.01836845,-0.01061429,0.02612260,1688,31467,warning_denominator_zero,warning_denominator_zero,success,exact-then-unique-porter-1.0.0,baek-smart-porter-1.0.0
S2022-270,0000018926,LUMN,Lumen Technologies,0000018926-23-000013,2022,2023-02-23,1.0.3,0.3.0,1,1,0.01587730,62983,2869,1,0.00034855,success,0,0.00000000,1,0.02631579,0,0.00000000,1,0.02631579,1,0.02631579,38,success,3,0,0.07894737,0.00000000,1.00000000,0.07894737,0.07894737,6,success,2.59714286,2.41000000,0.68251037,1.50000000,4.53000000,21,26,5,0.80769231,20,4,warning_stem_collisions,2.87374674,2.81000000,0.78857226,1.04000000,5.00000000,24141,32827,8686,0.73540074,2314,6145,warning_stem_collisions,62786,11.04748740,2869,1250,21.88428024,21.02935369,0.03965852,1,0.01592712,13602,0.17806462,4368025,419681,0.09608027,success,347,1252,-0.56597874,914,0.01534742,356,0.00597777,111,0.00186385,677,0.01136783,623,0.01046109,,,0.00582664,0.02102294,-0.01519629,0.02684958,3679,59554,warning_stem_collisions,success,success,exact-then-unique-porter-1.0.0,baek-smart-porter-1.0.0
S2022-271,0001489393,LYB,LyondellBasell,0001489393-23-000006,2022,2023-02-23,1.0.3,0.3.0,0,0,0.00000000,48010,2461,0,0.00000000,success,,,,,,,,,,,0,warning_denominator_zero,,,,,,,,,warning_denominator_zero,,,,,,0,0,0,,0,0,warning_denominator_zero,2.89281789,2.79000000,0.81151610,1.26000000,5.00000000,18560,25349,6789,0.73217878,2061,4787,warning_stem_collisions,48084,10.78070476,2461,1076,19.53839902,20.64205026,0.03500125,0,0.00000000,12896,0.21147917,5267302,320980,0.06093822,success,214,747,-0.55463059,794,0.01733965,356,0.00777445,93,0.00203097,410,0.00895372,352,0.00768710,,,0.00467341,0.01631325,-0.01163984,0.02098666,2432,45791,warning_denominator_zero,warning_denominator_zero,success,exact-then-unique-porter-1.0.0,baek-smart-porter-1.0.0
S2022-272,0000036270,MTB,M&T Bank,0000950170-23-003804,2022,2023-02-22,1.0.3,0.3.0,0,0,0.00000000,111709,4568,0,0.00000000,success,,,,,,,,,,,0,warning_denominator_zero,,,,,,,,,warning_denominator_zero,,,,,,0,0,0,,0,0,warning_denominator_zero,2.89048684,2.77000000,0.79441580,1.19000000,5.00000000,44019,58858,14839,0.74788474,2289,10535,warning_stem_collisions,111829,11.62472620,4568,1292,24.48095447,22.44257945,0.05148039,0,0.00000000,19886,0.15097749,23729064,744160,0.03136070,success,346,1864,-0.68687783,1684,0.01621585,611,0.00588354,142,0.00136737,935,0.00900346,843,0.00811756,,,0.00333176,0.01794914,-0.01461738,0.02128090,5603,103849,warning_denominator_zero,warning_denominator_zero,success,exact-then-unique-porter-1.0.0,baek-smart-porter-1.0.0
S2022-273,0000789570,MGM,MGM Resorts,0000789570-23-000008,2022,2023-02-24,1.0.3,0.3.0,0,0,0.00000000,57534,2474,0,0.00000000,success,,,,,,,,,,,0,warning_denominator_zero,,,,,,,,,warning_denominator_zero,,,,,,0,0,0,,0,0,warning_denominator_zero,2.94673060,2.85000000,0.84885399,1.26000000,5.00000000,21949,30145,8196,0.72811412,2164,4878,warning_stem_collisions,57083,10.95226163,2474,1015,23.07316087,21.28399192,0.03764694,0,0.00000000,11021,0.16182603,3896741,373426,0.09583034,success,314,860,-0.46507666,870,0.01602594,443,0.00816033,118,0.00217363,502,0.00924715,475,0.00874979,,,0.00578407,0.01584173,-0.01005766,0.02162580,2997,54287,warning_denominator_zero,warning_denominator_zero,success,exact-then-unique-porter-1.0.0,baek-smart-porter-1.0.0
S2022-274,0001408198,MSCI,MSCI Inc.,0001408198-23-000011,2022,2023-02-10,1.0.3,0.3.0,1,6,0.12631047,47502,2087,3,0.00143747,success,0,0.00000000,0,0.00000000,0,0.00000000,1,0.00714286,0,0.00000000,140,success,8,1,0.05714286,0.00714286,0.77777778,0.06428571,0.05000000,9,success,2.92828571,2.77500000,0.79666084,1.50000000,4.54000000,70,90,20,0.77777778,53,18,warning_stem_collisions,2.87953950,2.81000000,0.78418959,1.19000000,4.96000000,18697,25351,6654,0.73752515,2034,4709,warning_stem_collisions,47438,10.76717887,2087,955,22.73023479,21.41017473,0.02748851,6,0.12648088,7816,0.14145582,3150226,319064,0.10128289,success,362,792,-0.37261698,846,0.01861591,415,0.00913192,95,0.00209044,400,0.00880185,349,0.00767961,,,0.00796567,0.01742766,-0.00946199,0.02539333,2696,45445,warning_stem_collisions,success,success,exact-then-unique-porter-1.0.0,baek-smart-porter-1.0.0
S2022-275,0001510295,MPC,Marathon Petroleum,0001510295-23-000012,2022,2023-02-23,1.0.3,0.3.0,0,0,0.00000000,64259,3180,0,0.00000000,success,,,,,,,,,,,0,warning_denominator_zero,,,,,,,,,warning_denominator_zero,,,,,,0,0,0,,0,0,warning_denominator_zero,2.95751373,2.86000000,0.86222331,1.26000000,5.00000000,25677,34746,9069,0.73899154,2405,6251,warning_stem_collisions,64002,11.06666961,3180,1416,20.12641509,20.22175285,0.03662386,0,0.00000000,12103,0.15903029,4998021,425654,0.08516451,success,248,1047,-0.61698842,1002,0.01642811,428,0.00701720,127,0.00208221,614,0.01006673,606,0.00993557,,,0.00406604,0.01716590,-0.01309986,0.02123194,3355,60993,warning_denominator_zero,warning_denominator_zero,success,exact-then-unique-porter-1.0.0,baek-smart-porter-1.0.0
S2022-276,0001278021,MKTX,MarketAxess,0000950170-23-003824,2022,2023-02-22,1.0.3,0.3.0,0,0,0.00000000,59732,2605,0,0.00000000,success,,,,,,,,,,,0,warning_denominator_zero,,,,,,,,,warning_denominator_zero,,,,,,0,0,0,,0,0,warning_denominator_zero,2.89401505,2.85000000,0.79295071,1.19000000,5.00000000,23387,31299,7912,0.74721237,1986,5533,warning_stem_collisions,59705,10.99717105,2605,1005,22.91938580,21.50304086,0.03053346,0,0.00000000,8465,0.12417486,6009462,402954,0.06705326,success,463,991,-0.36313618,1039,0.01833551,466,0.00822363,187,0.00330004,686,0.01210602,430,0.00758832,,,0.00817068,0.01748844,-0.00931776,0.02565913,3631,56666,warning_denominator_zero,warning_denominator_zero,success,exact-then-unique-porter-1.0.0,baek-smart-porter-1.0.0
S2022-277,0001048286,MAR,Marriott International,0001628280-23-003485,2022,2023-02-14,1.0.3,0.3.0,0,0,0.00000000,31079,1614,0,0.00000000,success,,,,,,,,,,,0,warning_denominator_zero,,,,,,,,,warning_denominator_zero,,,,,,0,0,0,,0,0,warning_denominator_zero,2.88706393,2.76000000,0.82890182,1.19000000,5.00000000,12200,16026,3826,0.76126295,1728,2928,warning_stem_collisions,31004,10.34187151,1614,590,19.20941760,20.11536441,0.03373758,0,0.00000000,9509,0.23471478,2403244,204698,0.08517570,success,211,625,-0.49521531,533,0.01802015,273,0.00922983,66,0.00223139,259,0.00875651,218,0.00737034,,,0.00713368,0.02113057,-0.01399689,0.02826425,1803,29578,warning_denominator_zero,warning_denominator_zero,success,exact-then-unique-porter-1.0.0,baek-smart-porter-1.0.0
S2022-278,0000062709,MMC,Marsh & McLennan,0000062709-23-000014,2022,2023-02-13,1.0.3,0.3.0,1,4,0.06397850,62521,2787,3,0.00107643,success,2,0.01063830,6,0.03191489,2,0.01063830,0,0.00000000,2,0.01063830,188,success,3,22,0.01595745,0.11702128,-0.76000000,0.13297872,-0.10106383,33,success,2.78662651,2.63000000,0.77092227,1.57000000,4.62000000,83,110,27,0.75454545,72,23,warning_stem_collisions,2.91074656,2.82000000,0.82428648,1.26000000,5.00000000,25276,33471,8195,0.75516118,2237,5548,warning_stem_collisions,62299,11.03970065,2787,1323,22.35342662,20.97713488,0.04317886,4,0.06420649,7462,0.10696521,4533215,415954,0.09175695,success,330,1105,-0.54006969,1209,0.02064056,467,0.00797282,67,0.00114385,735,0.01254823,366,0.00624851,,,0.00563390,0.01886503,-0.01323113,0.02449892,3573,58574,warning_stem_collisions,success,success,exact-then-unique-porter-1.0.0,baek-smart-porter-1.0.0
S2022-279,0000916076,MLM,Martin Marietta Materials,0000950170-23-004361,2022,2023-02-24,1.0.3,0.3.0,0,0,0.00000000,74259,3613,0,0.00000000,success,,,,,,,,,,,0,warning_denominator_zero,,,,,,,,,warning_denominator_zero,,,,,,0,0,0,,0,0,warning_denominator_zero,3.00394451,2.90000000,0.85936820,1.26000000,5.00000000,29446,40355,10909,0.72967414,2373,7496,warning_stem_collisions,73579,11.20611494,3613,1205,20.36507058,20.85238277,0.03536335,0,0.00000000,12182,0.14204592,8284770,500412,0.06040144,success,399,1000,-0.42959257,1135,0.01632037,443,0.00636998,126,0.00181178,546,0.00785103,670,0.00963405,,,0.00573729,0.01437918,-0.00864189,0.02011647,3647,69545,warning_denominator_zero,warning_denominator_zero,success,exact-then-unique-porter-1.0.0,baek-smart-porter-1.0.0
S2022-280,0000062996,MAS,Masco,0000062996-23-000008,2022,2023-02-09,1.0.3,0.3.0,0,0,0.00000000,31310,1736,0,0.00000000,success,,,,,,,,,,,0,warning_denominator_zero,,,,,,,,,warning_denominator_zero,,,,,,0,0,0,,0,0,warning_denominator_zero,2.88156736,2.79000000,0.80446143,1.30000000,5.00000000,12403,16293,3890,0.76124716,1604,3001,warning_stem_collisions,31033,10.34280643,1736,822,17.87615207,19.22282329,0.04366320,0,0.00000000,6785,0.17941192,3313430,208680,0.06298005,success,165,550,-0.53846154,575,0.01960250,227,0.00773872,47,0.00160229,203,0.00692053,235,0.00801145,,,0.00562506,0.01875021,-0.01312515,0.02437528,1678,29333,warning_denominator_zero,warning_denominator_zero,success,exact-then-unique-porter-1.0.0,baek-smart-porter-1.0.0
S2022-281,0001141391,MA,Mastercard,0001141391-23-000020,2022,2023-02-14,1.0.3,0.3.0,1,11,0.20540016,53554,3058,8,0.00261609,success,4,0.01246106,13,0.04049844,3,0.00934579,0,0.00000000,3,0.00934579,321,success,1,7,0.00311526,0.02180685,-0.75000000,0.02492212,-0.01869159,27,success,2.87488000,2.85000000,0.77116599,1.50000000,4.36000000,125,181,56,0.69060773,82,44,warning_stem_collisions,2.90496375,2.82000000,0.81042949,1.23000000,5.00000000,21516,28602,7086,0.75225509,2105,5382,warning_stem_collisions,53513,10.88767989,3058,1354,17.49934598,20.16468879,0.03260890,11,0.20555753,14178,0.20945177,4167959,362380,0.08694423,success,373,1065,-0.48122392,884,0.01736227,490,0.00962388,45,0.00088383,899,0.01765688,349,0.00685456,,,0.00732594,0.02091721,-0.01359128,0.02824315,3352,50915,warning_stem_collisions,success,success,exact-then-unique-porter-1.0.0,baek-smart-porter-1.0.0
S2022-282,0000891103,MTCH,Match Group,0000891103-23-000013,2022,2023-02-24,1.0.3,0.3.0,0,0,0.00000000,47771,2109,0,0.00000000,success,,,,,,,,,,,0,warning_denominator_zero,,,,,,,,,warning_denominator_zero,,,,,,0,0,0,,0,0,warning_denominator_zero,2.90360146,2.83000000,0.81831796,1.23000000,5.00000000,18573,24553,5980,0.75644524,2021,4270,warning_stem_collisions,47605,10.77069308,2109,950,22.57230915,20.54651337,0.03905052,0,0.00000000,9369,0.16444343,3615135,313712,0.08677740,success,250,937,-0.57877001,710,0.01574768,347,0.00769640,88,0.00195183,569,0.01262033,377,0.00836180,,,0.00554496,0.02078250,-0.01523755,0.02632746,2685,45086,warning_denominator_zero,warning_denominator_zero,success,exact-then-unique-porter-1.0.0,baek-smart-porter-1.0.0
S2022-283,0000063754,MKC,McCormick & Company,0000063754-23-000005,2022,2023-01-26,1.0.3,0.3.0,0,0,0.00000000,49071,2188,0,0.00000000,success,,,,,,,,,,,0,warning_denominator_zero,,,,,,,,,warning_denominator_zero,,,,,,0,0,0,,0,0,warning_denominator_zero,2.89479844,2.83000000,0.80095706,1.19000000,5.00000000,19250,25548,6298,0.75348364,1934,4740,warning_stem_collisions,48917,10.79788026,2188,800,22.35694698,20.56033543,0.04429953,0,0.00000000,9885,0.16810653,3548891,322317,0.09082189,success,301,763,-0.43421053,840,0.01818142,309,0.00668817,85,0.00183979,315,0.00681803,330,0.00714270,,,0.00651501,0.01651479,-0.00999978,0.02302980,2482,46201,warning_denominator_zero,warning_denominator_zero,success,exact-then-unique-porter-1.0.0,baek-smart-porter-1.0.0
S2022-284,0000063908,MCD,McDonald's,0000063908-23-000012,2022,2023-02-24,1.0.3,0.3.0,0,0,0.00000000,32783,1596,0,0.00000000,success,,,,,,,,,,,0,warning_denominator_zero,,,,,,,,,warning_denominator_zero,,,,,,0,0,0,,0,0,warning_denominator_zero,2.96412351,2.86000000,0.87082469,1.26000000,5.00000000,13246,17585,4339,0.75325562,1806,3096,warning_stem_collisions,32695,10.39497744,1596,779,20.48558897,21.20476945,0.03847683,0,0.00000000,7237,0.18123310,2441798,221839,0.09085068,success,293,462,-0.22384106,470,0.01530795,228,0.00742598,49,0.00159594,220,0.00716542,204,0.00664430,,,0.00954304,0.01504739,-0.00550435,0.02459043,1585,30703,warning_denominator_zero,warning_denominator_zero,success,exact-then-unique-porter-1.0.0,baek-smart-porter-1.0.0
S2022-285,0000927653,MCK,McKesson Corporation,0000927653-22-000051,2022,2022-05-09,1.0.3,0.3.0,0,0,0.00000000,71505,3393,0,0.00000000,success,,,,,,,,,,,0,warning_denominator_zero,,,,,,,,,warning_denominator_zero,,,,,,0,0,0,,0,0,warning_denominator_zero,2.90918898,2.81000000,0.79653920,1.26000000,5.00000000,27866,38041,10175,0.73252543,2231,6873,warning_stem_collisions,71395,11.17598312,3393,1387,21.04185087,20.44356239,0.04256601,0,0.00000000,10815,0.13155334,4730667,482581,0.10201120,success,299,1774,-0.71152918,1094,0.01627492,451,0.00670931,90,0.00133889,1122,0.01669146,530,0.00788456,,,0.00444808,0.02639096,-0.02194287,0.03083904,4382,67220,warning_denominator_zero,warning_denominator_zero,success,exact-then-unique-porter-1.0.0,baek-smart-porter-1.0.0
S2022-286,0001613103,MDT,Medtronic,0001613103-22-000023,2022,2022-06-23,1.0.3,0.3.0,1,8,0.14201520,56332,2613,6,0.00229621,success,0,0.00000000,0,0.00000000,0,0.00000000,0,0.00000000,0,0.00000000,247,success,7,5,0.02834008,0.02024291,0.16666667,0.04858300,0.00809717,12,success,3.01804878,2.89000000,0.85920899,1.48000000,4.82000000,123,176,53,0.69886364,88,29,warning_stem_collisions,2.90297834,2.85000000,0.81258488,1.19000000,5.00000000,22855,30690,7835,0.74470512,2511,5252,warning_stem_collisions,56271,10.93793458,2613,1127,21.53501722,21.32620985,0.03492030,8,0.14216915,12941,0.18697625,4777542,380564,0.07965686,success,320,1026,-0.52451709,870,0.01625530,420,0.00784739,118,0.00220474,662,0.01236898,375,0.00700660,,,0.00597896,0.01917005,-0.01319108,0.02514901,3157,53521,warning_stem_collisions,success,success,exact-then-unique-porter-1.0.0,baek-smart-porter-1.0.0
S2022-287,0000310158,MRK,Merck & Co.,0001628280-23-005061,2022,2023-02-24,1.0.3,0.3.0,0,0,0.00000000,75085,3269,0,0.00000000,success,,,,,,,,,,,0,warning_denominator_zero,,,,,,,,,warning_denominator_zero,,,,,,0,0,0,,0,0,warning_denominator_zero,2.90125448,2.81000000,0.81510718,1.26000000,5.00000000,28179,40248,12069,0.70013417,2573,7303,warning_stem_collisions,75214,11.22809266,3269,1256,23.00825941,21.91153199,0.03548541,0,0.00000000,13373,0.15095894,6563437,509317,0.07759913,success,616,1337,-0.36917563,1187,0.01669621,418,0.00587954,230,0.00323515,810,0.01139337,422,0.00593580,,,0.00866458,0.01880609,-0.01014150,0.02747067,4271,71094,warning_denominator_zero,warning_denominator_zero,success,exact-then-unique-porter-1.0.0,baek-smart-porter-1.0.0
S2022-288,0001099219,MET,MetLife,0001099219-23-000045,2022,2023-02-23,1.0.3,0.3.0,0,0,0.00000000,131749,6675,0,0.00000000,success,,,,,,,,,,,0,warning_denominator_zero,,,,,,,,,warning_denominator_zero,,,,,,0,0,0,,0,0,warning_denominator_zero,2.82224662,2.72000000,0.78545779,1.26000000,5.00000000,52973,72030,19057,0.73542968,2640,13424,warning_stem_collisions,131066,11.78345629,6675,3176,19.63535581,21.40751060,0.02720004,0,0.00000000,37049,0.22037891,15270559,897893,0.05879896,success,675,2441,-0.56675225,2780,0.02209927,927,0.00736907,199,0.00158193,1760,0.01399091,995,0.00790963,,,0.00536583,0.01940443,-0.01403860,0.02477026,8350,125796,warning_denominator_zero,warning_denominator_zero,success,exact-then-unique-porter-1.0.0,baek-smart-porter-1.0.0
S2022-289,0001326801,META,Meta Platforms,0001326801-23-000013,2022,2023-02-02,1.0.3,0.3.0,1,30,0.45790341,65516,2724,21,0.00770925,success,11,0.01064860,10,0.00968054,6,0.00580833,0,0.00000000,0,0.00000000,1033,success,15,5,0.01452081,0.00484027,0.50000000,0.01936108,0.00968054,41,success,2.96409800,2.89000000,0.82598212,1.44000000,4.93000000,449,584,135,0.76883562,160,115,warning_stem_collisions,2.87185669,2.81000000,0.80671103,1.19000000,5.00000000,24479,32602,8123,0.75084351,2178,6453,warning_stem_collisions,65409,11.08841514,2724,1165,24.01211454,20.41894007,0.02277974,30,0.45865248,6187,0.08641544,2880995,424487,0.14734042,success,428,1845,-0.62340519,1229,0.01937905,657,0.01035967,186,0.00293288,1071,0.01688768,529,0.00834135,,,0.00674877,0.02909223,-0.02234346,0.03584099,4992,63419,warning_stem_collisions,success,success,exact-then-unique-porter-1.0.0,baek-smart-porter-1.0.0
S2022-290,0001037646,MTD,Mettler Toledo,0001037646-23-000005,2022,2023-02-10,1.0.3,0.3.0,0,0,0.00000000,38379,2124,0,0.00000000,success,,,,,,,,,,,0,warning_denominator_zero,,,,,,,,,warning_denominator_zero,,,,,,0,0,0,,0,0,warning_denominator_zero,2.91403279,2.85000000,0.81357068,1.23000000,5.00000000,14821,19826,5005,0.74755372,1895,3682,warning_stem_collisions,38411,10.55609916,2124,998,18.08427495,19.54302919,0.04670537,0,0.00000000,7624,0.16561312,3387063,257632,0.07606354,success,253,571,-0.38592233,687,0.01904471,337,0.00934217,87,0.00241178,230,0.00637596,278,0.00770659,,,0.00701356,0.01582901,-0.00881546,0.02284257,2035,36073,warning_denominator_zero,warning_denominator_zero,success,exact-then-unique-porter-1.0.0,baek-smart-porter-1.0.0
S2022-291,0000827054,MCHP,Microchip Technology,0000827054-22-000094,2022,2022-05-20,1.0.3,0.3.0,1,2,0.03882515,51513,2472,1,0.00040453,success,0,0.00000000,0,0.00000000,0,0.00000000,0,0.00000000,0,0.00000000,54,success,1,1,0.01851852,0.01851852,0.00000000,0.03703704,0.00000000,2,success,3.33090909,3.25000000,0.87755640,1.81000000,4.89000000,33,41,8,0.80487805,31,5,warning_stem_collisions,2.89491699,2.81000000,0.82840302,1.19000000,5.00000000,20360,26482,6122,0.76882411,2064,4719,warning_stem_collisions,51440,10.84817136,2472,1076,20.80906149,19.98371179,0.03246501,2,0.03888025,7503,0.12729247,3246871,340043,0.10472945,success,255,1119,-0.62882096,950,0.01929757,451,0.00916127,173,0.00351419,627,0.01273640,451,0.00916127,,,0.00517987,0.02273050,-0.01755063,0.02791038,3358,49229,warning_stem_collisions,success,success,exact-then-unique-porter-1.0.0,baek-smart-porter-1.0.0
S2022-292,0000723125,MU,Micron Technology,0000723125-22-000048,2022,2022-10-07,1.0.3,0.3.0,1,9,0.22598870,39825,1937,9,0.00464636,success,0,0.00000000,0,0.00000000,0,0.00000000,2,0.00682594,2,0.00682594,293,success,10,0,0.03412969,0.00000000,1.00000000,0.03412969,0.03412969,14,success,3.14617021,3.04000000,0.91228779,1.63000000,4.89000000,141,187,46,0.75401070,95,19,warning_stem_collisions,2.89852307,2.82000000,0.81277298,1.26000000,5.00000000,15390,20922,5532,0.73558933,1910,4157,warning_stem_collisions,39795,10.59149656,1937,841,20.54465669,19.94587118,0.03628597,9,0.22615907,7145,0.15221559,2851205,264520,0.09277481,success,229,1016,-0.63212851,757,0.01993732,458,0.01206247,68,0.00179093,425,0.01119334,383,0.01008718,,,0.00603124,0.02675867,-0.02072744,0.03278991,2694,37969,warning_stem_collisions,success,success,exact-then-unique-porter-1.0.0,baek-smart-porter-1.0.0
S2022-293,0000789019,MSFT,Microsoft,0001564590-22-026876,2022,2022-07-28,1.0.3,0.3.0,1,42,1.06515178,39431,2450,28,0.01142857,success,9,0.01333333,7,0.01037037,8,0.01185185,3,0.00444444,3,0.00444444,675,success,14,15,0.02074074,0.02222222,-0.03448276,0.04296296,-0.00148148,50,success,2.90505495,2.69000000,0.88227400,1.30000000,4.93000000,273,417,144,0.65467626,169,78,warning_stem_collisions,2.93551569,2.86000000,0.83989854,1.19000000,5.00000000,15969,21531,5562,0.74167479,2158,4126,warning_stem_collisions,39406,10.58167337,2450,1029,16.08408163,19.04854613,0.02664569,42,1.06582754,12918,0.24688479,6215855,265698,0.04274521,success,328,685,-0.35241856,602,0.01587134,357,0.00941207,70,0.00184550,372,0.00980754,272,0.00717110,,,0.00864751,0.01805958,-0.00941207,0.02670709,2178,37930,warning_stem_collisions,success,success,exact-then-unique-porter-1.0.0,baek-smart-porter-1.0.0
S2022-294,0000912595,MAA,Mid-America Apartment Communities,0000950170-23-002778,2022,2023-02-14,1.0.3,0.3.0,0,0,0.00000000,60083,2581,0,0.00000000,success,,,,,,,,,,,0,warning_denominator_zero,,,,,,,,,warning_denominator_zero,,,,,,0,0,0,,0,0,warning_denominator_zero,2.87856660,2.80000000,0.80829565,1.26000000,5.00000000,23364,31352,7988,0.74521562,1825,5495,warning_stem_collisions,59847,10.99954658,2581,937,23.18752422,21.48341421,0.03841462,0,0.00000000,14435,0.19432702,15540611,391772,0.02520956,success,326,864,-0.45210084,883,0.01557100,466,0.00821754,117,0.00206320,436,0.00768851,393,0.00693024,,,0.00574875,0.01523595,-0.00948720,0.02098469,2885,56708,warning_denominator_zero,warning_denominator_zero,success,exact-then-unique-porter-1.0.0,baek-smart-porter-1.0.0
S2022-295,0001682852,MRNA,Moderna,0001682852-23-000011,2022,2023-02-24,1.0.3,0.3.0,1,19,0.20022552,94893,4148,13,0.00313404,success,4,0.01360544,0,0.00000000,1,0.00340136,2,0.00680272,0,0.00000000,294,success,8,1,0.02721088,0.00340136,0.77777778,0.03061224,0.02380952,15,success,3.04227273,3.01500000,0.78716714,1.66000000,4.96000000,110,167,57,0.65868263,83,27,warning_stem_collisions,2.87054943,2.74000000,0.81583995,1.19000000,5.00000000,35655,50236,14581,0.70974998,3240,9013,warning_stem_collisions,95612,11.46805361,4148,1860,23.05014465,20.84885027,0.02738150,19,0.19871983,6379,0.06254473,3361409,640849,0.19064892,success,967,2138,-0.37713366,1743,0.01898569,1057,0.01151341,285,0.00310437,1048,0.01141538,702,0.00764656,,,0.01053308,0.02328824,-0.01275516,0.03382132,6579,91806,warning_stem_collisions,success,success,exact-then-unique-porter-1.0.0,baek-smart-porter-1.0.0
S2022-296,0000851968,MHK,Mohawk Industries,0000851968-23-000033,2022,2023-02-22,1.0.3,0.3.0,0,0,0.00000000,36436,1854,0,0.00000000,success,,,,,,,,,,,0,warning_denominator_zero,,,,,,,,,warning_denominator_zero,,,,,,0,0,0,,0,0,warning_denominator_zero,3.00487599,2.90000000,0.85909185,1.29000000,5.00000000,14434,19816,5382,0.72840129,1809,3711,warning_stem_collisions,36261,10.49849806,1854,818,19.55825243,20.50903611,0.03990513,0,0.00000000,6393,0.14988043,3015795,247457,0.08205365,success,212,793,-0.57810945,634,0.01860656,243,0.00713154,72,0.00211305,409,0.01200329,272,0.00798263,,,0.00622175,0.02327288,-0.01705112,0.02949463,2166,34074,warning_denominator_zero,warning_denominator_zero,success,exact-then-unique-porter-1.0.0,baek-smart-porter-1.0.0
S2022-297,0001179929,MOH,Molina Healthcare,0001179929-23-000025,2022,2023-02-13,1.0.3,0.3.0,0,0,0.00000000,46215,2313,0,0.00000000,success,,,,,,,,,,,0,warning_denominator_zero,,,,,,,,,warning_denominator_zero,,,,,,0,0,0,,0,0,warning_denominator_zero,2.82392780,2.74000000,0.76599470,1.19000000,5.00000000,18005,24302,6297,0.74088552,2008,4396,warning_stem_collisions,46078,10.73809089,2313,1081,19.92131431,20.00585016,0.03954165,0,0.00000000,6488,0.12342579,2865558,307837,0.10742655,success,284,958,-0.54267311,846,0.01931639,367,0.00837957,132,0.00301391,780,0.01780944,361,0.00824257,,,0.00648446,0.02187364,-0.01538918,0.02835811,3105,43797,warning_denominator_zero,warning_denominator_zero,success,exact-then-unique-porter-1.0.0,baek-smart-porter-1.0.0
S2022-298,0000024545,TAP,Molson Coors Beverage Company,0000024545-23-000006,2022,2023-02-21,1.0.3,0.3.0,0,0,0.00000000,68049,3013,0,0.00000000,success,,,,,,,,,,,0,warning_denominator_zero,,,,,,,,,warning_denominator_zero,,,,,,0,0,0,,0,0,warning_denominator_zero,2.89593729,2.76000000,0.83306178,1.04000000,5.00000000,26534,35724,9190,0.74274997,2423,6297,warning_stem_collisions,68134,11.12923163,3013,1198,22.61334218,20.86409964,0.03008777,0,0.00000000,11376,0.14307634,4674462,449701,0.09620380,success,320,1380,-0.62352941,1365,0.02087826,587,0.00897842,99,0.00151425,596,0.00911608,569,0.00870310,,,0.00489454,0.02110770,-0.01621316,0.02600223,4054,65379,warning_denominator_zero,warning_denominator_zero,success,exact-then-unique-porter-1.0.0,baek-smart-porter-1.0.0
S2022-299,0001103982,MDLZ,Mondelez International,0001103982-23-000006,2022,2023-02-03,1.0.3,0.3.0,0,0,0.00000000,57518,2624,0,0.00000000,success,,,,,,,,,,,0,warning_denominator_zero,,,,,,,,,warning_denominator_zero,,,,,,0,0,0,,0,0,warning_denominator_zero,2.92886904,2.83000000,0.82975385,1.19000000,5.00000000,23458,31614,8156,0.74201303,2212,5837,warning_stem_collisions,57247,10.95513052,2624,1072,21.81669207,21.27486376,0.03909375,0,0.00000000,14120,0.19785055,5553878,386134,0.06952511,success,495,1099,-0.37892095,1049,0.01936997,404,0.00745993,89,0.00164340,444,0.00819854,389,0.00718295,,,0.00914026,0.02029323,-0.01115297,0.02943349,3350,54156,warning_denominator_zero,warning_denominator_zero,success,exact-then-unique-porter-1.0.0,baek-smart-porter-1.0.0
S2022-300,0001280452,MPWR,Monolithic Power Systems,0001437749-23-004540,2022,2023-02-24,1.0.3,0.3.0,0,0,0.00000000,38464,1912,0,0.00000000,success,,,,,,,,,,,0,warning_denominator_zero,,,,,,,,,warning_denominator_zero,,,,,,0,0,0,,0,0,warning_denominator_zero,2.87665541,2.82000000,0.80172672,1.19000000,5.00000000,14516,19290,4774,0.75251426,1747,3626,warning_stem_collisions,38336,10.55414468,1912,692,20.05020921,20.27278214,0.02984140,0,0.00000000,9247,0.19433411,2141755,252778,0.11802377,success,264,886,-0.54086957,880,0.02395405,520,0.01415467,144,0.00391975,401,0.01091543,330,0.00898277,,,0.00718622,0.02411737,-0.01693116,0.03130359,2725,36737,warning_denominator_zero,warning_denominator_zero,success,exact-then-unique-porter-1.0.0,baek-smart-porter-1.0.0
S2022-301,0000865752,MNST,Monster Beverage,0001104659-23-027245,2022,2023-03-01,1.0.3,0.3.0,0,0,0.00000000,58344,2690,0,0.00000000,success,,,,,,,,,,,0,warning_denominator_zero,,,,,,,,,warning_denominator_zero,,,,,,0,0,0,,0,0,warning_denominator_zero,3.03910164,2.96000000,0.86921937,1.26000000,5.00000000,23710,31760,8050,0.74653652,2246,5459,warning_stem_collisions,58246,10.97243070,2690,1023,21.65278810,21.36514714,0.03948769,0,0.00000000,13354,0.18650838,3984264,393589,0.09878587,success,211,981,-0.64597315,941,0.01716120,449,0.00818850,100,0.00182372,512,0.00933744,419,0.00764138,,,0.00384805,0.01789069,-0.01404264,0.02173873,2983,54833,warning_denominator_zero,warning_denominator_zero,success,exact-then-unique-porter-1.0.0,baek-smart-porter-1.0.0
S2022-302,0001059556,MCO,Moody's Corporation,0001059556-23-000016,2022,2023-02-15,1.0.3,0.3.0,0,0,0.00000000,44485,2317,0,0.00000000,success,,,,,,,,,,,0,warning_denominator_zero,,,,,,,,,warning_denominator_zero,,,,,,0,0,0,,0,0,warning_denominator_zero,2.84926243,2.73000000,0.79663426,1.26000000,5.00000000,17029,23889,6860,0.71283854,1940,4689,warning_stem_collisions,44634,10.70625118,2317,1193,19.26370306,21.52968710,0.03763947,0,0.00000000,18886,0.29732368,6077699,301467,0.04960216,success,224,783,-0.55511420,854,0.02044579,279,0.00667959,87,0.00208288,515,0.01232972,350,0.00837942,,,0.00536283,0.01874596,-0.01338313,0.02410879,2643,41769,warning_denominator_zero,warning_denominator_zero,success,exact-then-unique-porter-1.0.0,baek-smart-porter-1.0.0
S2022-303,0000895421,MS,Morgan Stanley,0000895421-23-000284,2022,2023-02-24,1.0.3,0.3.0,0,0,0.00000000,118300,6241,0,0.00000000,success,,,,,,,,,,,0,warning_denominator_zero,,,,,,,,,warning_denominator_zero,,,,,,0,0,0,,0,0,warning_denominator_zero,2.83604287,2.72000000,0.79456507,1.19000000,5.00000000,48702,65548,16846,0.74299750,2416,11788,warning_stem_collisions,118607,11.68357079,6241,2353,19.00448646,20.35746373,0.01870885,0,0.00000000,29436,0.19883412,12034542,804312,0.06683362,success,370,2281,-0.72086005,2521,0.02204153,661,0.00577923,180,0.00157377,1517,0.01326339,1237,0.01081530,,,0.00323497,0.01994317,-0.01670820,0.02317814,7698,114375,warning_denominator_zero,warning_denominator_zero,success,exact-then-unique-porter-1.0.0,baek-smart-porter-1.0.0
S2022-304,0001285785,MOS,Mosaic Company (The),0001618034-23-000003,2022,2023-02-23,1.0.3,0.3.0,0,0,0.00000000,79889,4225,0,0.00000000,success,,,,,,,,,,,0,warning_denominator_zero,,,,,,,,,warning_denominator_zero,,,,,,0,0,0,,0,0,warning_denominator_zero,3.06036361,2.93000000,0.88441430,1.04000000,5.00000000,30527,41930,11403,0.72804674,2708,7187,warning_stem_collisions,79527,11.28385187,4225,1736,18.82295858,19.10687111,0.04138217,0,0.00000000,17511,0.18045508,5021313,521089,0.10377545,success,323,1013,-0.51646707,1057,0.01401504,423,0.00560867,102,0.00135244,726,0.00962622,566,0.00750474,,,0.00428274,0.01343163,-0.00914889,0.01771437,3599,75419,warning_denominator_zero,warning_denominator_zero,success,exact-then-unique-porter-1.0.0,baek-smart-porter-1.0.0
S2022-305,0000068505,MSI,Motorola Solutions,0000068505-23-000015,2022,2023-02-16,1.0.3,0.3.0,1,26,0.45711071,56879,2723,22,0.00807932,success,17,0.02225131,18,0.02356021,13,0.01701571,2,0.00261780,2,0.00261780,764,success,5,18,0.00654450,0.02356021,-0.56521739,0.03010471,-0.01701571,61,success,2.99310680,2.72000000,0.95725000,1.30000000,5.00000000,309,430,121,0.71860465,158,84,warning_stem_collisions,2.92928587,2.86000000,0.80741696,1.04000000,5.00000000,22531,30037,7506,0.75010820,2192,5542,warning_stem_collisions,56601,10.94378193,2723,1050,20.78626515,20.80164637,0.04075900,26,0.45935584,12262,0.17806369,4415566,378421,0.08570158,success,339,933,-0.46698113,854,0.01598802,407,0.00761958,114,0.00213423,690,0.01291772,431,0.00806889,,,0.00634653,0.01746700,-0.01112047,0.02381354,3196,53415,warning_stem_collisions,success,success,exact-then-unique-porter-1.0.0,baek-smart-porter-1.0.0
S2022-306,0001013871,NRG,NRG Energy,0001013871-23-000004,2022,2023-02-23,1.0.3,0.3.0,0,0,0.00000000,67386,3354,0,0.00000000,success,,,,,,,,,,,0,warning_denominator_zero,,,,,,,,,warning_denominator_zero,,,,,,0,0,0,,0,0,warning_denominator_zero,2.90592314,2.83000000,0.81458710,1.26000000,5.00000000,26231,36369,10138,0.72124612,2366,6349,warning_stem_collisions,66956,11.11179097,3354,1396,19.96302922,21.04737738,0.03865225,0,0.00000000,20523,0.23460488,6272735,443797,0.07075016,success,299,1144,-0.58558559,1180,0.01874117,498,0.00790941,137,0.00217588,852,0.01353176,657,0.01043470,,,0.00474882,0.01816940,-0.01342058,0.02291822,4027,62963,warning_denominator_zero,warning_denominator_zero,success,exact-then-unique-porter-1.0.0,baek-smart-porter-1.0.0
S2022-307,0000906163,NVR,"NVR, Inc.",0000906163-23-000023,2022,2023-02-15,1.0.3,0.3.0,0,0,0.00000000,29596,1611,0,0.00000000,success,,,,,,,,,,,0,warning_denominator_zero,,,,,,,,,warning_denominator_zero,,,,,,0,0,0,,0,0,warning_denominator_zero,2.89801089,2.83000000,0.79907660,1.19000000,4.96000000,11573,15164,3591,0.76318913,1360,2770,warning_stem_collisions,29487,10.29170477,1611,662,18.30353818,18.99280307,0.04713942,0,0.00000000,5815,0.16472155,2358365,194047,0.08228031,success,128,491,-0.58642973,509,0.01828436,181,0.00650190,82,0.00294561,313,0.01124362,292,0.01048926,,,0.00459803,0.01763776,-0.01303973,0.02223579,1706,27838,warning_denominator_zero,warning_denominator_zero,success,exact-then-unique-porter-1.0.0,baek-smart-porter-1.0.0
S2022-308,0001413447,NXPI,NXP Semiconductors,0001413447-23-000006,2022,2023-03-01,1.0.3,0.3.0,1,1,0.02105307,47499,2213,1,0.00045188,success,0,0.00000000,0,0.00000000,0,0.00000000,0,0.00000000,0,0.00000000,25,success,0,0,0.00000000,0.00000000,,0.00000000,0.00000000,0,success,3.32000000,3.14000000,0.83520275,2.03000000,4.62000000,11,16,5,0.68750000,10,3,warning_stem_collisions,2.88892600,2.82000000,0.80759967,1.19000000,5.00000000,18594,24712,6118,0.75242797,2262,4511,warning_stem_collisions,47425,10.76690479,2213,1024,21.43018527,20.69683440,0.03487612,1,0.02108593,8382,0.15019621,3106633,315496,0.10155561,success,305,998,-0.53184958,823,0.01822651,385,0.00852638,100,0.00221464,426,0.00943438,356,0.00788413,,,0.00675466,0.02210214,-0.01534748,0.02885680,2815,45154,warning_stem_collisions,success,success,exact-then-unique-porter-1.0.0,baek-smart-porter-1.0.0
S2022-309,0001120193,NDAQ,"Nasdaq, Inc.",0001120193-23-000014,2022,2023-02-23,1.0.3,0.3.0,1,8,0.09441422,84733,4002,6,0.00149925,success,0,0.00000000,0,0.00000000,0,0.00000000,3,0.01657459,0,0.00000000,181,success,4,1,0.02209945,0.00552486,0.60000000,0.02762431,0.01657459,8,success,2.98666667,2.78000000,0.80337785,1.67000000,4.70000000,96,126,30,0.76190476,63,15,warning_stem_collisions,2.90587867,2.82000000,0.80634140,1.26000000,5.00000000,33249,45319,12070,0.73366579,2340,8199,warning_stem_collisions,84556,11.34516932,4002,1591,21.12843578,20.17956158,0.02981456,8,0.09461185,10327,0.10883931,4006937,567024,0.14151059,success,488,1458,-0.49845838,1220,0.01510537,501,0.00620311,165,0.00204294,950,0.01176238,753,0.00932323,,,0.00604215,0.01805215,-0.01201000,0.02409430,4723,80766,warning_stem_collisions,success,success,exact-then-unique-porter-1.0.0,baek-smart-porter-1.0.0
S2022-310,0001002047,NTAP,NetApp,0000950170-22-011708,2022,2022-06-16,1.0.3,0.3.0,1,5,0.07925689,63086,2854,4,0.00140154,success,3,0.02380952,2,0.01587302,0,0.00000000,0,0.00000000,3,0.02380952,126,success,2,0,0.01587302,0.00000000,1.00000000,0.01587302,0.01587302,8,success,2.94731343,2.69000000,0.89869322,1.50000000,4.93000000,67,82,15,0.81707317,50,11,warning_stem_collisions,2.89264478,2.82000000,0.81367416,1.19000000,5.00000000,25072,33247,8175,0.75411315,2109,6218,warning_stem_collisions,62998,11.05085826,2854,1001,22.07358094,20.35518657,0.02906441,5,0.07936760,8932,0.12417628,6452260,419326,0.06498901,success,314,1151,-0.57133106,1157,0.01915024,523,0.00865650,128,0.00211861,708,0.01171856,541,0.00895443,,,0.00519721,0.01905093,-0.01385372,0.02424814,3762,60417,warning_stem_collisions,success,success,exact-then-unique-porter-1.0.0,baek-smart-porter-1.0.0
S2022-311,0001065280,NFLX,Netflix,0001065280-23-000035,2022,2023-01-26,1.0.3,0.3.0,0,0,0.00000000,27339,1325,0,0.00000000,success,,,,,,,,,,,0,warning_denominator_zero,,,,,,,,,warning_denominator_zero,,,,,,0,0,0,,0,0,warning_denominator_zero,2.84989866,2.74000000,0.78427305,1.26000000,5.00000000,10953,14011,3058,0.78174292,1620,2376,warning_stem_collisions,27330,10.21574028,1325,554,20.62641509,20.30601021,0.02714965,0,0.00000000,5374,0.16432241,1965558,181549,0.09236512,success,160,554,-0.55182073,591,0.02249115,352,0.01339575,48,0.00182669,267,0.01016098,265,0.01008487,,,0.00608898,0.02108308,-0.01499410,0.02717205,1796,26277,warning_denominator_zero,warning_denominator_zero,success,exact-then-unique-porter-1.0.0,baek-smart-porter-1.0.0
S2022-312,0000814453,NWL,Newell Brands,0000814453-23-000026,2022,2023-02-15,1.0.3,0.3.0,0,0,0.00000000,51925,2406,0,0.00000000,success,,,,,,,,,,,0,warning_denominator_zero,,,,,,,,,warning_denominator_zero,,,,,,0,0,0,,0,0,warning_denominator_zero,2.92955126,2.85000000,0.82620210,1.26000000,5.00000000,20970,28254,7284,0.74219580,2074,5176,warning_stem_collisions,51836,10.85584017,2406,985,21.54447215,21.64068539,0.03719423,0,0.00000000,12437,0.19350271,4428694,352185,0.07952344,success,314,1081,-0.54982079,935,0.01916101,382,0.00782835,105,0.00215177,489,0.01002111,438,0.00897596,,,0.00643482,0.02215300,-0.01571818,0.02858782,3091,48797,warning_denominator_zero,warning_denominator_zero,success,exact-then-unique-porter-1.0.0,baek-smart-porter-1.0.0
S2022-313,0001164727,NEM,Newmont,0001164727-23-000011,2022,2023-02-23,1.0.3,0.3.0,0,0,0.00000000,98147,4728,0,0.00000000,success,,,,,,,,,,,0,warning_denominator_zero,,,,,,,,,warning_denominator_zero,,,,,,0,0,0,,0,0,warning_denominator_zero,2.96400847,2.82000000,0.87901057,1.19000000,5.00000000,38264,53147,14883,0.71996538,2789,9813,warning_stem_collisions,97690,11.48955448,4728,2023,20.66201354,20.89150386,0.03951274,0,0.00000000,25193,0.20501615,9738049,653960,0.06715514,success,428,1755,-0.60787907,1576,0.01704337,671,0.00725641,171,0.00184925,861,0.00931113,712,0.00769979,,,0.00462853,0.01897913,-0.01435060,0.02360766,5168,92470,warning_denominator_zero,warning_denominator_zero,success,exact-then-unique-porter-1.0.0,baek-smart-porter-1.0.0
S2022-314,0001564708,NWSA|NWS,News Corp (Class A)|News Corp (Class B),0001564708-22-000265,2022,2022-08-12,1.0.3,0.3.0,0,0,0.00000000,70949,3089,0,0.00000000,success,,,,,,,,,,,0,warning_denominator_zero,,,,,,,,,warning_denominator_zero,,,,,,0,0,0,,0,0,warning_denominator_zero,2.96177068,2.89000000,0.83341672,1.19000000,5.00000000,28379,38670,10291,0.73387639,2339,6702,warning_stem_collisions,70896,11.16896929,3089,1386,22.95111687,21.32281170,0.03808395,0,0.00000000,11357,0.13807399,4732412,477385,0.10087562,success,362,1055,-0.48906140,1091,0.01632183,420,0.00628338,128,0.00191493,494,0.00739045,523,0.00782430,,,0.00541568,0.01578325,-0.01036758,0.02119893,3415,66843,warning_denominator_zero,warning_denominator_zero,success,exact-then-unique-porter-1.0.0,baek-smart-porter-1.0.0
S2022-315,0000753308,NEE,NextEra Energy,0000753308-23-000019,2022,2023-02-17,1.0.3,0.3.0,0,0,0.00000000,65297,2872,0,0.00000000,success,,,,,,,,,,,0,warning_denominator_zero,,,,,,,,,warning_denominator_zero,,,,,,0,0,0,,0,0,warning_denominator_zero,2.87521398,2.76000000,0.79915843,1.19000000,5.00000000,25142,35372,10230,0.71078819,1974,6025,warning_stem_collisions,64443,11.07353639,2872,1219,22.43837047,22.06044859,0.03918191,0,0.00000000,16726,0.20606389,5772498,432222,0.07487608,success,218,915,-0.61518094,1079,0.01782175,378,0.00624339,99,0.00163517,834,0.01377511,544,0.00898520,,,0.00360069,0.01511298,-0.01151229,0.01871366,3543,60544,warning_denominator_zero,warning_denominator_zero,success,exact-then-unique-porter-1.0.0,baek-smart-porter-1.0.0
S2022-316,0001111711,NI,NiSource,0001111711-23-000006,2022,2023-02-22,1.0.3,0.3.0,0,0,0.00000000,57225,3209,0,0.00000000,success,,,,,,,,,,,0,warning_denominator_zero,,,,,,,,,warning_denominator_zero,,,,,,0,0,0,,0,0,warning_denominator_zero,2.86260659,2.74000000,0.79609441,1.26000000,5.00000000,22961,30541,7580,0.75180904,2187,5426,warning_stem_collisions,56984,10.95052581,3209,1232,17.75755687,20.19423489,0.03504492,0,0.00000000,14271,0.20028068,5386431,380828,0.07070136,success,256,944,-0.57333333,977,0.01797310,423,0.00778160,153,0.00281462,760,0.01398113,519,0.00954764,,,0.00470943,0.01736603,-0.01265660,0.02207546,3477,54359,warning_denominator_zero,warning_denominator_zero,success,exact-then-unique-porter-1.0.0,baek-smart-porter-1.0.0
S2022-317,0000320187,NKE,"Nike, Inc.",0000320187-22-000038,2022,2022-07-21,1.0.3,0.3.0,0,0,0.00000000,50362,2285,0,0.00000000,success,,,,,,,,,,,0,warning_denominator_zero,,,,,,,,,warning_denominator_zero,,,,,,0,0,0,,0,0,warning_denominator_zero,2.88747756,2.77000000,0.82336083,1.19000000,5.00000000,20274,26966,6692,0.75183564,2112,4924,warning_stem_collisions,50401,10.82776630,2285,930,22.05733042,20.64319871,0.03507867,0,0.00000000,9270,0.15535185,3436845,336466,0.09789967,success,283,994,-0.55677369,1161,0.02424204,592,0.01236115,92,0.00192099,467,0.00975111,323,0.00674434,,,0.00590913,0.02075503,-0.01484590,0.02666416,3175,47892,warning_denominator_zero,warning_denominator_zero,success,exact-then-unique-porter-1.0.0,baek-smart-porter-1.0.0
S2022-318,0000072331,NDSN,Nordson Corporation,0000072331-22-000185,2022,2022-12-19,1.0.3,0.3.0,0,0,0.00000000,31495,1671,0,0.00000000,success,,,,,,,,,,,0,warning_denominator_zero,,,,,,,,,warning_denominator_zero,,,,,,0,0,0,,0,0,warning_denominator_zero,2.88202619,2.76000000,0.79690132,1.25000000,5.00000000,12753,16614,3861,0.76760563,1870,2913,warning_stem_collisions,31234,10.34926252,1671,753,18.69180132,20.31178630,0.04303003,0,0.00000000,8385,0.21164088,3431099,211168,0.06154529,success,226,527,-0.39973440,516,0.01745248,228,0.00771156,48,0.00162349,279,0.00943651,260,0.00879388,,,0.00764392,0.01782453,-0.01018061,0.02546844,1765,29566,warning_denominator_zero,warning_denominator_zero,success,exact-then-unique-porter-1.0.0,baek-smart-porter-1.0.0
S2022-319,0000702165,NSC,Norfolk Southern,0000702165-23-000010,2022,2023-02-03,1.0.3,0.3.0,0,0,0.00000000,26246,1658,0,0.00000000,success,,,,,,,,,,,0,warning_denominator_zero,,,,,,,,,warning_denominator_zero,,,,,,0,0,0,,0,0,warning_denominator_zero,2.94114763,2.85000000,0.83057198,1.19000000,5.00000000,10526,13822,3296,0.76153957,1696,2434,warning_stem_collisions,26233,10.17477344,1658,707,15.82207479,19.20635752,0.04509587,0,0.00000000,10993,0.29530436,2792026,175023,0.06268674,success,120,490,-0.60655738,366,0.01478668,167,0.00674693,56,0.00226244,315,0.01272624,157,0.00634292,,,0.00484809,0.01979638,-0.01494829,0.02464447,1398,24752,warning_denominator_zero,warning_denominator_zero,success,exact-then-unique-porter-1.0.0,baek-smart-porter-1.0.0
S2022-320,0000073124,NTRS,Northern Trust,0000073124-23-000049,2022,2023-02-28,1.0.3,0.3.0,1,2,0.02258713,88546,4226,1,0.00023663,success,0,0.00000000,0,0.00000000,0,0.00000000,0,0.00000000,1,0.01428571,70,success,2,0,0.02857143,0.00000000,1.00000000,0.02857143,0.02857143,3,success,2.99034483,3.07000000,0.87117235,1.63000000,4.93000000,29,42,13,0.69047619,25,10,warning_stem_collisions,2.82111691,2.72000000,0.79677911,1.19000000,5.00000000,36968,48938,11970,0.75540480,2468,8625,warning_stem_collisions,88492,11.39066743,4226,1787,20.93989588,21.19054326,0.03689599,2,0.02260091,22604,0.20346367,9768656,602866,0.06171432,success,387,1682,-0.62590623,1817,0.02169604,509,0.00607776,131,0.00156422,911,0.01087787,727,0.00868080,,,0.00462101,0.02008406,-0.01546306,0.02470507,5454,83748,warning_stem_collisions,success,success,exact-then-unique-porter-1.0.0,baek-smart-porter-1.0.0
S2022-321,0001133421,NOC,Northrop Grumman,0001133421-23-000006,2022,2023-01-26,1.0.3,0.3.0,1,4,0.08450050,47337,2498,4,0.00160128,success,2,0.01307190,0,0.00000000,0,0.00000000,0,0.00000000,2,0.01307190,153,success,7,5,0.04575163,0.03267974,0.16666667,0.07843137,0.01307190,16,success,2.89049383,2.90000000,0.85626796,1.63000000,4.83000000,81,105,24,0.77142857,51,20,warning_stem_collisions,2.86984716,2.79000000,0.80106798,1.19000000,5.00000000,18974,25617,6643,0.74068002,2174,4759,warning_stem_collisions,47461,10.76766360,2498,1213,18.99959968,19.97058037,0.03324835,4,0.08427972,12206,0.20456869,3881685,321721,0.08288179,success,304,1044,-0.54896142,850,0.01878536,353,0.00780145,70,0.00154703,718,0.01586810,356,0.00786775,,,0.00671853,0.02307284,-0.01635431,0.02979137,3180,45248,warning_stem_collisions,success,success,exact-then-unique-porter-1.0.0,baek-smart-porter-1.0.0
S2022-322,0001513761,NCLH,Norwegian Cruise Line Holdings,0001558370-23-002361,2022,2023-02-28,1.0.3,0.3.0,1,1,0.01420192,70413,3051,1,0.00032776,success,0,0.00000000,0,0.00000000,0,0.00000000,0,0.00000000,0,0.00000000,57,success,1,0,0.01754386,0.00000000,1.00000000,0.01754386,0.01754386,1,success,3.04481481,2.97000000,0.77686154,2.00000000,4.80000000,27,37,10,0.72972973,26,5,warning_stem_collisions,2.90709983,2.79000000,0.82960991,1.19000000,5.00000000,26726,35684,8958,0.74896312,2427,6467,warning_stem_collisions,70500,11.16336799,3051,978,23.10717797,21.20864132,0.03967376,1,0.01418440,16759,0.19206042,3701011,458672,0.12393154,success,451,1125,-0.42766497,1106,0.01654500,564,0.00843705,196,0.00293202,816,0.01220680,713,0.01066599,,,0.00674665,0.01682922,-0.01008258,0.02357587,4198,66848,warning_stem_collisions,success,success,exact-then-unique-porter-1.0.0,baek-smart-porter-1.0.0
S2022-323,0000073309,NUE,Nucor,0001564590-23-002793,2022,2023-03-01,1.0.3,0.3.0,0,0,0.00000000,38434,1986,0,0.00000000,success,,,,,,,,,,,0,warning_denominator_zero,,,,,,,,,warning_denominator_zero,,,,,,0,0,0,,0,0,warning_denominator_zero,3.03383207,2.90000000,0.89298918,1.26000000,5.00000000,14530,20240,5710,0.71788538,1924,3850,warning_stem_collisions,38290,10.55294404,1986,670,19.27995972,19.87109067,0.04460695,0,0.00000000,12090,0.23997618,5179676,251039,0.04846616,success,227,492,-0.36856745,560,0.01556507,156,0.00433598,100,0.00277948,236,0.00655956,265,0.00736561,,,0.00630941,0.01367502,-0.00736561,0.01998443,1729,35978,warning_denominator_zero,warning_denominator_zero,success,exact-then-unique-porter-1.0.0,baek-smart-porter-1.0.0
S2022-324,0001045810,NVDA,Nvidia,0001045810-22-000036,2022,2022-03-18,1.0.3,0.3.0,1,106,2.60987320,40615,1908,71,0.03721174,success,20,0.00840689,13,0.00546448,14,0.00588483,2,0.00084069,14,0.00588483,2379,success,22,28,0.00924758,0.01176965,-0.12000000,0.02101723,-0.00252207,97,success,3.13541414,3.14000000,0.88888909,1.30000000,5.00000000,990,1518,528,0.65217391,440,218,warning_stem_collisions,2.90609249,2.82000000,0.81767814,1.19000000,5.00000000,16197,21856,5659,0.74107796,2169,3782,warning_stem_collisions,40636,10.61240965,1908,924,21.29769392,20.05058094,0.02953047,106,2.60852446,5536,0.11989951,2548428,271504,0.10653783,success,234,802,-0.54826255,714,0.01833402,403,0.01034819,77,0.00197720,428,0.01099014,297,0.00762634,,,0.00600863,0.02059367,-0.01458505,0.02660230,2422,38944,warning_stem_collisions,success,success,exact-then-unique-porter-1.0.0,baek-smart-porter-1.0.0
S2022-325,0001097864,ON,ON Semiconductor,0001628280-23-002350,2022,2023-02-06,1.0.3,0.3.0,1,1,0.02114657,47289,2121,1,0.00047148,success,0,0.00000000,0,0.00000000,0,0.00000000,0,0.00000000,0,0.00000000,43,success,1,0,0.02325581,0.00000000,1.00000000,0.02325581,0.02325581,1,success,3.14100000,3.05500000,0.90585264,2.00000000,5.00000000,20,27,7,0.74074074,20,5,warning_stem_collisions,2.86751390,2.76000000,0.79764784,1.26000000,5.00000000,18161,24108,5947,0.75331840,1971,4345,warning_stem_collisions,47002,10.75794543,2121,997,22.16030174,21.68142179,0.03987064,1,0.02127569,9880,0.17369291,3671440,314029,0.08553292,success,259,811,-0.51588785,863,0.01936454,433,0.00971593,102,0.00228874,473,0.01061347,392,0.00879594,,,0.00581161,0.01819773,-0.01238612,0.02400933,2740,44566,warning_stem_collisions,success,success,exact-then-unique-porter-1.0.0,baek-smart-porter-1.0.0
S2022-326,0000797468,OXY,Occidental Petroleum,0000797468-23-000011,2022,2023-02-27,1.0.3,0.3.0,0,0,0.00000000,57577,3056,0,0.00000000,success,,,,,,,,,,,0,warning_denominator_zero,,,,,,,,,warning_denominator_zero,,,,,,0,0,0,,0,0,warning_denominator_zero,2.91872374,2.79000000,0.84767332,1.19000000,5.00000000,21900,31622,9722,0.69255582,2288,6270,warning_stem_collisions,57293,10.95593373,3056,1215,18.74770942,20.82597283,0.03925436,0,0.00000000,16394,0.22248158,5413605,389112,0.07187669,success,343,980,-0.48148148,908,0.01685320,351,0.00651484,91,0.00168903,728,0.01351226,439,0.00814819,,,0.00636635,0.01818958,-0.01182323,0.02455593,3213,53877,warning_denominator_zero,warning_denominator_zero,success,exact-then-unique-porter-1.0.0,baek-smart-porter-1.0.0
S2022-327,0000878927,ODFL,Old Dominion,0000950170-23-003783,2022,2023-02-22,1.0.3,0.3.0,0,0,0.00000000,32980,1572,0,0.00000000,success,,,,,,,,,,,0,warning_denominator_zero,,,,,,,,,warning_denominator_zero,,,,,,0,0,0,,0,0,warning_denominator_zero,2.92695062,2.86000000,0.82885084,1.19000000,5.00000000,13042,17062,4020,0.76438870,1606,3088,warning_stem_collisions,32834,10.39921984,1572,632,20.88676845,20.06462846,0.03496376,0,0.00000000,5243,0.13769467,2841280,218933,0.07705436,success,164,648,-0.59605911,657,0.02100854,366,0.01170339,42,0.00134301,285,0.00911329,291,0.00930515,,,0.00524414,0.02072075,-0.01547661,0.02596489,1979,31273,warning_denominator_zero,warning_denominator_zero,success,exact-then-unique-porter-1.0.0,baek-smart-porter-1.0.0
S2022-328,0000029989,OMC,Omnicom Group,0000029989-23-000005,2022,2023-02-08,1.0.3,0.3.0,0,0,0.00000000,33819,1783,0,0.00000000,success,,,,,,,,,,,0,warning_denominator_zero,,,,,,,,,warning_denominator_zero,,,,,,0,0,0,,0,0,warning_denominator_zero,2.88174570,2.76000000,0.78466624,1.19000000,5.00000000,13433,17780,4347,0.75551181,1411,3249,warning_stem_collisions,33750,10.42673570,1783,620,18.92877173,19.81634655,0.03466667,0,0.00000000,7641,0.18460535,2422087,223847,0.09241906,success,147,423,-0.48421053,469,0.01456567,174,0.00540389,41,0.00127333,232,0.00720519,287,0.00891332,,,0.00456536,0.01313705,-0.00857169,0.01770241,1519,32199,warning_denominator_zero,warning_denominator_zero,success,exact-then-unique-porter-1.0.0,baek-smart-porter-1.0.0
S2022-329,0001039684,OKE,Oneok,0001039684-23-000016,2022,2023-02-28,1.0.3,0.3.0,0,0,0.00000000,51358,2443,0,0.00000000,success,,,,,,,,,,,0,warning_denominator_zero,,,,,,,,,warning_denominator_zero,,,,,,0,0,0,,0,0,warning_denominator_zero,2.93108179,2.85000000,0.84213968,1.26000000,5.00000000,20540,27381,6841,0.75015522,2168,4792,warning_stem_collisions,50851,10.83665507,2443,1075,20.81498158,21.22447887,0.02662681,0,0.00000000,13135,0.20527928,4270010,341680,0.08001855,success,227,880,-0.58988257,864,0.01768824,407,0.00833231,83,0.00169922,534,0.01093232,414,0.00847562,,,0.00464726,0.01801580,-0.01336855,0.02266306,2851,48846,warning_denominator_zero,warning_denominator_zero,success,exact-then-unique-porter-1.0.0,baek-smart-porter-1.0.0
S2022-330,0001341439,ORCL,Oracle Corporation,0001564590-22-023675,2022,2022-06-21,1.0.3,0.3.0,1,10,0.20064205,49840,2518,8,0.00317712,success,5,0.01582278,1,0.00316456,1,0.00316456,0,0.00000000,0,0.00000000,316,success,3,7,0.00949367,0.02215190,-0.40000000,0.03164557,-0.01265823,16,success,3.03268456,2.93000000,0.76772096,1.63000000,4.93000000,149,204,55,0.73039216,82,35,warning_stem_collisions,2.91403812,2.86000000,0.81492238,1.23000000,5.00000000,20044,26319,6275,0.76157909,2120,5000,warning_stem_collisions,49842,10.81661328,2518,969,19.79428118,21.36840602,0.02925244,10,0.20063400,15486,0.23704996,6077455,335122,0.05514183,success,315,814,-0.44198406,1007,0.02107444,533,0.01115459,99,0.00207187,597,0.01249398,307,0.00642488,,,0.00659230,0.01703535,-0.01044304,0.02362765,2945,47783,warning_stem_collisions,success,success,exact-then-unique-porter-1.0.0,baek-smart-porter-1.0.0
S2022-331,0001821825,OGN,Organon & Co.,0001821825-23-000003,2022,2023-02-27,1.0.3,0.3.0,0,0,0.00000000,66020,2902,0,0.00000000,success,,,,,,,,,,,0,warning_denominator_zero,,,,,,,,,warning_denominator_zero,,,,,,0,0,0,,0,0,warning_denominator_zero,2.86317442,2.76000000,0.78754165,1.26000000,5.00000000,24814,35806,10992,0.69301234,2424,6523,warning_stem_collisions,65806,11.09446630,2902,1285,22.67608546,21.79975458,0.02774823,0,0.00000000,7204,0.09867141,3588743,448240,0.12490167,success,422,1204,-0.48093481,1048,0.01671345,519,0.00827698,222,0.00354044,906,0.01444884,580,0.00924981,,,0.00673003,0.01920133,-0.01247129,0.02593136,4128,62704,warning_denominator_zero,warning_denominator_zero,success,exact-then-unique-porter-1.0.0,baek-smart-porter-1.0.0
S2022-332,0001781335,OTIS,Otis Worldwide,0001781335-23-000009,2022,2023-02-03,1.0.3,0.3.0,0,0,0.00000000,47720,2310,0,0.00000000,success,,,,,,,,,,,0,warning_denominator_zero,,,,,,,,,warning_denominator_zero,,,,,,0,0,0,,0,0,warning_denominator_zero,2.89340805,2.79000000,0.81778597,1.19000000,5.00000000,18471,24860,6389,0.74300080,1997,4569,warning_stem_collisions,47675,10.77216243,2310,988,20.63852814,20.37594525,0.03922391,0,0.00000000,10504,0.18054625,3795674,315586,0.08314360,success,206,798,-0.58964143,806,0.01779642,350,0.00772798,71,0.00156767,642,0.01417531,338,0.00746302,,,0.00454847,0.01761978,-0.01307132,0.02216825,2729,45290,warning_denominator_zero,warning_denominator_zero,success,exact-then-unique-porter-1.0.0,baek-smart-porter-1.0.0
S2022-333,0000898173,ORLY,O’Reilly Automotive,0000898173-23-000011,2022,2023-02-28,1.0.3,0.3.0,0,0,0.00000000,38294,1883,0,0.00000000,success,,,,,,,,,,,0,warning_denominator_zero,,,,,,,,,warning_denominator_zero,,,,,,0,0,0,,0,0,warning_denominator_zero,2.95043735,2.87000000,0.82877289,1.19000000,5.00000000,15777,20637,4860,0.76450065,1806,3416,warning_stem_collisions,38261,10.55218638,1883,657,20.31917153,21.17156671,0.03826351,0,0.00000000,10328,0.21255840,2964502,258064,0.08705138,success,291,525,-0.28676471,520,0.01443883,216,0.00599767,77,0.00213806,232,0.00644194,287,0.00796912,,,0.00808019,0.01457766,-0.00649747,0.02265786,1797,36014,warning_denominator_zero,warning_denominator_zero,success,exact-then-unique-porter-1.0.0,baek-smart-porter-1.0.0
S2022-334,0001004980,PCG,PG&E Corporation,0001004980-23-000029,2022,2023-02-23,1.0.3,0.3.0,0,0,0.00000000,106225,4386,0,0.00000000,success,,,,,,,,,,,0,warning_denominator_zero,,,,,,,,,warning_denominator_zero,,,,,,0,0,0,,0,0,warning_denominator_zero,2.91299187,2.85000000,0.79094267,1.26000000,5.00000000,41068,56680,15612,0.72455893,2582,9305,warning_stem_collisions,106947,11.58008866,4386,1764,24.38372093,23.00496419,0.04519061,0,0.00000000,24679,0.18749335,6583030,705596,0.10718408,success,333,2134,-0.73003648,1508,0.01508015,627,0.00627006,300,0.00300003,1773,0.01773018,751,0.00751008,,,0.00333003,0.02134021,-0.01801018,0.02467025,6312,99999,warning_denominator_zero,warning_denominator_zero,success,exact-then-unique-porter-1.0.0,baek-smart-porter-1.0.0
S2022-335,0000713676,PNC,PNC Financial Services,0000713676-23-000020,2022,2023-02-22,1.0.3,0.3.0,1,4,0.03873004,103279,4973,2,0.00040217,success,1,0.01515152,0,0.00000000,0,0.00000000,0,0.00000000,0,0.00000000,66,success,2,1,0.03030303,0.01515152,0.33333333,0.04545455,0.01515152,4,success,2.86450000,2.67500000,0.81911828,1.63000000,4.93000000,40,47,7,0.85106383,35,7,warning_stem_collisions,2.85401854,2.72000000,0.81435182,1.19000000,5.00000000,41326,55638,14312,0.74276574,2652,9796,warning_stem_collisions,102865,11.54117273,4973,2449,20.68469737,21.20645881,0.03179896,4,0.03888592,26443,0.20449624,11056176,685296,0.06198309,success,422,2121,-0.66810853,1935,0.01968644,550,0.00559563,157,0.00159730,1061,0.01079448,736,0.00748797,,,0.00429337,0.02157878,-0.01728541,0.02587216,6155,98291,warning_stem_collisions,success,success,exact-then-unique-porter-1.0.0,baek-smart-porter-1.0.0
S2022-336,0000079879,PPG,PPG Industries,0000079879-23-000007,2022,2023-02-16,1.0.3,0.3.0,0,0,0.00000000,36747,1919,0,0.00000000,success,,,,,,,,,,,0,warning_denominator_zero,,,,,,,,,warning_denominator_zero,,,,,,0,0,0,,0,0,warning_denominator_zero,2.89866299,2.82000000,0.80400884,1.26000000,5.00000000,14525,19806,5281,0.73336363,1767,3769,warning_stem_collisions,36738,10.51156692,1919,864,19.14434601,20.36226623,0.04910447,0,0.00000000,9429,0.20423679,3660131,245819,0.06716126,success,208,690,-0.53674833,527,0.01536264,168,0.00489739,70,0.00204058,391,0.01139809,272,0.00792910,,,0.00606343,0.02011427,-0.01405084,0.02617771,1946,34304,warning_denominator_zero,warning_denominator_zero,success,exact-then-unique-porter-1.0.0,baek-smart-porter-1.0.0
S2022-337,0000922224,PPL,PPL Corporation,0000922224-23-000010,2022,2023-02-17,1.0.3,0.3.0,0,0,0.00000000,84423,4674,0,0.00000000,success,,,,,,,,,,,0,warning_denominator_zero,,,,,,,,,warning_denominator_zero,,,,,,0,0,0,,0,0,warning_denominator_zero,2.89089969,2.81000000,0.79849762,1.19000000,5.00000000,32778,47228,14450,0.69403744,2338,8442,warning_stem_collisions,84695,11.34681185,4674,2271,18.12045357,20.40834732,0.03153669,0,0.00000000,26979,0.24158712,10914029,560096,0.05131890,success,247,905,-0.57118056,1021,0.01265870,383,0.00474856,170,0.00210772,1313,0.01627901,634,0.00786054,,,0.00306239,0.01122049,-0.00815810,0.01428288,4126,80656,warning_denominator_zero,warning_denominator_zero,success,exact-then-unique-porter-1.0.0,baek-smart-porter-1.0.0
S2022-338,0000857005,PTC,PTC Inc.,0000950170-22-025211,2022,2022-11-15,1.0.3,0.3.0,0,0,0.00000000,57555,2664,0,0.00000000,success,,,,,,,,,,,0,warning_denominator_zero,,,,,,,,,warning_denominator_zero,,,,,,0,0,0,,0,0,warning_denominator_zero,2.89400304,2.80000000,0.79407375,1.28000000,4.96000000,22343,29423,7080,0.75937192,1664,5194,warning_stem_collisions,57162,10.95364462,2664,886,21.45720721,20.14233984,0.05314720,0,0.00000000,8159,0.12490623,6353806,376738,0.05929328,success,261,842,-0.52674524,862,0.01611697,293,0.00547827,114,0.00213148,472,0.00882507,455,0.00850722,,,0.00487996,0.01574303,-0.01086306,0.02062299,2842,53484,warning_denominator_zero,warning_denominator_zero,success,exact-then-unique-porter-1.0.0,baek-smart-porter-1.0.0
S2022-339,0000075362,PCAR,Paccar,0001564590-23-002203,2022,2023-02-22,1.0.3,0.3.0,0,0,0.00000000,28924,1779,0,0.00000000,success,,,,,,,,,,,0,warning_denominator_zero,,,,,,,,,warning_denominator_zero,,,,,,0,0,0,,0,0,warning_denominator_zero,2.98366029,2.90000000,0.84568647,1.30000000,5.00000000,11245,15367,4122,0.73176287,1376,2877,warning_stem_collisions,28765,10.26691465,1779,645,16.16919618,19.62074438,0.04887885,0,0.00000000,11534,0.28621058,9428162,191909,0.02035487,success,92,407,-0.63126253,310,0.01155337,103,0.00383870,44,0.00163983,272,0.01013715,190,0.00708110,,,0.00342874,0.01516846,-0.01173971,0.01859720,1239,26832,warning_denominator_zero,warning_denominator_zero,success,exact-then-unique-porter-1.0.0,baek-smart-porter-1.0.0
S2022-340,0000075677,PKG,Packaging Corporation of America,0000950170-23-003990,2022,2023-02-23,1.0.3,0.3.0,0,0,0.00000000,54614,2624,0,0.00000000,success,,,,,,,,,,,0,warning_denominator_zero,,,,,,,,,warning_denominator_zero,,,,,,0,0,0,,0,0,warning_denominator_zero,2.94607757,2.86000000,0.82501783,1.25000000,5.00000000,21349,28626,7277,0.74579054,1669,5202,warning_stem_collisions,54129,10.89912537,2624,760,20.62842988,20.06162305,0.04771934,0,0.00000000,8005,0.12883445,6503369,360605,0.05544895,success,189,692,-0.57094211,648,0.01273185,226,0.00444043,100,0.00196479,362,0.00711254,483,0.00948994,,,0.00371345,0.01359635,-0.00988290,0.01730981,2363,50896,warning_denominator_zero,warning_denominator_zero,success,exact-then-unique-porter-1.0.0,baek-smart-porter-1.0.0
S2022-341,0000813828,PARA,Paramount Global,0000813828-23-000005,2022,2023-02-16,1.0.3,0.3.0,1,1,0.01715972,58276,2969,1,0.00033681,success,1,0.05000000,0,0.00000000,1,0.05000000,0,0.00000000,0,0.00000000,20,success,0,0,0.00000000,0.00000000,,0.00000000,0.00000000,1,success,2.80727273,2.87000000,0.68415962,1.88000000,3.93000000,11,11,0,1.00000000,11,0,success,2.95156971,2.86000000,0.84249590,1.26000000,5.00000000,23068,30806,7738,0.74881517,2222,5327,warning_stem_collisions,58220,10.97198422,2969,1493,19.60929606,19.83754960,0.04010649,1,0.01717623,12038,0.17133992,4754330,388647,0.08174590,success,265,1153,-0.62623413,635,0.01148885,240,0.00434224,121,0.00218921,686,0.01241157,408,0.00738181,,,0.00479456,0.02086085,-0.01606629,0.02565541,2911,55271,success,success,success,exact-then-unique-porter-1.0.0,baek-smart-porter-1.0.0
S2022-342,0000076334,PH,Parker Hannifin,0000076334-22-000034,2022,2022-08-24,1.0.3,0.3.0,0,0,0.00000000,31536,1706,0,0.00000000,success,,,,,,,,,,,0,warning_denominator_zero,,,,,,,,,warning_denominator_zero,,,,,,0,0,0,,0,0,warning_denominator_zero,2.89751603,2.82000000,0.79824520,1.26000000,5.00000000,12790,16703,3913,0.76573071,1720,3005,warning_stem_collisions,31315,10.35185249,1706,696,18.35580305,20.31925078,0.04125818,0,0.00000000,8620,0.21585076,2965143,210576,0.07101715,success,211,455,-0.36636637,503,0.01697489,207,0.00698569,67,0.00226107,297,0.01002295,220,0.00742441,,,0.00712068,0.01535502,-0.00823434,0.02247570,1669,29632,warning_denominator_zero,warning_denominator_zero,success,exact-then-unique-porter-1.0.0,baek-smart-porter-1.0.0
S2022-343,0001633917,PYPL,PayPal,0001633917-23-000033,2022,2023-02-10,1.0.3,0.3.0,1,4,0.06504171,61499,2710,2,0.00073801,success,1,0.00840336,4,0.03361345,0,0.00000000,0,0.00000000,1,0.00840336,119,success,2,1,0.01680672,0.00840336,0.33333333,0.02521008,0.00840336,9,success,3.06264706,3.03500000,0.90635277,1.50000000,4.90000000,68,81,13,0.83950617,49,6,warning_stem_collisions,2.85707748,2.74000000,0.78846130,1.23000000,5.00000000,24431,32702,8271,0.74707969,2215,6292,warning_stem_collisions,61642,11.02909874,2710,1092,22.74612546,21.29074496,0.03150449,4,0.06489082,9507,0.13362099,4344830,416730,0.09591399,success,344,1601,-0.64627249,1092,0.01848905,524,0.00887203,95,0.00160848,810,0.01371440,484,0.00819478,,,0.00582439,0.02710711,-0.02128272,0.03293150,4217,59062,warning_stem_collisions,success,success,exact-then-unique-porter-1.0.0,baek-smart-porter-1.0.0
S2022-344,0000723531,PAYX,Paychex,0000950170-22-012734,2022,2022-07-15,1.0.3,0.3.0,1,5,0.09756288,51249,2354,2,0.00084962,success,2,0.02631579,0,0.00000000,1,0.01315789,0,0.00000000,0,0.00000000,76,success,3,1,0.03947368,0.01315789,0.50000000,0.05263158,0.02631579,6,success,2.57085714,2.38000000,0.74452812,1.23000000,4.25000000,35,41,6,0.85365854,31,5,warning_stem_collisions,2.89170358,2.80000000,0.81190170,1.19000000,5.00000000,20275,27242,6967,0.74425519,1800,4838,warning_stem_collisions,51095,10.84144192,2354,769,21.70560748,20.39467451,0.03391721,5,0.09785693,7424,0.12686478,5819111,342142,0.05879627,success,261,880,-0.54250657,980,0.02023915,512,0.01057392,111,0.00229239,488,0.01007827,419,0.00865327,,,0.00539022,0.01817393,-0.01278371,0.02356416,2879,48421,warning_stem_collisions,success,success,exact-then-unique-porter-1.0.0,baek-smart-porter-1.0.0
S2022-345,0001590955,PAYC,Paycom,0000950170-23-003049,2022,2023-02-16,1.0.3,0.3.0,1,14,0.24553650,57018,2606,5,0.00191865,success,8,0.04347826,2,0.01086957,6,0.03260870,0,0.00000000,5,0.02717391,184,success,6,5,0.03260870,0.02717391,0.09090909,0.05978261,0.00543478,26,success,2.60306667,2.44000000,0.76942571,1.30000000,4.25000000,75,98,23,0.76530612,53,14,warning_stem_collisions,2.90082231,2.82000000,0.79265603,1.19000000,5.00000000,22753,29680,6927,0.76661051,1996,4962,warning_stem_collisions,56941,10.94977092,2606,879,21.84996163,20.32595071,0.03679247,14,0.24586853,8878,0.13488506,4207853,374758,0.08906157,success,324,798,-0.42245989,888,0.01640525,502,0.00927414,110,0.00203218,514,0.00949583,485,0.00896008,,,0.00598570,0.01474256,-0.00875686,0.02072826,2957,54129,warning_stem_collisions,success,success,exact-then-unique-porter-1.0.0,baek-smart-porter-1.0.0
S2022-346,0000077360,PNR,Pentair,0000077360-23-000006,2022,2023-02-21,1.0.3,0.3.0,0,0,0.00000000,40534,2060,0,0.00000000,success,,,,,,,,,,,0,warning_denominator_zero,,,,,,,,,warning_denominator_zero,,,,,,0,0,0,,0,0,warning_denominator_zero,2.87286166,2.79000000,0.80135418,1.26000000,5.00000000,16113,21183,5070,0.76065713,1886,3908,warning_stem_collisions,40413,10.60690679,2060,978,19.61796117,20.10236908,0.03162349,0,0.00000000,8416,0.17235659,2831735,270278,0.09544608,success,198,746,-0.58050847,764,0.01975130,371,0.00959127,74,0.00191308,447,0.01155606,370,0.00956542,,,0.00511879,0.01928595,-0.01416716,0.02440475,2427,38681,warning_denominator_zero,warning_denominator_zero,success,exact-then-unique-porter-1.0.0,baek-smart-porter-1.0.0
S2022-347,0000077476,PEP,PepsiCo,0000077476-23-000007,2022,2023-02-09,1.0.3,0.3.0,1,2,0.04005849,49927,2311,2,0.00086543,success,1,0.00355872,0,0.00000000,1,0.00355872,0,0.00000000,0,0.00000000,281,success,10,6,0.03558719,0.02135231,0.25000000,0.05693950,0.01423488,17,success,2.95279070,2.63000000,0.86135910,1.62000000,5.00000000,129,164,35,0.78658537,89,31,warning_stem_collisions,2.92517601,2.80000000,0.85013942,1.19000000,5.00000000,20056,27072,7016,0.74083924,2071,4949,warning_stem_collisions,49815,10.81607142,2311,1051,21.55560363,21.50810380,0.03302218,2,0.04014855,12798,0.20439845,4988096,338273,0.06781606,success,285,1016,-0.56187548,729,0.01537780,200,0.00421888,68,0.00143442,442,0.00932371,397,0.00837447,,,0.00601190,0.02143189,-0.01541999,0.02744378,2721,47406,warning_stem_collisions,success,success,exact-then-unique-porter-1.0.0,baek-smart-porter-1.0.0
S2022-348,0000031791,PKI,PerkinElmer,0000031791-22-000003,2022,2022-03-03,1.0.3,0.3.0,0,0,0.00000000,48279,2187,0,0.00000000,success,,,,,,,,,,,0,warning_denominator_zero,,,,,,,,,warning_denominator_zero,,,,,,0,0,0,,0,0,warning_denominator_zero,2.89174090,2.82000000,0.80605560,1.23000000,5.00000000,19128,25588,6460,0.74753791,2219,4453,warning_stem_collisions,47772,10.77419497,2187,971,21.84362140,20.86758813,0.04454492,0,0.00000000,8945,0.15771286,3978892,320831,0.08063325,success,277,707,-0.43699187,729,0.01618849,257,0.00570705,71,0.00157666,338,0.00750577,308,0.00683958,,,0.00615118,0.01569995,-0.00954877,0.02185113,2306,45032,warning_denominator_zero,warning_denominator_zero,success,exact-then-unique-porter-1.0.0,baek-smart-porter-1.0.0
S2022-349,0000078003,PFE,Pfizer,0000078003-23-000024,2022,2023-02-23,1.0.3,0.3.0,0,0,0.00000000,73575,3660,0,0.00000000,success,,,,,,,,,,,0,warning_denominator_zero,,,,,,,,,warning_denominator_zero,,,,,,0,0,0,,0,0,warning_denominator_zero,2.85400606,2.76000000,0.78818412,1.04000000,5.00000000,27411,38429,11018,0.71328944,2547,7237,warning_stem_collisions,73835,11.20958815,3660,1336,20.17349727,20.94170005,0.03032437,0,0.00000000,20717,0.21910695,6902491,495642,0.07180625,success,591,1575,-0.45429363,1266,0.01794141,523,0.00741182,125,0.00177147,1116,0.01581565,428,0.00606550,,,0.00837549,0.02232048,-0.01394499,0.03069597,4679,70563,warning_denominator_zero,warning_denominator_zero,success,exact-then-unique-porter-1.0.0,baek-smart-porter-1.0.0
S2022-350,0001413329,PM,Philip Morris International,0001413329-23-000025,2022,2023-02-10,1.0.3,0.3.0,1,3,0.04213483,71200,3291,2,0.00060772,success,2,0.01111111,14,0.07777778,2,0.01111111,0,0.00000000,3,0.01666667,180,success,0,17,0.00000000,0.09444444,-1.00000000,0.09444444,-0.09444444,34,success,2.55521277,2.42500000,0.67478401,1.50000000,4.26000000,94,119,25,0.78991597,64,21,warning_stem_collisions,2.96688346,2.86000000,0.85326265,1.26000000,5.00000000,26892,38094,11202,0.70593794,2456,6442,warning_stem_collisions,70780,11.16733175,3291,1358,21.50714069,20.33150025,0.04176321,3,0.04238485,14642,0.17140783,5314887,470375,0.08850141,success,390,1599,-0.60784314,1155,0.01732413,392,0.00587971,153,0.00229489,1181,0.01771411,475,0.00712464,,,0.00584971,0.02398380,-0.01813409,0.02983351,4490,66670,warning_stem_collisions,success,success,exact-then-unique-porter-1.0.0,baek-smart-porter-1.0.0
S2022-351,0001534701,PSX,Phillips 66,0001534701-23-000053,2022,2023-02-22,1.0.3,0.3.0,0,0,0.00000000,63243,3246,0,0.00000000,success,,,,,,,,,,,0,warning_denominator_zero,,,,,,,,,warning_denominator_zero,,,,,,0,0,0,,0,0,warning_denominator_zero,2.95773701,2.87000000,0.85615539,1.26000000,5.00000000,25104,34371,9267,0.73038317,2244,5786,warning_stem_collisions,63087,11.05227001,3246,1441,19.43530499,19.97173134,0.04346379,0,0.00000000,13667,0.17806238,5884392,420385,0.07144069,success,287,876,-0.50644884,862,0.01443959,356,0.00596345,93,0.00155787,545,0.00912944,515,0.00862690,,,0.00480761,0.01467410,-0.00986649,0.01948172,2961,59697,warning_denominator_zero,warning_denominator_zero,success,exact-then-unique-porter-1.0.0,baek-smart-porter-1.0.0
S2022-352,0000764622,PNW,Pinnacle West Capital,0000764622-23-000023,2022,2023-02-27,1.0.3,0.3.0,0,0,0.00000000,82315,4211,0,0.00000000,success,,,,,,,,,,,0,warning_denominator_zero,,,,,,,,,warning_denominator_zero,,,,,,0,0,0,,0,0,warning_denominator_zero,2.96301157,2.86000000,0.83788933,1.26000000,5.00000000,32850,44901,12051,0.73160954,2481,7683,warning_stem_collisions,81876,11.31296119,4211,1605,19.44336262,20.10966913,0.04541013,0,0.00000000,22136,0.21282160,6882216,539398,0.07837563,success,346,1071,-0.51164432,1131,0.01473136,413,0.00537936,230,0.00299577,1225,0.01595571,604,0.00786714,,,0.00450668,0.01394985,-0.00944318,0.01845653,4374,76775,warning_denominator_zero,warning_denominator_zero,success,exact-then-unique-porter-1.0.0,baek-smart-porter-1.0.0
S2022-353,0000945841,POOL,Pool Corporation,0000945841-23-000015,2022,2023-02-24,1.0.3,0.3.0,0,0,0.00000000,38741,2016,0,0.00000000,success,,,,,,,,,,,0,warning_denominator_zero,,,,,,,,,warning_denominator_zero,,,,,,0,0,0,,0,0,warning_denominator_zero,2.94243436,2.86000000,0.83211480,1.29000000,5.00000000,15959,20681,4722,0.77167448,1960,3722,warning_stem_collisions,38613,10.56134429,2016,898,19.15327381,19.47098614,0.03643851,0,0.00000000,6661,0.14712639,2657045,257780,0.09701755,success,314,570,-0.28959276,653,0.01774457,228,0.00619565,73,0.00198370,217,0.00589674,272,0.00739130,,,0.00853261,0.01548913,-0.00695652,0.02402174,1970,36800,warning_denominator_zero,warning_denominator_zero,success,exact-then-unique-porter-1.0.0,baek-smart-porter-1.0.0
S2022-354,0001126328,PFG,Principal Financial Group,0001104659-23-022860,2022,2023-02-16,1.0.3,0.3.0,0,0,0.00000000,119075,6402,0,0.00000000,success,,,,,,,,,,,0,warning_denominator_zero,,,,,,,,,warning_denominator_zero,,,,,,0,0,0,,0,0,warning_denominator_zero,2.84820567,2.76000000,0.76836173,1.19000000,4.97000000,50013,64495,14482,0.77545546,2289,10936,warning_stem_collisions,118615,11.68363823,6402,2089,18.52780381,20.76228807,0.03279518,0,0.00000000,32896,0.21711955,15150336,798829,0.05272682,success,509,1965,-0.58852061,2135,0.01879071,671,0.00590565,248,0.00218271,1320,0.01161767,680,0.00598486,,,0.00447985,0.01729449,-0.01281465,0.02177434,6458,113620,warning_denominator_zero,warning_denominator_zero,success,exact-then-unique-porter-1.0.0,baek-smart-porter-1.0.0
S2022-355,0000080424,PG,Procter & Gamble,0000080424-22-000064,2022,2022-08-05,1.0.3,0.3.0,0,0,0.00000000,41256,2132,0,0.00000000,success,,,,,,,,,,,0,warning_denominator_zero,,,,,,,,,warning_denominator_zero,,,,,,0,0,0,,0,0,warning_denominator_zero,2.93901480,2.82000000,0.84619962,1.19000000,5.00000000,17296,22879,5583,0.75597710,1801,4203,warning_stem_collisions,41064,10.62288710,2132,880,19.26078799,19.70521801,0.03156049,0,0.00000000,9793,0.19255953,3333576,275482,0.08263858,success,317,671,-0.35829960,745,0.01903035,264,0.00674364,56,0.00143047,263,0.00671810,256,0.00653929,,,0.00809748,0.01714008,-0.00904261,0.02523756,2169,39148,warning_denominator_zero,warning_denominator_zero,success,exact-then-unique-porter-1.0.0,baek-smart-porter-1.0.0
S2022-356,0000080661,PGR,Progressive Corporation,0000080661-23-000006,2022,2023-02-27,1.0.3,0.3.0,1,9,0.37649027,23905,1161,5,0.00430663,success,0,0.00000000,4,0.02580645,0,0.00000000,0,0.00000000,0,0.00000000,155,success,0,4,0.00000000,0.02580645,-1.00000000,0.02580645,-0.02580645,8,success,2.70471429,2.73500000,0.64466763,1.38000000,4.25000000,70,90,20,0.77777778,47,17,warning_stem_collisions,2.83568517,2.76000000,0.81630647,1.26000000,5.00000000,9421,12347,2926,0.76301936,1746,2374,warning_stem_collisions,23714,10.07382087,1161,569,20.42549526,21.65831647,0.02310871,9,0.37952264,5004,0.17424612,1678980,161042,0.09591657,success,174,659,-0.58223289,533,0.02327104,297,0.01296717,41,0.00179008,352,0.01536849,193,0.00842648,,,0.00759693,0.02877227,-0.02117534,0.03636919,1815,22904,warning_stem_collisions,success,success,exact-then-unique-porter-1.0.0,baek-smart-porter-1.0.0
S2022-357,0001045609,PLD,Prologis,0001564590-23-001902,2022,2023-02-14,1.0.3,0.3.0,0,0,0.00000000,41581,2816,0,0.00000000,success,,,,,,,,,,,0,warning_denominator_zero,,,,,,,,,warning_denominator_zero,,,,,,0,0,0,,0,0,warning_denominator_zero,2.87949603,2.72000000,0.81940858,1.19000000,5.00000000,16112,21274,5162,0.75735640,1699,3776,warning_stem_collisions,41675,10.63765671,2816,923,14.79936080,20.55213172,0.02929814,0,0.00000000,29735,0.41639826,12731266,273226,0.02146102,success,233,460,-0.32756133,624,0.01558714,290,0.00724402,78,0.00194839,199,0.00497090,245,0.00611995,,,0.00582020,0.01149052,-0.00567032,0.01731072,1797,40033,warning_denominator_zero,warning_denominator_zero,success,exact-then-unique-porter-1.0.0,baek-smart-porter-1.0.0
S2022-358,0001137774,PRU,Prudential Financial,0001137774-23-000040,2022,2023-02-16,1.0.3,0.3.0,1,5,0.03479326,143706,7003,3,0.00042839,success,2,0.03333333,2,0.03333333,0,0.00000000,1,0.01666667,0,0.00000000,60,success,0,0,0.00000000,0.00000000,,0.00000000,0.00000000,5,success,2.76483871,2.82000000,0.72293252,1.50000000,4.25000000,31,39,8,0.79487179,25,3,warning_stem_collisions,2.83834460,2.74000000,0.79488471,1.19000000,5.00000000,57690,77951,20261,0.74008031,2700,14534,warning_stem_collisions,143626,11.87496798,7003,3144,20.50921034,22.05241455,0.03099021,5,0.03481264,39437,0.21542857,16483496,982084,0.05957984,success,684,2294,-0.54063130,2520,0.01839671,634,0.00462838,291,0.00212438,1825,0.01332302,790,0.00576722,,,0.00499339,0.01674685,-0.01175345,0.02174024,7851,136981,warning_stem_collisions,success,success,exact-then-unique-porter-1.0.0,baek-smart-porter-1.0.0
S2022-359,0000788784,PEG,Public Service Enterprise Group,0001628280-23-004411,2022,2023-02-22,1.0.3,0.3.0,0,0,0.00000000,79749,4091,0,0.00000000,success,,,,,,,,,,,0,warning_denominator_zero,,,,,,,,,warning_denominator_zero,,,,,,0,0,0,,0,0,warning_denominator_zero,2.88927320,2.82000000,0.79822923,1.19000000,5.00000000,31343,43741,12398,0.71655883,2389,7613,warning_stem_collisions,80209,11.29239101,4091,1855,19.60620875,19.39469435,0.03872383,0,0.00000000,14733,0.15517895,7898124,525409,0.06652327,success,312,1171,-0.57923129,1227,0.01617944,540,0.00712053,172,0.00226802,1036,0.01366088,737,0.00971821,,,0.00411409,0.01544101,-0.01132692,0.01955510,4459,75837,warning_denominator_zero,warning_denominator_zero,success,exact-then-unique-porter-1.0.0,baek-smart-porter-1.0.0
S2022-360,0001393311,PSA,Public Storage,0001393311-23-000012,2022,2023-02-21,1.0.3,0.3.0,0,0,0.00000000,35213,1794,0,0.00000000,success,,,,,,,,,,,0,warning_denominator_zero,,,,,,,,,warning_denominator_zero,,,,,,0,0,0,,0,0,warning_denominator_zero,2.89279711,2.77000000,0.80441586,1.19000000,5.00000000,13993,18327,4334,0.76351831,1881,3023,warning_stem_collisions,35132,10.46686768,1794,817,19.58305463,20.41785733,0.04981214,0,0.00000000,11652,0.24905951,4241985,233533,0.05505276,success,234,499,-0.36152797,549,0.01669810,222,0.00675224,57,0.00173368,259,0.00787761,250,0.00760387,,,0.00711722,0.01517732,-0.00806010,0.02229454,1747,32878,warning_denominator_zero,warning_denominator_zero,success,exact-then-unique-porter-1.0.0,baek-smart-porter-1.0.0
S2022-361,0000822416,PHM,PulteGroup,0000822416-23-000007,2022,2023-02-06,1.0.3,0.3.0,0,0,0.00000000,33071,1620,0,0.00000000,success,,,,,,,,,,,0,warning_denominator_zero,,,,,,,,,warning_denominator_zero,,,,,,0,0,0,,0,0,warning_denominator_zero,2.86903358,2.77000000,0.80310682,1.26000000,5.00000000,12893,17060,4167,0.75574443,1734,3429,warning_stem_collisions,32939,10.40241265,1620,670,20.33271605,20.45356647,0.03916330,0,0.00000000,6058,0.15534528,2386217,219444,0.09196314,success,164,664,-0.60386473,495,0.01577589,232,0.00739395,50,0.00159352,379,0.01207891,290,0.00924244,,,0.00522676,0.02116200,-0.01593524,0.02638876,1872,31377,warning_denominator_zero,warning_denominator_zero,success,exact-then-unique-porter-1.0.0,baek-smart-porter-1.0.0
S2022-362,0001604778,QRVO,Qorvo,0001604778-22-000029,2022,2022-05-20,1.0.3,0.3.0,1,2,0.04707876,42482,2018,1,0.00049554,success,0,0.00000000,0,0.00000000,0,0.00000000,0,0.00000000,0,0.00000000,16,success,1,0,0.06250000,0.00000000,1.00000000,0.06250000,0.06250000,1,success,3.05142857,2.93000000,0.61070050,2.24000000,4.25000000,7,12,5,0.58333333,7,3,warning_stem_collisions,2.87011948,2.80000000,0.79543632,1.26000000,5.00000000,16655,22161,5506,0.75154551,2004,4099,warning_stem_collisions,42296,10.65244780,2018,950,20.95936571,20.24977399,0.03603178,2,0.04728580,6194,0.12773768,2190402,282758,0.12908955,success,254,743,-0.49047141,729,0.01810955,354,0.00879394,91,0.00226059,289,0.00717923,418,0.01038380,,,0.00630978,0.01845733,-0.01214756,0.02476711,2377,40255,warning_stem_collisions,success,success,exact-then-unique-porter-1.0.0,baek-smart-porter-1.0.0
S2022-363,0000804328,QCOM,Qualcomm,0000804328-22-000021,2022,2022-11-02,1.0.3,0.3.0,1,23,0.40471582,56830,2338,16,0.00684346,success,1,0.00177305,0,0.00000000,1,0.00177305,0,0.00000000,0,0.00000000,564,success,4,1,0.00709220,0.00177305,0.60000000,0.00886525,0.00531915,6,success,3.09055970,2.93000000,0.91285270,1.64000000,5.00000000,268,377,109,0.71087533,160,45,warning_stem_collisions,2.88052420,2.81000000,0.81074414,1.19000000,5.00000000,21919,29676,7757,0.73861032,2293,5773,warning_stem_collisions,57101,10.95257691,2338,863,24.42301112,21.56549139,0.02866850,23,0.40279505,5301,0.08494920,2494717,383585,0.15375892,success,416,1332,-0.52402746,1103,0.02011966,660,0.01203896,76,0.00138630,608,0.01109044,439,0.00800773,,,0.00758819,0.02429682,-0.01670862,0.03188501,3750,54822,warning_stem_collisions,success,success,exact-then-unique-porter-1.0.0,baek-smart-porter-1.0.0
S2022-364,0001050915,PWR,Quanta Services,0001050915-23-000010,2022,2023-02-23,1.0.3,0.3.0,0,0,0.00000000,72177,2889,0,0.00000000,success,,,,,,,,,,,0,warning_denominator_zero,,,,,,,,,warning_denominator_zero,,,,,,0,0,0,,0,0,warning_denominator_zero,2.83643993,2.74000000,0.78627973,1.19000000,5.00000000,28359,37914,9555,0.74798228,2308,7335,warning_stem_collisions,71692,11.18013444,2889,1196,24.81550710,22.70404815,0.02633488,0,0.00000000,9565,0.11771294,3780642,487696,0.12899820,success,354,1789,-0.66962203,1402,0.02031914,679,0.00984072,128,0.00185510,1007,0.01459441,688,0.00997116,,,0.00513051,0.02592791,-0.02079740,0.03105842,5051,68999,warning_denominator_zero,warning_denominator_zero,success,exact-then-unique-porter-1.0.0,baek-smart-porter-1.0.0
S2022-365,0001022079,DGX,Quest Diagnostics,0001022079-23-000018,2022,2023-02-21,1.0.3,0.3.0,1,5,0.10313106,48482,2661,5,0.00187899,success,3,0.02325581,0,0.00000000,3,0.02325581,0,0.00000000,0,0.00000000,129,success,2,1,0.01550388,0.00775194,0.33333333,0.02325581,0.00775194,6,success,2.97741935,2.93000000,0.65195719,1.89000000,4.69000000,62,77,15,0.80519481,44,8,warning_stem_collisions,2.86321726,2.76000000,0.77330839,1.19000000,5.00000000,19787,26058,6271,0.75934454,2175,4804,warning_stem_collisions,48263,10.78442050,2661,1090,18.13716648,21.62560281,0.03319313,5,0.10359903,16141,0.25062108,3012447,329992,0.10954284,success,494,815,-0.24522536,676,0.01468958,280,0.00608444,70,0.00152111,387,0.00840957,277,0.00601925,,,0.01073470,0.01771008,-0.00697538,0.02844477,2537,46019,warning_stem_collisions,success,success,exact-then-unique-porter-1.0.0,baek-smart-porter-1.0.0
S2022-366,0000101829,RTX,RTX Corporation,0000101829-23-000009,2022,2023-02-07,1.0.3,0.3.0,1,1,0.01437856,69548,3008,1,0.00033245,success,1,0.04545455,0,0.00000000,0,0.00000000,0,0.00000000,0,0.00000000,22,success,0,0,0.00000000,0.00000000,,0.00000000,0.00000000,1,success,2.75400000,2.74500000,0.84029995,1.66000000,4.25000000,10,16,6,0.62500000,10,1,warning_stem_collisions,2.87243309,2.80000000,0.78802868,1.26000000,5.00000000,27237,37490,10253,0.72651374,2208,7424,warning_stem_collisions,69745,11.15260101,3008,962,23.18650266,21.88463262,0.03544340,1,0.01433795,15029,0.17728313,5430789,470616,0.08665702,success,373,1520,-0.60591653,1184,0.01780585,473,0.00711332,93,0.00139860,1044,0.01570043,589,0.00885781,,,0.00560944,0.02285886,-0.01724942,0.02846831,4545,66495,warning_stem_collisions,success,success,exact-then-unique-porter-1.0.0,baek-smart-porter-1.0.0
S2022-367,0001037038,RL,Ralph Lauren Corporation,0001037038-22-000014,2022,2022-05-24,1.0.3,0.3.0,0,0,0.00000000,71635,3192,0,0.00000000,success,,,,,,,,,,,0,warning_denominator_zero,,,,,,,,,warning_denominator_zero,,,,,,0,0,0,,0,0,warning_denominator_zero,2.90281077,2.80000000,0.83196916,1.07000000,5.00000000,29266,38763,9497,0.75499832,2472,6455,warning_stem_collisions,71573,11.17847319,3192,1379,22.42261905,20.91181906,0.03152027,0,0.00000000,12080,0.14440606,4007192,482548,0.12042048,success,502,1382,-0.46709130,1042,0.01530822,404,0.00593524,114,0.00167480,389,0.00571487,507,0.00744843,,,0.00737498,0.02030323,-0.01292825,0.02767820,3702,68068,warning_denominator_zero,warning_denominator_zero,success,exact-then-unique-porter-1.0.0,baek-smart-porter-1.0.0
S2022-368,0000720005,RJF,Raymond James Financial,0000720005-22-000066,2022,2022-11-22,1.0.3,0.3.0,1,1,0.01201432,83234,3964,1,0.00025227,success,1,0.02564103,0,0.00000000,0,0.00000000,0,0.00000000,0,0.00000000,39,success,1,1,0.02564103,0.02564103,0.00000000,0.05128205,0.00000000,3,success,2.71368421,2.71000000,0.59030956,1.63000000,4.04000000,19,22,3,0.86363636,17,3,warning_stem_collisions,2.86725866,2.74000000,0.80174206,1.26000000,5.00000000,33356,44900,11544,0.74289532,2215,7634,warning_stem_collisions,83286,11.33003575,3964,1601,21.01059536,21.26862331,0.02495017,1,0.01200682,17560,0.17412689,8607283,561124,0.06519177,success,293,1422,-0.65830904,1385,0.01734654,558,0.00698872,102,0.00127751,737,0.00923062,659,0.00825370,,,0.00366970,0.01780995,-0.01414025,0.02147965,4405,79843,warning_stem_collisions,success,success,exact-then-unique-porter-1.0.0,baek-smart-porter-1.0.0
S2022-369,0000726728,O,Realty Income,0000726728-23-000044,2022,2023-02-22,1.0.3,0.3.0,0,0,0.00000000,56004,2581,0,0.00000000,success,,,,,,,,,,,0,warning_denominator_zero,,,,,,,,,warning_denominator_zero,,,,,,0,0,0,,0,0,warning_denominator_zero,2.87782107,2.80000000,0.78388610,1.25000000,5.00000000,21662,28524,6862,0.75943065,2014,5087,warning_stem_collisions,55672,10.92723261,2581,1238,21.56993413,20.58024815,0.04479810,0,0.00000000,15522,0.21802399,5253363,364038,0.06929618,success,297,717,-0.41420118,904,0.01718599,433,0.00823178,107,0.00203418,315,0.00598848,412,0.00783255,,,0.00564628,0.01363092,-0.00798464,0.01927720,2630,52601,warning_denominator_zero,warning_denominator_zero,success,exact-then-unique-porter-1.0.0,baek-smart-porter-1.0.0
S2022-370,0000910606,REG,Regency Centers,0000950170-23-003160,2022,2023-02-17,1.0.3,0.3.0,0,0,0.00000000,69998,3221,0,0.00000000,success,,,,,,,,,,,0,warning_denominator_zero,,,,,,,,,warning_denominator_zero,,,,,,0,0,0,,0,0,warning_denominator_zero,2.89555259,2.79000000,0.81112983,1.26000000,5.00000000,27760,36995,9235,0.75037167,1854,7086,warning_stem_collisions,69820,11.15367578,3221,1356,21.67649798,21.85162787,0.02941850,0,0.00000000,24064,0.25631631,21381576,467321,0.02185625,success,392,727,-0.29937444,1048,0.01569732,486,0.00727948,147,0.00220182,303,0.00453844,454,0.00680017,,,0.00587152,0.01088927,-0.00501775,0.01676078,2932,66763,warning_denominator_zero,warning_denominator_zero,success,exact-then-unique-porter-1.0.0,baek-smart-porter-1.0.0
S2022-371,0000872589,REGN,Regeneron Pharmaceuticals,0001804220-23-000008,2022,2023-02-06,1.0.3,0.3.0,0,0,0.00000000,79392,3224,0,0.00000000,success,,,,,,,,,,,0,warning_denominator_zero,,,,,,,,,warning_denominator_zero,,,,,,0,0,0,,0,0,warning_denominator_zero,2.87113232,2.76000000,0.79743664,1.04000000,5.00000000,28967,40643,11676,0.71271806,2591,7723,warning_stem_collisions,79631,11.28515874,3224,1204,24.69944169,22.63692941,0.02624606,0,0.00000000,15556,0.16342568,3769248,530127,0.14064530,success,808,1789,-0.37774355,1478,0.01935087,885,0.01158695,223,0.00291965,1187,0.01554092,744,0.00974090,,,0.01057882,0.02342267,-0.01284384,0.03400149,5905,76379,warning_denominator_zero,warning_denominator_zero,success,exact-then-unique-porter-1.0.0,baek-smart-porter-1.0.0
S2022-372,0001281761,RF,Regions Financial Corporation,0001281761-23-000012,2022,2023-02-24,1.0.3,0.3.0,1,2,0.02355213,84918,4154,1,0.00024073,success,2,0.08695652,0,0.00000000,0,0.00000000,0,0.00000000,0,0.00000000,23,success,0,0,0.00000000,0.00000000,,0.00000000,0.00000000,2,success,2.66300000,2.52000000,0.76713819,1.63000000,4.25000000,10,16,6,0.62500000,10,6,warning_stem_collisions,2.84714173,2.72000000,0.80287716,1.19000000,5.00000000,34199,46318,12119,0.73835226,2624,9232,warning_stem_collisions,84743,11.34737843,4154,1757,20.40033702,21.03464558,0.02705828,2,0.02360077,19740,0.18893026,9462441,571764,0.06042458,success,351,1863,-0.68292683,1769,0.02178250,702,0.00864404,191,0.00235187,913,0.01124218,739,0.00909964,,,0.00432202,0.02293996,-0.01861794,0.02726198,5568,81212,warning_stem_collisions,success,success,exact-then-unique-porter-1.0.0,baek-smart-porter-1.0.0
S2022-373,0001060391,RSG,Republic Services,0001060391-23-000008,2022,2023-02-23,1.0.3,0.3.0,0,0,0.00000000,63050,3190,0,0.00000000,success,,,,,,,,,,,0,warning_denominator_zero,,,,,,,,,warning_denominator_zero,,,,,,0,0,0,,0,0,warning_denominator_zero,2.90283510,2.82000000,0.81311270,1.19000000,5.00000000,25149,32987,7838,0.76239125,2341,6206,warning_stem_collisions,62763,11.04712101,3190,1330,19.67492163,20.50409198,0.03578541,0,0.00000000,11899,0.15937157,4460693,420799,0.09433489,success,372,976,-0.44807122,1073,0.01792995,493,0.00823809,158,0.00264020,685,0.01144643,601,0.01004278,,,0.00621616,0.01630907,-0.01009291,0.02252523,3700,59844,warning_denominator_zero,warning_denominator_zero,success,exact-then-unique-porter-1.0.0,baek-smart-porter-1.0.0
S2022-374,0000943819,RMD,ResMed,0000943819-22-000010,2022,2022-08-12,1.0.3,0.3.0,1,10,0.18897876,52916,2569,6,0.00233554,success,6,0.03260870,1,0.00543478,5,0.02717391,0,0.00000000,2,0.01086957,184,success,1,6,0.00543478,0.03260870,-0.71428571,0.03804348,-0.02717391,16,success,2.45400000,2.33000000,0.66176129,1.62000000,4.10000000,50,79,29,0.63291139,41,19,warning_stem_collisions,2.87022735,2.80000000,0.78294693,1.19000000,5.00000000,20761,27616,6855,0.75177433,2434,4832,warning_stem_collisions,52946,10.87702781,2569,1003,20.60957571,19.69303875,0.03441242,10,0.18887168,8460,0.13777155,2818455,350044,0.12419712,success,291,1267,-0.62644416,854,0.01687614,532,0.01051300,136,0.00268753,750,0.01482096,505,0.00997945,,,0.00575053,0.02503755,-0.01928701,0.03078808,3590,50604,warning_stem_collisions,success,success,exact-then-unique-porter-1.0.0,baek-smart-porter-1.0.0
S2022-375,0000315213,RHI,Robert Half,0000315213-23-000016,2022,2023-02-10,1.0.3,0.3.0,1,4,0.15072158,26539,1260,3,0.00238095,success,0,0.00000000,0,0.00000000,0,0.00000000,0,0.00000000,0,0.00000000,88,success,4,0,0.04545455,0.00000000,1.00000000,0.04545455,0.04545455,4,success,2.99740000,2.93000000,0.72939649,1.83000000,4.93000000,50,63,13,0.79365079,35,8,warning_stem_collisions,2.89415476,2.83000000,0.79218362,1.26000000,5.00000000,10778,14427,3649,0.74707146,1609,2610,warning_stem_collisions,26507,10.18516413,1260,462,21.03730159,21.79997155,0.03436828,4,0.15090353,4898,0.15596243,1941194,182231,0.09387573,success,159,564,-0.56016598,380,0.01516724,175,0.00698491,53,0.00211543,458,0.01828051,175,0.00698491,,,0.00634629,0.02251138,-0.01616508,0.02885767,1640,25054,warning_stem_collisions,success,success,exact-then-unique-porter-1.0.0,baek-smart-porter-1.0.0
S2022-376,0001024478,ROK,Rockwell Automation,0001024478-22-000093,2022,2022-11-08,1.0.3,0.3.0,1,3,0.07846214,38235,2139,3,0.00140252,success,0,0.00000000,1,0.01369863,0,0.00000000,0,0.00000000,1,0.01369863,73,success,4,0,0.05479452,0.00000000,1.00000000,0.05479452,0.05479452,6,success,3.00390244,2.94000000,0.72689409,1.82000000,4.55000000,41,60,19,0.68333333,28,7,warning_stem_collisions,2.88803672,2.80000000,0.79186037,1.19000000,5.00000000,15576,20299,4723,0.76732844,1708,3657,warning_stem_collisions,38049,10.54663008,2139,929,17.78821879,19.91335217,0.03929144,3,0.07884570,11168,0.22691346,4028059,256027,0.06356089,success,204,527,-0.44186047,650,0.01796920,196,0.00541841,53,0.00146518,331,0.00915047,274,0.00757471,,,0.00563957,0.01456888,-0.00892931,0.02020844,1893,36173,warning_stem_collisions,success,success,exact-then-unique-porter-1.0.0,baek-smart-porter-1.0.0
S2022-377,0000084839,ROL,"Rollins, Inc.",0000084839-23-000006,2022,2023-02-16,1.0.3,0.3.0,0,0,0.00000000,35134,1690,0,0.00000000,success,,,,,,,,,,,0,warning_denominator_zero,,,,,,,,,warning_denominator_zero,,,,,,0,0,0,,0,0,warning_denominator_zero,2.86790282,2.82000000,0.80769070,1.19000000,5.00000000,13995,18550,4555,0.75444744,1679,3363,warning_stem_collisions,35000,10.46310334,1690,564,20.71005917,20.63891837,0.03862857,0,0.00000000,5225,0.12989434,2814281,236467,0.08402395,success,192,650,-0.54394299,576,0.01738186,242,0.00730279,77,0.00232362,451,0.01360975,305,0.00920394,,,0.00579395,0.01961494,-0.01382099,0.02540890,2072,33138,warning_denominator_zero,warning_denominator_zero,success,exact-then-unique-porter-1.0.0,baek-smart-porter-1.0.0
S2022-378,0000882835,ROP,Roper Technologies,0000882835-23-000016,2022,2023-02-27,1.0.3,0.3.0,0,0,0.00000000,32096,1568,0,0.00000000,success,,,,,,,,,,,0,warning_denominator_zero,,,,,,,,,warning_denominator_zero,,,,,,0,0,0,,0,0,warning_denominator_zero,2.88133519,2.81000000,0.79937575,1.19000000,5.00000000,12208,16599,4391,0.73546599,1597,3024,warning_stem_collisions,31795,10.36706432,1568,705,20.27742347,21.17947455,0.05173769,0,0.00000000,6447,0.16858428,3012693,215328,0.07147360,success,155,580,-0.57823129,523,0.01756743,203,0.00681872,63,0.00211615,254,0.00853179,273,0.00917000,,,0.00520641,0.01948205,-0.01427564,0.02468846,1723,29771,warning_denominator_zero,warning_denominator_zero,success,exact-then-unique-porter-1.0.0,baek-smart-porter-1.0.0
S2022-379,0000745732,ROST,Ross Stores,0000745732-22-000014,2022,2022-03-29,1.0.3,0.3.0,0,0,0.00000000,28086,1382,0,0.00000000,success,,,,,,,,,,,0,warning_denominator_zero,,,,,,,,,warning_denominator_zero,,,,,,0,0,0,,0,0,warning_denominator_zero,2.96972073,2.89000000,0.85115965,1.19000000,5.00000000,11351,14761,3410,0.76898584,1616,2535,warning_stem_collisions,28015,10.24049536,1382,494,20.27134588,19.90698383,0.05165090,0,0.00000000,5939,0.17491312,1833800,185600,0.10121060,success,155,512,-0.53523238,434,0.01658958,228,0.00871526,37,0.00141432,184,0.00703337,173,0.00661290,,,0.00592485,0.01957112,-0.01364627,0.02549597,1431,26161,warning_denominator_zero,warning_denominator_zero,success,exact-then-unique-porter-1.0.0,baek-smart-porter-1.0.0
S2022-380,0000884887,RCL,Royal Caribbean Group,0000884887-23-000006,2022,2023-02-23,1.0.3,0.3.0,1,1,0.01637385,61073,2853,1,0.00035051,success,0,0.00000000,0,0.00000000,0,0.00000000,0,0.00000000,0,0.00000000,39,success,1,0,0.02564103,0.00000000,1.00000000,0.02564103,0.02564103,1,success,2.84923077,2.55000000,0.72290505,2.08000000,4.53000000,13,19,6,0.68421053,13,6,warning_stem_collisions,2.93314554,2.82000000,0.82967581,1.26000000,5.00000000,23767,31304,7537,0.75923205,2229,5499,warning_stem_collisions,60851,11.01618353,2853,1209,21.32877673,20.44239230,0.04055808,1,0.01643358,12041,0.16518960,3830929,399712,0.10433814,success,317,965,-0.50546022,982,0.01700227,374,0.00647541,164,0.00283948,477,0.00825874,523,0.00905518,,,0.00548851,0.01670793,-0.01121942,0.02219644,3197,57757,warning_stem_collisions,success,success,exact-then-unique-porter-1.0.0,baek-smart-porter-1.0.0
S2022-381,0000064040,SPGI,S&P Global,0000064040-23-000058,2022,2023-02-10,1.0.3,0.3.0,1,14,0.22697427,61681,2799,8,0.00285816,success,12,0.04838710,2,0.00806452,11,0.04435484,1,0.00403226,2,0.00806452,248,success,2,10,0.00806452,0.04032258,-0.66666667,0.04838710,-0.03225806,29,success,2.58691358,2.50000000,0.64720795,1.30000000,4.64000000,81,129,48,0.62790698,64,36,warning_stem_collisions,2.85380822,2.78000000,0.77411388,1.26000000,5.00000000,24090,32690,8600,0.73692261,2126,6274,warning_stem_collisions,61200,11.02190247,2799,1353,21.86495177,20.97565032,0.04555556,14,0.22875817,11827,0.16195380,5078525,410224,0.08077621,success,429,1045,-0.41791045,964,0.01673408,407,0.00706511,89,0.00154495,710,0.01232489,436,0.00756852,,,0.00744701,0.01814016,-0.01069314,0.02558717,3451,57607,warning_stem_collisions,success,success,exact-then-unique-porter-1.0.0,baek-smart-porter-1.0.0
S2022-382,0001034054,SBAC,SBA Communications,0001034054-23-000002,2022,2023-03-01,1.0.3,0.3.0,0,0,0.00000000,49311,2344,0,0.00000000,success,,,,,,,,,,,0,warning_denominator_zero,,,,,,,,,warning_denominator_zero,,,,,,0,0,0,,0,0,warning_denominator_zero,2.93004984,2.82000000,0.83382538,1.19000000,5.00000000,19262,25460,6198,0.75655931,1819,4549,warning_stem_collisions,49260,10.80486767,2344,972,21.01535836,20.31298729,0.04267154,0,0.00000000,10169,0.17111175,10367286,321533,0.03101419,success,198,616,-0.51351351,793,0.01700148,405,0.00868297,191,0.00409493,347,0.00743949,473,0.01014086,,,0.00424501,0.01320670,-0.00896169,0.01745171,2522,46643,warning_denominator_zero,warning_denominator_zero,success,exact-then-unique-porter-1.0.0,baek-smart-porter-1.0.0
S2022-383,0001108524,CRM,Salesforce,0001108524-22-000013,2022,2022-03-11,1.0.3,0.3.0,1,17,0.31195523,54495,2423,16,0.00660338,success,11,0.02505695,3,0.00683371,8,0.01822323,0,0.00000000,2,0.00455581,439,success,12,12,0.02733485,0.02733485,0.00000000,0.05466970,0.00000000,39,success,2.79946746,2.67000000,0.77985832,1.30000000,4.93000000,169,237,68,0.71308017,100,46,warning_stem_collisions,2.85990090,2.74000000,0.80617183,1.19000000,5.00000000,21392,28726,7334,0.74469122,2244,5654,warning_stem_collisions,54327,10.90277662,2423,1107,22.42137846,21.53990284,0.02280634,17,0.31291991,6918,0.11295616,3024883,367434,0.12147048,success,421,1180,-0.47407870,1218,0.02323629,631,0.01203785,86,0.00164066,672,0.01282002,448,0.00854668,,,0.00803159,0.02251135,-0.01447976,0.03054294,3761,52418,warning_stem_collisions,success,success,exact-then-unique-porter-1.0.0,baek-smart-porter-1.0.0
S2022-384,0000087347,SLB,Schlumberger,0001564590-23-000762,2022,2023-01-25,1.0.3,0.3.0,1,2,0.09794799,20419,1328,2,0.00150602,success,1,0.01886792,0,0.00000000,1,0.01886792,1,0.01886792,0,0.00000000,53,success,2,0,0.03773585,0.00000000,1.00000000,0.03773585,0.03773585,4,success,3.09360000,3.03000000,0.71623393,2.00000000,4.54000000,25,31,6,0.80645161,25,4,warning_stem_collisions,2.89165322,2.82000000,0.82133881,1.26000000,5.00000000,7809,10857,3048,0.71925946,1503,2141,warning_stem_collisions,20368,9.92172032,1328,518,15.33734940,20.33548947,0.03642969,2,0.09819324,13206,0.39334008,6673790,136673,0.02047907,success,191,357,-0.30291971,344,0.01782845,147,0.00761855,46,0.00238404,168,0.00870692,163,0.00844778,,,0.00989894,0.01850220,-0.00860327,0.02840114,1207,19295,warning_stem_collisions,success,success,exact-then-unique-porter-1.0.0,baek-smart-porter-1.0.0
S2022-385,0001137789,STX,Seagate Technology,0001137789-22-000055,2022,2022-08-05,1.0.3,0.3.0,1,8,0.16819090,47565,2261,5,0.00221141,success,1,0.00671141,0,0.00000000,0,0.00000000,1,0.00671141,0,0.00000000,149,success,1,1,0.00671141,0.00671141,0.00000000,0.01342282,0.00000000,4,success,3.26097222,3.20500000,0.90841461,1.75000000,4.93000000,72,90,18,0.80000000,55,8,warning_stem_collisions,2.89367649,2.82000000,0.80928297,1.04000000,5.00000000,18689,24876,6187,0.75128638,2179,4582,warning_stem_collisions,47378,10.76591326,2261,965,20.95444494,20.44181959,0.02988729,8,0.16885474,10578,0.18251777,3433428,314707,0.09165971,success,260,1169,-0.63610917,944,0.02078059,506,0.01113875,140,0.00308187,457,0.01006010,413,0.00909151,,,0.00572347,0.02573359,-0.02001013,0.03145706,3208,45427,warning_stem_collisions,success,success,exact-then-unique-porter-1.0.0,baek-smart-porter-1.0.0
S2022-386,0001032208,SRE,Sempra,0001032208-23-000008,2022,2023-02-28,1.0.3,0.3.0,0,0,0.00000000,105903,5195,0,0.00000000,success,,,,,,,,,,,0,warning_denominator_zero,,,,,,,,,warning_denominator_zero,,,,,,0,0,0,,0,0,warning_denominator_zero,2.87866813,2.78000000,0.80307687,1.17000000,5.00000000,39193,56292,17099,0.69624458,2548,9601,warning_stem_collisions,105838,11.56966490,5195,2603,20.37305101,20.77436374,0.04086434,0,0.00000000,29634,0.21874631,12747476,693115,0.05437272,success,370,1765,-0.65339578,1748,0.01748577,833,0.00833275,186,0.00186061,1535,0.01535507,791,0.00791261,,,0.00370122,0.01765583,-0.01395461,0.02135705,6059,99967,warning_denominator_zero,warning_denominator_zero,success,exact-then-unique-porter-1.0.0,baek-smart-porter-1.0.0
S2022-387,0001373715,NOW,ServiceNow,0001373715-23-000035,2022,2023-01-31,1.0.3,0.3.0,1,21,0.48749913,43077,1946,11,0.00565262,success,4,0.01055409,15,0.03957784,4,0.01055409,0,0.00000000,1,0.00263852,379,success,8,2,0.02110818,0.00527704,0.60000000,0.02638522,0.01583113,30,success,2.91035928,2.72000000,0.79268655,1.45000000,4.96000000,167,239,72,0.69874477,119,44,warning_stem_collisions,2.84944929,2.76000000,0.78782296,1.19000000,5.00000000,17069,22484,5415,0.75916207,2120,4308,warning_stem_collisions,42940,10.66755907,1946,836,22.06577595,20.89191147,0.02792268,21,0.48905449,5262,0.10916559,2408970,288379,0.11971050,success,341,864,-0.43402490,797,0.01931278,466,0.01129204,97,0.00235049,479,0.01160706,303,0.00734225,,,0.00826306,0.02093632,-0.01267326,0.02919938,2746,41268,warning_stem_collisions,success,success,exact-then-unique-porter-1.0.0,baek-smart-porter-1.0.0
S2022-388,0000089800,SHW,Sherwin-Williams,0000089800-23-000007,2022,2023-02-22,1.0.3,0.3.0,0,0,0.00000000,44347,2067,0,0.00000000,success,,,,,,,,,,,0,warning_denominator_zero,,,,,,,,,warning_denominator_zero,,,,,,0,0,0,,0,0,warning_denominator_zero,2.92039912,2.83000000,0.83695343,1.19000000,5.00000000,17714,23547,5833,0.75228267,1910,4128,warning_stem_collisions,44132,10.69494042,2067,823,21.35074988,21.57829793,0.04248618,0,0.00000000,11022,0.19984045,3697803,298210,0.08064518,success,183,1025,-0.69701987,706,0.01697238,279,0.00670721,70,0.00168281,673,0.01617905,292,0.00701974,,,0.00439936,0.02464120,-0.02024184,0.02904056,2637,41597,warning_denominator_zero,warning_denominator_zero,success,exact-then-unique-porter-1.0.0,baek-smart-porter-1.0.0
S2022-389,0001063761,SPG,Simon Property Group,0001558370-23-001840,2022,2023-02-23,1.0.3,0.3.0,0,0,0.00000000,65455,3794,0,0.00000000,success,,,,,,,,,,,0,warning_denominator_zero,,,,,,,,,warning_denominator_zero,,,,,,0,0,0,,0,0,warning_denominator_zero,2.90204342,2.82000000,0.80658377,1.19000000,5.00000000,25193,33362,8169,0.75514058,1742,5476,warning_stem_collisions,65263,11.08618054,3794,1184,17.20163416,20.45280806,0.04239768,0,0.00000000,35828,0.35441335,10262236,427523,0.04165983,success,335,858,-0.43839061,850,0.01377143,439,0.00711254,116,0.00187939,257,0.00416383,484,0.00784161,,,0.00542756,0.01390104,-0.00847348,0.01932860,2748,61722,warning_denominator_zero,warning_denominator_zero,success,exact-then-unique-porter-1.0.0,baek-smart-porter-1.0.0
S2022-390,0000004127,SWKS,Skyworks Solutions,0000004127-22-000038,2022,2022-11-23,1.0.3,0.3.0,0,0,0.00000000,34051,1585,0,0.00000000,success,,,,,,,,,,,0,warning_denominator_zero,,,,,,,,,warning_denominator_zero,,,,,,0,0,0,,0,0,warning_denominator_zero,2.88169215,2.81000000,0.81926806,1.26000000,5.00000000,13604,17776,4172,0.76530153,1999,3304,warning_stem_collisions,33915,10.43161267,1585,768,21.39747634,20.89345775,0.02556391,0,0.00000000,5009,0.12868667,2044428,230054,0.11252732,success,213,701,-0.53391685,694,0.02128247,395,0.01211322,63,0.00193198,333,0.01021190,324,0.00993591,,,0.00653194,0.02149713,-0.01496519,0.02802907,2203,32609,warning_denominator_zero,warning_denominator_zero,success,exact-then-unique-porter-1.0.0,baek-smart-porter-1.0.0
S2022-391,0001419612,SEDG,SolarEdge,0001178913-23-000707,2022,2023-02-22,1.0.3,0.3.0,1,1,0.01865428,53607,2731,1,0.00036617,success,0,0.00000000,0,0.00000000,0,0.00000000,0,0.00000000,0,0.00000000,1,success,0,0,0.00000000,0.00000000,,0.00000000,0.00000000,0,success,,,,,,0,1,1,0.00000000,0,0,success,2.92858129,2.89000000,0.80689122,1.19000000,5.00000000,20709,28051,7342,0.73826245,2163,5147,warning_stem_collisions,53398,10.88552857,2731,1173,19.55254486,20.33754289,0.03095622,1,0.01872729,10869,0.16912257,3165252,354874,0.11211556,success,333,1027,-0.51029412,773,0.01515211,392,0.00768386,120,0.00235220,522,0.01023208,365,0.00715462,,,0.00652736,0.02013094,-0.01360358,0.02665830,2920,51016,success,success,success,exact-then-unique-porter-1.0.0,baek-smart-porter-1.0.0
S2022-392,0000092122,SO,Southern Company,0000092122-23-000012,2022,2023-02-16,1.0.3,0.3.0,0,0,0.00000000,135850,6937,0,0.00000000,success,,,,,,,,,,,0,warning_denominator_zero,,,,,,,,,warning_denominator_zero,,,,,,0,0,0,,0,0,warning_denominator_zero,2.94137140,2.86000000,0.81511620,1.26000000,5.00000000,56745,76392,19647,0.74281338,2410,11923,warning_stem_collisions,135174,11.81431812,6937,3590,19.48594493,21.01226269,0.04978768,0,0.00000000,39089,0.22431038,19675562,909201,0.04620966,success,343,1372,-0.60000000,1452,0.01148089,546,0.00431720,242,0.00191348,1690,0.01336275,858,0.00678416,,,0.00271208,0.01084834,-0.00813625,0.01356042,5665,126471,warning_denominator_zero,warning_denominator_zero,success,exact-then-unique-porter-1.0.0,baek-smart-porter-1.0.0
S2022-393,0000092380,LUV,Southwest Airlines,0000092380-23-000010,2022,2023-02-07,1.0.3,0.3.0,0,0,0.00000000,71436,3011,0,0.00000000,success,,,,,,,,,,,0,warning_denominator_zero,,,,,,,,,warning_denominator_zero,,,,,,0,0,0,,0,0,warning_denominator_zero,2.99227785,2.89000000,0.85208439,1.19000000,5.00000000,28303,38130,9827,0.74227642,2637,6754,warning_stem_collisions,71521,11.17774639,3011,1114,23.75323813,21.56301093,0.03773717,0,0.00000000,10762,0.13079251,3627962,477897,0.13172602,success,414,1364,-0.53430821,1042,0.01549419,436,0.00648317,172,0.00255758,758,0.01127121,576,0.00856493,,,0.00615604,0.02028223,-0.01412618,0.02643827,4065,67251,warning_denominator_zero,warning_denominator_zero,success,exact-then-unique-porter-1.0.0,baek-smart-porter-1.0.0
S2022-394,0000829224,SBUX,Starbucks,0000829224-22-000058,2022,2022-11-18,1.0.3,0.3.0,0,0,0.00000000,41673,1825,0,0.00000000,success,,,,,,,,,,,0,warning_denominator_zero,,,,,,,,,warning_denominator_zero,,,,,,0,0,0,,0,0,warning_denominator_zero,2.92215946,2.81000000,0.85559434,1.19000000,5.00000000,17032,22243,5211,0.76572405,2057,3850,warning_stem_collisions,41542,10.63446024,1825,832,22.76273973,21.21867985,0.03312310,0,0.00000000,8215,0.16510240,3810138,278876,0.07319315,success,271,794,-0.49107981,734,0.01853395,309,0.00780244,79,0.00199480,332,0.00838320,341,0.00861046,,,0.00684292,0.02004899,-0.01320607,0.02689190,2349,39603,warning_denominator_zero,warning_denominator_zero,success,exact-then-unique-porter-1.0.0,baek-smart-porter-1.0.0
S2022-395,0000093751,STT,State Street Corporation,0000093751-23-000489,2022,2023-02-16,1.0.3,0.3.0,1,4,0.03432239,116542,5187,2,0.00038558,success,1,0.02500000,1,0.02500000,0,0.00000000,1,0.02500000,1,0.02500000,40,success,1,0,0.02500000,0.00000000,1.00000000,0.02500000,0.02500000,5,success,2.94761905,2.93000000,0.77797604,1.63000000,4.53000000,21,25,4,0.84000000,17,4,warning_stem_collisions,2.85526666,2.72000000,0.81627125,1.26000000,5.00000000,47326,62033,14707,0.76291651,2652,10549,warning_stem_collisions,116183,11.66292181,5187,2519,22.39888182,21.76683471,0.03197542,4,0.03442844,21717,0.15748368,9782265,780996,0.07983795,success,539,2241,-0.61223022,2830,0.02554244,902,0.00814109,197,0.00177804,1283,0.01157984,978,0.00882703,,,0.00486480,0.02022636,-0.01536157,0.02509116,7736,110796,warning_stem_collisions,success,success,exact-then-unique-porter-1.0.0,baek-smart-porter-1.0.0
S2022-396,0001022671,STLD,Steel Dynamics,0001558370-23-002303,2022,2023-02-28,1.0.3,0.3.0,0,0,0.00000000,41801,2023,0,0.00000000,success,,,,,,,,,,,0,warning_denominator_zero,,,,,,,,,warning_denominator_zero,,,,,,0,0,0,,0,0,warning_denominator_zero,3.00003448,2.90000000,0.87695869,1.19000000,5.00000000,16529,22149,5620,0.74626394,1902,4211,warning_stem_collisions,41449,10.63221903,2023,630,20.48887790,20.59509515,0.04909648,0,0.00000000,6936,0.14335021,3405227,279143,0.08197486,success,241,601,-0.42755344,607,0.01564675,244,0.00628963,74,0.00190751,320,0.00824870,372,0.00958911,,,0.00621230,0.01549209,-0.00927979,0.02170439,2072,38794,warning_denominator_zero,warning_denominator_zero,success,exact-then-unique-porter-1.0.0,baek-smart-porter-1.0.0
S2022-397,0001757898,STE,Steris,0001757898-22-000011,2022,2022-05-31,1.0.3,0.3.0,0,0,0.00000000,51218,2599,0,0.00000000,success,,,,,,,,,,,0,warning_denominator_zero,,,,,,,,,warning_denominator_zero,,,,,,0,0,0,,0,0,warning_denominator_zero,2.86198074,2.76000000,0.79183619,1.19000000,5.00000000,20462,27232,6770,0.75139542,2066,4935,warning_stem_collisions,51118,10.84189196,2599,1024,19.66833397,20.34760593,0.03435189,0,0.00000000,11371,0.18196803,3929632,344013,0.08754331,success,252,968,-0.58688525,882,0.01806304,367,0.00751603,115,0.00235516,581,0.01189867,414,0.00847857,,,0.00516087,0.01982428,-0.01466342,0.02498515,3050,48829,warning_denominator_zero,warning_denominator_zero,success,exact-then-unique-porter-1.0.0,baek-smart-porter-1.0.0
S2022-398,0000310764,SYK,Stryker Corporation,0000310764-23-000017,2022,2023-02-10,1.0.3,0.3.0,1,1,0.03213987,31114,1677,1,0.00059630,success,0,0.00000000,0,0.00000000,0,0.00000000,0,0.00000000,0,0.00000000,20,success,0,1,0.00000000,0.05000000,-1.00000000,0.05000000,-0.05000000,1,success,3.73333333,3.97000000,0.80739636,2.19000000,4.86000000,9,14,5,0.64285714,9,1,warning_stem_collisions,2.85492901,2.74000000,0.80398943,1.26000000,5.00000000,12396,16636,4240,0.74513104,1665,3128,warning_stem_collisions,31061,10.34370829,1677,556,18.52176506,20.69193707,0.03303178,1,0.03219471,11212,0.26522840,3282372,208844,0.06362594,success,206,637,-0.51126928,541,0.01821242,239,0.00804578,69,0.00232284,366,0.01232116,251,0.00844976,,,0.00693486,0.02144420,-0.01450934,0.02837906,1901,29705,warning_stem_collisions,success,success,exact-then-unique-porter-1.0.0,baek-smart-porter-1.0.0
S2022-399,0001601712,SYF,Synchrony Financial,0001601712-23-000037,2022,2023-02-09,1.0.3,0.3.0,1,2,0.02812069,71122,2955,2,0.00067682,success,0,0.00000000,0,0.00000000,0,0.00000000,0,0.00000000,0,0.00000000,72,success,0,0,0.00000000,0.00000000,,0.00000000,0.00000000,0,success,3.14789474,3.10500000,0.69306018,1.50000000,4.26000000,38,46,8,0.82608696,29,7,warning_stem_collisions,2.82903660,2.72000000,0.79921969,1.19000000,5.00000000,29043,37771,8728,0.76892325,2349,6630,warning_stem_collisions,70887,11.16884234,2955,1314,23.98883249,22.34375515,0.02293792,2,0.02821392,15787,0.18214228,3840254,479185,0.12477951,success,352,1494,-0.61863489,1385,0.02027225,619,0.00906030,172,0.00251756,812,0.01188525,652,0.00954333,,,0.00515222,0.02186768,-0.01671546,0.02701991,4657,68320,warning_stem_collisions,success,success,exact-then-unique-porter-1.0.0,baek-smart-porter-1.0.0
S2022-400,0000883241,SNPS,Synopsys,0000883241-22-000017,2022,2022-12-12,1.0.3,0.3.0,1,11,0.25162412,43716,2154,7,0.00324977,success,1,0.00598802,0,0.00000000,0,0.00000000,0,0.00000000,0,0.00000000,167,success,1,2,0.00598802,0.01197605,-0.33333333,0.01796407,-0.00598802,4,success,3.18769231,3.16500000,0.81990137,1.58000000,4.71000000,78,104,26,0.75000000,55,15,warning_stem_collisions,2.86977535,2.79000000,0.80343015,1.19000000,5.00000000,17494,23341,5847,0.74949659,2138,4466,warning_stem_collisions,43570,10.68212412,2154,974,20.22748375,20.00430715,0.02804682,11,0.25246729,6703,0.13333201,3177125,293808,0.09247606,success,276,812,-0.49264706,805,0.01922755,372,0.00888528,67,0.00160031,529,0.01263525,369,0.00881362,,,0.00659230,0.01939475,-0.01280245,0.02598705,2718,41867,warning_stem_collisions,success,success,exact-then-unique-porter-1.0.0,baek-smart-porter-1.0.0
S2022-401,0000096021,SYY,Sysco,0000096021-22-000151,2022,2022-08-26,1.0.3,0.3.0,0,0,0.00000000,45587,2460,0,0.00000000,success,,,,,,,,,,,0,warning_denominator_zero,,,,,,,,,warning_denominator_zero,,,,,,0,0,0,,0,0,warning_denominator_zero,2.88524132,2.80000000,0.81762350,1.19000000,5.00000000,17715,23908,6193,0.74096537,2082,4595,warning_stem_collisions,45457,10.72452210,2460,975,18.47845528,20.19107591,0.03460413,0,0.00000000,18648,0.29089775,5175133,302353,0.05842420,success,241,751,-0.51411290,725,0.01677658,312,0.00721972,116,0.00268425,415,0.00960315,349,0.00807590,,,0.00557677,0.01737823,-0.01180146,0.02295499,2505,43215,warning_denominator_zero,warning_denominator_zero,success,exact-then-unique-porter-1.0.0,baek-smart-porter-1.0.0
S2022-402,0001283699,TMUS,T-Mobile US,0001283699-23-000016,2022,2023-02-14,1.0.3,0.3.0,0,0,0.00000000,63153,2918,0,0.00000000,success,,,,,,,,,,,0,warning_denominator_zero,,,,,,,,,warning_denominator_zero,,,,,,0,0,0,,0,0,warning_denominator_zero,2.87544577,2.82000000,0.78575941,1.26000000,5.00000000,24856,32993,8137,0.75337193,2152,5674,warning_stem_collisions,62791,11.04756703,2918,1403,21.51850583,20.98264235,0.03629501,0,0.00000000,13450,0.17641427,4967374,419206,0.08439187,success,239,1127,-0.65007321,872,0.01460196,382,0.00639673,156,0.00261228,761,0.01274323,531,0.00889179,,,0.00400214,0.01887203,-0.01486989,0.02287418,3474,59718,warning_denominator_zero,warning_denominator_zero,success,exact-then-unique-porter-1.0.0,baek-smart-porter-1.0.0
S2022-403,0001113169,TROW,T. Rowe Price,0001113169-23-000007,2022,2023-02-15,1.0.3,0.3.0,0,0,0.00000000,41212,2237,0,0.00000000,success,,,,,,,,,,,0,warning_denominator_zero,,,,,,,,,warning_denominator_zero,,,,,,0,0,0,,0,0,warning_denominator_zero,2.90649931,2.82000000,0.79640524,1.26000000,4.96000000,16551,21721,5170,0.76198149,1786,3828,warning_stem_collisions,41220,10.62667885,2237,866,18.42646401,20.23719949,0.03748180,0,0.00000000,10818,0.20788654,3684948,277172,0.07521734,success,215,678,-0.51847704,672,0.01719066,281,0.00718836,88,0.00225116,303,0.00775114,334,0.00854417,,,0.00549999,0.01734415,-0.01184416,0.02284413,2144,39091,warning_denominator_zero,warning_denominator_zero,success,exact-then-unique-porter-1.0.0,baek-smart-porter-1.0.0
S2022-404,0001385157,TEL,TE Connectivity,0001558370-22-017931,2022,2022-11-15,1.0.3,0.3.0,0,0,0.00000000,45777,2473,0,0.00000000,success,,,,,,,,,,,0,warning_denominator_zero,,,,,,,,,warning_denominator_zero,,,,,,0,0,0,,0,0,warning_denominator_zero,2.84377721,2.74000000,0.79141569,1.19000000,5.00000000,18511,23981,5470,0.77190276,1764,4301,warning_stem_collisions,45712,10.73011612,2473,874,18.48443186,19.79647442,0.03336104,0,0.00000000,13452,0.22736799,5565751,304231,0.05466127,success,213,809,-0.58317025,800,0.01828613,310,0.00708588,147,0.00336008,525,0.01200027,392,0.00896020,,,0.00486868,0.01849185,-0.01362317,0.02336053,2719,43749,warning_denominator_zero,warning_denominator_zero,success,exact-then-unique-porter-1.0.0,baek-smart-porter-1.0.0
S2022-405,0000109198,TJX,TJX Companies,0000109198-22-000008,2022,2022-03-30,1.0.3,0.3.0,0,0,0.00000000,34937,1725,0,0.00000000,success,,,,,,,,,,,0,warning_denominator_zero,,,,,,,,,warning_denominator_zero,,,,,,0,0,0,,0,0,warning_denominator_zero,2.89267892,2.82000000,0.82948197,1.26000000,5.00000000,13819,18296,4477,0.75530171,1789,3292,warning_stem_collisions,35041,10.46427408,1725,716,20.31362319,19.82075186,0.04092349,0,0.00000000,9203,0.20800561,3074133,229557,0.07467374,success,171,622,-0.56872636,637,0.01918501,308,0.00927627,46,0.00138542,242,0.00728850,222,0.00668614,,,0.00515014,0.01873325,-0.01358311,0.02388338,1859,33203,warning_denominator_zero,warning_denominator_zero,success,exact-then-unique-porter-1.0.0,baek-smart-porter-1.0.0
S2022-406,0000946581,TTWO,Take-Two Interactive,0001628280-22-014580,2022,2022-05-17,1.0.3,0.3.0,0,0,0.00000000,50786,2164,0,0.00000000,success,,,,,,,,,,,0,warning_denominator_zero,,,,,,,,,warning_denominator_zero,,,,,,0,0,0,,0,0,warning_denominator_zero,2.88476183,2.80000000,0.81968434,1.19000000,5.00000000,19650,25961,6311,0.75690459,2172,4844,warning_stem_collisions,50656,10.83281296,2164,895,23.40850277,20.61264648,0.03646162,0,0.00000000,8024,0.13674165,3242529,331813,0.10233154,success,351,975,-0.47058824,1046,0.02168460,589,0.01221054,115,0.00238406,426,0.00883139,376,0.00779485,,,0.00727657,0.02021270,-0.01293613,0.02748927,3135,48237,warning_denominator_zero,warning_denominator_zero,success,exact-then-unique-porter-1.0.0,baek-smart-porter-1.0.0
S2022-407,0001116132,TPR,"Tapestry, Inc.",0001116132-22-000018,2022,2022-08-18,1.0.3,0.3.0,0,0,0.00000000,51407,2323,0,0.00000000,success,,,,,,,,,,,0,warning_denominator_zero,,,,,,,,,warning_denominator_zero,,,,,,0,0,0,,0,0,warning_denominator_zero,2.90405841,2.82000000,0.83602513,1.26000000,5.00000000,20853,27517,6664,0.75782244,2186,4849,warning_stem_collisions,51308,10.84560196,2323,1045,22.08695652,20.49200696,0.04011070,0,0.00000000,8712,0.14515162,3630513,341921,0.09417980,success,334,825,-0.42364107,871,0.01801411,378,0.00781783,109,0.00225435,348,0.00719737,378,0.00781783,,,0.00690782,0.01706273,-0.01015491,0.02397055,2663,48351,warning_denominator_zero,warning_denominator_zero,success,exact-then-unique-porter-1.0.0,baek-smart-porter-1.0.0
S2022-408,0001389170,TRGP,Targa Resources,0000950170-23-003797,2022,2023-02-22,1.0.3,0.3.0,0,0,0.00000000,99773,4097,0,0.00000000,success,,,,,,,,,,,0,warning_denominator_zero,,,,,,,,,warning_denominator_zero,,,,,,0,0,0,,0,0,warning_denominator_zero,2.91048686,2.81000000,0.84560974,1.19000000,5.00000000,38738,52632,13894,0.73601611,2432,9346,warning_stem_collisions,99190,11.50479248,4097,1509,24.21039785,21.78791080,0.03271499,0,0.00000000,14884,0.13047671,10662459,656759,0.06159545,success,342,1577,-0.64356436,1727,0.01819887,791,0.00833544,199,0.00209703,1131,0.01191831,933,0.00983182,,,0.00360395,0.01661819,-0.01301425,0.02022214,5565,94896,warning_denominator_zero,warning_denominator_zero,success,exact-then-unique-porter-1.0.0,baek-smart-porter-1.0.0
S2022-409,0000027419,TGT,Target Corporation,0000027419-22-000007,2022,2022-03-09,1.0.3,0.3.0,0,0,0.00000000,22010,1465,0,0.00000000,success,,,,,,,,,,,0,warning_denominator_zero,,,,,,,,,warning_denominator_zero,,,,,,0,0,0,,0,0,warning_denominator_zero,2.92202387,2.85000000,0.82623237,1.26000000,5.00000000,9131,11751,2620,0.77704025,1620,1998,warning_stem_collisions,22051,10.00111323,1465,593,15.05187713,18.89517031,0.04952156,0,0.00000000,9135,0.29291990,2432427,146420,0.06019502,success,116,392,-0.54330709,345,0.01669894,162,0.00784124,36,0.00174250,118,0.00571152,182,0.00880929,,,0.00561471,0.01897386,-0.01335915,0.02458858,1121,20660,warning_denominator_zero,warning_denominator_zero,success,exact-then-unique-porter-1.0.0,baek-smart-porter-1.0.0
S2022-410,0001094285,TDY,Teledyne Technologies,0001094285-22-000049,2022,2022-02-25,1.0.3,0.3.0,0,0,0.00000000,50315,2331,0,0.00000000,success,,,,,,,,,,,0,warning_denominator_zero,,,,,,,,,warning_denominator_zero,,,,,,0,0,0,,0,0,warning_denominator_zero,2.89461637,2.81000000,0.79629631,1.19000000,5.00000000,20306,26743,6437,0.75930150,2157,4800,warning_stem_collisions,50230,10.82436774,2331,877,21.54869155,21.16199820,0.03904041,0,0.00000000,10437,0.17203752,4112028,338349,0.08228276,success,224,859,-0.58633426,957,0.02007468,441,0.00925071,90,0.00188790,549,0.01151619,383,0.00803407,,,0.00469877,0.01801896,-0.01332019,0.02271774,2916,47672,warning_denominator_zero,warning_denominator_zero,success,exact-then-unique-porter-1.0.0,baek-smart-porter-1.0.0
S2022-411,0000096943,TFX,Teleflex,0000096943-23-000024,2022,2023-02-23,1.0.3,0.3.0,0,0,0.00000000,44398,2045,0,0.00000000,success,,,,,,,,,,,0,warning_denominator_zero,,,,,,,,,warning_denominator_zero,,,,,,0,0,0,,0,0,warning_denominator_zero,2.83226100,2.74000000,0.79022758,1.04000000,5.00000000,17280,22862,5582,0.75583938,2112,4253,warning_stem_collisions,44327,10.69934925,2045,930,21.67579462,21.25224667,0.03293704,0,0.00000000,8150,0.15530613,3312023,297021,0.08967963,success,240,954,-0.59798995,807,0.01898555,385,0.00905754,114,0.00268197,459,0.01079848,470,0.01105726,,,0.00564626,0.02244389,-0.01679763,0.02809015,2867,42506,warning_denominator_zero,warning_denominator_zero,success,exact-then-unique-porter-1.0.0,baek-smart-porter-1.0.0
S2022-412,0000097210,TER,Teradyne,0001193125-23-044711,2022,2023-02-22,1.0.3,0.3.0,1,3,0.07917447,37891,2132,1,0.00046904,success,0,0.00000000,1,0.02325581,0,0.00000000,0,0.00000000,0,0.00000000,43,success,0,0,0.00000000,0.00000000,,0.00000000,0.00000000,1,success,3.25925926,3.30000000,0.78075427,1.62000000,4.57000000,27,32,5,0.84375000,25,2,warning_stem_collisions,2.94079554,2.89000000,0.79002922,1.26000000,5.00000000,15059,19840,4781,0.75902218,1836,3449,warning_stem_collisions,37878,10.54212575,2132,781,17.76641651,19.80250945,0.04181847,3,0.07920165,12614,0.24982175,3900452,251936,0.06459149,success,226,564,-0.42784810,612,0.01707113,295,0.00822873,92,0.00256625,330,0.00920502,335,0.00934449,,,0.00630404,0.01573222,-0.00942817,0.02203626,2057,35850,warning_stem_collisions,success,success,exact-then-unique-porter-1.0.0,baek-smart-porter-1.0.0
S2022-413,0001318605,TSLA,"Tesla, Inc.",0000950170-23-001409,2022,2023-01-31,1.0.3,0.3.0,1,9,0.10535434,85426,3498,8,0.00228702,success,3,0.01315789,0,0.00000000,1,0.00438596,1,0.00438596,0,0.00000000,228,success,5,1,0.02192982,0.00438596,0.66666667,0.02631579,0.01754386,10,success,3.02611111,2.93000000,0.94315628,1.50000000,4.93000000,90,126,36,0.71428571,66,22,warning_stem_collisions,2.94765914,2.89000000,0.81038238,1.19000000,5.00000000,33462,43838,10376,0.76331037,2275,7592,warning_stem_collisions,85101,11.35159407,3498,980,24.32847341,21.34498186,0.03633330,9,0.10575669,10721,0.11188454,7964288,558057,0.07006992,success,381,1470,-0.58833063,1043,0.01287162,538,0.00663943,191,0.00235712,1035,0.01277289,593,0.00731819,,,0.00470190,0.01814121,-0.01343930,0.02284311,4319,81031,warning_stem_collisions,success,success,exact-then-unique-porter-1.0.0,baek-smart-porter-1.0.0
S2022-414,0000097476,TXN,Texas Instruments,0000097476-23-000007,2022,2023-02-03,1.0.3,0.3.0,0,0,0.00000000,22090,1248,0,0.00000000,success,,,,,,,,,,,0,warning_denominator_zero,,,,,,,,,warning_denominator_zero,,,,,,0,0,0,,0,0,warning_denominator_zero,2.90568577,2.83000000,0.81572981,1.19000000,5.00000000,8567,11377,2810,0.75301046,1486,2182,warning_stem_collisions,22073,10.00211042,1248,567,17.68669872,19.05241192,0.03375164,0,0.00000000,5839,0.20919318,2733022,146347,0.05354768,success,155,298,-0.31567329,319,0.01515799,157,0.00746020,58,0.00275600,163,0.00774531,136,0.00646234,,,0.00736517,0.01416013,-0.00679496,0.02152530,1057,21045,warning_denominator_zero,warning_denominator_zero,success,exact-then-unique-porter-1.0.0,baek-smart-porter-1.0.0
S2022-415,0000097745,TMO,Thermo Fisher Scientific,0000097745-23-000008,2022,2023-02-23,1.0.3,0.3.0,0,0,0.00000000,36659,1933,0,0.00000000,success,,,,,,,,,,,0,warning_denominator_zero,,,,,,,,,warning_denominator_zero,,,,,,0,0,0,,0,0,warning_denominator_zero,2.88239669,2.74000000,0.80779195,1.30000000,5.00000000,14616,19723,5107,0.74106373,1903,3952,warning_stem_collisions,36723,10.51115854,1933,848,18.99793068,20.90457050,0.02761212,0,0.00000000,10418,0.22099658,3845170,249635,0.06492171,success,240,688,-0.48275862,627,0.01785714,281,0.00800296,90,0.00256323,458,0.01304397,343,0.00976874,,,0.00683527,0.01959444,-0.01275917,0.02642971,2288,35112,warning_denominator_zero,warning_denominator_zero,success,exact-then-unique-porter-1.0.0,baek-smart-porter-1.0.0
S2022-416,0000916365,TSCO,Tractor Supply,0000916365-23-000045,2022,2023-02-23,1.0.3,0.3.0,1,1,0.02492026,40128,1922,1,0.00052029,success,0,0.00000000,0,0.00000000,0,0.00000000,1,0.04000000,0,0.00000000,25,success,1,0,0.04000000,0.00000000,1.00000000,0.04000000,0.04000000,2,success,2.79928571,2.70500000,0.75799043,1.82000000,4.24000000,14,14,0,1.00000000,12,0,success,2.95510434,2.86000000,0.85460966,1.26000000,5.00000000,16484,21268,4784,0.77506112,1974,3602,warning_stem_collisions,39963,10.59570931,1922,828,20.79240375,20.32063728,0.03568301,1,0.02502315,7768,0.16274539,2200080,266366,0.12107105,success,302,686,-0.38866397,678,0.01783788,311,0.00818227,106,0.00278881,250,0.00657739,357,0.00939251,,,0.00794549,0.01804836,-0.01010287,0.02599384,2187,38009,success,success,success,exact-then-unique-porter-1.0.0,baek-smart-porter-1.0.0
S2022-417,0001466258,TT,Trane Technologies,0001466258-23-000058,2022,2023-02-10,1.0.3,0.3.0,0,0,0.00000000,45218,2331,0,0.00000000,success,,,,,,,,,,,0,warning_denominator_zero,,,,,,,,,warning_denominator_zero,,,,,,0,0,0,,0,0,warning_denominator_zero,2.87367672,2.80000000,0.80335726,1.19000000,5.00000000,17570,23844,6274,0.73687301,2009,4321,warning_stem_collisions,45179,10.71838766,2331,959,19.38181038,20.93759260,0.03658780,0,0.00000000,12291,0.21386811,3865350,303688,0.07856675,success,270,868,-0.52548330,769,0.01795303,275,0.00642013,106,0.00247467,664,0.01550170,326,0.00761078,,,0.00630340,0.02026428,-0.01396087,0.02656768,2791,42834,warning_denominator_zero,warning_denominator_zero,success,exact-then-unique-porter-1.0.0,baek-smart-porter-1.0.0
S2022-418,0001260221,TDG,TransDigm Group,0001260221-22-000065,2022,2022-11-10,1.0.3,0.3.0,0,0,0.00000000,48141,2298,0,0.00000000,success,,,,,,,,,,,0,warning_denominator_zero,,,,,,,,,warning_denominator_zero,,,,,,0,0,0,,0,0,warning_denominator_zero,2.89099400,2.79000000,0.81992612,1.19000000,5.00000000,19155,25554,6399,0.74958911,1969,4572,warning_stem_collisions,48151,10.78209719,2298,845,20.95343777,22.53877420,0.03781853,0,0.00000000,22653,0.31993955,4481652,322450,0.07194892,success,264,791,-0.49952607,812,0.01779024,277,0.00606884,122,0.00267292,461,0.01010012,381,0.00834739,,,0.00578402,0.01733015,-0.01154613,0.02311417,2705,45643,warning_denominator_zero,warning_denominator_zero,success,exact-then-unique-porter-1.0.0,baek-smart-porter-1.0.0
S2022-419,0000086312,TRV,Travelers Companies (The),0000086312-23-000011,2022,2023-02-16,1.0.3,0.3.0,1,4,0.04085343,97911,4966,3,0.00060411,success,2,0.01098901,2,0.01098901,1,0.00549451,0,0.00000000,0,0.00000000,182,success,0,3,0.00000000,0.01648352,-1.00000000,0.01648352,-0.01648352,6,success,2.74789474,2.68500000,0.71094510,1.62000000,4.43000000,76,95,19,0.80000000,64,18,warning_stem_collisions,2.86673023,2.80000000,0.78613070,1.26000000,5.00000000,40853,52955,12102,0.77146634,2555,9116,warning_stem_collisions,97675,11.48940092,4966,2130,19.66874748,21.57014584,0.03252623,4,0.04095214,20585,0.17406562,8692556,667963,0.07684311,success,492,2925,-0.71202809,1821,0.01961862,686,0.00739065,135,0.00145443,2031,0.02188106,659,0.00709976,,,0.00530058,0.03151261,-0.02621202,0.03681319,7249,92820,warning_stem_collisions,success,success,exact-then-unique-porter-1.0.0,baek-smart-porter-1.0.0
S2022-420,0000864749,TRMB,Trimble Inc.,0000864749-23-000012,2022,2023-02-17,1.0.3,0.3.0,1,2,0.05007887,39937,2044,1,0.00048924,success,0,0.00000000,1,0.02500000,0,0.00000000,0,0.00000000,0,0.00000000,40,success,0,0,0.00000000,0.00000000,,0.00000000,0.00000000,1,success,3.11538462,3.12000000,0.89274094,1.72000000,4.89000000,26,31,5,0.83870968,25,2,warning_stem_collisions,2.91010112,2.82000000,0.81304275,1.17000000,5.00000000,16119,21478,5359,0.75048887,2219,3902,warning_stem_collisions,39845,10.59275221,2044,902,19.49363992,19.88425028,0.02306437,2,0.05019450,6503,0.14030810,2769119,271362,0.09799579,success,368,733,-0.33151680,696,0.01809625,377,0.00980214,83,0.00215803,300,0.00780011,307,0.00798211,,,0.00956813,0.01905827,-0.00949013,0.02862640,2383,38461,warning_stem_collisions,success,success,exact-then-unique-porter-1.0.0,baek-smart-porter-1.0.0
S2022-421,0000092230,TFC,Truist Financial,0000092230-23-000034,2022,2023-02-28,1.0.3,0.3.0,0,0,0.00000000,68769,3627,0,0.00000000,success,,,,,,,,,,,0,warning_denominator_zero,,,,,,,,,warning_denominator_zero,,,,,,0,0,0,,0,0,warning_denominator_zero,2.82071115,2.71000000,0.79137445,1.19000000,5.00000000,27997,38927,10930,0.71921802,2440,7145,warning_stem_collisions,68774,11.13858105,3627,1406,18.96167632,21.11936040,0.02432605,0,0.00000000,20710,0.23143802,9009965,472231,0.05241208,success,380,1602,-0.61654894,1457,0.02216576,558,0.00848902,143,0.00217550,834,0.01268788,661,0.01005598,,,0.00578105,0.02437169,-0.01859064,0.03015274,4858,65732,warning_denominator_zero,warning_denominator_zero,success,exact-then-unique-porter-1.0.0,baek-smart-porter-1.0.0
S2022-422,0000860731,TYL,Tyler Technologies,0000860731-23-000009,2022,2023-02-22,1.0.3,0.3.0,0,0,0.00000000,43911,2165,0,0.00000000,success,,,,,,,,,,,0,warning_denominator_zero,,,,,,,,,warning_denominator_zero,,,,,,0,0,0,,0,0,warning_denominator_zero,2.89051731,2.81000000,0.78866293,1.19000000,5.00000000,17707,23083,5376,0.76710133,1926,4157,warning_stem_collisions,43745,10.68613260,2165,881,20.20554273,20.17211219,0.03499829,0,0.00000000,6546,0.13016245,3007612,294640,0.09796476,success,251,626,-0.42759407,739,0.01773330,312,0.00748686,87,0.00208768,466,0.01118230,315,0.00755885,,,0.00602308,0.01502172,-0.00899863,0.02104480,2348,41673,warning_denominator_zero,warning_denominator_zero,success,exact-then-unique-porter-1.0.0,baek-smart-porter-1.0.0
S2022-423,0000100493,TSN,Tyson Foods,0000100493-22-000097,2022,2022-11-14,1.0.3,0.3.0,1,2,0.03809669,52498,2522,2,0.00079302,success,16,0.02711864,18,0.03050847,4,0.00677966,1,0.00169492,3,0.00508475,590,success,4,19,0.00677966,0.03220339,-0.65217391,0.03898305,-0.02542373,54,success,2.84859504,2.59000000,0.87467992,1.30000000,4.96000000,242,361,119,0.67036011,172,73,warning_stem_collisions,2.92308921,2.81000000,0.86692280,1.19000000,5.00000000,21533,28107,6574,0.76610809,2202,5083,warning_stem_collisions,52178,10.86241623,2522,990,20.68913561,20.35400079,0.03698877,2,0.03833033,11473,0.18024854,3760676,348136,0.09257272,success,335,1260,-0.57993730,1067,0.02143905,366,0.00735398,100,0.00200928,758,0.01523036,397,0.00797685,,,0.00673110,0.02531696,-0.01858587,0.03204806,3510,49769,warning_stem_collisions,success,success,exact-then-unique-porter-1.0.0,baek-smart-porter-1.0.0
S2022-424,0000036104,USB,U.S. Bancorp,0001193125-23-050691,2022,2023-02-27,1.0.3,0.3.0,0,0,0.00000000,16153,851,0,0.00000000,success,,,,,,,,,,,0,warning_denominator_zero,,,,,,,,,warning_denominator_zero,,,,,,0,0,0,,0,0,warning_denominator_zero,2.94881839,2.82000000,0.80841795,1.19000000,4.96000000,6415,8992,2577,0.71341192,1296,1479,warning_stem_collisions,16270,9.69707820,851,249,19.11868390,20.88167872,0.03023970,0,0.00000000,4147,0.20311505,1025049,109851,0.10716658,success,84,195,-0.39784946,160,0.01034260,74,0.00478345,38,0.00245637,199,0.01286361,203,0.01312217,,,0.00542986,0.01260504,-0.00717518,0.01803491,858,15470,warning_denominator_zero,warning_denominator_zero,success,exact-then-unique-porter-1.0.0,baek-smart-porter-1.0.0
S2022-425,0000074208,UDR,"UDR, Inc.",0000074208-23-000007,2022,2023-02-13,1.0.3,0.3.0,0,0,0.00000000,69627,3464,0,0.00000000,success,,,,,,,,,,,0,warning_denominator_zero,,,,,,,,,warning_denominator_zero,,,,,,0,0,0,,0,0,warning_denominator_zero,2.88626717,2.81000000,0.79529910,1.30000000,5.00000000,27226,35831,8605,0.75984483,1842,5821,warning_stem_collisions,69016,11.14209364,3464,1105,19.92378753,20.61739885,0.04200475,0,0.00000000,24737,0.26385289,9284614,450017,0.04846911,success,310,965,-0.51372549,1189,0.01822502,530,0.00812385,170,0.00260576,410,0.00628449,439,0.00672900,,,0.00475169,0.01479154,-0.01003985,0.01954323,3326,65240,warning_denominator_zero,warning_denominator_zero,success,exact-then-unique-porter-1.0.0,baek-smart-porter-1.0.0
S2022-426,0001403568,ULTA,Ulta Beauty,0001558370-22-004330,2022,2022-03-25,1.0.3,0.3.0,1,2,0.05319573,37597,1941,2,0.00103040,success,0,0.00000000,0,0.00000000,0,0.00000000,0,0.00000000,0,0.00000000,97,success,1,0,0.01030928,0.00000000,1.00000000,0.01030928,0.01030928,1,success,2.96666667,2.93000000,0.76351214,1.72000000,4.79000000,42,63,21,0.66666667,34,13,warning_stem_collisions,2.97215451,2.89000000,0.85583524,1.19000000,5.00000000,15688,20321,4633,0.77200925,1952,3466,warning_stem_collisions,37546,10.53332213,1941,675,19.34363730,19.68012703,0.03102860,2,0.05326799,8370,0.18228940,2977594,249512,0.08379651,success,286,627,-0.37349398,533,0.01488453,282,0.00787512,61,0.00170348,261,0.00728867,342,0.00955067,,,0.00798682,0.01750956,-0.00952275,0.02549638,1967,35809,warning_stem_collisions,success,success,exact-then-unique-porter-1.0.0,baek-smart-porter-1.0.0
S2022-427,0000100885,UNP,Union Pacific Corporation,0001437749-23-002959,2022,2023-02-10,1.0.3,0.3.0,0,0,0.00000000,31039,1748,0,0.00000000,success,,,,,,,,,,,0,warning_denominator_zero,,,,,,,,,warning_denominator_zero,,,,,,0,0,0,,0,0,warning_denominator_zero,2.96980134,2.87000000,0.85238015,1.26000000,5.00000000,12584,16429,3845,0.76596263,1928,2951,warning_stem_collisions,30758,10.33390540,1748,571,17.59610984,20.64294176,0.03683595,0,0.00000000,12615,0.29084915,2772044,207031,0.07468532,success,192,483,-0.43111111,439,0.01500598,184,0.00628952,54,0.00184584,325,0.01110921,166,0.00567424,,,0.00656298,0.01651000,-0.00994702,0.02307298,1551,29255,warning_denominator_zero,warning_denominator_zero,success,exact-then-unique-porter-1.0.0,baek-smart-porter-1.0.0
S2022-428,0000100517,UAL,United Airlines Holdings,0000100517-23-000048,2022,2023-02-16,1.0.3,0.3.0,0,0,0.00000000,54298,2424,0,0.00000000,success,,,,,,,,,,,0,warning_denominator_zero,,,,,,,,,warning_denominator_zero,,,,,,0,0,0,,0,0,warning_denominator_zero,2.96116147,2.85000000,0.83909587,1.19000000,5.00000000,21688,29159,7471,0.74378408,2375,5017,warning_stem_collisions,54437,10.90479935,2424,813,22.45750825,22.61842860,0.03023679,0,0.00000000,17588,0.24419299,3982033,362682,0.09107961,success,343,934,-0.46280345,926,0.01789441,460,0.00888923,125,0.00241555,443,0.00856072,495,0.00956559,,,0.00662828,0.01804901,-0.01142073,0.02467728,3106,51748,warning_denominator_zero,warning_denominator_zero,success,exact-then-unique-porter-1.0.0,baek-smart-porter-1.0.0
S2022-429,0001090727,UPS,United Parcel Service,0001090727-23-000006,2022,2023-02-21,1.0.3,0.3.0,0,0,0.00000000,50985,2905,0,0.00000000,success,,,,,,,,,,,0,warning_denominator_zero,,,,,,,,,warning_denominator_zero,,,,,,0,0,0,,0,0,warning_denominator_zero,2.91191357,2.82000000,0.79889723,1.19000000,5.00000000,20501,26883,6382,0.76260090,1993,4937,warning_stem_collisions,50747,10.83460778,2905,1370,17.46884682,19.23060316,0.03535184,0,0.00000000,12278,0.19481158,5662476,339079,0.05988175,success,270,721,-0.45509586,823,0.01703440,333,0.00689241,131,0.00271143,442,0.00914849,376,0.00778242,,,0.00558844,0.01492321,-0.00933477,0.02051165,2590,48314,warning_denominator_zero,warning_denominator_zero,success,exact-then-unique-porter-1.0.0,baek-smart-porter-1.0.0
S2022-430,0001067701,URI,United Rentals,0001067701-23-000010,2022,2023-01-25,1.0.3,0.3.0,0,0,0.00000000,49976,2380,0,0.00000000,success,,,,,,,,,,,0,warning_denominator_zero,,,,,,,,,warning_denominator_zero,,,,,,0,0,0,,0,0,warning_denominator_zero,2.87627594,2.72000000,0.80935693,1.26000000,5.00000000,19613,25594,5981,0.76631242,1843,4549,warning_stem_collisions,49757,10.81490644,2380,967,20.90630252,20.82126955,0.04148160,0,0.00000000,11626,0.18940097,3296532,329255,0.09987921,success,275,767,-0.47216891,775,0.01642993,353,0.00748357,110,0.00233199,315,0.00667797,478,0.01013356,,,0.00582998,0.01626033,-0.01043036,0.02209031,2586,47170,warning_denominator_zero,warning_denominator_zero,success,exact-then-unique-porter-1.0.0,baek-smart-porter-1.0.0
S2022-431,0000731766,UNH,UnitedHealth Group,0000731766-23-000008,2022,2023-02-24,1.0.3,0.3.0,0,0,0.00000000,34957,1671,0,0.00000000,success,,,,,,,,,,,0,warning_denominator_zero,,,,,,,,,warning_denominator_zero,,,,,,0,0,0,,0,0,warning_denominator_zero,2.84387051,2.72000000,0.79731204,1.30000000,4.96000000,14179,19577,5398,0.72426827,1847,4077,warning_stem_collisions,34857,10.45900926,1671,716,20.85996409,22.30090349,0.02630748,0,0.00000000,9011,0.20541169,3629600,240916,0.06637536,success,249,659,-0.45154185,601,0.01798809,324,0.00969741,52,0.00155637,610,0.01825746,305,0.00912873,,,0.00745264,0.01972404,-0.01227141,0.02717668,2313,33411,warning_denominator_zero,warning_denominator_zero,success,exact-then-unique-porter-1.0.0,baek-smart-porter-1.0.0
S2022-432,0000352915,UHS,Universal Health Services,0000950170-23-004656,2022,2023-02-27,1.0.3,0.3.0,0,0,0.00000000,99948,3872,0,0.00000000,success,,,,,,,,,,,0,warning_denominator_zero,,,,,,,,,warning_denominator_zero,,,,,,0,0,0,,0,0,warning_denominator_zero,2.85763049,2.75000000,0.77895200,1.19000000,5.00000000,38949,51821,12872,0.75160649,2335,9191,warning_stem_collisions,99525,11.50816415,3872,1225,25.70377066,22.25095675,0.04815875,0,0.00000000,14999,0.13096818,8991509,657833,0.07316158,success,389,1869,-0.65544730,1240,0.01324121,500,0.00533920,288,0.00307538,1508,0.01610303,875,0.00934360,,,0.00415390,0.01995793,-0.01580403,0.02411182,5722,93647,warning_denominator_zero,warning_denominator_zero,success,exact-then-unique-porter-1.0.0,baek-smart-porter-1.0.0
S2022-433,0000103379,VFC,VF Corporation,0000103379-22-000006,2022,2022-05-26,1.0.3,0.3.0,0,0,0.00000000,67887,3287,0,0.00000000,success,,,,,,,,,,,0,warning_denominator_zero,,,,,,,,,warning_denominator_zero,,,,,,0,0,0,,0,0,warning_denominator_zero,2.87183497,2.79000000,0.81152547,1.19000000,5.00000000,27292,37077,9785,0.73608976,2187,6528,warning_stem_collisions,67548,11.12059374,3287,1318,20.55004563,19.89601225,0.03936460,0,0.00000000,10183,0.13100307,4548048,451561,0.09928677,success,364,1077,-0.49479528,1116,0.01755103,417,0.00655805,103,0.00161985,482,0.00758028,492,0.00773755,,,0.00572453,0.01693769,-0.01121316,0.02266222,3407,63586,warning_denominator_zero,warning_denominator_zero,success,exact-then-unique-porter-1.0.0,baek-smart-porter-1.0.0
S2022-434,0001035002,VLO,Valero Energy,0001035002-23-000027,2022,2023-02-23,1.0.3,0.3.0,0,0,0.00000000,48307,2396,0,0.00000000,success,,,,,,,,,,,0,warning_denominator_zero,,,,,,,,,warning_denominator_zero,,,,,,0,0,0,,0,0,warning_denominator_zero,2.96180669,2.85000000,0.86036365,1.26000000,5.00000000,18675,25362,6687,0.73633783,2033,4620,warning_stem_collisions,48180,10.78269928,2396,1186,20.10851419,20.69432920,0.03102947,0,0.00000000,12043,0.19997343,5086357,320827,0.06307599,success,205,690,-0.54189944,677,0.01468292,287,0.00622452,65,0.00140973,441,0.00956450,361,0.00782944,,,0.00444608,0.01496487,-0.01051878,0.01941095,2323,46108,warning_denominator_zero,warning_denominator_zero,success,exact-then-unique-porter-1.0.0,baek-smart-porter-1.0.0
S2022-435,0000740260,VTR,Ventas,0000740260-23-000070,2022,2023-02-10,1.0.3,0.3.0,0,0,0.00000000,67848,2889,0,0.00000000,success,,,,,,,,,,,0,warning_denominator_zero,,,,,,,,,warning_denominator_zero,,,,,,0,0,0,,0,0,warning_denominator_zero,2.82506136,2.72000000,0.79503224,1.19000000,5.00000000,26726,35392,8666,0.75514241,2170,6338,warning_stem_collisions,67622,11.12168865,2889,1302,23.40671513,21.54664432,0.02843749,0,0.00000000,12629,0.15736876,4860671,449879,0.09255492,success,431,1312,-0.50545037,1284,0.01976145,744,0.01145056,122,0.00187765,572,0.00880339,652,0.01003463,,,0.00663332,0.02019238,-0.01355906,0.02682570,4153,64975,warning_denominator_zero,warning_denominator_zero,success,exact-then-unique-porter-1.0.0,baek-smart-porter-1.0.0
S2022-436,0001014473,VRSN,Verisign,0001014473-23-000005,2022,2023-02-17,1.0.3,0.3.0,0,0,0.00000000,28723,1416,0,0.00000000,success,,,,,,,,,,,0,warning_denominator_zero,,,,,,,,,warning_denominator_zero,,,,,,0,0,0,,0,0,warning_denominator_zero,2.90514019,2.83000000,0.80665708,1.29000000,5.00000000,10914,14603,3689,0.74738068,1712,2650,warning_stem_collisions,28742,10.26611475,1416,600,20.29802260,20.06451858,0.03086076,0,0.00000000,4089,0.12454692,1588215,189965,0.11960912,success,126,582,-0.64406780,481,0.01746995,297,0.01078706,50,0.00181600,300,0.01089602,196,0.00711873,,,0.00457633,0.02113827,-0.01656194,0.02571460,1648,27533,warning_denominator_zero,warning_denominator_zero,success,exact-then-unique-porter-1.0.0,baek-smart-porter-1.0.0
S2022-437,0001442145,VRSK,Verisk Analytics,0001437749-23-004945,2022,2023-02-28,1.0.3,0.3.0,1,4,0.08421230,47499,2324,4,0.00172117,success,1,0.00719424,0,0.00000000,0,0.00000000,0,0.00000000,0,0.00000000,139,success,2,3,0.01438849,0.02158273,-0.20000000,0.03597122,-0.00719424,6,success,3.03232877,3.04000000,0.74974429,1.66000000,4.93000000,73,95,22,0.76842105,57,15,warning_stem_collisions,2.85424795,2.80000000,0.75286370,1.04000000,5.00000000,18802,24444,5642,0.76918671,2199,4180,warning_stem_collisions,47204,10.76223391,2324,858,20.31153184,20.79799066,0.04760190,4,0.08473858,10535,0.18245900,3736910,313558,0.08390836,success,315,841,-0.45501730,687,0.01542330,273,0.00612891,62,0.00139191,469,0.01052915,288,0.00646566,,,0.00707182,0.01888063,-0.01180881,0.02595245,2410,44543,warning_stem_collisions,success,success,exact-then-unique-porter-1.0.0,baek-smart-porter-1.0.0
S2022-438,0000732712,VZ,Verizon,0000732712-23-000012,2022,2023-02-10,1.0.3,0.3.0,1,1,0.01702215,58747,2871,1,0.00034831,success,0,0.00000000,2,0.04166667,0,0.00000000,0,0.00000000,0,0.00000000,48,success,0,0,0.00000000,0.00000000,,0.00000000,0.00000000,2,success,2.96555556,2.98500000,0.63475474,1.50000000,4.16000000,18,25,7,0.72000000,18,5,warning_stem_collisions,2.91992285,2.87000000,0.78175849,1.26000000,5.00000000,23460,31317,7857,0.74911390,1994,5894,warning_stem_collisions,58588,10.97828518,2871,1194,20.40682689,20.65566385,0.03451219,1,0.01706834,12142,0.17166690,5033727,391880,0.07785086,success,283,637,-0.38478261,697,0.01248925,219,0.00392417,94,0.00168435,428,0.00766915,433,0.00775874,,,0.00507096,0.01141413,-0.00634318,0.01648509,2423,55808,warning_stem_collisions,success,success,exact-then-unique-porter-1.0.0,baek-smart-porter-1.0.0
S2022-439,0000875320,VRTX,Vertex Pharmaceuticals,0000875320-23-000007,2022,2023-02-10,1.0.3,0.3.0,0,0,0.00000000,70608,3192,0,0.00000000,success,,,,,,,,,,,0,warning_denominator_zero,,,,,,,,,warning_denominator_zero,,,,,,0,0,0,,0,0,warning_denominator_zero,2.86489443,2.74000000,0.79994635,1.19000000,5.00000000,26902,36739,9837,0.73224639,2525,6611,warning_stem_collisions,71067,11.17137837,3192,1456,22.26409774,20.73878188,0.02423066,0,0.00000000,7499,0.09544841,3217673,475038,0.14763402,success,594,1287,-0.36842105,1271,0.01856721,730,0.01066410,197,0.00287784,877,0.01281152,543,0.00793233,,,0.00867736,0.01880095,-0.01012359,0.02747831,4533,68454,warning_denominator_zero,warning_denominator_zero,success,exact-then-unique-porter-1.0.0,baek-smart-porter-1.0.0
S2022-440,0001792044,VTRS,Viatris,0001792044-23-000008,2022,2023-02-27,1.0.3,0.3.0,0,0,0.00000000,76956,3317,0,0.00000000,success,,,,,,,,,,,0,warning_denominator_zero,,,,,,,,,warning_denominator_zero,,,,,,0,0,0,,0,0,warning_denominator_zero,2.85548340,2.74000000,0.80407356,1.19000000,5.00000000,29489,40474,10985,0.72859119,2535,7756,warning_stem_collisions,77035,11.25201514,3317,1387,23.22429907,21.53129031,0.02849354,0,0.00000000,14813,0.16127733,4624846,516363,0.11164977,success,450,1852,-0.60903562,1567,0.02117682,735,0.00993297,168,0.00227039,1129,0.01525758,582,0.00786529,,,0.00608141,0.02502838,-0.01894697,0.03110979,5298,73996,warning_denominator_zero,warning_denominator_zero,success,exact-then-unique-porter-1.0.0,baek-smart-porter-1.0.0
S2022-441,0001705696,VICI,Vici Properties,0001705696-23-000035,2022,2023-02-23,1.0.3,0.3.0,0,0,0.00000000,81290,3124,0,0.00000000,success,,,,,,,,,,,0,warning_denominator_zero,,,,,,,,,warning_denominator_zero,,,,,,0,0,0,,0,0,warning_denominator_zero,2.90792488,2.82000000,0.82256440,1.19000000,5.00000000,30591,41791,11200,0.73199971,2070,6495,warning_stem_collisions,80954,11.30163637,3124,1633,25.91357234,21.30476188,0.03282111,0,0.00000000,11150,0.12105880,4487039,520959,0.11610307,success,345,1059,-0.50854701,1075,0.01389589,603,0.00779463,247,0.00319282,612,0.00791096,734,0.00948798,,,0.00445961,0.01368907,-0.00922946,0.01814868,3957,77361,warning_denominator_zero,warning_denominator_zero,success,exact-then-unique-porter-1.0.0,baek-smart-porter-1.0.0
S2022-442,0001403161,V,Visa Inc.,0001403161-22-000081,2022,2022-11-16,1.0.3,0.3.0,0,0,0.00000000,49657,2457,0,0.00000000,success,,,,,,,,,,,0,warning_denominator_zero,,,,,,,,,warning_denominator_zero,,,,,,0,0,0,,0,0,warning_denominator_zero,2.94847941,2.86000000,0.82410095,1.26000000,5.00000000,20492,26868,6376,0.76269168,2124,4508,warning_stem_collisions,49949,10.81875776,2457,1071,20.32926333,20.17281215,0.03471541,0,0.00000000,9130,0.15453884,4042527,335975,0.08311014,success,242,1036,-0.62128326,718,0.01515599,352,0.00743024,73,0.00154093,965,0.02036982,384,0.00810571,,,0.00510829,0.02186854,-0.01676025,0.02697682,3062,47374,warning_denominator_zero,warning_denominator_zero,success,exact-then-unique-porter-1.0.0,baek-smart-porter-1.0.0
S2022-443,0000899689,VNO,Vornado Realty Trust,0000899689-23-000010,2022,2023-02-13,1.0.3,0.3.0,0,0,0.00000000,49869,2609,0,0.00000000,success,,,,,,,,,,,0,warning_denominator_zero,,,,,,,,,warning_denominator_zero,,,,,,0,0,0,,0,0,warning_denominator_zero,2.91009970,2.80000000,0.82175317,1.19000000,5.00000000,19157,25478,6321,0.75190360,1827,4129,warning_stem_collisions,49483,10.80938446,2609,1356,18.96627060,20.31933548,0.05050219,0,0.00000000,19917,0.28698847,6647197,325629,0.04898742,success,214,699,-0.53121577,752,0.01618736,415,0.00893318,86,0.00185121,244,0.00525228,358,0.00770622,,,0.00460651,0.01504650,-0.01043999,0.01965300,2228,46456,warning_denominator_zero,warning_denominator_zero,success,exact-then-unique-porter-1.0.0,baek-smart-porter-1.0.0
S2022-444,0001396009,VMC,Vulcan Materials Company,0001396009-23-000007,2022,2023-02-24,1.0.3,0.3.0,0,0,0.00000000,51072,2868,0,0.00000000,success,,,,,,,,,,,0,warning_denominator_zero,,,,,,,,,warning_denominator_zero,,,,,,0,0,0,,0,0,warning_denominator_zero,2.96893584,2.89000000,0.85016424,1.19000000,5.00000000,19762,26887,7125,0.73500205,2320,4944,warning_stem_collisions,50458,10.82889659,2868,1246,17.59344491,19.10142126,0.04268897,0,0.00000000,13484,0.21087861,11443059,337511,0.02949482,success,303,699,-0.39520958,657,0.01377416,183,0.00383664,107,0.00224328,508,0.01065034,404,0.00846996,,,0.00635247,0.01465470,-0.00830223,0.02100717,2447,47698,warning_denominator_zero,warning_denominator_zero,success,exact-then-unique-porter-1.0.0,baek-smart-porter-1.0.0
S2022-445,0000011544,WRB,W. R. Berkley Corporation,0000011544-23-000004,2022,2023-02-24,1.0.3,0.3.0,0,0,0.00000000,50917,2455,0,0.00000000,success,,,,,,,,,,,0,warning_denominator_zero,,,,,,,,,warning_denominator_zero,,,,,,0,0,0,,0,0,warning_denominator_zero,2.80677368,2.72000000,0.76563723,1.19000000,5.00000000,20807,27398,6591,0.75943500,2006,4903,warning_stem_collisions,50932,10.83824669,2455,989,20.74623218,21.87972303,0.03269065,0,0.00000000,13263,0.20660488,6462318,344384,0.05329109,success,280,1476,-0.68109339,955,0.01963284,329,0.00676356,114,0.00234361,777,0.01597352,301,0.00618794,,,0.00575622,0.03034352,-0.02458730,0.03609975,3626,48643,warning_denominator_zero,warning_denominator_zero,success,exact-then-unique-porter-1.0.0,baek-smart-porter-1.0.0
S2022-446,0000277135,GWW,W. W. Grainger,0000277135-23-000014,2022,2023-02-21,1.0.3,0.3.0,0,0,0.00000000,27070,1465,0,0.00000000,success,,,,,,,,,,,0,warning_denominator_zero,,,,,,,,,warning_denominator_zero,,,,,,0,0,0,,0,0,warning_denominator_zero,2.90944231,2.85000000,0.81551318,1.04000000,5.00000000,10687,14805,4118,0.72185073,1703,2715,warning_stem_collisions,27140,10.20876393,1465,615,18.52559727,20.19192699,0.03610906,0,0.00000000,7800,0.22323984,2268400,184676,0.08141245,success,115,625,-0.68918919,528,0.02069209,250,0.00979739,40,0.00156758,282,0.01105146,193,0.00756359,,,0.00450680,0.02449347,-0.01998668,0.02900027,1664,25517,warning_denominator_zero,warning_denominator_zero,success,exact-then-unique-porter-1.0.0,baek-smart-porter-1.0.0
S2022-447,0000783325,WEC,WEC Energy Group,0000107815-23-000100,2022,2023-02-23,1.0.3,0.3.0,0,0,0.00000000,81033,4385,0,0.00000000,success,,,,,,,,,,,0,warning_denominator_zero,,,,,,,,,warning_denominator_zero,,,,,,0,0,0,,0,0,warning_denominator_zero,2.93846210,2.87000000,0.81997131,1.19000000,5.00000000,31738,43468,11730,0.73014631,2328,7783,warning_stem_collisions,80455,11.29545330,4385,1797,18.34777651,19.77095850,0.03940091,0,0.00000000,18323,0.18549677,7632818,531478,0.06963064,success,315,948,-0.50118765,1085,0.01423642,463,0.00607508,184,0.00241429,985,0.01292430,674,0.00884364,,,0.00413315,0.01243882,-0.00830567,0.01657198,4049,76213,warning_denominator_zero,warning_denominator_zero,success,exact-then-unique-porter-1.0.0,baek-smart-porter-1.0.0
S2022-448,0000943452,WAB,Wabtec,0001628280-23-003675,2022,2023-02-15,1.0.3,0.3.0,1,1,0.02644383,37816,1923,1,0.00052002,success,0,0.00000000,0,0.00000000,0,0.00000000,1,0.02222222,0,0.00000000,45,success,3,0,0.06666667,0.00000000,1.00000000,0.06666667,0.06666667,4,success,3.36923077,3.28500000,0.89456875,1.82000000,5.00000000,26,27,1,0.96296296,22,0,success,2.93526275,2.86000000,0.84576799,1.04000000,5.00000000,15338,20497,5159,0.74830463,1963,3805,warning_stem_collisions,37651,10.53611479,1923,764,19.57930317,20.92962208,0.03232318,1,0.02655972,8737,0.18834612,3377898,256859,0.07604108,success,333,748,-0.38390379,686,0.01907569,271,0.00753573,99,0.00275291,364,0.01012180,289,0.00803626,,,0.00925977,0.02079973,-0.01153996,0.03005951,2387,35962,success,success,success,exact-then-unique-porter-1.0.0,baek-smart-porter-1.0.0
S2022-449,0000104169,WMT,Walmart,0000104169-22-000012,2022,2022-03-18,1.0.3,0.3.0,0,0,0.00000000,43829,1962,0,0.00000000,success,,,,,,,,,,,0,warning_denominator_zero,,,,,,,,,warning_denominator_zero,,,,,,0,0,0,,0,0,warning_denominator_zero,2.93660746,2.85000000,0.84785379,1.28000000,5.00000000,17002,22957,5955,0.74060200,2067,4353,warning_stem_collisions,43933,10.69042103,1962,758,22.39194699,21.13399172,0.03307309,0,0.00000000,9008,0.17015168,3092737,290974,0.09408301,success,302,926,-0.50814332,661,0.01581378,315,0.00753607,92,0.00220101,621,0.01485681,268,0.00641164,,,0.00722505,0.02215364,-0.01492859,0.02937869,2620,41799,warning_denominator_zero,warning_denominator_zero,success,exact-then-unique-porter-1.0.0,baek-smart-porter-1.0.0
S2022-450,0001744489,DIS,Walt Disney Company (The),0001744489-22-000213,2022,2022-11-29,1.0.3,0.3.0,0,0,0.00000000,51099,2548,0,0.00000000,success,,,,,,,,,,,0,warning_denominator_zero,,,,,,,,,warning_denominator_zero,,,,,,0,0,0,,0,0,warning_denominator_zero,2.99212091,2.87000000,0.86734949,1.26000000,5.00000000,20114,28209,8095,0.71303485,2117,5349,warning_stem_collisions,50878,10.83718589,2548,1286,19.96781790,20.26202433,0.03131019,0,0.00000000,11656,0.18639460,5199688,342983,0.06596223,success,242,649,-0.45679012,717,0.01477498,302,0.00622321,77,0.00158671,363,0.00748022,357,0.00735658,,,0.00498681,0.01337372,-0.00838691,0.01836053,2240,48528,warning_denominator_zero,warning_denominator_zero,success,exact-then-unique-porter-1.0.0,baek-smart-porter-1.0.0
S2022-451,0001437107,WBD,Warner Bros. Discovery,0001437107-23-000019,2022,2023-02-24,1.0.3,0.3.0,0,0,0.00000000,59902,2996,0,0.00000000,success,,,,,,,,,,,0,warning_denominator_zero,,,,,,,,,warning_denominator_zero,,,,,,0,0,0,,0,0,warning_denominator_zero,2.90255121,2.80000000,0.81876291,1.19000000,5.00000000,23773,32012,8239,0.74262776,2204,5838,warning_stem_collisions,59960,11.00143295,2996,1306,20.01335113,20.80590095,0.02855237,0,0.00000000,13990,0.18918188,5154040,405311,0.07863948,success,274,869,-0.52055993,877,0.01526385,433,0.00753620,103,0.00179268,536,0.00932888,507,0.00882414,,,0.00476887,0.01512462,-0.01035575,0.01989348,2961,57456,warning_denominator_zero,warning_denominator_zero,success,exact-then-unique-porter-1.0.0,baek-smart-porter-1.0.0
S2022-452,0000823768,WM,Waste Management,0001558370-23-000964,2022,2023-02-07,1.0.3,0.3.0,1,1,0.01311407,76254,3514,1,0.00028458,success,1,0.03225806,0,0.00000000,0,0.00000000,1,0.03225806,0,0.00000000,31,success,0,0,0.00000000,0.00000000,,0.00000000,0.00000000,2,success,2.65357143,2.30500000,1.00486394,1.63000000,4.83000000,14,18,4,0.77777778,14,2,warning_stem_collisions,2.89336685,2.81000000,0.80882159,1.19000000,5.00000000,30230,39938,9708,0.75692323,2224,7490,warning_stem_collisions,75748,11.23516732,3514,1032,21.55606147,21.75770216,0.03124835,1,0.01320167,17612,0.18864610,4123626,508777,0.12338098,success,374,1380,-0.57354618,1132,0.01562500,470,0.00648741,149,0.00205665,752,0.01037986,782,0.01079395,,,0.00516232,0.01904814,-0.01388582,0.02421047,4261,72448,warning_stem_collisions,success,success,exact-then-unique-porter-1.0.0,baek-smart-porter-1.0.0
S2022-453,0001000697,WAT,Waters Corporation,0001193125-23-050827,2022,2023-02-27,1.0.3,0.3.0,0,0,0.00000000,49441,2557,0,0.00000000,success,,,,,,,,,,,0,warning_denominator_zero,,,,,,,,,warning_denominator_zero,,,,,,0,0,0,,0,0,warning_denominator_zero,2.93102386,2.86000000,0.80871017,1.23000000,5.00000000,19026,26011,6985,0.73145977,1974,4873,warning_stem_collisions,49238,10.80442096,2557,1110,19.25615956,20.44226710,0.04356391,0,0.00000000,10248,0.17227583,3436946,332353,0.09670009,success,246,731,-0.49641760,724,0.01570942,292,0.00633584,73,0.00158396,421,0.00913490,388,0.00841886,,,0.00533773,0.01586131,-0.01052357,0.02119904,2444,46087,warning_denominator_zero,warning_denominator_zero,success,exact-then-unique-porter-1.0.0,baek-smart-porter-1.0.0
S2022-454,0000072971,WFC,Wells Fargo,0000072971-23-000071,2022,2023-02-21,1.0.3,0.3.0,0,0,0.00000000,9319,778,0,0.00000000,success,,,,,,,,,,,0,warning_denominator_zero,,,,,,,,,warning_denominator_zero,,,,,,0,0,0,,0,0,warning_denominator_zero,3.01785467,2.92000000,0.82286316,1.26000000,4.96000000,3757,5056,1299,0.74307753,878,852,warning_stem_collisions,9352,9.14334550,778,266,12.02056555,18.89352293,0.03646279,0,0.00000000,4747,0.33669055,2119556,62248,0.02936841,success,48,83,-0.26717557,90,0.01012032,53,0.00595974,20,0.00224896,125,0.01405600,115,0.01293152,,,0.00539750,0.00933318,-0.00393568,0.01473069,468,8893,warning_denominator_zero,warning_denominator_zero,success,exact-then-unique-porter-1.0.0,baek-smart-porter-1.0.0
S2022-455,0000766704,WELL,Welltower,0000766704-23-000010,2022,2023-02-21,1.0.3,0.3.0,1,1,0.01353290,73894,3405,1,0.00029369,success,0,0.00000000,0,0.00000000,0,0.00000000,0,0.00000000,0,0.00000000,26,success,2,0,0.07692308,0.00000000,1.00000000,0.07692308,0.07692308,2,success,3.10142857,2.91000000,0.85790323,1.48000000,4.74000000,14,18,4,0.77777778,14,3,warning_stem_collisions,2.86342405,2.74000000,0.79459044,1.26000000,5.00000000,28110,38061,9951,0.73855127,2252,6741,warning_stem_collisions,74491,11.21843359,3405,1305,21.87694567,21.48562677,0.03413835,1,0.01342444,37602,0.33545360,19587966,485532,0.02478726,success,472,1144,-0.41584158,1134,0.01597611,651,0.00917147,291,0.00409969,804,0.01132697,575,0.00810076,,,0.00664967,0.01611699,-0.00946732,0.02276666,4252,70981,warning_stem_collisions,success,success,exact-then-unique-porter-1.0.0,baek-smart-porter-1.0.0
S2022-456,0000105770,WST,West Pharmaceutical Services,0000105770-23-000012,2022,2023-02-21,1.0.3,0.3.0,0,0,0.00000000,34229,1709,0,0.00000000,success,,,,,,,,,,,0,warning_denominator_zero,,,,,,,,,warning_denominator_zero,,,,,,0,0,0,,0,0,warning_denominator_zero,2.87325767,2.82000000,0.78402682,1.19000000,5.00000000,13525,17747,4222,0.76210064,1753,3335,warning_stem_collisions,34048,10.43552657,1709,690,19.92276185,20.43045721,0.04011983,0,0.00000000,8949,0.20813080,3413094,228054,0.06681738,success,173,573,-0.53619303,548,0.01698803,241,0.00747101,61,0.00189100,323,0.01001302,318,0.00985802,,,0.00536301,0.01776304,-0.01240002,0.02312605,1876,32258,warning_denominator_zero,warning_denominator_zero,success,exact-then-unique-porter-1.0.0,baek-smart-porter-1.0.0
S2022-457,0001732845,WRK,WestRock,0000950170-22-025444,2022,2022-11-18,1.0.3,0.3.0,0,0,0.00000000,103796,4677,0,0.00000000,success,,,,,,,,,,,0,warning_denominator_zero,,,,,,,,,warning_denominator_zero,,,,,,0,0,0,,0,0,warning_denominator_zero,2.90243054,2.80000000,0.82711775,1.19000000,5.00000000,40851,54118,13267,0.75485051,2300,9631,warning_stem_collisions,102295,11.53561607,4677,1264,21.87192645,20.30135704,0.04150741,0,0.00000000,13375,0.11563067,11056372,681821,0.06166770,success,428,1563,-0.57006529,1786,0.01838716,646,0.00665067,183,0.00188401,721,0.00742281,854,0.00879207,,,0.00440633,0.01609134,-0.01168501,0.02049767,5198,97133,warning_denominator_zero,warning_denominator_zero,success,exact-then-unique-porter-1.0.0,baek-smart-porter-1.0.0
S2022-458,0000106040,WDC,Western Digital,0000106040-22-000055,2022,2022-08-25,1.0.3,0.3.0,0,0,0.00000000,46755,2131,0,0.00000000,success,,,,,,,,,,,0,warning_denominator_zero,,,,,,,,,warning_denominator_zero,,,,,,0,0,0,,0,0,warning_denominator_zero,2.90361893,2.80000000,0.80364179,1.19000000,5.00000000,18511,24448,5937,0.75715805,2131,4456,warning_stem_collisions,46764,10.75286896,2131,901,21.94462694,20.77142343,0.03164828,0,0.00000000,8228,0.14962176,3066913,309528,0.10092494,success,267,888,-0.53766234,907,0.02029991,461,0.01031782,86,0.00192480,437,0.00978066,413,0.00924351,,,0.00597583,0.01987466,-0.01389884,0.02585049,2816,44680,warning_denominator_zero,warning_denominator_zero,success,exact-then-unique-porter-1.0.0,baek-smart-porter-1.0.0
S2022-459,0000106535,WY,Weyerhaeuser,0000950170-23-003217,2022,2023-02-17,1.0.3,0.3.0,1,1,0.01727653,57882,3133,1,0.00031918,success,0,0.00000000,0,0.00000000,0,0.00000000,0,0.00000000,0,0.00000000,50,success,3,0,0.06000000,0.00000000,1.00000000,0.06000000,0.06000000,3,success,2.92904762,2.74000000,0.97188528,1.67000000,4.73000000,21,31,10,0.67741935,21,8,warning_stem_collisions,2.97993511,2.88000000,0.85646256,1.26000000,5.00000000,22809,30452,7643,0.74901484,2184,5374,warning_stem_collisions,57535,10.96014874,3133,1353,18.36418768,19.26310781,0.04174850,1,0.01738072,15615,0.21346548,8738678,378017,0.04325792,success,256,637,-0.42665174,817,0.01500321,335,0.00615187,124,0.00227711,421,0.00773115,438,0.00804334,,,0.00470113,0.01169773,-0.00699660,0.01639886,2592,54455,warning_stem_collisions,success,success,exact-then-unique-porter-1.0.0,baek-smart-porter-1.0.0
S2022-460,0000106640,WHR,Whirlpool Corporation,0000106640-23-000015,2022,2023-02-10,1.0.3,0.3.0,0,0,0.00000000,51718,2601,0,0.00000000,success,,,,,,,,,,,0,warning_denominator_zero,,,,,,,,,warning_denominator_zero,,,,,,0,0,0,,0,0,warning_denominator_zero,2.89220529,2.76000000,0.82337433,1.19000000,5.00000000,20995,27436,6441,0.76523546,2076,4585,warning_stem_collisions,51461,10.84857952,2601,1139,19.78508266,20.63032810,0.03952508,0,0.00000000,12331,0.19330010,4398642,345843,0.07862495,success,292,999,-0.54763749,1009,0.02068980,369,0.00756644,91,0.00186598,424,0.00869423,414,0.00848917,,,0.00598753,0.02048474,-0.01449721,0.02647228,3008,48768,warning_denominator_zero,warning_denominator_zero,success,exact-then-unique-porter-1.0.0,baek-smart-porter-1.0.0
S2022-461,0000107263,WMB,Williams Companies,0000107263-23-000007,2022,2023-02-27,1.0.3,0.3.0,0,0,0.00000000,55643,2899,0,0.00000000,success,,,,,,,,,,,0,warning_denominator_zero,,,,,,,,,warning_denominator_zero,,,,,,0,0,0,,0,0,warning_denominator_zero,2.92031067,2.82000000,0.83515020,1.19000000,5.00000000,22661,30267,7606,0.74870321,2164,5234,warning_stem_collisions,55226,10.91918914,2899,1355,19.05001725,20.99337687,0.02978669,0,0.00000000,15053,0.21418916,5389430,374650,0.06951570,success,260,995,-0.58565737,908,0.01714307,381,0.00719329,84,0.00158592,729,0.01376355,437,0.00825058,,,0.00490881,0.01878564,-0.01387683,0.02369445,3217,52966,warning_denominator_zero,warning_denominator_zero,success,exact-then-unique-porter-1.0.0,baek-smart-porter-1.0.0
S2022-462,0001140536,WTW,Willis Towers Watson,0000950170-23-004303,2022,2023-02-24,1.0.3,0.3.0,1,1,0.00951919,105051,4163,1,0.00024021,success,0,0.00000000,0,0.00000000,0,0.00000000,0,0.00000000,0,0.00000000,41,success,0,4,0.00000000,0.09756098,-1.00000000,0.09756098,-0.09756098,4,success,3.07250000,3.00000000,0.86950058,1.76000000,4.57000000,16,22,6,0.72727273,14,3,warning_stem_collisions,2.85024318,2.78000000,0.78557200,1.19000000,5.00000000,40176,53419,13243,0.75209195,2439,9710,warning_stem_collisions,104620,11.55809002,4163,1428,25.13091521,21.63594815,0.03621678,1,0.00955840,11334,0.09774566,11356186,692276,0.06096026,success,504,1794,-0.56135770,1938,0.01948659,778,0.00782279,255,0.00256403,1059,0.01064825,780,0.00784290,,,0.00506772,0.01803867,-0.01297095,0.02310639,5980,99453,warning_stem_collisions,success,success,exact-then-unique-porter-1.0.0,baek-smart-porter-1.0.0
S2022-463,0001174922,WYNN,Wynn Resorts,0001174922-23-000048,2022,2023-02-27,1.0.3,0.3.0,0,0,0.00000000,53187,2373,0,0.00000000,success,,,,,,,,,,,0,warning_denominator_zero,,,,,,,,,warning_denominator_zero,,,,,,0,0,0,,0,0,warning_denominator_zero,2.96883817,2.88000000,0.85039794,1.17000000,5.00000000,20244,28274,8030,0.71599349,2192,4686,warning_stem_collisions,53040,10.87880162,2373,1076,22.35145386,20.54917361,0.03619910,0,0.00000000,9332,0.14961842,3682505,346249,0.09402540,success,220,986,-0.63515755,792,0.01566704,413,0.00816981,142,0.00280899,583,0.01153268,544,0.01076120,,,0.00435195,0.01950467,-0.01515271,0.02385662,3090,50552,warning_denominator_zero,warning_denominator_zero,success,exact-then-unique-porter-1.0.0,baek-smart-porter-1.0.0
S2022-464,0000072903,XEL,Xcel Energy,0000072903-23-000007,2022,2023-02-23,1.0.3,0.3.0,1,1,0.01929347,51831,3588,1,0.00027871,success,0,0.00000000,0,0.00000000,0,0.00000000,0,0.00000000,0,0.00000000,29,success,2,0,0.06896552,0.00000000,1.00000000,0.06896552,0.06896552,2,success,2.69529412,2.60000000,0.60594232,1.76000000,3.93000000,17,20,3,0.85000000,16,3,warning_stem_collisions,2.86724401,2.81000000,0.78154683,1.26000000,5.00000000,20831,29046,8215,0.71717276,2083,5351,warning_stem_collisions,51418,10.84774358,3588,1346,14.33054627,19.21691367,0.03455988,1,0.01944844,21155,0.29149959,6500863,347785,0.05349828,success,178,696,-0.59267735,920,0.01882854,366,0.00749048,99,0.00202611,848,0.01735500,431,0.00882076,,,0.00364291,0.01424420,-0.01060129,0.01788711,3061,48862,warning_stem_collisions,success,success,exact-then-unique-porter-1.0.0,baek-smart-porter-1.0.0
S2022-465,0001524472,XYL,Xylem Inc.,0001524472-23-000009,2022,2023-02-24,1.0.3,0.3.0,0,0,0.00000000,49410,2296,0,0.00000000,success,,,,,,,,,,,0,warning_denominator_zero,,,,,,,,,warning_denominator_zero,,,,,,0,0,0,,0,0,warning_denominator_zero,2.85153961,2.75000000,0.80942881,1.26000000,5.00000000,20057,26271,6214,0.76346542,2142,4895,warning_stem_collisions,49349,10.80667278,2296,945,21.49346690,20.97323720,0.02997021,0,0.00000000,10211,0.17144056,3930827,332393,0.08456058,success,365,953,-0.44613050,885,0.01869731,345,0.00728878,121,0.00255636,453,0.00957049,458,0.00967612,,,0.00771132,0.02013394,-0.01242262,0.02784527,3060,47333,warning_denominator_zero,warning_denominator_zero,success,exact-then-unique-porter-1.0.0,baek-smart-porter-1.0.0
S2022-466,0001041061,YUM,Yum! Brands,0001041061-23-000009,2022,2023-02-27,1.0.3,0.3.0,1,2,0.03766975,53093,2370,2,0.00084388,success,1,0.01298701,2,0.02597403,0,0.00000000,0,0.00000000,1,0.01298701,77,success,4,1,0.05194805,0.01298701,0.60000000,0.06493506,0.03896104,9,success,3.09088235,2.91500000,0.89009374,1.62000000,4.97000000,34,46,12,0.73913043,33,10,warning_stem_collisions,2.94135250,2.83000000,0.87377866,1.19000000,5.00000000,20732,27558,6826,0.75230423,2124,4698,warning_stem_collisions,53012,10.87827358,2370,912,22.36793249,20.76548025,0.03386026,2,0.03772731,11093,0.17304422,4061824,349534,0.08605346,success,243,990,-0.60583942,869,0.01720758,376,0.00744540,98,0.00194056,428,0.00847508,377,0.00746520,,,0.00481179,0.01960357,-0.01479179,0.02441536,2825,50501,warning_stem_collisions,success,success,exact-then-unique-porter-1.0.0,baek-smart-porter-1.0.0
S2022-467,0000877212,ZBRA,Zebra Technologies,0000877212-23-000025,2022,2023-02-16,1.0.3,0.3.0,1,7,0.18118756,38634,1929,4,0.00207361,success,0,0.00000000,0,0.00000000,0,0.00000000,0,0.00000000,0,0.00000000,141,success,2,0,0.01418440,0.00000000,1.00000000,0.01418440,0.01418440,2,success,2.95263889,2.81500000,0.72819029,1.67000000,4.93000000,72,95,23,0.75789474,56,11,warning_stem_collisions,2.89887594,2.82000000,0.79684398,1.29000000,5.00000000,15622,20792,5170,0.75134667,1993,3902,warning_stem_collisions,38496,10.55830962,1929,801,19.95645412,20.75682038,0.02932772,7,0.18183707,7541,0.16380303,2928899,262963,0.08978220,success,278,707,-0.43553299,743,0.02023751,363,0.00988724,66,0.00179768,390,0.01062265,298,0.00811679,,,0.00757204,0.01925696,-0.01168492,0.02682900,2345,36714,warning_stem_collisions,success,success,exact-then-unique-porter-1.0.0,baek-smart-porter-1.0.0
S2022-468,0001136869,ZBH,Zimmer Biomet,0000950170-23-004264,2022,2023-02-24,1.0.3,0.3.0,1,11,0.16206023,67876,2852,8,0.00280505,success,1,0.00363636,1,0.00363636,1,0.00363636,0,0.00000000,0,0.00000000,275,success,1,1,0.00363636,0.00363636,0.00000000,0.00727273,0.00000000,4,success,3.20854015,3.14000000,0.73946670,1.57000000,4.79000000,137,191,54,0.71727749,47,43,warning_stem_collisions,2.87680404,2.76000000,0.81303885,1.19000000,5.00000000,26255,35408,9153,0.74149910,2125,6642,warning_stem_collisions,67838,11.12487779,2852,869,23.78611501,21.07653736,0.03198797,11,0.16215101,9790,0.12611429,7665395,449630,0.05865712,success,326,1427,-0.62806617,1157,0.01779535,477,0.00733654,129,0.00198410,768,0.01181230,466,0.00716736,,,0.00501407,0.02194811,-0.01693403,0.02696218,3978,65017,warning_stem_collisions,success,success,exact-then-unique-porter-1.0.0,baek-smart-porter-1.0.0
S2022-469,0000109380,ZION,Zions Bancorporation,0000109380-23-000074,2022,2023-02-23,1.0.3,0.3.0,0,0,0.00000000,50110,2849,0,0.00000000,success,,,,,,,,,,,0,warning_denominator_zero,,,,,,,,,warning_denominator_zero,,,,,,0,0,0,,0,0,warning_denominator_zero,2.80404350,2.71000000,0.78442355,1.19000000,5.00000000,19953,27103,7150,0.73619157,2025,4925,warning_stem_collisions,49867,10.81711474,2849,1349,17.50333450,20.80987478,0.03757996,0,0.00000000,18846,0.27427124,8643256,340796,0.03942912,success,232,924,-0.59861592,889,0.01876993,293,0.00618626,64,0.00135127,397,0.00838207,414,0.00874100,,,0.00489834,0.01950890,-0.01461056,0.02440724,2783,47363,warning_denominator_zero,warning_denominator_zero,success,exact-then-unique-porter-1.0.0,baek-smart-porter-1.0.0
S2022-470,0001555280,ZTS,Zoetis,0001555280-23-000074,2022,2023-02-14,1.0.3,0.3.0,1,3,0.04824315,62185,3039,2,0.00065811,success,0,0.00000000,0,0.00000000,0,0.00000000,0,0.00000000,0,0.00000000,47,success,0,0,0.00000000,0.00000000,,0.00000000,0.00000000,0,success,3.42681818,3.43000000,0.66973798,2.24000000,4.86000000,22,33,11,0.66666667,17,2,warning_stem_collisions,2.90283004,2.81000000,0.83966021,1.04000000,5.00000000,23876,32505,8629,0.73453315,2457,6352,warning_stem_collisions,62040,11.03553462,3039,1399,20.41461007,20.46152725,0.03143133,3,0.04835590,10189,0.14106522,4067415,417729,0.10270135,success,360,1284,-0.56204380,1270,0.02138947,586,0.00986947,114,0.00192000,709,0.01194105,475,0.00800000,,,0.00606316,0.02162526,-0.01556211,0.02768842,3918,59375,warning_stem_collisions,success,success,exact-then-unique-porter-1.0.0,baek-smart-porter-1.0.0
S2022-471,0001065088,EBAY,eBay Inc.,0001065088-23-000006,2022,2023-02-23,1.0.3,0.3.0,1,2,0.03777362,52947,2413,2,0.00082884,success,1,0.01639344,2,0.03278689,0,0.00000000,0,0.00000000,0,0.00000000,61,success,1,1,0.01639344,0.01639344,0.00000000,0.03278689,0.00000000,5,success,2.79708333,2.87500000,0.79026620,1.50000000,4.48000000,24,32,8,0.75000000,22,4,warning_stem_collisions,2.86649013,2.74000000,0.81006135,1.19000000,5.00000000,20827,27227,6400,0.76493921,2125,5038,warning_stem_collisions,52759,10.87348965,2413,1094,21.86448404,20.53358972,0.03157755,2,0.03790822,8408,0.13745974,3905620,349365,0.08945187,success,271,1253,-0.64435696,971,0.01919086,513,0.01013894,94,0.00185782,653,0.01290590,393,0.00776726,,,0.00535605,0.02476431,-0.01940827,0.03012036,3421,50597,warning_stem_collisions,success,success,exact-then-unique-porter-1.0.0,baek-smart-porter-1.0.0
