company_id,cik,ticker,company_name,accession_number,report_year,filing_date,parser_version,language_measurement_version,report_positive_count,report_negative_count,report_net_tone,report_uncertainty_count,report_uncertainty_ratio,report_weak_modal_count,report_weak_modal_ratio,report_strong_modal_count,report_strong_modal_ratio,report_litigious_count,report_litigious_ratio,report_constraining_count,report_constraining_ratio,report_positive_ratio,report_negative_ratio,report_net_tone_by_words,report_sentiment_word_coverage,report_total_lm_matched_word_count,report_total_eligible_word_count,lm_report_status
S2022-001,0000066740,MMM,3M,0000066740-23-000014,2022,2023-02-08,1.0.3,0.3.0,380,1674,-0.6299902629016553,863,0.014220508510883715,288,0.004745662168174403,90,0.001483019427554501,1434,0.02362944287903505,446,0.007349185163214527,0.006261637583007893,0.02758416135251372,-0.021322523769505827,0.03384579893552161,4285,60687,success
S2022-002,0000091142,AOS,A. O. Smith,0000091142-23-000025,2022,2023-02-14,1.0.3,0.3.0,132,382,-0.48638132295719844,453,0.018276446381021546,154,0.006213184862422335,51,0.00205761316872428,202,0.008149761962398128,150,0.0060518034374243525,0.00532558702493343,0.015411926087307352,-0.01008633906237392,0.02073751311224078,1305,24786,success
S2022-003,0000874761,AES,AES Corporation,0000874761-23-000010,2022,2023-03-01,1.0.3,0.3.0,541,1740,-0.5256466462078035,1556,0.015366535320317206,594,0.005866145231534975,274,0.0027059323121895336,1412,0.013944439506611757,928,0.009164617466101779,0.005342734966768386,0.017183657748940834,-0.011840922782172449,0.02252639271570922,6004,101259,success
S2022-004,0001841666,APA,APA Corporation,0001784031-23-000007,2022,2023-02-23,1.0.3,0.3.0,239,1008,-0.6166800320769847,948,0.0161617539253627,393,0.0066999676082990945,106,0.0018071159452409773,530,0.009035579726204886,553,0.00942768978979491,0.004074535008609373,0.01718464974342363,-0.013110114734814259,0.021259184752033006,3172,58657,success
S2022-005,0000732717,T,AT&T,0000732717-23-000011,2022,2023-02-13,1.0.3,0.3.0,219,642,-0.4912891986062718,582,0.013455091896890533,241,0.005571610218471853,94,0.0021731591723500175,431,0.009964165992370825,361,0.008345855970408045,0.005062998497283551,0.014842214772858629,-0.009779216275575079,0.01990521327014218,2215,43255,success
S2022-006,0001551152,ABBV,AbbVie,0001551152-23-000011,2022,2023-02-17,1.0.3,0.3.0,387,896,-0.3967264224473889,794,0.017879661322284274,355,0.007994055125202666,134,0.003017474328949739,632,0.014231669969374888,356,0.008016573590344082,0.008714646009727977,0.0201765447667087,-0.011461898756980725,0.02889119077643668,2986,44408,success
S2022-007,0000001800,ABT,Abbott Laboratories,0001628280-23-004026,2022,2023-02-17,1.0.3,0.3.0,175,623,-0.5614035087719298,547,0.016182474409798236,207,0.006123897994201526,85,0.0025146441038991774,411,0.012159043843559553,256,0.007573516359978699,0.0051772084492041895,0.018430862079166912,-0.013253653629962723,0.023608070528371102,1948,33802,success
S2022-008,0001467373,ACN,Accenture,0001467373-22-000295,2022,2022-10-12,1.0.3,0.3.0,376,790,-0.35506003430531735,806,0.02169699580058146,432,0.011629159039517604,78,0.002099709271024012,555,0.014940239043824702,286,0.007698933993754711,0.010121675460320879,0.02126628620652525,-0.011144610746204372,0.031387961666846126,2769,37148,success
S2022-009,0000796343,ADBE,Adobe Inc.,0000796343-23-000007,2022,2023-01-17,1.0.3,0.3.0,542,856,-0.2246065808297568,781,0.017049795882725347,394,0.008601305477328793,82,0.0017901194140633528,444,0.009692841705416204,303,0.006614709542209706,0.011832252712467527,0.01868710022485646,-0.006854847512388936,0.03051935293732399,2868,45807,success
S2022-010,0000002488,AMD,Advanced Micro Devices,0000002488-23-000047,2022,2023-02-27,1.0.3,0.3.0,334,1121,-0.540893470790378,994,0.02059634073061064,556,0.011520689583721846,140,0.0029008930606493856,366,0.007583763287126251,390,0.00808105924038043,0.006920702016120677,0.02322786514991401,-0.016307163133793334,0.030148567166034687,3131,48261,success
S2022-011,0000004977,AFL,Aflac,0000004977-23-000055,2022,2023-02-24,1.0.3,0.3.0,424,1256,-0.49523809523809526,1217,0.01599989482402745,391,0.005140475658335853,224,0.0029449272313739924,688,0.00904513363922012,423,0.0055611795485321375,0.005574326545100772,0.016512627690204174,-0.0109383011451034,0.022086954235304945,3979,76063,success
S2022-012,0001090872,A,Agilent Technologies,0001090872-22-000026,2022,2022-12-21,1.0.3,0.3.0,386,922,-0.40978593272171254,933,0.016746239724306278,412,0.00739490971748573,114,0.0020461643393043043,567,0.010176975266539828,483,0.008669275227052447,0.006928240657644399,0.016548802814373407,-0.00962056215672901,0.023477043472017806,3218,55714,success
S2022-013,0000002969,APD,Air Products,0000002969-22-000054,2022,2022-11-22,1.0.3,0.3.0,256,846,-0.5353901996370236,819,0.017029505333416507,315,0.006549809743621733,66,0.0013723410891397917,541,0.011249038321585261,361,0.0075062898966585575,0.00532301998211798,0.01759091759715551,-0.012267897615037531,0.022913937579273493,2728,48093,success
S2022-014,0001086222,AKAM,Akamai Technologies,0001086222-23-000078,2022,2023-02-28,1.0.3,0.3.0,342,901,-0.4497184231697506,850,0.018504408403178404,404,0.0087950364645695,113,0.002459997823010776,405,0.008816806356808534,367,0.007989550451725265,0.0074453031457494285,0.01961467290736911,-0.01216936976161968,0.027059976053118537,2859,45935,success
S2022-015,0000766421,ALK,Alaska Air Group,0000766421-23-000009,2022,2023-02-13,1.0.3,0.3.0,262,550,-0.35467980295566504,546,0.015061238000662032,234,0.006454816285998014,89,0.002455036963477877,327,0.009020191989407482,289,0.007971973960057376,0.007227187465519144,0.015171576740593622,-0.007944389275074478,0.022398764206112767,1952,36252,success
S2022-016,0000915913,ALB,Albemarle Corporation,0000915913-23-000039,2022,2023-02-15,1.0.3,0.3.0,395,1181,-0.4987309644670051,1251,0.017822543879644406,540,0.007693184408479599,136,0.0019375427399133803,685,0.009758946888534306,498,0.007094825621153408,0.005627421928424891,0.01682527923410075,-0.01119785730567586,0.022452701162525644,3953,70192,success
S2022-017,0001035443,ARE,Alexandria Real Estate Equities,0001035443-23-000099,2022,2023-01-30,1.0.3,0.3.0,725,1916,-0.45096554335478983,1725,0.018973349318609282,1037,0.011406007677332072,232,0.0025517779953144076,647,0.0071163808748638865,820,0.00901921532826644,0.007974306235357524,0.021074166547510365,-0.013099860312152843,0.02904847278286789,5787,90917,success
S2022-018,0001097149,ALGN,Align Technology,0001097149-23-000013,2022,2023-02-27,1.0.3,0.3.0,404,1168,-0.4860050890585242,985,0.020127508275777514,524,0.010707425722342555,101,0.0020638358739629736,572,0.011688258612938821,402,0.008214475458743717,0.008255343495851894,0.023866933671175775,-0.015611590175323879,0.03212227716702767,3391,48938,success
S2022-019,0001579241,ALLE,Allegion,0001579241-23-000006,2022,2023-02-22,1.0.3,0.3.0,317,790,-0.42728093947606144,785,0.019529792262719243,324,0.008060704067670107,102,0.0025376290583405898,367,0.009130488866774474,316,0.00786167433760418,0.00788655305386242,0.01965418584401045,-0.011767632790148029,0.02754073889787287,2519,40195,success
S2022-020,0000352541,LNT,Alliant Energy,0000352541-23-000017,2022,2023-02-24,1.0.3,0.3.0,153,546,-0.5622317596566524,684,0.013749020080805644,295,0.005929767432511206,82,0.0016482743371726064,681,0.013688717361152987,443,0.008904701602042252,0.003075438702285473,0.010975094976783452,-0.00789965627449798,0.014050533679068927,2522,49749,success
S2022-021,0000899051,ALL,Allstate,0000899051-23-000020,2022,2023-02-16,1.0.3,0.3.0,492,3074,-0.7240605720695457,1772,0.01780314066691449,610,0.006128620658475079,196,0.0019691961460018286,1976,0.019852712165814353,708,0.007113218731475993,0.00494308420322908,0.030884229351069496,-0.025941145147840416,0.03582731355429857,7448,99533,success
S2022-022,0001652044,GOOGL|GOOG,Alphabet Inc. (Class A)|Alphabet Inc. (Class C),0001652044-23-000016,2022,2023-02-03,1.0.3,0.3.0,271,973,-0.5643086816720257,794,0.020166103675107308,441,0.011200568917786301,106,0.002692200238742285,519,0.013181621923653264,271,0.00688288928961471,0.00688288928961471,0.024712366342417393,-0.017829477052802682,0.0315952556320321,2763,39373,success
S2022-023,0000764180,MO,Altria,0000764180-23-000020,2022,2023-02-27,1.0.3,0.3.0,244,1766,-0.7572139303482587,941,0.015467052384161475,374,0.0061473725735137,108,0.0017751771067900525,1518,0.024951100445437958,531,0.008727954108384424,0.004010585315340489,0.029027433061029933,-0.025016847745689443,0.03303801837637042,4514,60839,success
S2022-024,0001018724,AMZN,Amazon,0001018724-23-000004,2022,2023-02-03,1.0.3,0.3.0,192,729,-0.5830618892508144,559,0.0176057447009543,246,0.007747787471260747,50,0.0015747535510692576,370,0.011653176277912507,271,0.008535164246795377,0.006047053636105949,0.022959906774589776,-0.016912853138483827,0.029006960410695726,2029,31751,success
S2022-025,0001748790,AMCR,Amcor,0001748790-22-000024,2022,2022-08-18,1.0.3,0.3.0,257,949,-0.5737976782752903,754,0.019084742330667207,321,0.008124936721676622,79,0.001999595018730384,379,0.009592993824035638,392,0.009922041105598866,0.006505011643211501,0.024020451554115623,-0.01751543991090412,0.030525463197327123,2608,39508,success
S2022-026,0001002910,AEE,Ameren,0001002910-23-000053,2022,2023-02-22,1.0.3,0.3.0,232,1003,-0.6242914979757085,1005,0.011694069187000384,451,0.005247786271977287,232,0.002699526419287651,1161,0.013509267986176562,743,0.008645466075563468,0.002699526419287651,0.011670797407523767,-0.008971270988236116,0.014370323826811417,4238,85941,success
S2022-027,0000006201,AAL,American Airlines Group,0000006201-23-000018,2022,2023-02-22,1.0.3,0.3.0,352,1525,-0.6249334043686734,1239,0.014365383946480539,633,0.007339215527136547,289,0.003350763487112894,915,0.010608818652969889,938,0.010875488411459843,0.004081206738628854,0.017681364421616483,-0.013600157682987628,0.021762571160245336,4953,86249,success
S2022-028,0000004904,AEP,American Electric Power,0000004904-23-000011,2022,2023-02-23,1.0.3,0.3.0,393,1800,-0.6415868673050615,1579,0.012445908772040451,560,0.0044140018444221996,248,0.0019547722453869738,2086,0.016442156870472693,912,0.007188517289487582,0.0030976834372462934,0.01418786307135707,-0.011090179634110776,0.017285546508603363,6671,126869,success
S2022-029,0000004962,AXP,American Express,0000004962-23-000006,2022,2023-02-10,1.0.3,0.3.0,356,1595,-0.6350589441312148,1377,0.020301949105062955,538,0.007932061451360835,108,0.0015923097337304278,855,0.012605785392032554,588,0.00866924188364344,0.005248724677852151,0.023516055789815114,-0.018267331111962964,0.028764780467667266,4649,67826,success
S2022-030,0000005272,AIG,American International Group,0000005272-23-000007,2022,2023-02-17,1.0.3,0.3.0,740,3094,-0.6139801773604591,2813,0.023549405195435785,841,0.007040543821315854,236,0.001975705519418004,1530,0.012808599341989602,862,0.0072163481260098285,0.0061950088320734025,0.025901834224912306,-0.019706825392838904,0.03209684305698571,8817,119451,success
S2022-031,0001053507,AMT,American Tower,0001053507-23-000023,2022,2023-02-23,1.0.3,0.3.0,283,920,-0.5295095594347464,1001,0.016043209282943872,510,0.008173862871429946,148,0.0023720229509247683,451,0.007228259127480207,618,0.009904798538320993,0.0045356925345385775,0.014745007532775587,-0.01020931499823701,0.019280700067314166,3218,62394,success
S2022-032,0001410636,AWK,American Water Works,0001410636-23-000020,2022,2023-02-15,1.0.3,0.3.0,425,1452,-0.5471497069792222,1134,0.015707023837555577,537,0.007437982187625525,163,0.002257711539260634,1359,0.018823496821197556,656,0.009086250121196172,0.005886671191323739,0.020111638987769576,-0.014224967796445836,0.025998310179093313,4987,72197,success
S2022-033,0000820027,AMP,Ameriprise Financial,0000820027-23-000014,2022,2023-02-23,1.0.3,0.3.0,345,1311,-0.5833333333333334,1684,0.02138548479268525,516,0.006552797002984317,171,0.0021715664486634074,1010,0.012826211188011936,551,0.006997269667915423,0.004381230554320909,0.016648676106419454,-0.012267445552098546,0.021029906660740366,4796,78745,success
S2022-034,0001140859,ABC,AmerisourceBergen,0001140859-22-000098,2022,2022-11-22,1.0.3,0.3.0,332,1219,-0.5718891038039974,858,0.017722878625134265,436,0.00900603156242254,93,0.0019210113195075602,846,0.017475006196810708,379,0.007828637527885648,0.006857803850285053,0.02517970751053458,-0.018321903660249526,0.03203751136081963,3393,48412,success
S2022-035,0001037868,AME,Ametek,0001037868-23-000012,2022,2023-02-21,1.0.3,0.3.0,217,458,-0.35703703703703704,503,0.016707078088152257,219,0.007274055867406251,77,0.0025575447570332483,286,0.009499451954694921,298,0.009898030358388415,0.007207626133457335,0.015212409074301658,-0.008004782940844321,0.022420035207758992,1717,30107,success
S2022-036,0000318154,AMGN,Amgen,0000318154-23-000017,2022,2023-02-09,1.0.3,0.3.0,450,1575,-0.5555555555555556,1177,0.0163490387820869,600,0.00833425936215135,124,0.001722413601511279,1206,0.016751861317924215,565,0.007848094232692521,0.006250694521613513,0.021877430825647293,-0.015626736304033783,0.028128125347260807,4781,71992,success
S2022-037,0000820313,APH,Amphenol,0001558370-23-001036,2022,2023-02-08,1.0.3,0.3.0,218,912,-0.6141592920353982,1023,0.01628410429467384,358,0.0056986406036102005,103,0.0016395530228263983,618,0.00983731813695839,450,0.007163095730794944,0.003470121931807329,0.01451720734774442,-0.011047085415937092,0.01798732927955175,3166,62822,success
S2022-038,0000006281,ADI,Analog Devices,0000006281-22-000250,2022,2022-11-22,1.0.3,0.3.0,266,848,-0.5224416517055656,845,0.019415468039152613,434,0.00997196819999081,100,0.0022976885253435044,425,0.009765176232709893,415,0.009535407380175543,0.006111851477413722,0.01948439869491292,-0.013372547217499196,0.02559625017232664,2711,43522,success
S2022-039,0000315293,AON,Aon plc,0001628280-23-004087,2022,2023-02-17,1.0.3,0.3.0,321,921,-0.4830917874396135,916,0.020426822469504717,418,0.00932141025355128,79,0.0017617019378721316,638,0.014227415650157215,338,0.00753740829114912,0.007158307874138662,0.02053832259215485,-0.013380014718016189,0.027696630466293514,3018,44843,success
S2022-040,0000320193,AAPL,Apple Inc.,0000320193-22-000108,2022,2022-10-28,1.0.3,0.3.0,107,614,-0.7031900138696255,473,0.018892794376098417,230,0.00918677104968845,50,0.0019971241412366195,245,0.009785908292059435,233,0.009306598498162646,0.0042738456622463655,0.024524684454385683,-0.02025083879213932,0.02879853011663205,1629,25036,success
S2022-041,0000006951,AMAT,Applied Materials,0000006951-22-000043,2022,2022-12-16,1.0.3,0.3.0,231,730,-0.5192507804370448,723,0.01886693979802197,350,0.00913337334620704,70,0.001826674669241408,361,0.009420422222802118,397,0.010359854909840557,0.006028026408496647,0.019049607264946113,-0.013021580856449467,0.02507763367344276,2366,38321,success
S2022-042,0001521332,APTV,Aptiv,0001521332-23-000013,2022,2023-02-08,1.0.3,0.3.0,499,1124,-0.3850893407270487,1190,0.0185314957564432,403,0.006275792260375302,162,0.0025227750525578137,495,0.007708479327259986,446,0.006945417737288796,0.00777077006929845,0.017503698512808533,-0.009732928443510083,0.025274468582106985,3695,64215,success
S2022-043,0000947484,ACGL,Arch Capital Group,0000947484-23-000015,2022,2023-02-24,1.0.3,0.3.0,629,3130,-0.6653365256717212,2207,0.018391666666666667,814,0.006783333333333333,339,0.002825,1648,0.013733333333333334,1044,0.0087,0.005241666666666667,0.026083333333333333,-0.020841666666666668,0.031325,8586,120000,success
S2022-044,0000007084,ADM,Archer Daniels Midland,0000007084-23-000010,2022,2023-02-14,1.0.3,0.3.0,337,586,-0.26977248104008666,552,0.013494682801613495,175,0.004278205598337611,54,0.0013201320132013201,380,0.009289817870675957,284,0.00694291651387361,0.008238601637941573,0.014325877032147659,-0.0060872753942060875,0.02256447867008923,2052,40905,success
S2022-045,0001596532,ANET,Arista Networks,0001596532-23-000016,2022,2023-02-14,1.0.3,0.3.0,374,1677,-0.6352998537298878,1369,0.024288122061563028,845,0.014991572784529407,157,0.00278541648185931,637,0.011301339483722169,537,0.009527188858334073,0.006635323338951477,0.02975250598775836,-0.023117182648806883,0.036387829326709836,4492,56365,success
S2022-046,0000354190,AJG,Arthur J. Gallagher & Co.,0000950170-23-002456,2022,2023-02-10,1.0.3,0.3.0,278,1556,-0.6968375136314068,1956,0.021373311770619345,698,0.007627081603216923,232,0.002535075833733992,1102,0.012041610210236461,778,0.008501245683814851,0.0030377201800778006,0.017002491367629703,-0.013964771187551904,0.020040211547707503,5564,91516,success
S2022-047,0001267238,AIZ,Assurant,0001267238-23-000007,2022,2023-02-17,1.0.3,0.3.0,559,1964,-0.5568767340467697,1614,0.02148047592429929,642,0.008544278527509382,166,0.0022092682796986877,1075,0.014307008437807767,584,0.007772365514120684,0.007439644387660039,0.02613857169474833,-0.01869892730708829,0.033578216082408366,5508,75138,success
S2022-048,0000731802,ATO,Atmos Energy,0000731802-22-000037,2022,2022-11-14,1.0.3,0.3.0,131,371,-0.47808764940239046,466,0.01425120034251812,189,0.005779993271965504,63,0.0019266644239885012,393,0.012018716168690173,271,0.00828771522064895,0.004006238722896725,0.011345912719043396,-0.007339673996146671,0.015352151441940121,1627,32699,success
S2022-049,0000866787,AZO,AutoZone,0001558370-22-015239,2022,2022-10-24,1.0.3,0.3.0,180,622,-0.5511221945137157,556,0.014700827582559953,213,0.005631791861664155,98,0.002591153063113085,305,0.00806430290050501,260,0.006874487718463287,0.004759260728166892,0.01644588984955448,-0.01168662912138759,0.021205150577721373,1905,37821,success
S2022-050,0000769397,ADSK,Autodesk,0000769397-22-000019,2022,2022-03-14,1.0.3,0.3.0,393,1102,-0.474247491638796,1003,0.01915511248615408,466,0.008899583667545166,138,0.0026354990260112295,496,0.009472518238417172,481,0.009186050952981169,0.007505442878423284,0.0210457965700317,-0.013540353691608418,0.028551239448454988,3388,52362,success
S2022-051,0000008670,ADP,Automatic Data Processing,0000008670-22-000038,2022,2022-08-03,1.0.3,0.3.0,257,563,-0.37317073170731707,518,0.014689618013214984,232,0.006579133936420611,53,0.0015029918044409153,333,0.009443325865638204,345,0.009783625896832375,0.007288092334741797,0.01596574313019312,-0.008677650795451323,0.023253835464934917,1938,35263,success
S2022-052,0000915912,AVB,AvalonBay Communities,0000915912-23-000004,2022,2023-02-24,1.0.3,0.3.0,320,704,-0.375,830,0.01742416290542668,450,0.009446835310171093,147,0.003085966201322557,343,0.007200587803085966,378,0.007935341660543717,0.006717749553899444,0.014779049018578776,-0.008061299464679332,0.02149679857247822,2614,47635,success
S2022-053,0001037540,BXP,"BXP, Inc.",0001656423-23-000013,2022,2023-02-27,1.0.3,0.3.0,578,1050,-0.28992628992628994,1817,0.022251885960615263,664,0.008131674341138434,240,0.0029391594004114824,449,0.005498677378269815,603,0.007384637993533849,0.007078475555990987,0.012858822376800236,-0.005780346820809248,0.019937297932791222,4546,81656,success
S2022-054,0001701605,BKR,Baker Hughes,0001701605-23-000044,2022,2023-02-14,1.0.3,0.3.0,315,1153,-0.5708446866485014,766,0.015895413986304213,373,0.00774019506121602,111,0.002303382444490558,701,0.014546586428719652,424,0.00879850591409006,0.006536625855986719,0.023926125752230753,-0.017389499896244033,0.030462751608217473,3211,48190,success
S2022-055,0000009389,BALL,Ball Corporation,0000009389-23-000011,2022,2023-02-21,1.0.3,0.3.0,264,618,-0.4013605442176871,832,0.016952260641007355,268,0.005460583956478331,125,0.0025469141588051916,768,0.015648240591699097,397,0.00808899936836529,0.005379082703396564,0.012591943601132867,-0.007212860897736303,0.01797102630452943,2866,49079,success
S2022-056,0000070858,BAC,Bank of America,0000070858-23-000092,2022,2023-02-22,1.0.3,0.3.0,370,2817,-0.7678067147787888,2495,0.021231512841023197,700,0.005956737069625747,145,0.0012338955358510476,1172,0.009973279779430536,964,0.008203277907313171,0.003148561022516466,0.02397161189305104,-0.020823050870534574,0.027120172915567505,7588,117514,success
S2022-057,0001390777,BK,Bank of New York Mellon,0001390777-23-000033,2022,2023-02-27,1.0.3,0.3.0,31,101,-0.5303030303030303,103,0.017496178019364702,50,0.008493290300662476,6,0.0010191948360794973,62,0.010531679972821471,37,0.006285034822490233,0.005265839986410736,0.017156446407338204,-0.011890606420927468,0.02242228639374894,332,5887,success
S2022-058,0000701985,BBWI,"Bath & Body Works, Inc.",0000701985-22-000009,2022,2022-03-18,1.0.3,0.3.0,221,875,-0.5967153284671532,692,0.01657088122605364,367,0.008788314176245211,88,0.00210727969348659,420,0.010057471264367816,316,0.007567049808429119,0.005292145593869732,0.020953065134099617,-0.015660919540229884,0.02624521072796935,2491,41760,success
S2022-059,0000010456,BAX,Baxter International,0001628280-23-002864,2022,2023-02-09,1.0.3,0.3.0,365,1328,-0.5688127584170112,1127,0.01976187553700749,492,0.00862718967542829,122,0.002139262480492381,613,0.01074891721755598,489,0.008574584860334217,0.006400252503112451,0.02328639814831051,-0.016886145645198056,0.02968665065142296,3741,57029,success
S2022-060,0000010795,BDX,Becton Dickinson,0001628280-22-030686,2022,2022-11-22,1.0.3,0.3.0,324,952,-0.49216300940438873,751,0.016843474555363672,354,0.007939533944871823,77,0.0017269607733195775,611,0.013703545876600803,351,0.007872249758898334,0.0072666920851369235,0.0213515150155875,-0.01408482293045058,0.028618207100724425,2827,44587,success
S2022-061,0001067983,BRK-B,Berkshire Hathaway,0000950170-23-004451,2022,2023-02-27,1.0.3,0.3.0,336,1750,-0.6778523489932886,1151,0.014963014963014963,316,0.004108004108004108,102,0.001326001326001326,1215,0.015795015795015795,473,0.006149006149006149,0.004368004368004368,0.02275002275002275,-0.018382018382018382,0.02711802711802712,4688,76923,success
S2022-062,0000764478,BBY,Best Buy,0000764478-22-000008,2022,2022-03-18,1.0.3,0.3.0,357,644,-0.2867132867132867,640,0.01717613590617536,307,0.008239177692493492,171,0.004589248812431228,268,0.007192506910710931,274,0.007353533184831325,0.00958106331016344,0.017283486755588953,-0.007702423445425512,0.026864550065752394,2121,37261,success
S2022-063,0000012208,BIO,Bio-Rad Laboratories,0000012208-23-000031,2022,2023-02-17,1.0.3,0.3.0,172,805,-0.6479017400204709,684,0.017956054918226445,312,0.008190481190769958,87,0.002283884178195469,446,0.011708187856036542,359,0.009424303677841073,0.004515265271834721,0.021132491533877616,-0.016617226262042897,0.025647756805712334,2429,38093,success
S2022-064,0000842023,TECH,Bio-Techne,0001558370-22-013935,2022,2022-08-24,1.0.3,0.3.0,259,1007,-0.5908372827804107,805,0.01682094573416637,281,0.0058716593183860254,94,0.0019641849677163215,493,0.010301523288129218,515,0.010761226152913889,0.005411956453601354,0.021041853856280168,-0.015629897402678814,0.02645381030988152,2907,47857,success
S2022-065,0000875045,BIIB,Biogen,0000875045-23-000009,2022,2023-02-15,1.0.3,0.3.0,786,1382,-0.27490774907749077,1523,0.017915750097048547,638,0.007505087696596831,216,0.0025409074333305887,882,0.010375372019433237,605,0.0071168935053935465,0.009246079826841863,0.01625710218917997,-0.007011022362338105,0.025503182016021832,5074,85009,success
S2022-066,0000012927,BA,Boeing,0000012927-23-000007,2022,2023-01-27,1.0.3,0.3.0,287,879,-0.5077186963979416,718,0.016001782928459996,283,0.006307109427234232,109,0.002429240026743927,559,0.012458212614218854,393,0.008758636059728103,0.006396255850234009,0.019589926454201025,-0.013193670603967016,0.025986182304435036,2829,44870,success
S2022-067,0001075531,BKNG,Booking Holdings,0001075531-23-000016,2022,2023-02-23,1.0.3,0.3.0,402,1249,-0.5130224106602059,1195,0.019340951024503932,651,0.01053636746188457,112,0.0018127083805392808,599,0.009694752856634188,537,0.008691289288835658,0.006506328294435633,0.020214935422263942,-0.01370860712782831,0.026721263716699577,3863,61786,success
S2022-068,0000908255,BWA,BorgWarner,0000908255-23-000013,2022,2023-02-09,1.0.3,0.3.0,273,781,-0.4819734345351044,943,0.019914681534042914,344,0.007264740665652982,118,0.0024919749957763135,325,0.0068634904544686605,314,0.006631187700625106,0.005765331981753674,0.01649349552289238,-0.010728163541138706,0.022258827504646056,2616,47352,success
S2022-069,0000885725,BSX,Boston Scientific,0000885725-23-000008,2022,2023-02-23,1.0.3,0.3.0,391,1416,-0.5672385168788047,1106,0.018549266247379455,448,0.0075136268343815515,137,0.00229769392033543,774,0.012981132075471698,528,0.008855345911949685,0.006557651991614255,0.023748427672955975,-0.017190775681341718,0.030306079664570232,4027,59625,success
S2022-070,0000014272,BMY,Bristol Myers Squibb,0000014272-23-000046,2022,2023-02-14,1.0.3,0.3.0,578,1427,-0.4234413965087282,919,0.015826545197788762,398,0.006854151239085883,116,0.0019976923209396045,1133,0.019511943100211825,427,0.007353574319320785,0.009954018633647338,0.0245750598446622,-0.014621041211014861,0.034529078478309536,4205,58067,success
S2022-071,0001730168,AVGO,Broadcom,0001730168-22-000118,2022,2022-12-16,1.0.3,0.3.0,301,1131,-0.5796089385474861,1052,0.02195829593604542,595,0.012419378404892609,120,0.0025047485858606944,541,0.011292241541255297,443,0.009246696862802396,0.006282744369533908,0.02360725542173704,-0.017324511052203135,0.029889999791270952,3396,47909,success
S2022-072,0001383312,BR,Broadridge Financial Solutions,0001383312-22-000037,2022,2022-08-12,1.0.3,0.3.0,297,617,-0.350109409190372,671,0.015085770813192742,310,0.006969581150655366,87,0.001955979226151667,493,0.011083882281526113,341,0.007666539265720902,0.0066773083927246565,0.01387171474178826,-0.007194406349063603,0.020549023134512918,2373,44479,success
S2022-073,0000079282,BRO,Brown & Brown,0000950170-23-004717,2022,2023-02-27,1.0.3,0.3.0,282,1028,-0.5694656488549619,992,0.015795926816451967,424,0.006751484848967373,115,0.0018311810321491697,607,0.009665451187083009,473,0.0075317272017961494,0.004490374357096224,0.016369166096081272,-0.011878791738985048,0.0208595404531775,3259,62801,success
S2022-074,0000014693,BF-B,Brown–Forman,0000014693-22-000069,2022,2022-06-17,1.0.3,0.3.0,283,716,-0.43343343343343343,622,0.01857437214441425,265,0.007913518678890315,67,0.0020007764207005704,215,0.006420401947024219,254,0.007585032997879774,0.008451040702362111,0.021381431600322513,-0.012930390897960402,0.029832472302684623,2044,33487,success
S2022-075,0001043277,CHRW,C.H. Robinson,0001043277-23-000005,2022,2023-02-17,1.0.3,0.3.0,243,482,-0.3296551724137931,493,0.015623019394093041,240,0.007605526682722779,53,0.0016795538091012802,349,0.011059703384459375,238,0.0075421472937000885,0.007700595766256813,0.015274432754468248,-0.007573836988211433,0.022975028520725062,1762,31556,success
S2022-076,0001138118,CBRE,CBRE Group,0001138118-23-000009,2022,2023-02-27,1.0.3,0.3.0,274,969,-0.5591311343523733,1027,0.017986304488695072,430,0.007530779873552952,131,0.00229426084519869,550,0.009632392861521217,491,0.008599099809103486,0.004798682989194207,0.016970524877843746,-0.012171841888649539,0.02176920786703795,3255,57099,success
S2022-077,0001402057,CDW,CDW Corporation,0001402057-23-000052,2022,2023-02-24,1.0.3,0.3.0,189,511,-0.46,609,0.018360517350538154,288,0.008682806234737255,71,0.0021405529259248095,250,0.007537158189876089,278,0.008381319907142212,0.005698091591546323,0.015405951340106727,-0.009707859748560402,0.02110404293165305,1792,33169,success
S2022-078,0001324404,CF,CF Industries,0001324404-23-000006,2022,2023-02-23,1.0.3,0.3.0,260,1185,-0.6401384083044983,898,0.014150869065065633,397,0.006256007816070218,90,0.001418238547723727,507,0.007989410485510329,579,0.009124001323689311,0.00409713358231299,0.01867347421169574,-0.014576340629382751,0.02277060779400873,3235,63459,success
S2022-079,0001156375,CME,CME Group,0001156375-23-000020,2022,2023-02-27,1.0.3,0.3.0,321,798,-0.4262734584450402,841,0.018965361717481508,376,0.00847916290817247,98,0.0022099945877683564,566,0.012763846292621324,396,0.008930182211798665,0.0072388598232004326,0.017995670214685188,-0.010756810391484756,0.02523453003788562,2869,44344,success
S2022-080,0000811156,CMS,CMS Energy,0000811156-23-000014,2022,2023-02-09,1.0.3,0.3.0,196,707,-0.5658914728682171,673,0.013372543565084348,337,0.006696206807479087,126,0.002503626284101973,743,0.014763447056252111,448,0.008901782343473682,0.003894529775269736,0.014048125260794405,-0.010153595485524669,0.01794265503606414,2789,50327,success
S2022-081,0000277948,CSX,CSX Corporation,0000277948-23-000006,2022,2023-02-15,1.0.3,0.3.0,153,497,-0.5292307692307693,439,0.012650203152465204,183,0.005273319309569778,61,0.001757773103189926,307,0.00884649742097225,232,0.00668530098262398,0.00440884073423047,0.0143215283981212,-0.00991268766389073,0.01873036913235167,1584,34703,success
S2022-082,0000064803,CVS,CVS Health,0000064803-23-000009,2022,2023-02-08,1.0.3,0.3.0,613,2322,-0.582282793867121,1689,0.01641878098571012,775,0.007533780499659764,229,0.002226110625060756,1714,0.0166618061631185,929,0.009030815592495382,0.005958977350053465,0.02257217847769029,-0.016613201127636822,0.028531155827743754,6895,102870,success
S2022-083,0001590895,CZR,Caesars Entertainment,0001590895-23-000070,2022,2023-02-22,1.0.3,0.3.0,338,972,-0.48396946564885496,887,0.014905308440740056,415,0.006973735065284242,130,0.0021845435144263892,644,0.010821892486850728,548,0.009208691122351242,0.005679813137508612,0.01633366381555731,-0.010653850678048698,0.022013476953065922,3329,59509,success
S2022-084,0000906345,CPT,Camden Property Trust,0000906345-23-000008,2022,2023-02-23,1.0.3,0.3.0,179,388,-0.36860670194003525,691,0.025433398358423204,276,0.010158636681512017,44,0.0016194928042990173,153,0.005631418160403401,207,0.0076189775111340135,0.006588391181125548,0.014280982001545879,-0.007692590820420332,0.020869373182671427,1578,27169,success
S2022-085,0000016732,CPB,Campbell's,0000016732-22-000093,2022,2022-09-22,1.0.3,0.3.0,212,718,-0.5440860215053763,688,0.02008524551877153,263,0.007677935423600163,61,0.0017808139195422431,338,0.009867460734512758,307,0.008962456939335553,0.006189058212179599,0.020961055643136568,-0.014771997430956968,0.02715011385531617,2179,34254,success
S2022-086,0000927628,COF,Capital One,0000927628-23-000117,2022,2023-02-24,1.0.3,0.3.0,324,1824,-0.6983240223463687,1575,0.019693654266958426,550,0.006877149109096593,116,0.0014504532666458267,866,0.010828383869959362,674,0.008427633635511097,0.0040512660206314475,0.022807127227258518,-0.018755861206627072,0.026858393247889967,5190,79975,success
S2022-087,0001170010,KMX,CarMax,0001170010-22-000017,2022,2022-04-14,1.0.3,0.3.0,237,696,-0.4919614147909968,565,0.01443609790995963,242,0.006183249016301293,57,0.001456385098880883,283,0.0072308242628647355,250,0.006387653942460013,0.006055495937452093,0.017783228575808677,-0.011727732638356584,0.02383872451326077,1983,39138,success
S2022-088,0000721371,CAH,Cardinal Health,0000721371-22-000058,2022,2022-08-11,1.0.3,0.3.0,227,1669,-0.760548523206751,1008,0.016849706634571988,363,0.006067900305902412,87,0.0014542901559600823,1143,0.019106363773130734,552,0.00922722029988466,0.003794527188539525,0.027898968624107786,-0.02410444143556826,0.03169349581264731,4140,59823,success
S2022-089,0000815097,CCL,Carnival Corporation,0000815097-23-000012,2022,2023-01-27,1.0.3,0.3.0,292,360,-0.10429447852760736,432,0.0173236556121426,198,0.007940008822232024,77,0.0030877812086457872,226,0.009062838352648674,301,0.012070417451978987,0.011709507960059349,0.0144363796767855,-0.00272687171672615,0.026145887636844847,1633,24937,success
S2022-090,0001783180,CARR,Carrier Global,0001783180-23-000012,2022,2023-02-07,1.0.3,0.3.0,322,1060,-0.5340086830680174,898,0.019298547236310495,420,0.009026046591592882,103,0.0022135304736525404,640,0.013753975758617726,400,0.008596234849136079,0.006919969053554543,0.022780022350210608,-0.015860053296656063,0.029699991403765152,3157,46532,success
S2022-091,0000018230,CAT,Caterpillar Inc.,0000018230-23-000011,2022,2023-02-15,1.0.3,0.3.0,215,847,-0.5951035781544256,771,0.016679646936656283,303,0.0065550363447559705,70,0.0015143648321218415,464,0.010038075458636206,369,0.007982866043613706,0.004651263412945656,0.01832381446867428,-0.013672551055728626,0.022975077881619937,2582,46224,success
S2022-092,0001374310,CBOE,Cboe Global Markets,0001558370-23-001489,2022,2023-02-17,1.0.3,0.3.0,390,1477,-0.5822174611676486,1404,0.016307377810815833,679,0.00788654525181193,208,0.0024159078238245677,1023,0.011882085114291023,844,0.009803010592826612,0.004529827169671065,0.01715526853744657,-0.012625441367775506,0.021685095707117637,5013,86096,success
S2022-093,0001306830,CE,Celanese,0001306830-23-000023,2022,2023-02-24,1.0.3,0.3.0,252,838,-0.5376146788990825,883,0.01881204993821637,367,0.007818824832758106,102,0.002173079381311517,529,0.0112701862030764,390,0.008308832928544037,0.005368784353828455,0.017853338446461288,-0.012484554092632836,0.023222122800289745,2884,46938,success
S2022-094,0001071739,CNC,Centene Corporation,0001071739-23-000047,2022,2023-02-21,1.0.3,0.3.0,392,1310,-0.5393654524089306,925,0.017848184309034076,453,0.008740786477829662,121,0.0023347354609655384,967,0.018658588353336163,472,0.009107397831204414,0.007563771080152819,0.02527688804846988,-0.01771311696831706,0.0328406591286227,3801,51826,success
S2022-095,0001130310,CNP,CenterPoint Energy,0001130310-23-000013,2022,2023-02-17,1.0.3,0.3.0,283,1607,-0.7005291005291006,1272,0.015406043723127233,678,0.008211711984497064,148,0.0017925270998607158,1288,0.015599830436625689,747,0.009047417186459154,0.0034276024950039364,0.01946345303700115,-0.016035850541997215,0.022891055532005086,5095,82565,success
S2022-096,0001100682,CRL,Charles River Laboratories,0001100682-23-000006,2022,2023-02-22,1.0.3,0.3.0,489,959,-0.324585635359116,1017,0.01798662940822751,467,0.008259347034063174,115,0.0020338863145979978,633,0.011195217714265501,485,0.008577694457217644,0.008648438329029748,0.016960843266952002,-0.008312404937922253,0.025609281595981748,3554,56542,success
S2022-097,0000316709,SCHW,Charles Schwab Corporation,0000316709-23-000009,2022,2023-02-24,1.0.3,0.3.0,276,958,-0.5526742301458671,848,0.01412180052956752,315,0.0052457159986011425,96,0.0015986943995736815,555,0.009242451997535346,541,0.009009309064264184,0.004596246398774334,0.015953637862412363,-0.011357391463638029,0.020549884261186698,3097,60049,success
S2022-098,0001091667,CHTR,Charter Communications,0001091667-23-000024,2022,2023-01-27,1.0.3,0.3.0,234,533,-0.3898305084745763,510,0.011823893538589942,252,0.0058423944543620895,109,0.00252706744256138,401,0.009296826096028563,391,0.00906498504625229,0.005425080564764797,0.012357127953075371,-0.006932047388310574,0.017782208517840167,2072,43133,success
S2022-099,0000093410,CVX,Chevron Corporation,0000093410-23-000009,2022,2023-02-23,1.0.3,0.3.0,222,611,-0.4669867947178872,631,0.014124230554001119,237,0.0053049804141018465,47,0.0010520425293788472,424,0.00949076664801343,392,0.008774482372691662,0.004969222160044768,0.013676552881925014,-0.008707330721880246,0.01864577504196978,2163,44675,success
S2022-100,0001058090,CMG,Chipotle Mexican Grill,0001058090-23-000010,2022,2023-02-09,1.0.3,0.3.0,184,654,-0.5608591885441527,492,0.01753385602280827,254,0.009052031361368496,50,0.001781895937277263,294,0.010477548111190307,213,0.00759087669280114,0.006557377049180328,0.0233071988595866,-0.01674982181040627,0.029864575908766927,1746,28060,success
S2022-101,0000896159,CB,Chubb Limited,0000896159-23-000007,2022,2023-02-24,1.0.3,0.3.0,422,2339,-0.6943136544730171,1654,0.019760343117928868,499,0.005961554544042627,182,0.002174354563157832,1082,0.012926657348004253,618,0.007383247912261209,0.005041635305783544,0.02794404023750642,-0.022902404931722877,0.03298567554328997,5946,83703,success
S2022-102,0000313927,CHD,Church & Dwight,0000950170-23-003066,2022,2023-02-16,1.0.3,0.3.0,333,1229,-0.5736235595390525,1056,0.017747004352721713,475,0.007982790783657967,127,0.00213434616742013,480,0.00806682016032805,489,0.008218073038334201,0.005596356486227585,0.020654420785506614,-0.015058064299279028,0.026250777271734197,3495,59503,success
S2022-103,0001739940,CI,Cigna,0001739940-23-000008,2022,2023-02-23,1.0.3,0.3.0,488,1417,-0.48766404199475066,1129,0.0159373235460192,490,0.00691699604743083,168,0.0023715415019762848,1224,0.01727837380011293,554,0.00782044042913608,0.006888763410502541,0.020002823263692827,-0.013114059853190288,0.026891586674195368,4640,70840,success
S2022-104,0000020286,CINF,Cincinnati Financial,0000020286-23-000008,2022,2023-02-23,1.0.3,0.3.0,525,2199,-0.6145374449339207,1260,0.0198100748380605,375,0.005895855606565625,98,0.0015407835985158165,807,0.012687881265329225,348,0.0054713540028929,0.008254197849191874,0.034573297276900825,-0.02631909942770895,0.0428274951260927,4822,63604,success
S2022-105,0000723254,CTAS,Cintas,0000723254-22-000019,2022,2022-07-27,1.0.3,0.3.0,147,467,-0.5211726384364821,561,0.019648360885402075,318,0.01113757355001401,57,0.0019963575231157185,304,0.010647240123283833,249,0.00872093023255814,0.005148500980666854,0.016356122163070887,-0.011207621182404036,0.02150462314373774,1670,28552,success
S2022-106,0000858877,CSCO,Cisco,0000858877-22-000013,2022,2022-09-08,1.0.3,0.3.0,397,1132,-0.4807063440156965,1041,0.020279747525909764,478,0.009311930180004676,116,0.0022597989558170344,592,0.011532767084859346,483,0.009409335307410583,0.007733967116028988,0.022052520844697266,-0.014318553728668276,0.029786487960726252,3520,51332,success
S2022-107,0000831001,C,Citigroup,0000831001-23-000037,2022,2023-02-27,1.0.3,0.3.0,558,3890,-0.7491007194244604,3454,0.020698995613299135,753,0.004512548841000072,297,0.0017798499412709447,2372,0.014214828487187478,1216,0.007287197065944339,0.003343960495721169,0.02331183929812786,-0.01996787880240669,0.02665579979384903,10926,166868,success
S2022-108,0000759944,CFG,Citizens Financial Group,0000759944-23-000029,2022,2023-02-17,1.0.3,0.3.0,288,1156,-0.6011080332409973,1319,0.021007198827801492,445,0.007087341530228706,107,0.0017041472892909474,705,0.011228260177103905,592,0.009428553226731223,0.004586863731923297,0.018411161368414346,-0.013824297636491048,0.022998025100337643,3995,62788,success
S2022-109,0000021076,CLX,Clorox,0000021076-22-000026,2022,2022-08-10,1.0.3,0.3.0,181,605,-0.539440203562341,516,0.02573309395571514,354,0.01765409934171155,32,0.0015958507879513266,245,0.012218232595252345,142,0.007081587871534012,0.009026531019349691,0.030171553959704767,-0.021145022940355078,0.03919808497905446,1620,20052,success
S2022-110,0001057352,CSGP,CoStar Group,0001057352-23-000030,2022,2023-02-22,1.0.3,0.3.0,260,840,-0.5272727272727272,905,0.02013303374785878,481,0.010700540588640964,81,0.0018019621365486863,339,0.007541545238148206,305,0.006785166069720362,0.005784075993859981,0.018687014749393785,-0.012902938755533803,0.024471090743253765,2588,44951,success
S2022-111,0000021344,KO,Coca-Cola Company (The),0000021344-23-000011,2022,2023-02-21,1.0.3,0.3.0,475,1365,-0.483695652173913,1122,0.015627393902252183,505,0.007033720071869298,135,0.0018803014053511986,696,0.009693998356477291,510,0.0071033608646600835,0.006615875315124587,0.01901193643188434,-0.012396061116759753,0.025627811747008927,4032,71797,success
S2022-112,0001058290,CTSH,Cognizant,0001058290-23-000027,2022,2023-02-15,1.0.3,0.3.0,298,800,-0.45719489981785066,649,0.01704575300730157,304,0.007984451331617376,70,0.0018385249776750538,518,0.013605084834795398,277,0.0072753059830855706,0.007826863476388087,0.021011714030572042,-0.013184850554183957,0.02883857750696013,2461,38074,success
S2022-113,0000021665,CL,Colgate-Palmolive,0000021665-23-000007,2022,2023-02-16,1.0.3,0.3.0,232,758,-0.5313131313131313,687,0.016885000122889376,278,0.006832649249145919,49,0.0012043158748494605,393,0.009659104873792611,325,0.007987809374001524,0.005702066999287242,0.018630029247671247,-0.012927962248384006,0.02433209624695849,2292,40687,success
S2022-114,0001166691,CMCSA,Comcast,0001166691-23-000010,2022,2023-02-03,1.0.3,0.3.0,184,622,-0.543424317617866,548,0.011167036863448332,299,0.006092963544107758,85,0.0017321133821042122,450,0.009170012022904652,403,0.0082122552116235,0.0037495160271432356,0.012674994396103765,-0.008925478368960528,0.016424510423247,2152,49073,success
S2022-115,0000023217,CAG,Conagra Brands,0001437749-22-017530,2022,2022-07-21,1.0.3,0.3.0,228,910,-0.5992970123022847,995,0.025131339664578704,535,0.013512830874924227,80,0.002020610224287735,380,0.00959789856536674,347,0.00876439684784805,0.005758739139220044,0.022984441301272984,-0.01722570216205294,0.028743180440493028,2708,39592,success
S2022-116,0001163165,COP,ConocoPhillips,0001163165-23-000006,2022,2023-02-16,1.0.3,0.3.0,323,951,-0.49293563579277866,862,0.014564008988460303,299,0.005051785020359201,124,0.002095054657272712,622,0.01050906449051312,477,0.00805920218967003,0.005457279470153919,0.016067717573115717,-0.010610438102961799,0.02152499704326964,3171,59187,success
S2022-117,0001047862,ED,Consolidated Edison,0001047862-23-000038,2022,2023-02-16,1.0.3,0.3.0,178,959,-0.6868953386103782,792,0.00987211128561813,321,0.004001196619549772,135,0.0016827462418667265,801,0.009984294368409244,556,0.006930421559095555,0.0022187320818687207,0.011953730710742154,-0.009734998628873432,0.014172462792610875,3259,80226,success
S2022-118,0000016918,STZ,Constellation Brands,0000016918-22-000069,2022,2022-04-21,1.0.3,0.3.0,325,913,-0.47495961227786754,754,0.016269284712482467,338,0.0072931276297335205,129,0.0027834717876793614,374,0.008069910454202179,359,0.007746250944006904,0.0070126227208976155,0.01970007552055238,-0.012687452799654763,0.026712698241449995,2684,46345,success
S2022-119,0001868275,CEG,Constellation Energy,0001868275-23-000014,2022,2023-02-16,1.0.3,0.3.0,328,1119,-0.5466482377332412,1267,0.016501048409153066,501,0.006524881809775601,161,0.0020968183061354727,984,0.01281533672818202,793,0.010327806936431242,0.004271778909394007,0.014573538413450894,-0.010301759504056887,0.0188453173228449,4438,76783,success
S2022-120,0000711404,COO,Cooper Companies (The),0000711404-22-000053,2022,2022-12-09,1.0.3,0.3.0,285,1201,-0.6164199192462988,990,0.01801342819192489,534,0.009716333994432213,207,0.003766444076493386,877,0.015957350024563766,669,0.012172710566058334,0.005185683873432922,0.02185265379646646,-0.016666969923033535,0.027038337669899378,4047,54959,success
S2022-121,0000900075,CPRT,Copart,0000900075-22-000050,2022,2022-09-27,1.0.3,0.3.0,245,706,-0.48475289169295477,669,0.016538528095720748,343,0.008479394823366543,113,0.0027935032508467034,421,0.010407653704481965,258,0.006378087068304863,0.006056710588118959,0.017453215000865243,-0.011396504412746285,0.023509925588984203,2299,40451,success
S2022-122,0000024741,GLW,Corning Inc.,0001437749-23-003123,2022,2023-02-13,1.0.3,0.3.0,248,554,-0.38154613466334164,557,0.015906559671016934,214,0.006111317360139361,69,0.001970471485278579,306,0.008738612673844133,266,0.007596310363537711,0.00708227432389982,0.015820886997743953,-0.008738612673844133,0.022903161321643772,1872,35017,success
S2022-123,0001755672,CTVA,Corteva,0001755672-23-000005,2022,2023-02-09,1.0.3,0.3.0,354,1315,-0.5757938885560215,1032,0.01595917420552076,402,0.0062166550684295985,116,0.0017938606665120235,996,0.015402458826258408,516,0.00797958710276038,0.005474367896079796,0.020335575659166473,-0.014861207763086677,0.02580994355524627,4003,64665,success
S2022-124,0000909832,COST,Costco,0000909832-22-000021,2022,2022-10-05,1.0.3,0.3.0,135,601,-0.6331521739130435,447,0.018015476382395614,198,0.007980009672738998,31,0.0012493954538126712,294,0.011849105271642754,156,0.006287280348218604,0.005440915685958407,0.024222150572303723,-0.018781234886345317,0.029663066258262132,1546,24812,success
S2022-125,0001051470,CCI,Crown Castle,0001051470-23-000041,2022,2023-02-24,1.0.3,0.3.0,190,592,-0.5140664961636828,801,0.01802592492573589,342,0.00769646232784229,114,0.002565487442614097,410,0.009226753083085786,398,0.008956701773336934,0.004275812404356828,0.01332253128094338,-0.009046718876586552,0.017598343685300208,2421,44436,success
S2022-126,0000026172,CMI,Cummins,0000026172-23-000005,2022,2023-02-14,1.0.3,0.3.0,320,821,-0.43908851884312006,849,0.01632598119339269,303,0.005826586927677249,121,0.0023267888391054364,412,0.007922619848854874,351,0.006749610599388497,0.00615349114474165,0.015787550718227794,-0.009634059573486144,0.021941041862969444,2723,52003,success
S2022-127,0000882184,DHI,D. R. Horton,0000882184-22-000184,2022,2022-11-18,1.0.3,0.3.0,186,720,-0.5894039735099338,663,0.014756944444444444,340,0.007567663817663817,71,0.001580306267806268,462,0.010283119658119658,497,0.011062143874643875,0.004139957264957265,0.016025641025641024,-0.01188568376068376,0.020165598290598292,2413,44928,success
S2022-128,0000936340,DTE,DTE Energy,0000936340-23-000073,2022,2023-02-23,1.0.3,0.3.0,236,665,-0.47613762486126526,820,0.014744223680661693,282,0.005070574485300728,122,0.002193652791513081,699,0.012568551649734784,458,0.00823518834846714,0.00424345949833678,0.01195720578980491,-0.007713746291468129,0.016200665288141687,2874,55615,success
S2022-129,0001688568,DXC,DXC Technology,0001688568-22-000027,2022,2022-05-26,1.0.3,0.3.0,345,1338,-0.5900178253119429,1065,0.019938219601235607,574,0.01074604511841243,102,0.0019095759618084807,803,0.01503323036600206,455,0.008518206496302536,0.006458859870822803,0.02504914349901713,-0.01859028362819433,0.03150800336983993,3880,53415,success
S2022-130,0000927066,DVA,DaVita,0000927066-23-000011,2022,2023-02-22,1.0.3,0.3.0,450,1737,-0.588477366255144,1435,0.019521419145954916,728,0.009903549225264933,156,0.0021221891196996287,1204,0.016378946795630466,675,0.009182549075623393,0.006121699383748929,0.023629759621270865,-0.017508060237521935,0.029751459005019795,5357,73509,success
S2022-131,0000313616,DHR,Danaher Corporation,0000313616-23-000087,2022,2023-02-22,1.0.3,0.3.0,364,1466,-0.6021857923497268,1051,0.016401629238908224,403,0.0062891118775261785,105,0.0016386023502239424,897,0.013998345791913107,597,0.009316624791273272,0.005680488147443,0.022878009956459996,-0.017197521809016996,0.028558498103902995,4193,64079,success
S2022-132,0000940944,DRI,Darden Restaurants,0000940944-22-000042,2022,2022-07-22,1.0.3,0.3.0,239,764,-0.5234297108673978,756,0.020224719101123594,451,0.012065275548421616,60,0.0016051364365971107,299,0.007998929909042269,310,0.008293204922418406,0.006393793472445158,0.020438737292669876,-0.014044943820224719,0.026832530765115034,2274,37380,success
S2022-133,0000315189,DE,Deere & Company,0001558370-22-018703,2022,2022-12-15,1.0.3,0.3.0,306,972,-0.5211267605633803,853,0.014802089298419144,334,0.005795894285664706,70,0.001214708383223142,378,0.006559425269404966,467,0.008103840213788675,0.005310010932375449,0.016867093549898484,-0.011557082617523036,0.022177104482273936,2870,57627,success
S2022-134,0000027904,DAL,Delta Air Lines,0000027904-23-000003,2022,2023-02-10,1.0.3,0.3.0,328,745,-0.3886300093196645,718,0.014007023019898557,311,0.006067108856808428,106,0.0020678891923527117,415,0.008095981271946938,520,0.010144362075692548,0.0063987514631291455,0.014533749512290285,-0.00813499804916114,0.02093250097541943,2682,51260,success
S2022-135,0000818479,XRAY,Dentsply Sirona,0000818479-23-000017,2022,2023-03-01,1.0.3,0.3.0,353,1493,-0.6175514626218852,1205,0.022000292120061344,528,0.009639962024392025,146,0.0026655955597750676,712,0.012999342729861973,562,0.010260717154750602,0.006444898853428759,0.027258453224275177,-0.020813554370846418,0.03370335207770394,4123,54772,success
S2022-136,0001090012,DVN,Devon Energy,0000950170-23-002852,2022,2023-02-15,1.0.3,0.3.0,208,981,-0.6501261564339781,909,0.015728820598006645,255,0.004412375415282392,80,0.0013842746400885937,555,0.009603405315614618,632,0.010935769656699889,0.0035991140642303433,0.016974667774086377,-0.013375553709856035,0.02057378183831672,3116,57792,success
S2022-137,0001093557,DXCM,Dexcom,0001093557-23-000024,2022,2023-02-09,1.0.3,0.3.0,464,2052,-0.6311605723370429,1710,0.023131552248900913,1116,0.015096381467703753,248,0.003354751437267501,1126,0.015231653703077443,728,0.0098478187352046,0.006276631721339195,0.027757862698681097,-0.0214812309773419,0.03403449442002029,6001,73925,success
S2022-138,0001539838,FANG,Diamondback Energy,0001539838-23-000022,2022,2023-02-23,1.0.3,0.3.0,306,1320,-0.6236162361623616,1337,0.020336456558773423,664,0.0100997809686055,154,0.002342419080068143,660,0.010038938914577756,727,0.011058043319542467,0.004654417133122414,0.020077877829155513,-0.015423460696033097,0.024732294962277926,4281,65744,success
S2022-139,0001297996,DLR,Digital Realty,0001558370-23-002087,2022,2023-02-27,1.0.3,0.3.0,469,974,-0.34996534996534995,1223,0.017897124460379017,648,0.009482695544011122,168,0.002458476622521402,461,0.006746176922514085,561,0.00820955586449111,0.006863247237872247,0.014253310894856224,-0.007390063656983976,0.02111655813272847,3718,68335,success
S2022-140,0000029534,DG,Dollar General,0001558370-22-003921,2022,2022-03-18,1.0.3,0.3.0,237,667,-0.4756637168141593,735,0.021201719214238326,341,0.009836443880347304,88,0.0025384371304122077,273,0.007874924279574235,281,0.00810569129142989,0.0068364727262237865,0.019240199613465254,-0.012403726887241468,0.026076672339689043,2136,34667,success
S2022-141,0000935703,DLTR,Dollar Tree,0000935703-22-000020,2022,2022-03-15,1.0.3,0.3.0,168,959,-0.7018633540372671,659,0.018723718604386864,327,0.009290828503239005,76,0.00215933628821457,395,0.011222866234799409,301,0.008552108194112968,0.00477326968973747,0.02724741447891806,-0.02247414478918059,0.03202068416865553,2327,35196,success
S2022-142,0000715957,D,Dominion Energy,0000950170-23-003287,2022,2023-02-21,1.0.3,0.3.0,608,2243,-0.573482988425114,1973,0.01261654154570219,733,0.004687240219462598,290,0.0018544333746850661,2691,0.017207862797508664,1193,0.0076287552275837375,0.003887915488994897,0.014343082963512424,-0.010455167474517527,0.01823099845250732,8463,156382,success
S2022-143,0001286681,DPZ,Domino's,0000950170-22-002426,2022,2022-03-01,1.0.3,0.3.0,329,761,-0.3963302752293578,914,0.015580784835157343,412,0.007023285943200027,121,0.0020626640755514645,391,0.0066653029218233266,534,0.009102996829293239,0.005608400668234973,0.012972622822269953,-0.00736422215403498,0.018581023490504927,2871,58662,success
S2022-144,0000029905,DOV,Dover Corporation,0000029905-23-000008,2022,2023-02-10,1.0.3,0.3.0,431,638,-0.19363891487371376,663,0.015913782343622486,211,0.005064567231529931,61,0.001464163986366473,266,0.006384715088089866,263,0.006312707023186597,0.01034515865776967,0.015313715136095243,-0.004968556478325573,0.025658873793864913,2217,41662,success
S2022-145,0001751788,DOW,Dow Inc.,0001751788-23-000014,2022,2023-02-01,1.0.3,0.3.0,410,842,-0.3450479233226837,700,0.012577260313353458,225,0.004042690815006468,136,0.002443582003737243,545,0.009792295529682334,442,0.00794164151214604,0.007366681040678454,0.015128647405490872,-0.007761966364812419,0.022495328446169326,2878,55656,success
S2022-146,0001666700,DD,DuPont,0001666700-23-000008,2022,2023-02-15,1.0.3,0.3.0,242,1163,-0.6555160142348755,787,0.013984647096453195,303,0.005384177979955932,133,0.002363352050607719,631,0.011212595067168953,450,0.007996303930627622,0.004300234558248631,0.02066600326959983,-0.016365768711351196,0.024966237827848462,3134,56276,success
S2022-147,0001326160,DUK,Duke Energy,0001326160-23-000073,2022,2023-02-27,1.0.3,0.3.0,591,1335,-0.3862928348909657,1236,0.013356242098097059,443,0.0047870673539296095,151,0.001631709188359754,1605,0.01734366388951924,802,0.008666428934202138,0.006386358478944468,0.01442603818847862,-0.008039679709534153,0.02081239666742309,5479,92541,success
S2022-148,0000821189,EOG,EOG Resources,0000821189-23-000015,2022,2023-02-23,1.0.3,0.3.0,174,760,-0.6274089935760171,746,0.01519007961556474,336,0.0068416444381095886,91,0.0018529453686546803,564,0.011484188878255381,384,0.007819022214982386,0.003542994441163894,0.015475148133819307,-0.011932153692655413,0.0190181425749832,2582,49111,success
S2022-149,0001352010,EPAM,EPAM Systems,0001352010-23-000013,2022,2023-02-24,1.0.3,0.3.0,311,895,-0.4842454394693201,865,0.019969987302320212,395,0.009119242756550848,74,0.001708415098695602,354,0.008172688445111393,327,0.0075493478009927275,0.007179960752626111,0.02066258801800762,-0.013482627265381507,0.02784254877063373,2674,43315,success
S2022-150,0000033213,EQT,EQT Corporation,0000033213-23-000008,2022,2023-02-16,1.0.3,0.3.0,218,1143,-0.6796473181484203,1157,0.01934103408502031,537,0.008976780729175373,125,0.002089567208839705,836,0.013975025492719948,614,0.010263954129820632,0.0036442052122164456,0.019107002557630263,-0.015462797345413818,0.02275120776984671,3873,59821,success
S2022-151,0000915389,EMN,Eastman Chemical Co.,0000915389-23-000015,2022,2023-02-15,1.0.3,0.3.0,324,644,-0.3305785123966942,634,0.014765131931344466,167,0.00388923822166329,84,0.001956263536645008,325,0.007568876778686043,313,0.007289410559165327,0.007545587927059317,0.014998020447611728,-0.007452432520552411,0.022543608374671044,2160,42939,success
S2022-152,0001551182,ETN,Eaton Corporation,0001551182-23-000004,2022,2023-02-23,1.0.3,0.3.0,209,413,-0.3279742765273312,402,0.013013077819500195,119,0.0038521300012948336,70,0.0022659588242910787,275,0.008901981095429237,248,0.008027968406059821,0.00676550563252622,0.013369157063317363,-0.0066036514307911435,0.020134662695843585,1521,30892,success
S2022-153,0000031462,ECL,Ecolab,0001558370-23-001969,2022,2023-02-24,1.0.3,0.3.0,393,893,-0.38880248833592534,824,0.013462952373172127,273,0.00446041990033494,97,0.001584837840045748,596,0.009737766522342945,407,0.006649783514418757,0.0064210440323502985,0.014590311249080957,-0.008169267216730659,0.021011355281431256,3010,61205,success
S2022-154,0000827052,EIX,Edison International,0000827052-23-000010,2022,2023-02-23,1.0.3,0.3.0,249,1883,-0.7664165103189493,1391,0.016049382716049384,522,0.0060228452751817235,241,0.0027806622822199147,1379,0.015910926502826814,777,0.008965039806161302,0.0028729664243682933,0.021726087458174687,-0.018853121033806392,0.02459905388254298,5425,86670,success
S2022-155,0001099800,EW,Edwards Lifesciences,0001099800-23-000005,2022,2023-02-13,1.0.3,0.3.0,247,739,-0.49898580121703856,758,0.020359377937740054,379,0.010179688968870027,61,0.0016384195965727486,459,0.012328435980768715,345,0.009266471488813086,0.006634256399237195,0.01984905052241412,-0.013214794123176922,0.026483306921651312,2490,37231,success
S2022-156,0000712515,EA,Electronic Arts,0000712515-22-000011,2022,2022-05-25,1.0.3,0.3.0,276,677,-0.42077649527806926,712,0.01713598074608905,367,0.008832731648616126,87,0.0020938628158844765,315,0.007581227436823105,354,0.00851985559566787,0.006642599277978339,0.016293622141997595,-0.009651022864019254,0.022936221419975932,2316,41550,success
S2022-157,0001156039,ELV,Elevance Health,0001156039-23-000007,2022,2023-02-15,1.0.3,0.3.0,470,1407,-0.49920085242408097,1189,0.0166718079587201,473,0.00663226674892734,169,0.002369668246445498,1177,0.01650354749151687,681,0.009548781513783336,0.006590201632126532,0.019728539779578787,-0.013138338147452256,0.02631874141170532,4595,71318,success
S2022-158,0000032604,EMR,Emerson Electric,0000032604-22-000041,2022,2022-11-14,1.0.3,0.3.0,281,536,-0.31211750305997554,569,0.016567668297228045,210,0.006114605171208945,58,0.0016887957139529466,286,0.008327509899836943,230,0.006696948520847892,0.008181924062427208,0.015606801770323782,-0.007424877707896575,0.02378872583275099,1858,34344,success
S2022-159,0001463101,ENPH,Enphase Energy,0001463101-23-000025,2022,2023-02-13,1.0.3,0.3.0,319,1241,-0.591025641025641,1384,0.021408572710257243,743,0.01149318607205284,194,0.003000912648692128,497,0.007687905084536019,501,0.007749779572137918,0.004934490386251489,0.019196559778489334,-0.014262069392237845,0.024131050164740823,3942,64647,success
S2022-160,0000065984,ETR,Entergy,0000065984-23-000014,2022,2023-02-24,1.0.3,0.3.0,668,3224,-0.656731757451182,2564,0.011394289523386291,1086,0.004826130429952227,333,0.0014798355738251305,3310,0.014709476724808355,1616,0.007181424286190423,0.002968559048994556,0.014327296967003666,-0.01135873791800911,0.017295856015998222,11241,225025,success
S2022-161,0000033185,EFX,Equifax,0000033185-23-000012,2022,2023-02-23,1.0.3,0.3.0,266,1040,-0.5926493108728943,818,0.015939826181846525,360,0.00701508242721852,116,0.002260415448770412,720,0.01403016485443704,499,0.009723683697727893,0.005183366460111462,0.02026579367863128,-0.015082427218519818,0.02544916013874274,3248,51318,success
S2022-162,0001101239,EQIX,Equinix,0001628280-23-004039,2022,2023-02-17,1.0.3,0.3.0,403,1090,-0.46014735432016074,1214,0.02024277996398319,653,0.010888414593476956,141,0.0023510971786833857,509,0.008487294070566264,502,0.008370572934035883,0.006719802574534783,0.018175148402587875,-0.011455345828053092,0.024894950977122656,3680,59972,success
S2022-163,0000906107,EQR,Equity Residential,0000950170-23-003060,2022,2023-02-16,1.0.3,0.3.0,311,703,-0.3865877712031558,873,0.0147775746496039,416,0.007041776694427517,138,0.0023359739995937436,315,0.005332114564290067,538,0.009106913128850971,0.005264405172997495,0.011899925519669579,-0.006635520346672083,0.01716433069266707,2708,59076,success
S2022-164,0000920522,ESS,Essex Property Trust,0000920522-23-000005,2022,2023-02-23,1.0.3,0.3.0,232,791,-0.5464320625610948,867,0.018087747480858698,542,0.011307449982266914,78,0.0016272713996620283,297,0.0061961487910207995,379,0.007906870006050112,0.004840089291302443,0.016502200988880313,-0.01166211169757787,0.021342290280182755,2513,47933,success
S2022-165,0001001250,EL,Estée Lauder Companies (The),0001001250-22-000122,2022,2022-08-24,1.0.3,0.3.0,418,679,-0.23792160437556972,850,0.01590896329708585,260,0.004866271126167437,105,0.0019652248778753113,271,0.005072151827659136,334,0.006251286754384323,0.007823466656684572,0.012708454210260345,-0.004884987553575773,0.020531920866944917,2471,53429,success
S2022-166,0001370637,ETSY,Etsy,0001370637-23-000017,2022,2023-02-23,1.0.3,0.3.0,643,1568,-0.4183627317955676,1603,0.021926764878876168,927,0.012680044318601503,136,0.0018602869766233055,700,0.009575006497325837,626,0.008562791524751392,0.008795327396829304,0.021448014554009878,-0.012652687157180572,0.03024334195083918,4963,73107,success
S2022-167,0001711269,EVRG,Evergy,0001711269-23-000011,2022,2023-02-24,1.0.3,0.3.0,183,805,-0.6295546558704453,859,0.014537146725334236,364,0.00616009477068878,109,0.0018446437637502115,771,0.013047893044508378,508,0.008597055339312912,0.003096970722626502,0.013623286512100187,-0.010526315789473684,0.016720257234726688,3117,59090,success
S2022-168,0000072741,ES,Eversource Energy,0000072741-23-000004,2022,2023-02-15,1.0.3,0.3.0,568,1135,-0.33294186729301234,1019,0.01023020470448864,412,0.004136255484052325,197,0.001977772646500748,1388,0.01393476362103065,661,0.006636079793588804,0.0057024104731595165,0.011394781491260655,-0.005692371018101138,0.01709719196442017,4815,99607,success
S2022-169,0001109357,EXC,Exelon,0001109357-23-000018,2022,2023-02-14,1.0.3,0.3.0,265,999,-0.5806962025316456,933,0.011416335270724992,373,0.00456408687672071,178,0.002178036096665647,1320,0.016151728357295808,722,0.00883450596512695,0.003242581829305598,0.012223921688589783,-0.008981339859284185,0.01546650351789538,4205,81725,success
S2022-170,0001324424,EXPE,Expedia Group,0001324424-23-000007,2022,2023-02-10,1.0.3,0.3.0,311,995,-0.5237366003062787,929,0.018341921854330787,449,0.008864933167486032,95,0.0018756540109380244,692,0.013662658690201189,394,0.00777902821378507,0.006140298920018164,0.01964500779877194,-0.013504708878753775,0.025785306718790105,3173,50649,success
S2022-171,0000746515,EXPD,Expeditors International,0000950170-23-005412,2022,2023-03-01,1.0.3,0.3.0,248,715,-0.48494288681204567,685,0.016452503902966254,308,0.007397622192866579,94,0.002257715864056683,428,0.010279812657619791,311,0.007469676954485409,0.0059565269604899725,0.017173051519154558,-0.011216524558664585,0.02312957847964453,2384,41635,success
S2022-172,0001289490,EXR,Extra Space Storage,0001628280-23-005628,2022,2023-02-28,1.0.3,0.3.0,160,564,-0.5580110497237569,601,0.017673351761453862,313,0.009204258072104923,91,0.0026759983532317825,264,0.007763335881903193,267,0.007851555607833911,0.004705052049638299,0.016585308474975004,-0.011880256425336706,0.021290360524613302,1830,34006,success
S2022-173,0000034088,XOM,ExxonMobil,0000034088-23-000020,2022,2023-02-22,1.0.3,0.3.0,303,549,-0.2887323943661972,511,0.013060035269762568,202,0.0051626753903953795,94,0.002402433102461216,239,0.006108313952002453,339,0.00866409384823779,0.007744013085593068,0.014031231630331997,-0.006287218544738927,0.021775244715925065,1883,39127,success
S2022-174,0001048695,FFIV,"F5, Inc.",0001048695-22-000033,2022,2022-11-15,1.0.3,0.3.0,265,842,-0.5212285456187895,719,0.017969160022992526,375,0.009371954114912654,85,0.0021243095993802013,363,0.009072051583235449,330,0.008247319621123135,0.006622847574538275,0.021043160972683876,-0.014420313398145602,0.027666008547222152,2436,40013,success
S2022-175,0000037785,FMC,FMC Corporation,0000037785-23-000019,2022,2023-02-24,1.0.3,0.3.0,309,873,-0.47715736040609136,900,0.017607700434323276,305,0.005967054036076222,109,0.002132488163712486,515,0.010075517470751654,402,0.007864772860664396,0.006045310482450992,0.01707946942129358,-0.011034158938842588,0.02312477990374457,2961,51114,success
S2022-176,0001013237,FDS,FactSet,0001013237-22-000159,2022,2022-10-21,1.0.3,0.3.0,352,671,-0.3118279569892473,810,0.01736632219887655,296,0.006346211568972171,118,0.002529908666009176,296,0.006346211568972171,388,0.00831868273230136,0.007546846190129068,0.014386175549933536,-0.006839329359804468,0.021933021740062605,2477,46642,success
S2022-177,0000815556,FAST,Fastenal,0000815556-23-000009,2022,2023-02-07,1.0.3,0.3.0,328,520,-0.22641509433962265,557,0.01567733400883785,236,0.0066424610881251935,76,0.002139097638548791,170,0.004784823665174928,144,0.004053027104618762,0.009231895071631625,0.014635931211123308,-0.005404036139491683,0.023867826282754932,1726,35529,success
S2022-178,0001048911,FDX,FedEx,0000950170-22-012762,2022,2022-07-18,1.0.3,0.3.0,507,1036,-0.34283862605314325,1281,0.017049538158490165,657,0.008744376713605026,153,0.0020363617004285676,749,0.00996885564458168,557,0.007413421353847792,0.006747943673969175,0.01378869752708494,-0.007040753853115767,0.020536641201054116,4041,75134,success
S2022-179,0000034903,FRT,Federal Realty Investment Trust,0000034903-23-000020,2022,2023-02-08,1.0.3,0.3.0,225,545,-0.4155844155844156,747,0.0183547103051747,369,0.009066784608580274,94,0.0023096958081478204,237,0.005823381984372696,338,0.008305076416531524,0.005528527200353826,0.013391321440857045,-0.007862794240503219,0.01891984864121087,2112,40698,success
S2022-180,0001136893,FIS,Fidelity National Information Services,0001136893-23-000028,2022,2023-02-27,1.0.3,0.3.0,272,1044,-0.5866261398176292,897,0.01798929065639853,388,0.007781320819044181,116,0.0023263742654874354,635,0.012734893608487254,515,0.010328299540741633,0.005454946553556745,0.02093736838938692,-0.015482421835830174,0.026392314942943664,3271,49863,success
S2022-181,0000035527,FITB,Fifth Third Bancorp,0000035527-23-000122,2022,2023-02-24,1.0.3,0.3.0,408,2148,-0.6807511737089202,1876,0.018554784087986866,711,0.007032223606907602,179,0.001770419164045655,1136,0.011235732795284158,745,0.007368504341977726,0.004035368820841493,0.021245029968547862,-0.01720966114770637,0.025280398789389355,6151,101106,success
S2022-182,0001274494,FSLR,First Solar,0001274494-23-000002,2022,2023-02-28,1.0.3,0.3.0,373,1143,-0.5079155672823219,1096,0.019021503323556465,590,0.010239677884031309,121,0.0021000017355386246,694,0.01204463805341988,519,0.009007445460698729,0.0064735590690570815,0.019837206477030148,-0.013363647407973064,0.026310765546087227,3723,57619,success
S2022-183,0001031296,FE,FirstEnergy,0001031296-23-000014,2022,2023-02-13,1.0.3,0.3.0,373,1500,-0.601708489054992,1224,0.016458027994782912,577,0.007758400451789004,248,0.0033346331231259496,1492,0.02006158314396741,711,0.00956017802638125,0.005015395785991852,0.020169151954390823,-0.015153756168398973,0.025184547740382677,5269,74371,success
S2022-184,0000798354,FISV,Fiserv,0000798354-23-000004,2022,2023-02-23,1.0.3,0.3.0,404,812,-0.3355263157894737,780,0.015139457696861473,355,0.006890394208186953,76,0.0014751266473865027,542,0.010519982143203743,444,0.008617845150521147,0.00784146270452825,0.01576056365365579,-0.00791910094912754,0.023602026358184043,2931,51521,success
S2022-185,0000037996,F,Ford Motor Company,0000037996-23-000012,2022,2023-02-03,1.0.3,0.3.0,397,1426,-0.564454196379594,1122,0.01626817845698792,450,0.006524670504139541,139,0.002015398222389769,631,0.009149037973582333,606,0.008786556278907915,0.005756209311429773,0.020675955864228858,-0.014919746552799084,0.02643216517565863,4100,68969,success
S2022-186,0001262039,FTNT,Fortinet,0001262039-23-000010,2022,2023-02-24,1.0.3,0.3.0,375,1867,-0.6654772524531668,1340,0.021587137932145502,844,0.013596674936366272,118,0.0019009569223829622,671,0.010809678770499726,505,0.008135451235622,0.006041176660115347,0.030077004865160937,-0.02403582820504559,0.03611818152527628,4600,62074,success
S2022-187,0001659166,FTV,Fortive,0001659166-23-000080,2022,2023-02-28,1.0.3,0.3.0,329,1226,-0.5768488745980708,1001,0.018821803959912002,469,0.00881860744974898,109,0.0020495271045258825,707,0.013293721677979806,450,0.008461350431528873,0.006186187315495553,0.02305247917567644,-0.016866291860180883,0.029238666491171992,3579,53183,success
S2022-188,0001754301,FOXA|FOX,Fox Corporation (Class A)|Fox Corporation (Class B),0001628280-22-022584,2022,2022-08-12,1.0.3,0.3.0,250,794,-0.5210727969348659,726,0.015628699976320153,348,0.0074914429638559404,89,0.001915915010871203,462,0.009945536348567369,332,0.007147008804598196,0.005381783738402256,0.017092545153165564,-0.011710761414763309,0.02247432889156782,2499,46453,success
S2022-189,0000038777,BEN,Franklin Resources,0000038777-22-000198,2022,2022-11-14,1.0.3,0.3.0,198,785,-0.5971515768056969,805,0.018833493203565498,391,0.00914769669887467,69,0.001614299417448471,584,0.013663055938984162,376,0.008796762042907611,0.004632337458765178,0.01836558032894275,-0.013733242870177574,0.02299791778770793,2657,42743,success
S2022-190,0000831259,FCX,Freeport-McMoRan,0000831259-23-000013,2022,2023-02-15,1.0.3,0.3.0,427,1373,-0.5255555555555556,1517,0.017516916468441838,545,0.006293157201912196,248,0.0028636752038059166,1059,0.012228355003348653,654,0.007551788642294635,0.004930602064617445,0.015854137317844852,-0.010923535253227408,0.020784739382462298,5019,86602,success
S2022-191,0000040545,GE,GE Aerospace,0000040545-23-000023,2022,2023-02-10,1.0.3,0.3.0,308,1066,-0.5516739446870451,830,0.016562899106002553,285,0.005687260536398468,137,0.002733876117496807,640,0.01277139208173691,351,0.007004310344827586,0.006146232439335888,0.02127234993614304,-0.015126117496807152,0.027418582375478926,3126,50112,success
S2022-192,0001121788,GRMN,Garmin,0000950170-23-003566,2022,2023-02-22,1.0.3,0.3.0,239,960,-0.6013344453711427,813,0.01669541646131099,382,0.007844586824379825,97,0.0019919500574995894,419,0.008604402825694102,387,0.007947264662395268,0.004908000657138163,0.019714144898965006,-0.014806144241826844,0.024622145556103172,2742,48696,success
S2022-193,0000749251,IT,Gartner,0000749251-23-000006,2022,2023-02-16,1.0.3,0.3.0,230,596,-0.4430992736077482,579,0.01650419018299983,260,0.007411208026908386,78,0.002223362408072516,421,0.012000456074340117,280,0.007981300952055185,0.006556068639188188,0.01698876916937461,-0.01043270053018642,0.023544837808562796,2077,35082,success
S2022-194,0000849399,GEN,Gen Digital,0000849399-22-000013,2022,2022-05-20,1.0.3,0.3.0,271,1087,-0.6008836524300442,772,0.018541646651935823,445,0.010687866269574407,105,0.0025218560860793544,566,0.013594005187818234,302,0.007253338457104429,0.006508790469785762,0.026107214910173888,-0.019598424440388125,0.03261600537995965,2898,41636,success
S2022-195,0001474735,GNRC,Generac,0001437749-23-004153,2022,2023-02-22,1.0.3,0.3.0,267,728,-0.46331658291457284,680,0.015825362470618352,270,0.006283599804510228,84,0.0019548977169587377,356,0.008285042705206079,275,0.006399962763853011,0.0062137820289045595,0.01694244688030906,-0.010728664851404501,0.02315622890921362,2252,42969,success
S2022-196,0000040533,GD,General Dynamics,0000040533-23-000014,2022,2023-02-07,1.0.3,0.3.0,235,385,-0.24193548387096775,436,0.013267603919420607,139,0.00422980950642079,50,0.0015215142109427301,488,0.014849978698801046,260,0.007911873896902196,0.007151116791430832,0.011715659424259022,-0.0045645426328281904,0.018866776215689853,1766,32862,success
S2022-197,0000040704,GIS,General Mills,0001193125-22-185257,2022,2022-06-30,1.0.3,0.3.0,146,511,-0.5555555555555556,570,0.021004532557025463,305,0.011239267420864502,16,0.0005896009138814165,185,0.0068172605667538785,207,0.007627961823340826,0.005380108339167925,0.01883037918708774,-0.013450270847919815,0.024210487526255667,1532,27137,success
S2022-198,0001467858,GM,General Motors,0001467858-23-000029,2022,2023-01-31,1.0.3,0.3.0,316,918,-0.4878444084278768,853,0.017462332132328857,364,0.007451686865378317,128,0.0026203734032099572,456,0.009335080248935474,408,0.008352440222731738,0.006469046839174582,0.018792990501146415,-0.01232394366197183,0.025262037340320995,2905,48848,success
S2022-199,0000040987,GPC,Genuine Parts Company,0000040987-23-000008,2022,2023-02-23,1.0.3,0.3.0,221,579,-0.4475,611,0.019033082050962557,226,0.0070400598093576724,46,0.0014329325275683757,239,0.007445019001931344,243,0.00756962183041555,0.006884306273752415,0.018036259423088903,-0.01115195314933649,0.02492056569684132,1809,32102,success
S2022-200,0000882095,GILD,Gilead Sciences,0000882095-23-000007,2022,2023-02-22,1.0.3,0.3.0,384,1025,-0.45493257629524486,909,0.018872625350358142,431,0.008948406519256722,122,0.002532959617979861,777,0.01613204609156026,355,0.0073704972490397595,0.007972594207412021,0.021281013183847192,-0.013308418976435171,0.029253607391259213,3305,48165,success
S2022-201,0001123360,GPN,Global Payments,0001123360-23-000009,2022,2023-02-17,1.0.3,0.3.0,270,972,-0.5652173913043478,938,0.017285224634209267,462,0.008513618103416503,93,0.0017137802675708546,549,0.010116831902111819,503,0.009269155640732687,0.004975491099399256,0.01791176795783732,-0.012936276858438064,0.022887259057236577,3172,54266,success
S2022-202,0000320335,GL,Globe Life,0000320335-23-000008,2022,2023-02-23,1.0.3,0.3.0,230,682,-0.4956140350877193,492,0.012087858090511524,170,0.004176698933713331,120,0.002948258070856469,390,0.009581838730283523,323,0.00793572797405533,0.005650827969141565,0.0167559333693676,-0.011105105400226033,0.022406761338509166,2068,40702,success
S2022-203,0000886982,GS,Goldman Sachs,0000886982-23-000003,2022,2023-02-24,1.0.3,0.3.0,828,4178,-0.6691969636436277,3243,0.018917232005879917,932,0.005436589648313316,231,0.0013474809106870985,2768,0.016146437925462723,1647,0.009607363895678145,0.004829931575969341,0.024371321406280077,-0.019541389830310736,0.029201252982249418,11871,171431,success
S2022-204,0000860730,HCA,HCA Healthcare,0000950170-23-003234,2022,2023-02-17,1.0.3,0.3.0,385,1615,-0.615,1154,0.01630795754843633,665,0.00939756652487882,153,0.0021621468846713676,1020,0.014414312564475786,704,0.009948702005285248,0.00544069640914037,0.022822661560419993,-0.017381965151279623,0.028263357969560362,4714,70763,success
S2022-205,0000047217,HPQ,HP Inc.,0000047217-22-000068,2022,2022-12-06,1.0.3,0.3.0,361,1212,-0.5410044500953591,1169,0.021660582927236004,573,0.010617206173914654,85,0.001574978228242139,717,0.013285404584113102,419,0.007763716207452426,0.006689025181122496,0.022457336619170265,-0.01576831143804777,0.02914636180029276,3733,53969,success
S2022-206,0000045012,HAL,Halliburton,0000045012-23-000011,2022,2023-02-07,1.0.3,0.3.0,133,527,-0.5969696969696969,496,0.018044237485448197,212,0.007712456344586728,45,0.0016370779976717113,255,0.009276775320139697,275,0.010004365541327125,0.004838474970896391,0.01917200232828871,-0.014333527357392316,0.0240104772991851,1637,27488,success
S2022-207,0000874766,HIG,Hartford (The),0000874766-23-000023,2022,2023-02-24,1.0.3,0.3.0,675,3867,-0.702774108322325,2367,0.019668616632320682,718,0.005966230140264575,225,0.001869640364289038,1812,0.015056837067074386,826,0.006863657515123313,0.005608921092867114,0.03213288572758093,-0.02652396463471382,0.037741806820448046,9065,120344,success
S2022-208,0000046080,HAS,Hasbro,0000046080-23-000017,2022,2023-02-22,1.0.3,0.3.0,447,980,-0.373510861948143,850,0.013613286567690066,383,0.006133986771088583,108,0.0017296881756594436,314,0.005028908214417272,460,0.007367190377808741,0.007158987171479364,0.01569531863098384,-0.008536331459504476,0.022854305802463205,2959,62439,success
S2022-209,0000765880,PEAK,Healthpeak Properties,0001628280-23-002794,2022,2023-02-08,1.0.3,0.3.0,334,1296,-0.5901840490797546,980,0.016280151505083395,551,0.009153432121735663,113,0.0018772011429330853,594,0.009867765300019935,608,0.010100338892949697,0.0055485414313243405,0.02152966974549804,-0.015981128314173698,0.02707821117682238,3697,60196,success
S2022-210,0001000228,HSIC,Henry Schein,0001000228-23-000011,2022,2023-02-21,1.0.3,0.3.0,121,440,-0.5686274509803921,402,0.012546816479400749,111,0.0034644194756554307,44,0.0013732833957553058,384,0.01198501872659176,233,0.007272159800249688,0.003776529338327091,0.01373283395755306,-0.009956304619225968,0.01750936329588015,1527,32040,success
S2022-211,0000047111,HSY,Hershey Company (The),0000047111-23-000012,2022,2023-02-17,1.0.3,0.3.0,268,450,-0.25348189415041783,598,0.01555226131960157,192,0.004993368182882109,61,0.0015864346831031702,270,0.007021924007177967,261,0.006787859873605368,0.006969909755272945,0.011703206678629945,-0.004733296923357,0.01867311643390289,1813,38451,success
S2022-212,0001645590,HPE,Hewlett Packard Enterprise,0001645590-22-000071,2022,2022-12-08,1.0.3,0.3.0,437,1336,-0.5070501974055274,1249,0.018940312992842413,566,0.00858304015528327,105,0.0015922600994783453,716,0.010857697440252336,519,0.007870314205992964,0.006626834890209875,0.02025961421812447,-0.013632779327914594,0.026886449108334345,4099,65944,success
S2022-213,0001585689,HLT,Hilton Worldwide,0001585689-23-000036,2022,2023-02-09,1.0.3,0.3.0,469,1023,-0.37131367292225204,846,0.0160540448222859,443,0.008406550657532687,96,0.0018217355826707403,545,0.010342144714120349,478,0.009070725088714728,0.008899937377839345,0.019412869802835075,-0.01051293242499573,0.028312807180674422,3282,52697,success
S2022-214,0000354950,HD,Home Depot (The),0000354950-22-000070,2022,2022-03-23,1.0.3,0.3.0,276,647,-0.4019501625135428,551,0.016137062527456437,252,0.007380289939961927,55,0.0016107775662615317,232,0.006794552643139552,227,0.006648118318933958,0.008083174696148778,0.018948601552203837,-0.01086542685605506,0.027031776248352613,1877,34145,success
S2022-215,0000773840,HON,Honeywell Technologies,0000773840-23-000013,2022,2023-02-10,1.0.3,0.3.0,262,773,-0.49371980676328503,640,0.01616365702740245,203,0.005126909963379215,75,0.0018941785578987247,583,0.014724081323399418,350,0.008839499936860715,0.006616997095592878,0.01952266700340952,-0.012905669907816643,0.0261396640990024,2523,39595,success
S2022-216,0000048465,HRL,Hormel Foods,0000048465-22-000051,2022,2022-12-06,1.0.3,0.3.0,157,462,-0.4927302100161551,479,0.017434030937215652,173,0.00629663330300273,60,0.002183803457688808,200,0.007279344858962694,232,0.008444040036396724,0.005714285714285714,0.016815286624203823,-0.011101000909918108,0.022529572338489536,1478,27475,success
S2022-217,0001070750,HST,Host Hotels & Resorts,0000950170-23-003778,2022,2023-02-22,1.0.3,0.3.0,374,946,-0.43333333333333335,998,0.013711993185221824,423,0.005811796710770372,214,0.002940247035708888,471,0.0064712913729854495,566,0.0077765412252861245,0.0051385625764258135,0.012997540634488823,-0.007858978058063008,0.018136103210914637,3399,72783,success
S2022-218,0000004281,HWM,Howmet Aerospace,0000004281-23-000004,2022,2023-02-14,1.0.3,0.3.0,225,866,-0.5875343721356554,613,0.014423529411764707,272,0.0064,60,0.001411764705882353,479,0.011270588235294117,321,0.007552941176470589,0.005294117647058823,0.020376470588235295,-0.01508235294117647,0.02567058823529412,2398,42500,success
S2022-219,0000049071,HUM,Humana,0000049071-23-000011,2022,2023-02-16,1.0.3,0.3.0,440,1000,-0.3888888888888889,856,0.01496765168735793,321,0.005612869382759224,85,0.0014862738240951215,902,0.01577198810980941,424,0.007413883546074488,0.007693652736492394,0.017485574401119076,-0.009791921664626682,0.02517922713761147,3392,57190,success
S2022-220,0000049196,HBAN,Huntington Bancshares,0000049196-23-000020,2022,2023-02-17,1.0.3,0.3.0,287,1146,-0.5994417306350314,1212,0.019652035736870268,415,0.006729038639274885,113,0.0018322442559953302,553,0.00896664666872051,601,0.009744945113745076,0.004653576119209379,0.01858187537496149,-0.013928299255752112,0.023235451494170868,3744,61673,success
S2022-221,0001501585,HII,Huntington Ingalls Industries,0001501585-23-000010,2022,2023-02-09,1.0.3,0.3.0,310,1143,-0.573296627666896,927,0.017450068708469026,378,0.007115561997628146,84,0.0015812359994729214,959,0.018052444327315852,458,0.008621501044745215,0.005835513807578638,0.021516104135685107,-0.01568059032810647,0.027351617943263747,3676,53123,success
S2022-222,0000051143,IBM,IBM,0001558370-23-002376,2022,2023-02-28,1.0.3,0.3.0,79,242,-0.5077881619937694,233,0.025785745905267818,123,0.013612217795484728,23,0.0025453740593182825,121,0.013390880920761399,53,0.005865427180168216,0.008742806551571492,0.026781761841522797,-0.018038955289951305,0.03552456839309429,728,9036,success
S2022-223,0000832101,IEX,IDEX Corporation,0000832101-23-000013,2022,2023-02-23,1.0.3,0.3.0,232,541,-0.3997412677878396,486,0.013910355486862442,176,0.0050374949911271396,52,0.0014883507928330185,239,0.006840689220905604,270,0.0077279752704791345,0.006640334306485775,0.015484572671589673,-0.008844238365103898,0.022124906978075447,1707,34938,success
S2022-224,0001478242,IQV,IQVIA,0001478242-23-000044,2022,2023-02-15,1.0.3,0.3.0,382,1220,-0.5230961298377028,1239,0.022216643655077195,630,0.01129659846868332,106,0.0019006975201276695,853,0.015295235704423605,510,0.009144865427029353,0.00684968351593179,0.02187595259014865,-0.015026269074216858,0.02872563610608044,4105,55769,success
S2022-225,0000874716,IDXX,Idexx Laboratories,0000874716-23-000006,2022,2023-02-16,1.0.3,0.3.0,375,862,-0.3936944219886823,987,0.017616820761789168,406,0.007246635490665048,132,0.0023560489772605575,554,0.009888266162139007,547,0.009763324170920644,0.006693320958126584,0.015385713775746974,-0.00869239281762039,0.02207903473387356,3305,56026,success
S2022-226,0000049826,ITW,Illinois Tool Works,0000049826-23-000008,2022,2023-02-10,1.0.3,0.3.0,319,457,-0.17783505154639176,450,0.014808964359759107,166,0.005462862408266693,47,0.001546714055352618,138,0.004541415736992793,148,0.004870503833876329,0.01049791029058479,0.015039326027577583,-0.004541415736992793,0.025537236318162373,1497,30387,success
S2022-227,0001110803,ILMN,"Illumina, Inc.",0001110803-22-000013,2022,2022-02-18,1.0.3,0.3.0,273,835,-0.5072202166064982,925,0.021363573375213635,401,0.009261397755092615,109,0.0025174372950251744,519,0.011986696845119866,316,0.007298258580072983,0.006305141115063051,0.01928495542519285,-0.012979814310129798,0.025590096540255902,2817,43298,success
S2022-228,0000879169,INCY,Incyte,0000879169-23-000008,2022,2023-02-07,1.0.3,0.3.0,755,1347,-0.28163653663177923,1310,0.019423521736551805,807,0.011965482474349089,170,0.002520609691002906,706,0.010467943775576775,492,0.007294940988078999,0.011194472451218788,0.019972125022240675,-0.008777652571021885,0.031166597473459463,4580,67444,success
S2022-229,0001699150,IR,Ingersoll Rand,0001628280-23-004287,2022,2023-02-21,1.0.3,0.3.0,287,856,-0.4978127734033246,860,0.017688557971163536,335,0.006890310372488122,105,0.002159649519735083,520,0.010695407145354698,378,0.007774738271046299,0.005903042020609227,0.017606285608506963,-0.011703243587897736,0.02350932762911619,2838,48619,success
S2022-230,0000050863,INTC,Intel,0000050863-23-000006,2022,2023-01-27,1.0.3,0.3.0,503,1292,-0.4395543175487465,808,0.015515486683180675,349,0.006701614916373831,140,0.002688326900551107,437,0.008391420396720242,405,0.007776945676594274,0.009658774506980048,0.02480941682508593,-0.015150642318105883,0.03446819133206598,3357,52077,success
S2022-231,0001571949,ICE,Intercontinental Exchange,0001571949-23-000006,2022,2023-02-02,1.0.3,0.3.0,461,1383,-0.5,1405,0.018979048751165083,648,0.00875332639911386,176,0.00237744667630253,938,0.012670710127112348,583,0.007875292115252132,0.0062272893055424225,0.01868186791662727,-0.012454578611084845,0.02490915722216969,4645,74029,success
S2022-232,0000051253,IFF,International Flavors & Fragrances,0000051253-23-000009,2022,2023-02-27,1.0.3,0.3.0,377,1245,-0.5351418002466092,1126,0.019912639043627424,485,0.008576936000141476,92,0.0016269651794082799,615,0.01087590853626187,428,0.007568924965073302,0.006667020354749147,0.02201708313438379,-0.015350062779634641,0.028684103489132935,3623,56547,success
S2022-233,0000051434,IP,International Paper,0000051434-23-000013,2022,2023-02-17,1.0.3,0.3.0,236,1007,-0.6202735317779565,1007,0.01761012888445867,362,0.006330552786667366,126,0.0022034520749173708,648,0.011332039242432191,442,0.007729569977091093,0.004127100711749996,0.01761012888445867,-0.013483028172708671,0.021737229596208663,3245,57183,success
S2022-234,0000896878,INTU,Intuit,0000896878-22-000028,2022,2022-09-02,1.0.3,0.3.0,290,1009,-0.5535026943802925,900,0.01808100289296046,476,0.009562841530054645,104,0.0020893603342976535,372,0.007473481195756991,381,0.007654291224686596,0.0058261009321761495,0.02027081324333012,-0.014444712311153969,0.026096914175506268,2876,49776,success
S2022-235,0001035267,ISRG,Intuitive Surgical,0001035267-23-000019,2022,2023-02-10,1.0.3,0.3.0,486,2058,-0.6179245283018868,1655,0.020741427712051334,914,0.011454782434329257,257,0.003220874273110086,1044,0.013084018447964708,678,0.008497092440344897,0.006090836174052537,0.025792059354321235,-0.0197012231802687,0.03188289552837377,5882,79792,success
S2022-236,0000914208,IVZ,Invesco,0000914208-23-000297,2022,2023-02-23,1.0.3,0.3.0,231,834,-0.5661971830985916,748,0.017960908610670893,368,0.008836382845891562,113,0.002713345819526485,415,0.009964942611535322,368,0.008836382845891562,0.005546751188589541,0.0200259328626999,-0.014479181674110359,0.02557268405128944,2562,41646,success
S2022-237,0001687229,INVH,Invitation Homes,0001687229-23-000029,2022,2023-02-22,1.0.3,0.3.0,561,1343,-0.4107142857142857,1285,0.019516121683398387,814,0.012362741673374542,179,0.0027185881566757285,504,0.007654572240025515,641,0.009735279376699118,0.008520267910028401,0.020397004996734656,-0.011876737086706255,0.028917272906763058,4324,65843,success
S2022-238,0001020569,IRM,Iron Mountain,0001020569-23-000043,2022,2023-02-23,1.0.3,0.3.0,294,709,-0.4137587238285145,893,0.016973959323322563,340,0.006462649686371412,141,0.0026800988405246153,339,0.006443641893176202,462,0.008781600456187037,0.005588291199391751,0.013476525375403916,-0.007888234176012166,0.019064816574795668,2692,52610,success
S2022-239,0000728535,JBHT,J.B. Hunt,0001437749-23-004530,2022,2023-02-24,1.0.3,0.3.0,82,453,-0.6934579439252336,306,0.013828633405639914,132,0.00596529284164859,33,0.0014913232104121475,275,0.01242769342010123,155,0.00700469992769342,0.0037057122198120027,0.02047180043383948,-0.016766088214027478,0.024177512653651482,1177,22128,success
S2022-240,0000091419,SJM,J.M. Smucker Company (The),0000091419-22-000049,2022,2022-06-16,1.0.3,0.3.0,264,971,-0.5724696356275304,778,0.019141345798991266,322,0.007922253659736745,82,0.002017468323286997,335,0.00824209619879444,323,0.007946856931971951,0.006495263870094722,0.023889777340386272,-0.01739451347029155,0.030385041210480995,2554,40645,success
S2022-241,0000019617,JPM,JPMorgan Chase,0000019617-23-000231,2022,2023-02-21,1.0.3,0.3.0,568,3465,-0.7183238284155715,3235,0.0207379771016834,839,0.005378411990204751,209,0.0013397951203251407,1668,0.010692718950728874,1284,0.00823108581099273,0.0036411656858597124,0.02221239278433786,-0.018571227098478145,0.02585355847019757,9912,155994,success
S2022-242,0000779152,JKHY,Jack Henry & Associates,0000779152-22-000076,2022,2022-08-25,1.0.3,0.3.0,190,480,-0.43283582089552236,456,0.015508094136852129,205,0.0069718405659094,54,0.0018364848319956468,284,0.009658549857162291,272,0.009250442116718815,0.0064617058903550535,0.016324309617739084,-0.009862603727384029,0.022786015508094136,1655,29404,success
S2022-243,0000052988,J,Jacobs Solutions,0000052988-22-000111,2022,2022-11-21,1.0.3,0.3.0,485,1407,-0.48731501057082455,1239,0.020351511169513798,609,0.010003285151116951,131,0.002151773981603154,871,0.014306833114323259,553,0.009083442838370565,0.007966491458607096,0.023111038107752956,-0.01514454664914586,0.031077529566360052,4392,60880,success
S2022-244,0000200406,JNJ,Johnson & Johnson,0000200406-22-000022,2022,2022-02-17,1.0.3,0.3.0,332,1675,-0.669157947184853,775,0.014340167271112427,261,0.004829398268077862,90,0.0016653097476130561,1375,0.025442232255199468,235,0.0043483087854340905,0.0061431426245281626,0.030993264747242986,-0.024850122122714827,0.03713640737177115,3982,54044,success
S2022-245,0000833444,JCI,Johnson Controls,0000833444-22-000043,2022,2022-11-15,1.0.3,0.3.0,295,1304,-0.631019387116948,996,0.018824418824418824,441,0.008334908334908336,103,0.0019467019467019468,854,0.01614061614061614,453,0.008561708561708561,0.005575505575505575,0.024645624645624645,-0.01907011907011907,0.03022113022113022,3648,52910,success
S2022-246,0000319201,KLAC,KLA Corporation,0000319201-22-000023,2022,2022-08-05,1.0.3,0.3.0,385,1197,-0.5132743362831859,1176,0.019700142390484964,570,0.009548538403551386,147,0.0024625177988106205,547,0.009163246503057207,561,0.009397772007705838,0.00644945137783734,0.020051930647457913,-0.013602479269620571,0.026501382025295252,3783,59695,success
S2022-247,0001418135,KDP,Keurig Dr Pepper,0001418135-23-000003,2022,2023-02-23,1.0.3,0.3.0,293,883,-0.5017006802721088,805,0.017742610918868883,372,0.008199069890458663,73,0.0016089572634502215,441,0.009719865112075995,335,0.007383571003504441,0.006457869564259108,0.019461770734610213,-0.013003901170351105,0.025919640298869322,2590,45371,success
S2022-248,0000091576,KEY,KeyCorp,0000091576-23-000026,2022,2023-02-22,1.0.3,0.3.0,322,1464,-0.6394176931690929,1536,0.02016118446958759,493,0.006471005171553829,149,0.0019557398997191084,707,0.009279920195311474,680,0.008925524374557006,0.004226498306775523,0.01921612894757567,-0.014989630640800148,0.023442627254351193,4698,76186,success
S2022-249,0001601046,KEYS,Keysight Technologies,0001601046-22-000161,2022,2022-12-15,1.0.3,0.3.0,375,956,-0.4365138993238167,919,0.017610086996512474,425,0.008143946652358871,130,0.0024910895642509486,596,0.011420687540719733,529,0.010136818303759629,0.007185835281493121,0.01831908941095313,-0.011133254129460009,0.02550492469244625,3308,52186,success
S2022-250,0000055785,KMB,Kimberly-Clark,0000055785-23-000012,2022,2023-02-09,1.0.3,0.3.0,171,474,-0.4697674418604651,491,0.016979631358716326,170,0.005878894767783657,34,0.0011757789535567313,228,0.007884635335615727,175,0.0060518034374243525,0.005913476501711796,0.01639174188193796,-0.010478265380226165,0.022305218383649756,1462,28917,success
S2022-251,0000879101,KIM,Kimco Realty,0001437749-23-004541,2022,2023-02-24,1.0.3,0.3.0,270,617,-0.39120631341600903,694,0.015174705908077141,332,0.007259369396947567,113,0.0024708094634189005,277,0.006056763020947217,354,0.007740411947347706,0.005903704027638081,0.013491056981676653,-0.007587352954038571,0.019394761009314733,2175,45734,success
S2022-252,0001506307,KMI,Kinder Morgan,0001506307-23-000023,2022,2023-02-08,1.0.3,0.3.0,214,1154,-0.6871345029239766,991,0.018220261077403935,429,0.007887479316050744,117,0.002151130722559294,867,0.01594043022614451,571,0.010498253355396213,0.0039345467916896484,0.021217135502849788,-0.01728258871116014,0.025151682294539436,3657,54390,success
S2022-253,0001637459,KHC,Kraft Heinz,0001637459-23-000009,2022,2023-02-16,1.0.3,0.3.0,294,1430,-0.6589327146171694,1056,0.01901777513642012,400,0.007203702703189439,87,0.001566805337943703,521,0.009382822770904244,568,0.010229257838529003,0.005294721486844238,0.025753237163902244,-0.020458515677058007,0.031047958650746485,3528,55527,success
S2022-254,0000056873,KR,Kroger,0001558370-22-004595,2022,2022-03-29,1.0.3,0.3.0,241,616,-0.43757292882147025,700,0.016318537859007835,242,0.005641551659828423,77,0.0017950391644908617,288,0.006713912719134651,357,0.008322454308093995,0.005618239462886983,0.014360313315926894,-0.00874207385303991,0.019978552778813875,2113,42896,success
S2022-255,0000202058,LHX,L3Harris,0000202058-23-000014,2022,2023-02-24,1.0.3,0.3.0,274,1275,-0.6462233699160749,1064,0.016617989285770067,478,0.007465600449810236,115,0.0017961172630296593,930,0.014525122214065942,595,0.00929295453480563,0.004279444609305449,0.019913474003154918,-0.01563402939384947,0.024192918612460368,3919,64027,success
S2022-256,0001065696,LKQ,LKQ Corporation,0001065696-23-000008,2022,2023-02-23,1.0.3,0.3.0,329,979,-0.4969418960244648,743,0.01439838769063814,415,0.008042168091002461,91,0.0017634633645330698,397,0.0076933511617541615,425,0.008235955273918183,0.006375598317927252,0.01897176520744918,-0.012596166889521927,0.02534736352537643,2830,51603,success
S2022-257,0000920148,LH,Labcorp,0000920148-23-000017,2022,2023-02-28,1.0.3,0.3.0,482,1732,-0.5645889792231256,1034,0.016417649767390165,498,0.007907146599768183,157,0.0024928152935012144,1306,0.020736412568869978,536,0.008510503167621981,0.007653101729092901,0.027500357250599388,-0.019847255521506485,0.03515345897969229,4869,62981,success
S2022-258,0000707549,LRCX,Lam Research,0000707549-22-000107,2022,2022-08-24,1.0.3,0.3.0,286,763,-0.4547187797902765,786,0.01927840867283118,370,0.009075077873979053,105,0.0025753599372102722,435,0.010669348311299698,385,0.009442986436437664,0.007014789924210836,0.018714282210394645,-0.011699492286183806,0.025729072134605478,2615,40771,success
S2022-259,0001679273,LW,Lamb Weston,0001558370-22-011121,2022,2022-07-27,1.0.3,0.3.0,210,719,-0.5479009687836384,798,0.020410251163742392,486,0.012430303340324314,88,0.0022507545142974065,289,0.007391682438999438,357,0.00913090183641107,0.005371118727300629,0.01838968745204358,-0.013018568724742954,0.023760806179344212,2338,39098,success
S2022-260,0001300514,LVS,Las Vegas Sands,0001300514-23-000021,2022,2023-02-03,1.0.3,0.3.0,268,1031,-0.5873749037721324,952,0.014659911609356473,447,0.00688338286699826,232,0.0035725835014398127,790,0.012165262785075225,636,0.009793806495326383,0.004126949906835646,0.015876437887863994,-0.01174948798102835,0.02000338779469964,3744,64939,success
S2022-261,0001336920,LDOS,Leidos,0001336920-23-000015,2022,2023-02-14,1.0.3,0.3.0,320,1347,-0.6160767846430714,1014,0.019841891045710706,544,0.010644959298685034,116,0.0022698810269254853,1072,0.020976831559173452,510,0.00997964934251722,0.006261740763932373,0.026358015028177834,-0.02009627426424546,0.032619755792110204,4145,51104,success
S2022-262,0000920760,LEN,Lennar,0001628280-23-001606,2022,2023-01-26,1.0.3,0.3.0,244,672,-0.4672489082969432,631,0.014001686415479518,313,0.006945369014334532,112,0.0024852438645542093,401,0.008898060622198552,393,0.008720543203301824,0.005414281276350242,0.014911463187325256,-0.009497181910975015,0.020325744463675497,2296,45066,success
S2022-263,0000059478,LLY,Lilly (Eli),0000059478-23-000082,2022,2023-02-22,1.0.3,0.3.0,397,1158,-0.48938906752411576,902,0.01825504442330655,358,0.0072453502256582545,116,0.0023476553803808867,817,0.016534779704924004,352,0.007123919774948898,0.00803464815526907,0.023436076986905748,-0.01540142883163668,0.03147072514217482,3452,49411,success
S2022-264,0000059558,LNC,Lincoln National Corporation,0000059558-23-000009,2022,2023-02-16,1.0.3,0.3.0,552,1875,-0.5451174289245982,2086,0.022826753042108027,710,0.00776941258863696,189,0.002068195745425895,1383,0.015133940295894249,656,0.007178499518515276,0.00604044471679944,0.020517814934780707,-0.014477370217981267,0.026558259651580145,6271,91384,success
S2022-265,0001707925,LIN,Linde plc,0001628280-23-005434,2022,2023-02-28,1.0.3,0.3.0,145,523,-0.5658682634730539,611,0.0174496644295302,218,0.006225903184349565,91,0.0025988861916321575,401,0.011452234756532915,287,0.008196487219762958,0.004141082393260031,0.014936455804655148,-0.010795373411395116,0.01907753819791518,1939,35015,success
S2022-266,0001335258,LYV,Live Nation Entertainment,0001335258-23-000014,2022,2023-02-23,1.0.3,0.3.0,295,850,-0.4847161572052402,864,0.018042474993213188,423,0.008833295048760624,152,0.0031741391191763943,464,0.009689477311170046,441,0.009209179944452566,0.006160335790506818,0.01775012007434168,-0.01158978428383486,0.0239104558648485,2873,47887,success
S2022-267,0000936468,LMT,Lockheed Martin,0000936468-23-000009,2022,2023-01-26,1.0.3,0.3.0,359,1047,-0.48933143669985774,1151,0.0188379705400982,522,0.008543371522094926,113,0.0018494271685761047,1110,0.018166939443535188,595,0.009738134206219313,0.0058756137479541734,0.017135842880523732,-0.011260229132569558,0.023011456628477905,4183,61100,success
S2022-268,0000060086,L,Loews Corporation,0000060086-23-000025,2022,2023-02-07,1.0.3,0.3.0,308,1808,-0.7088846880907372,1509,0.022719744647535307,641,0.009650998223373182,145,0.002183143123851968,1088,0.01638110150862718,603,0.009078864163329217,0.004637297118251077,0.027221536330512813,-0.022584239212261735,0.03185883344876389,5110,66418,success
S2022-269,0000060667,LOW,Lowe's,0000060667-22-000038,2022,2022-03-21,1.0.3,0.3.0,244,578,-0.40632603406326034,476,0.015126958400864398,209,0.006641878793656847,54,0.0017160835160644485,224,0.0071185686592303045,217,0.006896113388629358,0.007754155146661582,0.018368449486763912,-0.01061429434010233,0.026122604633425493,1688,31467,success
S2022-270,0000018926,LUMN,Lumen Technologies,0000018926-23-000013,2022,2023-02-23,1.0.3,0.3.0,347,1252,-0.5659787367104441,914,0.015347415790710951,356,0.005977768076031837,111,0.0018638546529200389,677,0.011367834234476274,623,0.010461094133055715,0.0058266447257950766,0.021022937166269268,-0.015196292440474192,0.026849581892064343,3679,59554,success
S2022-271,0001489393,LYB,LyondellBasell,0001489393-23-000006,2022,2023-02-23,1.0.3,0.3.0,214,747,-0.554630593132154,794,0.017339651896660917,356,0.00777445349522832,93,0.002030966783865825,410,0.00895372453102138,352,0.007687100085169575,0.004673407438142867,0.01631324932847066,-0.011639841890327794,0.020986656766613525,2432,45791,success
S2022-272,0000036270,MTB,M&T Bank,0000950170-23-003804,2022,2023-02-22,1.0.3,0.3.0,346,1864,-0.6868778280542986,1684,0.01621585186183786,611,0.005883542451058749,142,0.0013673699313426224,935,0.009003456942291212,843,0.008117555296632611,0.003331760536933432,0.01794913769030034,-0.014617377153366909,0.021280898227233773,5603,103849,success
S2022-273,0000789570,MGM,MGM Resorts,0000789570-23-000008,2022,2023-02-24,1.0.3,0.3.0,314,860,-0.46507666098807493,870,0.016025936227826183,443,0.008160333044743676,118,0.0021736327297511376,502,0.009247149409619246,475,0.00874979276806602,0.005784073535100485,0.015841730064287952,-0.010057656529187466,0.021625803599388437,2997,54287,success
S2022-274,0001408198,MSCI,MSCI Inc.,0001408198-23-000011,2022,2023-02-10,1.0.3,0.3.0,362,792,-0.37261698440207974,846,0.018615909340961603,415,0.009131917702717571,95,0.0020904389921883597,400,0.008801848388161514,349,0.007679612718670921,0.00796567279128617,0.017427659808559797,-0.009461987017273627,0.02539333259984597,2696,45445,success
S2022-275,0001510295,MPC,Marathon Petroleum,0001510295-23-000012,2022,2023-02-23,1.0.3,0.3.0,248,1047,-0.616988416988417,1002,0.01642811470168708,428,0.007017198694932205,127,0.0020822061548046496,614,0.01006672896889807,606,0.00993556637646943,0.00406604036528782,0.017165904284098175,-0.013099863918810356,0.021231944649385995,3355,60993,success
S2022-276,0001278021,MKTX,MarketAxess,0000950170-23-003824,2022,2023-02-22,1.0.3,0.3.0,463,991,-0.3631361760660248,1039,0.018335509829527405,466,0.008223626160307768,187,0.0033000388239861644,686,0.01210602477676208,430,0.007588324568524336,0.008170684360992482,0.01748844104048283,-0.009317756679490348,0.025659125401475313,3631,56666,success
S2022-277,0001048286,MAR,Marriott International,0001628280-23-003485,2022,2023-02-14,1.0.3,0.3.0,211,625,-0.49521531100478466,533,0.01802015011156941,273,0.009229832983974576,66,0.0022313881939279192,259,0.008756508215565622,218,0.007370342822367976,0.0071336804381635,0.021130570018256814,-0.013996889580093312,0.028264250456420312,1803,29578,success
S2022-278,0000062709,MMC,Marsh & McLennan,0000062709-23-000014,2022,2023-02-13,1.0.3,0.3.0,330,1105,-0.5400696864111498,1209,0.02064055724382832,467,0.007972820705432444,67,0.0011438522211219995,735,0.012548229589920443,366,0.006248506163144057,0.005633898999556117,0.018865025437907603,-0.013231126438351486,0.02449892443746372,3573,58574,success
S2022-279,0000916076,MLM,Martin Marietta Materials,0000950170-23-004361,2022,2023-02-24,1.0.3,0.3.0,399,1000,-0.4295925661186562,1135,0.016320368106981092,443,0.0063699762743547345,126,0.0018117765475591343,546,0.007851031706089582,670,0.009634049895750953,0.005737292400603926,0.01437917894888202,-0.008641886548278093,0.020116471349485944,3647,69545,success
S2022-280,0000062996,MAS,Masco,0000062996-23-000008,2022,2023-02-09,1.0.3,0.3.0,165,550,-0.5384615384615384,575,0.019602495482903215,227,0.007738724303685269,47,0.0016022909351242627,203,0.006920533187877135,235,0.008011454675621314,0.005625063921180923,0.018750213070603074,-0.013125149149422153,0.024375276991783996,1678,29333,success
S2022-281,0001141391,MA,Mastercard,0001141391-23-000020,2022,2023-02-14,1.0.3,0.3.0,373,1065,-0.4812239221140473,884,0.01736227045075125,490,0.009623882942158499,45,0.0008838259844839438,899,0.0176568791122459,349,0.006854561524108809,0.0073259353825002455,0.020917214966120003,-0.013591279583619758,0.02824315034862025,3352,50915,success
S2022-282,0000891103,MTCH,Match Group,0000891103-23-000013,2022,2023-02-24,1.0.3,0.3.0,250,937,-0.5787700084245998,710,0.015747682207337087,347,0.007696402430909817,88,0.0019518254003460054,569,0.012620325599964512,377,0.008361797453755046,0.005544958523710243,0.02078250454686599,-0.015237546023155748,0.02632746307057623,2685,45086,success
S2022-283,0000063754,MKC,McCormick & Company,0000063754-23-000005,2022,2023-01-26,1.0.3,0.3.0,301,763,-0.4342105263157895,840,0.018181424644488214,309,0.006688166922793879,85,0.0018397870175970218,315,0.00681803424168308,330,0.007142702538906085,0.0065150104976082765,0.016514794052076794,-0.009999783554468518,0.023029804549685073,2482,46201,success
S2022-284,0000063908,MCD,McDonald's,0000063908-23-000012,2022,2023-02-24,1.0.3,0.3.0,293,462,-0.223841059602649,470,0.015307950363156695,228,0.00742598443148878,49,0.0015959352506269746,220,0.00716542357424356,204,0.0066443018597531186,0.009543041396606194,0.015047389505911474,-0.005504348109305279,0.024590430902517668,1585,30703,success
S2022-285,0000927653,MCK,McKesson Corporation,0000927653-22-000051,2022,2022-05-09,1.0.3,0.3.0,299,1774,-0.7115291847563917,1094,0.01627491817911336,451,0.006709312704552216,90,0.001338887235941684,1122,0.01669146087473966,530,0.00788455816721214,0.00444808092829515,0.026390955072894972,-0.021942874144599823,0.03083903600119012,4382,67220,success
S2022-286,0001613103,MDT,Medtronic,0001613103-22-000023,2022,2022-06-23,1.0.3,0.3.0,320,1026,-0.524517087667162,870,0.0162553016572934,420,0.007847387006969226,118,0.0022047420638627827,662,0.012368976663365781,375,0.00700659554193681,0.005978961529119411,0.019170045402739113,-0.0131910838736197,0.025149006931858522,3157,53521,success
S2022-287,0000310158,MRK,Merck & Co.,0001628280-23-005061,2022,2023-02-24,1.0.3,0.3.0,616,1337,-0.36917562724014336,1187,0.01669620502433398,418,0.005879539764255774,230,0.003235153458801024,810,0.011393366528820998,422,0.005935803302669705,0.00866458491574535,0.01880608771485639,-0.010141502799111036,0.02747067263060174,4271,71094,success
S2022-288,0001099219,MET,MetLife,0001099219-23-000045,2022,2023-02-23,1.0.3,0.3.0,675,2441,-0.5667522464698331,2780,0.022099271836942352,927,0.007369073738433655,199,0.001581926293363859,1760,0.013990905911157748,995,0.007909631466819295,0.00536583039206334,0.01940443257337276,-0.014038602181309421,0.024770262965436104,8350,125796,success
S2022-289,0001326801,META,Meta Platforms,0001326801-23-000013,2022,2023-02-02,1.0.3,0.3.0,428,1845,-0.6234051913770348,1229,0.019379050442296472,657,0.010359671391854177,186,0.0029328750059130545,1071,0.016887683501789683,529,0.008341348807139817,0.006748766142638641,0.02909222788123433,-0.02234346173859569,0.035840994023872974,4992,63419,success
S2022-290,0001037646,MTD,Mettler Toledo,0001037646-23-000005,2022,2023-02-10,1.0.3,0.3.0,253,571,-0.3859223300970874,687,0.019044714883708038,337,0.009342167271920828,87,0.002411776120644249,230,0.006375959859174452,278,0.007706594960219555,0.007013555845091897,0.015829013389515704,-0.008815457544423807,0.0228425692346076,2035,36073,success
S2022-291,0000827054,MCHP,Microchip Technology,0000827054-22-000094,2022,2022-05-20,1.0.3,0.3.0,255,1119,-0.62882096069869,950,0.0192975685063682,451,0.009161266733023218,173,0.003514188791159682,627,0.01273639521420301,451,0.009161266733023218,0.005179873651709358,0.022730504377501067,-0.01755063072579171,0.027910378029210425,3358,49229,success
S2022-292,0000723125,MU,Micron Technology,0000723125-22-000048,2022,2022-10-07,1.0.3,0.3.0,229,1016,-0.6321285140562249,757,0.019937317285153678,458,0.012062472016645159,68,0.0017909347098949142,425,0.011193341936843215,383,0.010087176380731649,0.006031236008322579,0.02675867154784166,-0.02072743553951908,0.03278990755616424,2694,37969,success
S2022-293,0000789019,MSFT,Microsoft,0001564590-22-026876,2022,2022-07-28,1.0.3,0.3.0,328,685,-0.35241855873642647,602,0.015871341945689427,357,0.009412074874769312,70,0.0018455048774057474,372,0.009807540205641972,272,0.007171104666490904,0.008647508568415502,0.018059583443184816,-0.009412074874769312,0.026707092011600316,2178,37930,success
S2022-294,0000912595,MAA,Mid-America Apartment Communities,0000950170-23-002778,2022,2023-02-14,1.0.3,0.3.0,326,864,-0.45210084033613446,883,0.01557099527403541,466,0.00821753544473443,117,0.002063200959300275,436,0.007688509557734358,393,0.006930239119700924,0.005748747972067433,0.015235945545602031,-0.009487197573534598,0.020984693517669465,2885,56708,success
S2022-295,0001682852,MRNA,Moderna,0001682852-23-000011,2022,2023-02-24,1.0.3,0.3.0,967,2138,-0.377133655394525,1743,0.018985687209986276,1057,0.011513408709670391,285,0.0031043722632507677,1048,0.01141537590135721,702,0.0076465590484282074,0.010533080626538571,0.02328823824150927,-0.012755157614970699,0.03382131886804784,6579,91806,success
S2022-296,0000851968,MHK,Mohawk Industries,0000851968-23-000033,2022,2023-02-22,1.0.3,0.3.0,212,793,-0.5781094527363184,634,0.01860656218817867,243,0.0071315372424722665,72,0.0021130480718436345,409,0.012003286963667313,272,0.007982626049187064,0.006221752655984035,0.023272876680166695,-0.01705112402418266,0.02949462933615073,2166,34074,success
S2022-297,0001179929,MOH,Molina Healthcare,0001179929-23-000025,2022,2023-02-13,1.0.3,0.3.0,284,958,-0.5426731078904992,846,0.01931639153366669,367,0.00837956937689796,132,0.003013905061990547,780,0.017809439002671415,361,0.008242573692262027,0.006484462406100874,0.021873644313537458,-0.015389181907436583,0.028358106719638333,3105,43797,success
S2022-298,0000024545,TAP,Molson Coors Beverage Company,0000024545-23-000006,2022,2023-02-21,1.0.3,0.3.0,320,1380,-0.6235294117647059,1365,0.02087826366264397,587,0.00897841814649964,99,0.0015142476942137384,596,0.009116077027791799,569,0.008703100383915325,0.004894538001498952,0.02110769513146423,-0.01621315712996528,0.026002233132963185,4054,65379,success
S2022-299,0001103982,MDLZ,Mondelez International,0001103982-23-000006,2022,2023-02-03,1.0.3,0.3.0,495,1099,-0.37892095357590966,1049,0.01936996823989955,404,0.007459930570943201,89,0.0016434005465691705,444,0.008198537558165301,389,0.007182952950734914,0.009140261466873476,0.020293226973927173,-0.011152965507053697,0.02943348844080065,3350,54156,success
S2022-300,0001280452,MPWR,Monolithic Power Systems,0001437749-23-004540,2022,2023-02-24,1.0.3,0.3.0,264,886,-0.5408695652173913,880,0.023954051773416446,520,0.01415466695701881,144,0.003919753926559055,401,0.010915425864931813,330,0.008982769415031167,0.007186215532024934,0.02411737485368974,-0.016931159321664807,0.031303590385714675,2725,36737,success
S2022-301,0000865752,MNST,Monster Beverage,0001104659-23-027245,2022,2023-03-01,1.0.3,0.3.0,211,981,-0.6459731543624161,941,0.01716119854831944,449,0.008188499626137545,100,0.001823719293126402,512,0.009337442780807179,419,0.007641383838199624,0.003848047708496708,0.017890686265570003,-0.014042638557073295,0.021738733974066712,2983,54833,success
S2022-302,0001059556,MCO,Moody's Corporation,0001059556-23-000016,2022,2023-02-15,1.0.3,0.3.0,224,783,-0.5551142005958292,854,0.020445785151667506,279,0.006679594914889032,87,0.0020828844358256123,515,0.012329718212071154,350,0.008379420144126026,0.005362828892240657,0.01874595992243051,-0.013383131030189854,0.024108788814671166,2643,41769,success
S2022-303,0000895421,MS,Morgan Stanley,0000895421-23-000284,2022,2023-02-24,1.0.3,0.3.0,370,2281,-0.7208600528102603,2521,0.02204153005464481,661,0.005779234972677596,180,0.0015737704918032786,1517,0.013263387978142076,1237,0.010815300546448088,0.0032349726775956285,0.019943169398907105,-0.016708196721311474,0.023178142076502734,7698,114375,success
S2022-304,0001285785,MOS,Mosaic Company (The),0001618034-23-000003,2022,2023-02-23,1.0.3,0.3.0,323,1013,-0.5164670658682635,1057,0.014015035998886222,423,0.005608666251209907,102,0.0013524443442633819,726,0.009626221509168777,566,0.007504740184834061,0.0042827404235007095,0.013431628634694175,-0.009148888211193466,0.017714369058194884,3599,75419,success
S2022-305,0000068505,MSI,Motorola Solutions,0000068505-23-000015,2022,2023-02-16,1.0.3,0.3.0,339,933,-0.4669811320754717,854,0.0159880183469063,407,0.007619582514275016,114,0.002134231957315361,690,0.012917719741645605,431,0.008068894505288776,0.006346531873069362,0.017467003650659927,-0.011120471777590565,0.02381353552372929,3196,53415,success
S2022-306,0001013871,NRG,NRG Energy,0001013871-23-000004,2022,2023-02-23,1.0.3,0.3.0,299,1144,-0.5855855855855856,1180,0.018741165446373265,498,0.007909407112113463,137,0.0021758810730111333,852,0.013531756746025443,657,0.010434699744294267,0.004748820735987803,0.018169401076822897,-0.013420580340835094,0.0229182218128107,4027,62963,success
S2022-307,0000906163,NVR,"NVR, Inc.",0000906163-23-000023,2022,2023-02-15,1.0.3,0.3.0,128,491,-0.5864297253634895,509,0.018284359508585386,181,0.006501903872404627,82,0.00294561390904519,313,0.011243623823550543,292,0.010489259285868238,0.004598031467777858,0.017637761333429126,-0.013039729865651268,0.022235792801206983,1706,27838,success
S2022-308,0001413447,NXPI,NXP Semiconductors,0001413447-23-000006,2022,2023-03-01,1.0.3,0.3.0,305,998,-0.5318495778971604,823,0.018226513708641538,385,0.008526376400761837,100,0.0022146432209771004,426,0.009434380121362449,356,0.007884129866678477,0.006754661823980157,0.022102139345351463,-0.015347477521371307,0.02885680116933162,2815,45154,success
S2022-309,0001120193,NDAQ,"Nasdaq, Inc.",0001120193-23-000014,2022,2023-02-23,1.0.3,0.3.0,488,1458,-0.4984583761562179,1220,0.015105366119406681,501,0.006203105267067826,165,0.0020429388604115595,950,0.011762375256915038,753,0.009323230072060025,0.006042146447762672,0.01805215065745487,-0.012010004209692197,0.024094297105217544,4723,80766,success
S2022-310,0001002047,NTAP,NetApp,0000950170-22-011708,2022,2022-06-16,1.0.3,0.3.0,314,1151,-0.5713310580204778,1157,0.01915023917109423,523,0.00865650396411606,128,0.002118609000777927,708,0.011718556035552908,541,0.008954433354850456,0.005197212705033352,0.019050929374182762,-0.013853716669149412,0.024248142079216113,3762,60417,success
S2022-311,0001065280,NFLX,Netflix,0001065280-23-000035,2022,2023-01-26,1.0.3,0.3.0,160,554,-0.5518207282913166,591,0.02249115195798607,352,0.013395745328614378,48,0.0018266925448110515,267,0.010160977280511473,265,0.010084865091144347,0.0060889751493701716,0.02108307645469422,-0.014994101305324048,0.02717205160406439,1796,26277,success
S2022-312,0000814453,NWL,Newell Brands,0000814453-23-000026,2022,2023-02-15,1.0.3,0.3.0,314,1081,-0.5498207885304659,935,0.019161013996762098,382,0.007828350103489968,105,0.002151771625304834,489,0.010021107854991086,438,0.00897596163698588,0.006434821812816361,0.022153001209090722,-0.015718179396274363,0.028587823021907086,3091,48797,success
S2022-313,0001164727,NEM,Newmont,0001164727-23-000011,2022,2023-02-23,1.0.3,0.3.0,428,1755,-0.6078790655061842,1576,0.017043365415810533,671,0.007256407483508165,171,0.0018492484048880718,861,0.0093111279333838,712,0.007699794527955012,0.0046285281712988,0.018979128365956527,-0.014350600194657727,0.023607656537255325,5168,92470,success
S2022-314,0001564708,NWSA|NWS,News Corp (Class A)|News Corp (Class B),0001564708-22-000265,2022,2022-08-12,1.0.3,0.3.0,362,1055,-0.4890613973182781,1091,0.016321828762922073,420,0.006283380458686773,128,0.0019149349969331119,494,0.007390452253788729,523,0.007824304714031387,0.005415675538201457,0.015783253295034633,-0.010367577756833177,0.02119892883323609,3415,66843,success
S2022-315,0000753308,NEE,NextEra Energy,0000753308-23-000019,2022,2023-02-17,1.0.3,0.3.0,218,915,-0.6151809355692851,1079,0.017821749471458773,378,0.006243393234672304,99,0.0016351744186046512,834,0.013775105708245243,544,0.008985200845665961,0.0036006871035940803,0.015112975687103593,-0.011512288583509514,0.018713662790697673,3543,60544,success
S2022-316,0001111711,NI,NiSource,0001111711-23-000006,2022,2023-02-22,1.0.3,0.3.0,256,944,-0.5733333333333334,977,0.01797310472966758,423,0.00778160010301882,153,0.002814621313857871,760,0.013981125480601188,519,0.0095476370058316,0.004709431740834084,0.017366029544325687,-0.012656597803491602,0.022075461285159772,3477,54359,success
S2022-317,0000320187,NKE,"Nike, Inc.",0000320187-22-000038,2022,2022-07-21,1.0.3,0.3.0,283,994,-0.5567736883320282,1161,0.02424204460035079,592,0.012361145911634511,92,0.0019209888916729308,467,0.009751106656644117,323,0.006744341434895181,0.0059091288732982545,0.020755032155683622,-0.014845903282385367,0.026664161028981875,3175,47892,success
S2022-318,0000072331,NDSN,Nordson Corporation,0000072331-22-000185,2022,2022-12-19,1.0.3,0.3.0,226,527,-0.399734395750332,516,0.017452479199080023,228,0.007711560576337685,48,0.0016234864371237232,279,0.009436514915781642,260,0.008793884867753501,0.0076439153081241966,0.01782452817425421,-0.010180612866130014,0.02546844348237841,1765,29566,success
S2022-319,0000702165,NSC,Norfolk Southern,0000702165-23-000010,2022,2023-02-03,1.0.3,0.3.0,120,490,-0.6065573770491803,366,0.014786683904330963,167,0.006746929541047188,56,0.0022624434389140274,315,0.012726244343891403,157,0.006342921784098255,0.004848093083387201,0.019796380090497737,-0.014948287007110537,0.024644473173884938,1398,24752,success
S2022-320,0000073124,NTRS,Northern Trust,0000073124-23-000049,2022,2023-02-28,1.0.3,0.3.0,387,1682,-0.6259062348960851,1817,0.02169604050245976,509,0.006077757080766108,131,0.0015642164589005111,911,0.010877871710369203,727,0.00868080431771505,0.004621005874767159,0.020084061708936334,-0.015463055834169175,0.024705067583703492,5454,83748,success
S2022-321,0001133421,NOC,Northrop Grumman,0001133421-23-000006,2022,2023-01-26,1.0.3,0.3.0,304,1044,-0.5489614243323442,850,0.018785360678925035,353,0.007801449787835926,70,0.001547029702970297,718,0.015868104667609618,356,0.007867751060820367,0.006718528995756719,0.02307284299858557,-0.016354314002828853,0.029791371994342293,3180,45248,success
S2022-322,0001513761,NCLH,Norwegian Cruise Line Holdings,0001558370-23-002361,2022,2023-02-28,1.0.3,0.3.0,451,1125,-0.4276649746192893,1106,0.016544997606510292,564,0.008437051220679751,196,0.002932024892292963,816,0.012206797510770704,713,0.010665988511249402,0.006746649114408808,0.01682922450933461,-0.010082575394925802,0.02357587362374342,4198,66848,success
S2022-323,0000073309,NUE,Nucor,0001564590-23-002793,2022,2023-03-01,1.0.3,0.3.0,227,492,-0.36856745479833103,560,0.015565067541275224,156,0.004335983100783813,100,0.00277947634665629,236,0.006559564178108844,265,0.0073656123186391686,0.006309411306909778,0.013675023625548947,-0.0073656123186391686,0.019984434932458724,1729,35978,success
S2022-324,0001045810,NVDA,Nvidia,0001045810-22-000036,2022,2022-03-18,1.0.3,0.3.0,234,802,-0.5482625482625483,714,0.01833401807723911,403,0.010348192276088743,77,0.0019771980279375515,428,0.01099013968775678,297,0.00762633525061627,0.006008627773212818,0.0205936729663106,-0.014585045193097782,0.026602300739523417,2422,38944,success
S2022-325,0001097864,ON,ON Semiconductor,0001628280-23-002350,2022,2023-02-06,1.0.3,0.3.0,259,811,-0.5158878504672897,863,0.019364537988601174,433,0.009715926939819593,102,0.0022887402952923752,473,0.01061347215365974,392,0.008795943095633443,0.005811605259614953,0.018197729210608984,-0.01238612395099403,0.024009334470223936,2740,44566,success
S2022-326,0000797468,OXY,Occidental Petroleum,0000797468-23-000011,2022,2023-02-27,1.0.3,0.3.0,343,980,-0.48148148148148145,908,0.01685320266533029,351,0.006514839356311599,91,0.0016890324257104144,728,0.013512259405683315,439,0.00814818939436123,0.006366352989216177,0.01818957996918908,-0.0118232269799729,0.024555932958405257,3213,53877,success
S2022-327,0000878927,ODFL,Old Dominion,0000950170-23-003783,2022,2023-02-22,1.0.3,0.3.0,164,648,-0.5960591133004927,657,0.021008537716240845,366,0.01170338630767755,42,0.001343011543503981,285,0.009113292616634157,291,0.009305151408563297,0.005244140312729831,0.020720749528347137,-0.015476609215617306,0.025964889841076966,1979,31273,success
S2022-328,0000029989,OMC,Omnicom Group,0000029989-23-000005,2022,2023-02-08,1.0.3,0.3.0,147,423,-0.4842105263157895,469,0.014565669741296314,174,0.005403894530886052,41,0.0012733314699214261,232,0.00720519270784807,287,0.008913320289449984,0.004565359172645113,0.013137053945774713,-0.0085716947731296,0.017702413118419826,1519,32199,success
S2022-329,0001039684,OKE,Oneok,0001039684-23-000016,2022,2023-02-28,1.0.3,0.3.0,227,880,-0.5898825654923215,864,0.017688244687384842,407,0.008332309708062072,83,0.0016992179502927569,534,0.010932317897064243,414,0.008475617246038571,0.0046472587315235635,0.018015804774188265,-0.013368546042664702,0.02266306350571183,2851,48846,success
S2022-330,0001341439,ORCL,Oracle Corporation,0001564590-22-023675,2022,2022-06-21,1.0.3,0.3.0,315,814,-0.4419840566873339,1007,0.0210744407006676,533,0.011154594730343428,99,0.0020718665634221374,597,0.012493983215788042,307,0.006424879141117134,0.006592302701797711,0.017035347299248688,-0.010443044597450976,0.023627650001046396,2945,47783,success
S2022-331,0001821825,OGN,Organon & Co.,0001821825-23-000003,2022,2023-02-27,1.0.3,0.3.0,422,1204,-0.48093480934809346,1048,0.016713447307986733,519,0.008276983924470528,222,0.0035404439908139833,906,0.014448838989538148,580,0.009249808624649145,0.006730033171727482,0.01920132686909926,-0.012471293697371778,0.025931360040826742,4128,62704,success
S2022-332,0001781335,OTIS,Otis Worldwide,0001781335-23-000009,2022,2023-02-03,1.0.3,0.3.0,206,798,-0.5896414342629482,806,0.017796423051446235,350,0.0077279752704791345,71,0.001567674983440053,642,0.014175314638993155,338,0.007463016118348422,0.004548465444910576,0.017619783616692426,-0.013071318171781851,0.022168249061603,2729,45290,success
S2022-333,0000898173,ORLY,O’Reilly Automotive,0000898173-23-000011,2022,2023-02-28,1.0.3,0.3.0,291,525,-0.2867647058823529,520,0.014438829344143944,216,0.005997667573721331,77,0.0021380574221136223,232,0.006441939245848837,287,0.007969123118787138,0.008080191036819015,0.01457766424168379,-0.006497473204864775,0.022657855278502805,1797,36014,success
S2022-334,0001004980,PCG,PG&E Corporation,0001004980-23-000029,2022,2023-02-23,1.0.3,0.3.0,333,2134,-0.7300364815565464,1508,0.015080150801508015,627,0.006270062700627006,300,0.003000030000300003,1773,0.017730177301773016,751,0.007510075100751007,0.0033300333003330033,0.02134021340213402,-0.01801018010180102,0.024670246702467025,6312,99999,success
S2022-335,0000713676,PNC,PNC Financial Services,0000713676-23-000020,2022,2023-02-22,1.0.3,0.3.0,422,2121,-0.6681085332284703,1935,0.01968644128150085,550,0.005595629304819363,157,0.0015972978197393453,1061,0.010794477622569717,736,0.007487969396994638,0.004293373757515947,0.021578781373676127,-0.017285407616160178,0.025872155131192072,6155,98291,success
S2022-336,0000079879,PPG,PPG Industries,0000079879-23-000007,2022,2023-02-16,1.0.3,0.3.0,208,690,-0.5367483296213809,527,0.015362639925373135,168,0.004897388059701493,70,0.002040578358208955,391,0.011398087686567164,272,0.00792910447761194,0.006063432835820896,0.0201142723880597,-0.014050839552238806,0.026177705223880597,1946,34304,success
S2022-337,0000922224,PPL,PPL Corporation,0000922224-23-000010,2022,2023-02-17,1.0.3,0.3.0,247,905,-0.5711805555555556,1021,0.012658698670898631,383,0.004748561793294981,170,0.002107716722872446,1313,0.016279012100773656,634,0.007860543542947828,0.0030623884149970242,0.011220491965879785,-0.008158103550882761,0.01428288038087681,4126,80656,success
S2022-338,0000857005,PTC,PTC Inc.,0000950170-22-025211,2022,2022-11-15,1.0.3,0.3.0,261,842,-0.5267452402538532,862,0.016116969560990204,293,0.005478273876299454,114,0.0021314785730311868,472,0.008825069179567721,455,0.008507217111659561,0.004879964101413507,0.015743025951686487,-0.010863061850272979,0.020622990053099994,2842,53484,success
S2022-339,0000075362,PCAR,Paccar,0001564590-23-002203,2022,2023-02-22,1.0.3,0.3.0,92,407,-0.6312625250501002,310,0.011553369111508647,103,0.003838700059630292,44,0.0016398330351818724,272,0.010137149672033392,190,0.007081097197376267,0.003428741800834824,0.015168455575432319,-0.011739713774597496,0.018597197376267145,1239,26832,success
S2022-340,0000075677,PKG,Packaging Corporation of America,0000950170-23-003990,2022,2023-02-23,1.0.3,0.3.0,189,692,-0.5709421112372304,648,0.012731845331656711,226,0.004440427538509903,100,0.00196479094624332,362,0.007112543225400818,483,0.009489940270355234,0.003713454888399874,0.013596353348003772,-0.009882898459603898,0.017309808236403646,2363,50896,success
S2022-341,0000813828,PARA,Paramount Global,0000813828-23-000005,2022,2023-02-16,1.0.3,0.3.0,265,1153,-0.6262341325811002,635,0.011488845868538655,240,0.004342240958187838,121,0.0021892131497530352,686,0.01241157207215357,408,0.007381809628919325,0.004794557724665738,0.02086084926996074,-0.016066291545295,0.025655406994626477,2911,55271,success
S2022-342,0000076334,PH,Parker Hannifin,0000076334-22-000034,2022,2022-08-24,1.0.3,0.3.0,211,455,-0.3663663663663664,503,0.01697489200863931,207,0.006985691144708424,67,0.002261069114470842,297,0.010022948164146868,220,0.007424406047516199,0.0071206803455723545,0.015355021598272138,-0.008234341252699784,0.022475701943844493,1669,29632,success
S2022-343,0001633917,PYPL,PayPal,0001633917-23-000033,2022,2023-02-10,1.0.3,0.3.0,344,1601,-0.6462724935732648,1092,0.01848904540990823,524,0.008872032779113474,95,0.0016084792252209542,810,0.01371440181504182,484,0.008194778368494126,0.005824387931326403,0.02710710778503945,-0.021282719853713047,0.032931495716365854,4217,59062,success
S2022-344,0000723531,PAYX,Paychex,0000950170-22-012734,2022,2022-07-15,1.0.3,0.3.0,261,880,-0.5425065731814198,980,0.020239152433861343,512,0.010573924536874496,111,0.0022923937960802132,488,0.010078271824208505,419,0.008653270275293777,0.005390223250242663,0.01817393279775304,-0.012783709547510378,0.023564156047995704,2879,48421,success
S2022-345,0001590955,PAYC,Paycom,0000950170-23-003049,2022,2023-02-16,1.0.3,0.3.0,324,798,-0.42245989304812837,888,0.016405254115169316,502,0.009274141402944818,110,0.0020321823791313344,514,0.009495834026122781,485,0.008960076853442701,0.005985700825805022,0.01474255944133459,-0.008756858615529568,0.02072826026713961,2957,54129,success
S2022-346,0000077360,PNR,Pentair,0000077360-23-000006,2022,2023-02-21,1.0.3,0.3.0,198,746,-0.5805084745762712,764,0.019751299087407255,371,0.009591272200822109,74,0.0019130839430211216,447,0.011556061115276234,370,0.009565419715105607,0.005118792171867325,0.019285954344510223,-0.0141671621726429,0.02440474651637755,2427,38681,success
S2022-347,0000077476,PEP,PepsiCo,0000077476-23-000007,2022,2023-02-09,1.0.3,0.3.0,285,1016,-0.5618754803996926,729,0.015377800278445767,200,0.00421887524785892,68,0.001434417584272033,442,0.009323714297768215,397,0.008374467366999958,0.006011897228198962,0.021431886259123317,-0.015419989030924355,0.02744378348732228,2721,47406,success
S2022-348,0000031791,PKI,PerkinElmer,0000031791-22-000003,2022,2022-03-03,1.0.3,0.3.0,277,707,-0.4369918699186992,729,0.016188488186178716,257,0.005707052762480014,71,0.001576656599751288,338,0.007505773672055427,308,0.006839580742583052,0.006151181382128264,0.01569994670456564,-0.009548765322437378,0.021851128086693906,2306,45032,success
S2022-349,0000078003,PFE,Pfizer,0000078003-23-000024,2022,2023-02-23,1.0.3,0.3.0,591,1575,-0.45429362880886426,1266,0.01794141405552485,523,0.0074118163910264585,125,0.0017714666326545073,1116,0.015815654096339442,428,0.006065501750209033,0.00837549423919051,0.022320479571446793,-0.013944985332256282,0.030695973810637302,4679,70563,success
S2022-350,0001413329,PM,Philip Morris International,0001413329-23-000025,2022,2023-02-10,1.0.3,0.3.0,390,1599,-0.6078431372549019,1155,0.017324133793310336,392,0.005879706014699265,153,0.002294885255737213,1181,0.017714114294285287,475,0.007124643767811609,0.0058497075146242685,0.023983800809959502,-0.018134093295335232,0.02983350832458377,4490,66670,success
S2022-351,0001534701,PSX,Phillips 66,0001534701-23-000053,2022,2023-02-22,1.0.3,0.3.0,287,876,-0.5064488392089423,862,0.014439586578890062,356,0.005963448749518401,93,0.0015578672295090206,545,0.009129436990133508,515,0.008626899174162856,0.004807611772785902,0.014674104226343033,-0.00986649245355713,0.019481715999128936,2961,59697,success
S2022-352,0000764622,PNW,Pinnacle West Capital,0000764622-23-000023,2022,2023-02-27,1.0.3,0.3.0,346,1071,-0.5116443189837685,1131,0.014731357863887984,413,0.005379355258873331,230,0.002995766851188538,1225,0.015955714750895474,604,0.007867144252686422,0.004506675350048844,0.013949853467925757,-0.009443178117876913,0.0184565288179746,4374,76775,success
S2022-353,0000945841,POOL,Pool Corporation,0000945841-23-000015,2022,2023-02-24,1.0.3,0.3.0,314,570,-0.2895927601809955,653,0.017744565217391303,228,0.006195652173913043,73,0.001983695652173913,217,0.005896739130434783,272,0.007391304347826087,0.008532608695652174,0.01548913043478261,-0.006956521739130435,0.02402173913043478,1970,36800,success
S2022-354,0001126328,PFG,Principal Financial Group,0001104659-23-022860,2022,2023-02-16,1.0.3,0.3.0,509,1965,-0.5885206143896524,2135,0.018790705861644077,671,0.005905650413659567,248,0.002182714310860764,1320,0.011617672944904065,680,0.005984861820102095,0.004479845097694068,0.017294490406618554,-0.012814645308924484,0.021774335504312622,6458,113620,success
S2022-355,0000080424,PG,Procter & Gamble,0000080424-22-000064,2022,2022-08-05,1.0.3,0.3.0,317,671,-0.3582995951417004,745,0.019030346377848166,264,0.006743639521814652,56,0.0014304689894758353,263,0.00671809543271687,256,0.00653928680903239,0.00809747624399714,0.01714008378461224,-0.009042607540615102,0.02523756002860938,2169,39148,success
S2022-356,0000080661,PGR,Progressive Corporation,0000080661-23-000006,2022,2023-02-27,1.0.3,0.3.0,174,659,-0.5822328931572629,533,0.02327104435906392,297,0.012967167307020609,41,0.0017900803353126092,352,0.015368494586098498,193,0.008426475724764234,0.007596926301082781,0.02877226685295145,-0.02117534055186867,0.03636919315403423,1815,22904,success
S2022-357,0001045609,PLD,Prologis,0001564590-23-001902,2022,2023-02-14,1.0.3,0.3.0,233,460,-0.32756132756132755,624,0.015587140608997577,290,0.007244023680463617,78,0.0019483925761246972,199,0.004970899008318138,245,0.006119951040391677,0.005820198336372493,0.011490520320735394,-0.005670321984362901,0.017310718657107885,1797,40033,success
S2022-358,0001137774,PRU,Prudential Financial,0001137774-23-000040,2022,2023-02-16,1.0.3,0.3.0,684,2294,-0.5406312961719275,2520,0.01839671195275257,634,0.004628379118271877,291,0.002124382213591666,1825,0.013323015600703748,790,0.0057672231915375126,0.0049933932443185555,0.016746848103021586,-0.011753454858703032,0.021740241347340143,7851,136981,success
S2022-359,0000788784,PEG,Public Service Enterprise Group,0001628280-23-004411,2022,2023-02-22,1.0.3,0.3.0,312,1171,-0.5792312879298719,1227,0.01617943747774833,540,0.007120534831282883,172,0.002268022205519733,1036,0.013660877935572345,737,0.009718211427139786,0.004114086791407888,0.015441011643393067,-0.011326924851985179,0.019555098434800956,4459,75837,success
S2022-360,0001393311,PSA,Public Storage,0001393311-23-000012,2022,2023-02-21,1.0.3,0.3.0,234,499,-0.3615279672578445,549,0.016698095991240343,222,0.00675223553744145,57,0.0017336820974511833,259,0.007877608127015025,250,0.007603868848470101,0.007117221242168015,0.015177322221546323,-0.008060100979378308,0.022294543463714338,1747,32878,success
S2022-361,0000822416,PHM,PulteGroup,0000822416-23-000007,2022,2023-02-06,1.0.3,0.3.0,164,664,-0.6038647342995169,495,0.01577588679606081,232,0.007393950983204258,50,0.001593523918794021,379,0.01207891130445868,290,0.009242438729005322,0.005226758453644389,0.0211619976415846,-0.015935239187940212,0.02638875609522899,1872,31377,success
S2022-362,0001604778,QRVO,Qorvo,0001604778-22-000029,2022,2022-05-20,1.0.3,0.3.0,254,743,-0.49047141424272817,729,0.01810955160849584,354,0.008793938641162588,91,0.0022605887467395357,289,0.007179232393491492,418,0.01038380325425413,0.006309775183207055,0.018457334492609615,-0.012147559309402558,0.02476710967581667,2377,40255,success
S2022-363,0000804328,QCOM,Qualcomm,0000804328-22-000021,2022,2022-11-02,1.0.3,0.3.0,416,1332,-0.5240274599542334,1103,0.02011965999051476,660,0.012038962460326147,76,0.0013863047681587685,608,0.011090438145270148,439,0.008007734121338149,0.007588194520447995,0.024296815147203676,-0.016708620626755682,0.031885009667651676,3750,54822,success
S2022-364,0001050915,PWR,Quanta Services,0001050915-23-000010,2022,2023-02-23,1.0.3,0.3.0,354,1789,-0.6696220251983201,1402,0.020319135059928405,679,0.00984072232930912,128,0.0018550993492659313,1007,0.014594414411803069,688,0.009971159002304381,0.005130509137813591,0.02592791199872462,-0.020797402860911026,0.03105842113653821,5051,68999,success
S2022-365,0001022079,DGX,Quest Diagnostics,0001022079-23-000018,2022,2023-02-21,1.0.3,0.3.0,494,815,-0.2452253628724217,676,0.014689584736739173,280,0.006084443382081315,70,0.0015211108455203287,387,0.008409569960233816,277,0.0060192529172733,0.010734696538386318,0.017710076272843826,-0.006975379734457506,0.028444772811230146,2537,46019,success
S2022-366,0000101829,RTX,RTX Corporation,0000101829-23-000009,2022,2023-02-07,1.0.3,0.3.0,373,1520,-0.6059165346011621,1184,0.01780585006391458,473,0.007113316790736146,93,0.0013986013986013986,1044,0.01570042860365441,589,0.008857808857808859,0.0056094443191217385,0.022858861568538988,-0.01724941724941725,0.028468305887660725,4545,66495,success
S2022-367,0001037038,RL,Ralph Lauren Corporation,0001037038-22-000014,2022,2022-05-24,1.0.3,0.3.0,502,1382,-0.46709129511677283,1042,0.015308221190574131,404,0.0059352412293588765,114,0.0016747957924428513,389,0.005714873361932185,507,0.007448433919022154,0.007374977963213257,0.020303226185579126,-0.012928248222365869,0.027678204148792383,3702,68068,success
S2022-368,0000720005,RJF,Raymond James Financial,0000720005-22-000066,2022,2022-11-22,1.0.3,0.3.0,293,1422,-0.6583090379008746,1385,0.017346542589832547,558,0.0069887153538819935,102,0.001277507107698859,737,0.009230615082098619,659,0.008253697882093609,0.0036697017897624087,0.017809952030860565,-0.014140250241098155,0.021479653820622974,4405,79843,success
S2022-369,0000726728,O,Realty Income,0000726728-23-000044,2022,2023-02-22,1.0.3,0.3.0,297,717,-0.41420118343195267,904,0.0171859850573183,433,0.008231782665728788,107,0.0020341818596604625,315,0.005988479306477063,412,0.00783255071196365,0.005646280488964088,0.01363091956426684,-0.00798463907530275,0.019277200053230928,2630,52601,success
S2022-370,0000910606,REG,Regency Centers,0000950170-23-003160,2022,2023-02-17,1.0.3,0.3.0,392,727,-0.2993744414655943,1048,0.015697317376391115,486,0.007279481149738628,147,0.002201818372451807,303,0.004538441951380256,454,0.006800173748932792,0.0058715156598714855,0.010889265012057578,-0.005017749352186091,0.016760780671929064,2932,66763,success
S2022-371,0000872589,REGN,Regeneron Pharmaceuticals,0001804220-23-000008,2022,2023-02-06,1.0.3,0.3.0,808,1789,-0.3777435502502888,1478,0.019350868694274603,885,0.011586954529386349,223,0.0029196506893256,1187,0.015540920933764517,744,0.009740897367077337,0.010578824022309797,0.023422668534544836,-0.01284384451223504,0.03400149255685463,5905,76379,success
S2022-372,0001281761,RF,Regions Financial Corporation,0001281761-23-000012,2022,2023-02-24,1.0.3,0.3.0,351,1863,-0.6829268292682927,1769,0.021782495197754027,702,0.008644042752302615,191,0.002351869181894301,913,0.011242180958479042,739,0.009099640447224548,0.004322021376151308,0.022939959611880018,-0.01861793823572871,0.027261980988031325,5568,81212,success
S2022-373,0001060391,RSG,Republic Services,0001060391-23-000008,2022,2023-02-23,1.0.3,0.3.0,372,976,-0.44807121661721067,1073,0.017929951206470156,493,0.008238085689459261,158,0.0026401978477374505,685,0.011446427377849074,601,0.01004277788917853,0.006216162021255264,0.016309070249314887,-0.010092908228059621,0.02252523227057015,3700,59844,success
S2022-374,0000943819,RMD,ResMed,0000943819-22-000010,2022,2022-08-12,1.0.3,0.3.0,291,1267,-0.6264441591784339,854,0.016876136273812348,532,0.010513002924669987,136,0.0026875345822464625,750,0.014820962769741522,505,0.009979448264959292,0.005750533554659711,0.025037546439016678,-0.01928701288435697,0.03078807999367639,3590,50604,success
S2022-375,0000315213,RHI,Robert Half,0000315213-23-000016,2022,2023-02-10,1.0.3,0.3.0,159,564,-0.5601659751037344,380,0.015167238764269179,175,0.006984912588808174,53,0.002115430669753333,458,0.018280514089566536,175,0.006984912588808174,0.006346292009259998,0.0225113754290732,-0.016165083419813202,0.0288576674383332,1640,25054,success
S2022-376,0001024478,ROK,Rockwell Automation,0001024478-22-000093,2022,2022-11-08,1.0.3,0.3.0,204,527,-0.4418604651162791,650,0.017969203549608823,196,0.005418405993420507,53,0.0014651812125065656,331,0.00915047134603157,274,0.0075747104193735655,0.0056395654217233845,0.014568877339452077,-0.008929311917728692,0.020208442761175463,1893,36173,success
S2022-377,0000084839,ROL,"Rollins, Inc.",0000084839-23-000006,2022,2023-02-16,1.0.3,0.3.0,192,650,-0.5439429928741093,576,0.017381857686040194,242,0.007302794375037721,77,0.0023236163920574565,451,0.01360975315347939,305,0.009203935059448368,0.005793952562013398,0.019614943569316194,-0.013820991007302795,0.02540889613132959,2072,33138,success
S2022-378,0000882835,ROP,Roper Technologies,0000882835-23-000016,2022,2023-02-27,1.0.3,0.3.0,155,580,-0.5782312925170068,523,0.01756743139296631,203,0.006818716200329179,63,0.002116153303550435,254,0.008531792684155722,273,0.009169997648718552,0.00520640892143361,0.0194820462866548,-0.014275637365221189,0.02468845520808841,1723,29771,success
S2022-379,0000745732,ROST,Ross Stores,0000745732-22-000014,2022,2022-03-29,1.0.3,0.3.0,155,512,-0.5352323838080959,434,0.016589579909024883,228,0.008715263178013072,37,0.0014143190245021215,184,0.00703337028401055,173,0.0066128970605099195,0.0059248499675088875,0.019571117312029356,-0.01364626734452047,0.025495967279538245,1431,26161,success
S2022-380,0000884887,RCL,Royal Caribbean Group,0000884887-23-000006,2022,2023-02-23,1.0.3,0.3.0,317,965,-0.5054602184087363,982,0.017002268123344356,374,0.006475405578544592,164,0.0028394826601104628,477,0.008258739200443236,523,0.009055179458766903,0.005488512214969614,0.016707931506137783,-0.01121941929116817,0.0221964437211074,3197,57757,success
S2022-381,0000064040,SPGI,S&P Global,0000064040-23-000058,2022,2023-02-10,1.0.3,0.3.0,429,1045,-0.417910447761194,964,0.01673407745586474,407,0.0070651136146648846,89,0.0015449511344107487,710,0.012324891072265523,436,0.0075685246584616455,0.007447011647890013,0.018140156578193622,-0.010693144930303608,0.025587168226083635,3451,57607,success
S2022-382,0001034054,SBAC,SBA Communications,0001034054-23-000002,2022,2023-03-01,1.0.3,0.3.0,198,616,-0.5135135135135135,793,0.017001479321655983,405,0.008682974937289626,191,0.0040949338593143664,347,0.007439487168492593,473,0.010140857148982699,0.004245009969341595,0.013206697682396072,-0.008961687713054478,0.017451707651737668,2522,46643,success
S2022-383,0001108524,CRM,Salesforce,0001108524-22-000013,2022,2022-03-11,1.0.3,0.3.0,421,1180,-0.4740787008119925,1218,0.023236292876492808,631,0.012037849593651036,86,0.001640657789309016,672,0.012820023655996032,448,0.008546682437330687,0.008031592201152276,0.02251135106261208,-0.014479758861459803,0.030542943263764357,3761,52418,success
S2022-384,0000087347,SLB,Schlumberger,0001564590-23-000762,2022,2023-01-25,1.0.3,0.3.0,191,357,-0.3029197080291971,344,0.01782845296708992,147,0.007618554029541332,46,0.0023840373153666754,168,0.008706918890904379,163,0.008447784400103653,0.009898937548587717,0.018502202643171806,-0.00860326509458409,0.028401140191759523,1207,19295,success
S2022-385,0001137789,STX,Seagate Technology,0001137789-22-000055,2022,2022-08-05,1.0.3,0.3.0,260,1169,-0.636109167249825,944,0.020780593039381866,506,0.011138750082550025,140,0.0030818676117727343,457,0.010060096418429568,413,0.009091509454729566,0.00572346842186365,0.02573359455830233,-0.020010126136438683,0.031457062980165984,3208,45427,success
S2022-386,0001032208,SRE,Sempra,0001032208-23-000008,2022,2023-02-28,1.0.3,0.3.0,370,1765,-0.6533957845433255,1748,0.017485770304200385,833,0.008332749807436453,186,0.001860614002620865,1535,0.015355067172166816,791,0.007912611161683356,0.0037012214030630107,0.017655826422719498,-0.013954605019656487,0.02135704782578251,6059,99967,success
S2022-387,0001373715,NOW,ServiceNow,0001373715-23-000035,2022,2023-01-31,1.0.3,0.3.0,341,864,-0.4340248962655602,797,0.019312784724241545,466,0.011292042260347,97,0.0023504894833769508,479,0.0116070563148202,303,0.007342250654259959,0.008263060967335466,0.020936318697295727,-0.01267325772996026,0.02919937966463119,2746,41268,success
S2022-388,0000089800,SHW,Sherwin-Williams,0000089800-23-000007,2022,2023-02-22,1.0.3,0.3.0,183,1025,-0.6970198675496688,706,0.016972377815707863,279,0.006707214462581436,70,0.0016828136644469554,673,0.016179051373897156,292,0.007019737000264442,0.004399355722768469,0.024641200086544704,-0.020241844363776233,0.02904055580931317,2637,41597,success
S2022-389,0001063761,SPG,Simon Property Group,0001558370-23-001840,2022,2023-02-23,1.0.3,0.3.0,335,858,-0.4383906119027661,850,0.013771426719808173,439,0.007112536858818574,116,0.0018793947052914682,257,0.004163831372930236,484,0.007841612391043713,0.005427562295453809,0.013901040147759308,-0.008473477852305499,0.019328602443213116,2748,61722,success
S2022-390,0000004127,SWKS,Skyworks Solutions,0000004127-22-000038,2022,2022-11-23,1.0.3,0.3.0,213,701,-0.5339168490153173,694,0.021282468030298384,395,0.01211322027661075,63,0.0019319819681682972,333,0.010211904688889571,324,0.009935907264865528,0.006531939035235671,0.021497132693428195,-0.014965193658192523,0.028029071728663865,2203,32609,success
S2022-391,0001419612,SEDG,SolarEdge,0001178913-23-000707,2022,2023-02-22,1.0.3,0.3.0,333,1027,-0.5102941176470588,773,0.015152109142229888,392,0.007683863885839737,120,0.002352203230359103,522,0.010232084052062098,365,0.007154618159008939,0.006527363964246511,0.020130939313156657,-0.013603575348910145,0.026658303277403168,2920,51016,success
S2022-392,0000092122,SO,Southern Company,0000092122-23-000012,2022,2023-02-16,1.0.3,0.3.0,343,1372,-0.6,1452,0.011480892852906991,546,0.004317195246341058,242,0.0019134821421511652,1690,0.013362747191055657,858,0.006784163958535949,0.0027120841932142545,0.010848336772857018,-0.008136252579642764,0.013560420966071273,5665,126471,success
S2022-393,0000092380,LUV,Southwest Airlines,0000092380-23-000010,2022,2023-02-07,1.0.3,0.3.0,414,1364,-0.5343082114735658,1042,0.015494193394893756,436,0.006483174971375891,172,0.0025575827868730577,758,0.011271207863080102,576,0.008564928402551636,0.006156042289333988,0.020282226286597968,-0.014126183997263982,0.026438268575931956,4065,67251,success
S2022-394,0000829224,SBUX,Starbucks,0000829224-22-000058,2022,2022-11-18,1.0.3,0.3.0,271,794,-0.49107981220657276,734,0.01853394944827412,309,0.007802439209150822,79,0.001994798373860566,332,0.008383203292679848,341,0.008610458803625988,0.006842915940711562,0.020048986187915056,-0.013206070247203494,0.02689190212862662,2349,39603,success
S2022-395,0000093751,STT,State Street Corporation,0000093751-23-000489,2022,2023-02-16,1.0.3,0.3.0,539,2241,-0.6122302158273382,2830,0.02554243835517528,902,0.008141088125925124,197,0.0017780425286111413,1283,0.011579840427452255,978,0.008827033466912163,0.004864796563052818,0.020226361962525724,-0.015361565399472905,0.02509115852557854,7736,110796,success
S2022-396,0001022671,STLD,Steel Dynamics,0001558370-23-002303,2022,2023-02-28,1.0.3,0.3.0,241,601,-0.42755344418052255,607,0.01564674949734495,244,0.0062896324173841315,74,0.0019075114708460071,320,0.008248698252307058,372,0.009589111718306955,0.006212300871268753,0.015492086405114193,-0.00927978553384544,0.021704387276382946,2072,38794,success
S2022-397,0001757898,STE,Steris,0001757898-22-000011,2022,2022-05-31,1.0.3,0.3.0,252,968,-0.5868852459016394,882,0.01806303631038932,367,0.007516025312826394,115,0.0023551577955723034,581,0.011898666775891376,414,0.008478568064060292,0.005160867517254091,0.0198242847488173,-0.014663417231563211,0.02498515226607139,3050,48829,success
S2022-398,0000310764,SYK,Stryker Corporation,0000310764-23-000017,2022,2023-02-10,1.0.3,0.3.0,206,637,-0.5112692763938316,541,0.018212422151153006,239,0.008045783538124894,69,0.002322841272513045,366,0.01232115805419963,251,0.008449755933344554,0.0069348594512708295,0.021444201312910284,-0.014509341861639454,0.028379060764181115,1901,29705,success
S2022-399,0001601712,SYF,Synchrony Financial,0001601712-23-000037,2022,2023-02-09,1.0.3,0.3.0,352,1494,-0.6186348862405201,1385,0.02027224824355972,619,0.009060304449648712,172,0.0025175644028103046,812,0.011885245901639344,652,0.009543325526932085,0.005152224824355972,0.02186768149882904,-0.016715456674473068,0.027019906323185013,4657,68320,success
S2022-400,0000883241,SNPS,Synopsys,0000883241-22-000017,2022,2022-12-12,1.0.3,0.3.0,276,812,-0.49264705882352944,805,0.019227553920749037,372,0.008885279575799555,67,0.00160030573004992,529,0.012635249719349368,369,0.008813624095349559,0.006592304201399671,0.019394750041799032,-0.01280244584039936,0.0259870542431987,2718,41867,success
S2022-401,0000096021,SYY,Sysco,0000096021-22-000151,2022,2022-08-26,1.0.3,0.3.0,241,751,-0.5141129032258065,725,0.016776582205252806,312,0.007219715376605346,116,0.002684253152840449,415,0.009603147055420572,349,0.008075899571907902,0.005576767326159898,0.017378225153303253,-0.011801457827143353,0.02295499247946315,2505,43215,success
S2022-402,0001283699,TMUS,T-Mobile US,0001283699-23-000016,2022,2023-02-14,1.0.3,0.3.0,239,1127,-0.6500732064421669,872,0.014601962557352893,382,0.006396731303794501,156,0.002612277705214508,761,0.012743226497873338,531,0.008891791419672461,0.004002143407347869,0.0188720318831843,-0.01486988847583643,0.022874175290532168,3474,59718,success
S2022-403,0001113169,TROW,T. Rowe Price,0001113169-23-000007,2022,2023-02-15,1.0.3,0.3.0,215,678,-0.5184770436730123,672,0.017190657696144893,281,0.0071883553759177305,88,0.0022511575554475453,303,0.007751144764779617,334,0.00854416617635773,0.005499987209332071,0.017344145711289043,-0.011844158501956973,0.022844132920621114,2144,39091,success
S2022-404,0001385157,TEL,TE Connectivity,0001558370-22-017931,2022,2022-11-15,1.0.3,0.3.0,213,809,-0.5831702544031311,800,0.01828613225445153,310,0.007085876248599968,147,0.003360076801755469,525,0.012000274291983817,392,0.00896020480468125,0.00486868271274772,0.01849185124231411,-0.01362316852956639,0.02336053395506183,2719,43749,success
S2022-405,0000109198,TJX,TJX Companies,0000109198-22-000008,2022,2022-03-30,1.0.3,0.3.0,171,622,-0.5687263556116016,637,0.019185013402403396,308,0.009276270216546697,46,0.001385416980393338,242,0.007288498027286691,222,0.006686142818420023,0.005150137035810017,0.018733246995753395,-0.01358310995994338,0.023883384031563412,1859,33203,success
S2022-406,0000946581,TTWO,Take-Two Interactive,0001628280-22-014580,2022,2022-05-17,1.0.3,0.3.0,351,975,-0.47058823529411764,1046,0.021684598959305097,589,0.012210543773451914,115,0.002384062027074652,426,0.008831394987250451,376,0.007794846279826689,0.007276571926114808,0.020212699794763356,-0.012936127868648548,0.027489271720878165,3135,48237,success
S2022-407,0001116132,TPR,"Tapestry, Inc.",0001116132-22-000018,2022,2022-08-18,1.0.3,0.3.0,334,825,-0.42364106988783434,871,0.018014105189137763,378,0.00781783210274865,109,0.00225434841058096,348,0.007197369237451139,378,0.00781783210274865,0.0069078199003122995,0.01706272879568158,-0.01015490889536928,0.02397054869599388,2663,48351,success
S2022-408,0001389170,TRGP,Targa Resources,0000950170-23-003797,2022,2023-02-22,1.0.3,0.3.0,342,1577,-0.6435643564356436,1727,0.01819887034226943,791,0.008335440903726184,199,0.0020970325408868657,1131,0.01191831057157309,933,0.009831815882650481,0.003603945371775417,0.01661819254763109,-0.013014247175855673,0.020222137919406507,5565,94896,success
S2022-409,0000027419,TGT,Target Corporation,0000027419-22-000007,2022,2022-03-09,1.0.3,0.3.0,116,392,-0.5433070866141733,345,0.01669893514036786,162,0.007841239109390125,36,0.0017424975798644724,118,0.005711519845111326,182,0.008809293320425944,0.0056147144240077445,0.01897386253630203,-0.013359148112294288,0.024588576960309777,1121,20660,success
S2022-410,0001094285,TDY,Teledyne Technologies,0001094285-22-000049,2022,2022-02-25,1.0.3,0.3.0,224,859,-0.5863342566943675,957,0.020074676959221344,441,0.009250713206913912,90,0.001887900654472227,549,0.011516193992280583,383,0.008034066118476254,0.004698774962241987,0.018018962913240476,-0.013320187950998489,0.022717737875482463,2916,47672,success
S2022-411,0000096943,TFX,Teleflex,0000096943-23-000024,2022,2023-02-23,1.0.3,0.3.0,240,954,-0.5979899497487438,807,0.018985554980473347,385,0.009057544817202277,114,0.0026819743095092457,459,0.010798475509339859,470,0.011057262504117066,0.005646261704229991,0.022443890274314215,-0.016797628570084225,0.028090151978544205,2867,42506,success
S2022-412,0000097210,TER,Teradyne,0001193125-23-044711,2022,2023-02-22,1.0.3,0.3.0,226,564,-0.4278481012658228,612,0.01707112970711297,295,0.008228730822873082,92,0.0025662482566248257,330,0.009205020920502092,335,0.009344490934449093,0.006304044630404463,0.015732217573221758,-0.009428172942817295,0.02203626220362622,2057,35850,success
S2022-413,0001318605,TSLA,"Tesla, Inc.",0000950170-23-001409,2022,2023-01-31,1.0.3,0.3.0,381,1470,-0.5883306320907618,1043,0.012871617035455566,538,0.006639434290580148,191,0.0023571225827152572,1035,0.012772889388011995,593,0.007318186866754699,0.004701904209500068,0.018141205217756168,-0.0134393010082561,0.022843109427256234,4319,81031,success
S2022-414,0000097476,TXN,Texas Instruments,0000097476-23-000007,2022,2023-02-03,1.0.3,0.3.0,155,298,-0.31567328918322296,319,0.015157994773105251,157,0.007460204324067474,58,0.0027559990496555,163,0.007745307674031836,136,0.006462342599192207,0.007365169874079354,0.014160133048229983,-0.00679496317415063,0.021525302922309336,1057,21045,success
S2022-415,0000097745,TMO,Thermo Fisher Scientific,0000097745-23-000008,2022,2023-02-23,1.0.3,0.3.0,240,688,-0.4827586206896552,627,0.017857142857142856,281,0.008002961950330371,90,0.002563226247436774,458,0.01304397357028936,343,0.009768740031897927,0.00683526999316473,0.019594440647072227,-0.012759170653907496,0.026429710640236956,2288,35112,success
S2022-416,0000916365,TSCO,Tractor Supply,0000916365-23-000045,2022,2023-02-23,1.0.3,0.3.0,302,686,-0.38866396761133604,678,0.017837880501986373,311,0.008182272619642716,106,0.002788813175826778,250,0.006577389565629193,357,0.009392512299718488,0.007945486595280065,0.018048356968086505,-0.01010287037280644,0.02599384356336657,2187,38009,success
S2022-417,0001466258,TT,Trane Technologies,0001466258-23-000058,2022,2023-02-10,1.0.3,0.3.0,270,868,-0.5254833040421792,769,0.01795302796843629,275,0.0064201335387776065,106,0.0024746696549470047,664,0.015501704253630294,326,0.00761077648596909,0.006303403838072559,0.020264276042396227,-0.013960872204323668,0.026567679880468785,2791,42834,success
S2022-418,0001260221,TDG,TransDigm Group,0001260221-22-000065,2022,2022-11-10,1.0.3,0.3.0,264,791,-0.4995260663507109,812,0.017790241658085577,277,0.006068838595184365,122,0.0026729180816335474,461,0.010100124882238241,381,0.008347391713953947,0.005784019455338168,0.01733014920141095,-0.011546129746072782,0.023114168656749118,2705,45643,success
S2022-419,0000086312,TRV,Travelers Companies (The),0000086312-23-000011,2022,2023-02-16,1.0.3,0.3.0,492,2925,-0.7120280948200176,1821,0.019618616677440207,686,0.007390648567119155,135,0.0014544279250161603,2031,0.021881060116354233,659,0.007099762982115923,0.005300581771170007,0.031512605042016806,-0.0262120232708468,0.036813186813186814,7249,92820,success
S2022-420,0000864749,TRMB,Trimble Inc.,0000864749-23-000012,2022,2023-02-17,1.0.3,0.3.0,368,733,-0.3315168029064487,696,0.018096253347546866,377,0.009802137229921218,83,0.0021580302124229738,300,0.007800109201528822,307,0.007982111749564494,0.009568133953875355,0.01905826681573542,-0.009490132861860066,0.028626400769610774,2383,38461,success
S2022-421,0000092230,TFC,Truist Financial,0000092230-23-000034,2022,2023-02-28,1.0.3,0.3.0,380,1602,-0.6165489404641776,1457,0.022165764011440395,558,0.008489016004381428,143,0.002175500517251871,834,0.012687884135580843,661,0.010055984908415992,0.005781050325564413,0.02437169110935313,-0.018590640783788717,0.030152741434917543,4858,65732,success
S2022-422,0000860731,TYL,Tyler Technologies,0000860731-23-000009,2022,2023-02-22,1.0.3,0.3.0,251,626,-0.427594070695553,739,0.017733304537710267,312,0.00748686199697646,87,0.0020876826722338203,466,0.011182300290355865,315,0.007558851054639695,0.006023084491157344,0.015021716699061743,-0.008998632207904398,0.021044801190219085,2348,41673,success
S2022-423,0000100493,TSN,Tyson Foods,0000100493-22-000097,2022,2022-11-14,1.0.3,0.3.0,335,1260,-0.5799373040752351,1067,0.021439048403624747,366,0.0073539753661918065,100,0.002009282886937652,758,0.015230364282987402,397,0.007976853061142479,0.006731097671241134,0.025316964375414416,-0.01858586670417328,0.03204806204665555,3510,49769,success
S2022-424,0000036104,USB,U.S. Bancorp,0001193125-23-050691,2022,2023-02-27,1.0.3,0.3.0,84,195,-0.3978494623655914,160,0.010342598577892695,74,0.004783451842275372,38,0.002456367162249515,199,0.01286360698125404,203,0.013122171945701358,0.005429864253393665,0.012605042016806723,-0.007175177763413057,0.018034906270200386,858,15470,success
S2022-425,0000074208,UDR,"UDR, Inc.",0000074208-23-000007,2022,2023-02-13,1.0.3,0.3.0,310,965,-0.5137254901960784,1189,0.01822501532801962,530,0.00812385039852851,170,0.002605763335377069,410,0.006284488044144696,439,0.006729000613120785,0.004751686082158185,0.014791538933169835,-0.010039852851011648,0.01954322501532802,3326,65240,success
S2022-426,0001403568,ULTA,Ulta Beauty,0001558370-22-004330,2022,2022-03-25,1.0.3,0.3.0,286,627,-0.37349397590361444,533,0.014884526236421012,282,0.007875115194504175,61,0.0017034823647686336,261,0.007288670445977269,342,0.009550671618866765,0.007986818956128348,0.01750956463458907,-0.009522745678460722,0.025496383590717417,1967,35809,success
S2022-427,0000100885,UNP,Union Pacific Corporation,0001437749-23-002959,2022,2023-02-10,1.0.3,0.3.0,192,483,-0.4311111111111111,439,0.015005981883438728,184,0.006289523158434456,54,0.001845838318236199,325,0.011109212100495642,166,0.005674243719022389,0.0065629806870620404,0.016509998290890445,-0.009947017603828405,0.023072978977952487,1551,29255,success
S2022-428,0000100517,UAL,United Airlines Holdings,0000100517-23-000048,2022,2023-02-16,1.0.3,0.3.0,343,934,-0.46280344557556774,926,0.017894411378217515,460,0.008889232434103734,125,0.0024155522918760147,443,0.008560717322408595,495,0.009565587075829017,0.0066282754889077835,0.018049006724897582,-0.011420731235989797,0.024677282213805364,3106,51748,success
S2022-429,0001090727,UPS,United Parcel Service,0001090727-23-000006,2022,2023-02-21,1.0.3,0.3.0,270,721,-0.45509586276488395,823,0.017034399966883305,333,0.0068924121372687,131,0.002711429399345945,442,0.009148486980999296,376,0.007782423314153248,0.005588442273461109,0.014923210663575775,-0.009334768390114666,0.020511652937036884,2590,48314,success
S2022-430,0001067701,URI,United Rentals,0001067701-23-000010,2022,2023-01-25,1.0.3,0.3.0,275,767,-0.472168905950096,775,0.01642993428026288,353,0.007483570065719737,110,0.002331990672037312,315,0.006677973288106848,478,0.010133559465762138,0.00582997668009328,0.016260334958660166,-0.010430358278566886,0.022090311638753444,2586,47170,success
S2022-431,0000731766,UNH,UnitedHealth Group,0000731766-23-000008,2022,2023-02-24,1.0.3,0.3.0,249,659,-0.45154185022026433,601,0.017988087755529614,324,0.009697405046242256,52,0.0015563736493969052,610,0.018257460117925235,305,0.009128730058962618,0.007452635359612104,0.019724042979856932,-0.01227140762024483,0.027176678339469035,2313,33411,success
S2022-432,0000352915,UHS,Universal Health Services,0000950170-23-004656,2022,2023-02-27,1.0.3,0.3.0,389,1869,-0.6554472984942427,1240,0.01324121434749645,500,0.005339199333667923,288,0.003075378816192724,1508,0.016103025190342457,875,0.009343598833918866,0.004153897081593644,0.019957927109250696,-0.015804030027657054,0.02411182419084434,5722,93647,success
S2022-433,0000103379,VFC,VF Corporation,0000103379-22-000006,2022,2022-05-26,1.0.3,0.3.0,364,1077,-0.49479528105482307,1116,0.017551033246312082,417,0.006558047368917686,103,0.0016198534268549681,482,0.007580284968389268,492,0.007737552291384896,0.005724530557040858,0.016937690686629134,-0.011213160129588274,0.02266222124366999,3407,63586,success
S2022-434,0001035002,VLO,Valero Energy,0001035002-23-000027,2022,2023-02-23,1.0.3,0.3.0,205,690,-0.5418994413407822,677,0.014682918365576473,287,0.006224516352910558,65,0.0014097336687776524,441,0.00956450073739915,361,0.007829443914288192,0.004446083109221827,0.014964865099332003,-0.010518781990110176,0.01941094820855383,2323,46108,success
S2022-435,0000740260,VTR,Ventas,0000740260-23-000070,2022,2023-02-10,1.0.3,0.3.0,431,1312,-0.5054503729202524,1284,0.019761446710273183,744,0.011450557906887265,122,0.001877645248172374,572,0.008803385917660639,652,0.010034628703347441,0.006633320507887649,0.020192381685263563,-0.013559061177375913,0.026825702193151214,4153,64975,success
S2022-436,0001014473,VRSN,Verisign,0001014473-23-000005,2022,2023-02-17,1.0.3,0.3.0,126,582,-0.6440677966101694,481,0.017469945156721026,297,0.010787055533359968,50,0.0018160026150437656,300,0.010896015690262594,196,0.0071187302509715614,0.004576326589910289,0.021138270439109434,-0.016561943849199144,0.025714597029019723,1648,27533,success
S2022-437,0001442145,VRSK,Verisk Analytics,0001437749-23-004945,2022,2023-02-28,1.0.3,0.3.0,315,841,-0.45501730103806226,687,0.015423298834833756,273,0.00612890914397324,62,0.0013919134319646184,469,0.010529151606313,288,0.006465662393642099,0.007071818243046046,0.01888063219810071,-0.011808813955054667,0.025952450441146756,2410,44543,success
S2022-438,0000732712,VZ,Verizon,0000732712-23-000012,2022,2023-02-10,1.0.3,0.3.0,283,637,-0.3847826086956522,697,0.012489248853211008,219,0.003924168577981652,94,0.0016843463302752295,428,0.007669151376146789,433,0.007758744266055046,0.00507095756880734,0.011414134174311927,-0.006343176605504587,0.016485091743119264,2423,55808,success
S2022-439,0000875320,VRTX,Vertex Pharmaceuticals,0000875320-23-000007,2022,2023-02-10,1.0.3,0.3.0,594,1287,-0.3684210526315789,1271,0.018567213018961637,730,0.01066409559704327,197,0.0028778449761883893,877,0.01281152306658486,543,0.007932334122184241,0.008677359978963977,0.018800946621088614,-0.010123586642124639,0.02747830660005259,4533,68454,success
S2022-440,0001792044,VTRS,Viatris,0001792044-23-000008,2022,2023-02-27,1.0.3,0.3.0,450,1852,-0.6090356211989574,1567,0.021176820368668577,735,0.009932969349694579,168,0.0022703929942159036,1129,0.0152575814908914,582,0.007865290015676523,0.006081409805935456,0.0250283799124277,-0.018946970106492243,0.031109789718363156,5298,73996,success
S2022-441,0001705696,VICI,Vici Properties,0001705696-23-000035,2022,2023-02-23,1.0.3,0.3.0,345,1059,-0.5085470085470085,1075,0.013895890694277479,603,0.007794625198743553,247,0.0031928232571967786,612,0.00791096288827704,734,0.00948798490195318,0.004459611432116958,0.013689068135106838,-0.009229456702989879,0.018148679567223797,3957,77361,success
S2022-442,0001403161,V,Visa Inc.,0001403161-22-000081,2022,2022-11-16,1.0.3,0.3.0,242,1036,-0.621283255086072,718,0.015155992738633006,352,0.007430235994427323,73,0.0015409296238443027,965,0.020369823109722632,384,0.008105711993920716,0.0051082872461687846,0.0218685354835986,-0.016760248237429814,0.026976822729767383,3062,47374,success
S2022-443,0000899689,VNO,Vornado Realty Trust,0000899689-23-000010,2022,2023-02-13,1.0.3,0.3.0,214,699,-0.5312157721796276,752,0.01618736008265886,415,0.008933184088169451,86,0.0018512140520061994,244,0.0052522817289478215,358,0.007706216635095574,0.004606509385224729,0.015046495608748062,-0.010439986223523334,0.01965300499397279,2228,46456,success
S2022-444,0001396009,VMC,Vulcan Materials Company,0001396009-23-000007,2022,2023-02-24,1.0.3,0.3.0,303,699,-0.39520958083832336,657,0.013774162438676674,183,0.0038366388527820874,107,0.002243280640697723,508,0.010650341733406014,404,0.008469956811606357,0.006352467608704768,0.014654702503249612,-0.008302234894544845,0.02100717011195438,2447,47698,success
S2022-445,0000011544,WRB,W. R. Berkley Corporation,0000011544-23-000004,2022,2023-02-24,1.0.3,0.3.0,280,1476,-0.6810933940774487,955,0.0196328351458586,329,0.0067635631026046915,114,0.002343605451966367,777,0.015973521369981293,301,0.006187940710893654,0.005756223917110376,0.030343523220196122,-0.024587299303085747,0.0360997471373065,3626,48643,success
S2022-446,0000277135,GWW,W. W. Grainger,0000277135-23-000014,2022,2023-02-21,1.0.3,0.3.0,115,625,-0.6891891891891891,528,0.02069208762785594,250,0.009797389975310577,40,0.0015675823960496923,282,0.011051455892150331,193,0.007563585060939766,0.004506799388642866,0.024493474938276444,-0.019986675549633577,0.029000274326919307,1664,25517,success
S2022-447,0000783325,WEC,WEC Energy Group,0000107815-23-000100,2022,2023-02-23,1.0.3,0.3.0,315,948,-0.501187648456057,1085,0.014236416359413749,463,0.0060750790547544386,184,0.0024142862766194746,985,0.012924304252555339,674,0.008843635600225684,0.004133153136603992,0.012438822773017727,-0.008305669636413736,0.016571975909621717,4049,76213,success
S2022-448,0000943452,WAB,Wabtec,0001628280-23-003675,2022,2023-02-15,1.0.3,0.3.0,333,748,-0.38390379278445885,686,0.01907569100717424,271,0.007535732161726267,99,0.002752905845058673,364,0.010121795228296536,289,0.00803626049719148,0.009259774206106446,0.020799733051554418,-0.011539958845447973,0.030059507257660864,2387,35962,success
S2022-449,0000104169,WMT,Walmart,0000104169-22-000012,2022,2022-03-18,1.0.3,0.3.0,302,926,-0.50814332247557,661,0.015813775449173426,315,0.007536065456111391,92,0.0022010095935309456,621,0.014856814756333884,268,0.006411636642024929,0.0072250532309385395,0.022153640039235388,-0.014928586808296848,0.02937869327017393,2620,41799,success
S2022-450,0001744489,DIS,Walt Disney Company (The),0001744489-22-000213,2022,2022-11-29,1.0.3,0.3.0,242,649,-0.4567901234567901,717,0.014774975272007914,302,0.006223211341905704,77,0.0015867128255852292,363,0.007480217606330366,357,0.007356577645895153,0.004986811737553577,0.013373722387075503,-0.008386910649521925,0.01836053412462908,2240,48528,success
S2022-451,0001437107,WBD,Warner Bros. Discovery,0001437107-23-000019,2022,2023-02-24,1.0.3,0.3.0,274,869,-0.5205599300087489,877,0.015263854079643552,433,0.007536201615148983,103,0.0017926761347813978,536,0.009328877749930381,507,0.008824143692564745,0.004768866610971874,0.015124617098301308,-0.010355750487329434,0.019893483709273182,2961,57456,success
S2022-452,0000823768,WM,Waste Management,0001558370-23-000964,2022,2023-02-07,1.0.3,0.3.0,374,1380,-0.5735461801596351,1132,0.015625,470,0.006487411660777385,149,0.0020566475265017667,752,0.010379858657243815,782,0.010793948763250884,0.005162323321554771,0.01904814487632509,-0.013885821554770318,0.024210468197879857,4261,72448,success
S2022-453,0001000697,WAT,Waters Corporation,0001193125-23-050827,2022,2023-02-27,1.0.3,0.3.0,246,731,-0.49641760491299897,724,0.015709419142057413,292,0.006335843079393322,73,0.0015839607698483304,421,0.00913489704254996,388,0.008418859982207564,0.005337730813461497,0.015861305791220952,-0.010523574977759454,0.021199036604682447,2444,46087,success
S2022-454,0000072971,WFC,Wells Fargo,0000072971-23-000071,2022,2023-02-21,1.0.3,0.3.0,48,83,-0.26717557251908397,90,0.010120319352299562,53,0.005959743618576409,20,0.0022489598560665692,125,0.014055999100416057,115,0.012931519172382774,0.005397503654559766,0.009333183402676262,-0.003935679748116496,0.014730687057236028,468,8893,success
S2022-455,0000766704,WELL,Welltower,0000766704-23-000010,2022,2023-02-21,1.0.3,0.3.0,472,1144,-0.4158415841584158,1134,0.01597610628196278,651,0.00917146842112678,291,0.004099688649075104,804,0.011326974824248742,575,0.008100759358138093,0.006649666812245531,0.016116989053408658,-0.009467322241163128,0.022766655865654187,4252,70981,success
S2022-456,0000105770,WST,West Pharmaceutical Services,0000105770-23-000012,2022,2023-02-21,1.0.3,0.3.0,173,573,-0.5361930294906166,548,0.016988033976067952,241,0.0074710149420298844,61,0.001891003782007564,323,0.010013020026040051,318,0.009858019716039432,0.005363010726021452,0.01776303552607105,-0.0124000248000496,0.023126046252092504,1876,32258,success
S2022-457,0001732845,WRK,WestRock,0000950170-22-025444,2022,2022-11-18,1.0.3,0.3.0,428,1563,-0.5700652938222,1786,0.018387159873575407,646,0.0066506748478889766,183,0.001884014701491769,721,0.007422812020631505,854,0.008792068606961589,0.004406329465784028,0.01609133867995429,-0.011685009214170261,0.020497668145738317,5198,97133,success
S2022-458,0000106040,WDC,Western Digital,0000106040-22-000055,2022,2022-08-25,1.0.3,0.3.0,267,888,-0.5376623376623376,907,0.02029991047448523,461,0.010317815577439571,86,0.0019247985675917637,437,0.009780662488809311,413,0.009243509400179052,0.005975828111011638,0.019874664279319606,-0.013898836168307968,0.025850492390331246,2816,44680,success
S2022-459,0000106535,WY,Weyerhaeuser,0000950170-23-003217,2022,2023-02-17,1.0.3,0.3.0,256,637,-0.42665173572228443,817,0.01500321366265724,335,0.006151868515287853,124,0.0022771095399871455,421,0.007731154163988615,438,0.008043338536406206,0.004701129372876687,0.011697732072353318,-0.006996602699476632,0.016398861445230006,2592,54455,success
S2022-460,0000106640,WHR,Whirlpool Corporation,0000106640-23-000015,2022,2023-02-10,1.0.3,0.3.0,292,999,-0.5476374903175832,1009,0.02068979658792651,369,0.007566437007874015,91,0.001865977690288714,424,0.008694225721784778,414,0.008489173228346457,0.0059875328083989505,0.020484744094488187,-0.014497211286089239,0.02647227690288714,3008,48768,success
S2022-461,0000107263,WMB,Williams Companies,0000107263-23-000007,2022,2023-02-27,1.0.3,0.3.0,260,995,-0.5856573705179283,908,0.017143072914699995,381,0.0071932938111241174,84,0.0015859230449722463,729,0.013763546426009137,437,0.008250575841105615,0.004908809424914096,0.018785636068421253,-0.013876826643507156,0.023694445493335346,3217,52966,success
S2022-462,0001140536,WTW,Willis Towers Watson,0000950170-23-004303,2022,2023-02-24,1.0.3,0.3.0,504,1794,-0.5613577023498695,1938,0.01948659165636029,778,0.007822790664937207,255,0.0025640252179421437,1059,0.010648245905100901,780,0.007842900666646557,0.005067720430756237,0.01803867153328708,-0.012970951102530843,0.023106391964043318,5980,99453,success
S2022-463,0001174922,WYNN,Wynn Resorts,0001174922-23-000048,2022,2023-02-27,1.0.3,0.3.0,220,986,-0.6351575456053068,792,0.0156670359234056,413,0.008169805348947618,142,0.0028089887640449437,583,0.011532679221395791,544,0.01076119639183415,0.004351954423168223,0.0195046684601994,-0.015152714037031176,0.023856622883367623,3090,50552,success
S2022-464,0000072903,XEL,Xcel Energy,0000072903-23-000007,2022,2023-02-23,1.0.3,0.3.0,178,696,-0.5926773455377574,920,0.018828537513814417,366,0.007490483402234865,99,0.002026114362899595,848,0.017354999795341983,431,0.008820760509189144,0.0036429126928901804,0.014244197945233515,-0.010601285252343334,0.017887110638123694,3061,48862,success
S2022-465,0001524472,XYL,Xylem Inc.,0001524472-23-000009,2022,2023-02-24,1.0.3,0.3.0,365,953,-0.44613050075872535,885,0.018697314769822324,345,0.007288783723829041,121,0.0025563560306762724,453,0.009570489933027698,458,0.009676124479749857,0.007711321910717681,0.0201339446052437,-0.012422622694526018,0.02784526651596138,3060,47333,success
S2022-466,0001041061,YUM,Yum! Brands,0001041061-23-000009,2022,2023-02-27,1.0.3,0.3.0,243,990,-0.6058394160583942,869,0.017207580047919842,376,0.007445397120849092,98,0.0019405556325617314,428,0.008475079701392052,377,0.0074651987089364566,0.0048117859052295995,0.01960357220649096,-0.01479178630126136,0.02441535811172056,2825,50501,success
S2022-467,0000877212,ZBRA,Zebra Technologies,0000877212-23-000025,2022,2023-02-16,1.0.3,0.3.0,278,707,-0.4355329949238579,743,0.02023751157596557,363,0.009887236476548456,66,0.0017976793593724465,390,0.010622650759928094,298,0.008116794683227107,0.0075720433622051535,0.019256959198126054,-0.011684915835920903,0.02682900256033121,2345,36714,success
S2022-468,0001136869,ZBH,Zimmer Biomet,0000950170-23-004264,2022,2023-02-24,1.0.3,0.3.0,326,1427,-0.6280661722760981,1157,0.01779534583262839,477,0.007336542750357599,129,0.001984096467077841,768,0.011812295245858775,466,0.007167356229909101,0.005014073242382761,0.021948105880000617,-0.016934032637617853,0.026962179122383377,3978,65017,success
S2022-469,0000109380,ZION,Zions Bancorporation,0000109380-23-000074,2022,2023-02-23,1.0.3,0.3.0,232,924,-0.5986159169550173,889,0.018769925891518695,293,0.006186263539049469,64,0.0013512657559698498,397,0.008382070392500475,414,0.008741000358929966,0.004898338365390706,0.01950889935181471,-0.014610560986424001,0.024407237717205415,2783,47363,success
S2022-470,0001555280,ZTS,Zoetis,0001555280-23-000074,2022,2023-02-14,1.0.3,0.3.0,360,1284,-0.5620437956204379,1270,0.021389473684210528,586,0.009869473684210527,114,0.00192,709,0.011941052631578948,475,0.008,0.006063157894736842,0.021625263157894738,-0.015562105263157894,0.027688421052631577,3918,59375,success
S2022-471,0001065088,EBAY,eBay Inc.,0001065088-23-000006,2022,2023-02-23,1.0.3,0.3.0,271,1253,-0.6443569553805775,971,0.019190861118248116,513,0.010138941043935411,94,0.0018578176571733501,653,0.012905903512065933,393,0.007767258928394964,0.005356048777595509,0.024764314089768168,-0.01940826531217266,0.03012036286736368,3421,50597,success
