company_id,cik,ticker,company_name,accession_number,report_year,filing_date,parser_version,language_measurement_version,report_concreteness_mean,report_concreteness_median,report_concreteness_standard_deviation,report_concreteness_min,report_concreteness_max,report_concreteness_matched_token_count,report_concreteness_eligible_token_count,report_concreteness_unmatched_token_count,report_concreteness_coverage,report_concreteness_unique_dictionary_entries,report_concreteness_stem_collision_count,report_concreteness_status
S2023-001,0000066740,MMM,3M,0000066740-24-000016,2023,2024-02-07,1.0.3,0.3.0,2.9447815710703016,2.85,0.8337172214890864,1.19,5.0,24722,34480,9758,0.7169953596287703,2333,6320,warning_stem_collisions
S2023-002,0000091142,AOS,A. O. Smith,0000091142-24-000041,2023,2024-02-13,1.0.3,0.3.0,2.9716006266126063,2.89,0.8591198648810869,1.26,5.0,10852,13985,3133,0.7759742581337147,1596,2325,warning_stem_collisions
S2023-003,0000874761,AES,AES Corporation,0000874761-24-000011,2023,2024-02-26,1.0.3,0.3.0,2.91084880832329,2.83,0.8117889284921789,1.19,5.0,40657,57089,16432,0.7121687190176742,2759,9825,warning_stem_collisions
S2023-004,0001841666,APA,APA Corporation,0001784031-24-000003,2023,2024-02-22,1.0.3,0.3.0,2.9489649166459317,2.82,0.8428070523402582,1.25,5.0,24114,33513,9399,0.7195416703965626,2251,5755,warning_stem_collisions
S2023-005,0000732717,T,AT&T,0000732717-24-000009,2023,2024-02-23,1.0.3,0.3.0,2.905845756880734,2.82,0.8061849477734,1.26,5.0,17440,23636,6196,0.7378575055000847,2042,4552,warning_stem_collisions
S2023-006,0001551152,ABBV,AbbVie,0001551152-24-000011,2023,2024-02-20,1.0.3,0.3.0,2.8800248339901744,2.75,0.8119208200631113,1.19,5.0,18523,26204,7681,0.7068768127003511,2281,4746,warning_stem_collisions
S2023-007,0000001800,ABT,Abbott Laboratories,0001628280-24-005348,2023,2024-02-16,1.0.3,0.3.0,2.9006254990684055,2.8,0.7859020271599814,1.29,5.0,15028,21130,6102,0.7112162801703739,1903,3847,warning_stem_collisions
S2023-008,0001467373,ACN,Accenture,0001467373-23-000324,2023,2023-10-12,1.0.3,0.3.0,2.8429679787368687,2.74,0.8101782748073594,1.19,5.0,15802,20797,4995,0.7598211280473145,2006,3844,warning_stem_collisions
S2023-009,0000796343,ADBE,Adobe Inc.,0000796343-24-000006,2023,2024-01-17,1.0.3,0.3.0,2.92083112565581,2.82,0.8337316081764379,1.23,5.0,19251,25522,6271,0.75429041611159,2285,4943,warning_stem_collisions
S2023-010,0000002488,AMD,Advanced Micro Devices,0000002488-24-000012,2023,2024-01-31,1.0.3,0.3.0,2.9109516890664726,2.85,0.8331619262743638,1.19,5.0,19271,26964,7693,0.7146936656282451,2170,4969,warning_stem_collisions
S2023-011,0000004977,AFL,Aflac,0000004977-24-000053,2023,2024-02-22,1.0.3,0.3.0,2.917835451216886,2.79,0.8391601155421567,1.19,5.0,32501,44440,11939,0.7313456345634564,2205,7812,warning_stem_collisions
S2023-012,0001090872,A,Agilent Technologies,0001090872-23-000020,2023,2023-12-20,1.0.3,0.3.0,2.8935329961863703,2.81,0.7815185100235913,1.04,5.0,24124,31934,7810,0.7554330807290036,2126,5852,warning_stem_collisions
S2023-013,0000002969,APD,Air Products,0000002969-23-000047,2023,2023-11-16,1.0.3,0.3.0,2.908145416227608,2.79,0.8230378373923679,1.19,5.0,19929,26537,6608,0.7509891849116328,1933,4825,warning_stem_collisions
S2023-014,0001559720,ABNB,Airbnb,0001559720-24-000006,2023,2024-02-16,1.0.3,0.3.0,2.846724435672875,2.72,0.8148424781151132,1.19,5.0,32428,43425,10997,0.7467587795048934,2661,8628,warning_stem_collisions
S2023-015,0001086222,AKAM,Akamai Technologies,0001086222-24-000040,2023,2024-02-28,1.0.3,0.3.0,2.8676781074058035,2.76,0.7901614497116165,1.19,5.0,18472,24605,6133,0.7507417191627718,2050,4629,warning_stem_collisions
S2023-016,0000915913,ALB,Albemarle Corporation,0000915913-24-000016,2023,2024-02-15,1.0.3,0.3.0,2.922933571404953,2.82,0.8397459030444218,1.19,5.0,30243,40570,10327,0.7454523046586148,2664,7089,warning_stem_collisions
S2023-017,0001035443,ARE,Alexandria Real Estate Equities,0001035443-24-000072,2023,2024-01-29,1.0.3,0.3.0,2.883713664124138,2.75,0.8203672713553736,1.26,5.0,38151,50043,11892,0.7623643666446855,2736,8788,warning_stem_collisions
S2023-018,0001097149,ALGN,Align Technology,0001097149-24-000011,2023,2024-02-28,1.0.3,0.3.0,2.8914489394931735,2.83,0.8161545402609746,1.04,5.0,19849,26905,7056,0.7377439137706746,2499,5175,warning_stem_collisions
S2023-019,0001579241,ALLE,Allegion,0001579241-24-000006,2023,2024-02-20,1.0.3,0.3.0,2.8366046337350905,2.75,0.7891204854578916,1.04,5.0,16013,21330,5317,0.7507266760431317,2004,4070,warning_stem_collisions
S2023-020,0000352541,LNT,Alliant Energy,0000352541-24-000014,2023,2024-02-16,1.0.3,0.3.0,2.919311073541843,2.855,0.8118296960038169,1.26,5.0,21294,30693,9399,0.6937738246505718,1929,5461,warning_stem_collisions
S2023-021,0000899051,ALL,Allstate,0000899051-24-000013,2023,2024-02-21,1.0.3,0.3.0,2.821828188363817,2.74,0.7667015492214408,1.19,5.0,36249,48559,12310,0.7464939558063387,2479,8669,warning_stem_collisions
S2023-022,0001652044,GOOGL|GOOG,Alphabet Inc. (Class A)|Alphabet Inc. (Class C),0001652044-24-000022,2023,2024-01-31,1.0.3,0.3.0,2.9056589724497393,2.82,0.822108099403453,1.23,5.0,17459,22932,5473,0.7613378684807256,2141,4337,warning_stem_collisions
S2023-023,0000764180,MO,Altria,0000764180-24-000018,2023,2024-02-27,1.0.3,0.3.0,2.9301281325788193,2.82,0.8401627169896262,1.26,5.0,24740,34406,9666,0.7190606289600651,2228,6194,warning_stem_collisions
S2023-024,0001018724,AMZN,Amazon,0001018724-24-000008,2023,2024-02-02,1.0.3,0.3.0,2.9212093736922866,2.86,0.8103622828921133,1.19,5.0,14338,19117,4779,0.7500130773656954,1761,3808,warning_stem_collisions
S2023-025,0001748790,AMCR,Amcor,0001748790-23-000030,2023,2023-08-17,1.0.3,0.3.0,2.873495400023291,2.76,0.8184043713840584,1.04,5.0,17174,22652,5478,0.7581670492671728,1943,4102,warning_stem_collisions
S2023-026,0001002910,AEE,Ameren,0001002910-24-000056,2023,2024-02-29,1.0.3,0.3.0,2.9218481186644523,2.86,0.8030901268593955,1.19,5.0,34922,50945,16023,0.6854843458631857,2137,8549,warning_stem_collisions
S2023-027,0000006201,AAL,American Airlines Group,0000006201-24-000010,2023,2024-02-21,1.0.3,0.3.0,2.901224212262377,2.82,0.8226894321581182,1.19,5.0,34561,46126,11565,0.7492737284828513,2466,8129,warning_stem_collisions
S2023-028,0000004904,AEP,American Electric Power,0000004904-24-000020,2023,2024-02-26,1.0.3,0.3.0,2.8734910704621717,2.8,0.7918239728118959,1.26,5.0,46195,64548,18353,0.7156689595339902,2550,10877,warning_stem_collisions
S2023-029,0000004962,AXP,American Express,0000004962-24-000013,2023,2024-02-09,1.0.3,0.3.0,2.8336060567093164,2.72,0.8121754486072289,1.26,5.0,31106,41110,10004,0.7566528825103381,2450,7656,warning_stem_collisions
S2023-030,0000005272,AIG,American International Group,0000005272-24-000023,2023,2024-02-14,1.0.3,0.3.0,2.788054187192118,2.7,0.7662453146832071,1.19,5.0,52374,69740,17366,0.7509893891597361,2700,12419,warning_stem_collisions
S2023-031,0001053507,AMT,American Tower,0001053507-24-000011,2023,2024-02-27,1.0.3,0.3.0,2.923180176111989,2.82,0.8098472126513248,1.19,5.0,26574,35956,9382,0.7390699744131717,2107,6373,warning_stem_collisions
S2023-032,0001410636,AWK,American Water Works,0001410636-24-000050,2023,2024-02-14,1.0.3,0.3.0,2.955459817226827,2.86,0.8543368298286068,1.19,5.0,32937,44820,11883,0.7348728246318608,2612,8183,warning_stem_collisions
S2023-033,0000820027,AMP,Ameriprise Financial,0000820027-24-000015,2023,2024-02-22,1.0.3,0.3.0,2.868190510603997,2.74,0.7821582737713034,1.19,5.0,35977,47773,11796,0.7530822849726834,2313,8237,warning_stem_collisions
S2023-034,0001037868,AME,Ametek,0001037868-24-000009,2023,2024-02-22,1.0.3,0.3.0,2.9058146197924737,2.86,0.8072976774706725,1.04,5.0,12914,16992,4078,0.7600047080979284,1717,2980,warning_stem_collisions
S2023-035,0000318154,AMGN,Amgen,0000318154-24-000011,2023,2024-02-14,1.0.3,0.3.0,2.884279098917169,2.8,0.8020682870487681,1.19,5.0,28721,40392,11671,0.7110566448801743,2643,7568,warning_stem_collisions
S2023-036,0000820313,APH,Amphenol,0001558370-24-000866,2023,2024-02-07,1.0.3,0.3.0,2.9361486702979813,2.86,0.8176323570313573,1.19,5.0,24968,33301,8333,0.7497672742560283,1875,6228,warning_stem_collisions
S2023-037,0000006281,ADI,Analog Devices,0000006281-23-000203,2023,2023-11-21,1.0.3,0.3.0,2.864090257089264,2.76,0.8034550909753043,1.04,5.0,18126,23925,5799,0.7576175548589341,2047,4643,warning_stem_collisions
S2023-038,0000315293,AON,Aon plc,0001628280-24-005392,2023,2024-02-16,1.0.3,0.3.0,2.826003602550996,2.74,0.7744262788204923,1.19,4.97,20541,27438,6897,0.7486332823092062,2061,5052,warning_stem_collisions
S2023-039,0000320193,AAPL,Apple Inc.,0000320193-23-000106,2023,2023-11-03,1.0.3,0.3.0,2.9548021770985975,2.86,0.8746422143665679,1.26,5.0,9554,12985,3431,0.7357720446669234,1456,2501,warning_stem_collisions
S2023-040,0000006951,AMAT,Applied Materials,0000006951-23-000041,2023,2023-12-15,1.0.3,0.3.0,2.866631545741325,2.76,0.8174514623288293,1.29,5.0,15850,20885,5035,0.7589178836485516,1803,4220,warning_stem_collisions
S2023-041,0001521332,APTV,Aptiv,0001521332-24-000011,2023,2024-02-06,1.0.3,0.3.0,2.8798288980580686,2.77,0.8108743698578035,1.26,5.0,26417,35467,9050,0.7448332252516424,2272,6343,warning_stem_collisions
S2023-042,0000947484,ACGL,Arch Capital Group,0000947484-24-000020,2023,2024-02-23,1.0.3,0.3.0,2.8463698873740366,2.76,0.7932257408752721,1.19,5.0,42175,56139,13964,0.7512602647001193,2669,9467,warning_stem_collisions
S2023-043,0000007084,ADM,Archer Daniels Midland,0000007084-24-000009,2023,2024-03-12,1.0.3,0.3.0,2.975709179834462,2.89,0.8362528422079247,1.04,5.0,21264,28882,7618,0.7362371026937192,2203,5194,warning_stem_collisions
S2023-044,0001596532,ANET,Arista Networks,0001596532-24-000043,2023,2024-02-13,1.0.3,0.3.0,2.856381287891201,2.76,0.8085387625116517,1.19,5.0,24412,33009,8597,0.7395558786997486,2479,6700,warning_stem_collisions
S2023-045,0000354190,AJG,Arthur J. Gallagher & Co.,0000950170-24-013370,2023,2024-02-09,1.0.3,0.3.0,2.851272663085962,2.74,0.7820576372856202,1.19,5.0,39657,51502,11845,0.7700089316919732,2206,8892,warning_stem_collisions
S2023-046,0001267238,AIZ,Assurant,0001267238-24-000008,2023,2024-02-15,1.0.3,0.3.0,2.8204670197400095,2.74,0.793400432735874,1.26,5.0,31155,40801,9646,0.7635842258768167,2376,7623,warning_stem_collisions
S2023-047,0000731802,ATO,Atmos Energy,0000731802-23-000028,2023,2023-11-14,1.0.3,0.3.0,2.881480941622331,2.79,0.8002709396195276,1.26,5.0,13721,17928,4207,0.765339134315038,1618,3106,warning_stem_collisions
S2023-048,0000866787,AZO,AutoZone,0001558370-23-016668,2023,2023-10-24,1.0.3,0.3.0,2.952190901308548,2.86,0.833138134572142,1.19,5.0,16354,21593,5239,0.75737507525587,1768,3850,warning_stem_collisions
S2023-049,0000769397,ADSK,Autodesk,0000769397-23-000036,2023,2023-03-14,1.0.3,0.3.0,2.860707052108267,2.76,0.7967014873678877,1.19,5.0,21724,29193,7469,0.7441509951015655,2172,5451,warning_stem_collisions
S2023-050,0000008670,ADP,Automatic Data Processing,0000008670-23-000030,2023,2023-08-03,1.0.3,0.3.0,2.9096309396689803,2.82,0.8113574252671033,1.23,4.96,14984,20225,5241,0.7408652657601977,1977,3606,warning_stem_collisions
S2023-051,0000915912,AVB,AvalonBay Communities,0000915912-24-000004,2023,2024-02-23,1.0.3,0.3.0,2.882750243480143,2.74,0.815183578791596,1.19,5.0,18482,24548,6066,0.7528922926511324,1874,4558,warning_stem_collisions
S2023-052,0000008818,AVY,Avery Dennison,0000008818-24-000003,2023,2024-02-21,1.0.3,0.3.0,2.881941508970263,2.76,0.8125076345489488,1.26,5.0,16276,21796,5520,0.7467425215635897,1936,4127,warning_stem_collisions
S2023-053,0001069183,AXON,Axon Enterprise,0001069183-24-000006,2023,2024-02-27,1.0.3,0.3.0,2.8803912863070535,2.81,0.81121339396393,1.19,5.0,24100,31951,7851,0.754279991236581,2247,5731,warning_stem_collisions
S2023-054,0001037540,BXP,"BXP, Inc.",0001656423-24-000007,2023,2024-02-27,1.0.3,0.3.0,2.9157590519718655,2.79,0.8242954677897442,1.19,5.0,36539,49202,12663,0.7426324133165318,2400,8074,warning_stem_collisions
S2023-055,0001701605,BKR,Baker Hughes,0001701605-24-000033,2023,2024-02-05,1.0.3,0.3.0,2.909603367246811,2.82,0.8356044000075695,1.26,5.0,19363,26005,6642,0.7445875793116709,2371,4816,warning_stem_collisions
S2023-056,0000009389,BALL,Ball Corporation,0001558370-24-001349,2023,2024-02-20,1.0.3,0.3.0,2.970695967203737,2.86,0.8628236110563399,1.22,5.0,20978,27858,6880,0.7530332400028718,1886,5026,warning_stem_collisions
S2023-057,0000070858,BAC,Bank of America,0000070858-24-000122,2023,2024-02-20,1.0.3,0.3.0,2.8459298735831626,2.72,0.8005428962955179,1.26,5.0,44377,59247,14870,0.7490168278562628,2586,10760,warning_stem_collisions
S2023-058,0001390777,BK,Bank of New York Mellon,0001390777-24-000051,2023,2024-02-28,1.0.3,0.3.0,2.921854967948718,2.76,0.8579560982158144,1.19,4.96,2496,3410,914,0.7319648093841642,750,544,warning_stem_collisions
S2023-059,0000701985,BBWI,"Bath & Body Works, Inc.",0000701985-23-000008,2023,2023-03-17,1.0.3,0.3.0,2.930164157839311,2.86,0.8403238161711174,1.3,5.0,16143,21153,5010,0.7631541625301376,2001,3869,warning_stem_collisions
S2023-060,0000010456,BAX,Baxter International,0001628280-24-003932,2023,2024-02-08,1.0.3,0.3.0,2.871609225380975,2.76,0.8075328867290743,1.26,5.0,26839,36461,9622,0.736101587998135,2301,7111,warning_stem_collisions
S2023-061,0000010795,BDX,Becton Dickinson,0000010795-23-000098,2023,2023-11-21,1.0.3,0.3.0,2.8808452914798206,2.79,0.7961392848105393,1.19,5.0,17840,24597,6757,0.7252917022401106,2090,4741,warning_stem_collisions
S2023-062,0001067983,BRK-B,Berkshire Hathaway,0000950170-24-019719,2023,2024-02-26,1.0.3,0.3.0,2.937801100584331,2.86,0.8303144111529551,1.26,5.0,35254,48370,13116,0.7288401902005375,2587,8760,warning_stem_collisions
S2023-063,0000764478,BBY,Best Buy,0000764478-23-000006,2023,2023-03-17,1.0.3,0.3.0,2.886597645148193,2.81,0.8155129906513461,1.19,5.0,14778,19247,4469,0.7678079700732582,1958,3479,warning_stem_collisions
S2023-064,0000012208,BIO,Bio-Rad Laboratories,0000012208-24-000013,2023,2024-02-16,1.0.3,0.3.0,2.8399720608778765,2.74,0.779629963437748,1.28,5.0,13601,18002,4401,0.7555271636484835,1819,3406,warning_stem_collisions
S2023-065,0000842023,TECH,Bio-Techne,0001558370-23-015226,2023,2023-08-23,1.0.3,0.3.0,2.873795914358672,2.79,0.797756158128819,1.19,5.0,20364,26714,6350,0.7622969229617429,2033,4817,warning_stem_collisions
S2023-066,0000875045,BIIB,Biogen,0000875045-24-000009,2023,2024-02-14,1.0.3,0.3.0,2.8615673192286306,2.77,0.7654681722157188,1.19,5.0,34173,46604,12431,0.733263239206935,2539,7585,warning_stem_collisions
S2023-067,0001393818,BX,Blackstone Inc.,0001193125-24-044485,2023,2024-02-23,1.0.3,0.3.0,2.891102909137511,2.79,0.81639446760834,1.24,5.0,39015,52109,13094,0.7487190312613944,2621,8725,warning_stem_collisions
S2023-068,0000012927,BA,Boeing,0000012927-24-000010,2023,2024-01-31,1.0.3,0.3.0,2.8939604777893986,2.82,0.8067794207351543,1.26,5.0,18167,24664,6497,0.7365796302302952,1959,4955,warning_stem_collisions
S2023-069,0001075531,BKNG,Booking Holdings,0001075531-24-000014,2023,2024-02-22,1.0.3,0.3.0,2.9004920819540128,2.82,0.8142950748705956,1.23,5.0,22354,29635,7281,0.7543107811709128,2089,5676,warning_stem_collisions
S2023-070,0000908255,BWA,BorgWarner,0000908255-24-000007,2023,2024-02-08,1.0.3,0.3.0,2.9089573314233093,2.83,0.8101390064567868,1.19,5.0,19546,26369,6823,0.7412491941294702,1887,4745,warning_stem_collisions
S2023-071,0000885725,BSX,Boston Scientific,0000885725-24-000017,2023,2024-02-20,1.0.3,0.3.0,2.8524283510595114,2.74,0.7978387459953904,1.19,5.0,24634,32758,8124,0.7519995115696929,2486,5790,warning_stem_collisions
S2023-072,0000014272,BMY,Bristol Myers Squibb,0000014272-24-000044,2023,2024-02-13,1.0.3,0.3.0,2.8866014364105874,2.79,0.8024250345340683,1.26,5.0,24784,34686,9902,0.7145245920544312,2549,6234,warning_stem_collisions
S2023-073,0001730168,AVGO,Broadcom,0001730168-23-000096,2023,2023-12-14,1.0.3,0.3.0,2.8650453079404086,2.8,0.7998207666965235,1.19,5.0,19533,25918,6385,0.7536461146693417,2220,4815,warning_stem_collisions
S2023-074,0001383312,BR,Broadridge Financial Solutions,0001383312-23-000037,2023,2023-08-08,1.0.3,0.3.0,2.8927383137212566,2.82,0.794376223486398,1.28,5.0,18526,24813,6287,0.7466247531535889,2004,4503,warning_stem_collisions
S2023-075,0000079282,BRO,Brown & Brown,0000950170-24-018890,2023,2024-02-22,1.0.3,0.3.0,2.888412020470199,2.85,0.776502248182405,1.26,5.0,25989,34442,8453,0.7545729051739156,1995,6041,warning_stem_collisions
S2023-076,0000014693,BF-B,Brown–Forman,0000014693-23-000074,2023,2023-06-16,1.0.3,0.3.0,2.9391087141640644,2.82,0.8609214629452396,1.19,5.0,14092,18980,4888,0.7424657534246575,2071,3502,warning_stem_collisions
S2023-077,0001316835,BLDR,Builders FirstSource,0000950170-24-018584,2023,2024-02-22,1.0.3,0.3.0,2.8956575774438877,2.82,0.8178200654249105,1.19,5.0,21564,28542,6978,0.7555181837292411,1993,5335,warning_stem_collisions
S2023-078,0001996862,BG,Bunge Global,0001996862-24-000007,2023,2024-02-22,1.0.3,0.3.0,2.9042345917471466,2.82,0.8218070795258523,1.26,5.0,28475,39014,10539,0.7298662018762495,2344,6782,warning_stem_collisions
S2023-079,0001043277,CHRW,C.H. Robinson,0001043277-24-000011,2023,2024-02-16,1.0.3,0.3.0,2.941893582624587,2.83,0.8331905591334218,1.19,5.0,14227,18621,4394,0.7640298587616132,1920,3331,warning_stem_collisions
S2023-080,0001138118,CBRE,CBRE Group,0001138118-24-000006,2023,2024-02-20,1.0.3,0.3.0,2.859744557065588,2.76,0.7873928203241728,1.19,5.0,22001,29034,7033,0.7577667562168492,2056,5177,warning_stem_collisions
S2023-081,0001402057,CDW,CDW Corporation,0001402057-24-000015,2023,2024-02-26,1.0.3,0.3.0,2.895185448850288,2.82,0.8014567471077708,1.26,5.0,14047,18463,4416,0.7608189351676325,1794,3430,warning_stem_collisions
S2023-082,0001324404,CF,CF Industries,0001324404-24-000008,2023,2024-02-22,1.0.3,0.3.0,2.9584195936966013,2.87,0.8275560910665741,1.19,5.0,26335,35651,9316,0.7386889568315054,2185,6578,warning_stem_collisions
S2023-083,0001156375,CME,CME Group,0001156375-24-000010,2023,2024-02-28,1.0.3,0.3.0,2.9266801265960933,2.85,0.8172486341818772,1.19,5.0,18326,24997,6671,0.7331279753570429,2070,4668,warning_stem_collisions
S2023-084,0000811156,CMS,CMS Energy,0000811156-24-000044,2023,2024-02-08,1.0.3,0.3.0,2.924839505002134,2.89,0.7974613283900227,1.19,5.0,21091,30081,8990,0.7011402546457897,1992,6062,warning_stem_collisions
S2023-085,0000277948,CSX,CSX Corporation,0000277948-24-000010,2023,2024-02-14,1.0.3,0.3.0,3.0137992531547773,2.9,0.8547930076292117,1.19,5.0,15532,21255,5723,0.7307457068924958,1900,3676,warning_stem_collisions
S2023-086,0000064803,CVS,CVS Health,0000064803-24-000007,2023,2024-02-07,1.0.3,0.3.0,2.889028098156814,2.8,0.8089994210984094,1.26,5.0,45519,62053,16534,0.7335503521183504,2793,11926,warning_stem_collisions
S2023-087,0000813672,CDNS,Cadence Design Systems,0000813672-24-000034,2023,2024-02-14,1.0.3,0.3.0,2.8391953277092794,2.72,0.7865096919723552,1.26,5.0,20033,27104,7071,0.7391159976387249,2180,5348,warning_stem_collisions
S2023-088,0001590895,CZR,Caesars Entertainment,0001590895-24-000051,2023,2024-02-20,1.0.3,0.3.0,2.9246954846993365,2.86,0.8156696491870384,1.19,5.0,23365,32025,8660,0.7295862607338017,2315,5869,warning_stem_collisions
S2023-089,0000906345,CPT,Camden Property Trust,0000906345-24-000007,2023,2024-02-22,1.0.3,0.3.0,2.852794897282969,2.72,0.7862388078078151,1.3,5.0,12072,15926,3854,0.7580057767173176,1501,2940,warning_stem_collisions
S2023-090,0000016732,CPB,Campbell's,0000016732-23-000109,2023,2023-09-21,1.0.3,0.3.0,2.906364128595601,2.82,0.8283753483979215,1.3,5.0,14775,19247,4472,0.7676521016262274,1757,3500,warning_stem_collisions
S2023-091,0000927628,COF,Capital One,0000927628-24-000094,2023,2024-02-23,1.0.3,0.3.0,2.8476659403730666,2.72,0.8006287150604503,1.26,5.0,37634,49384,11750,0.7620686862141585,2431,8544,warning_stem_collisions
S2023-092,0001170010,KMX,CarMax,0001170010-23-000010,2023,2023-04-13,1.0.3,0.3.0,2.9249954564730114,2.86,0.8241300699802596,1.19,5.0,16507,21622,5115,0.763435389880677,1922,3655,warning_stem_collisions
S2023-093,0000721371,CAH,Cardinal Health,0000721371-23-000060,2023,2023-08-15,1.0.3,0.3.0,2.856637217480808,2.76,0.7939024719544929,1.26,5.0,23317,30746,7429,0.7583750731802511,1823,5614,warning_stem_collisions
S2023-094,0000815097,CCL,Carnival Corporation,0000815097-24-000011,2023,2024-01-26,1.0.3,0.3.0,2.9706451077943616,2.86,0.8694897053984719,1.19,5.0,18090,24097,6007,0.750715856745653,2318,4309,warning_stem_collisions
S2023-095,0001783180,CARR,Carrier Global,0001783180-24-000009,2023,2024-02-06,1.0.3,0.3.0,2.901319263903757,2.82,0.8139275506315188,1.26,5.0,19617,26318,6701,0.7453833877954252,2106,4766,warning_stem_collisions
S2023-096,0000018230,CAT,Caterpillar Inc.,0000018230-24-000009,2023,2024-02-16,1.0.3,0.3.0,2.917519097308902,2.8,0.8317744469133348,1.19,5.0,20029,26491,6462,0.7560680985995244,2058,4863,warning_stem_collisions
S2023-097,0001374310,CBOE,Cboe Global Markets,0001558370-24-001277,2023,2024-02-16,1.0.3,0.3.0,2.9330372957808457,2.87,0.8127495269714078,1.26,5.0,36358,50924,14566,0.7139659099835048,2404,8865,warning_stem_collisions
S2023-098,0001306830,CE,Celanese,0001306830-24-000029,2023,2024-02-23,1.0.3,0.3.0,2.9232765011119346,2.82,0.8309049005108359,1.19,5.0,20235,27574,7339,0.7338434757380141,2274,5059,warning_stem_collisions
S2023-099,0001140859,COR,Cencora,0001140859-23-000197,2023,2023-11-21,1.0.3,0.3.0,2.8817830053300533,2.8,0.7998873136235686,1.19,5.0,19512,25985,6473,0.7508947469694054,2085,4750,warning_stem_collisions
S2023-100,0001071739,CNC,Centene Corporation,0001071739-24-000037,2023,2024-02-20,1.0.3,0.3.0,2.8296410036457216,2.75,0.7660812462673272,1.26,5.0,23315,31228,7913,0.7466056103496862,2271,5602,warning_stem_collisions
S2023-101,0001130310,CNP,CenterPoint Energy,0001130310-24-000010,2023,2024-02-20,1.0.3,0.3.0,2.8993954310980103,2.85,0.8087621353696757,1.19,5.0,33925,48072,14147,0.7057122649359294,2557,8660,warning_stem_collisions
S2023-102,0001100682,CRL,Charles River Laboratories,0001100682-24-000007,2023,2024-02-14,1.0.3,0.3.0,2.8846837228041906,2.79,0.818269671026316,1.19,5.0,24820,33117,8297,0.749464021499532,2502,5824,warning_stem_collisions
S2023-103,0000316709,SCHW,Charles Schwab Corporation,0000316709-24-000018,2023,2024-02-23,1.0.3,0.3.0,2.9239259340099677,2.8,0.8028029834644589,1.19,5.0,27489,37925,10436,0.724825313117996,2197,6423,warning_stem_collisions
S2023-104,0001091667,CHTR,Charter Communications,0001091667-24-000028,2023,2024-02-02,1.0.3,0.3.0,2.9395920062289123,2.89,0.809735512988664,1.26,5.0,19265,25741,6476,0.7484169224194864,2241,4669,warning_stem_collisions
S2023-105,0000093410,CVX,Chevron Corporation,0000093410-24-000013,2023,2024-02-26,1.0.3,0.3.0,3.0163861991642036,2.87,0.884130736704306,1.19,5.0,19622,27968,8346,0.701587528604119,2223,5190,warning_stem_collisions
S2023-106,0001058090,CMG,Chipotle Mexican Grill,0001562762-24-000023,2023,2024-02-08,1.0.3,0.3.0,2.9276728182671254,2.82,0.8717164828384686,1.26,5.0,12788,16436,3648,0.77804818690679,1925,2820,warning_stem_collisions
S2023-107,0000896159,CB,Chubb Limited,0000896159-24-000003,2023,2024-02-23,1.0.3,0.3.0,2.8166693159540084,2.72,0.7757002136448568,1.25,5.0,37746,50206,12460,0.7518224913356969,2589,8309,warning_stem_collisions
S2023-108,0000313927,CHD,Church & Dwight,0000950170-24-015810,2023,2024-02-15,1.0.3,0.3.0,2.960430111853223,2.86,0.8524464129928603,1.19,5.0,24854,33091,8237,0.7510803541748512,2268,6164,warning_stem_collisions
S2023-109,0001739940,CI,Cigna,0001739940-24-000005,2023,2024-02-29,1.0.3,0.3.0,2.860687785388128,2.74,0.7897612128990402,1.19,5.0,31536,42575,11039,0.7407163828537874,2597,8148,warning_stem_collisions
S2023-110,0000020286,CINF,Cincinnati Financial,0000020286-24-000014,2023,2024-02-26,1.0.3,0.3.0,2.854894160456247,2.76,0.7760973332002804,1.19,5.0,28581,37139,8558,0.769568378254665,2346,6332,warning_stem_collisions
S2023-111,0000723254,CTAS,Cintas,0000723254-23-000025,2023,2023-07-27,1.0.3,0.3.0,2.8515075931891394,2.74,0.8027913856046689,1.26,5.0,10865,14693,3828,0.7394677737698223,1543,2927,warning_stem_collisions
S2023-112,0000858877,CSCO,Cisco,0000858877-23-000023,2023,2023-09-07,1.0.3,0.3.0,2.8651430289063677,2.8,0.7954960326813368,1.19,5.0,19961,26440,6479,0.7549546142208775,2113,5016,warning_stem_collisions
S2023-113,0000831001,C,Citigroup,0000831001-24-000033,2023,2024-02-23,1.0.3,0.3.0,2.851788560266893,2.72,0.8084113010178923,1.19,5.0,57851,81409,23558,0.710621675736098,2869,14690,warning_stem_collisions
S2023-114,0000759944,CFG,Citizens Financial Group,0000759944-24-000039,2023,2024-02-16,1.0.3,0.3.0,2.8527741228070176,2.72,0.810963227725518,1.19,4.97,26448,35257,8809,0.7501489066001078,2411,6258,warning_stem_collisions
S2023-115,0000021076,CLX,Clorox,0000021076-23-000037,2023,2023-08-10,1.0.3,0.3.0,2.9340266320999295,2.82,0.8548051443366995,1.19,5.0,8486,11591,3105,0.7321197480804073,1561,2238,warning_stem_collisions
S2023-116,0001057352,CSGP,CoStar Group,0001057352-24-000013,2023,2024-02-22,1.0.3,0.3.0,2.9214946220115205,2.86,0.8046381255000529,1.19,5.0,19617,25911,6294,0.7570915827254834,2179,4651,warning_stem_collisions
S2023-117,0000021344,KO,Coca-Cola Company (The),0000021344-24-000009,2023,2024-02-20,1.0.3,0.3.0,2.9278589648922604,2.83,0.83086913709084,1.26,5.0,29794,39281,9487,0.7584837453221659,2403,7063,warning_stem_collisions
S2023-118,0001058290,CTSH,Cognizant,0001058290-24-000017,2023,2024-02-14,1.0.3,0.3.0,2.840703690082138,2.74,0.7850613755284916,1.19,5.0,16314,21621,5307,0.754544193145553,2049,3948,warning_stem_collisions
S2023-119,0000021665,CL,Colgate-Palmolive,0000021665-24-000003,2023,2024-02-15,1.0.3,0.3.0,2.9263051595383573,2.82,0.83591059000421,1.22,5.0,17676,23577,5901,0.749713704033592,1928,4137,warning_stem_collisions
S2023-120,0001166691,CMCSA,Comcast,0001166691-24-000011,2023,2024-01-31,1.0.3,0.3.0,2.948340588988476,2.82,0.8450152287101232,1.19,5.0,19525,26556,7031,0.735238740774213,2075,5315,warning_stem_collisions
S2023-121,0000023217,CAG,Conagra Brands,0001437749-23-019879,2023,2023-07-13,1.0.3,0.3.0,2.8554116041842637,2.74,0.8189957167063415,1.19,5.0,15391,20272,4881,0.75922454617206,1859,3786,warning_stem_collisions
S2023-122,0001163165,COP,ConocoPhillips,0001163165-24-000010,2023,2024-02-15,1.0.3,0.3.0,2.9239604563355126,2.81,0.8331584681604421,1.26,5.0,24631,33697,9066,0.7309552779179156,2339,6015,warning_stem_collisions
S2023-123,0001047862,ED,Consolidated Edison,0001047862-24-000012,2023,2024-02-15,1.0.3,0.3.0,2.978797972972973,2.9,0.7997800506735278,1.26,5.0,29600,40313,10713,0.734254458859425,2072,6841,warning_stem_collisions
S2023-124,0000016918,STZ,Constellation Brands,0000016918-23-000045,2023,2023-04-20,1.0.3,0.3.0,2.9476636460040493,2.8,0.8725834917686078,1.04,5.0,20746,27074,6328,0.7662702223535496,2112,4666,warning_stem_collisions
S2023-125,0001868275,CEG,Constellation Energy,0001868275-24-000014,2023,2024-02-27,1.0.3,0.3.0,2.8802269369794122,2.81,0.7951161106830273,1.26,5.0,31815,42713,10898,0.7448551963102569,2439,7436,warning_stem_collisions
S2023-126,0000711404,COO,Cooper Companies (The),0000711404-23-000072,2023,2023-12-08,1.0.3,0.3.0,2.872145946545414,2.75,0.8161554529647236,1.04,5.0,18034,24790,6756,0.7274707543364259,2258,4667,warning_stem_collisions
S2023-127,0000900075,CPRT,Copart,0000900075-23-000034,2023,2023-09-28,1.0.3,0.3.0,2.962998845195405,2.86,0.8503470833117287,1.26,5.0,16453,21235,4782,0.7748057452319285,2015,3529,warning_stem_collisions
S2023-128,0000024741,GLW,Corning Inc.,0001437749-24-003735,2023,2024-02-12,1.0.3,0.3.0,2.990118716504986,2.86,0.8766346082401139,1.25,5.0,14741,19814,5073,0.7439689108711013,1980,3549,warning_stem_collisions
S2023-129,0001755672,CTVA,Corteva,0001755672-24-000004,2023,2024-02-08,1.0.3,0.3.0,2.9069440376034605,2.81,0.8073480072630989,1.19,5.0,29359,40463,11104,0.7255764525615995,2331,6900,warning_stem_collisions
S2023-130,0000909832,COST,Costco,0000909832-23-000042,2023,2023-10-11,1.0.3,0.3.0,2.9510674211182506,2.86,0.8484578114846237,1.29,5.0,10427,13846,3419,0.7530694785497617,1672,2575,warning_stem_collisions
S2023-131,0001051470,CCI,Crown Castle,0001051470-24-000062,2023,2024-02-23,1.0.3,0.3.0,2.9398471286332093,2.83,0.8365573125287235,1.19,5.0,19886,26070,6184,0.7627924817798235,1844,4619,warning_stem_collisions
S2023-132,0000026172,CMI,Cummins,0000026172-24-000012,2023,2024-02-12,1.0.3,0.3.0,2.933755723134931,2.86,0.8222717884585732,1.19,5.0,22278,29705,7427,0.7499747517252988,2130,5291,warning_stem_collisions
S2023-133,0000882184,DHI,D. R. Horton,0000882184-23-000115,2023,2023-11-17,1.0.3,0.3.0,2.907073291515352,2.86,0.7871457125977336,1.19,5.0,18174,24271,6097,0.7487948580610605,1707,4797,warning_stem_collisions
S2023-134,0000936340,DTE,DTE Energy,0000936340-24-000076,2023,2024-02-08,1.0.3,0.3.0,2.898700495556375,2.83,0.7808851005020521,1.26,5.0,24417,34073,9656,0.7166084583100989,2052,6081,warning_stem_collisions
S2023-135,0000927066,DVA,DaVita,0000927066-24-000013,2023,2024-02-14,1.0.3,0.3.0,2.8470985577723744,2.72,0.7911162464584058,1.19,5.0,30023,40808,10785,0.7357135855714566,2426,8018,warning_stem_collisions
S2023-136,0000313616,DHR,Danaher Corporation,0000313616-24-000052,2023,2024-02-21,1.0.3,0.3.0,2.8583479462875196,2.76,0.7943623480948866,1.04,5.0,25320,34795,9475,0.7276907601666907,2387,6737,warning_stem_collisions
S2023-137,0000940944,DRI,Darden Restaurants,0000940944-23-000037,2023,2023-07-21,1.0.3,0.3.0,2.9816630434782607,2.83,0.9104466823468378,1.26,5.0,15640,20536,4896,0.7615894039735099,2080,3691,warning_stem_collisions
S2023-138,0000315189,DE,Deere & Company,0001558370-23-019812,2023,2023-12-15,1.0.3,0.3.0,2.9391036821705425,2.85,0.8419906626986506,1.25,5.0,18576,24630,6054,0.7542021924482338,2015,4642,warning_stem_collisions
S2023-139,0000027904,DAL,Delta Air Lines,0000027904-24-000003,2023,2024-02-12,1.0.3,0.3.0,3.0048883798011308,2.9,0.8426320663255844,1.19,5.0,20516,27119,6603,0.7565175707068845,2151,4835,warning_stem_collisions
S2023-140,0000818479,XRAY,Dentsply Sirona,0000818479-24-000021,2023,2024-02-29,1.0.3,0.3.0,2.869002808988764,2.76,0.7938012276615938,1.04,5.0,22784,31026,8242,0.7343518339457229,2375,6170,warning_stem_collisions
S2023-141,0001090012,DVN,Devon Energy,0000950170-24-021781,2023,2024-02-28,1.0.3,0.3.0,2.9298059404262533,2.82,0.8471724458269388,1.04,5.0,23601,32417,8816,0.7280439275688682,2024,5863,warning_stem_collisions
S2023-142,0001093557,DXCM,Dexcom,0001093557-24-000021,2023,2024-02-08,1.0.3,0.3.0,2.8450750844918296,2.73,0.8039736459175455,1.19,5.0,28701,38045,9344,0.7543961098698909,2773,6914,warning_stem_collisions
S2023-143,0001539838,FANG,Diamondback Energy,0001539838-24-000019,2023,2024-02-22,1.0.3,0.3.0,2.935114172950877,2.77,0.8774152490171483,1.19,5.0,28378,37201,8823,0.7628289562108546,2398,6663,warning_stem_collisions
S2023-144,0001297996,DLR,Digital Realty,0001558370-24-001575,2023,2024-02-23,1.0.3,0.3.0,2.8829743771782628,2.8,0.7848911451333705,1.19,5.0,30988,40112,9124,0.7725368966892701,2223,6608,warning_stem_collisions
S2023-145,0000029534,DG,Dollar General,0001558370-23-004574,2023,2023-03-24,1.0.3,0.3.0,2.921086737900691,2.83,0.840408221057017,1.19,5.0,15910,20734,4824,0.76733867078229,1892,3725,warning_stem_collisions
S2023-146,0000935703,DLTR,Dollar Tree,0000935703-23-000016,2023,2023-03-10,1.0.3,0.3.0,2.9737956096113916,2.86,0.8865853378607763,1.26,5.0,13484,17544,4060,0.7685818513451892,1864,3253,warning_stem_collisions
S2023-147,0000715957,D,Dominion Energy,0000950170-24-019110,2023,2024-02-23,1.0.3,0.3.0,2.8712849706775074,2.85,0.7786814262202778,1.19,5.0,72811,98916,26105,0.7360892070039226,2390,16612,warning_stem_collisions
S2023-148,0000029905,DOV,Dover Corporation,0000029905-24-000008,2023,2024-02-09,1.0.3,0.3.0,2.9149571673329526,2.82,0.8130208814165777,1.04,5.0,17510,23198,5688,0.7548064488317958,1990,4302,warning_stem_collisions
S2023-149,0001751788,DOW,Dow Inc.,0001751788-24-000010,2023,2024-01-31,1.0.3,0.3.0,2.9332439989675643,2.85,0.8170439588432042,1.04,5.0,23246,32038,8792,0.7255758786441101,2266,5503,warning_stem_collisions
S2023-150,0001666700,DD,DuPont,0001666700-24-000008,2023,2024-02-15,1.0.3,0.3.0,2.9028861756283804,2.82,0.7999522299767506,1.04,5.0,25144,34774,9630,0.723068959567493,2156,6033,warning_stem_collisions
S2023-151,0001326160,DUK,Duke Energy,0001326160-24-000037,2023,2024-02-23,1.0.3,0.3.0,2.9450746234543916,2.9,0.8033115126516928,1.19,5.0,43753,58806,15053,0.7440227187701935,2558,10257,warning_stem_collisions
S2023-152,0000821189,EOG,EOG Resources,0000821189-24-000011,2023,2024-02-22,1.0.3,0.3.0,2.9493092943115418,2.82,0.8754360119017505,1.26,5.0,20023,28061,8038,0.7135526175118492,1949,5461,warning_stem_collisions
S2023-153,0001352010,EPAM,EPAM Systems,0001352010-24-000008,2023,2024-02-22,1.0.3,0.3.0,2.856274675215117,2.79,0.7988362843361205,1.19,5.0,17781,24158,6377,0.7360294726384634,2080,4741,warning_stem_collisions
S2023-154,0000033213,EQT,EQT Corporation,0000033213-24-000008,2023,2024-02-14,1.0.3,0.3.0,2.916025667649624,2.8,0.8526357550966216,1.19,5.0,24077,32239,8162,0.7468283755699618,2331,5931,warning_stem_collisions
S2023-155,0000915389,EMN,Eastman Chemical Co.,0000915389-24-000016,2023,2024-02-14,1.0.3,0.3.0,2.937369812318266,2.85,0.8260666299338632,1.26,5.0,18915,26231,7316,0.7210933628149899,1990,4804,warning_stem_collisions
S2023-156,0001551182,ETN,Eaton Corporation,0001551182-24-000006,2023,2024-02-29,1.0.3,0.3.0,2.9111666793922275,2.86,0.8000884396569704,1.04,5.0,13097,17900,4803,0.7316759776536312,1675,3411,warning_stem_collisions
S2023-157,0000031462,ECL,Ecolab,0001558370-24-001581,2023,2024-02-23,1.0.3,0.3.0,2.92756522835175,2.86,0.8116030331537403,1.19,5.0,23801,31903,8102,0.7460426919098517,2096,6028,warning_stem_collisions
S2023-158,0000827052,EIX,Edison International,0000827052-24-000013,2023,2024-02-22,1.0.3,0.3.0,2.921922949369887,2.82,0.8166421254602562,1.26,5.0,36184,51844,15660,0.6979399737674562,2234,8920,warning_stem_collisions
S2023-159,0001099800,EW,Edwards Lifesciences,0001099800-24-000004,2023,2024-02-12,1.0.3,0.3.0,2.862461456671983,2.75,0.8037570063437373,1.26,5.0,16929,22714,5785,0.7453112617768777,2074,4017,warning_stem_collisions
S2023-160,0000712515,EA,Electronic Arts,0000712515-23-000028,2023,2023-05-24,1.0.3,0.3.0,2.89350082318077,2.83,0.8108555015954123,1.26,5.0,15185,20053,4868,0.757243305241111,1754,3782,warning_stem_collisions
S2023-161,0001156039,ELV,Elevance Health,0001156039-24-000015,2023,2024-02-21,1.0.3,0.3.0,2.8317469858707294,2.72,0.7826787162110477,1.26,5.0,28947,39135,10188,0.7396703717899579,2383,7695,warning_stem_collisions
S2023-162,0000032604,EMR,Emerson Electric,0000032604-23-000044,2023,2023-11-13,1.0.3,0.3.0,2.9369307282415633,2.82,0.8072973048159257,1.26,5.0,14075,19070,4995,0.738070267435763,1689,3348,warning_stem_collisions
S2023-163,0001463101,ENPH,Enphase Energy,0001463101-24-000024,2023,2024-02-09,1.0.3,0.3.0,2.8924709073753734,2.86,0.7877313548104132,1.26,5.0,25436,33874,8438,0.7509003955836334,2227,6283,warning_stem_collisions
S2023-164,0000065984,ETR,Entergy,0000065984-24-000012,2023,2024-02-23,1.0.3,0.3.0,2.9390179656895854,2.9,0.7716772424787989,1.17,5.0,96239,135456,39217,0.7104816324120009,3026,20623,warning_stem_collisions
S2023-165,0000033185,EFX,Equifax,0000033185-24-000017,2023,2024-02-22,1.0.3,0.3.0,2.849330564487317,2.79,0.7652605606381202,1.19,4.96,22392,29942,7550,0.7478458352815444,2155,5361,warning_stem_collisions
S2023-166,0001101239,EQIX,Equinix,0001628280-24-005350,2023,2024-02-16,1.0.3,0.3.0,2.8773659093690096,2.79,0.8057416043587029,1.19,5.0,24517,32994,8477,0.7430744983936474,2387,5938,warning_stem_collisions
S2023-167,0000906107,EQR,Equity Residential,0000950170-24-015907,2023,2024-02-15,1.0.3,0.3.0,2.892758540822235,2.8,0.803230840324139,1.25,5.0,25905,34818,8913,0.7440117180768568,2007,6364,warning_stem_collisions
S2023-168,0000920522,ESS,Essex Property Trust,0000920522-24-000033,2023,2024-02-23,1.0.3,0.3.0,2.905793762001142,2.82,0.8153838397875145,1.19,5.0,19269,26076,6807,0.7389553612517257,1941,4699,warning_stem_collisions
S2023-169,0001001250,EL,Estée Lauder Companies (The),0001001250-23-000112,2023,2023-08-18,1.0.3,0.3.0,2.9210277029116773,2.82,0.8178909119949485,1.26,5.0,22633,30348,7715,0.7457822591274549,2089,5376,warning_stem_collisions
S2023-170,0001370637,ETSY,Etsy,0001370637-24-000013,2023,2024-02-22,1.0.3,0.3.0,2.909731572080887,2.82,0.831402435337976,1.19,5.0,30660,40430,9770,0.7583477615631956,2830,6878,warning_stem_collisions
S2023-171,0001095073,EG,Everest Group,0001095073-24-000009,2023,2024-02-28,1.0.3,0.3.0,2.8517271259875967,2.76,0.7854310347941846,1.26,5.0,23542,31403,7861,0.7496735980638792,2128,5192,warning_stem_collisions
S2023-172,0001711269,EVRG,Evergy,0001711269-24-000007,2023,2024-02-29,1.0.3,0.3.0,2.898840085463062,2.79,0.8026982281919336,1.26,5.0,24338,35188,10850,0.6916562464476526,2015,5875,warning_stem_collisions
S2023-173,0000072741,ES,Eversource Energy,0000072741-24-000005,2023,2024-02-14,1.0.3,0.3.0,2.9477239591770616,2.89,0.8029440558378933,1.19,5.0,37038,51738,14700,0.7158761451930883,2288,8756,warning_stem_collisions
S2023-174,0001109357,EXC,Exelon,0001109357-24-000053,2023,2024-02-21,1.0.3,0.3.0,2.893394905920147,2.82,0.7872358925215998,1.26,5.0,34864,48894,14030,0.7130527263058862,2282,9323,warning_stem_collisions
S2023-175,0001324424,EXPE,Expedia Group,0001324424-24-000007,2023,2024-02-09,1.0.3,0.3.0,2.9220915712799167,2.85,0.8305451441854531,1.26,5.0,21142,28160,7018,0.75078125,2237,5129,warning_stem_collisions
S2023-176,0000746515,EXPD,Expeditors International,0000950170-24-019394,2023,2024-02-23,1.0.3,0.3.0,2.9297903985299185,2.82,0.8283155474133926,1.19,5.0,17414,23316,5902,0.7468691027620518,1856,4441,warning_stem_collisions
S2023-177,0001289490,EXR,Extra Space Storage,0001628280-24-008044,2023,2024-02-29,1.0.3,0.3.0,2.875109074113551,2.74,0.8088231236037632,1.19,5.0,14073,18289,4216,0.7694789217562469,1737,3100,warning_stem_collisions
S2023-178,0000034088,XOM,ExxonMobil,0000034088-24-000018,2023,2024-02-28,1.0.3,0.3.0,2.9342389468165666,2.82,0.8142435348460383,1.26,5.0,17167,23601,6434,0.7273844328630142,2015,4587,warning_stem_collisions
S2023-179,0001048695,FFIV,"F5, Inc.",0001048695-23-000039,2023,2023-11-14,1.0.3,0.3.0,2.917315852205006,2.86,0.8047176196140119,1.26,5.0,16780,22358,5578,0.7505143572770373,2027,4201,warning_stem_collisions
S2023-180,0000037785,FMC,FMC Corporation,0000037785-24-000033,2023,2024-02-27,1.0.3,0.3.0,2.8881887171985006,2.79,0.7984077724198393,1.19,5.0,21874,28966,7092,0.7551612235034179,2194,5226,warning_stem_collisions
S2023-181,0001013237,FDS,FactSet,0001013237-23-000128,2023,2023-10-27,1.0.3,0.3.0,2.8792368406727995,2.75,0.800891163748477,1.26,5.0,18371,24553,6182,0.7482181403494481,1939,4025,warning_stem_collisions
S2023-182,0000814547,FICO,Fair Isaac,0000814547-23-000022,2023,2023-11-08,1.0.3,0.3.0,2.8387712251232426,2.74,0.7808357020445728,1.26,5.0,16431,22238,5807,0.7388704020145697,1988,4389,warning_stem_collisions
S2023-183,0000815556,FAST,Fastenal,0000815556-24-000009,2023,2024-02-06,1.0.3,0.3.0,2.954749000745207,2.89,0.8258421537182852,1.04,5.0,14761,19379,4618,0.7617008101553228,2133,3480,warning_stem_collisions
S2023-184,0001048911,FDX,FedEx,0000950170-23-033201,2023,2023-07-17,1.0.3,0.3.0,2.9355251834194966,2.83,0.8233507531548095,1.19,5.0,32303,43769,11466,0.7380337681920994,2522,7518,warning_stem_collisions
S2023-185,0000034903,FRT,Federal Realty Investment Trust,0000034903-24-000032,2023,2024-02-12,1.0.3,0.3.0,2.8501170657097474,2.74,0.7920143252466584,1.19,5.0,16999,21817,4818,0.7791630379978915,1730,3676,warning_stem_collisions
S2023-186,0001136893,FIS,Fidelity National Information Services,0001136893-24-000015,2023,2024-02-26,1.0.3,0.3.0,2.8476819254365267,2.72,0.7950868876147357,1.19,5.0,21190,28299,7109,0.7487897098837415,2100,5337,warning_stem_collisions
S2023-187,0000035527,FITB,Fifth Third Bancorp,0000035527-24-000088,2023,2024-02-27,1.0.3,0.3.0,2.8228090207715133,2.72,0.7763881697414454,1.26,5.0,42125,58455,16330,0.7206398083996236,2560,10545,warning_stem_collisions
S2023-188,0001274494,FSLR,First Solar,0001274494-24-000004,2023,2024-02-27,1.0.3,0.3.0,2.904843756449948,2.85,0.8033849192816166,1.26,5.0,24225,32181,7956,0.7527733755942948,2272,6032,warning_stem_collisions
S2023-189,0001031296,FE,FirstEnergy,0001031296-24-000008,2023,2024-02-13,1.0.3,0.3.0,2.8964213917141413,2.81,0.7943356160060208,1.04,5.0,33527,48072,14545,0.6974330171409552,2445,8148,warning_stem_collisions
S2023-190,0000798354,FI,Fiserv,0000798354-24-000037,2023,2024-02-22,1.0.3,0.3.0,2.9106115679949114,2.82,0.8114265454613833,1.19,5.0,22009,29325,7316,0.7505200341005968,2060,5549,warning_stem_collisions
S2023-191,0000037996,F,Ford Motor Company,0000037996-24-000009,2023,2024-02-07,1.0.3,0.3.0,2.9650796629034826,2.86,0.8478646271640341,1.26,5.0,31445,41490,10045,0.7578934683056158,2524,7274,warning_stem_collisions
S2023-192,0001262039,FTNT,Fortinet,0001262039-24-000014,2023,2024-02-26,1.0.3,0.3.0,2.848757887073289,2.78,0.7842366799295367,1.26,4.97,24724,33336,8612,0.7416606671466283,2307,6602,warning_stem_collisions
S2023-193,0001659166,FTV,Fortive,0001659166-24-000046,2023,2024-02-27,1.0.3,0.3.0,2.838414533867818,2.74,0.7915638032519279,1.04,5.0,19458,25886,6428,0.7516804450282005,2100,4860,warning_stem_collisions
S2023-194,0001754301,FOXA|FOX,Fox Corporation (Class A)|Fox Corporation (Class B),0001628280-23-029065,2023,2023-08-11,1.0.3,0.3.0,3.014779934946127,2.92,0.8865680311816525,1.26,5.0,19676,26274,6598,0.7488772170206287,2192,4420,warning_stem_collisions
S2023-195,0000038777,BEN,Franklin Resources,0000038777-23-000169,2023,2023-11-14,1.0.3,0.3.0,2.8585445662671134,2.76,0.790267264368818,1.19,5.0,17603,23722,6119,0.7420537897310513,1859,4246,warning_stem_collisions
S2023-196,0000831259,FCX,Freeport-McMoRan,0000831259-24-000011,2023,2024-02-16,1.0.3,0.3.0,3.018225842759863,2.89,0.8876098225071959,1.19,5.0,35538,50396,14858,0.7051750138899913,2810,9291,warning_stem_collisions
S2023-197,0000040545,GE,GE Aerospace,0000040545-24-000027,2023,2024-02-02,1.0.3,0.3.0,2.8590834025504472,2.79,0.7909916295893494,1.04,5.0,20467,27436,6969,0.74599066919376,2112,5064,warning_stem_collisions
S2023-198,0001932393,GEHC,GE HealthCare,0001932393-24-000013,2023,2024-02-06,1.0.3,0.3.0,2.835429718272874,2.72,0.790235203803068,1.04,5.0,26657,36228,9571,0.7358120790548747,2587,6864,warning_stem_collisions
S2023-199,0001121788,GRMN,Garmin,0000950170-24-017559,2023,2024-02-21,1.0.3,0.3.0,2.931658243682762,2.86,0.8243073481677815,1.26,5.0,19985,27350,7365,0.7307129798903108,2033,4942,warning_stem_collisions
S2023-200,0000749251,IT,Gartner,0000749251-24-000006,2023,2024-02-15,1.0.3,0.3.0,2.8587594136632597,2.76,0.7968936636976097,1.19,5.0,14872,19855,4983,0.7490304709141274,1878,3615,warning_stem_collisions
S2023-201,0000849399,GEN,Gen Digital,0000849399-23-000014,2023,2023-05-25,1.0.3,0.3.0,2.8427383926712473,2.74,0.7913283408639062,1.26,5.0,19212,25163,5951,0.7635019671740254,2173,4366,warning_stem_collisions
S2023-202,0001474735,GNRC,Generac,0001437749-24-005040,2023,2024-02-21,1.0.3,0.3.0,2.9128039134054955,2.83,0.8119060156730585,1.26,5.0,19216,25384,6168,0.7570122912070596,2182,4502,warning_stem_collisions
S2023-203,0000040533,GD,General Dynamics,0000040533-24-000007,2023,2024-02-08,1.0.3,0.3.0,2.9563774756133605,2.87,0.8333924267878755,1.26,5.0,13532,18433,4901,0.7341181576520371,1924,3490,warning_stem_collisions
S2023-204,0000040704,GIS,General Mills,0001193125-23-177500,2023,2023-06-28,1.0.3,0.3.0,2.9510798562275355,2.82,0.8462152428636585,1.26,5.0,12798,16932,4134,0.755846917080085,1201,2775,warning_stem_collisions
S2023-205,0001467858,GM,General Motors,0001467858-24-000031,2023,2024-01-30,1.0.3,0.3.0,2.9238878035166063,2.82,0.8398086607814383,1.25,5.0,21498,28756,7258,0.7476005007650577,2242,5096,warning_stem_collisions
S2023-206,0000040987,GPC,Genuine Parts Company,0000040987-24-000024,2023,2024-02-22,1.0.3,0.3.0,2.9027687869406136,2.82,0.8144104484655095,1.26,4.97,14212,18664,4452,0.7614659237033862,1912,3416,warning_stem_collisions
S2023-207,0000882095,GILD,Gilead Sciences,0000882095-24-000007,2023,2024-02-23,1.0.3,0.3.0,2.865614417520024,2.79,0.8043500717867531,1.19,5.0,19726,27138,7412,0.7268774412263247,2198,4710,warning_stem_collisions
S2023-208,0001123360,GPN,Global Payments,0001123360-24-000004,2023,2024-02-14,1.0.3,0.3.0,2.8552753574853047,2.76,0.7849105138739298,1.26,4.97,23987,31208,7221,0.7686170212765957,2058,5756,warning_stem_collisions
S2023-209,0000320335,GL,Globe Life,0000320335-24-000006,2023,2024-02-28,1.0.3,0.3.0,2.8835847118051987,2.8,0.7961054533668381,1.26,5.0,19466,25081,5615,0.7761253538535147,1802,4156,warning_stem_collisions
S2023-210,0000886982,GS,Goldman Sachs,0000886982-24-000006,2023,2024-02-23,1.0.3,0.3.0,2.870354957160343,2.74,0.8039707454316191,1.19,5.0,57190,78096,20906,0.7323038311821348,2784,14117,warning_stem_collisions
S2023-211,0000860730,HCA,HCA Healthcare,0000950170-24-016524,2023,2024-02-16,1.0.3,0.3.0,2.8258018981053206,2.72,0.7659216082916923,1.26,5.0,29187,39366,10179,0.7414266117969822,2279,7616,warning_stem_collisions
S2023-212,0000047217,HPQ,HP Inc.,0000047217-23-000100,2023,2023-12-18,1.0.3,0.3.0,2.867198295822914,2.76,0.8011563461717485,1.19,5.0,21594,29305,7711,0.7368708411533867,2354,5526,warning_stem_collisions
S2023-213,0000045012,HAL,Halliburton,0000045012-24-000007,2023,2024-02-06,1.0.3,0.3.0,2.904666832215876,2.8,0.8236885432753843,1.19,5.0,12081,15976,3895,0.7561967951927892,1774,2986,warning_stem_collisions
S2023-214,0000874766,HIG,Hartford (The),0000874766-24-000016,2023,2024-02-23,1.0.3,0.3.0,2.8464817341893918,2.74,0.7776030732342025,1.26,5.0,44701,59507,14806,0.7511889357554573,2612,10681,warning_stem_collisions
S2023-215,0000046080,HAS,Hasbro,0000046080-24-000034,2023,2024-02-28,1.0.3,0.3.0,2.993767889768575,2.9,0.8377859310788375,1.19,5.0,26272,34836,8564,0.7541623607762086,2306,6195,warning_stem_collisions
S2023-216,0000765880,PEAK,Healthpeak Properties,0001628280-24-004094,2023,2024-02-09,1.0.3,0.3.0,2.8870937783674324,2.79,0.8163330960437447,1.19,5.0,28642,38508,9866,0.7437934974550743,2257,6836,warning_stem_collisions
S2023-217,0001000228,HSIC,Henry Schein,0001000228-24-000011,2023,2024-02-28,1.0.3,0.3.0,2.92439525498349,2.89,0.7879174817176721,1.26,5.0,16354,21553,5199,0.7587806801837331,1622,3413,warning_stem_collisions
S2023-218,0000047111,HSY,Hershey Company (The),0000047111-24-000009,2023,2024-02-20,1.0.3,0.3.0,2.9537104176227627,2.86,0.8418402246687685,1.19,5.0,17432,23165,5733,0.7525145693934815,1977,4179,warning_stem_collisions
S2023-219,0001645590,HPE,Hewlett Packard Enterprise,0001645590-23-000117,2023,2023-12-22,1.0.3,0.3.0,2.896346819983573,2.8,0.8148723569810052,1.19,5.0,28003,38319,10316,0.7307862940055847,2454,7061,warning_stem_collisions
S2023-220,0001585689,HLT,Hilton Worldwide,0001585689-24-000027,2023,2024-02-07,1.0.3,0.3.0,2.896312994832409,2.75,0.849974774128738,1.23,5.0,21093,28000,6907,0.7533214285714286,2379,5226,warning_stem_collisions
S2023-221,0000354950,HD,Home Depot (The),0000354950-23-000059,2023,2023-03-15,1.0.3,0.3.0,2.9130192970365267,2.82,0.8296716954926463,1.04,5.0,14510,19064,4554,0.7611204364246748,2028,3652,warning_stem_collisions
S2023-222,0000773840,HON,Honeywell Technologies,0000773840-24-000014,2023,2024-02-16,1.0.3,0.3.0,2.879022385945027,2.8,0.7967288547660761,1.19,5.0,17645,23620,5975,0.7470364098221846,2071,4175,warning_stem_collisions
S2023-223,0000048465,HRL,Hormel Foods,0000048465-23-000083,2023,2023-12-06,1.0.3,0.3.0,2.93439672801636,2.81,0.8503611267792601,1.19,5.0,13692,18262,4570,0.7497535866827292,1760,3375,warning_stem_collisions
S2023-224,0001070750,HST,Host Hotels & Resorts,0001070750-24-000081,2023,2024-02-28,1.0.3,0.3.0,2.9754070889629762,2.86,0.872646427902005,1.19,5.0,22796,29745,6949,0.7663809043536729,2118,4961,warning_stem_collisions
S2023-225,0000004281,HWM,Howmet Aerospace,0000004281-24-000007,2023,2024-02-13,1.0.3,0.3.0,2.926787431117364,2.82,0.8181343772621542,1.19,5.0,17058,23384,6326,0.7294731440301061,1892,4318,warning_stem_collisions
S2023-226,0000048898,HUBB,Hubbell Incorporated,0001628280-24-003792,2023,2024-02-08,1.0.3,0.3.0,2.8919638718878127,2.82,0.8001135011451345,1.26,5.0,16829,22516,5687,0.7474240540060402,1793,4362,warning_stem_collisions
S2023-227,0000049071,HUM,Humana,0000049071-24-000012,2023,2024-02-15,1.0.3,0.3.0,2.8526375229204866,2.76,0.7697107625001636,1.19,5.0,23996,32021,8025,0.7493832172636707,2010,5756,warning_stem_collisions
S2023-228,0000049196,HBAN,Huntington Bancshares,0000049196-24-000020,2023,2024-02-16,1.0.3,0.3.0,2.8327232575675967,2.72,0.7931458612495896,1.19,5.0,27849,37091,9242,0.7508290420856811,2439,6303,warning_stem_collisions
S2023-229,0001501585,HII,Huntington Ingalls Industries,0001501585-24-000007,2023,2024-02-01,1.0.3,0.3.0,2.918687028766268,2.86,0.811076974218361,1.04,5.0,20823,28075,7252,0.7416918967052538,2220,5017,warning_stem_collisions
S2023-230,0000051143,IBM,IBM,0000051143-24-000012,2023,2024-02-26,1.0.3,0.3.0,2.9151561771561774,2.82,0.8349241057257736,1.3,5.0,4290,5873,1583,0.7304614336795505,1079,1066,warning_stem_collisions
S2023-231,0000832101,IEX,IDEX Corporation,0000832101-24-000009,2023,2024-02-22,1.0.3,0.3.0,2.9598077195969914,2.89,0.8216096480181344,1.04,5.0,14094,19232,5138,0.7328410981697171,1930,3462,warning_stem_collisions
S2023-232,0001478242,IQV,IQVIA,0001478242-24-000038,2023,2024-02-15,1.0.3,0.3.0,2.843464865080314,2.74,0.7847184363861114,1.19,5.0,25089,32927,7838,0.761958271327482,2505,6122,warning_stem_collisions
S2023-233,0000874716,IDXX,Idexx Laboratories,0000874716-24-000057,2023,2024-02-22,1.0.3,0.3.0,2.8996543384897637,2.82,0.8139656016092944,1.04,5.0,23983,32175,8192,0.7453923853923854,2314,6026,warning_stem_collisions
S2023-234,0000049826,ITW,Illinois Tool Works,0000049826-24-000008,2023,2024-02-09,1.0.3,0.3.0,2.9928196233894946,2.9,0.8340827615542303,1.3,5.0,14126,18797,4671,0.7515028993988402,1556,3310,warning_stem_collisions
S2023-235,0000879169,INCY,Incyte,0000879169-24-000045,2023,2024-02-13,1.0.3,0.3.0,2.8616519313136073,2.76,0.7978339707398405,1.04,5.0,25449,35563,10114,0.7156032955599921,2517,6212,warning_stem_collisions
S2023-236,0001699150,IR,Ingersoll Rand,0001628280-24-006642,2023,2024-02-23,1.0.3,0.3.0,2.9060259701041824,2.83,0.8085175319412751,1.19,5.0,19869,26142,6273,0.7600413128299288,2116,4733,warning_stem_collisions
S2023-237,0001145197,PODD,Insulet Corporation,0001145197-24-000011,2023,2024-02-23,1.0.3,0.3.0,2.8998173199213784,2.82,0.8195347297347869,1.19,4.97,17298,22882,5584,0.7559653876409405,2241,3928,warning_stem_collisions
S2023-238,0000050863,INTC,Intel,0000050863-24-000010,2023,2024-01-26,1.0.3,0.3.0,2.910104895104895,2.83,0.8177072747213486,1.19,5.0,21450,29347,7897,0.7309094626367261,2478,5455,warning_stem_collisions
S2023-239,0001571949,ICE,Intercontinental Exchange,0001571949-24-000007,2023,2024-02-08,1.0.3,0.3.0,2.9306823712948518,2.86,0.8196976569918913,1.19,5.0,32050,42647,10597,0.7515182779562455,2544,7646,warning_stem_collisions
S2023-240,0000051253,IFF,International Flavors & Fragrances,0000051253-24-000006,2023,2024-02-28,1.0.3,0.3.0,2.894626312790035,2.79,0.8188925053132052,1.26,5.0,24566,32863,8297,0.7475276146426072,2349,5967,warning_stem_collisions
S2023-241,0000051434,IP,International Paper,0000051434-24-000024,2023,2024-02-16,1.0.3,0.3.0,2.9211256141744006,2.82,0.8331874957657658,1.04,5.0,20149,26947,6798,0.7477270197053475,2192,4898,warning_stem_collisions
S2023-242,0000896878,INTU,Intuit,0000896878-23-000034,2023,2023-09-01,1.0.3,0.3.0,2.8905736740552497,2.82,0.8058616118197575,1.19,5.0,21249,27798,6549,0.7644075113317504,2218,5083,warning_stem_collisions
S2023-243,0001035267,ISRG,Intuitive Surgical,0001035267-24-000021,2023,2024-01-31,1.0.3,0.3.0,2.8701581256474316,2.81,0.8089208505892673,1.19,5.0,32822,45504,12682,0.7212992264416315,2960,8697,warning_stem_collisions
S2023-244,0000914208,IVZ,Invesco,0000914208-24-000219,2023,2024-02-21,1.0.3,0.3.0,2.872965066893183,2.76,0.8023413689841847,1.19,4.96,18836,24821,5985,0.7588735345070706,1990,3995,warning_stem_collisions
S2023-245,0001687229,INVH,Invitation Homes,0001687229-24-000013,2023,2024-02-21,1.0.3,0.3.0,2.827901146934658,2.72,0.7843438919068927,1.19,5.0,26767,35992,9225,0.7436930428984219,2470,7036,warning_stem_collisions
S2023-246,0001020569,IRM,Iron Mountain,0001020569-24-000040,2023,2024-02-22,1.0.3,0.3.0,2.8968816809652704,2.81,0.8111767579369572,1.26,5.0,21797,28743,6946,0.758341161326236,1923,4991,warning_stem_collisions
S2023-247,0000728535,JBHT,J.B. Hunt,0001437749-24-005368,2023,2024-02-23,1.0.3,0.3.0,2.9406171166475557,2.89,0.8121049904080012,1.19,5.0,9593,12723,3130,0.7539888391102727,1482,2334,warning_stem_collisions
S2023-248,0000091419,SJM,J.M. Smucker Company (The),0000091419-23-000072,2023,2023-06-20,1.0.3,0.3.0,2.9281476212155706,2.8,0.8745145642179342,1.19,5.0,17572,22984,5412,0.7645318482422555,2068,4052,warning_stem_collisions
S2023-249,0000019617,JPM,JPMorgan Chase,0000019617-24-000225,2023,2024-02-16,1.0.3,0.3.0,2.8643018762349404,2.74,0.801854948880858,1.19,5.0,57189,78925,21736,0.7245993031358885,2851,13820,warning_stem_collisions
S2023-250,0000898293,JBL,Jabil,0001193125-23-259599,2023,2023-10-20,1.0.3,0.3.0,2.8878842216293354,2.82,0.8053401162600188,1.19,5.0,16117,21341,5224,0.7552129703387845,2007,3978,warning_stem_collisions
S2023-251,0000779152,JKHY,Jack Henry & Associates,0000779152-23-000062,2023,2023-08-24,1.0.3,0.3.0,2.8699102927289895,2.75,0.7975589182150566,1.19,5.0,12708,16763,4055,0.7580981924476525,1737,3100,warning_stem_collisions
S2023-252,0000052988,J,Jacobs Solutions,0000052988-23-000084,2023,2023-11-21,1.0.3,0.3.0,2.863171772778044,2.75,0.8059621384279295,1.26,5.0,25068,33345,8277,0.7517768780926676,2486,6113,warning_stem_collisions
S2023-253,0000833444,JCI,Johnson Controls,0000833444-23-000048,2023,2023-12-14,1.0.3,0.3.0,2.8990084341112943,2.79,0.8227342464590709,1.26,5.0,22409,30821,8412,0.7270692060608027,2274,6010,warning_stem_collisions
S2023-254,0000319201,KLAC,KLA Corporation,0000319201-23-000031,2023,2023-08-04,1.0.3,0.3.0,2.8535091234652117,2.75,0.7969132036570926,1.04,5.0,23456,31150,7694,0.7530016051364365,2289,5965,warning_stem_collisions
S2023-255,0001944048,KVUE,Kenvue,0001944048-24-000057,2023,2024-03-01,1.0.3,0.3.0,2.8378078718733577,2.74,0.8077518330403081,1.19,5.0,32343,43246,10903,0.7478841973824168,2587,8137,warning_stem_collisions
S2023-256,0001418135,KDP,Keurig Dr Pepper,0001418135-24-000007,2023,2024-02-22,1.0.3,0.3.0,2.914376884697626,2.82,0.8334168031726014,1.26,5.0,18239,24411,6172,0.7471631641473107,2143,4430,warning_stem_collisions
S2023-257,0000091576,KEY,KeyCorp,0000091576-24-000040,2023,2024-02-22,1.0.3,0.3.0,2.8476632937469706,2.72,0.812253670289282,1.26,5.0,33008,43608,10600,0.7569253348009539,2527,7470,warning_stem_collisions
S2023-258,0001601046,KEYS,Keysight Technologies,0001601046-23-000134,2023,2023-12-15,1.0.3,0.3.0,2.8774344023323613,2.79,0.7921604035818001,1.19,4.97,21266,28094,6828,0.7569587812344273,2174,5255,warning_stem_collisions
S2023-259,0000055785,KMB,Kimberly-Clark,0000055785-24-000018,2023,2024-02-08,1.0.3,0.3.0,2.8896913902348116,2.76,0.8243634855717837,1.19,5.0,13415,17972,4557,0.7464389049632763,1748,3375,warning_stem_collisions
S2023-260,0000879101,KIM,Kimco Realty,0001437749-24-005407,2023,2024-02-26,1.0.3,0.3.0,2.904347087378641,2.81,0.799469278398593,1.26,5.0,20600,27967,7367,0.7365824006865234,1905,4826,warning_stem_collisions
S2023-261,0001506307,KMI,Kinder Morgan,0001506307-24-000011,2023,2024-02-20,1.0.3,0.3.0,2.89808731349872,2.76,0.8440897463686482,1.26,5.0,22654,30708,8054,0.7377230689071251,2283,5793,warning_stem_collisions
S2023-262,0001637459,KHC,Kraft Heinz,0001637459-24-000018,2023,2024-02-15,1.0.3,0.3.0,2.8747735368956744,2.76,0.8079106785872814,1.26,5.0,23580,31596,8016,0.7462969996202051,2119,5936,warning_stem_collisions
S2023-263,0000056873,KR,Kroger,0001558370-23-004767,2023,2023-03-28,1.0.3,0.3.0,2.938560248654049,2.85,0.8392415591916781,1.19,5.0,18017,23995,5978,0.7508647634923943,1855,4506,warning_stem_collisions
S2023-264,0000202058,LHX,L3Harris,0000202058-24-000029,2023,2024-02-20,1.0.3,0.3.0,2.86007204000339,2.81,0.7935586483134546,1.19,5.0,23598,31803,8205,0.7420054711819639,2139,5745,warning_stem_collisions
S2023-265,0001065696,LKQ,LKQ Corporation,0001065696-24-000009,2023,2024-02-22,1.0.3,0.3.0,2.9438673168936327,2.86,0.8115434918860335,1.19,5.0,21736,29003,7267,0.7494397131331242,2312,5312,warning_stem_collisions
S2023-266,0000920148,LH,Labcorp,0000920148-24-000014,2023,2024-02-26,1.0.3,0.3.0,2.901431852107016,2.81,0.8058672095604451,1.04,5.0,26127,36365,10238,0.7184655575415921,2481,6967,warning_stem_collisions
S2023-267,0000707549,LRCX,Lam Research,0000707549-23-000102,2023,2023-08-15,1.0.3,0.3.0,2.904662761601456,2.82,0.8271892671707557,1.04,4.96,17584,23386,5802,0.7519028478576927,2074,4346,warning_stem_collisions
S2023-268,0001679273,LW,Lamb Weston,0001558370-23-012203,2023,2023-07-25,1.0.3,0.3.0,2.8956362429071594,2.8,0.831592717128378,1.26,5.0,16566,21986,5420,0.7534794869462386,1910,3935,warning_stem_collisions
S2023-269,0001300514,LVS,Las Vegas Sands,0001300514-24-000048,2023,2024-02-07,1.0.3,0.3.0,2.9784948156025672,2.89,0.84011075345541,1.26,5.0,26329,36258,9929,0.7261569860444591,2333,6119,warning_stem_collisions
S2023-270,0001336920,LDOS,Leidos,0001336920-24-000008,2023,2024-02-13,1.0.3,0.3.0,2.798198077353007,2.72,0.7798245740612049,1.19,5.0,22365,30271,7906,0.7388259390175416,2314,6059,warning_stem_collisions
S2023-271,0000920760,LEN,Lennar,0001628280-24-002371,2023,2024-01-26,1.0.3,0.3.0,2.92599805573558,2.85,0.812445244043906,1.19,5.0,18516,25105,6589,0.7375423222465645,1850,4862,warning_stem_collisions
S2023-272,0000059478,LLY,Lilly (Eli),0000059478-24-000065,2023,2024-02-21,1.0.3,0.3.0,2.8512575841147267,2.74,0.797584531621573,1.19,5.0,19943,26878,6935,0.7419822903489843,2222,5046,warning_stem_collisions
S2023-273,0001707925,LIN,Linde plc,0001628280-24-007424,2023,2024-02-28,1.0.3,0.3.0,2.8996325825526545,2.82,0.8049085703789127,1.26,5.0,15051,21061,6010,0.7146384312235886,1781,3800,warning_stem_collisions
S2023-274,0001335258,LYV,Live Nation Entertainment,0001335258-24-000017,2023,2024-02-22,1.0.3,0.3.0,2.8915582988962703,2.82,0.8063844174791884,1.19,5.0,19117,25463,6346,0.7507756352354397,2184,4960,warning_stem_collisions
S2023-275,0000936468,LMT,Lockheed Martin,0000936468-24-000010,2023,2024-01-23,1.0.3,0.3.0,2.863096796270157,2.8,0.7854029834685201,1.26,5.0,23379,31077,7698,0.7522926923448209,2147,5721,warning_stem_collisions
S2023-276,0000060086,L,Loews Corporation,0000060086-24-000029,2023,2024-02-06,1.0.3,0.3.0,2.893393151248971,2.79,0.847276359066364,1.19,5.0,29144,39320,10176,0.7412004069175991,2426,7020,warning_stem_collisions
S2023-277,0000060667,LOW,Lowe's,0000060667-23-000034,2023,2023-03-27,1.0.3,0.3.0,2.9192085257548848,2.82,0.8213453324248275,1.26,5.0,14075,18595,4520,0.7569239042753428,1940,3417,warning_stem_collisions
S2023-278,0001397187,LULU,Lululemon Athletica,0001397187-23-000012,2023,2023-03-28,1.0.3,0.3.0,2.9448193843805646,2.85,0.8409492094186815,1.26,5.0,15724,20453,4729,0.7687869750158901,1970,3558,warning_stem_collisions
S2023-279,0001489393,LYB,LyondellBasell,0001489393-24-000012,2023,2024-02-22,1.0.3,0.3.0,2.899427442183411,2.79,0.8194066600850214,1.26,5.0,18723,25675,6952,0.7292307692307692,2082,4826,warning_stem_collisions
S2023-280,0000036270,MTB,M&T Bank,0000950170-24-017990,2023,2024-02-21,1.0.3,0.3.0,2.8791859575282186,2.75,0.7973958729272005,1.19,5.0,41816,56235,14419,0.743593847248155,2314,10207,warning_stem_collisions
S2023-281,0000789570,MGM,MGM Resorts,0000789570-24-000005,2023,2024-02-23,1.0.3,0.3.0,2.9312564065718254,2.83,0.8488044824376897,1.26,5.0,20877,28496,7619,0.7326291409320607,2245,4754,warning_stem_collisions
S2023-282,0001408198,MSCI,MSCI Inc.,0001408198-24-000030,2023,2024-02-09,1.0.3,0.3.0,2.8770722527608577,2.79,0.7864248832804689,1.19,5.0,20193,27365,7172,0.7379133930202814,2071,5030,warning_stem_collisions
S2023-283,0001510295,MPC,Marathon Petroleum,0001510295-24-000015,2023,2024-02-28,1.0.3,0.3.0,2.958636754475103,2.86,0.865324001114719,1.26,5.0,25586,34680,9094,0.7377739331026528,2416,6150,warning_stem_collisions
S2023-284,0001278021,MKTX,MarketAxess,0000950170-24-018935,2023,2024-02-22,1.0.3,0.3.0,2.889882482108003,2.83,0.7933460307731307,1.19,5.0,24592,33156,8564,0.7417058752563639,2072,5899,warning_stem_collisions
S2023-285,0001048286,MAR,Marriott International,0001628280-24-004372,2023,2024-02-13,1.0.3,0.3.0,2.8829890516824985,2.77,0.8262567315819859,1.19,5.0,12422,16278,3856,0.7631158618994962,1736,2925,warning_stem_collisions
S2023-286,0000062709,MMC,Marsh & McLennan,0000062709-24-000016,2023,2024-02-12,1.0.3,0.3.0,2.90482778819119,2.82,0.8217496924457908,1.26,5.0,25608,33972,8364,0.7537972447898269,2261,5676,warning_stem_collisions
S2023-287,0000916076,MLM,Martin Marietta Materials,0000950170-24-019275,2023,2024-02-23,1.0.3,0.3.0,3.004931969309463,2.9,0.8655237500804009,1.26,5.0,29325,40327,11002,0.7271803010390061,2387,7441,warning_stem_collisions
S2023-288,0000062996,MAS,Masco,0000062996-24-000006,2023,2024-02-08,1.0.3,0.3.0,2.8804798621934213,2.79,0.8015259364634261,1.3,5.0,12191,15993,3802,0.7622709935596823,1608,2889,warning_stem_collisions
S2023-289,0001141391,MA,Mastercard,0001141391-24-000022,2023,2024-02-13,1.0.3,0.3.0,2.8994561090526507,2.82,0.8135423760996863,1.23,5.0,21861,29098,7237,0.7512887483675854,2122,5437,warning_stem_collisions
S2023-290,0000891103,MTCH,Match Group,0000891103-24-000014,2023,2024-02-23,1.0.3,0.3.0,2.8744358311800173,2.81,0.8120630013944631,1.23,5.0,17415,23127,5712,0.7530159553768323,2023,4212,warning_stem_collisions
S2023-291,0000063754,MKC,McCormick & Company,0000063754-24-000027,2023,2024-01-25,1.0.3,0.3.0,2.8928346588999663,2.83,0.8003192498258561,1.19,5.0,17854,23642,5788,0.7551814567295491,1895,4382,warning_stem_collisions
S2023-292,0000063908,MCD,McDonald's,0000063908-24-000072,2023,2024-02-22,1.0.3,0.3.0,2.949475886368641,2.86,0.8661079426663585,1.26,5.0,13623,18058,4435,0.7544024808948943,1843,3215,warning_stem_collisions
S2023-293,0000927653,MCK,McKesson Corporation,0000927653-23-000038,2023,2023-05-09,1.0.3,0.3.0,2.89556160353071,2.79,0.802458019862449,1.26,5.0,27190,36880,9690,0.7372559652928417,2224,6623,warning_stem_collisions
S2023-294,0001613103,MDT,Medtronic,0001613103-23-000040,2023,2023-06-22,1.0.3,0.3.0,2.9101450749701447,2.85,0.821191852364991,1.19,5.0,22609,30519,7910,0.7408171958452112,2484,5298,warning_stem_collisions
S2023-295,0000310158,MRK,Merck & Co.,0001628280-24-006850,2023,2024-02-26,1.0.3,0.3.0,2.9160960822549193,2.82,0.8308810120268,1.04,5.0,28205,40503,12298,0.6963681702589931,2585,7248,warning_stem_collisions
S2023-296,0001099219,MET,MetLife,0001099219-24-000035,2023,2024-02-16,1.0.3,0.3.0,2.831078037947559,2.73,0.7883308410117708,1.26,4.97,51334,69921,18587,0.7341714220334378,2575,12836,warning_stem_collisions
S2023-297,0001326801,META,Meta Platforms,0001326801-24-000012,2023,2024-02-02,1.0.3,0.3.0,2.8682365516169157,2.8,0.8118162998923737,1.19,5.0,25728,34587,8859,0.7438633012403504,2226,6805,warning_stem_collisions
S2023-298,0001037646,MTD,Mettler Toledo,0001037646-24-000007,2023,2024-02-09,1.0.3,0.3.0,2.911864208749838,2.83,0.8141882597955986,1.23,5.0,15406,20552,5146,0.7496107434799533,1931,3784,warning_stem_collisions
S2023-299,0000827054,MCHP,Microchip Technology,0000827054-23-000080,2023,2023-05-25,1.0.3,0.3.0,2.8929665540375105,2.8,0.8303049390820709,1.19,5.0,20421,26619,6198,0.767158796348473,2087,4785,warning_stem_collisions
S2023-300,0000723125,MU,Micron Technology,0000723125-23-000054,2023,2023-10-06,1.0.3,0.3.0,2.8967635477217324,2.82,0.810086479048864,1.26,5.0,15999,21550,5551,0.7424129930394432,1940,4184,warning_stem_collisions
S2023-301,0000789019,MSFT,Microsoft,0000950170-23-035122,2023,2023-07-27,1.0.3,0.3.0,2.9453894969973167,2.87,0.8380927893340895,1.23,5.0,23479,31727,8248,0.7400321492734895,2179,6140,warning_stem_collisions
S2023-302,0000912595,MAA,Mid-America Apartment Communities,0000950170-24-013275,2023,2024-02-09,1.0.3,0.3.0,2.8857589339794067,2.8,0.812394825653929,1.26,5.0,24765,33275,8510,0.7442524417731029,1915,5789,warning_stem_collisions
S2023-303,0001682852,MRNA,Moderna,0001682852-24-000015,2023,2024-02-23,1.0.3,0.3.0,2.8546316628841315,2.72,0.8107482692715566,1.04,5.0,32606,45514,12908,0.716394955398339,3115,8266,warning_stem_collisions
S2023-304,0000851968,MHK,Mohawk Industries,0000851968-24-000027,2023,2024-02-23,1.0.3,0.3.0,3.007096544859946,2.9,0.8617717912186509,1.29,5.0,14066,19363,5297,0.7264370190569643,1845,3635,warning_stem_collisions
S2023-305,0001179929,MOH,Molina Healthcare,0001179929-24-000033,2023,2024-02-13,1.0.3,0.3.0,2.8202792603374847,2.74,0.7652277122425659,1.19,5.0,18549,25093,6544,0.7392101382855777,2112,4629,warning_stem_collisions
S2023-306,0000024545,TAP,Molson Coors Beverage Company,0000024545-24-000005,2023,2024-02-20,1.0.3,0.3.0,2.898690998690999,2.79,0.8334383646897917,1.04,5.0,25974,34905,8931,0.7441340782122905,2424,6196,warning_stem_collisions
S2023-307,0001103982,MDLZ,Mondelez International,0001103982-24-000019,2023,2024-02-02,1.0.3,0.3.0,2.921611767773336,2.82,0.8265885348372812,1.19,5.0,23012,30995,7983,0.7424423294079691,2237,5737,warning_stem_collisions
S2023-308,0001280452,MPWR,Monolithic Power Systems,0001437749-24-006133,2023,2024-02-29,1.0.3,0.3.0,2.873718579772921,2.81,0.7999663601770076,1.19,5.0,15237,20320,5083,0.7498523622047244,1779,3789,warning_stem_collisions
S2023-309,0000865752,MNST,Monster Beverage,0001104659-24-029425,2023,2024-02-29,1.0.3,0.3.0,3.025195684795393,2.96,0.8653936701620871,1.26,5.0,24657,32849,8192,0.7506164571219824,2271,5720,warning_stem_collisions
S2023-310,0001059556,MCO,Moody's Corporation,0001059556-24-000017,2023,2024-02-14,1.0.3,0.3.0,2.8372434933487565,2.72,0.7998340423905822,1.26,4.97,17290,24386,7096,0.7090133683260887,2035,4825,warning_stem_collisions
S2023-311,0000895421,MS,Morgan Stanley,0000895421-24-000300,2023,2024-02-22,1.0.3,0.3.0,2.83202483135155,2.72,0.7959108522265282,1.19,5.0,38097,51275,13178,0.7429936616284739,2427,9265,warning_stem_collisions
S2023-312,0001285785,MOS,Mosaic Company (The),0001618034-24-000004,2023,2024-02-22,1.0.3,0.3.0,3.0526360955568075,2.93,0.8839328635820805,1.04,5.0,30181,41558,11377,0.7262380287790557,2710,7219,warning_stem_collisions
S2023-313,0000068505,MSI,Motorola Solutions,0000068505-24-000008,2023,2024-02-15,1.0.3,0.3.0,2.9269888958538552,2.86,0.8105895412979591,1.04,5.0,22334,29784,7450,0.7498656997045393,2199,5564,warning_stem_collisions
S2023-314,0001013871,NRG,NRG Energy,0001013871-24-000005,2023,2024-02-28,1.0.3,0.3.0,2.8980116799289646,2.82,0.8208239955636613,1.26,5.0,29281,40520,11239,0.7226307996051333,2486,7122,warning_stem_collisions
S2023-315,0000906163,NVR,"NVR, Inc.",0000906163-24-000033,2023,2024-02-14,1.0.3,0.3.0,2.889520358868185,2.82,0.7956549279828132,1.19,4.96,11592,15214,3622,0.7619298014986197,1390,2787,warning_stem_collisions
S2023-316,0001413447,NXPI,NXP Semiconductors,0001413447-24-000013,2023,2024-02-22,1.0.3,0.3.0,2.8837789383008507,2.82,0.8099647533737497,1.19,5.0,18574,24774,6200,0.7497376281585533,2267,4541,warning_stem_collisions
S2023-317,0001120193,NDAQ,"Nasdaq, Inc.",0001120193-24-000006,2023,2024-02-21,1.0.3,0.3.0,2.8910557470403115,2.8,0.8041196902743041,1.26,5.0,26692,36497,9805,0.7313477820094803,2358,6757,warning_stem_collisions
S2023-318,0001002047,NTAP,NetApp,0000950170-23-027948,2023,2023-06-14,1.0.3,0.3.0,2.8842421094686377,2.8,0.8123170809878291,1.19,5.0,25030,33290,8260,0.7518774406728748,2108,6257,warning_stem_collisions
S2023-319,0001065280,NFLX,Netflix,0001065280-24-000030,2023,2024-01-26,1.0.3,0.3.0,2.848679718875502,2.74,0.7850227747382571,1.26,5.0,11952,15302,3350,0.7810743693634818,1698,2618,warning_stem_collisions
S2023-320,0001164727,NEM,Newmont,0001164727-24-000016,2023,2024-02-29,1.0.3,0.3.0,2.974120553141748,2.83,0.8814606802554911,1.19,5.0,45341,63160,17819,0.7178752374920836,3052,11487,warning_stem_collisions
S2023-321,0001564708,NWSA|NWS,News Corp (Class A)|News Corp (Class B),0001564708-23-000368,2023,2023-08-15,1.0.3,0.3.0,2.9671660955816055,2.89,0.8376821824405444,1.19,5.0,27725,37825,10100,0.7329808327825512,2359,6633,warning_stem_collisions
S2023-322,0000753308,NEE,NextEra Energy,0000753308-24-000008,2023,2024-02-16,1.0.3,0.3.0,2.875563976101688,2.76,0.8033033802553214,1.19,5.0,24939,35087,10148,0.7107760709094536,2036,5973,warning_stem_collisions
S2023-323,0001111711,NI,NiSource,0001111711-24-000011,2023,2024-02-21,1.0.3,0.3.0,2.8610200372181587,2.75,0.7977319316716734,1.19,5.0,23107,31036,7929,0.7445224900115994,2229,5567,warning_stem_collisions
S2023-324,0000320187,NKE,"Nike, Inc.",0000320187-23-000039,2023,2023-07-20,1.0.3,0.3.0,2.8876206081444074,2.7649999999999997,0.8230849311890638,1.19,5.0,18614,24722,6108,0.7529326106302079,2071,4637,warning_stem_collisions
S2023-325,0000072331,NDSN,Nordson Corporation,0000072331-23-000242,2023,2023-12-20,1.0.3,0.3.0,2.8913411638261937,2.78,0.8054331411731471,1.25,5.0,13026,17053,4027,0.7638538673547176,1883,3003,warning_stem_collisions
S2023-326,0000702165,NSC,Norfolk Southern,0000702165-24-000005,2023,2024-02-05,1.0.3,0.3.0,2.9218895752895753,2.825,0.8337883707907198,1.19,5.0,12950,16993,4043,0.7620785029129642,1872,2946,warning_stem_collisions
S2023-327,0000073124,NTRS,Northern Trust,0000073124-24-000073,2023,2024-02-27,1.0.3,0.3.0,2.816618533798794,2.72,0.7980189299577529,1.19,5.0,37812,50044,12232,0.7555750939173528,2505,8827,warning_stem_collisions
S2023-328,0001133421,NOC,Northrop Grumman,0001133421-24-000006,2023,2024-01-25,1.0.3,0.3.0,2.856665379736363,2.77,0.7942835651229583,1.19,5.0,18131,24374,6243,0.7438664150324116,2149,4475,warning_stem_collisions
S2023-329,0001513761,NCLH,Norwegian Cruise Line Holdings,0001558370-24-001935,2023,2024-02-28,1.0.3,0.3.0,2.907025375574064,2.81,0.8292642612404206,1.19,5.0,25694,34265,8571,0.7498613745804757,2443,6105,warning_stem_collisions
S2023-330,0000073309,NUE,Nucor,0000950170-24-021195,2023,2024-02-27,1.0.3,0.3.0,3.0378377592556696,2.9,0.8884708153057299,1.26,5.0,20636,28694,8058,0.7191747403638391,2049,5308,warning_stem_collisions
S2023-331,0001045810,NVDA,Nvidia,0001045810-23-000017,2023,2023-02-24,1.0.3,0.3.0,2.9038733950432967,2.82,0.8190905374533909,1.19,5.0,16745,22650,5905,0.7392935982339955,2163,4071,warning_stem_collisions
S2023-332,0001097864,ON,ON Semiconductor,0001628280-24-003201,2023,2024-02-05,1.0.3,0.3.0,2.8629075793565106,2.75,0.7952849607165653,1.26,5.0,18524,24429,5905,0.7582790945188096,2047,4346,warning_stem_collisions
S2023-333,0000797468,OXY,Occidental Petroleum,0000797468-24-000034,2023,2024-02-14,1.0.3,0.3.0,2.908233800824004,2.76,0.8435581959779294,1.19,5.0,24029,34876,10847,0.6889838284206904,2394,6815,warning_stem_collisions
S2023-334,0000878927,ODFL,Old Dominion,0000950170-24-020176,2023,2024-02-26,1.0.3,0.3.0,2.9240739127278004,2.85,0.8251626380751643,1.19,5.0,13773,18014,4241,0.7645719995559009,1669,3215,warning_stem_collisions
S2023-335,0000029989,OMC,Omnicom Group,0000029989-24-000007,2023,2024-02-07,1.0.3,0.3.0,2.8849234711545124,2.76,0.7944315469691753,1.19,5.0,14439,19081,4642,0.7567213458414129,1501,3483,warning_stem_collisions
S2023-336,0001039684,OKE,Oneok,0001039684-24-000015,2023,2024-02-27,1.0.3,0.3.0,2.9404008382379168,2.85,0.8485727454490262,1.26,5.0,22428,29991,7563,0.7478243473041912,2223,5289,warning_stem_collisions
S2023-337,0001341439,ORCL,Oracle Corporation,0000950170-23-028914,2023,2023-06-20,1.0.3,0.3.0,2.9064667274384686,2.83,0.8177411906273117,1.19,5.0,32910,43438,10528,0.7576315668308854,2188,8283,warning_stem_collisions
S2023-338,0001781335,OTIS,Otis Worldwide,0001781335-24-000013,2023,2024-02-02,1.0.3,0.3.0,2.8736012987740023,2.76,0.8092836479663312,1.19,5.0,17863,24130,6267,0.7402818068794033,2025,4560,warning_stem_collisions
S2023-339,0000898173,ORLY,O’Reilly Automotive,0000898173-24-000009,2023,2024-02-28,1.0.3,0.3.0,2.940567013372957,2.86,0.8276968956127473,1.19,5.0,16825,22084,5259,0.761863792791161,1856,3704,warning_stem_collisions
S2023-340,0001004980,PCG,PG&E Corporation,0001004980-24-000014,2023,2024-02-22,1.0.3,0.3.0,2.915708873102103,2.85,0.797392060232479,1.26,5.0,35895,49563,13668,0.7242297681738393,2508,8399,warning_stem_collisions
S2023-341,0000713676,PNC,PNC Financial Services,0000713676-24-000028,2023,2024-02-21,1.0.3,0.3.0,2.857695032020182,2.72,0.8174394815430744,1.19,5.0,41224,55227,14003,0.7464464845093886,2609,9629,warning_stem_collisions
S2023-342,0000079879,PPG,PPG Industries,0000079879-24-000040,2023,2024-02-15,1.0.3,0.3.0,2.897320810018652,2.82,0.8037789047843789,1.26,5.0,15012,20342,5330,0.7379805328876217,1803,3790,warning_stem_collisions
S2023-343,0000922224,PPL,PPL Corporation,0000922224-24-000008,2023,2024-02-16,1.0.3,0.3.0,2.884799353878314,2.81,0.7965564099747763,1.19,5.0,31573,45617,14044,0.6921323190915667,2317,8205,warning_stem_collisions
S2023-344,0000857005,PTC,PTC Inc.,0000950123-23-011049,2023,2023-11-20,1.0.3,0.3.0,2.9044675870634884,2.81,0.7975622699901936,1.19,4.97,20933,27763,6830,0.7539891222130173,1699,4991,warning_stem_collisions
S2023-345,0000075362,PCAR,Paccar,0000950170-24-017900,2023,2024-02-21,1.0.3,0.3.0,2.9706550149582744,2.89,0.8393407782766558,1.26,5.0,19053,25761,6708,0.7396063817398393,1408,4694,warning_stem_collisions
S2023-346,0000075677,PKG,Packaging Corporation of America,0000950170-24-022794,2023,2024-02-29,1.0.3,0.3.0,2.943462629219651,2.86,0.8214421451510715,1.25,5.0,21862,29479,7617,0.7416126734285423,1686,5412,warning_stem_collisions
S2023-347,0001327567,PANW,Palo Alto Networks,0001327567-23-000024,2023,2023-09-01,1.0.3,0.3.0,2.8524195713788476,2.8,0.7924042862795239,1.26,5.0,20111,26682,6571,0.7537291057641856,2251,4994,warning_stem_collisions
S2023-348,0000813828,PARA,Paramount Global,0000813828-24-000007,2023,2024-02-28,1.0.3,0.3.0,2.933514416066977,2.83,0.8390919398468183,1.26,5.0,21261,28357,7096,0.7497619635363403,2124,4955,warning_stem_collisions
S2023-349,0000076334,PH,Parker Hannifin,0000076334-23-000042,2023,2023-08-24,1.0.3,0.3.0,2.9086543325865435,2.85,0.8016509372349494,1.26,5.0,13837,17996,4159,0.7688930873527451,1736,3167,warning_stem_collisions
S2023-350,0001633917,PYPL,PayPal,0001633917-24-000024,2023,2024-02-08,1.0.3,0.3.0,2.8507793939393937,2.74,0.7860492406374446,1.23,5.0,24750,33018,8268,0.7495911321097584,2227,6232,warning_stem_collisions
S2023-351,0000723531,PAYX,Paychex,0000950170-23-032988,2023,2023-07-14,1.0.3,0.3.0,2.887520225114316,2.79,0.8108786040477679,1.19,5.0,19901,26559,6658,0.7493128506344365,1754,4588,warning_stem_collisions
S2023-352,0001590955,PAYC,Paycom,0000950170-24-015863,2023,2024-02-15,1.0.3,0.3.0,2.88823157401624,2.82,0.7945229853777201,1.19,5.0,25616,33516,7900,0.7642916815849147,2119,5648,warning_stem_collisions
S2023-353,0000077360,PNR,Pentair,0000077360-24-000007,2023,2024-02-20,1.0.3,0.3.0,2.873097165991903,2.77,0.8080289263006459,1.26,5.0,16796,22050,5254,0.7617233560090703,1929,4069,warning_stem_collisions
S2023-354,0000077476,PEP,PepsiCo,0000077476-24-000008,2023,2024-02-09,1.0.3,0.3.0,2.9100199261275272,2.79,0.8472667693313681,1.19,5.0,20576,27862,7286,0.7384968774675185,2124,5121,warning_stem_collisions
S2023-355,0000078003,PFE,Pfizer,0000078003-24-000039,2023,2024-02-22,1.0.3,0.3.0,2.8475969439728352,2.74,0.7865007894943341,1.04,5.0,29450,41367,11917,0.711920129571881,2640,7764,warning_stem_collisions
S2023-356,0001413329,PM,Philip Morris International,0001413329-24-000013,2023,2024-02-08,1.0.3,0.3.0,2.9562164161538718,2.85,0.8530859923742774,1.26,5.0,29739,42171,12432,0.7052002561001636,2554,7184,warning_stem_collisions
S2023-357,0001534701,PSX,Phillips 66,0001534701-24-000078,2023,2024-02-21,1.0.3,0.3.0,2.9354887366099556,2.86,0.8468049251376288,1.26,5.0,25392,34783,9391,0.7300117873673921,2280,5818,warning_stem_collisions
S2023-358,0000764622,PNW,Pinnacle West Capital,0000764622-24-000016,2023,2024-02-27,1.0.3,0.3.0,2.955558288399079,2.86,0.8318433715779683,1.26,5.0,31713,43281,11568,0.7327233659111388,2427,7439,warning_stem_collisions
S2023-359,0000945841,POOL,Pool Corporation,0000945841-24-000021,2023,2024-02-27,1.0.3,0.3.0,2.9374857250423543,2.85,0.8301750780934918,1.29,5.0,15937,20630,4693,0.772515753756665,2001,3669,warning_stem_collisions
S2023-360,0001126328,PFG,Principal Financial Group,0001104659-24-025516,2023,2024-02-20,1.0.3,0.3.0,2.8441315456996854,2.76,0.7686175020903231,1.19,4.97,53031,68788,15757,0.7709338838169448,2293,11795,warning_stem_collisions
S2023-361,0000080424,PG,Procter & Gamble,0000080424-23-000073,2023,2023-08-04,1.0.3,0.3.0,2.938734683179346,2.82,0.841775555919133,1.19,5.0,15261,20235,4974,0.7541882876204596,1763,3690,warning_stem_collisions
S2023-362,0000080661,PGR,Progressive Corporation,0000080661-24-000007,2023,2024-02-26,1.0.3,0.3.0,2.830464896631336,2.76,0.818294815920394,1.26,5.0,9529,12522,2993,0.7609806740137358,1738,2383,warning_stem_collisions
S2023-363,0001045609,PLD,Prologis,0000950170-24-014539,2023,2024-02-13,1.0.3,0.3.0,2.8870731382536032,2.72,0.8162016427854397,1.19,5.0,30039,39434,9395,0.7617538165035249,1872,6742,warning_stem_collisions
S2023-364,0001137774,PRU,Prudential Financial,0001137774-24-000045,2023,2024-02-21,1.0.3,0.3.0,2.8375221923335574,2.74,0.7915857054442391,1.19,5.0,59480,79648,20168,0.7467858577742065,2685,14483,warning_stem_collisions
S2023-365,0000788784,PEG,Public Service Enterprise Group,0001628280-24-006885,2023,2024-02-26,1.0.3,0.3.0,2.891273718207509,2.82,0.8038253184278966,1.19,5.0,29724,41681,11957,0.7131306830450325,2370,7191,warning_stem_collisions
S2023-366,0001393311,PSA,Public Storage,0001393311-24-000043,2023,2024-02-20,1.0.3,0.3.0,2.891752311038608,2.79,0.8000054897778192,1.19,5.0,14712,19373,4661,0.7594074227016983,1865,3223,warning_stem_collisions
S2023-367,0000822416,PHM,PulteGroup,0000822416-24-000010,2023,2024-02-05,1.0.3,0.3.0,2.866962811482239,2.76,0.8033075140381545,1.26,5.0,13203,17442,4239,0.7569659442724458,1764,3445,warning_stem_collisions
S2023-368,0001604778,QRVO,Qorvo,0001604778-23-000055,2023,2023-05-19,1.0.3,0.3.0,2.866518399428367,2.76,0.7996396015500916,1.26,5.0,16794,22393,5599,0.7499665073907025,2052,4202,warning_stem_collisions
S2023-369,0000804328,QCOM,Qualcomm,0000804328-23-000055,2023,2023-11-01,1.0.3,0.3.0,2.878271569472374,2.81,0.8102955839888714,1.19,5.0,20886,28333,7447,0.7371616136660432,2261,5553,warning_stem_collisions
S2023-370,0001050915,PWR,Quanta Services,0001050915-24-000009,2023,2024-02-22,1.0.3,0.3.0,2.827117511927902,2.72,0.7842128427908595,1.19,5.0,28295,37884,9589,0.7468852285925457,2324,7419,warning_stem_collisions
S2023-371,0001022079,DGX,Quest Diagnostics,0001022079-24-000041,2023,2024-02-22,1.0.3,0.3.0,2.860785944334952,2.75,0.7814444245349385,1.19,5.0,20803,27412,6609,0.7589012111484021,2182,5140,warning_stem_collisions
S2023-372,0000101829,RTX,RTX Corporation,0000101829-24-000008,2023,2024-02-05,1.0.3,0.3.0,2.8858295543979313,2.81,0.8003720304058175,1.26,5.0,26683,36619,9936,0.7286654468991507,2211,7294,warning_stem_collisions
S2023-373,0001037038,RL,Ralph Lauren Corporation,0001037038-23-000015,2023,2023-05-25,1.0.3,0.3.0,2.8992918260869565,2.79,0.833030531964682,1.19,5.0,28750,38042,9292,0.7557436517533253,2518,6299,warning_stem_collisions
S2023-374,0000720005,RJF,Raymond James Financial,0000720005-23-000079,2023,2023-11-21,1.0.3,0.3.0,2.871162949617941,2.74,0.8069485358993977,1.26,5.0,32194,43198,11004,0.7452659845363211,2229,7551,warning_stem_collisions
S2023-375,0000726728,O,Realty Income,0000726728-24-000047,2023,2024-02-21,1.0.3,0.3.0,2.84995223880597,2.74,0.7828271125128577,1.3,5.0,18425,24208,5783,0.7611120290812955,1882,4323,warning_stem_collisions
S2023-376,0000910606,REG,Regency Centers,0000950170-24-016260,2023,2024-02-16,1.0.3,0.3.0,2.8922959920418445,2.79,0.8115618850801272,1.26,5.0,31163,41526,10363,0.7504455040215768,1988,7741,warning_stem_collisions
S2023-377,0000872589,REGN,Regeneron Pharmaceuticals,0001804220-24-000009,2023,2024-02-05,1.0.3,0.3.0,2.868531583564849,2.76,0.7969154168844225,1.04,5.0,27356,38590,11234,0.7088883130344649,2586,7421,warning_stem_collisions
S2023-378,0001281761,RF,Regions Financial Corporation,0001281761-24-000010,2023,2024-02-23,1.0.3,0.3.0,2.8416656404843583,2.72,0.8038021303820722,1.19,5.0,34107,46032,11925,0.7409410844629822,2595,9170,warning_stem_collisions
S2023-379,0001060391,RSG,Republic Services,0001060391-24-000142,2023,2024-02-29,1.0.3,0.3.0,2.9024713799504953,2.82,0.8136085040806349,1.19,5.0,25856,34047,8191,0.7594208006579141,2390,6433,warning_stem_collisions
S2023-380,0000943819,RMD,ResMed,0000943819-23-000011,2023,2023-08-11,1.0.3,0.3.0,2.8646666042330025,2.79,0.785652908664484,1.19,5.0,21356,28539,7183,0.748309331090788,2484,5038,warning_stem_collisions
S2023-381,0000315213,RHI,Robert Half,0000315213-24-000011,2023,2024-02-20,1.0.3,0.3.0,2.892901293515062,2.82,0.8016071970356358,1.26,5.0,11519,15491,3972,0.7435930540313731,1728,2783,warning_stem_collisions
S2023-382,0001024478,ROK,Rockwell Automation,0001024478-23-000126,2023,2023-11-08,1.0.3,0.3.0,2.890732711306257,2.8,0.7948767662049717,1.19,5.0,14576,18891,4315,0.7715843523370918,1699,3366,warning_stem_collisions
S2023-383,0000084839,ROL,"Rollins, Inc.",0000084839-24-000025,2023,2024-02-15,1.0.3,0.3.0,2.859689057345406,2.78,0.8079620422953878,1.19,5.0,14247,18967,4720,0.7511467285284968,1877,3433,warning_stem_collisions
S2023-384,0000882835,ROP,Roper Technologies,0000882835-24-000008,2023,2024-02-22,1.0.3,0.3.0,2.8794045801526718,2.8,0.8073954512946051,1.19,5.0,11790,16114,4324,0.731661908899094,1608,2956,warning_stem_collisions
S2023-385,0000745732,ROST,Ross Stores,0000745732-23-000013,2023,2023-03-28,1.0.3,0.3.0,2.978283782440091,2.89,0.8622033683030396,1.19,5.0,10057,13071,3014,0.7694132048045291,1570,2251,warning_stem_collisions
S2023-386,0000884887,RCL,Royal Caribbean Group,0000884887-24-000075,2023,2024-02-21,1.0.3,0.3.0,2.9213047989623866,2.82,0.8277446326477145,1.26,5.0,23130,30380,7250,0.7613561553653719,2234,5245,warning_stem_collisions
S2023-387,0000064040,SPGI,S&P Global,0000064040-24-000071,2023,2024-02-09,1.0.3,0.3.0,2.8579530857302426,2.78,0.7789284433117644,1.26,5.0,25067,33930,8863,0.7387857353374595,2186,6427,warning_stem_collisions
S2023-388,0001034054,SBAC,SBA Communications,0001034054-24-000002,2023,2024-02-28,1.0.3,0.3.0,2.9269486061065804,2.82,0.8255562007506276,1.19,5.0,21092,27796,6704,0.7588142178730752,1899,4825,warning_stem_collisions
S2023-389,0001108524,CRM,Salesforce,0001108524-23-000011,2023,2023-03-08,1.0.3,0.3.0,2.854003924008231,2.74,0.806363048697748,1.19,5.0,20897,27884,6987,0.7494261942332521,2236,5470,warning_stem_collisions
S2023-390,0000087347,SLB,Schlumberger,0000950170-24-006884,2023,2024-01-24,1.0.3,0.3.0,2.9147811474753937,2.85,0.8210567741206369,1.26,5.0,12497,17563,5066,0.7115526960086546,1649,3388,warning_stem_collisions
S2023-391,0001137789,STX,Seagate Technology,0001137789-23-000049,2023,2023-08-04,1.0.3,0.3.0,2.9001055367819077,2.82,0.8094129193552899,1.04,5.0,19235,25464,6229,0.7553801445177506,2181,4585,warning_stem_collisions
S2023-392,0001032208,SRE,Sempra,0001032208-24-000007,2023,2024-02-27,1.0.3,0.3.0,2.8807201257089545,2.79,0.7979704266173178,1.17,5.0,40729,57920,17191,0.7031940607734807,2517,9585,warning_stem_collisions
S2023-393,0001373715,NOW,ServiceNow,0001373715-24-000030,2023,2024-01-25,1.0.3,0.3.0,2.8381414020371483,2.75,0.7844172271417426,1.19,5.0,16690,22082,5392,0.7558192192736165,2087,4260,warning_stem_collisions
S2023-394,0000089800,SHW,Sherwin-Williams,0000089800-24-000033,2023,2024-02-20,1.0.3,0.3.0,2.9283985933235357,2.85,0.8417488593363915,1.19,5.0,19052,25326,6274,0.7522703940614388,1947,4478,warning_stem_collisions
S2023-395,0001063761,SPG,Simon Property Group,0001558370-24-001532,2023,2024-02-22,1.0.3,0.3.0,2.9012852408212457,2.82,0.8112714451207826,1.19,5.0,23233,30777,7544,0.7548818923221886,1780,5023,warning_stem_collisions
S2023-396,0000004127,SWKS,Skyworks Solutions,0000004127-23-000030,2023,2023-11-17,1.0.3,0.3.0,2.8838174609002127,2.81,0.8181629892696394,1.26,5.0,13619,17796,4177,0.765284333558103,2020,3290,warning_stem_collisions
S2023-397,0000091440,SNA,Snap-on,0000091440-24-000005,2023,2024-02-16,1.0.3,0.3.0,2.9260455518190156,2.86,0.8084467456752618,1.04,5.0,19626,26716,7090,0.7346159604731247,1978,4868,warning_stem_collisions
S2023-398,0000092122,SO,Southern Company,0000092122-24-000009,2023,2024-02-15,1.0.3,0.3.0,2.9414846449646475,2.86,0.8141587392096465,1.26,5.0,56431,76007,19576,0.7424447748233716,2467,11879,warning_stem_collisions
S2023-399,0000092380,LUV,Southwest Airlines,0000092380-24-000027,2023,2024-02-06,1.0.3,0.3.0,2.9852861172677816,2.87,0.8534610491313239,1.19,5.0,29778,40294,10516,0.7390182161115799,2735,7190,warning_stem_collisions
S2023-400,0000093556,SWK,Stanley Black & Decker,0000093556-24-000032,2023,2024-02-27,1.0.3,0.3.0,2.926075314518871,2.82,0.8286320058555132,1.04,5.0,23528,31811,8283,0.7396183710037408,2304,5804,warning_stem_collisions
S2023-401,0000829224,SBUX,Starbucks,0000829224-23-000058,2023,2023-11-17,1.0.3,0.3.0,2.9067842860503412,2.8,0.8540287191943426,1.19,5.0,17004,22345,5341,0.7609756097560976,2065,3991,warning_stem_collisions
S2023-402,0000093751,STT,State Street Corporation,0000093751-24-000498,2023,2024-02-15,1.0.3,0.3.0,2.858422292866194,2.72,0.8192524709014112,1.26,5.0,44983,59010,14027,0.7622945263514659,2638,10048,warning_stem_collisions
S2023-403,0001022671,STLD,Steel Dynamics,0001558370-24-002152,2023,2024-02-29,1.0.3,0.3.0,3.001131473641478,2.89,0.8773265165696802,1.19,5.0,17243,23151,5908,0.7448058399205217,1921,4439,warning_stem_collisions
S2023-404,0001757898,STE,Steris,0001757898-23-000005,2023,2023-05-26,1.0.3,0.3.0,2.863691853544732,2.76,0.7951250234806517,1.19,5.0,21003,27900,6897,0.7527956989247312,2111,5073,warning_stem_collisions
S2023-405,0000310764,SYK,Stryker Corporation,0000310764-24-000024,2023,2024-02-14,1.0.3,0.3.0,2.8431031276415895,2.74,0.8080023467835971,1.26,5.0,11830,15755,3925,0.7508727388130753,1755,2963,warning_stem_collisions
S2023-406,0001601712,SYF,Synchrony Financial,0001601712-24-000047,2023,2024-02-08,1.0.3,0.3.0,2.8305782065684264,2.72,0.7969927552820142,1.19,5.0,30266,39166,8900,0.772762089567482,2352,6790,warning_stem_collisions
S2023-407,0000883241,SNPS,Synopsys,0000883241-23-000019,2023,2023-12-12,1.0.3,0.3.0,2.865514392180159,2.79,0.7973509912189515,1.19,5.0,18517,24694,6177,0.7498582651656273,2143,4729,warning_stem_collisions
S2023-408,0000096021,SYY,Sysco,0000096021-23-000117,2023,2023-08-25,1.0.3,0.3.0,2.8902099679522597,2.81,0.8175596489188903,1.19,5.0,18098,24385,6287,0.7421775681771581,2101,4688,warning_stem_collisions
S2023-409,0001283699,TMUS,T-Mobile US,0001283699-24-000008,2023,2024-02-02,1.0.3,0.3.0,2.88593961301297,2.85,0.7926255236101792,1.25,5.0,23515,31275,7760,0.7518784972022382,2186,5348,warning_stem_collisions
S2023-410,0001113169,TROW,T. Rowe Price,0001113169-24-000007,2023,2024-02-16,1.0.3,0.3.0,2.901719154307352,2.82,0.8016760515648931,1.19,4.96,15845,20895,5050,0.75831538645609,1819,3746,warning_stem_collisions
S2023-411,0001385157,TEL,TE Connectivity,0001558370-23-018833,2023,2023-11-13,1.0.3,0.3.0,2.8366169612840255,2.74,0.7900713539924366,1.19,5.0,18442,23906,5464,0.7714381326863549,1835,4307,warning_stem_collisions
S2023-412,0000109198,TJX,TJX Companies,0000109198-23-000004,2023,2023-03-29,1.0.3,0.3.0,2.9017197404165405,2.82,0.8290886713651974,1.26,5.0,13252,17492,4240,0.7576034758746856,1788,3141,warning_stem_collisions
S2023-413,0000946581,TTWO,Take-Two Interactive,0001628280-23-019851,2023,2023-05-26,1.0.3,0.3.0,2.889989132797218,2.76,0.8302792374497321,1.19,5.0,23005,30509,7504,0.7540397915369236,2349,5756,warning_stem_collisions
S2023-414,0001116132,TPR,"Tapestry, Inc.",0001116132-23-000020,2023,2023-08-17,1.0.3,0.3.0,2.9017811026849767,2.82,0.8399122740156579,1.26,5.0,19516,25848,6332,0.7550294026617146,2153,4612,warning_stem_collisions
S2023-415,0001389170,TRGP,Targa Resources,0000950170-24-015841,2023,2024-02-15,1.0.3,0.3.0,2.9169559783016275,2.82,0.8487228175060295,1.19,5.0,40003,54270,14267,0.7371107425833794,2496,9559,warning_stem_collisions
S2023-416,0000027419,TGT,Target Corporation,0000027419-23-000015,2023,2023-03-08,1.0.3,0.3.0,2.913081889228678,2.83,0.8263622417032771,1.26,5.0,8829,11344,2515,0.7782968970380818,1570,1977,warning_stem_collisions
S2023-417,0000096943,TFX,Teleflex,0000096943-24-000036,2023,2024-02-23,1.0.3,0.3.0,2.8416017650303362,2.74,0.7911484417307061,1.04,5.0,18130,23887,5757,0.7589902457403609,2181,4342,warning_stem_collisions
S2023-418,0000097210,TER,Teradyne,0000950170-24-018701,2023,2024-02-22,1.0.3,0.3.0,2.9362020169809067,2.89,0.788610061337506,1.23,5.0,25087,33173,8086,0.7562475507189582,2016,5584,warning_stem_collisions
S2023-419,0001318605,TSLA,"Tesla, Inc.",0001628280-24-002390,2023,2024-01-29,1.0.3,0.3.0,2.9262011762931683,2.87,0.8190989744161158,1.19,5.0,19893,26190,6297,0.7595647193585338,2252,4727,warning_stem_collisions
S2023-420,0000097476,TXN,Texas Instruments,0000097476-24-000007,2023,2024-02-02,1.0.3,0.3.0,2.9039052496798976,2.83,0.8188235411173646,1.19,5.0,8591,11373,2782,0.7553855622966675,1518,2171,warning_stem_collisions
S2023-421,0000217346,TXT,Textron,0000217346-24-000017,2023,2024-02-12,1.0.3,0.3.0,2.8857153496685783,2.85,0.7969025462911249,1.3,5.0,13427,17781,4354,0.7551318823463248,1774,3422,warning_stem_collisions
S2023-422,0000097745,TMO,Thermo Fisher Scientific,0000097745-24-000007,2023,2024-02-22,1.0.3,0.3.0,2.8840376113956916,2.74,0.8097928828259694,1.3,5.0,14251,19277,5026,0.7392747834206568,1900,3857,warning_stem_collisions
S2023-423,0000916365,TSCO,Tractor Supply,0000916365-24-000046,2023,2024-02-23,1.0.3,0.3.0,2.957121744830463,2.86,0.8665599055901906,1.26,5.0,16781,21796,5015,0.769911910442283,2009,3776,warning_stem_collisions
S2023-424,0001466258,TT,Trane Technologies,0001466258-24-000047,2023,2024-02-08,1.0.3,0.3.0,2.8647420254965255,2.79,0.7993030047888444,1.19,5.0,18277,24864,6587,0.7350788288288288,2072,4564,warning_stem_collisions
S2023-425,0001260221,TDG,TransDigm Group,0001260221-23-000081,2023,2023-11-09,1.0.3,0.3.0,2.898324087739834,2.81,0.8215009342891086,1.19,5.0,19649,26284,6635,0.7475650585907777,1982,4791,warning_stem_collisions
S2023-426,0000086312,TRV,Travelers Companies (The),0000086312-24-000012,2023,2024-02-15,1.0.3,0.3.0,2.866518001985424,2.8,0.7879073512088187,1.26,5.0,41301,53561,12260,0.7711021078770001,2576,9210,warning_stem_collisions
S2023-427,0000864749,TRMB,Trimble Inc.,0000864749-24-000047,2023,2024-02-26,1.0.3,0.3.0,2.9042849978057803,2.82,0.8123087795179394,1.17,5.0,15951,21376,5425,0.7462107035928144,2201,3938,warning_stem_collisions
S2023-428,0000092230,TFC,Truist Financial,0000092230-24-000010,2023,2024-02-27,1.0.3,0.3.0,2.8176423209510615,2.71,0.7955644309435724,1.19,5.0,31039,42984,11945,0.722105899869719,2571,7847,warning_stem_collisions
S2023-429,0000860731,TYL,Tyler Technologies,0000860731-24-000006,2023,2024-02-21,1.0.3,0.3.0,2.866895635902698,2.79,0.786398439173152,1.19,5.0,16567,21648,5081,0.765290096082779,1936,3879,warning_stem_collisions
S2023-430,0000100493,TSN,Tyson Foods,0000100493-23-000105,2023,2023-11-13,1.0.3,0.3.0,2.93046748868979,2.81,0.8713287436454505,1.19,5.0,22546,29436,6890,0.7659328713140372,2207,5374,warning_stem_collisions
S2023-431,0000036104,USB,U.S. Bancorp,0000036104-24-000018,2023,2024-02-20,1.0.3,0.3.0,2.940582473553611,2.81,0.8261324442756799,1.19,4.96,7657,10606,2949,0.7219498397133698,1380,1735,warning_stem_collisions
S2023-432,0000074208,UDR,"UDR, Inc.",0000074208-24-000011,2023,2024-02-20,1.0.3,0.3.0,2.8836602388832926,2.82,0.7998003062234252,1.25,5.0,27796,36650,8854,0.7584174624829468,1899,6032,warning_stem_collisions
S2023-433,0001543151,UBER,Uber,0001543151-24-000012,2023,2024-02-15,1.0.3,0.3.0,2.874121473172988,2.74,0.8345575649734679,1.19,5.0,34592,45705,11113,0.7568537359151077,2586,8129,warning_stem_collisions
S2023-434,0001403568,ULTA,Ulta Beauty,0001558370-23-004581,2023,2023-03-24,1.0.3,0.3.0,2.9679694536910124,2.89,0.8537357954388298,1.19,5.0,15321,19819,4498,0.7730460669054947,1945,3365,warning_stem_collisions
S2023-435,0000100885,UNP,Union Pacific Corporation,0001437749-24-003599,2023,2024-02-09,1.0.3,0.3.0,2.960652345601011,2.86,0.8550405616101063,1.3,5.0,12662,16564,3902,0.7644288819125815,1914,2965,warning_stem_collisions
S2023-436,0000100517,UAL,United Airlines Holdings,0000100517-24-000027,2023,2024-02-29,1.0.3,0.3.0,2.9509109799291617,2.83,0.8405308584880774,1.19,5.0,21175,28490,7315,0.7432432432432432,2320,4977,warning_stem_collisions
S2023-437,0001090727,UPS,United Parcel Service,0001090727-24-000008,2023,2024-02-20,1.0.3,0.3.0,2.9026092448769534,2.8,0.8002038427027003,1.19,5.0,21374,28047,6673,0.7620779405997077,2023,5124,warning_stem_collisions
S2023-438,0001067701,URI,United Rentals,0001067701-24-000007,2023,2024-01-24,1.0.3,0.3.0,2.868969182262002,2.72,0.8070685927802047,1.26,5.0,19664,25634,5970,0.7671061870952641,1934,4511,warning_stem_collisions
S2023-439,0000731766,UNH,UnitedHealth Group,0000731766-24-000081,2023,2024-02-28,1.0.3,0.3.0,2.8379381300925286,2.72,0.7979277657010427,1.26,4.96,14482,19918,5436,0.7270810322321518,1845,4110,warning_stem_collisions
S2023-440,0000352915,UHS,Universal Health Services,0000950170-24-021175,2023,2024-02-27,1.0.3,0.3.0,2.8534566623544633,2.74,0.7773491124896664,1.19,5.0,38650,51233,12583,0.7543965803290847,2359,9092,warning_stem_collisions
S2023-441,0000103379,VFC,VF Corporation,0000103379-23-000006,2023,2023-05-25,1.0.3,0.3.0,2.871393818954293,2.79,0.8159198618598215,1.19,5.0,29186,39600,10414,0.737020202020202,2209,6925,warning_stem_collisions
S2023-442,0001035002,VLO,Valero Energy,0001035002-24-000007,2023,2024-02-22,1.0.3,0.3.0,2.9666064831676984,2.83,0.8665765057128594,1.26,5.0,19219,26217,6998,0.7330739596445055,2134,4814,warning_stem_collisions
S2023-443,0000740260,VTR,Ventas,0000740260-24-000067,2023,2024-02-15,1.0.3,0.3.0,2.819117977719484,2.72,0.7876235407688943,1.19,5.0,29353,38970,9617,0.7532204259686939,2230,6969,warning_stem_collisions
S2023-444,0001967680,VLTO,Veralto,0001967680-24-000033,2023,2024-02-28,1.0.3,0.3.0,2.859345250467678,2.76,0.8060557070424734,1.26,5.0,19244,26167,6923,0.735430121909275,2067,4919,warning_stem_collisions
S2023-445,0001014473,VRSN,Verisign,0001014473-24-000006,2023,2024-02-15,1.0.3,0.3.0,2.9029808686659773,2.82,0.8070269310275381,1.29,5.0,11604,15504,3900,0.7484520123839009,1775,2791,warning_stem_collisions
S2023-446,0001442145,VRSK,Verisk Analytics,0001437749-24-004939,2023,2024-02-21,1.0.3,0.3.0,2.848257598555522,2.79,0.7562981374790163,1.04,5.0,19938,25935,5997,0.7687680740312319,2346,4411,warning_stem_collisions
S2023-447,0000732712,VZ,Verizon,0000732712-24-000010,2023,2024-02-09,1.0.3,0.3.0,2.911896863558163,2.86,0.7802153224002808,1.26,5.0,22669,30293,7624,0.748324695474202,2005,5726,warning_stem_collisions
S2023-448,0000875320,VRTX,Vertex Pharmaceuticals,0000875320-24-000062,2023,2024-02-15,1.0.3,0.3.0,2.8711946556747923,2.77,0.8000440751591708,1.19,5.0,28142,38656,10514,0.7280111754966887,2585,6748,warning_stem_collisions
S2023-449,0001792044,VTRS,Viatris,0001792044-24-000008,2023,2024-02-28,1.0.3,0.3.0,2.8618131132917037,2.75,0.8058898989551906,1.19,5.0,31388,43309,11921,0.7247454339744626,2567,8330,warning_stem_collisions
S2023-450,0001705696,VICI,Vici Properties,0001705696-24-000033,2023,2024-02-22,1.0.3,0.3.0,2.870625286972493,2.74,0.8160182831963467,1.19,5.0,23957,32600,8643,0.734877300613497,1963,5346,warning_stem_collisions
S2023-451,0001403161,V,Visa Inc.,0001403161-23-000099,2023,2023-11-15,1.0.3,0.3.0,2.9492494226327945,2.88,0.8290103330392148,1.26,5.0,19918,26304,6386,0.7572232360097324,2147,4524,warning_stem_collisions
S2023-452,0001396009,VMC,Vulcan Materials Company,0001396009-24-000006,2023,2024-02-22,1.0.3,0.3.0,2.968346305468513,2.89,0.8508377582643184,1.19,5.0,19786,26966,7180,0.7337387821701402,2339,4980,warning_stem_collisions
S2023-453,0000011544,WRB,W. R. Berkley Corporation,0000011544-24-000005,2023,2024-02-23,1.0.3,0.3.0,2.8063057294631,2.72,0.7648702326772164,1.19,5.0,21084,27706,6622,0.7609903991915109,2065,4914,warning_stem_collisions
S2023-454,0000277135,GWW,W. W. Grainger,0000277135-24-000011,2023,2024-02-22,1.0.3,0.3.0,2.8989834491213733,2.83,0.8167890040938971,1.04,5.0,9788,13660,3872,0.7165446559297218,1617,2563,warning_stem_collisions
S2023-455,0000783325,WEC,WEC Energy Group,0000107815-24-000095,2023,2024-02-22,1.0.3,0.3.0,2.927769744669168,2.86,0.8186249631913559,1.19,5.0,32781,45048,12267,0.7276904635055941,2383,8110,warning_stem_collisions
S2023-456,0000943452,WAB,Wabtec,0001628280-24-004774,2023,2024-02-14,1.0.3,0.3.0,2.9310967993754877,2.85,0.8478176093184632,1.04,5.0,15372,20610,5238,0.7458515283842795,1984,3831,warning_stem_collisions
S2023-457,0000104169,WMT,Walmart,0000104169-23-000020,2023,2023-03-17,1.0.3,0.3.0,2.9323504177015125,2.85,0.8470818224602563,1.26,5.0,17716,23789,6073,0.7447139434192274,2119,4467,warning_stem_collisions
S2023-458,0001744489,DIS,Walt Disney Company (The),0001744489-23-000216,2023,2023-11-21,1.0.3,0.3.0,2.987505890882726,2.89,0.846968747737761,1.26,5.0,22068,30643,8575,0.7201644747576934,2113,5694,warning_stem_collisions
S2023-459,0001437107,WBD,Warner Bros. Discovery,0001437107-24-000017,2023,2024-02-23,1.0.3,0.3.0,2.9017618447908973,2.79,0.8242642229182311,1.19,5.0,23027,30950,7923,0.7440064620355412,2232,5725,warning_stem_collisions
S2023-460,0000823768,WM,Waste Management,0001558370-24-001049,2023,2024-02-13,1.0.3,0.3.0,2.904051277187658,2.83,0.8177865528393974,1.19,5.0,31632,42045,10413,0.7523367820192651,2290,7832,warning_stem_collisions
S2023-461,0001000697,WAT,Waters Corporation,0001193125-24-047491,2023,2024-02-27,1.0.3,0.3.0,2.92108033504664,2.86,0.8049501593351183,1.23,5.0,21012,28524,7512,0.7366428270929744,2039,5170,warning_stem_collisions
S2023-462,0000072971,WFC,Wells Fargo,0000072971-24-000064,2023,2024-02-20,1.0.3,0.3.0,3.008641562064156,2.88,0.8256382146439233,1.36,4.96,3585,4835,1250,0.7414684591520165,860,825,warning_stem_collisions
S2023-463,0000766704,WELL,Welltower,0000766704-24-000008,2023,2024-02-15,1.0.3,0.3.0,2.853570415470301,2.74,0.7917248176324039,1.26,5.0,28907,39199,10292,0.7374422816908595,2285,7011,warning_stem_collisions
S2023-464,0000105770,WST,West Pharmaceutical Services,0000105770-24-000015,2023,2024-02-20,1.0.3,0.3.0,2.87939466261662,2.82,0.7854197051309153,1.19,5.0,13827,18140,4313,0.7622381477398016,1750,3379,warning_stem_collisions
S2023-465,0001732845,WRK,WestRock,0000950170-23-064855,2023,2023-11-17,1.0.3,0.3.0,2.905086489229208,2.79,0.8259711783774039,1.19,5.0,43358,57738,14380,0.7509439190827532,2339,10339,warning_stem_collisions
S2023-466,0000106040,WDC,Western Digital,0000106040-23-000024,2023,2023-08-22,1.0.3,0.3.0,2.9090600658685766,2.8,0.8071504668945423,1.19,5.0,19129,25108,5979,0.7618687270989326,2163,4494,warning_stem_collisions
S2023-467,0000106535,WY,Weyerhaeuser,0000950170-24-016434,2023,2024-02-16,1.0.3,0.3.0,2.9730399965182572,2.87,0.8556408364949272,1.26,5.0,22977,30620,7643,0.7503919007184846,2185,5388,warning_stem_collisions
S2023-468,0000106640,WHR,Whirlpool Corporation,0000106640-24-000020,2023,2024-02-14,1.0.3,0.3.0,2.8792252285529596,2.76,0.8243871734857854,1.19,5.0,21658,28368,6710,0.7634658770445573,2124,4756,warning_stem_collisions
S2023-469,0000107263,WMB,Williams Companies,0000107263-24-000019,2023,2024-02-21,1.0.3,0.3.0,2.9259949447592644,2.83,0.8378441344102755,1.19,5.0,24529,32616,8087,0.7520542065244052,2208,5477,warning_stem_collisions
S2023-470,0001140536,WTW,Willis Towers Watson,0000950170-24-018575,2023,2024-02-22,1.0.3,0.3.0,2.8425232472324726,2.77,0.7821570717470503,1.19,5.0,40650,54061,13411,0.7519283772035293,2437,9897,warning_stem_collisions
S2023-471,0001174922,WYNN,Wynn Resorts,0001174922-24-000046,2023,2024-02-23,1.0.3,0.3.0,2.954649055926806,2.86,0.8433885632878206,1.17,5.0,22297,31028,8731,0.7186089983240944,2213,5068,warning_stem_collisions
S2023-472,0000072903,XEL,Xcel Energy,0000072903-24-000034,2023,2024-02-21,1.0.3,0.3.0,2.882272658266282,2.83,0.7908102125117038,1.26,5.0,19761,27533,7772,0.7177205535175971,2156,5029,warning_stem_collisions
S2023-473,0001524472,XYL,Xylem Inc.,0001524472-24-000006,2023,2024-02-28,1.0.3,0.3.0,2.857637384499757,2.75,0.8127151459078252,1.26,5.0,22619,29850,7231,0.7577554438860972,2295,5565,warning_stem_collisions
S2023-474,0001041061,YUM,Yum! Brands,0001041061-24-000011,2023,2024-02-20,1.0.3,0.3.0,2.9366353392956395,2.83,0.8746492673491023,1.19,5.0,19791,26217,6426,0.7548918640576725,2151,4499,warning_stem_collisions
S2023-475,0000877212,ZBRA,Zebra Technologies,0000877212-24-000029,2023,2024-02-15,1.0.3,0.3.0,2.8945153820707903,2.82,0.7980105068951344,1.26,5.0,15115,20099,4984,0.752027464052938,1980,3771,warning_stem_collisions
S2023-476,0001136869,ZBH,Zimmer Biomet,0000950170-24-019353,2023,2024-02-23,1.0.3,0.3.0,2.878659631013365,2.76,0.8116979387080724,1.19,5.0,25963,34660,8697,0.7490767455279862,2105,6408,warning_stem_collisions
S2023-477,0000109380,ZION,Zions Bancorporation,0000109380-24-000061,2023,2024-02-23,1.0.3,0.3.0,2.8089780754059257,2.71,0.7861436532075942,1.19,5.0,21802,29542,7740,0.7380001354004468,2120,5372,warning_stem_collisions
S2023-478,0001555280,ZTS,Zoetis,0001555280-24-000143,2023,2024-02-13,1.0.3,0.3.0,2.901350654928065,2.81,0.8407428441780591,1.04,5.0,23285,31642,8357,0.735889008280134,2433,6157,warning_stem_collisions
S2023-479,0001065088,EBAY,eBay Inc.,0001065088-24-000036,2023,2024-02-28,1.0.3,0.3.0,2.8611079977203646,2.74,0.8110708101991843,1.19,5.0,21056,27617,6561,0.7624289386971793,2118,5187,warning_stem_collisions
