company_id,cik,ticker,company_name,accession_number,report_year,filing_date,parser_version,language_measurement_version,ai_uncertainty_count,ai_uncertainty_ratio,ai_litigious_count,ai_litigious_ratio,ai_weak_modal_count,ai_weak_modal_ratio,ai_strong_modal_count,ai_strong_modal_ratio,ai_constraining_count,ai_constraining_ratio,ai_total_eligible_word_count,uncertainty_status,ai_positive_count,ai_negative_count,ai_positive_ratio,ai_negative_ratio,ai_net_tone,ai_sentiment_word_coverage,ai_net_tone_by_words,ai_total_lm_matched_word_count,sentiment_status,lm_ai_status
S2023-001,0000066740,MMM,3M,0000066740-24-000016,2023,2024-02-07,1.0.3,0.3.0,0,0.0,0,0.0,0,0.0,0,0.0,0,0.0,118,success,2,1,0.01694915254237288,0.00847457627118644,0.3333333333333333,0.025423728813559324,0.00847457627118644,3,success,success
S2023-002,0000091142,AOS,A. O. Smith,0000091142-24-000041,2023,2024-02-13,1.0.3,0.3.0,3,0.05555555555555555,0,0.0,2,0.037037037037037035,0,0.0,0,0.0,54,success,3,1,0.05555555555555555,0.018518518518518517,0.5,0.07407407407407407,0.037037037037037035,7,success,success
S2023-003,0000874761,AES,AES Corporation,0000874761-24-000011,2023,2024-02-26,1.0.3,0.3.0,1,0.0070921985815602835,0,0.0,1,0.0070921985815602835,0,0.0,0,0.0,141,success,2,0,0.014184397163120567,0.0,1.0,0.014184397163120567,0.014184397163120567,3,success,success
S2023-004,0001841666,APA,APA Corporation,0001784031-24-000003,2023,2024-02-22,1.0.3,0.3.0,,,,,,,,,,,0,warning_denominator_zero,,,,,,,,,warning_denominator_zero,warning_denominator_zero
S2023-005,0000732717,T,AT&T,0000732717-24-000009,2023,2024-02-23,1.0.3,0.3.0,2,0.017543859649122806,0,0.0,2,0.017543859649122806,0,0.0,0,0.0,114,success,2,6,0.017543859649122806,0.05263157894736842,-0.5,0.07017543859649122,-0.03508771929824561,10,success,success
S2023-006,0001551152,ABBV,AbbVie,0001551152-24-000011,2023,2024-02-20,1.0.3,0.3.0,,,,,,,,,,,0,warning_denominator_zero,,,,,,,,,warning_denominator_zero,warning_denominator_zero
S2023-007,0000001800,ABT,Abbott Laboratories,0001628280-24-005348,2023,2024-02-16,1.0.3,0.3.0,,,,,,,,,,,0,warning_denominator_zero,,,,,,,,,warning_denominator_zero,warning_denominator_zero
S2023-008,0001467373,ACN,Accenture,0001467373-23-000324,2023,2023-10-12,1.0.3,0.3.0,18,0.015437392795883362,14,0.012006861063464836,11,0.009433962264150943,2,0.0017152658662092624,6,0.005145797598627788,1166,success,30,21,0.025728987993138937,0.018010291595197257,0.17647058823529413,0.04373927958833619,0.007718696397941681,89,success,success
S2023-009,0000796343,ADBE,Adobe Inc.,0000796343-24-000006,2023,2024-01-17,1.0.3,0.3.0,33,0.01171875,20,0.007102272727272727,24,0.008522727272727272,9,0.0031960227272727275,9,0.0031960227272727275,2816,success,84,61,0.029829545454545456,0.02166193181818182,0.15862068965517243,0.05149147727272727,0.008167613636363636,207,success,success
S2023-010,0000002488,AMD,Advanced Micro Devices,0000002488-24-000012,2023,2024-01-31,1.0.3,0.3.0,36,0.014106583072100314,20,0.007836990595611285,27,0.010579937304075235,10,0.003918495297805642,10,0.003918495297805642,2552,success,38,34,0.014890282131661442,0.013322884012539185,0.05555555555555555,0.02821316614420063,0.001567398119122257,143,success,success
S2023-011,0000004977,AFL,Aflac,0000004977-24-000053,2023,2024-02-22,1.0.3,0.3.0,4,0.02666666666666667,3,0.02,1,0.006666666666666667,2,0.013333333333333334,0,0.0,150,success,3,2,0.02,0.013333333333333334,0.2,0.03333333333333333,0.006666666666666667,13,success,success
S2023-012,0001090872,A,Agilent Technologies,0001090872-23-000020,2023,2023-12-20,1.0.3,0.3.0,1,0.0072992700729927005,0,0.0,0,0.0,1,0.0072992700729927005,0,0.0,137,success,2,0,0.014598540145985401,0.0,1.0,0.014598540145985401,0.014598540145985401,4,success,success
S2023-013,0000002969,APD,Air Products,0000002969-23-000047,2023,2023-11-16,1.0.3,0.3.0,,,,,,,,,,,0,warning_denominator_zero,,,,,,,,,warning_denominator_zero,warning_denominator_zero
S2023-014,0001559720,ABNB,Airbnb,0001559720-24-000006,2023,2024-02-16,1.0.3,0.3.0,38,0.027941176470588237,24,0.01764705882352941,28,0.020588235294117647,6,0.004411764705882353,12,0.008823529411764706,1360,success,15,43,0.011029411764705883,0.03161764705882353,-0.4827586206896552,0.04264705882352941,-0.020588235294117647,133,success,success
S2023-015,0001086222,AKAM,Akamai Technologies,0001086222-24-000040,2023,2024-02-28,1.0.3,0.3.0,2,0.02531645569620253,4,0.05063291139240506,1,0.012658227848101266,0,0.0,0,0.0,79,success,0,3,0.0,0.0379746835443038,-1.0,0.0379746835443038,-0.0379746835443038,9,success,success
S2023-016,0000915913,ALB,Albemarle Corporation,0000915913-24-000016,2023,2024-02-15,1.0.3,0.3.0,,,,,,,,,,,0,warning_denominator_zero,,,,,,,,,warning_denominator_zero,warning_denominator_zero
S2023-017,0001035443,ARE,Alexandria Real Estate Equities,0001035443-24-000072,2023,2024-01-29,1.0.3,0.3.0,5,0.04201680672268908,0,0.0,3,0.025210084033613446,0,0.0,0,0.0,119,success,0,3,0.0,0.025210084033613446,-1.0,0.025210084033613446,-0.025210084033613446,8,success,success
S2023-018,0001097149,ALGN,Align Technology,0001097149-24-000011,2023,2024-02-28,1.0.3,0.3.0,12,0.024539877300613498,14,0.028629856850715747,8,0.016359918200409,0,0.0,2,0.00408997955010225,489,success,11,12,0.022494887525562373,0.024539877300613498,-0.043478260869565216,0.04703476482617587,-0.002044989775051125,50,success,success
S2023-019,0001579241,ALLE,Allegion,0001579241-24-000006,2023,2024-02-20,1.0.3,0.3.0,1,0.008403361344537815,0,0.0,1,0.008403361344537815,0,0.0,0,0.0,119,success,2,1,0.01680672268907563,0.008403361344537815,0.3333333333333333,0.025210084033613446,0.008403361344537815,4,success,success
S2023-020,0000352541,LNT,Alliant Energy,0000352541-24-000014,2023,2024-02-16,1.0.3,0.3.0,1,0.043478260869565216,0,0.0,1,0.043478260869565216,0,0.0,0,0.0,23,success,0,5,0.0,0.21739130434782608,-1.0,0.21739130434782608,-0.21739130434782608,6,success,success
S2023-021,0000899051,ALL,Allstate,0000899051-24-000013,2023,2024-02-21,1.0.3,0.3.0,1,0.016666666666666666,0,0.0,1,0.016666666666666666,0,0.0,0,0.0,60,success,0,1,0.0,0.016666666666666666,-1.0,0.016666666666666666,-0.016666666666666666,2,success,success
S2023-022,0001652044,GOOGL|GOOG,Alphabet Inc. (Class A)|Alphabet Inc. (Class C),0001652044-24-000022,2023,2024-01-31,1.0.3,0.3.0,28,0.011391375101708706,32,0.013018714401952807,22,0.008950366151342554,10,0.0040683482506102524,7,0.0028478437754271765,2458,success,42,46,0.01708706265256306,0.01871440195280716,-0.045454545454545456,0.03580146460537022,-0.0016273393002441008,155,success,success
S2023-023,0000764180,MO,Altria,0000764180-24-000018,2023,2024-02-27,1.0.3,0.3.0,3,0.031578947368421054,4,0.042105263157894736,2,0.021052631578947368,0,0.0,1,0.010526315789473684,95,success,0,3,0.0,0.031578947368421054,-1.0,0.031578947368421054,-0.031578947368421054,11,success,success
S2023-024,0001018724,AMZN,Amazon,0001018724-24-000008,2023,2024-02-02,1.0.3,0.3.0,3,0.005964214711729622,12,0.02385685884691849,2,0.003976143141153081,2,0.003976143141153081,2,0.003976143141153081,503,success,9,12,0.017892644135188866,0.02385685884691849,-0.14285714285714285,0.041749502982107355,-0.005964214711729622,34,success,success
S2023-025,0001748790,AMCR,Amcor,0001748790-23-000030,2023,2023-08-17,1.0.3,0.3.0,,,,,,,,,,,0,warning_denominator_zero,,,,,,,,,warning_denominator_zero,warning_denominator_zero
S2023-026,0001002910,AEE,Ameren,0001002910-24-000056,2023,2024-02-29,1.0.3,0.3.0,3,0.02040816326530612,1,0.006802721088435374,2,0.013605442176870748,0,0.0,0,0.0,147,success,1,11,0.006802721088435374,0.07482993197278912,-0.8333333333333334,0.08163265306122448,-0.06802721088435375,15,success,success
S2023-027,0000006201,AAL,American Airlines Group,0000006201-24-000010,2023,2024-02-21,1.0.3,0.3.0,,,,,,,,,,,0,warning_denominator_zero,,,,,,,,,warning_denominator_zero,warning_denominator_zero
S2023-028,0000004904,AEP,American Electric Power,0000004904-24-000020,2023,2024-02-26,1.0.3,0.3.0,,,,,,,,,,,0,warning_denominator_zero,,,,,,,,,warning_denominator_zero,warning_denominator_zero
S2023-029,0000004962,AXP,American Express,0000004962-24-000013,2023,2024-02-09,1.0.3,0.3.0,18,0.02195121951219512,17,0.020731707317073172,8,0.00975609756097561,5,0.006097560975609756,6,0.007317073170731708,820,success,7,21,0.00853658536585366,0.025609756097560974,-0.5,0.03414634146341464,-0.01707317073170732,73,success,success
S2023-030,0000005272,AIG,American International Group,0000005272-24-000023,2023,2024-02-14,1.0.3,0.3.0,18,0.02702702702702703,19,0.028528528528528527,9,0.013513513513513514,3,0.0045045045045045045,6,0.009009009009009009,666,success,6,15,0.009009009009009009,0.02252252252252252,-0.42857142857142855,0.03153153153153153,-0.013513513513513514,65,success,success
S2023-031,0001053507,AMT,American Tower,0001053507-24-000011,2023,2024-02-27,1.0.3,0.3.0,1,0.012195121951219513,1,0.012195121951219513,1,0.012195121951219513,0,0.0,0,0.0,82,success,0,11,0.0,0.13414634146341464,-1.0,0.13414634146341464,-0.13414634146341464,12,success,success
S2023-032,0001410636,AWK,American Water Works,0001410636-24-000050,2023,2024-02-14,1.0.3,0.3.0,,,,,,,,,,,0,warning_denominator_zero,,,,,,,,,warning_denominator_zero,warning_denominator_zero
S2023-033,0000820027,AMP,Ameriprise Financial,0000820027-24-000015,2023,2024-02-22,1.0.3,0.3.0,3,0.009036144578313253,15,0.045180722891566265,1,0.0030120481927710845,1,0.0030120481927710845,0,0.0,332,success,2,4,0.006024096385542169,0.012048192771084338,-0.3333333333333333,0.018072289156626505,-0.006024096385542169,24,success,success
S2023-034,0001037868,AME,Ametek,0001037868-24-000009,2023,2024-02-22,1.0.3,0.3.0,,,,,,,,,,,0,warning_denominator_zero,,,,,,,,,warning_denominator_zero,warning_denominator_zero
S2023-035,0000318154,AMGN,Amgen,0000318154-24-000011,2023,2024-02-14,1.0.3,0.3.0,2,0.011627906976744186,0,0.0,1,0.005813953488372093,0,0.0,1,0.005813953488372093,172,success,0,3,0.0,0.01744186046511628,-1.0,0.01744186046511628,-0.01744186046511628,6,success,success
S2023-036,0000820313,APH,Amphenol,0001558370-24-000866,2023,2024-02-07,1.0.3,0.3.0,1,0.0125,0,0.0,0,0.0,0,0.0,0,0.0,80,success,2,1,0.025,0.0125,0.3333333333333333,0.0375,0.0125,4,success,success
S2023-037,0000006281,ADI,Analog Devices,0000006281-23-000203,2023,2023-11-21,1.0.3,0.3.0,5,0.056179775280898875,1,0.011235955056179775,5,0.056179775280898875,0,0.0,1,0.011235955056179775,89,success,4,5,0.0449438202247191,0.056179775280898875,-0.1111111111111111,0.10112359550561797,-0.011235955056179775,14,success,success
S2023-038,0000315293,AON,Aon plc,0001628280-24-005392,2023,2024-02-16,1.0.3,0.3.0,4,0.024242424242424242,0,0.0,3,0.01818181818181818,0,0.0,0,0.0,165,success,7,9,0.04242424242424243,0.05454545454545454,-0.125,0.09696969696969697,-0.012121212121212121,20,success,success
S2023-039,0000320193,AAPL,Apple Inc.,0000320193-23-000106,2023,2023-11-03,1.0.3,0.3.0,0,0.0,4,0.04,0,0.0,0,0.0,1,0.01,100,success,0,3,0.0,0.03,-1.0,0.03,-0.03,7,success,success
S2023-040,0000006951,AMAT,Applied Materials,0000006951-23-000041,2023,2023-12-15,1.0.3,0.3.0,3,0.012345679012345678,1,0.00411522633744856,3,0.012345679012345678,0,0.0,0,0.0,243,success,3,6,0.012345679012345678,0.024691358024691357,-0.3333333333333333,0.037037037037037035,-0.012345679012345678,13,success,success
S2023-041,0001521332,APTV,Aptiv,0001521332-24-000011,2023,2024-02-06,1.0.3,0.3.0,3,0.012658227848101266,0,0.0,0,0.0,0,0.0,0,0.0,237,success,0,0,0.0,0.0,,0.0,0.0,3,success,success
S2023-042,0000947484,ACGL,Arch Capital Group,0000947484-24-000020,2023,2024-02-23,1.0.3,0.3.0,32,0.027515047291487533,37,0.03181427343078246,16,0.013757523645743766,7,0.0060189165950128975,2,0.0017196904557179708,1163,success,3,43,0.0025795356835769563,0.03697334479793637,-0.8695652173913043,0.03955288048151333,-0.034393809114359415,119,success,success
S2023-043,0000007084,ADM,Archer Daniels Midland,0000007084-24-000009,2023,2024-03-12,1.0.3,0.3.0,5,0.043859649122807015,3,0.02631578947368421,1,0.008771929824561403,0,0.0,0,0.0,114,success,4,8,0.03508771929824561,0.07017543859649122,-0.3333333333333333,0.10526315789473684,-0.03508771929824561,20,success,success
S2023-044,0001596532,ANET,Arista Networks,0001596532-24-000043,2023,2024-02-13,1.0.3,0.3.0,39,0.016927083333333332,22,0.009548611111111112,23,0.009982638888888888,8,0.003472222222222222,18,0.0078125,2304,success,28,33,0.012152777777777778,0.014322916666666666,-0.08196721311475409,0.026475694444444444,-0.002170138888888889,139,success,success
S2023-045,0000354190,AJG,Arthur J. Gallagher & Co.,0000950170-24-013370,2023,2024-02-09,1.0.3,0.3.0,23,0.03417533432392273,24,0.03566121842496285,7,0.010401188707280832,2,0.0029717682020802376,6,0.008915304606240713,673,success,4,15,0.005943536404160475,0.022288261515601784,-0.5789473684210527,0.02823179791976226,-0.01634472511144131,71,success,success
S2023-046,0001267238,AIZ,Assurant,0001267238-24-000008,2023,2024-02-15,1.0.3,0.3.0,4,0.01038961038961039,15,0.03896103896103896,3,0.007792207792207792,0,0.0,0,0.0,385,success,5,8,0.012987012987012988,0.02077922077922078,-0.23076923076923078,0.033766233766233764,-0.007792207792207792,30,success,success
S2023-047,0000731802,ATO,Atmos Energy,0000731802-23-000028,2023,2023-11-14,1.0.3,0.3.0,,,,,,,,,,,0,warning_denominator_zero,,,,,,,,,warning_denominator_zero,warning_denominator_zero
S2023-048,0000866787,AZO,AutoZone,0001558370-23-016668,2023,2023-10-24,1.0.3,0.3.0,,,,,,,,,,,0,warning_denominator_zero,,,,,,,,,warning_denominator_zero,warning_denominator_zero
S2023-049,0000769397,ADSK,Autodesk,0000769397-23-000036,2023,2023-03-14,1.0.3,0.3.0,9,0.032490974729241874,4,0.01444043321299639,8,0.02888086642599278,0,0.0,0,0.0,277,success,7,9,0.02527075812274368,0.032490974729241874,-0.125,0.05776173285198556,-0.007220216606498195,29,success,success
S2023-050,0000008670,ADP,Automatic Data Processing,0000008670-23-000030,2023,2023-08-03,1.0.3,0.3.0,21,0.01761744966442953,19,0.015939597315436243,14,0.01174496644295302,3,0.0025167785234899327,16,0.013422818791946308,1192,success,20,21,0.016778523489932886,0.01761744966442953,-0.024390243902439025,0.034395973154362415,-0.0008389261744966443,97,success,success
S2023-051,0000915912,AVB,AvalonBay Communities,0000915912-24-000004,2023,2024-02-23,1.0.3,0.3.0,0,0.0,0,0.0,0,0.0,0,0.0,0,0.0,43,success,1,0,0.023255813953488372,0.0,1.0,0.023255813953488372,0.023255813953488372,1,success,success
S2023-052,0000008818,AVY,Avery Dennison,0000008818-24-000003,2023,2024-02-21,1.0.3,0.3.0,2,0.03278688524590164,1,0.01639344262295082,0,0.0,0,0.0,0,0.0,61,success,0,7,0.0,0.11475409836065574,-1.0,0.11475409836065574,-0.11475409836065574,9,success,success
S2023-053,0001069183,AXON,Axon Enterprise,0001069183-24-000006,2023,2024-02-27,1.0.3,0.3.0,21,0.04772727272727273,6,0.013636363636363636,16,0.03636363636363636,1,0.0022727272727272726,3,0.006818181818181818,440,success,1,19,0.0022727272727272726,0.04318181818181818,-0.9,0.045454545454545456,-0.04090909090909091,51,success,success
S2023-054,0001037540,BXP,"BXP, Inc.",0001656423-24-000007,2023,2024-02-27,1.0.3,0.3.0,,,,,,,,,,,0,warning_denominator_zero,,,,,,,,,warning_denominator_zero,warning_denominator_zero
S2023-055,0001701605,BKR,Baker Hughes,0001701605-24-000033,2023,2024-02-05,1.0.3,0.3.0,1,0.004608294930875576,7,0.03225806451612903,0,0.0,0,0.0,0,0.0,217,success,3,7,0.013824884792626729,0.03225806451612903,-0.4,0.04608294930875576,-0.018433179723502304,16,success,success
S2023-056,0000009389,BALL,Ball Corporation,0001558370-24-001349,2023,2024-02-20,1.0.3,0.3.0,,,,,,,,,,,0,warning_denominator_zero,,,,,,,,,warning_denominator_zero,warning_denominator_zero
S2023-057,0000070858,BAC,Bank of America,0000070858-24-000122,2023,2024-02-20,1.0.3,0.3.0,16,0.019024970273483946,16,0.019024970273483946,4,0.0047562425683709865,0,0.0,9,0.01070154577883472,841,success,2,52,0.0023781212841854932,0.06183115338882283,-0.9259259259259259,0.06420927467300833,-0.059453032104637336,90,success,success
S2023-058,0001390777,BK,Bank of New York Mellon,0001390777-24-000051,2023,2024-02-28,1.0.3,0.3.0,,,,,,,,,,,0,warning_denominator_zero,,,,,,,,,warning_denominator_zero,warning_denominator_zero
S2023-059,0000701985,BBWI,"Bath & Body Works, Inc.",0000701985-23-000008,2023,2023-03-17,1.0.3,0.3.0,,,,,,,,,,,0,warning_denominator_zero,,,,,,,,,warning_denominator_zero,warning_denominator_zero
S2023-060,0000010456,BAX,Baxter International,0001628280-24-003932,2023,2024-02-08,1.0.3,0.3.0,2,0.024096385542168676,0,0.0,1,0.012048192771084338,1,0.012048192771084338,0,0.0,83,success,0,0,0.0,0.0,,0.0,0.0,3,success,success
S2023-061,0000010795,BDX,Becton Dickinson,0000010795-23-000098,2023,2023-11-21,1.0.3,0.3.0,0,0.0,0,0.0,0,0.0,0,0.0,0,0.0,27,success,2,1,0.07407407407407407,0.037037037037037035,0.3333333333333333,0.1111111111111111,0.037037037037037035,3,success,success
S2023-062,0001067983,BRK-B,Berkshire Hathaway,0000950170-24-019719,2023,2024-02-26,1.0.3,0.3.0,,,,,,,,,,,0,warning_denominator_zero,,,,,,,,,warning_denominator_zero,warning_denominator_zero
S2023-063,0000764478,BBY,Best Buy,0000764478-23-000006,2023,2023-03-17,1.0.3,0.3.0,0,0.0,0,0.0,0,0.0,0,0.0,0,0.0,21,success,1,0,0.047619047619047616,0.0,1.0,0.047619047619047616,0.047619047619047616,1,success,success
S2023-064,0000012208,BIO,Bio-Rad Laboratories,0000012208-24-000013,2023,2024-02-16,1.0.3,0.3.0,,,,,,,,,,,0,warning_denominator_zero,,,,,,,,,warning_denominator_zero,warning_denominator_zero
S2023-065,0000842023,TECH,Bio-Techne,0001558370-23-015226,2023,2023-08-23,1.0.3,0.3.0,,,,,,,,,,,0,warning_denominator_zero,,,,,,,,,warning_denominator_zero,warning_denominator_zero
S2023-066,0000875045,BIIB,Biogen,0000875045-24-000009,2023,2024-02-14,1.0.3,0.3.0,3,0.030612244897959183,0,0.0,2,0.02040816326530612,0,0.0,0,0.0,98,success,0,2,0.0,0.02040816326530612,-1.0,0.02040816326530612,-0.02040816326530612,5,success,success
S2023-067,0001393818,BX,Blackstone Inc.,0001193125-24-044485,2023,2024-02-23,1.0.3,0.3.0,17,0.020481927710843374,13,0.01566265060240964,12,0.014457831325301205,0,0.0,5,0.006024096385542169,830,success,6,14,0.007228915662650603,0.016867469879518072,-0.4,0.024096385542168676,-0.00963855421686747,55,success,success
S2023-068,0000012927,BA,Boeing,0000012927-24-000010,2023,2024-01-31,1.0.3,0.3.0,0,0.0,0,0.0,0,0.0,0,0.0,0,0.0,22,success,0,1,0.0,0.045454545454545456,-1.0,0.045454545454545456,-0.045454545454545456,1,success,success
S2023-069,0001075531,BKNG,Booking Holdings,0001075531-24-000014,2023,2024-02-22,1.0.3,0.3.0,14,0.026022304832713755,14,0.026022304832713755,10,0.01858736059479554,0,0.0,4,0.007434944237918215,538,success,4,14,0.007434944237918215,0.026022304832713755,-0.5555555555555556,0.03345724907063197,-0.01858736059479554,50,success,success
S2023-070,0000908255,BWA,BorgWarner,0000908255-24-000007,2023,2024-02-08,1.0.3,0.3.0,,,,,,,,,,,0,warning_denominator_zero,,,,,,,,,warning_denominator_zero,warning_denominator_zero
S2023-071,0000885725,BSX,Boston Scientific,0000885725-24-000017,2023,2024-02-20,1.0.3,0.3.0,3,0.04285714285714286,0,0.0,3,0.04285714285714286,0,0.0,0,0.0,70,success,1,2,0.014285714285714285,0.02857142857142857,-0.3333333333333333,0.04285714285714286,-0.014285714285714285,6,success,success
S2023-072,0000014272,BMY,Bristol Myers Squibb,0000014272-24-000044,2023,2024-02-13,1.0.3,0.3.0,,,,,,,,,,,0,warning_denominator_zero,,,,,,,,,warning_denominator_zero,warning_denominator_zero
S2023-073,0001730168,AVGO,Broadcom,0001730168-23-000096,2023,2023-12-14,1.0.3,0.3.0,1,0.006172839506172839,1,0.006172839506172839,1,0.006172839506172839,0,0.0,1,0.006172839506172839,162,success,2,5,0.012345679012345678,0.030864197530864196,-0.42857142857142855,0.043209876543209874,-0.018518518518518517,10,success,success
S2023-074,0001383312,BR,Broadridge Financial Solutions,0001383312-23-000037,2023,2023-08-08,1.0.3,0.3.0,0,0.0,1,0.014285714285714285,0,0.0,0,0.0,1,0.014285714285714285,70,success,2,0,0.02857142857142857,0.0,1.0,0.02857142857142857,0.02857142857142857,4,success,success
S2023-075,0000079282,BRO,Brown & Brown,0000950170-24-018890,2023,2024-02-22,1.0.3,0.3.0,,,,,,,,,,,0,warning_denominator_zero,,,,,,,,,warning_denominator_zero,warning_denominator_zero
S2023-076,0000014693,BF-B,Brown–Forman,0000014693-23-000074,2023,2023-06-16,1.0.3,0.3.0,,,,,,,,,,,0,warning_denominator_zero,,,,,,,,,warning_denominator_zero,warning_denominator_zero
S2023-077,0001316835,BLDR,Builders FirstSource,0000950170-24-018584,2023,2024-02-22,1.0.3,0.3.0,,,,,,,,,,,0,warning_denominator_zero,,,,,,,,,warning_denominator_zero,warning_denominator_zero
S2023-078,0001996862,BG,Bunge Global,0001996862-24-000007,2023,2024-02-22,1.0.3,0.3.0,1,0.023809523809523808,5,0.11904761904761904,1,0.023809523809523808,0,0.0,0,0.0,42,success,0,4,0.0,0.09523809523809523,-1.0,0.09523809523809523,-0.09523809523809523,9,success,success
S2023-079,0001043277,CHRW,C.H. Robinson,0001043277-24-000011,2023,2024-02-16,1.0.3,0.3.0,38,0.07465618860510806,12,0.023575638506876228,12,0.023575638506876228,0,0.0,1,0.0019646365422396855,509,success,5,17,0.009823182711198428,0.03339882121807466,-0.5454545454545454,0.043222003929273084,-0.023575638506876228,71,success,success
S2023-080,0001138118,CBRE,CBRE Group,0001138118-24-000006,2023,2024-02-20,1.0.3,0.3.0,,,,,,,,,,,0,warning_denominator_zero,,,,,,,,,warning_denominator_zero,warning_denominator_zero
S2023-081,0001402057,CDW,CDW Corporation,0001402057-24-000015,2023,2024-02-26,1.0.3,0.3.0,8,0.030303030303030304,2,0.007575757575757576,6,0.022727272727272728,1,0.003787878787878788,0,0.0,264,success,2,13,0.007575757575757576,0.04924242424242424,-0.7333333333333333,0.056818181818181816,-0.041666666666666664,26,success,success
S2023-082,0001324404,CF,CF Industries,0001324404-24-000008,2023,2024-02-22,1.0.3,0.3.0,,,,,,,,,,,0,warning_denominator_zero,,,,,,,,,warning_denominator_zero,warning_denominator_zero
S2023-083,0001156375,CME,CME Group,0001156375-24-000010,2023,2024-02-28,1.0.3,0.3.0,5,0.024630541871921183,1,0.0049261083743842365,3,0.014778325123152709,0,0.0,1,0.0049261083743842365,203,success,0,23,0.0,0.11330049261083744,-1.0,0.11330049261083744,-0.11330049261083744,30,success,success
S2023-084,0000811156,CMS,CMS Energy,0000811156-24-000044,2023,2024-02-08,1.0.3,0.3.0,0,0.0,0,0.0,0,0.0,0,0.0,0,0.0,11,success,1,0,0.09090909090909091,0.0,1.0,0.09090909090909091,0.09090909090909091,1,success,success
S2023-085,0000277948,CSX,CSX Corporation,0000277948-24-000010,2023,2024-02-14,1.0.3,0.3.0,1,0.02857142857142857,0,0.0,1,0.02857142857142857,0,0.0,0,0.0,35,success,1,3,0.02857142857142857,0.08571428571428572,-0.5,0.11428571428571428,-0.05714285714285714,5,success,success
S2023-086,0000064803,CVS,CVS Health,0000064803-24-000007,2023,2024-02-07,1.0.3,0.3.0,1,0.011627906976744186,1,0.011627906976744186,0,0.0,0,0.0,0,0.0,86,success,1,0,0.011627906976744186,0.0,1.0,0.011627906976744186,0.011627906976744186,3,success,success
S2023-087,0000813672,CDNS,Cadence Design Systems,0000813672-24-000034,2023,2024-02-14,1.0.3,0.3.0,10,0.009523809523809525,7,0.006666666666666667,7,0.006666666666666667,0,0.0,1,0.0009523809523809524,1050,success,17,21,0.01619047619047619,0.02,-0.10526315789473684,0.03619047619047619,-0.0038095238095238095,54,success,success
S2023-088,0001590895,CZR,Caesars Entertainment,0001590895-24-000051,2023,2024-02-20,1.0.3,0.3.0,,,,,,,,,,,0,warning_denominator_zero,,,,,,,,,warning_denominator_zero,warning_denominator_zero
S2023-089,0000906345,CPT,Camden Property Trust,0000906345-24-000007,2023,2024-02-22,1.0.3,0.3.0,1,0.022727272727272728,1,0.022727272727272728,0,0.0,0,0.0,0,0.0,44,success,1,3,0.022727272727272728,0.06818181818181818,-0.5,0.09090909090909091,-0.045454545454545456,5,success,success
S2023-090,0000016732,CPB,Campbell's,0000016732-23-000109,2023,2023-09-21,1.0.3,0.3.0,2,0.11764705882352941,0,0.0,1,0.058823529411764705,0,0.0,0,0.0,17,success,0,0,0.0,0.0,,0.0,0.0,2,success,success
S2023-091,0000927628,COF,Capital One,0000927628-24-000094,2023,2024-02-23,1.0.3,0.3.0,28,0.03271028037383177,26,0.030373831775700934,13,0.015186915887850467,1,0.0011682242990654205,3,0.0035046728971962616,856,success,1,34,0.0011682242990654205,0.0397196261682243,-0.9428571428571428,0.04088785046728972,-0.038551401869158876,90,success,success
S2023-092,0001170010,KMX,CarMax,0001170010-23-000010,2023,2023-04-13,1.0.3,0.3.0,0,0.0,0,0.0,0,0.0,0,0.0,0,0.0,19,success,0,0,0.0,0.0,,0.0,0.0,0,success,success
S2023-093,0000721371,CAH,Cardinal Health,0000721371-23-000060,2023,2023-08-15,1.0.3,0.3.0,,,,,,,,,,,0,warning_denominator_zero,,,,,,,,,warning_denominator_zero,warning_denominator_zero
S2023-094,0000815097,CCL,Carnival Corporation,0000815097-24-000011,2023,2024-01-26,1.0.3,0.3.0,,,,,,,,,,,0,warning_denominator_zero,,,,,,,,,warning_denominator_zero,warning_denominator_zero
S2023-095,0001783180,CARR,Carrier Global,0001783180-24-000009,2023,2024-02-06,1.0.3,0.3.0,0,0.0,0,0.0,0,0.0,0,0.0,0,0.0,20,success,0,0,0.0,0.0,,0.0,0.0,0,success,success
S2023-096,0000018230,CAT,Caterpillar Inc.,0000018230-24-000009,2023,2024-02-16,1.0.3,0.3.0,,,,,,,,,,,0,warning_denominator_zero,,,,,,,,,warning_denominator_zero,warning_denominator_zero
S2023-097,0001374310,CBOE,Cboe Global Markets,0001558370-24-001277,2023,2024-02-16,1.0.3,0.3.0,0,0.0,0,0.0,0,0.0,0,0.0,0,0.0,75,success,1,2,0.013333333333333334,0.02666666666666667,-0.3333333333333333,0.04,-0.013333333333333334,3,success,success
S2023-098,0001306830,CE,Celanese,0001306830-24-000029,2023,2024-02-23,1.0.3,0.3.0,0,0.0,0,0.0,0,0.0,1,0.0196078431372549,0,0.0,51,success,0,4,0.0,0.0784313725490196,-1.0,0.0784313725490196,-0.0784313725490196,5,success,success
S2023-099,0001140859,COR,Cencora,0001140859-23-000197,2023,2023-11-21,1.0.3,0.3.0,1,0.047619047619047616,0,0.0,1,0.047619047619047616,0,0.0,0,0.0,21,success,0,1,0.0,0.047619047619047616,-1.0,0.047619047619047616,-0.047619047619047616,2,success,success
S2023-100,0001071739,CNC,Centene Corporation,0001071739-24-000037,2023,2024-02-20,1.0.3,0.3.0,4,0.07017543859649122,1,0.017543859649122806,0,0.0,0,0.0,0,0.0,57,success,0,4,0.0,0.07017543859649122,-1.0,0.07017543859649122,-0.07017543859649122,8,success,success
S2023-101,0001130310,CNP,CenterPoint Energy,0001130310-24-000010,2023,2024-02-20,1.0.3,0.3.0,21,0.04535637149028078,9,0.019438444924406047,14,0.03023758099352052,2,0.004319654427645789,2,0.004319654427645789,463,success,11,19,0.023758099352051837,0.04103671706263499,-0.26666666666666666,0.06479481641468683,-0.017278617710583154,62,success,success
S2023-102,0001100682,CRL,Charles River Laboratories,0001100682-24-000007,2023,2024-02-14,1.0.3,0.3.0,0,0.0,0,0.0,0,0.0,0,0.0,0,0.0,24,success,0,0,0.0,0.0,,0.0,0.0,0,success,success
S2023-103,0000316709,SCHW,Charles Schwab Corporation,0000316709-24-000018,2023,2024-02-23,1.0.3,0.3.0,1,0.019230769230769232,1,0.019230769230769232,0,0.0,0,0.0,0,0.0,52,success,0,1,0.0,0.019230769230769232,-1.0,0.019230769230769232,-0.019230769230769232,2,success,success
S2023-104,0001091667,CHTR,Charter Communications,0001091667-24-000028,2023,2024-02-02,1.0.3,0.3.0,11,0.04526748971193416,8,0.03292181069958848,8,0.03292181069958848,0,0.0,0,0.0,243,success,1,14,0.00411522633744856,0.05761316872427984,-0.8666666666666667,0.06172839506172839,-0.053497942386831275,34,success,success
S2023-105,0000093410,CVX,Chevron Corporation,0000093410-24-000013,2023,2024-02-26,1.0.3,0.3.0,0,0.0,0,0.0,0,0.0,0,0.0,0,0.0,45,success,3,0,0.06666666666666667,0.0,1.0,0.06666666666666667,0.06666666666666667,3,success,success
S2023-106,0001058090,CMG,Chipotle Mexican Grill,0001562762-24-000023,2023,2024-02-08,1.0.3,0.3.0,2,0.013793103448275862,7,0.04827586206896552,1,0.006896551724137931,0,0.0,0,0.0,145,success,0,1,0.0,0.006896551724137931,-1.0,0.006896551724137931,-0.006896551724137931,10,success,success
S2023-107,0000896159,CB,Chubb Limited,0000896159-24-000003,2023,2024-02-23,1.0.3,0.3.0,9,0.041474654377880185,4,0.018433179723502304,6,0.027649769585253458,0,0.0,0,0.0,217,success,2,7,0.009216589861751152,0.03225806451612903,-0.5555555555555556,0.041474654377880185,-0.02304147465437788,21,success,success
S2023-108,0000313927,CHD,Church & Dwight,0000950170-24-015810,2023,2024-02-15,1.0.3,0.3.0,3,0.037037037037037035,0,0.0,2,0.024691358024691357,0,0.0,0,0.0,81,success,1,0,0.012345679012345678,0.0,1.0,0.012345679012345678,0.012345679012345678,4,success,success
S2023-109,0001739940,CI,Cigna,0001739940-24-000005,2023,2024-02-29,1.0.3,0.3.0,26,0.025691699604743084,34,0.03359683794466403,8,0.007905138339920948,0,0.0,8,0.007905138339920948,1012,success,10,31,0.009881422924901186,0.030632411067193676,-0.5121951219512195,0.040513833992094864,-0.020750988142292492,106,success,success
S2023-110,0000020286,CINF,Cincinnati Financial,0000020286-24-000014,2023,2024-02-26,1.0.3,0.3.0,2,0.029850746268656716,3,0.04477611940298507,2,0.029850746268656716,1,0.014925373134328358,0,0.0,67,success,1,4,0.014925373134328358,0.05970149253731343,-0.6,0.07462686567164178,-0.04477611940298507,11,success,success
S2023-111,0000723254,CTAS,Cintas,0000723254-23-000025,2023,2023-07-27,1.0.3,0.3.0,,,,,,,,,,,0,warning_denominator_zero,,,,,,,,,warning_denominator_zero,warning_denominator_zero
S2023-112,0000858877,CSCO,Cisco,0000858877-23-000023,2023,2023-09-07,1.0.3,0.3.0,8,0.019801980198019802,10,0.024752475247524754,6,0.01485148514851485,1,0.0024752475247524753,1,0.0024752475247524753,404,success,13,10,0.03217821782178218,0.024752475247524754,0.13043478260869565,0.05693069306930693,0.007425742574257425,43,success,success
S2023-113,0000831001,C,Citigroup,0000831001-24-000033,2023,2024-02-23,1.0.3,0.3.0,6,0.045112781954887216,0,0.0,2,0.015037593984962405,0,0.0,0,0.0,133,success,1,9,0.007518796992481203,0.06766917293233082,-0.8,0.07518796992481203,-0.06015037593984962,16,success,success
S2023-114,0000759944,CFG,Citizens Financial Group,0000759944-24-000039,2023,2024-02-16,1.0.3,0.3.0,0,0.0,0,0.0,0,0.0,0,0.0,0,0.0,31,success,0,0,0.0,0.0,,0.0,0.0,0,success,success
S2023-115,0000021076,CLX,Clorox,0000021076-23-000037,2023,2023-08-10,1.0.3,0.3.0,2,0.018018018018018018,0,0.0,2,0.018018018018018018,0,0.0,0,0.0,111,success,5,1,0.04504504504504504,0.009009009009009009,0.6666666666666666,0.05405405405405406,0.036036036036036036,8,success,success
S2023-116,0001057352,CSGP,CoStar Group,0001057352-24-000013,2023,2024-02-22,1.0.3,0.3.0,4,0.03305785123966942,0,0.0,3,0.024793388429752067,0,0.0,0,0.0,121,success,0,9,0.0,0.0743801652892562,-1.0,0.0743801652892562,-0.0743801652892562,13,success,success
S2023-117,0000021344,KO,Coca-Cola Company (The),0000021344-24-000009,2023,2024-02-20,1.0.3,0.3.0,2,0.008733624454148471,4,0.017467248908296942,2,0.008733624454148471,0,0.0,1,0.004366812227074236,229,success,4,2,0.017467248908296942,0.008733624454148471,0.3333333333333333,0.026200873362445413,0.008733624454148471,13,success,success
S2023-118,0001058290,CTSH,Cognizant,0001058290-24-000017,2023,2024-02-14,1.0.3,0.3.0,12,0.014778325123152709,13,0.01600985221674877,9,0.011083743842364532,3,0.003694581280788177,9,0.011083743842364532,812,success,12,11,0.014778325123152709,0.013546798029556651,0.043478260869565216,0.02832512315270936,0.0012315270935960591,59,success,success
S2023-119,0000021665,CL,Colgate-Palmolive,0000021665-24-000003,2023,2024-02-15,1.0.3,0.3.0,8,0.0321285140562249,2,0.008032128514056224,5,0.020080321285140562,1,0.004016064257028112,1,0.004016064257028112,249,success,7,5,0.028112449799196786,0.020080321285140562,0.16666666666666666,0.04819277108433735,0.008032128514056224,23,success,success
S2023-120,0001166691,CMCSA,Comcast,0001166691-24-000011,2023,2024-01-31,1.0.3,0.3.0,3,0.024193548387096774,2,0.016129032258064516,3,0.024193548387096774,1,0.008064516129032258,0,0.0,124,success,4,9,0.03225806451612903,0.07258064516129033,-0.38461538461538464,0.10483870967741936,-0.04032258064516129,19,success,success
S2023-121,0000023217,CAG,Conagra Brands,0001437749-23-019879,2023,2023-07-13,1.0.3,0.3.0,,,,,,,,,,,0,warning_denominator_zero,,,,,,,,,warning_denominator_zero,warning_denominator_zero
S2023-122,0001163165,COP,ConocoPhillips,0001163165-24-000010,2023,2024-02-15,1.0.3,0.3.0,3,0.08571428571428572,0,0.0,1,0.02857142857142857,0,0.0,0,0.0,35,success,1,1,0.02857142857142857,0.02857142857142857,0.0,0.05714285714285714,0.0,5,success,success
S2023-123,0001047862,ED,Consolidated Edison,0001047862-24-000012,2023,2024-02-15,1.0.3,0.3.0,0,0.0,0,0.0,0,0.0,0,0.0,0,0.0,33,success,0,2,0.0,0.06060606060606061,-1.0,0.06060606060606061,-0.06060606060606061,2,success,success
S2023-124,0000016918,STZ,Constellation Brands,0000016918-23-000045,2023,2023-04-20,1.0.3,0.3.0,,,,,,,,,,,0,warning_denominator_zero,,,,,,,,,warning_denominator_zero,warning_denominator_zero
S2023-125,0001868275,CEG,Constellation Energy,0001868275-24-000014,2023,2024-02-27,1.0.3,0.3.0,1,0.045454545454545456,0,0.0,1,0.045454545454545456,0,0.0,0,0.0,22,success,0,2,0.0,0.09090909090909091,-1.0,0.09090909090909091,-0.09090909090909091,3,success,success
S2023-126,0000711404,COO,Cooper Companies (The),0000711404-23-000072,2023,2023-12-08,1.0.3,0.3.0,,,,,,,,,,,0,warning_denominator_zero,,,,,,,,,warning_denominator_zero,warning_denominator_zero
S2023-127,0000900075,CPRT,Copart,0000900075-23-000034,2023,2023-09-28,1.0.3,0.3.0,1,0.02857142857142857,0,0.0,1,0.02857142857142857,0,0.0,0,0.0,35,success,0,0,0.0,0.0,,0.0,0.0,1,success,success
S2023-128,0000024741,GLW,Corning Inc.,0001437749-24-003735,2023,2024-02-12,1.0.3,0.3.0,0,0.0,1,0.012658227848101266,0,0.0,0,0.0,0,0.0,79,success,3,2,0.0379746835443038,0.02531645569620253,0.2,0.06329113924050633,0.012658227848101266,6,success,success
S2023-129,0001755672,CTVA,Corteva,0001755672-24-000004,2023,2024-02-08,1.0.3,0.3.0,2,0.02631578947368421,0,0.0,2,0.02631578947368421,0,0.0,1,0.013157894736842105,76,success,2,1,0.02631578947368421,0.013157894736842105,0.3333333333333333,0.039473684210526314,0.013157894736842105,6,success,success
S2023-130,0000909832,COST,Costco,0000909832-23-000042,2023,2023-10-11,1.0.3,0.3.0,,,,,,,,,,,0,warning_denominator_zero,,,,,,,,,warning_denominator_zero,warning_denominator_zero
S2023-131,0001051470,CCI,Crown Castle,0001051470-24-000062,2023,2024-02-23,1.0.3,0.3.0,1,0.011764705882352941,0,0.0,1,0.011764705882352941,0,0.0,0,0.0,85,success,0,0,0.0,0.0,,0.0,0.0,1,success,success
S2023-132,0000026172,CMI,Cummins,0000026172-24-000012,2023,2024-02-12,1.0.3,0.3.0,,,,,,,,,,,0,warning_denominator_zero,,,,,,,,,warning_denominator_zero,warning_denominator_zero
S2023-133,0000882184,DHI,D. R. Horton,0000882184-23-000115,2023,2023-11-17,1.0.3,0.3.0,0,0.0,0,0.0,0,0.0,0,0.0,0,0.0,34,success,0,3,0.0,0.08823529411764706,-1.0,0.08823529411764706,-0.08823529411764706,3,success,success
S2023-134,0000936340,DTE,DTE Energy,0000936340-24-000076,2023,2024-02-08,1.0.3,0.3.0,,,,,,,,,,,0,warning_denominator_zero,,,,,,,,,warning_denominator_zero,warning_denominator_zero
S2023-135,0000927066,DVA,DaVita,0000927066-24-000013,2023,2024-02-14,1.0.3,0.3.0,1,0.020833333333333332,0,0.0,1,0.020833333333333332,0,0.0,0,0.0,48,success,1,0,0.020833333333333332,0.0,1.0,0.020833333333333332,0.020833333333333332,2,success,success
S2023-136,0000313616,DHR,Danaher Corporation,0000313616-24-000052,2023,2024-02-21,1.0.3,0.3.0,17,0.04509283819628647,5,0.013262599469496022,13,0.034482758620689655,1,0.002652519893899204,3,0.007957559681697613,377,success,5,19,0.013262599469496022,0.050397877984084884,-0.5833333333333334,0.0636604774535809,-0.03713527851458886,50,success,success
S2023-137,0000940944,DRI,Darden Restaurants,0000940944-23-000037,2023,2023-07-21,1.0.3,0.3.0,,,,,,,,,,,0,warning_denominator_zero,,,,,,,,,warning_denominator_zero,warning_denominator_zero
S2023-138,0000315189,DE,Deere & Company,0001558370-23-019812,2023,2023-12-15,1.0.3,0.3.0,1,0.006896551724137931,1,0.006896551724137931,1,0.006896551724137931,0,0.0,1,0.006896551724137931,145,success,2,1,0.013793103448275862,0.006896551724137931,0.3333333333333333,0.020689655172413793,0.006896551724137931,6,success,success
S2023-139,0000027904,DAL,Delta Air Lines,0000027904-24-000003,2023,2024-02-12,1.0.3,0.3.0,,,,,,,,,,,0,warning_denominator_zero,,,,,,,,,warning_denominator_zero,warning_denominator_zero
S2023-140,0000818479,XRAY,Dentsply Sirona,0000818479-24-000021,2023,2024-02-29,1.0.3,0.3.0,13,0.03523035230352303,8,0.02168021680216802,11,0.02981029810298103,1,0.0027100271002710027,4,0.01084010840108401,369,success,2,12,0.005420054200542005,0.032520325203252036,-0.7142857142857143,0.037940379403794036,-0.02710027100271003,39,success,success
S2023-141,0001090012,DVN,Devon Energy,0000950170-24-021781,2023,2024-02-28,1.0.3,0.3.0,1,0.02702702702702703,0,0.0,0,0.0,0,0.0,0,0.0,37,success,0,0,0.0,0.0,,0.0,0.0,1,success,success
S2023-142,0001093557,DXCM,Dexcom,0001093557-24-000021,2023,2024-02-08,1.0.3,0.3.0,1,0.03333333333333333,0,0.0,0,0.0,0,0.0,0,0.0,30,success,0,0,0.0,0.0,,0.0,0.0,1,success,success
S2023-143,0001539838,FANG,Diamondback Energy,0001539838-24-000019,2023,2024-02-22,1.0.3,0.3.0,,,,,,,,,,,0,warning_denominator_zero,,,,,,,,,warning_denominator_zero,warning_denominator_zero
S2023-144,0001297996,DLR,Digital Realty,0001558370-24-001575,2023,2024-02-23,1.0.3,0.3.0,3,0.0379746835443038,0,0.0,1,0.012658227848101266,1,0.012658227848101266,0,0.0,79,success,1,4,0.012658227848101266,0.05063291139240506,-0.6,0.06329113924050633,-0.0379746835443038,9,success,success
S2023-145,0000029534,DG,Dollar General,0001558370-23-004574,2023,2023-03-24,1.0.3,0.3.0,,,,,,,,,,,0,warning_denominator_zero,,,,,,,,,warning_denominator_zero,warning_denominator_zero
S2023-146,0000935703,DLTR,Dollar Tree,0000935703-23-000016,2023,2023-03-10,1.0.3,0.3.0,,,,,,,,,,,0,warning_denominator_zero,,,,,,,,,warning_denominator_zero,warning_denominator_zero
S2023-147,0000715957,D,Dominion Energy,0000950170-24-019110,2023,2024-02-23,1.0.3,0.3.0,0,0.0,0,0.0,0,0.0,0,0.0,0,0.0,23,success,0,0,0.0,0.0,,0.0,0.0,0,success,success
S2023-148,0000029905,DOV,Dover Corporation,0000029905-24-000008,2023,2024-02-09,1.0.3,0.3.0,1,0.005319148936170213,0,0.0,0,0.0,0,0.0,0,0.0,188,success,8,1,0.0425531914893617,0.005319148936170213,0.7777777777777778,0.047872340425531915,0.03723404255319149,10,success,success
S2023-149,0001751788,DOW,Dow Inc.,0001751788-24-000010,2023,2024-01-31,1.0.3,0.3.0,3,0.061224489795918366,0,0.0,1,0.02040816326530612,0,0.0,0,0.0,49,success,2,2,0.04081632653061224,0.04081632653061224,0.0,0.08163265306122448,0.0,7,success,success
S2023-150,0001666700,DD,DuPont,0001666700-24-000008,2023,2024-02-15,1.0.3,0.3.0,,,,,,,,,,,0,warning_denominator_zero,,,,,,,,,warning_denominator_zero,warning_denominator_zero
S2023-151,0001326160,DUK,Duke Energy,0001326160-24-000037,2023,2024-02-23,1.0.3,0.3.0,,,,,,,,,,,0,warning_denominator_zero,,,,,,,,,warning_denominator_zero,warning_denominator_zero
S2023-152,0000821189,EOG,EOG Resources,0000821189-24-000011,2023,2024-02-22,1.0.3,0.3.0,,,,,,,,,,,0,warning_denominator_zero,,,,,,,,,warning_denominator_zero,warning_denominator_zero
S2023-153,0001352010,EPAM,EPAM Systems,0001352010-24-000008,2023,2024-02-22,1.0.3,0.3.0,14,0.017721518987341773,12,0.015189873417721518,13,0.016455696202531647,2,0.002531645569620253,5,0.006329113924050633,790,success,10,26,0.012658227848101266,0.03291139240506329,-0.4444444444444444,0.04556962025316456,-0.020253164556962026,65,success,success
S2023-154,0000033213,EQT,EQT Corporation,0000033213-24-000008,2023,2024-02-14,1.0.3,0.3.0,,,,,,,,,,,0,warning_denominator_zero,,,,,,,,,warning_denominator_zero,warning_denominator_zero
S2023-155,0000915389,EMN,Eastman Chemical Co.,0000915389-24-000016,2023,2024-02-14,1.0.3,0.3.0,4,0.025,0,0.0,0,0.0,0,0.0,0,0.0,160,success,6,0,0.0375,0.0,1.0,0.0375,0.0375,10,success,success
S2023-156,0001551182,ETN,Eaton Corporation,0001551182-24-000006,2023,2024-02-29,1.0.3,0.3.0,,,,,,,,,,,0,warning_denominator_zero,,,,,,,,,warning_denominator_zero,warning_denominator_zero
S2023-157,0000031462,ECL,Ecolab,0001558370-24-001581,2023,2024-02-23,1.0.3,0.3.0,0,0.0,0,0.0,0,0.0,2,0.0425531914893617,0,0.0,47,success,2,1,0.0425531914893617,0.02127659574468085,0.3333333333333333,0.06382978723404255,0.02127659574468085,5,success,success
S2023-158,0000827052,EIX,Edison International,0000827052-24-000013,2023,2024-02-22,1.0.3,0.3.0,2,0.05263157894736842,1,0.02631578947368421,1,0.02631578947368421,0,0.0,1,0.02631578947368421,38,success,0,6,0.0,0.15789473684210525,-1.0,0.15789473684210525,-0.15789473684210525,10,success,success
S2023-159,0001099800,EW,Edwards Lifesciences,0001099800-24-000004,2023,2024-02-12,1.0.3,0.3.0,0,0.0,0,0.0,0,0.0,0,0.0,0,0.0,51,success,3,0,0.058823529411764705,0.0,1.0,0.058823529411764705,0.058823529411764705,3,success,success
S2023-160,0000712515,EA,Electronic Arts,0000712515-23-000028,2023,2023-05-24,1.0.3,0.3.0,3,0.023622047244094488,2,0.015748031496062992,3,0.023622047244094488,0,0.0,0,0.0,127,success,3,1,0.023622047244094488,0.007874015748031496,0.5,0.031496062992125984,0.015748031496062992,9,success,success
S2023-161,0001156039,ELV,Elevance Health,0001156039-24-000015,2023,2024-02-21,1.0.3,0.3.0,3,0.041666666666666664,0,0.0,2,0.027777777777777776,0,0.0,0,0.0,72,success,3,1,0.041666666666666664,0.013888888888888888,0.5,0.05555555555555555,0.027777777777777776,7,success,success
S2023-162,0000032604,EMR,Emerson Electric,0000032604-23-000044,2023,2023-11-13,1.0.3,0.3.0,,,,,,,,,,,0,warning_denominator_zero,,,,,,,,,warning_denominator_zero,warning_denominator_zero
S2023-163,0001463101,ENPH,Enphase Energy,0001463101-24-000024,2023,2024-02-09,1.0.3,0.3.0,0,0.0,0,0.0,0,0.0,0,0.0,0,0.0,24,success,0,0,0.0,0.0,,0.0,0.0,0,success,success
S2023-164,0000065984,ETR,Entergy,0000065984-24-000012,2023,2024-02-23,1.0.3,0.3.0,1,0.006756756756756757,2,0.013513513513513514,1,0.006756756756756757,0,0.0,0,0.0,148,success,4,4,0.02702702702702703,0.02702702702702703,0.0,0.05405405405405406,0.0,11,success,success
S2023-165,0000033185,EFX,Equifax,0000033185-24-000017,2023,2024-02-22,1.0.3,0.3.0,13,0.03170731707317073,11,0.026829268292682926,10,0.024390243902439025,0,0.0,6,0.014634146341463415,410,success,5,12,0.012195121951219513,0.02926829268292683,-0.4117647058823529,0.041463414634146344,-0.01707317073170732,45,success,success
S2023-166,0001101239,EQIX,Equinix,0001628280-24-005350,2023,2024-02-16,1.0.3,0.3.0,7,0.022435897435897436,2,0.00641025641025641,5,0.016025641025641024,2,0.00641025641025641,0,0.0,312,success,4,4,0.01282051282051282,0.01282051282051282,0.0,0.02564102564102564,0.0,19,success,success
S2023-167,0000906107,EQR,Equity Residential,0000950170-24-015907,2023,2024-02-15,1.0.3,0.3.0,9,0.06164383561643835,3,0.02054794520547945,8,0.0547945205479452,0,0.0,1,0.00684931506849315,146,success,2,8,0.0136986301369863,0.0547945205479452,-0.6,0.0684931506849315,-0.0410958904109589,21,success,success
S2023-168,0000920522,ESS,Essex Property Trust,0000920522-24-000033,2023,2024-02-23,1.0.3,0.3.0,5,0.05434782608695652,0,0.0,2,0.021739130434782608,0,0.0,0,0.0,92,success,0,5,0.0,0.05434782608695652,-1.0,0.05434782608695652,-0.05434782608695652,10,success,success
S2023-169,0001001250,EL,Estée Lauder Companies (The),0001001250-23-000112,2023,2023-08-18,1.0.3,0.3.0,,,,,,,,,,,0,warning_denominator_zero,,,,,,,,,warning_denominator_zero,warning_denominator_zero
S2023-170,0001370637,ETSY,Etsy,0001370637-24-000013,2023,2024-02-22,1.0.3,0.3.0,2,0.006153846153846154,9,0.027692307692307693,2,0.006153846153846154,0,0.0,1,0.003076923076923077,325,success,11,4,0.033846153846153845,0.012307692307692308,0.4666666666666667,0.046153846153846156,0.021538461538461538,26,success,success
S2023-171,0001095073,EG,Everest Group,0001095073-24-000009,2023,2024-02-28,1.0.3,0.3.0,,,,,,,,,,,0,warning_denominator_zero,,,,,,,,,warning_denominator_zero,warning_denominator_zero
S2023-172,0001711269,EVRG,Evergy,0001711269-24-000007,2023,2024-02-29,1.0.3,0.3.0,,,,,,,,,,,0,warning_denominator_zero,,,,,,,,,warning_denominator_zero,warning_denominator_zero
S2023-173,0000072741,ES,Eversource Energy,0000072741-24-000005,2023,2024-02-14,1.0.3,0.3.0,,,,,,,,,,,0,warning_denominator_zero,,,,,,,,,warning_denominator_zero,warning_denominator_zero
S2023-174,0001109357,EXC,Exelon,0001109357-24-000053,2023,2024-02-21,1.0.3,0.3.0,2,0.1111111111111111,0,0.0,1,0.05555555555555555,0,0.0,0,0.0,18,success,0,0,0.0,0.0,,0.0,0.0,2,success,success
S2023-175,0001324424,EXPE,Expedia Group,0001324424-24-000007,2023,2024-02-09,1.0.3,0.3.0,10,0.027247956403269755,14,0.03814713896457766,7,0.01907356948228883,0,0.0,1,0.0027247956403269754,367,success,0,12,0.0,0.0326975476839237,-1.0,0.0326975476839237,-0.0326975476839237,37,success,success
S2023-176,0000746515,EXPD,Expeditors International,0000950170-24-019394,2023,2024-02-23,1.0.3,0.3.0,,,,,,,,,,,0,warning_denominator_zero,,,,,,,,,warning_denominator_zero,warning_denominator_zero
S2023-177,0001289490,EXR,Extra Space Storage,0001628280-24-008044,2023,2024-02-29,1.0.3,0.3.0,,,,,,,,,,,0,warning_denominator_zero,,,,,,,,,warning_denominator_zero,warning_denominator_zero
S2023-178,0000034088,XOM,ExxonMobil,0000034088-24-000018,2023,2024-02-28,1.0.3,0.3.0,,,,,,,,,,,0,warning_denominator_zero,,,,,,,,,warning_denominator_zero,warning_denominator_zero
S2023-179,0001048695,FFIV,"F5, Inc.",0001048695-23-000039,2023,2023-11-14,1.0.3,0.3.0,8,0.015473887814313346,11,0.02127659574468085,6,0.01160541586073501,0,0.0,0,0.0,517,success,7,18,0.013539651837524178,0.03481624758220503,-0.44,0.048355899419729204,-0.02127659574468085,44,success,success
S2023-180,0000037785,FMC,FMC Corporation,0000037785-24-000033,2023,2024-02-27,1.0.3,0.3.0,,,,,,,,,,,0,warning_denominator_zero,,,,,,,,,warning_denominator_zero,warning_denominator_zero
S2023-181,0001013237,FDS,FactSet,0001013237-23-000128,2023,2023-10-27,1.0.3,0.3.0,17,0.05329153605015674,3,0.009404388714733543,11,0.034482758620689655,3,0.009404388714733543,1,0.003134796238244514,319,success,6,13,0.018808777429467086,0.04075235109717868,-0.3684210526315789,0.05956112852664577,-0.0219435736677116,41,success,success
S2023-182,0000814547,FICO,Fair Isaac,0000814547-23-000022,2023,2023-11-08,1.0.3,0.3.0,5,0.009140767824497258,12,0.021937842778793418,0,0.0,2,0.003656307129798903,4,0.007312614259597806,547,success,4,8,0.007312614259597806,0.014625228519195612,-0.3333333333333333,0.021937842778793418,-0.007312614259597806,34,success,success
S2023-183,0000815556,FAST,Fastenal,0000815556-24-000009,2023,2024-02-06,1.0.3,0.3.0,,,,,,,,,,,0,warning_denominator_zero,,,,,,,,,warning_denominator_zero,warning_denominator_zero
S2023-184,0001048911,FDX,FedEx,0000950170-23-033201,2023,2023-07-17,1.0.3,0.3.0,4,0.013377926421404682,9,0.030100334448160536,3,0.010033444816053512,0,0.0,2,0.006688963210702341,299,success,4,11,0.013377926421404682,0.03678929765886288,-0.4666666666666667,0.05016722408026756,-0.023411371237458192,26,success,success
S2023-185,0000034903,FRT,Federal Realty Investment Trust,0000034903-24-000032,2023,2024-02-12,1.0.3,0.3.0,,,,,,,,,,,0,warning_denominator_zero,,,,,,,,,warning_denominator_zero,warning_denominator_zero
S2023-186,0001136893,FIS,Fidelity National Information Services,0001136893-24-000015,2023,2024-02-26,1.0.3,0.3.0,24,0.05647058823529412,13,0.03058823529411765,11,0.02588235294117647,0,0.0,4,0.009411764705882352,425,success,4,22,0.009411764705882352,0.05176470588235294,-0.6923076923076923,0.0611764705882353,-0.042352941176470586,65,success,success
S2023-187,0000035527,FITB,Fifth Third Bancorp,0000035527-24-000088,2023,2024-02-27,1.0.3,0.3.0,2,0.05714285714285714,0,0.0,1,0.02857142857142857,0,0.0,0,0.0,35,success,0,0,0.0,0.0,,0.0,0.0,2,success,success
S2023-188,0001274494,FSLR,First Solar,0001274494-24-000004,2023,2024-02-27,1.0.3,0.3.0,0,0.0,0,0.0,0,0.0,0,0.0,0,0.0,40,success,0,1,0.0,0.025,-1.0,0.025,-0.025,1,success,success
S2023-189,0001031296,FE,FirstEnergy,0001031296-24-000008,2023,2024-02-13,1.0.3,0.3.0,1,0.027777777777777776,0,0.0,1,0.027777777777777776,0,0.0,0,0.0,36,success,1,5,0.027777777777777776,0.1388888888888889,-0.6666666666666666,0.16666666666666666,-0.1111111111111111,7,success,success
S2023-190,0000798354,FI,Fiserv,0000798354-24-000037,2023,2024-02-22,1.0.3,0.3.0,5,0.026595744680851064,3,0.015957446808510637,5,0.026595744680851064,0,0.0,4,0.02127659574468085,188,success,2,4,0.010638297872340425,0.02127659574468085,-0.3333333333333333,0.031914893617021274,-0.010638297872340425,18,success,success
S2023-191,0000037996,F,Ford Motor Company,0000037996-24-000009,2023,2024-02-07,1.0.3,0.3.0,9,0.021686746987951807,9,0.021686746987951807,4,0.00963855421686747,1,0.0024096385542168677,10,0.024096385542168676,415,success,4,13,0.00963855421686747,0.03132530120481928,-0.5294117647058824,0.04096385542168675,-0.021686746987951807,43,success,success
S2023-192,0001262039,FTNT,Fortinet,0001262039-24-000014,2023,2024-02-26,1.0.3,0.3.0,19,0.030595813204508857,6,0.00966183574879227,14,0.02254428341384863,0,0.0,3,0.004830917874396135,621,success,5,30,0.008051529790660225,0.04830917874396135,-0.7142857142857143,0.05636070853462158,-0.040257648953301126,61,success,success
S2023-193,0001659166,FTV,Fortive,0001659166-24-000046,2023,2024-02-27,1.0.3,0.3.0,14,0.04129793510324484,7,0.02064896755162242,11,0.032448377581120944,3,0.008849557522123894,2,0.0058997050147492625,339,success,4,17,0.011799410029498525,0.05014749262536873,-0.6190476190476191,0.061946902654867256,-0.038348082595870206,46,success,success
S2023-194,0001754301,FOXA|FOX,Fox Corporation (Class A)|Fox Corporation (Class B),0001628280-23-029065,2023,2023-08-11,1.0.3,0.3.0,3,0.02702702702702703,0,0.0,2,0.018018018018018018,0,0.0,0,0.0,111,success,2,4,0.018018018018018018,0.036036036036036036,-0.3333333333333333,0.05405405405405406,-0.018018018018018018,9,success,success
S2023-195,0000038777,BEN,Franklin Resources,0000038777-23-000169,2023,2023-11-14,1.0.3,0.3.0,,,,,,,,,,,0,warning_denominator_zero,,,,,,,,,warning_denominator_zero,warning_denominator_zero
S2023-196,0000831259,FCX,Freeport-McMoRan,0000831259-24-000011,2023,2024-02-16,1.0.3,0.3.0,10,0.04926108374384237,2,0.009852216748768473,6,0.029556650246305417,0,0.0,0,0.0,203,success,3,13,0.014778325123152709,0.06403940886699508,-0.625,0.07881773399014778,-0.04926108374384237,27,success,success
S2023-197,0000040545,GE,GE Aerospace,0000040545-24-000027,2023,2024-02-02,1.0.3,0.3.0,5,0.027932960893854747,8,0.0446927374301676,2,0.0111731843575419,0,0.0,2,0.0111731843575419,179,success,0,7,0.0,0.03910614525139665,-1.0,0.03910614525139665,-0.03910614525139665,21,success,success
S2023-198,0001932393,GEHC,GE HealthCare,0001932393-24-000013,2023,2024-02-06,1.0.3,0.3.0,22,0.016781083142639208,23,0.017543859649122806,9,0.006864988558352402,1,0.0007627765064836003,4,0.0030511060259344014,1311,success,15,42,0.011441647597254004,0.032036613272311214,-0.47368421052631576,0.043478260869565216,-0.020594965675057208,102,success,success
S2023-199,0001121788,GRMN,Garmin,0000950170-24-017559,2023,2024-02-21,1.0.3,0.3.0,,,,,,,,,,,0,warning_denominator_zero,,,,,,,,,warning_denominator_zero,warning_denominator_zero
S2023-200,0000749251,IT,Gartner,0000749251-24-000006,2023,2024-02-15,1.0.3,0.3.0,26,0.03611111111111111,8,0.011111111111111112,16,0.022222222222222223,1,0.001388888888888889,7,0.009722222222222222,720,success,7,23,0.009722222222222222,0.03194444444444444,-0.5333333333333333,0.041666666666666664,-0.022222222222222223,68,success,success
S2023-201,0000849399,GEN,Gen Digital,0000849399-23-000014,2023,2023-05-25,1.0.3,0.3.0,10,0.03802281368821293,2,0.0076045627376425855,4,0.015209125475285171,0,0.0,1,0.0038022813688212928,263,success,0,4,0.0,0.015209125475285171,-1.0,0.015209125475285171,-0.015209125475285171,17,success,success
S2023-202,0001474735,GNRC,Generac,0001437749-24-005040,2023,2024-02-21,1.0.3,0.3.0,0,0.0,0,0.0,0,0.0,0,0.0,1,0.045454545454545456,22,success,0,0,0.0,0.0,,0.0,0.0,1,success,success
S2023-203,0000040533,GD,General Dynamics,0000040533-24-000007,2023,2024-02-08,1.0.3,0.3.0,0,0.0,1,0.006993006993006993,0,0.0,0,0.0,0,0.0,143,success,3,2,0.02097902097902098,0.013986013986013986,0.2,0.03496503496503497,0.006993006993006993,5,success,success
S2023-204,0000040704,GIS,General Mills,0001193125-23-177500,2023,2023-06-28,1.0.3,0.3.0,,,,,,,,,,,0,warning_denominator_zero,,,,,,,,,warning_denominator_zero,warning_denominator_zero
S2023-205,0001467858,GM,General Motors,0001467858-24-000031,2023,2024-01-30,1.0.3,0.3.0,,,,,,,,,,,0,warning_denominator_zero,,,,,,,,,warning_denominator_zero,warning_denominator_zero
S2023-206,0000040987,GPC,Genuine Parts Company,0000040987-24-000024,2023,2024-02-22,1.0.3,0.3.0,0,0.0,4,0.034782608695652174,0,0.0,0,0.0,1,0.008695652173913044,115,success,2,1,0.017391304347826087,0.008695652173913044,0.3333333333333333,0.02608695652173913,0.008695652173913044,8,success,success
S2023-207,0000882095,GILD,Gilead Sciences,0000882095-24-000007,2023,2024-02-23,1.0.3,0.3.0,,,,,,,,,,,0,warning_denominator_zero,,,,,,,,,warning_denominator_zero,warning_denominator_zero
S2023-208,0001123360,GPN,Global Payments,0001123360-24-000004,2023,2024-02-14,1.0.3,0.3.0,8,0.042328042328042326,9,0.047619047619047616,2,0.010582010582010581,0,0.0,1,0.005291005291005291,189,success,4,0,0.021164021164021163,0.0,1.0,0.021164021164021163,0.021164021164021163,22,success,success
S2023-209,0000320335,GL,Globe Life,0000320335-24-000006,2023,2024-02-28,1.0.3,0.3.0,,,,,,,,,,,0,warning_denominator_zero,,,,,,,,,warning_denominator_zero,warning_denominator_zero
S2023-210,0000886982,GS,Goldman Sachs,0000886982-24-000006,2023,2024-02-23,1.0.3,0.3.0,26,0.04276315789473684,8,0.013157894736842105,14,0.023026315789473683,0,0.0,7,0.011513157894736841,608,success,4,29,0.006578947368421052,0.047697368421052634,-0.7575757575757576,0.054276315789473686,-0.04111842105263158,72,success,success
S2023-211,0000860730,HCA,HCA Healthcare,0000950170-24-016524,2023,2024-02-16,1.0.3,0.3.0,16,0.0463768115942029,6,0.017391304347826087,7,0.020289855072463767,0,0.0,7,0.020289855072463767,345,success,7,7,0.020289855072463767,0.020289855072463767,0.0,0.04057971014492753,0.0,42,success,success
S2023-212,0000047217,HPQ,HP Inc.,0000047217-23-000100,2023,2023-12-18,1.0.3,0.3.0,19,0.03150912106135987,9,0.014925373134328358,14,0.02321724709784411,3,0.004975124378109453,6,0.009950248756218905,603,success,9,22,0.014925373134328358,0.03648424543946932,-0.41935483870967744,0.05140961857379768,-0.02155887230514096,66,success,success
S2023-213,0000045012,HAL,Halliburton,0000045012-24-000007,2023,2024-02-06,1.0.3,0.3.0,0,0.0,0,0.0,0,0.0,0,0.0,0,0.0,28,success,0,0,0.0,0.0,,0.0,0.0,0,success,success
S2023-214,0000874766,HIG,Hartford (The),0000874766-24-000016,2023,2024-02-23,1.0.3,0.3.0,4,0.021164021164021163,1,0.005291005291005291,1,0.005291005291005291,0,0.0,0,0.0,189,success,7,3,0.037037037037037035,0.015873015873015872,0.4,0.05291005291005291,0.021164021164021163,15,success,success
S2023-215,0000046080,HAS,Hasbro,0000046080-24-000034,2023,2024-02-28,1.0.3,0.3.0,2,0.011363636363636364,0,0.0,1,0.005681818181818182,1,0.005681818181818182,0,0.0,176,success,2,3,0.011363636363636364,0.017045454545454544,-0.2,0.028409090909090908,-0.005681818181818182,8,success,success
S2023-216,0000765880,PEAK,Healthpeak Properties,0001628280-24-004094,2023,2024-02-09,1.0.3,0.3.0,,,,,,,,,,,0,warning_denominator_zero,,,,,,,,,warning_denominator_zero,warning_denominator_zero
S2023-217,0001000228,HSIC,Henry Schein,0001000228-24-000011,2023,2024-02-28,1.0.3,0.3.0,,,,,,,,,,,0,warning_denominator_zero,,,,,,,,,warning_denominator_zero,warning_denominator_zero
S2023-218,0000047111,HSY,Hershey Company (The),0000047111-24-000009,2023,2024-02-20,1.0.3,0.3.0,1,0.038461538461538464,0,0.0,0,0.0,0,0.0,0,0.0,26,success,0,0,0.0,0.0,,0.0,0.0,1,success,success
S2023-219,0001645590,HPE,Hewlett Packard Enterprise,0001645590-23-000117,2023,2023-12-22,1.0.3,0.3.0,35,0.01059642749016046,29,0.00877989706327581,14,0.004238570996064184,8,0.0024220405691795337,28,0.008477141992128368,3303,success,35,59,0.01059642749016046,0.01786254919769906,-0.2553191489361702,0.028458976687859523,-0.007266121707538601,177,success,success
S2023-220,0001585689,HLT,Hilton Worldwide,0001585689-24-000027,2023,2024-02-07,1.0.3,0.3.0,11,0.052132701421800945,3,0.014218009478672985,8,0.037914691943127965,0,0.0,0,0.0,211,success,2,19,0.009478672985781991,0.09004739336492891,-0.8095238095238095,0.0995260663507109,-0.08056872037914692,33,success,success
S2023-221,0000354950,HD,Home Depot (The),0000354950-23-000059,2023,2023-03-15,1.0.3,0.3.0,,,,,,,,,,,0,warning_denominator_zero,,,,,,,,,warning_denominator_zero,warning_denominator_zero
S2023-222,0000773840,HON,Honeywell Technologies,0000773840-24-000014,2023,2024-02-16,1.0.3,0.3.0,5,0.014326647564469915,6,0.017191977077363897,5,0.014326647564469915,0,0.0,3,0.008595988538681949,349,success,4,17,0.011461318051575931,0.04871060171919771,-0.6190476190476191,0.06017191977077364,-0.03724928366762178,32,success,success
S2023-223,0000048465,HRL,Hormel Foods,0000048465-23-000083,2023,2023-12-06,1.0.3,0.3.0,,,,,,,,,,,0,warning_denominator_zero,,,,,,,,,warning_denominator_zero,warning_denominator_zero
S2023-224,0001070750,HST,Host Hotels & Resorts,0001070750-24-000081,2023,2024-02-28,1.0.3,0.3.0,2,0.031746031746031744,1,0.015873015873015872,2,0.031746031746031744,0,0.0,0,0.0,63,success,0,5,0.0,0.07936507936507936,-1.0,0.07936507936507936,-0.07936507936507936,8,success,success
S2023-225,0000004281,HWM,Howmet Aerospace,0000004281-24-000007,2023,2024-02-13,1.0.3,0.3.0,,,,,,,,,,,0,warning_denominator_zero,,,,,,,,,warning_denominator_zero,warning_denominator_zero
S2023-226,0000048898,HUBB,Hubbell Incorporated,0001628280-24-003792,2023,2024-02-08,1.0.3,0.3.0,1,0.05,0,0.0,1,0.05,0,0.0,0,0.0,20,success,0,0,0.0,0.0,,0.0,0.0,1,success,success
S2023-227,0000049071,HUM,Humana,0000049071-24-000012,2023,2024-02-15,1.0.3,0.3.0,,,,,,,,,,,0,warning_denominator_zero,,,,,,,,,warning_denominator_zero,warning_denominator_zero
S2023-228,0000049196,HBAN,Huntington Bancshares,0000049196-24-000020,2023,2024-02-16,1.0.3,0.3.0,,,,,,,,,,,0,warning_denominator_zero,,,,,,,,,warning_denominator_zero,warning_denominator_zero
S2023-229,0001501585,HII,Huntington Ingalls Industries,0001501585-24-000007,2023,2024-02-01,1.0.3,0.3.0,0,0.0,0,0.0,0,0.0,0,0.0,0,0.0,208,success,6,1,0.028846153846153848,0.004807692307692308,0.7142857142857143,0.03365384615384615,0.02403846153846154,7,success,success
S2023-230,0000051143,IBM,IBM,0000051143-24-000012,2023,2024-02-26,1.0.3,0.3.0,8,0.012678288431061807,15,0.02377179080824089,6,0.009508716323296355,2,0.003169572107765452,6,0.009508716323296355,631,success,10,31,0.01584786053882726,0.0491283676703645,-0.5121951219512195,0.06497622820919176,-0.03328050713153724,71,success,success
S2023-231,0000832101,IEX,IDEX Corporation,0000832101-24-000009,2023,2024-02-22,1.0.3,0.3.0,3,0.06521739130434782,1,0.021739130434782608,2,0.043478260869565216,0,0.0,0,0.0,46,success,2,0,0.043478260869565216,0.0,1.0,0.043478260869565216,0.043478260869565216,6,success,success
S2023-232,0001478242,IQV,IQVIA,0001478242-24-000038,2023,2024-02-15,1.0.3,0.3.0,4,0.03389830508474576,0,0.0,4,0.03389830508474576,0,0.0,0,0.0,118,success,1,0,0.00847457627118644,0.0,1.0,0.00847457627118644,0.00847457627118644,5,success,success
S2023-233,0000874716,IDXX,Idexx Laboratories,0000874716-24-000057,2023,2024-02-22,1.0.3,0.3.0,16,0.013986013986013986,20,0.017482517482517484,13,0.011363636363636364,7,0.006118881118881119,5,0.004370629370629371,1144,success,21,21,0.018356643356643356,0.018356643356643356,0.0,0.03671328671328671,0.0,85,success,success
S2023-234,0000049826,ITW,Illinois Tool Works,0000049826-24-000008,2023,2024-02-09,1.0.3,0.3.0,,,,,,,,,,,0,warning_denominator_zero,,,,,,,,,warning_denominator_zero,warning_denominator_zero
S2023-235,0000879169,INCY,Incyte,0000879169-24-000045,2023,2024-02-13,1.0.3,0.3.0,7,0.056910569105691054,2,0.016260162601626018,6,0.04878048780487805,0,0.0,0,0.0,123,success,0,8,0.0,0.06504065040650407,-1.0,0.06504065040650407,-0.06504065040650407,16,success,success
S2023-236,0001699150,IR,Ingersoll Rand,0001628280-24-006642,2023,2024-02-23,1.0.3,0.3.0,0,0.0,0,0.0,0,0.0,0,0.0,1,0.021739130434782608,46,success,1,0,0.021739130434782608,0.0,1.0,0.021739130434782608,0.021739130434782608,2,success,success
S2023-237,0001145197,PODD,Insulet Corporation,0001145197-24-000011,2023,2024-02-23,1.0.3,0.3.0,0,0.0,0,0.0,0,0.0,1,0.03571428571428571,3,0.10714285714285714,28,success,0,0,0.0,0.0,,0.0,0.0,4,success,success
S2023-238,0000050863,INTC,Intel,0000050863-24-000010,2023,2024-01-26,1.0.3,0.3.0,35,0.012280701754385965,11,0.0038596491228070177,16,0.005614035087719298,8,0.002807017543859649,4,0.0014035087719298245,2850,success,41,32,0.014385964912280702,0.011228070175438596,0.1232876712328767,0.025614035087719297,0.003157894736842105,130,success,success
S2023-239,0001571949,ICE,Intercontinental Exchange,0001571949-24-000007,2023,2024-02-08,1.0.3,0.3.0,4,0.0273972602739726,2,0.0136986301369863,4,0.0273972602739726,0,0.0,5,0.03424657534246575,146,success,1,1,0.00684931506849315,0.00684931506849315,0.0,0.0136986301369863,0.0,13,success,success
S2023-240,0000051253,IFF,International Flavors & Fragrances,0000051253-24-000006,2023,2024-02-28,1.0.3,0.3.0,29,0.042028985507246375,10,0.014492753623188406,18,0.02608695652173913,0,0.0,0,0.0,690,success,6,38,0.008695652173913044,0.05507246376811594,-0.7272727272727273,0.06376811594202898,-0.0463768115942029,78,success,success
S2023-241,0000051434,IP,International Paper,0000051434-24-000024,2023,2024-02-16,1.0.3,0.3.0,10,0.04048582995951417,7,0.02834008097165992,7,0.02834008097165992,0,0.0,7,0.02834008097165992,247,success,5,8,0.020242914979757085,0.032388663967611336,-0.23076923076923078,0.05263157894736842,-0.012145748987854251,37,success,success
S2023-242,0000896878,INTU,Intuit,0000896878-23-000034,2023,2023-09-01,1.0.3,0.3.0,31,0.02476038338658147,16,0.012779552715654952,25,0.019968051118210862,2,0.001597444089456869,3,0.0023961661341853034,1252,success,23,24,0.018370607028753993,0.019169329073482427,-0.02127659574468085,0.037539936102236424,-0.0007987220447284345,98,success,success
S2023-243,0001035267,ISRG,Intuitive Surgical,0001035267-24-000021,2023,2024-01-31,1.0.3,0.3.0,28,0.027888446215139442,30,0.029880478087649404,18,0.017928286852589643,2,0.00199203187250996,9,0.008964143426294821,1004,success,7,22,0.0069721115537848604,0.021912350597609563,-0.5172413793103449,0.02888446215139442,-0.014940239043824702,95,success,success
S2023-244,0000914208,IVZ,Invesco,0000914208-24-000219,2023,2024-02-21,1.0.3,0.3.0,2,0.030303030303030304,0,0.0,2,0.030303030303030304,0,0.0,0,0.0,66,success,1,2,0.015151515151515152,0.030303030303030304,-0.3333333333333333,0.045454545454545456,-0.015151515151515152,5,success,success
S2023-245,0001687229,INVH,Invitation Homes,0001687229-24-000013,2023,2024-02-21,1.0.3,0.3.0,9,0.05357142857142857,2,0.011904761904761904,7,0.041666666666666664,0,0.0,4,0.023809523809523808,168,success,2,9,0.011904761904761904,0.05357142857142857,-0.6363636363636364,0.06547619047619048,-0.041666666666666664,23,success,success
S2023-246,0001020569,IRM,Iron Mountain,0001020569-24-000040,2023,2024-02-22,1.0.3,0.3.0,2,0.012578616352201259,1,0.006289308176100629,1,0.006289308176100629,0,0.0,1,0.006289308176100629,159,success,4,1,0.025157232704402517,0.006289308176100629,0.6,0.031446540880503145,0.018867924528301886,9,success,success
S2023-247,0000728535,JBHT,J.B. Hunt,0001437749-24-005368,2023,2024-02-23,1.0.3,0.3.0,,,,,,,,,,,0,warning_denominator_zero,,,,,,,,,warning_denominator_zero,warning_denominator_zero
S2023-248,0000091419,SJM,J.M. Smucker Company (The),0000091419-23-000072,2023,2023-06-20,1.0.3,0.3.0,,,,,,,,,,,0,warning_denominator_zero,,,,,,,,,warning_denominator_zero,warning_denominator_zero
S2023-249,0000019617,JPM,JPMorgan Chase,0000019617-24-000225,2023,2024-02-16,1.0.3,0.3.0,2,0.028985507246376812,0,0.0,1,0.014492753623188406,0,0.0,0,0.0,69,success,1,1,0.014492753623188406,0.014492753623188406,0.0,0.028985507246376812,0.0,4,success,success
S2023-250,0000898293,JBL,Jabil,0001193125-23-259599,2023,2023-10-20,1.0.3,0.3.0,,,,,,,,,,,0,warning_denominator_zero,,,,,,,,,warning_denominator_zero,warning_denominator_zero
S2023-251,0000779152,JKHY,Jack Henry & Associates,0000779152-23-000062,2023,2023-08-24,1.0.3,0.3.0,1,0.008333333333333333,0,0.0,0,0.0,0,0.0,0,0.0,120,success,3,1,0.025,0.008333333333333333,0.5,0.03333333333333333,0.016666666666666666,5,success,success
S2023-252,0000052988,J,Jacobs Solutions,0000052988-23-000084,2023,2023-11-21,1.0.3,0.3.0,2,0.007352941176470588,0,0.0,1,0.003676470588235294,0,0.0,0,0.0,272,success,6,4,0.022058823529411766,0.014705882352941176,0.2,0.03676470588235294,0.007352941176470588,12,success,success
S2023-253,0000833444,JCI,Johnson Controls,0000833444-23-000048,2023,2023-12-14,1.0.3,0.3.0,19,0.03264604810996564,13,0.022336769759450172,3,0.005154639175257732,0,0.0,3,0.005154639175257732,582,success,8,35,0.013745704467353952,0.06013745704467354,-0.627906976744186,0.07388316151202749,-0.04639175257731959,73,success,success
S2023-254,0000319201,KLAC,KLA Corporation,0000319201-23-000031,2023,2023-08-04,1.0.3,0.3.0,11,0.026066350710900472,6,0.014218009478672985,9,0.02132701421800948,1,0.002369668246445498,4,0.009478672985781991,422,success,7,11,0.016587677725118485,0.026066350710900472,-0.2222222222222222,0.04265402843601896,-0.009478672985781991,40,success,success
S2023-255,0001944048,KVUE,Kenvue,0001944048-24-000057,2023,2024-03-01,1.0.3,0.3.0,0,0.0,0,0.0,0,0.0,1,0.023809523809523808,2,0.047619047619047616,42,success,1,0,0.023809523809523808,0.0,1.0,0.023809523809523808,0.023809523809523808,4,success,success
S2023-256,0001418135,KDP,Keurig Dr Pepper,0001418135-24-000007,2023,2024-02-22,1.0.3,0.3.0,0,0.0,0,0.0,0,0.0,0,0.0,0,0.0,32,success,0,0,0.0,0.0,,0.0,0.0,0,success,success
S2023-257,0000091576,KEY,KeyCorp,0000091576-24-000040,2023,2024-02-22,1.0.3,0.3.0,3,0.08571428571428572,0,0.0,1,0.02857142857142857,0,0.0,0,0.0,35,success,0,1,0.0,0.02857142857142857,-1.0,0.02857142857142857,-0.02857142857142857,4,success,success
S2023-258,0001601046,KEYS,Keysight Technologies,0001601046-23-000134,2023,2023-12-15,1.0.3,0.3.0,0,0.0,0,0.0,0,0.0,0,0.0,0,0.0,317,success,13,0,0.04100946372239748,0.0,1.0,0.04100946372239748,0.04100946372239748,13,success,success
S2023-259,0000055785,KMB,Kimberly-Clark,0000055785-24-000018,2023,2024-02-08,1.0.3,0.3.0,,,,,,,,,,,0,warning_denominator_zero,,,,,,,,,warning_denominator_zero,warning_denominator_zero
S2023-260,0000879101,KIM,Kimco Realty,0001437749-24-005407,2023,2024-02-26,1.0.3,0.3.0,35,0.03923766816143498,13,0.014573991031390135,12,0.013452914798206279,0,0.0,3,0.0033632286995515697,892,success,8,43,0.008968609865470852,0.04820627802690583,-0.6862745098039216,0.05717488789237668,-0.03923766816143498,95,success,success
S2023-261,0001506307,KMI,Kinder Morgan,0001506307-24-000011,2023,2024-02-20,1.0.3,0.3.0,8,0.06451612903225806,2,0.016129032258064516,4,0.03225806451612903,0,0.0,1,0.008064516129032258,124,success,0,7,0.0,0.056451612903225805,-1.0,0.056451612903225805,-0.056451612903225805,17,success,success
S2023-262,0001637459,KHC,Kraft Heinz,0001637459-24-000018,2023,2024-02-15,1.0.3,0.3.0,4,0.04938271604938271,0,0.0,3,0.037037037037037035,1,0.012345679012345678,0,0.0,81,success,3,2,0.037037037037037035,0.024691358024691357,0.2,0.06172839506172839,0.012345679012345678,10,success,success
S2023-263,0000056873,KR,Kroger,0001558370-23-004767,2023,2023-03-28,1.0.3,0.3.0,,,,,,,,,,,0,warning_denominator_zero,,,,,,,,,warning_denominator_zero,warning_denominator_zero
S2023-264,0000202058,LHX,L3Harris,0000202058-24-000029,2023,2024-02-20,1.0.3,0.3.0,,,,,,,,,,,0,warning_denominator_zero,,,,,,,,,warning_denominator_zero,warning_denominator_zero
S2023-265,0001065696,LKQ,LKQ Corporation,0001065696-24-000009,2023,2024-02-22,1.0.3,0.3.0,0,0.0,0,0.0,0,0.0,0,0.0,0,0.0,59,success,2,0,0.03389830508474576,0.0,1.0,0.03389830508474576,0.03389830508474576,2,success,success
S2023-266,0000920148,LH,Labcorp,0000920148-24-000014,2023,2024-02-26,1.0.3,0.3.0,17,0.034,8,0.016,12,0.024,1,0.002,4,0.008,500,success,1,25,0.002,0.05,-0.9230769230769231,0.052,-0.048,55,success,success
S2023-267,0000707549,LRCX,Lam Research,0000707549-23-000102,2023,2023-08-15,1.0.3,0.3.0,2,0.019417475728155338,0,0.0,1,0.009708737864077669,0,0.0,0,0.0,103,success,2,1,0.019417475728155338,0.009708737864077669,0.3333333333333333,0.02912621359223301,0.009708737864077669,5,success,success
S2023-268,0001679273,LW,Lamb Weston,0001558370-23-012203,2023,2023-07-25,1.0.3,0.3.0,5,0.03184713375796178,1,0.006369426751592357,3,0.01910828025477707,0,0.0,1,0.006369426751592357,157,success,2,16,0.012738853503184714,0.10191082802547771,-0.7777777777777778,0.11464968152866242,-0.08917197452229299,23,success,success
S2023-269,0001300514,LVS,Las Vegas Sands,0001300514-24-000048,2023,2024-02-07,1.0.3,0.3.0,,,,,,,,,,,0,warning_denominator_zero,,,,,,,,,warning_denominator_zero,warning_denominator_zero
S2023-270,0001336920,LDOS,Leidos,0001336920-24-000008,2023,2024-02-13,1.0.3,0.3.0,14,0.02177293934681182,22,0.03421461897356143,11,0.017107309486780714,1,0.0015552099533437014,1,0.0015552099533437014,643,success,7,45,0.01088646967340591,0.06998444790046657,-0.7307692307692307,0.08087091757387248,-0.05909797822706065,89,success,success
S2023-271,0000920760,LEN,Lennar,0001628280-24-002371,2023,2024-01-26,1.0.3,0.3.0,,,,,,,,,,,0,warning_denominator_zero,,,,,,,,,warning_denominator_zero,warning_denominator_zero
S2023-272,0000059478,LLY,Lilly (Eli),0000059478-24-000065,2023,2024-02-21,1.0.3,0.3.0,18,0.044226044226044224,11,0.02702702702702703,10,0.02457002457002457,0,0.0,5,0.012285012285012284,407,success,6,21,0.014742014742014743,0.051597051597051594,-0.5555555555555556,0.06633906633906633,-0.036855036855036855,58,success,success
S2023-273,0001707925,LIN,Linde plc,0001628280-24-007424,2023,2024-02-28,1.0.3,0.3.0,,,,,,,,,,,0,warning_denominator_zero,,,,,,,,,warning_denominator_zero,warning_denominator_zero
S2023-274,0001335258,LYV,Live Nation Entertainment,0001335258-24-000017,2023,2024-02-22,1.0.3,0.3.0,,,,,,,,,,,0,warning_denominator_zero,,,,,,,,,warning_denominator_zero,warning_denominator_zero
S2023-275,0000936468,LMT,Lockheed Martin,0000936468-24-000010,2023,2024-01-23,1.0.3,0.3.0,2,0.024691358024691357,0,0.0,1,0.012345679012345678,0,0.0,0,0.0,81,success,2,1,0.024691358024691357,0.012345679012345678,0.3333333333333333,0.037037037037037035,0.012345679012345678,5,success,success
S2023-276,0000060086,L,Loews Corporation,0000060086-24-000029,2023,2024-02-06,1.0.3,0.3.0,1,0.024390243902439025,2,0.04878048780487805,0,0.0,0,0.0,0,0.0,41,success,0,1,0.0,0.024390243902439025,-1.0,0.024390243902439025,-0.024390243902439025,4,success,success
S2023-277,0000060667,LOW,Lowe's,0000060667-23-000034,2023,2023-03-27,1.0.3,0.3.0,,,,,,,,,,,0,warning_denominator_zero,,,,,,,,,warning_denominator_zero,warning_denominator_zero
S2023-278,0001397187,LULU,Lululemon Athletica,0001397187-23-000012,2023,2023-03-28,1.0.3,0.3.0,,,,,,,,,,,0,warning_denominator_zero,,,,,,,,,warning_denominator_zero,warning_denominator_zero
S2023-279,0001489393,LYB,LyondellBasell,0001489393-24-000012,2023,2024-02-22,1.0.3,0.3.0,,,,,,,,,,,0,warning_denominator_zero,,,,,,,,,warning_denominator_zero,warning_denominator_zero
S2023-280,0000036270,MTB,M&T Bank,0000950170-24-017990,2023,2024-02-21,1.0.3,0.3.0,,,,,,,,,,,0,warning_denominator_zero,,,,,,,,,warning_denominator_zero,warning_denominator_zero
S2023-281,0000789570,MGM,MGM Resorts,0000789570-24-000005,2023,2024-02-23,1.0.3,0.3.0,,,,,,,,,,,0,warning_denominator_zero,,,,,,,,,warning_denominator_zero,warning_denominator_zero
S2023-282,0001408198,MSCI,MSCI Inc.,0001408198-24-000030,2023,2024-02-09,1.0.3,0.3.0,17,0.02857142857142857,14,0.023529411764705882,14,0.023529411764705882,1,0.0016806722689075631,1,0.0016806722689075631,595,success,14,21,0.023529411764705882,0.03529411764705882,-0.2,0.058823529411764705,-0.011764705882352941,66,success,success
S2023-283,0001510295,MPC,Marathon Petroleum,0001510295-24-000015,2023,2024-02-28,1.0.3,0.3.0,0,0.0,0,0.0,0,0.0,0,0.0,0,0.0,77,success,1,2,0.012987012987012988,0.025974025974025976,-0.3333333333333333,0.03896103896103896,-0.012987012987012988,3,success,success
S2023-284,0001278021,MKTX,MarketAxess,0000950170-24-018935,2023,2024-02-22,1.0.3,0.3.0,2,0.009216589861751152,2,0.009216589861751152,2,0.009216589861751152,2,0.009216589861751152,1,0.004608294930875576,217,success,0,0,0.0,0.0,,0.0,0.0,7,success,success
S2023-285,0001048286,MAR,Marriott International,0001628280-24-004372,2023,2024-02-13,1.0.3,0.3.0,,,,,,,,,,,0,warning_denominator_zero,,,,,,,,,warning_denominator_zero,warning_denominator_zero
S2023-286,0000062709,MMC,Marsh & McLennan,0000062709-24-000016,2023,2024-02-12,1.0.3,0.3.0,20,0.02512562814070352,29,0.0364321608040201,12,0.01507537688442211,1,0.001256281407035176,3,0.0037688442211055275,796,success,8,58,0.010050251256281407,0.0728643216080402,-0.7575757575757576,0.0829145728643216,-0.06281407035175879,113,success,success
S2023-287,0000916076,MLM,Martin Marietta Materials,0000950170-24-019275,2023,2024-02-23,1.0.3,0.3.0,,,,,,,,,,,0,warning_denominator_zero,,,,,,,,,warning_denominator_zero,warning_denominator_zero
S2023-288,0000062996,MAS,Masco,0000062996-24-000006,2023,2024-02-08,1.0.3,0.3.0,,,,,,,,,,,0,warning_denominator_zero,,,,,,,,,warning_denominator_zero,warning_denominator_zero
S2023-289,0001141391,MA,Mastercard,0001141391-24-000022,2023,2024-02-13,1.0.3,0.3.0,20,0.022050716648291068,30,0.03307607497243661,13,0.014332965821389196,2,0.002205071664829107,7,0.007717750826901874,907,success,8,22,0.008820286659316428,0.024255788313120176,-0.4666666666666667,0.03307607497243661,-0.015435501653803748,85,success,success
S2023-290,0000891103,MTCH,Match Group,0000891103-24-000014,2023,2024-02-23,1.0.3,0.3.0,26,0.029545454545454545,22,0.025,25,0.028409090909090908,4,0.004545454545454545,11,0.0125,880,success,8,30,0.00909090909090909,0.03409090909090909,-0.5789473684210527,0.04318181818181818,-0.025,98,success,success
S2023-291,0000063754,MKC,McCormick & Company,0000063754-24-000027,2023,2024-01-25,1.0.3,0.3.0,0,0.0,5,0.052083333333333336,0,0.0,0,0.0,1,0.010416666666666666,96,success,0,2,0.0,0.020833333333333332,-1.0,0.020833333333333332,-0.020833333333333332,8,success,success
S2023-292,0000063908,MCD,McDonald's,0000063908-24-000072,2023,2024-02-22,1.0.3,0.3.0,3,0.046153846153846156,0,0.0,3,0.046153846153846156,0,0.0,0,0.0,65,success,1,5,0.015384615384615385,0.07692307692307693,-0.6666666666666666,0.09230769230769231,-0.06153846153846154,9,success,success
S2023-293,0000927653,MCK,McKesson Corporation,0000927653-23-000038,2023,2023-05-09,1.0.3,0.3.0,,,,,,,,,,,0,warning_denominator_zero,,,,,,,,,warning_denominator_zero,warning_denominator_zero
S2023-294,0001613103,MDT,Medtronic,0001613103-23-000040,2023,2023-06-22,1.0.3,0.3.0,0,0.0,0,0.0,0,0.0,2,0.005012531328320802,0,0.0,399,success,9,5,0.022556390977443608,0.012531328320802004,0.2857142857142857,0.03508771929824561,0.010025062656641603,16,success,success
S2023-295,0000310158,MRK,Merck & Co.,0001628280-24-006850,2023,2024-02-26,1.0.3,0.3.0,4,0.044444444444444446,4,0.044444444444444446,2,0.022222222222222223,0,0.0,0,0.0,90,success,2,10,0.022222222222222223,0.1111111111111111,-0.6666666666666666,0.13333333333333333,-0.08888888888888889,19,success,success
S2023-296,0001099219,MET,MetLife,0001099219-24-000035,2023,2024-02-16,1.0.3,0.3.0,9,0.021791767554479417,17,0.04116222760290557,3,0.007263922518159807,3,0.007263922518159807,1,0.002421307506053269,413,success,4,7,0.009685230024213076,0.01694915254237288,-0.2727272727272727,0.026634382566585957,-0.007263922518159807,40,success,success
S2023-297,0001326801,META,Meta Platforms,0001326801-24-000012,2023,2024-02-02,1.0.3,0.3.0,37,0.015245158632056036,54,0.022249690976514216,21,0.00865265760197775,10,0.004120313143798929,8,0.003296250515039143,2427,success,27,55,0.011124845488257108,0.02266172229089411,-0.34146341463414637,0.03378656777915121,-0.011536876802637,181,success,success
S2023-298,0001037646,MTD,Mettler Toledo,0001037646-24-000007,2023,2024-02-09,1.0.3,0.3.0,2,0.013986013986013986,4,0.027972027972027972,1,0.006993006993006993,3,0.02097902097902098,0,0.0,143,success,0,2,0.0,0.013986013986013986,-1.0,0.013986013986013986,-0.013986013986013986,11,success,success
S2023-299,0000827054,MCHP,Microchip Technology,0000827054-23-000080,2023,2023-05-25,1.0.3,0.3.0,,,,,,,,,,,0,warning_denominator_zero,,,,,,,,,warning_denominator_zero,warning_denominator_zero
S2023-300,0000723125,MU,Micron Technology,0000723125-23-000054,2023,2023-10-06,1.0.3,0.3.0,0,0.0,0,0.0,0,0.0,2,0.005319148936170213,2,0.005319148936170213,376,success,13,0,0.034574468085106384,0.0,1.0,0.034574468085106384,0.034574468085106384,17,success,success
S2023-301,0000789019,MSFT,Microsoft,0000950170-23-035122,2023,2023-07-27,1.0.3,0.3.0,20,0.010554089709762533,11,0.005804749340369393,18,0.00949868073878628,7,0.0036939313984168864,6,0.0031662269129287598,1895,success,55,37,0.029023746701846966,0.019525065963060684,0.1956521739130435,0.04854881266490765,0.00949868073878628,131,success,success
S2023-302,0000912595,MAA,Mid-America Apartment Communities,0000950170-24-013275,2023,2024-02-09,1.0.3,0.3.0,,,,,,,,,,,0,warning_denominator_zero,,,,,,,,,warning_denominator_zero,warning_denominator_zero
S2023-303,0001682852,MRNA,Moderna,0001682852-24-000015,2023,2024-02-23,1.0.3,0.3.0,12,0.020338983050847456,2,0.003389830508474576,7,0.011864406779661017,1,0.001694915254237288,0,0.0,590,success,9,8,0.015254237288135594,0.013559322033898305,0.058823529411764705,0.0288135593220339,0.001694915254237288,32,success,success
S2023-304,0000851968,MHK,Mohawk Industries,0000851968-24-000027,2023,2024-02-23,1.0.3,0.3.0,0,0.0,0,0.0,0,0.0,0,0.0,0,0.0,35,success,0,0,0.0,0.0,,0.0,0.0,0,success,success
S2023-305,0001179929,MOH,Molina Healthcare,0001179929-24-000033,2023,2024-02-13,1.0.3,0.3.0,12,0.056338028169014086,3,0.014084507042253521,5,0.023474178403755867,1,0.004694835680751174,0,0.0,213,success,7,10,0.03286384976525822,0.046948356807511735,-0.17647058823529413,0.07981220657276995,-0.014084507042253521,32,success,success
S2023-306,0000024545,TAP,Molson Coors Beverage Company,0000024545-24-000005,2023,2024-02-20,1.0.3,0.3.0,10,0.04854368932038835,3,0.014563106796116505,7,0.03398058252427184,0,0.0,0,0.0,206,success,0,11,0.0,0.05339805825242718,-1.0,0.05339805825242718,-0.05339805825242718,24,success,success
S2023-307,0001103982,MDLZ,Mondelez International,0001103982-24-000019,2023,2024-02-02,1.0.3,0.3.0,6,0.037037037037037035,2,0.012345679012345678,5,0.030864197530864196,0,0.0,0,0.0,162,success,5,7,0.030864197530864196,0.043209876543209874,-0.16666666666666666,0.07407407407407407,-0.012345679012345678,20,success,success
S2023-308,0001280452,MPWR,Monolithic Power Systems,0001437749-24-006133,2023,2024-02-29,1.0.3,0.3.0,21,0.04964539007092199,5,0.01182033096926714,14,0.03309692671394799,1,0.002364066193853428,7,0.016548463356973995,423,success,3,27,0.0070921985815602835,0.06382978723404255,-0.8,0.07092198581560284,-0.05673758865248227,60,success,success
S2023-309,0000865752,MNST,Monster Beverage,0001104659-24-029425,2023,2024-02-29,1.0.3,0.3.0,,,,,,,,,,,0,warning_denominator_zero,,,,,,,,,warning_denominator_zero,warning_denominator_zero
S2023-310,0001059556,MCO,Moody's Corporation,0001059556-24-000017,2023,2024-02-14,1.0.3,0.3.0,18,0.03711340206185567,10,0.020618556701030927,9,0.018556701030927835,3,0.006185567010309278,2,0.004123711340206186,485,success,5,6,0.010309278350515464,0.012371134020618556,-0.09090909090909091,0.02268041237113402,-0.002061855670103093,43,success,success
S2023-311,0000895421,MS,Morgan Stanley,0000895421-24-000300,2023,2024-02-22,1.0.3,0.3.0,8,0.031496062992125984,0,0.0,6,0.023622047244094488,2,0.007874015748031496,0,0.0,254,success,2,12,0.007874015748031496,0.047244094488188976,-0.7142857142857143,0.05511811023622047,-0.03937007874015748,24,success,success
S2023-312,0001285785,MOS,Mosaic Company (The),0001618034-24-000004,2023,2024-02-22,1.0.3,0.3.0,,,,,,,,,,,0,warning_denominator_zero,,,,,,,,,warning_denominator_zero,warning_denominator_zero
S2023-313,0000068505,MSI,Motorola Solutions,0000068505-24-000008,2023,2024-02-15,1.0.3,0.3.0,24,0.021314387211367674,21,0.018650088809946713,18,0.015985790408525755,3,0.0026642984014209592,6,0.0053285968028419185,1126,success,5,26,0.004440497335701598,0.023090586145648313,-0.6774193548387096,0.027531083481349913,-0.018650088809946713,82,success,success
S2023-314,0001013871,NRG,NRG Energy,0001013871-24-000005,2023,2024-02-28,1.0.3,0.3.0,2,0.016129032258064516,0,0.0,2,0.016129032258064516,0,0.0,0,0.0,124,success,3,1,0.024193548387096774,0.008064516129032258,0.5,0.03225806451612903,0.016129032258064516,6,success,success
S2023-315,0000906163,NVR,"NVR, Inc.",0000906163-24-000033,2023,2024-02-14,1.0.3,0.3.0,,,,,,,,,,,0,warning_denominator_zero,,,,,,,,,warning_denominator_zero,warning_denominator_zero
S2023-316,0001413447,NXPI,NXP Semiconductors,0001413447-24-000013,2023,2024-02-22,1.0.3,0.3.0,9,0.03488372093023256,5,0.01937984496124031,5,0.01937984496124031,1,0.003875968992248062,1,0.003875968992248062,258,success,2,9,0.007751937984496124,0.03488372093023256,-0.6363636363636364,0.04263565891472868,-0.027131782945736434,27,success,success
S2023-317,0001120193,NDAQ,"Nasdaq, Inc.",0001120193-24-000006,2023,2024-02-21,1.0.3,0.3.0,19,0.023485784919653894,4,0.004944375772558714,11,0.013597033374536464,3,0.003708281829419036,1,0.0012360939431396785,809,success,15,26,0.018541409147095178,0.032138442521631644,-0.2682926829268293,0.05067985166872682,-0.013597033374536464,65,success,success
S2023-318,0001002047,NTAP,NetApp,0000950170-23-027948,2023,2023-06-14,1.0.3,0.3.0,4,0.019417475728155338,2,0.009708737864077669,1,0.0048543689320388345,2,0.009708737864077669,3,0.014563106796116505,206,success,4,0,0.019417475728155338,0.0,1.0,0.019417475728155338,0.019417475728155338,12,success,success
S2023-319,0001065280,NFLX,Netflix,0001065280-24-000030,2023,2024-01-26,1.0.3,0.3.0,3,0.06,1,0.02,2,0.04,0,0.0,0,0.0,50,success,0,1,0.0,0.02,-1.0,0.02,-0.02,4,success,success
S2023-320,0001164727,NEM,Newmont,0001164727-24-000016,2023,2024-02-29,1.0.3,0.3.0,8,0.06611570247933884,0,0.0,5,0.04132231404958678,0,0.0,0,0.0,121,success,2,8,0.01652892561983471,0.06611570247933884,-0.6,0.08264462809917356,-0.049586776859504134,18,success,success
S2023-321,0001564708,NWSA|NWS,News Corp (Class A)|News Corp (Class B),0001564708-23-000368,2023,2023-08-15,1.0.3,0.3.0,9,0.01549053356282272,1,0.0017211703958691911,7,0.012048192771084338,0,0.0,0,0.0,581,success,8,10,0.013769363166953529,0.01721170395869191,-0.1111111111111111,0.03098106712564544,-0.0034423407917383822,28,success,success
S2023-322,0000753308,NEE,NextEra Energy,0000753308-24-000008,2023,2024-02-16,1.0.3,0.3.0,0,0.0,0,0.0,0,0.0,0,0.0,0,0.0,19,success,1,2,0.05263157894736842,0.10526315789473684,-0.3333333333333333,0.15789473684210525,-0.05263157894736842,3,success,success
S2023-323,0001111711,NI,NiSource,0001111711-24-000011,2023,2024-02-21,1.0.3,0.3.0,,,,,,,,,,,0,warning_denominator_zero,,,,,,,,,warning_denominator_zero,warning_denominator_zero
S2023-324,0000320187,NKE,"Nike, Inc.",0000320187-23-000039,2023,2023-07-20,1.0.3,0.3.0,,,,,,,,,,,0,warning_denominator_zero,,,,,,,,,warning_denominator_zero,warning_denominator_zero
S2023-325,0000072331,NDSN,Nordson Corporation,0000072331-23-000242,2023,2023-12-20,1.0.3,0.3.0,,,,,,,,,,,0,warning_denominator_zero,,,,,,,,,warning_denominator_zero,warning_denominator_zero
S2023-326,0000702165,NSC,Norfolk Southern,0000702165-24-000005,2023,2024-02-05,1.0.3,0.3.0,,,,,,,,,,,0,warning_denominator_zero,,,,,,,,,warning_denominator_zero,warning_denominator_zero
S2023-327,0000073124,NTRS,Northern Trust,0000073124-24-000073,2023,2024-02-27,1.0.3,0.3.0,2,0.013986013986013986,1,0.006993006993006993,1,0.006993006993006993,0,0.0,1,0.006993006993006993,143,success,3,1,0.02097902097902098,0.006993006993006993,0.5,0.027972027972027972,0.013986013986013986,7,success,success
S2023-328,0001133421,NOC,Northrop Grumman,0001133421-24-000006,2023,2024-01-25,1.0.3,0.3.0,2,0.025,0,0.0,0,0.0,0,0.0,2,0.025,80,success,3,3,0.0375,0.0375,0.0,0.075,0.0,10,success,success
S2023-329,0001513761,NCLH,Norwegian Cruise Line Holdings,0001558370-24-001935,2023,2024-02-28,1.0.3,0.3.0,0,0.0,0,0.0,0,0.0,0,0.0,0,0.0,57,success,1,0,0.017543859649122806,0.0,1.0,0.017543859649122806,0.017543859649122806,1,success,success
S2023-330,0000073309,NUE,Nucor,0000950170-24-021195,2023,2024-02-27,1.0.3,0.3.0,,,,,,,,,,,0,warning_denominator_zero,,,,,,,,,warning_denominator_zero,warning_denominator_zero
S2023-331,0001045810,NVDA,Nvidia,0001045810-23-000017,2023,2023-02-24,1.0.3,0.3.0,23,0.008662900188323917,13,0.004896421845574388,20,0.007532956685499058,9,0.003389830508474576,20,0.007532956685499058,2655,success,29,34,0.010922787193973634,0.012806026365348399,-0.07936507936507936,0.023728813559322035,-0.0018832391713747645,125,success,success
S2023-332,0001097864,ON,ON Semiconductor,0001628280-24-003201,2023,2024-02-05,1.0.3,0.3.0,1,0.009708737864077669,0,0.0,1,0.009708737864077669,0,0.0,0,0.0,103,success,3,1,0.02912621359223301,0.009708737864077669,0.5,0.038834951456310676,0.019417475728155338,5,success,success
S2023-333,0000797468,OXY,Occidental Petroleum,0000797468-24-000034,2023,2024-02-14,1.0.3,0.3.0,,,,,,,,,,,0,warning_denominator_zero,,,,,,,,,warning_denominator_zero,warning_denominator_zero
S2023-334,0000878927,ODFL,Old Dominion,0000950170-24-020176,2023,2024-02-26,1.0.3,0.3.0,4,0.09523809523809523,0,0.0,3,0.07142857142857142,0,0.0,0,0.0,42,success,1,0,0.023809523809523808,0.0,1.0,0.023809523809523808,0.023809523809523808,5,success,success
S2023-335,0000029989,OMC,Omnicom Group,0000029989-24-000007,2023,2024-02-07,1.0.3,0.3.0,12,0.029197080291970802,3,0.0072992700729927005,2,0.004866180048661801,2,0.004866180048661801,3,0.0072992700729927005,411,success,11,15,0.0267639902676399,0.0364963503649635,-0.15384615384615385,0.06326034063260341,-0.009732360097323601,46,success,success
S2023-336,0001039684,OKE,Oneok,0001039684-24-000015,2023,2024-02-27,1.0.3,0.3.0,,,,,,,,,,,0,warning_denominator_zero,,,,,,,,,warning_denominator_zero,warning_denominator_zero
S2023-337,0001341439,ORCL,Oracle Corporation,0000950170-23-028914,2023,2023-06-20,1.0.3,0.3.0,5,0.01179245283018868,1,0.0023584905660377358,1,0.0023584905660377358,0,0.0,0,0.0,424,success,4,8,0.009433962264150943,0.018867924528301886,-0.3333333333333333,0.02830188679245283,-0.009433962264150943,18,success,success
S2023-338,0001781335,OTIS,Otis Worldwide,0001781335-24-000013,2023,2024-02-02,1.0.3,0.3.0,1,0.04,1,0.04,0,0.0,0,0.0,0,0.0,25,success,0,0,0.0,0.0,,0.0,0.0,2,success,success
S2023-339,0000898173,ORLY,O’Reilly Automotive,0000898173-24-000009,2023,2024-02-28,1.0.3,0.3.0,,,,,,,,,,,0,warning_denominator_zero,,,,,,,,,warning_denominator_zero,warning_denominator_zero
S2023-340,0001004980,PCG,PG&E Corporation,0001004980-24-000014,2023,2024-02-22,1.0.3,0.3.0,,,,,,,,,,,0,warning_denominator_zero,,,,,,,,,warning_denominator_zero,warning_denominator_zero
S2023-341,0000713676,PNC,PNC Financial Services,0000713676-24-000028,2023,2024-02-21,1.0.3,0.3.0,10,0.03759398496240601,1,0.0037593984962406013,1,0.0037593984962406013,0,0.0,0,0.0,266,success,3,4,0.011278195488721804,0.015037593984962405,-0.14285714285714285,0.02631578947368421,-0.0037593984962406013,17,success,success
S2023-342,0000079879,PPG,PPG Industries,0000079879-24-000040,2023,2024-02-15,1.0.3,0.3.0,,,,,,,,,,,0,warning_denominator_zero,,,,,,,,,warning_denominator_zero,warning_denominator_zero
S2023-343,0000922224,PPL,PPL Corporation,0000922224-24-000008,2023,2024-02-16,1.0.3,0.3.0,,,,,,,,,,,0,warning_denominator_zero,,,,,,,,,warning_denominator_zero,warning_denominator_zero
S2023-344,0000857005,PTC,PTC Inc.,0000950123-23-011049,2023,2023-11-20,1.0.3,0.3.0,,,,,,,,,,,0,warning_denominator_zero,,,,,,,,,warning_denominator_zero,warning_denominator_zero
S2023-345,0000075362,PCAR,Paccar,0000950170-24-017900,2023,2024-02-21,1.0.3,0.3.0,,,,,,,,,,,0,warning_denominator_zero,,,,,,,,,warning_denominator_zero,warning_denominator_zero
S2023-346,0000075677,PKG,Packaging Corporation of America,0000950170-24-022794,2023,2024-02-29,1.0.3,0.3.0,,,,,,,,,,,0,warning_denominator_zero,,,,,,,,,warning_denominator_zero,warning_denominator_zero
S2023-347,0001327567,PANW,Palo Alto Networks,0001327567-23-000024,2023,2023-09-01,1.0.3,0.3.0,29,0.02378999179655455,21,0.017227235438884332,20,0.016406890894175553,1,0.0008203445447087777,12,0.009844134536505332,1219,success,14,40,0.011484823625922888,0.03281378178835111,-0.48148148148148145,0.044298605414273995,-0.02132895816242822,113,success,success
S2023-348,0000813828,PARA,Paramount Global,0000813828-24-000007,2023,2024-02-28,1.0.3,0.3.0,4,0.07017543859649122,7,0.12280701754385964,2,0.03508771929824561,0,0.0,0,0.0,57,success,0,2,0.0,0.03508771929824561,-1.0,0.03508771929824561,-0.03508771929824561,13,success,success
S2023-349,0000076334,PH,Parker Hannifin,0000076334-23-000042,2023,2023-08-24,1.0.3,0.3.0,,,,,,,,,,,0,warning_denominator_zero,,,,,,,,,warning_denominator_zero,warning_denominator_zero
S2023-350,0001633917,PYPL,PayPal,0001633917-24-000024,2023,2024-02-08,1.0.3,0.3.0,1,0.008403361344537815,4,0.03361344537815126,0,0.0,0,0.0,1,0.008403361344537815,119,success,2,1,0.01680672268907563,0.008403361344537815,0.3333333333333333,0.025210084033613446,0.008403361344537815,9,success,success
S2023-351,0000723531,PAYX,Paychex,0000950170-23-032988,2023,2023-07-14,1.0.3,0.3.0,3,0.018292682926829267,0,0.0,2,0.012195121951219513,1,0.006097560975609756,2,0.012195121951219513,164,success,9,1,0.054878048780487805,0.006097560975609756,0.8,0.06097560975609756,0.04878048780487805,15,success,success
S2023-352,0001590955,PAYC,Paycom,0000950170-24-015863,2023,2024-02-15,1.0.3,0.3.0,15,0.030364372469635626,19,0.038461538461538464,11,0.022267206477732792,3,0.006072874493927126,13,0.02631578947368421,494,success,7,22,0.01417004048582996,0.044534412955465584,-0.5172413793103449,0.058704453441295545,-0.030364372469635626,75,success,success
S2023-353,0000077360,PNR,Pentair,0000077360-24-000007,2023,2024-02-20,1.0.3,0.3.0,1,0.022727272727272728,0,0.0,1,0.022727272727272728,1,0.022727272727272728,0,0.0,44,success,4,1,0.09090909090909091,0.022727272727272728,0.6,0.11363636363636363,0.06818181818181818,7,success,success
S2023-354,0000077476,PEP,PepsiCo,0000077476-24-000008,2023,2024-02-09,1.0.3,0.3.0,4,0.008869179600886918,2,0.004434589800443459,3,0.0066518847006651885,0,0.0,0,0.0,451,success,15,8,0.03325942350332594,0.017738359201773836,0.30434782608695654,0.050997782705099776,0.015521064301552107,29,success,success
S2023-355,0000078003,PFE,Pfizer,0000078003-24-000039,2023,2024-02-22,1.0.3,0.3.0,5,0.034013605442176874,2,0.013605442176870748,3,0.02040816326530612,0,0.0,0,0.0,147,success,0,10,0.0,0.06802721088435375,-1.0,0.06802721088435375,-0.06802721088435375,16,success,success
S2023-356,0001413329,PM,Philip Morris International,0001413329-24-000013,2023,2024-02-08,1.0.3,0.3.0,2,0.010471204188481676,14,0.07329842931937172,2,0.010471204188481676,0,0.0,3,0.015706806282722512,191,success,0,17,0.0,0.08900523560209424,-1.0,0.08900523560209424,-0.08900523560209424,34,success,success
S2023-357,0001534701,PSX,Phillips 66,0001534701-24-000078,2023,2024-02-21,1.0.3,0.3.0,,,,,,,,,,,0,warning_denominator_zero,,,,,,,,,warning_denominator_zero,warning_denominator_zero
S2023-358,0000764622,PNW,Pinnacle West Capital,0000764622-24-000016,2023,2024-02-27,1.0.3,0.3.0,1,0.025,1,0.025,0,0.0,0,0.0,0,0.0,40,success,2,0,0.05,0.0,1.0,0.05,0.05,4,success,success
S2023-359,0000945841,POOL,Pool Corporation,0000945841-24-000021,2023,2024-02-27,1.0.3,0.3.0,,,,,,,,,,,0,warning_denominator_zero,,,,,,,,,warning_denominator_zero,warning_denominator_zero
S2023-360,0001126328,PFG,Principal Financial Group,0001104659-24-025516,2023,2024-02-20,1.0.3,0.3.0,,,,,,,,,,,0,warning_denominator_zero,,,,,,,,,warning_denominator_zero,warning_denominator_zero
S2023-361,0000080424,PG,Procter & Gamble,0000080424-23-000073,2023,2023-08-04,1.0.3,0.3.0,,,,,,,,,,,0,warning_denominator_zero,,,,,,,,,warning_denominator_zero,warning_denominator_zero
S2023-362,0000080661,PGR,Progressive Corporation,0000080661-24-000007,2023,2024-02-26,1.0.3,0.3.0,17,0.038901601830663615,13,0.029748283752860413,10,0.02288329519450801,2,0.004576659038901602,15,0.034324942791762014,437,success,3,13,0.006864988558352402,0.029748283752860413,-0.625,0.036613272311212815,-0.02288329519450801,63,success,success
S2023-363,0001045609,PLD,Prologis,0000950170-24-014539,2023,2024-02-13,1.0.3,0.3.0,,,,,,,,,,,0,warning_denominator_zero,,,,,,,,,warning_denominator_zero,warning_denominator_zero
S2023-364,0001137774,PRU,Prudential Financial,0001137774-24-000045,2023,2024-02-21,1.0.3,0.3.0,20,0.06116207951070336,7,0.021406727828746176,10,0.03058103975535168,0,0.0,1,0.0030581039755351682,327,success,2,21,0.0061162079510703364,0.06422018348623854,-0.8260869565217391,0.07033639143730887,-0.0581039755351682,50,success,success
S2023-365,0000788784,PEG,Public Service Enterprise Group,0001628280-24-006885,2023,2024-02-26,1.0.3,0.3.0,11,0.03819444444444445,10,0.034722222222222224,11,0.03819444444444445,0,0.0,4,0.013888888888888888,288,success,1,11,0.003472222222222222,0.03819444444444445,-0.8333333333333334,0.041666666666666664,-0.034722222222222224,37,success,success
S2023-366,0001393311,PSA,Public Storage,0001393311-24-000043,2023,2024-02-20,1.0.3,0.3.0,5,0.040983606557377046,2,0.01639344262295082,2,0.01639344262295082,0,0.0,2,0.01639344262295082,122,success,7,12,0.05737704918032787,0.09836065573770492,-0.2631578947368421,0.1557377049180328,-0.040983606557377046,27,success,success
S2023-367,0000822416,PHM,PulteGroup,0000822416-24-000010,2023,2024-02-05,1.0.3,0.3.0,0,0.0,0,0.0,0,0.0,0,0.0,0,0.0,59,success,0,6,0.0,0.1016949152542373,-1.0,0.1016949152542373,-0.1016949152542373,6,success,success
S2023-368,0001604778,QRVO,Qorvo,0001604778-23-000055,2023,2023-05-19,1.0.3,0.3.0,0,0.0,0,0.0,0,0.0,0,0.0,0,0.0,19,success,1,0,0.05263157894736842,0.0,1.0,0.05263157894736842,0.05263157894736842,1,success,success
S2023-369,0000804328,QCOM,Qualcomm,0000804328-23-000055,2023,2023-11-01,1.0.3,0.3.0,4,0.003076923076923077,3,0.002307692307692308,2,0.0015384615384615385,4,0.003076923076923077,1,0.0007692307692307692,1300,success,21,5,0.016153846153846154,0.0038461538461538464,0.6153846153846154,0.02,0.012307692307692308,37,success,success
S2023-370,0001050915,PWR,Quanta Services,0001050915-24-000009,2023,2024-02-22,1.0.3,0.3.0,,,,,,,,,,,0,warning_denominator_zero,,,,,,,,,warning_denominator_zero,warning_denominator_zero
S2023-371,0001022079,DGX,Quest Diagnostics,0001022079-24-000041,2023,2024-02-22,1.0.3,0.3.0,23,0.033973412112259974,10,0.014771048744460856,9,0.013293943870014771,4,0.005908419497784343,7,0.0103397341211226,677,success,18,14,0.026587887740029542,0.0206794682422452,0.125,0.047267355982274745,0.005908419497784343,74,success,success
S2023-372,0000101829,RTX,RTX Corporation,0000101829-24-000008,2023,2024-02-05,1.0.3,0.3.0,2,0.028169014084507043,0,0.0,1,0.014084507042253521,0,0.0,0,0.0,71,success,1,2,0.014084507042253521,0.028169014084507043,-0.3333333333333333,0.04225352112676056,-0.014084507042253521,5,success,success
S2023-373,0001037038,RL,Ralph Lauren Corporation,0001037038-23-000015,2023,2023-05-25,1.0.3,0.3.0,3,0.010714285714285714,1,0.0035714285714285713,0,0.0,0,0.0,0,0.0,280,success,10,0,0.03571428571428571,0.0,1.0,0.03571428571428571,0.03571428571428571,14,success,success
S2023-374,0000720005,RJF,Raymond James Financial,0000720005-23-000079,2023,2023-11-21,1.0.3,0.3.0,1,0.02564102564102564,0,0.0,0,0.0,0,0.0,0,0.0,39,success,1,1,0.02564102564102564,0.02564102564102564,0.0,0.05128205128205128,0.0,3,success,success
S2023-375,0000726728,O,Realty Income,0000726728-24-000047,2023,2024-02-21,1.0.3,0.3.0,,,,,,,,,,,0,warning_denominator_zero,,,,,,,,,warning_denominator_zero,warning_denominator_zero
S2023-376,0000910606,REG,Regency Centers,0000950170-24-016260,2023,2024-02-16,1.0.3,0.3.0,16,0.052805280528052806,8,0.026402640264026403,11,0.036303630363036306,0,0.0,7,0.0231023102310231,303,success,2,12,0.006600660066006601,0.039603960396039604,-0.7142857142857143,0.0462046204620462,-0.033003300330033,45,success,success
S2023-377,0000872589,REGN,Regeneron Pharmaceuticals,0001804220-24-000009,2023,2024-02-05,1.0.3,0.3.0,12,0.05263157894736842,11,0.04824561403508772,8,0.03508771929824561,0,0.0,2,0.008771929824561403,228,success,1,15,0.0043859649122807015,0.06578947368421052,-0.875,0.07017543859649122,-0.06140350877192982,36,success,success
S2023-378,0001281761,RF,Regions Financial Corporation,0001281761-24-000010,2023,2024-02-23,1.0.3,0.3.0,5,0.06756756756756757,1,0.013513513513513514,3,0.04054054054054054,0,0.0,0,0.0,74,success,1,3,0.013513513513513514,0.04054054054054054,-0.5,0.05405405405405406,-0.02702702702702703,9,success,success
S2023-379,0001060391,RSG,Republic Services,0001060391-24-000142,2023,2024-02-29,1.0.3,0.3.0,,,,,,,,,,,0,warning_denominator_zero,,,,,,,,,warning_denominator_zero,warning_denominator_zero
S2023-380,0000943819,RMD,ResMed,0000943819-23-000011,2023,2023-08-11,1.0.3,0.3.0,11,0.044,4,0.016,8,0.032,0,0.0,2,0.008,250,success,2,10,0.008,0.04,-0.6666666666666666,0.048,-0.032,29,success,success
S2023-381,0000315213,RHI,Robert Half,0000315213-24-000011,2023,2024-02-20,1.0.3,0.3.0,36,0.032667876588021776,27,0.024500907441016333,19,0.017241379310344827,4,0.003629764065335753,4,0.003629764065335753,1102,success,12,35,0.010889292196007259,0.03176043557168784,-0.48936170212765956,0.0426497277676951,-0.020871143375680582,115,success,success
S2023-382,0001024478,ROK,Rockwell Automation,0001024478-23-000126,2023,2023-11-08,1.0.3,0.3.0,0,0.0,1,0.0136986301369863,0,0.0,0,0.0,1,0.0136986301369863,73,success,3,0,0.0410958904109589,0.0,1.0,0.0410958904109589,0.0410958904109589,5,success,success
S2023-383,0000084839,ROL,"Rollins, Inc.",0000084839-24-000025,2023,2024-02-15,1.0.3,0.3.0,,,,,,,,,,,0,warning_denominator_zero,,,,,,,,,warning_denominator_zero,warning_denominator_zero
S2023-384,0000882835,ROP,Roper Technologies,0000882835-24-000008,2023,2024-02-22,1.0.3,0.3.0,9,0.03383458646616541,5,0.018796992481203006,8,0.03007518796992481,1,0.0037593984962406013,2,0.007518796992481203,266,success,1,19,0.0037593984962406013,0.07142857142857142,-0.9,0.07518796992481203,-0.06766917293233082,35,success,success
S2023-385,0000745732,ROST,Ross Stores,0000745732-23-000013,2023,2023-03-28,1.0.3,0.3.0,,,,,,,,,,,0,warning_denominator_zero,,,,,,,,,warning_denominator_zero,warning_denominator_zero
S2023-386,0000884887,RCL,Royal Caribbean Group,0000884887-24-000075,2023,2024-02-21,1.0.3,0.3.0,0,0.0,0,0.0,0,0.0,0,0.0,0,0.0,88,success,1,0,0.011363636363636364,0.0,1.0,0.011363636363636364,0.011363636363636364,1,success,success
S2023-387,0000064040,SPGI,S&P Global,0000064040-24-000071,2023,2024-02-09,1.0.3,0.3.0,20,0.02656042496679947,18,0.02390438247011952,18,0.02390438247011952,2,0.0026560424966799467,1,0.0013280212483399733,753,success,8,32,0.010624169986719787,0.04249667994687915,-0.6,0.05312084993359894,-0.03187250996015936,80,success,success
S2023-388,0001034054,SBAC,SBA Communications,0001034054-24-000002,2023,2024-02-28,1.0.3,0.3.0,,,,,,,,,,,0,warning_denominator_zero,,,,,,,,,warning_denominator_zero,warning_denominator_zero
S2023-389,0001108524,CRM,Salesforce,0001108524-23-000011,2023,2023-03-08,1.0.3,0.3.0,17,0.034,2,0.004,10,0.02,1,0.002,4,0.008,500,success,13,11,0.026,0.022,0.08333333333333333,0.048,0.004,47,success,success
S2023-390,0000087347,SLB,Schlumberger,0000950170-24-006884,2023,2024-01-24,1.0.3,0.3.0,2,0.009708737864077669,0,0.0,1,0.0048543689320388345,0,0.0,0,0.0,206,success,5,7,0.024271844660194174,0.03398058252427184,-0.16666666666666666,0.05825242718446602,-0.009708737864077669,14,success,success
S2023-391,0001137789,STX,Seagate Technology,0001137789-23-000049,2023,2023-08-04,1.0.3,0.3.0,1,0.005813953488372093,0,0.0,0,0.0,1,0.005813953488372093,0,0.0,172,success,1,1,0.005813953488372093,0.005813953488372093,0.0,0.011627906976744186,0.0,4,success,success
S2023-392,0001032208,SRE,Sempra,0001032208-24-000007,2023,2024-02-27,1.0.3,0.3.0,,,,,,,,,,,0,warning_denominator_zero,,,,,,,,,warning_denominator_zero,warning_denominator_zero
S2023-393,0001373715,NOW,ServiceNow,0001373715-24-000030,2023,2024-01-25,1.0.3,0.3.0,8,0.008686210640608035,15,0.016286644951140065,7,0.00760043431053203,2,0.002171552660152009,2,0.002171552660152009,921,success,15,10,0.016286644951140065,0.010857763300760043,0.2,0.02714440825190011,0.0054288816503800215,47,success,success
S2023-394,0000089800,SHW,Sherwin-Williams,0000089800-24-000033,2023,2024-02-20,1.0.3,0.3.0,,,,,,,,,,,0,warning_denominator_zero,,,,,,,,,warning_denominator_zero,warning_denominator_zero
S2023-395,0001063761,SPG,Simon Property Group,0001558370-24-001532,2023,2024-02-22,1.0.3,0.3.0,,,,,,,,,,,0,warning_denominator_zero,,,,,,,,,warning_denominator_zero,warning_denominator_zero
S2023-396,0000004127,SWKS,Skyworks Solutions,0000004127-23-000030,2023,2023-11-17,1.0.3,0.3.0,1,0.010869565217391304,0,0.0,0,0.0,1,0.010869565217391304,1,0.010869565217391304,92,success,3,0,0.03260869565217391,0.0,1.0,0.03260869565217391,0.03260869565217391,6,success,success
S2023-397,0000091440,SNA,Snap-on,0000091440-24-000005,2023,2024-02-16,1.0.3,0.3.0,3,0.02027027027027027,5,0.033783783783783786,3,0.02027027027027027,0,0.0,1,0.006756756756756757,148,success,1,7,0.006756756756756757,0.0472972972972973,-0.75,0.05405405405405406,-0.04054054054054054,15,success,success
S2023-398,0000092122,SO,Southern Company,0000092122-24-000009,2023,2024-02-15,1.0.3,0.3.0,,,,,,,,,,,0,warning_denominator_zero,,,,,,,,,warning_denominator_zero,warning_denominator_zero
S2023-399,0000092380,LUV,Southwest Airlines,0000092380-24-000027,2023,2024-02-06,1.0.3,0.3.0,3,0.01744186046511628,3,0.01744186046511628,2,0.011627906976744186,1,0.005813953488372093,0,0.0,172,success,5,4,0.029069767441860465,0.023255813953488372,0.1111111111111111,0.05232558139534884,0.005813953488372093,16,success,success
S2023-400,0000093556,SWK,Stanley Black & Decker,0000093556-24-000032,2023,2024-02-27,1.0.3,0.3.0,4,0.05333333333333334,3,0.04,4,0.05333333333333334,1,0.013333333333333334,2,0.02666666666666667,75,success,0,4,0.0,0.05333333333333334,-1.0,0.05333333333333334,-0.05333333333333334,14,success,success
S2023-401,0000829224,SBUX,Starbucks,0000829224-23-000058,2023,2023-11-17,1.0.3,0.3.0,2,0.07142857142857142,0,0.0,1,0.03571428571428571,0,0.0,0,0.0,28,success,0,1,0.0,0.03571428571428571,-1.0,0.03571428571428571,-0.03571428571428571,3,success,success
S2023-402,0000093751,STT,State Street Corporation,0000093751-24-000498,2023,2024-02-15,1.0.3,0.3.0,13,0.04452054794520548,1,0.003424657534246575,5,0.017123287671232876,1,0.003424657534246575,8,0.0273972602739726,292,success,5,5,0.017123287671232876,0.017123287671232876,0.0,0.03424657534246575,0.0,30,success,success
S2023-403,0001022671,STLD,Steel Dynamics,0001558370-24-002152,2023,2024-02-29,1.0.3,0.3.0,,,,,,,,,,,0,warning_denominator_zero,,,,,,,,,warning_denominator_zero,warning_denominator_zero
S2023-404,0001757898,STE,Steris,0001757898-23-000005,2023,2023-05-26,1.0.3,0.3.0,,,,,,,,,,,0,warning_denominator_zero,,,,,,,,,warning_denominator_zero,warning_denominator_zero
S2023-405,0000310764,SYK,Stryker Corporation,0000310764-24-000024,2023,2024-02-14,1.0.3,0.3.0,4,0.029197080291970802,0,0.0,3,0.021897810218978103,0,0.0,0,0.0,137,success,1,3,0.0072992700729927005,0.021897810218978103,-0.5,0.029197080291970802,-0.014598540145985401,8,success,success
S2023-406,0001601712,SYF,Synchrony Financial,0001601712-24-000047,2023,2024-02-08,1.0.3,0.3.0,1,0.009615384615384616,1,0.009615384615384616,0,0.0,0,0.0,0,0.0,104,success,0,2,0.0,0.019230769230769232,-1.0,0.019230769230769232,-0.019230769230769232,3,success,success
S2023-407,0000883241,SNPS,Synopsys,0000883241-23-000019,2023,2023-12-12,1.0.3,0.3.0,6,0.012295081967213115,0,0.0,5,0.010245901639344262,1,0.0020491803278688526,0,0.0,488,success,8,2,0.01639344262295082,0.004098360655737705,0.6,0.020491803278688523,0.012295081967213115,16,success,success
S2023-408,0000096021,SYY,Sysco,0000096021-23-000117,2023,2023-08-25,1.0.3,0.3.0,3,0.058823529411764705,0,0.0,3,0.058823529411764705,0,0.0,0,0.0,51,success,1,2,0.0196078431372549,0.0392156862745098,-0.3333333333333333,0.058823529411764705,-0.0196078431372549,6,success,success
S2023-409,0001283699,TMUS,T-Mobile US,0001283699-24-000008,2023,2024-02-02,1.0.3,0.3.0,1,0.005847953216374269,0,0.0,1,0.005847953216374269,2,0.011695906432748537,1,0.005847953216374269,171,success,3,6,0.017543859649122806,0.03508771929824561,-0.3333333333333333,0.05263157894736842,-0.017543859649122806,12,success,success
S2023-410,0001113169,TROW,T. Rowe Price,0001113169-24-000007,2023,2024-02-16,1.0.3,0.3.0,1,0.006666666666666667,5,0.03333333333333333,1,0.006666666666666667,0,0.0,1,0.006666666666666667,150,success,3,3,0.02,0.02,0.0,0.04,0.0,12,success,success
S2023-411,0001385157,TEL,TE Connectivity,0001558370-23-018833,2023,2023-11-13,1.0.3,0.3.0,2,0.015384615384615385,0,0.0,2,0.015384615384615385,0,0.0,0,0.0,130,success,4,3,0.03076923076923077,0.023076923076923078,0.14285714285714285,0.05384615384615385,0.007692307692307693,9,success,success
S2023-412,0000109198,TJX,TJX Companies,0000109198-23-000004,2023,2023-03-29,1.0.3,0.3.0,,,,,,,,,,,0,warning_denominator_zero,,,,,,,,,warning_denominator_zero,warning_denominator_zero
S2023-413,0000946581,TTWO,Take-Two Interactive,0001628280-23-019851,2023,2023-05-26,1.0.3,0.3.0,,,,,,,,,,,0,warning_denominator_zero,,,,,,,,,warning_denominator_zero,warning_denominator_zero
S2023-414,0001116132,TPR,"Tapestry, Inc.",0001116132-23-000020,2023,2023-08-17,1.0.3,0.3.0,0,0.0,0,0.0,0,0.0,1,0.012048192771084338,0,0.0,83,success,3,0,0.03614457831325301,0.0,1.0,0.03614457831325301,0.03614457831325301,4,success,success
S2023-415,0001389170,TRGP,Targa Resources,0000950170-24-015841,2023,2024-02-15,1.0.3,0.3.0,1,0.024390243902439025,1,0.024390243902439025,1,0.024390243902439025,0,0.0,0,0.0,41,success,2,2,0.04878048780487805,0.04878048780487805,0.0,0.0975609756097561,0.0,5,success,success
S2023-416,0000027419,TGT,Target Corporation,0000027419-23-000015,2023,2023-03-08,1.0.3,0.3.0,,,,,,,,,,,0,warning_denominator_zero,,,,,,,,,warning_denominator_zero,warning_denominator_zero
S2023-417,0000096943,TFX,Teleflex,0000096943-24-000036,2023,2024-02-23,1.0.3,0.3.0,,,,,,,,,,,0,warning_denominator_zero,,,,,,,,,warning_denominator_zero,warning_denominator_zero
S2023-418,0000097210,TER,Teradyne,0000950170-24-018701,2023,2024-02-22,1.0.3,0.3.0,0,0.0,1,0.012048192771084338,0,0.0,0,0.0,0,0.0,83,success,1,4,0.012048192771084338,0.04819277108433735,-0.6,0.060240963855421686,-0.03614457831325301,6,success,success
S2023-419,0001318605,TSLA,"Tesla, Inc.",0001628280-24-002390,2023,2024-01-29,1.0.3,0.3.0,6,0.013605442176870748,0,0.0,3,0.006802721088435374,1,0.0022675736961451248,1,0.0022675736961451248,441,success,10,1,0.022675736961451247,0.0022675736961451248,0.8181818181818182,0.024943310657596373,0.02040816326530612,18,success,success
S2023-420,0000097476,TXN,Texas Instruments,0000097476-24-000007,2023,2024-02-02,1.0.3,0.3.0,,,,,,,,,,,0,warning_denominator_zero,,,,,,,,,warning_denominator_zero,warning_denominator_zero
S2023-421,0000217346,TXT,Textron,0000217346-24-000017,2023,2024-02-12,1.0.3,0.3.0,,,,,,,,,,,0,warning_denominator_zero,,,,,,,,,warning_denominator_zero,warning_denominator_zero
S2023-422,0000097745,TMO,Thermo Fisher Scientific,0000097745-24-000007,2023,2024-02-22,1.0.3,0.3.0,2,0.03773584905660377,0,0.0,0,0.0,0,0.0,0,0.0,53,success,2,3,0.03773584905660377,0.05660377358490566,-0.2,0.09433962264150944,-0.018867924528301886,7,success,success
S2023-423,0000916365,TSCO,Tractor Supply,0000916365-24-000046,2023,2024-02-23,1.0.3,0.3.0,3,0.020833333333333332,1,0.006944444444444444,2,0.013888888888888888,0,0.0,1,0.006944444444444444,144,success,5,4,0.034722222222222224,0.027777777777777776,0.1111111111111111,0.0625,0.006944444444444444,13,success,success
S2023-424,0001466258,TT,Trane Technologies,0001466258-24-000047,2023,2024-02-08,1.0.3,0.3.0,,,,,,,,,,,0,warning_denominator_zero,,,,,,,,,warning_denominator_zero,warning_denominator_zero
S2023-425,0001260221,TDG,TransDigm Group,0001260221-23-000081,2023,2023-11-09,1.0.3,0.3.0,,,,,,,,,,,0,warning_denominator_zero,,,,,,,,,warning_denominator_zero,warning_denominator_zero
S2023-426,0000086312,TRV,Travelers Companies (The),0000086312-24-000012,2023,2024-02-15,1.0.3,0.3.0,8,0.02030456852791878,6,0.015228426395939087,4,0.01015228426395939,0,0.0,2,0.005076142131979695,394,success,7,10,0.017766497461928935,0.025380710659898477,-0.17647058823529413,0.04314720812182741,-0.007614213197969543,29,success,success
S2023-427,0000864749,TRMB,Trimble Inc.,0000864749-24-000047,2023,2024-02-26,1.0.3,0.3.0,0,0.0,1,0.0070921985815602835,0,0.0,0,0.0,0,0.0,141,success,2,0,0.014184397163120567,0.0,1.0,0.014184397163120567,0.014184397163120567,3,success,success
S2023-428,0000092230,TFC,Truist Financial,0000092230-24-000010,2023,2024-02-27,1.0.3,0.3.0,3,0.02040816326530612,1,0.006802721088435374,2,0.013605442176870748,0,0.0,1,0.006802721088435374,147,success,1,2,0.006802721088435374,0.013605442176870748,-0.3333333333333333,0.02040816326530612,-0.006802721088435374,7,success,success
S2023-429,0000860731,TYL,Tyler Technologies,0000860731-24-000006,2023,2024-02-21,1.0.3,0.3.0,0,0.0,6,0.06382978723404255,0,0.0,0,0.0,0,0.0,94,success,6,2,0.06382978723404255,0.02127659574468085,0.5,0.0851063829787234,0.0425531914893617,12,success,success
S2023-430,0000100493,TSN,Tyson Foods,0000100493-23-000105,2023,2023-11-13,1.0.3,0.3.0,14,0.02564102564102564,17,0.031135531135531136,3,0.005494505494505495,0,0.0,2,0.003663003663003663,546,success,4,17,0.007326007326007326,0.031135531135531136,-0.6190476190476191,0.038461538461538464,-0.023809523809523808,48,success,success
S2023-431,0000036104,USB,U.S. Bancorp,0000036104-24-000018,2023,2024-02-20,1.0.3,0.3.0,,,,,,,,,,,0,warning_denominator_zero,,,,,,,,,warning_denominator_zero,warning_denominator_zero
S2023-432,0000074208,UDR,"UDR, Inc.",0000074208-24-000011,2023,2024-02-20,1.0.3,0.3.0,,,,,,,,,,,0,warning_denominator_zero,,,,,,,,,warning_denominator_zero,warning_denominator_zero
S2023-433,0001543151,UBER,Uber,0001543151-24-000012,2023,2024-02-15,1.0.3,0.3.0,28,0.06320541760722348,11,0.024830699774266364,16,0.03611738148984198,0,0.0,4,0.009029345372460496,443,success,1,25,0.002257336343115124,0.056433408577878104,-0.9230769230769231,0.05869074492099323,-0.05417607223476298,67,success,success
S2023-434,0001403568,ULTA,Ulta Beauty,0001558370-23-004581,2023,2023-03-24,1.0.3,0.3.0,0,0.0,0,0.0,0,0.0,0,0.0,0,0.0,97,success,1,0,0.010309278350515464,0.0,1.0,0.010309278350515464,0.010309278350515464,1,success,success
S2023-435,0000100885,UNP,Union Pacific Corporation,0001437749-24-003599,2023,2024-02-09,1.0.3,0.3.0,,,,,,,,,,,0,warning_denominator_zero,,,,,,,,,warning_denominator_zero,warning_denominator_zero
S2023-436,0000100517,UAL,United Airlines Holdings,0000100517-24-000027,2023,2024-02-29,1.0.3,0.3.0,8,0.034482758620689655,3,0.01293103448275862,7,0.03017241379310345,0,0.0,3,0.01293103448275862,232,success,1,12,0.004310344827586207,0.05172413793103448,-0.8461538461538461,0.05603448275862069,-0.04741379310344827,24,success,success
S2023-437,0001090727,UPS,United Parcel Service,0001090727-24-000008,2023,2024-02-20,1.0.3,0.3.0,2,0.11764705882352941,0,0.0,1,0.058823529411764705,0,0.0,0,0.0,17,success,0,0,0.0,0.0,,0.0,0.0,2,success,success
S2023-438,0001067701,URI,United Rentals,0001067701-24-000007,2023,2024-01-24,1.0.3,0.3.0,,,,,,,,,,,0,warning_denominator_zero,,,,,,,,,warning_denominator_zero,warning_denominator_zero
S2023-439,0000731766,UNH,UnitedHealth Group,0000731766-24-000081,2023,2024-02-28,1.0.3,0.3.0,8,0.014705882352941176,13,0.02389705882352941,7,0.012867647058823529,4,0.007352941176470588,6,0.011029411764705883,544,success,5,22,0.009191176470588236,0.04044117647058824,-0.6296296296296297,0.04963235294117647,-0.03125,56,success,success
S2023-440,0000352915,UHS,Universal Health Services,0000950170-24-021175,2023,2024-02-27,1.0.3,0.3.0,,,,,,,,,,,0,warning_denominator_zero,,,,,,,,,warning_denominator_zero,warning_denominator_zero
S2023-441,0000103379,VFC,VF Corporation,0000103379-23-000006,2023,2023-05-25,1.0.3,0.3.0,,,,,,,,,,,0,warning_denominator_zero,,,,,,,,,warning_denominator_zero,warning_denominator_zero
S2023-442,0001035002,VLO,Valero Energy,0001035002-24-000007,2023,2024-02-22,1.0.3,0.3.0,0,0.0,0,0.0,0,0.0,1,0.029411764705882353,1,0.029411764705882353,34,success,0,0,0.0,0.0,,0.0,0.0,2,success,success
S2023-443,0000740260,VTR,Ventas,0000740260-24-000067,2023,2024-02-15,1.0.3,0.3.0,1,0.030303030303030304,1,0.030303030303030304,1,0.030303030303030304,0,0.0,0,0.0,33,success,1,1,0.030303030303030304,0.030303030303030304,0.0,0.06060606060606061,0.0,3,success,success
S2023-444,0001967680,VLTO,Veralto,0001967680-24-000033,2023,2024-02-28,1.0.3,0.3.0,,,,,,,,,,,0,warning_denominator_zero,,,,,,,,,warning_denominator_zero,warning_denominator_zero
S2023-445,0001014473,VRSN,Verisign,0001014473-24-000006,2023,2024-02-15,1.0.3,0.3.0,0,0.0,0,0.0,0,0.0,0,0.0,0,0.0,34,success,2,0,0.058823529411764705,0.0,1.0,0.058823529411764705,0.058823529411764705,2,success,success
S2023-446,0001442145,VRSK,Verisk Analytics,0001437749-24-004939,2023,2024-02-21,1.0.3,0.3.0,9,0.019955654101995565,4,0.008869179600886918,7,0.015521064301552107,2,0.004434589800443459,0,0.0,451,success,6,14,0.013303769401330377,0.031042128603104215,-0.4,0.04434589800443459,-0.017738359201773836,34,success,success
S2023-447,0000732712,VZ,Verizon,0000732712-24-000010,2023,2024-02-09,1.0.3,0.3.0,2,0.024390243902439025,3,0.036585365853658534,1,0.012195121951219513,1,0.012195121951219513,2,0.024390243902439025,82,success,1,0,0.012195121951219513,0.0,1.0,0.012195121951219513,0.012195121951219513,8,success,success
S2023-448,0000875320,VRTX,Vertex Pharmaceuticals,0000875320-24-000062,2023,2024-02-15,1.0.3,0.3.0,4,0.08163265306122448,0,0.0,2,0.04081632653061224,0,0.0,0,0.0,49,success,0,3,0.0,0.061224489795918366,-1.0,0.061224489795918366,-0.061224489795918366,7,success,success
S2023-449,0001792044,VTRS,Viatris,0001792044-24-000008,2023,2024-02-28,1.0.3,0.3.0,5,0.030864197530864196,7,0.043209876543209874,5,0.030864197530864196,0,0.0,3,0.018518518518518517,162,success,1,2,0.006172839506172839,0.012345679012345678,-0.3333333333333333,0.018518518518518517,-0.006172839506172839,18,success,success
S2023-450,0001705696,VICI,Vici Properties,0001705696-24-000033,2023,2024-02-22,1.0.3,0.3.0,,,,,,,,,,,0,warning_denominator_zero,,,,,,,,,warning_denominator_zero,warning_denominator_zero
S2023-451,0001403161,V,Visa Inc.,0001403161-23-000099,2023,2023-11-15,1.0.3,0.3.0,13,0.03768115942028986,10,0.028985507246376812,4,0.011594202898550725,2,0.005797101449275362,1,0.002898550724637681,345,success,7,5,0.020289855072463767,0.014492753623188406,0.16666666666666666,0.034782608695652174,0.005797101449275362,37,success,success
S2023-452,0001396009,VMC,Vulcan Materials Company,0001396009-24-000006,2023,2024-02-22,1.0.3,0.3.0,2,0.11764705882352941,0,0.0,1,0.058823529411764705,0,0.0,0,0.0,17,success,0,0,0.0,0.0,,0.0,0.0,2,success,success
S2023-453,0000011544,WRB,W. R. Berkley Corporation,0000011544-24-000005,2023,2024-02-23,1.0.3,0.3.0,4,0.02072538860103627,9,0.046632124352331605,2,0.010362694300518135,4,0.02072538860103627,3,0.015544041450777202,193,success,1,0,0.0051813471502590676,0.0,1.0,0.0051813471502590676,0.0051813471502590676,21,success,success
S2023-454,0000277135,GWW,W. W. Grainger,0000277135-24-000011,2023,2024-02-22,1.0.3,0.3.0,0,0.0,0,0.0,0,0.0,0,0.0,0,0.0,27,success,0,0,0.0,0.0,,0.0,0.0,0,success,success
S2023-455,0000783325,WEC,WEC Energy Group,0000107815-24-000095,2023,2024-02-22,1.0.3,0.3.0,,,,,,,,,,,0,warning_denominator_zero,,,,,,,,,warning_denominator_zero,warning_denominator_zero
S2023-456,0000943452,WAB,Wabtec,0001628280-24-004774,2023,2024-02-14,1.0.3,0.3.0,0,0.0,0,0.0,0,0.0,1,0.027777777777777776,0,0.0,36,success,1,0,0.027777777777777776,0.0,1.0,0.027777777777777776,0.027777777777777776,2,success,success
S2023-457,0000104169,WMT,Walmart,0000104169-23-000020,2023,2023-03-17,1.0.3,0.3.0,,,,,,,,,,,0,warning_denominator_zero,,,,,,,,,warning_denominator_zero,warning_denominator_zero
S2023-458,0001744489,DIS,Walt Disney Company (The),0001744489-23-000216,2023,2023-11-21,1.0.3,0.3.0,5,0.052083333333333336,3,0.03125,4,0.041666666666666664,0,0.0,0,0.0,96,success,0,2,0.0,0.020833333333333332,-1.0,0.020833333333333332,-0.020833333333333332,10,success,success
S2023-459,0001437107,WBD,Warner Bros. Discovery,0001437107-24-000017,2023,2024-02-23,1.0.3,0.3.0,9,0.05454545454545454,5,0.030303030303030304,7,0.04242424242424243,0,0.0,0,0.0,165,success,3,13,0.01818181818181818,0.07878787878787878,-0.625,0.09696969696969697,-0.06060606060606061,27,success,success
S2023-460,0000823768,WM,Waste Management,0001558370-24-001049,2023,2024-02-13,1.0.3,0.3.0,7,0.04794520547945205,0,0.0,3,0.02054794520547945,1,0.00684931506849315,0,0.0,146,success,3,7,0.02054794520547945,0.04794520547945205,-0.4,0.0684931506849315,-0.0273972602739726,18,success,success
S2023-461,0001000697,WAT,Waters Corporation,0001193125-24-047491,2023,2024-02-27,1.0.3,0.3.0,,,,,,,,,,,0,warning_denominator_zero,,,,,,,,,warning_denominator_zero,warning_denominator_zero
S2023-462,0000072971,WFC,Wells Fargo,0000072971-24-000064,2023,2024-02-20,1.0.3,0.3.0,,,,,,,,,,,0,warning_denominator_zero,,,,,,,,,warning_denominator_zero,warning_denominator_zero
S2023-463,0000766704,WELL,Welltower,0000766704-24-000008,2023,2024-02-15,1.0.3,0.3.0,,,,,,,,,,,0,warning_denominator_zero,,,,,,,,,warning_denominator_zero,warning_denominator_zero
S2023-464,0000105770,WST,West Pharmaceutical Services,0000105770-24-000015,2023,2024-02-20,1.0.3,0.3.0,,,,,,,,,,,0,warning_denominator_zero,,,,,,,,,warning_denominator_zero,warning_denominator_zero
S2023-465,0001732845,WRK,WestRock,0000950170-23-064855,2023,2023-11-17,1.0.3,0.3.0,3,0.03296703296703297,0,0.0,1,0.01098901098901099,0,0.0,0,0.0,91,success,1,0,0.01098901098901099,0.0,1.0,0.01098901098901099,0.01098901098901099,4,success,success
S2023-466,0000106040,WDC,Western Digital,0000106040-23-000024,2023,2023-08-22,1.0.3,0.3.0,0,0.0,0,0.0,0,0.0,0,0.0,0,0.0,40,success,1,0,0.025,0.0,1.0,0.025,0.025,1,success,success
S2023-467,0000106535,WY,Weyerhaeuser,0000950170-24-016434,2023,2024-02-16,1.0.3,0.3.0,2,0.02564102564102564,0,0.0,1,0.01282051282051282,0,0.0,0,0.0,78,success,3,0,0.038461538461538464,0.0,1.0,0.038461538461538464,0.038461538461538464,5,success,success
S2023-468,0000106640,WHR,Whirlpool Corporation,0000106640-24-000020,2023,2024-02-14,1.0.3,0.3.0,10,0.06756756756756757,4,0.02702702702702703,6,0.04054054054054054,0,0.0,0,0.0,148,success,2,11,0.013513513513513514,0.07432432432432433,-0.6923076923076923,0.08783783783783784,-0.060810810810810814,27,success,success
S2023-469,0000107263,WMB,Williams Companies,0000107263-24-000019,2023,2024-02-21,1.0.3,0.3.0,,,,,,,,,,,0,warning_denominator_zero,,,,,,,,,warning_denominator_zero,warning_denominator_zero
S2023-470,0001140536,WTW,Willis Towers Watson,0000950170-24-018575,2023,2024-02-22,1.0.3,0.3.0,4,0.01809954751131222,11,0.049773755656108594,4,0.01809954751131222,0,0.0,1,0.004524886877828055,221,success,1,9,0.004524886877828055,0.04072398190045249,-0.8,0.04524886877828054,-0.03619909502262444,25,success,success
S2023-471,0001174922,WYNN,Wynn Resorts,0001174922-24-000046,2023,2024-02-23,1.0.3,0.3.0,,,,,,,,,,,0,warning_denominator_zero,,,,,,,,,warning_denominator_zero,warning_denominator_zero
S2023-472,0000072903,XEL,Xcel Energy,0000072903-24-000034,2023,2024-02-21,1.0.3,0.3.0,3,0.03571428571428571,0,0.0,0,0.0,1,0.011904761904761904,0,0.0,84,success,1,2,0.011904761904761904,0.023809523809523808,-0.3333333333333333,0.03571428571428571,-0.011904761904761904,7,success,success
S2023-473,0001524472,XYL,Xylem Inc.,0001524472-24-000006,2023,2024-02-28,1.0.3,0.3.0,2,0.007168458781362007,4,0.014336917562724014,2,0.007168458781362007,0,0.0,4,0.014336917562724014,279,success,11,3,0.03942652329749104,0.010752688172043012,0.5714285714285714,0.05017921146953405,0.02867383512544803,23,success,success
S2023-474,0001041061,YUM,Yum! Brands,0001041061-24-000011,2023,2024-02-20,1.0.3,0.3.0,5,0.03205128205128205,2,0.01282051282051282,3,0.019230769230769232,0,0.0,1,0.00641025641025641,156,success,0,5,0.0,0.03205128205128205,-1.0,0.03205128205128205,-0.03205128205128205,13,success,success
S2023-475,0000877212,ZBRA,Zebra Technologies,0000877212-24-000029,2023,2024-02-15,1.0.3,0.3.0,7,0.02147239263803681,9,0.027607361963190184,6,0.018404907975460124,0,0.0,2,0.006134969325153374,326,success,1,7,0.003067484662576687,0.02147239263803681,-0.75,0.024539877300613498,-0.018404907975460124,26,success,success
S2023-476,0001136869,ZBH,Zimmer Biomet,0000950170-24-019353,2023,2024-02-23,1.0.3,0.3.0,6,0.014084507042253521,6,0.014084507042253521,1,0.002347417840375587,0,0.0,3,0.007042253521126761,426,success,3,6,0.007042253521126761,0.014084507042253521,-0.3333333333333333,0.02112676056338028,-0.007042253521126761,24,success,success
S2023-477,0000109380,ZION,Zions Bancorporation,0000109380-24-000061,2023,2024-02-23,1.0.3,0.3.0,2,0.025974025974025976,0,0.0,1,0.012987012987012988,0,0.0,0,0.0,77,success,2,0,0.025974025974025976,0.0,1.0,0.025974025974025976,0.025974025974025976,4,success,success
S2023-478,0001555280,ZTS,Zoetis,0001555280-24-000143,2023,2024-02-13,1.0.3,0.3.0,0,0.0,0,0.0,0,0.0,0,0.0,0,0.0,69,success,0,0,0.0,0.0,,0.0,0.0,0,success,success
S2023-479,0001065088,EBAY,eBay Inc.,0001065088-24-000036,2023,2024-02-28,1.0.3,0.3.0,13,0.022847100175746926,15,0.026362038664323375,8,0.014059753954305799,0,0.0,6,0.01054481546572935,569,success,3,23,0.005272407732864675,0.040421792618629174,-0.7692307692307693,0.04569420035149385,-0.0351493848857645,57,success,success
