company_id,cik,ticker,company_name,accession_number,report_year,filing_date,parser_version,language_measurement_version,ai_disclosure_binary,ai_term_count,ai_terms_per_1000_words,total_analysis_word_count,total_analysis_sentence_count,ai_sentence_count,ai_sentence_ratio,ai_detection_status,ai_uncertainty_count,ai_uncertainty_ratio,ai_litigious_count,ai_litigious_ratio,ai_weak_modal_count,ai_weak_modal_ratio,ai_strong_modal_count,ai_strong_modal_ratio,ai_constraining_count,ai_constraining_ratio,ai_total_eligible_word_count,uncertainty_status,ai_positive_count,ai_negative_count,ai_positive_ratio,ai_negative_ratio,ai_net_tone,ai_sentiment_word_coverage,ai_net_tone_by_words,ai_total_lm_matched_word_count,sentiment_status,ai_concreteness_mean,ai_concreteness_median,ai_concreteness_standard_deviation,ai_concreteness_min,ai_concreteness_max,ai_concreteness_matched_token_count,ai_concreteness_eligible_token_count,ai_concreteness_unmatched_token_count,ai_concreteness_coverage,ai_concreteness_unique_dictionary_entries,ai_concreteness_stem_collision_count,ai_concreteness_status,report_concreteness_mean,report_concreteness_median,report_concreteness_standard_deviation,report_concreteness_min,report_concreteness_max,report_concreteness_matched_token_count,report_concreteness_eligible_token_count,report_concreteness_unmatched_token_count,report_concreteness_coverage,report_concreteness_unique_dictionary_entries,report_concreteness_stem_collision_count,report_concreteness_status,report_word_count,log_report_word_count,report_sentence_count,report_paragraph_count,report_mean_sentence_length,report_fog_index,report_numeric_token_ratio,report_ai_term_count,report_ai_terms_per_1000_words,report_table_text_word_count,report_table_text_ratio,source_html_bytes,analysis_text_bytes,analysis_text_to_html_ratio,report_control_status,report_positive_count,report_negative_count,report_net_tone,report_uncertainty_count,report_uncertainty_ratio,report_weak_modal_count,report_weak_modal_ratio,report_strong_modal_count,report_strong_modal_ratio,report_litigious_count,report_litigious_ratio,report_constraining_count,report_constraining_ratio,report_forward_looking_count,report_forward_looking_ratio,report_positive_ratio,report_negative_ratio,report_net_tone_by_words,report_sentiment_word_coverage,report_total_lm_matched_word_count,report_total_eligible_word_count,concreteness_status,lm_ai_status,lm_report_status,matching_strategy_version,concreteness_preprocessing_version
S2023-001,0000066740,MMM,3M,0000066740-24-000016,2023,2024-02-07,1.0.3,0.3.0,1,2,0.03152685,63438,2783,1,0.00035932,success,0,0.00000000,0,0.00000000,0,0.00000000,0,0.00000000,0,0.00000000,118,success,2,1,0.01694915,0.00847458,0.33333333,0.02542373,0.00847458,3,success,2.91815789,2.96500000,0.72440849,1.81000000,4.50000000,38,63,25,0.60317460,35,18,warning_stem_collisions,2.94478157,2.85000000,0.83371722,1.19000000,5.00000000,24722,34480,9758,0.71699536,2333,6320,warning_stem_collisions,64110,11.06835564,2783,1014,23.03629177,21.71928882,0.04473561,2,0.03119638,11535,0.15248860,4286095,426538,0.09951669,success,250,1737,-0.74836437,884,0.01473653,318,0.00530115,103,0.00171704,1552,0.02587227,431,0.00718489,,,0.00416757,0.02895627,-0.02478870,0.03312384,4375,59987,warning_stem_collisions,success,success,exact-then-unique-porter-1.0.0,baek-smart-porter-1.0.0
S2023-002,0000091142,AOS,A. O. Smith,0000091142-24-000041,2023,2024-02-13,1.0.3,0.3.0,1,3,0.11166530,26866,1551,2,0.00128949,success,3,0.05555556,0,0.00000000,2,0.03703704,0,0.00000000,0,0.00000000,54,success,3,1,0.05555556,0.01851852,0.50000000,0.07407407,0.03703704,7,success,2.67458333,2.38500000,0.74275938,1.63000000,4.25000000,24,24,0,1.00000000,21,0,success,2.97160063,2.89000000,0.85911986,1.26000000,5.00000000,10852,13985,3133,0.77597426,1596,2325,warning_stem_collisions,26826,10.19712685,1551,564,17.29593810,18.85238927,0.04406173,3,0.11183180,7012,0.20722265,1914385,177596,0.09276922,success,137,415,-0.50362319,457,0.01807038,153,0.00604982,51,0.00201661,206,0.00814551,166,0.00656386,,,0.00541716,0.01640965,-0.01099249,0.02182681,1356,25290,success,success,success,exact-then-unique-porter-1.0.0,baek-smart-porter-1.0.0
S2023-003,0000874761,AES,AES Corporation,0000874761-24-000011,2023,2024-02-26,1.0.3,0.3.0,1,5,0.04687969,106656,5022,4,0.00079650,success,1,0.00709220,0,0.00000000,1,0.00709220,0,0.00000000,0,0.00000000,141,success,2,0,0.01418440,0.00000000,1.00000000,0.01418440,0.01418440,3,success,3.00915254,2.93000000,0.67464564,1.62000000,4.70000000,59,77,18,0.76623377,40,12,warning_stem_collisions,2.91084881,2.83000000,0.81178893,1.19000000,5.00000000,40657,57089,16432,0.71216872,2759,9825,warning_stem_collisions,105893,11.57018443,5022,1980,21.08582238,21.20266139,0.03681074,5,0.04721747,21602,0.16943410,6410940,704347,0.10986642,success,508,1692,-0.53818182,1651,0.01641806,616,0.00612570,268,0.00266508,1389,0.01381265,946,0.00940732,,,0.00505171,0.01682578,-0.01177407,0.02187749,6003,100560,warning_stem_collisions,success,success,exact-then-unique-porter-1.0.0,baek-smart-porter-1.0.0
S2023-004,0001841666,APA,APA Corporation,0001784031-24-000003,2023,2024-02-22,1.0.3,0.3.0,0,0,0.00000000,61622,2856,0,0.00000000,success,,,,,,,,,,,0,warning_denominator_zero,,,,,,,,,warning_denominator_zero,,,,,,0,0,0,,0,0,warning_denominator_zero,2.94896492,2.82000000,0.84280705,1.25000000,5.00000000,24114,33513,9399,0.71954167,2251,5755,warning_stem_collisions,61592,11.02828727,2856,1331,21.56582633,21.23964887,0.04448630,0,0.00000000,11492,0.15724372,4359100,411968,0.09450758,success,246,1022,-0.61198738,917,0.01594117,369,0.00641471,124,0.00215562,556,0.00966553,507,0.00881371,,,0.00427648,0.01776650,-0.01349002,0.02204297,3201,57524,warning_denominator_zero,warning_denominator_zero,success,exact-then-unique-porter-1.0.0,baek-smart-porter-1.0.0
S2023-005,0000732717,T,AT&T,0000732717-24-000009,2023,2024-02-23,1.0.3,0.3.0,1,6,0.13384492,44828,2427,4,0.00164813,success,2,0.01754386,0,0.00000000,2,0.01754386,0,0.00000000,0,0.00000000,114,success,2,6,0.01754386,0.05263158,-0.50000000,0.07017544,-0.03508772,10,success,2.82702128,2.81000000,0.72984672,1.52000000,4.50000000,47,62,15,0.75806452,39,10,warning_stem_collisions,2.90584576,2.82000000,0.80618495,1.26000000,5.00000000,17440,23636,6196,0.73785751,2042,4552,warning_stem_collisions,44806,10.71009734,2427,917,18.46147507,20.31883481,0.04300763,6,0.13391064,14611,0.24590605,4360250,299418,0.06866992,success,233,651,-0.47285068,561,0.01323425,239,0.00563812,98,0.00231187,432,0.01019108,353,0.00832744,,,0.00549658,0.01535740,-0.00986082,0.02085397,2223,42390,warning_stem_collisions,success,success,exact-then-unique-porter-1.0.0,baek-smart-porter-1.0.0
S2023-006,0001551152,ABBV,AbbVie,0001551152-24-000011,2023,2024-02-20,1.0.3,0.3.0,0,0,0.00000000,47238,2470,0,0.00000000,success,,,,,,,,,,,0,warning_denominator_zero,,,,,,,,,warning_denominator_zero,,,,,,0,0,0,,0,0,warning_denominator_zero,2.88002483,2.75000000,0.81192082,1.19000000,5.00000000,18523,26204,7681,0.70687681,2281,4746,warning_stem_collisions,47238,10.76295393,2470,890,19.12469636,20.74266230,0.03302426,0,0.00000000,13000,0.21581062,3701766,322160,0.08702873,success,382,917,-0.41185527,809,0.01809803,357,0.00798640,140,0.00313192,621,0.01389231,383,0.00856804,,,0.00854567,0.02051408,-0.01196841,0.02905975,3037,44701,warning_denominator_zero,warning_denominator_zero,success,exact-then-unique-porter-1.0.0,baek-smart-porter-1.0.0
S2023-007,0000001800,ABT,Abbott Laboratories,0001628280-24-005348,2023,2024-02-16,1.0.3,0.3.0,0,0,0.00000000,38051,2018,0,0.00000000,success,,,,,,,,,,,0,warning_denominator_zero,,,,,,,,,warning_denominator_zero,,,,,,0,0,0,,0,0,warning_denominator_zero,2.90062550,2.80000000,0.78590203,1.29000000,5.00000000,15028,21130,6102,0.71121628,1903,3847,warning_stem_collisions,37779,10.53950867,2018,858,18.72101090,20.16374388,0.04579264,0,0.00000000,10233,0.21313422,2675005,261155,0.09762785,success,187,699,-0.57787810,600,0.01698995,214,0.00605975,88,0.00249186,431,0.01220445,265,0.00750389,,,0.00529520,0.01979329,-0.01449809,0.02508849,2117,35315,warning_denominator_zero,warning_denominator_zero,success,exact-then-unique-porter-1.0.0,baek-smart-porter-1.0.0
S2023-008,0001467373,ACN,Accenture,0001467373-23-000324,2023,2023-10-12,1.0.3,0.3.0,1,35,0.86349394,40533,2089,31,0.01483964,success,18,0.01543739,14,0.01200686,11,0.00943396,2,0.00171527,6,0.00514580,1166,success,30,21,0.02572899,0.01801029,0.17647059,0.04373928,0.00771870,89,success,2.87795158,2.74000000,0.79962974,1.30000000,4.93000000,537,715,178,0.75104895,282,108,warning_stem_collisions,2.84296798,2.74000000,0.81017827,1.19000000,5.00000000,15802,20797,4995,0.75982113,2006,3844,warning_stem_collisions,40552,10.61034038,2089,813,19.41215893,20.65266947,0.02880253,35,0.86308937,12762,0.23937427,2767778,270647,0.09778494,success,398,830,-0.35179153,830,0.02127714,443,0.01135635,92,0.00235843,577,0.01479146,289,0.00740855,,,0.01020277,0.02127714,-0.01107437,0.03147991,2885,39009,warning_stem_collisions,success,success,exact-then-unique-porter-1.0.0,baek-smart-porter-1.0.0
S2023-009,0000796343,ADBE,Adobe Inc.,0000796343-24-000006,2023,2024-01-17,1.0.3,0.3.0,1,121,2.58094791,46882,2309,80,0.03464703,success,33,0.01171875,20,0.00710227,24,0.00852273,9,0.00319602,9,0.00319602,2816,success,84,61,0.02982955,0.02166193,0.15862069,0.05149148,0.00816761,207,success,2.92645320,2.68500000,0.88023148,1.30000000,4.93000000,1218,1719,501,0.70855148,503,319,warning_stem_collisions,2.92083113,2.82000000,0.83373161,1.23000000,5.00000000,19251,25522,6271,0.75429042,2285,4943,warning_stem_collisions,46805,10.75374531,2309,1119,20.27067995,20.52193618,0.02636470,121,2.58519389,7467,0.13758476,2451373,319107,0.13017480,success,519,874,-0.25484566,719,0.01600303,367,0.00816844,86,0.00191413,488,0.01086158,310,0.00689978,,,0.01155156,0.01945291,-0.00790136,0.03100447,2848,44929,warning_stem_collisions,success,success,exact-then-unique-porter-1.0.0,baek-smart-porter-1.0.0
S2023-010,0000002488,AMD,Advanced Micro Devices,0000002488-24-000012,2023,2024-01-31,1.0.3,0.3.0,1,105,2.08689430,50314,2238,71,0.03172475,success,36,0.01410658,20,0.00783699,27,0.01057994,10,0.00391850,10,0.00391850,2552,success,38,34,0.01489028,0.01332288,0.05555556,0.02821317,0.00156740,143,success,2.95860443,2.89000000,0.85619617,1.30000000,5.00000000,1039,1597,558,0.65059487,440,277,warning_stem_collisions,2.91095169,2.85000000,0.83316193,1.19000000,5.00000000,19271,26964,7693,0.71469367,2170,4969,warning_stem_collisions,50382,10.82738925,2238,883,22.51206434,21.16447091,0.02768846,105,2.08407765,9068,0.15253154,2130305,336335,0.15788115,success,335,1095,-0.53146853,1036,0.02148976,593,0.01230061,127,0.00263436,380,0.00788235,398,0.00825572,,,0.00694891,0.02271360,-0.01576469,0.02966251,3182,48209,warning_stem_collisions,success,success,exact-then-unique-porter-1.0.0,baek-smart-porter-1.0.0
S2023-011,0000004977,AFL,Aflac,0000004977-24-000053,2023,2024-02-22,1.0.3,0.3.0,1,6,0.07416105,80905,4204,4,0.00095147,success,4,0.02666667,3,0.02000000,1,0.00666667,2,0.01333333,0,0.00000000,150,success,3,2,0.02000000,0.01333333,0.20000000,0.03333333,0.00666667,13,success,2.89896552,2.78500000,0.80478888,1.63000000,4.72000000,58,87,29,0.66666667,42,16,warning_stem_collisions,2.91783545,2.79000000,0.83916012,1.19000000,5.00000000,32501,44440,11939,0.73134563,2205,7812,warning_stem_collisions,81209,11.30478136,4204,1810,19.31707897,21.21432372,0.03194227,6,0.07388344,26138,0.24349074,9368701,543690,0.05803259,success,426,1243,-0.48951468,1216,0.01585356,381,0.00496728,173,0.00225548,692,0.00902193,435,0.00567130,,,0.00555396,0.01620557,-0.01065161,0.02175954,3967,76702,warning_stem_collisions,success,success,exact-then-unique-porter-1.0.0,baek-smart-porter-1.0.0
S2023-012,0001090872,A,Agilent Technologies,0001090872-23-000020,2023,2023-12-20,1.0.3,0.3.0,1,5,0.08449371,59176,2924,4,0.00136799,success,1,0.00729927,0,0.00000000,0,0.00000000,1,0.00729927,0,0.00000000,137,success,2,0,0.01459854,0.00000000,1.00000000,0.01459854,0.01459854,4,success,2.86235294,2.90000000,0.75287707,1.30000000,4.69000000,68,84,16,0.80952381,50,10,warning_stem_collisions,2.89353300,2.81000000,0.78151851,1.04000000,5.00000000,24124,31934,7810,0.75543308,2126,5852,warning_stem_collisions,59107,10.98710464,2924,1084,20.21443228,20.35262834,0.04026596,5,0.08459235,9340,0.13645594,3542153,399298,0.11272749,success,347,1018,-0.49157509,904,0.01612759,397,0.00708258,116,0.00206947,565,0.01007975,497,0.00886661,,,0.00619057,0.01816138,-0.01197081,0.02435195,3261,56053,warning_stem_collisions,success,success,exact-then-unique-porter-1.0.0,baek-smart-porter-1.0.0
S2023-013,0000002969,APD,Air Products,0000002969-23-000047,2023,2023-11-16,1.0.3,0.3.0,0,0,0.00000000,50412,2718,0,0.00000000,success,,,,,,,,,,,0,warning_denominator_zero,,,,,,,,,warning_denominator_zero,,,,,,0,0,0,,0,0,warning_denominator_zero,2.90814542,2.79000000,0.82303784,1.19000000,5.00000000,19929,26537,6608,0.75098918,1933,4825,warning_stem_collisions,50115,10.82207564,2718,1189,18.43818985,19.64390781,0.03458046,0,0.00000000,11264,0.18351553,3798411,332549,0.08754950,success,209,797,-0.58449304,845,0.01768152,325,0.00680059,71,0.00148567,541,0.01132036,364,0.00761666,,,0.00437330,0.01667713,-0.01230383,0.02105043,2664,47790,warning_denominator_zero,warning_denominator_zero,success,exact-then-unique-porter-1.0.0,baek-smart-porter-1.0.0
S2023-014,0001559720,ABNB,Airbnb,0001559720-24-000006,2023,2024-02-16,1.0.3,0.3.0,1,66,0.78657577,83908,3082,37,0.01200519,success,38,0.02794118,24,0.01764706,28,0.02058824,6,0.00441176,12,0.00882353,1360,success,15,43,0.01102941,0.03161765,-0.48275862,0.04264706,-0.02058824,133,success,2.78804878,2.62000000,0.80159055,1.30000000,4.93000000,574,783,209,0.73307791,313,137,warning_stem_collisions,2.84672444,2.72000000,0.81484248,1.19000000,5.00000000,32428,43425,10997,0.74675878,2661,8628,warning_stem_collisions,83812,11.33633147,3082,1321,27.19402985,22.20245351,0.01913807,66,0.78747673,6051,0.06733583,2482453,555721,0.22385963,success,425,2498,-0.70920287,1760,0.02165861,1158,0.01425038,207,0.00254735,1457,0.01792988,846,0.01041090,,,0.00523006,0.03074045,-0.02551039,0.03597051,6830,81261,warning_stem_collisions,success,success,exact-then-unique-porter-1.0.0,baek-smart-porter-1.0.0
S2023-015,0001086222,AKAM,Akamai Technologies,0001086222-24-000040,2023,2024-02-28,1.0.3,0.3.0,1,3,0.06367534,47114,2070,2,0.00096618,success,2,0.02531646,4,0.05063291,1,0.01265823,0,0.00000000,0,0.00000000,79,success,0,3,0.00000000,0.03797468,-1.00000000,0.03797468,-0.03797468,9,success,2.70272727,2.59000000,0.73128891,1.63000000,4.57000000,33,43,10,0.76744186,29,10,warning_stem_collisions,2.86767811,2.76000000,0.79016145,1.19000000,5.00000000,18472,24605,6133,0.75074172,2050,4629,warning_stem_collisions,47066,10.75930615,2070,809,22.73719807,21.55069364,0.02889559,3,0.06374028,8045,0.14597812,2457483,315632,0.12843710,success,361,896,-0.42561655,818,0.01822192,387,0.00862088,98,0.00218307,405,0.00902185,359,0.00799715,,,0.00804170,0.01995946,-0.01191776,0.02800116,2810,44891,warning_stem_collisions,success,success,exact-then-unique-porter-1.0.0,baek-smart-porter-1.0.0
S2023-016,0000915913,ALB,Albemarle Corporation,0000915913-24-000016,2023,2024-02-15,1.0.3,0.3.0,0,0,0.00000000,78547,3600,0,0.00000000,success,,,,,,,,,,,0,warning_denominator_zero,,,,,,,,,warning_denominator_zero,,,,,,0,0,0,,0,0,warning_denominator_zero,2.92293357,2.82000000,0.83974590,1.19000000,5.00000000,30243,40570,10327,0.74545230,2664,7089,warning_stem_collisions,78319,11.26854551,3600,1282,21.75527778,21.10086380,0.03917313,0,0.00000000,15453,0.16479333,3742974,517670,0.13830446,success,457,1309,-0.48244621,1360,0.01828154,625,0.00840144,148,0.00198946,730,0.00981288,569,0.00764867,,,0.00614313,0.01759598,-0.01145284,0.02373911,4365,74392,warning_denominator_zero,warning_denominator_zero,success,exact-then-unique-porter-1.0.0,baek-smart-porter-1.0.0
S2023-017,0001035443,ARE,Alexandria Real Estate Equities,0001035443-24-000072,2023,2024-01-29,1.0.3,0.3.0,1,5,0.05277490,94742,4136,3,0.00072534,success,5,0.04201681,0,0.00000000,3,0.02521008,0,0.00000000,0,0.00000000,119,success,0,3,0.00000000,0.02521008,-1.00000000,0.02521008,-0.02521008,8,success,2.78155556,2.63000000,0.81776105,1.63000000,4.55000000,45,62,17,0.72580645,31,16,warning_stem_collisions,2.88371366,2.75000000,0.82036727,1.26000000,5.00000000,38151,50043,11892,0.76236437,2736,8788,warning_stem_collisions,94469,11.45602702,4136,2127,22.84066731,21.66409192,0.03209518,5,0.05292742,23176,0.19699945,6495560,633193,0.09748089,success,749,2081,-0.47067138,1782,0.01971326,1087,0.01202487,210,0.00232311,601,0.00664852,809,0.00894951,,,0.00828576,0.02302093,-0.01473517,0.03130669,5937,90396,warning_stem_collisions,success,success,exact-then-unique-porter-1.0.0,baek-smart-porter-1.0.0
S2023-018,0001097149,ALGN,Align Technology,0001097149-24-000011,2023,2024-02-28,1.0.3,0.3.0,1,20,0.40018408,49977,2275,16,0.00703297,success,12,0.02453988,14,0.02862986,8,0.01635992,0,0.00000000,2,0.00408998,489,success,11,12,0.02249489,0.02453988,-0.04347826,0.04703476,-0.00204499,50,success,2.88990244,2.86000000,0.82321617,1.50000000,5.00000000,205,297,92,0.69023569,145,60,warning_stem_collisions,2.89144894,2.83000000,0.81615454,1.04000000,5.00000000,19849,26905,7056,0.73774391,2499,5175,warning_stem_collisions,49930,10.81837730,2275,960,21.94725275,20.94633290,0.02525536,20,0.40056079,7027,0.12337377,2493729,338670,0.13580866,success,398,1071,-0.45813479,913,0.01893680,469,0.00972767,101,0.00209487,562,0.01165661,404,0.00837948,,,0.00825503,0.02221393,-0.01395889,0.03046896,3213,48213,warning_stem_collisions,success,success,exact-then-unique-porter-1.0.0,baek-smart-porter-1.0.0
S2023-019,0001579241,ALLE,Allegion,0001579241-24-000006,2023,2024-02-20,1.0.3,0.3.0,1,9,0.22373589,40226,1985,4,0.00201511,success,1,0.00840336,0,0.00000000,1,0.00840336,0,0.00000000,0,0.00000000,119,success,2,1,0.01680672,0.00840336,0.33333333,0.02521008,0.00840336,4,success,2.87000000,2.87500000,0.77678596,1.62000000,4.93000000,56,77,21,0.72727273,46,9,warning_stem_collisions,2.83660463,2.75000000,0.78912049,1.04000000,5.00000000,16013,21330,5317,0.75072668,2004,4070,warning_stem_collisions,40105,10.59925629,1985,874,20.20403023,21.09246975,0.03321282,9,0.22441092,8209,0.16990934,2529043,271734,0.10744539,success,298,791,-0.45270891,799,0.02086216,337,0.00879919,99,0.00258492,378,0.00986971,333,0.00869474,,,0.00778088,0.02065328,-0.01287240,0.02843416,2530,38299,warning_stem_collisions,success,success,exact-then-unique-porter-1.0.0,baek-smart-porter-1.0.0
S2023-020,0000352541,LNT,Alliant Energy,0000352541-24-000014,2023,2024-02-16,1.0.3,0.3.0,1,1,0.01829358,54664,2707,1,0.00036941,success,1,0.04347826,0,0.00000000,1,0.04347826,0,0.00000000,0,0.00000000,23,success,0,5,0.00000000,0.21739130,-1.00000000,0.21739130,-0.21739130,6,success,2.44909091,2.33000000,0.58361654,1.68000000,3.62000000,11,16,5,0.68750000,11,5,warning_stem_collisions,2.91931107,2.85500000,0.81182970,1.26000000,5.00000000,21294,30693,9399,0.69377382,1929,5461,warning_stem_collisions,54091,10.89842309,2707,1092,19.98189878,21.38214972,0.02889575,1,0.01848736,18313,0.25292802,5648864,364174,0.06446854,success,181,586,-0.52803129,704,0.01374302,324,0.00632491,87,0.00169836,679,0.01325499,447,0.00872604,,,0.00353336,0.01143950,-0.00790614,0.01497287,2611,51226,warning_stem_collisions,success,success,exact-then-unique-porter-1.0.0,baek-smart-porter-1.0.0
S2023-021,0000899051,ALL,Allstate,0000899051-24-000013,2023,2024-02-21,1.0.3,0.3.0,1,3,0.03431670,87421,4616,1,0.00021664,success,1,0.01666667,0,0.00000000,1,0.01666667,0,0.00000000,0,0.00000000,60,success,0,1,0.00000000,0.01666667,-1.00000000,0.01666667,-0.01666667,2,success,2.72541667,2.70000000,0.71624588,1.62000000,4.25000000,24,28,4,0.85714286,22,4,warning_stem_collisions,2.82182819,2.74000000,0.76670155,1.19000000,5.00000000,36249,48559,12310,0.74649396,2479,8669,warning_stem_collisions,87298,11.37708283,4616,2234,18.91204506,21.53404411,0.03666751,3,0.03436505,27677,0.24072190,9393475,595727,0.06341924,success,443,2444,-0.69310703,1534,0.01848349,515,0.00620534,140,0.00168689,1658,0.01997759,578,0.00696444,,,0.00533780,0.02944827,-0.02411047,0.03478607,6169,82993,warning_stem_collisions,success,success,exact-then-unique-porter-1.0.0,baek-smart-porter-1.0.0
S2023-022,0001652044,GOOGL|GOOG,Alphabet Inc. (Class A)|Alphabet Inc. (Class C),0001652044-24-000022,2023,2024-01-31,1.0.3,0.3.0,1,122,2.76882575,44062,2326,87,0.03740327,success,28,0.01139138,32,0.01301871,22,0.00895037,10,0.00406835,7,0.00284784,2458,success,42,46,0.01708706,0.01871440,-0.04545455,0.03580146,-0.00162734,155,success,2.91136033,2.82000000,0.83240067,1.30000000,4.93000000,963,1402,439,0.68687589,458,279,warning_stem_collisions,2.90565897,2.82000000,0.82210810,1.23000000,5.00000000,17459,22932,5473,0.76133787,2141,4337,warning_stem_collisions,44019,10.69237664,2326,1150,18.92476354,19.28227359,0.02948727,122,2.77153048,8293,0.15852959,2410403,292533,0.12136269,success,298,1012,-0.54503817,811,0.01918936,457,0.01081324,113,0.00267373,600,0.01419682,277,0.00655420,,,0.00705108,0.02394529,-0.01689421,0.03099638,2932,42263,warning_stem_collisions,success,success,exact-then-unique-porter-1.0.0,baek-smart-porter-1.0.0
S2023-023,0000764180,MO,Altria,0000764180-24-000018,2023,2024-02-27,1.0.3,0.3.0,1,3,0.04652461,64482,2854,3,0.00105116,success,3,0.03157895,4,0.04210526,2,0.02105263,0,0.00000000,1,0.01052632,95,success,0,3,0.00000000,0.03157895,-1.00000000,0.03157895,-0.03157895,11,success,2.75680851,2.61000000,0.79917273,1.50000000,4.89000000,47,61,14,0.77049180,28,13,warning_stem_collisions,2.93012813,2.82000000,0.84016272,1.26000000,5.00000000,24740,34406,9666,0.71906063,2228,6194,warning_stem_collisions,64036,11.06720070,2854,1190,22.43728101,20.66885224,0.03468362,3,0.04684865,9522,0.12944887,3374523,428069,0.12685319,success,273,1749,-0.72997033,987,0.01621142,371,0.00609366,101,0.00165892,1360,0.02233793,522,0.00857382,,,0.00448401,0.02872723,-0.02424322,0.03321124,4447,60883,warning_stem_collisions,success,success,exact-then-unique-porter-1.0.0,baek-smart-porter-1.0.0
S2023-024,0001018724,AMZN,Amazon,0001018724-24-000008,2023,2024-02-02,1.0.3,0.3.0,1,15,0.42054503,35668,1759,12,0.00682206,success,3,0.00596421,12,0.02385686,2,0.00397614,2,0.00397614,2,0.00397614,503,success,9,12,0.01789264,0.02385686,-0.14285714,0.04174950,-0.00596421,34,success,2.94248963,2.93000000,0.74657755,1.30000000,4.71000000,241,322,81,0.74844720,122,71,warning_stem_collisions,2.92120937,2.86000000,0.81036228,1.19000000,5.00000000,14338,19117,4779,0.75001308,1761,3808,warning_stem_collisions,35482,10.47678080,1759,759,20.17168846,20.69479155,0.03452455,15,0.42274956,6541,0.15565286,1945178,241630,0.12421999,success,214,821,-0.58647343,588,0.01736101,259,0.00764711,52,0.00153533,427,0.01260740,283,0.00835572,,,0.00631846,0.02424046,-0.01792199,0.03055892,2221,33869,warning_stem_collisions,success,success,exact-then-unique-porter-1.0.0,baek-smart-porter-1.0.0
S2023-025,0001748790,AMCR,Amcor,0001748790-23-000030,2023,2023-08-17,1.0.3,0.3.0,0,0,0.00000000,42675,1961,0,0.00000000,success,,,,,,,,,,,0,warning_denominator_zero,,,,,,,,,warning_denominator_zero,,,,,,0,0,0,,0,0,warning_denominator_zero,2.87349540,2.76000000,0.81840437,1.04000000,5.00000000,17174,22652,5478,0.75816705,1943,4102,warning_stem_collisions,42453,10.65615286,1961,902,21.64864865,20.94968452,0.03891362,0,0.00000000,9370,0.18080775,3077234,282596,0.09183442,success,265,965,-0.56910569,779,0.01933674,326,0.00809214,79,0.00196098,398,0.00987936,369,0.00915951,,,0.00657797,0.02395373,-0.01737576,0.03053170,2670,40286,warning_denominator_zero,warning_denominator_zero,success,exact-then-unique-porter-1.0.0,baek-smart-porter-1.0.0
S2023-026,0001002910,AEE,Ameren,0001002910-24-000056,2023,2024-02-29,1.0.3,0.3.0,1,2,0.02184169,91568,4190,2,0.00047733,success,3,0.02040816,1,0.00680272,2,0.01360544,0,0.00000000,0,0.00000000,147,success,1,11,0.00680272,0.07482993,-0.83333333,0.08163265,-0.06802721,15,success,2.80467742,2.76500000,0.74272323,1.50000000,4.69000000,62,93,31,0.66666667,52,22,warning_stem_collisions,2.92184812,2.86000000,0.80309013,1.19000000,5.00000000,34922,50945,16023,0.68548435,2137,8549,warning_stem_collisions,90897,11.41748228,4190,1821,21.69379475,23.09136528,0.03912120,2,0.02200293,22780,0.20039234,7803061,613402,0.07861043,success,236,980,-0.61184211,1042,0.01216082,409,0.00477330,201,0.00234580,1253,0.01462333,786,0.00917313,,,0.00275427,0.01143724,-0.00868297,0.01419152,4348,85685,warning_stem_collisions,success,success,exact-then-unique-porter-1.0.0,baek-smart-porter-1.0.0
S2023-027,0000006201,AAL,American Airlines Group,0000006201-24-000010,2023,2024-02-21,1.0.3,0.3.0,0,0,0.00000000,87883,3918,0,0.00000000,success,,,,,,,,,,,0,warning_denominator_zero,,,,,,,,,warning_denominator_zero,,,,,,0,0,0,,0,0,warning_denominator_zero,2.90122421,2.82000000,0.82268943,1.19000000,5.00000000,34561,46126,11565,0.74927373,2466,8129,warning_stem_collisions,87529,11.37972545,3918,1620,22.34022460,22.67261163,0.03930126,0,0.00000000,33021,0.27391954,4971518,581523,0.11697091,success,375,1471,-0.59371614,1265,0.01524519,668,0.00805042,297,0.00357931,831,0.01001482,942,0.01135254,,,0.00451932,0.01772780,-0.01320848,0.02224713,4911,82977,warning_denominator_zero,warning_denominator_zero,success,exact-then-unique-porter-1.0.0,baek-smart-porter-1.0.0
S2023-028,0000004904,AEP,American Electric Power,0000004904-24-000020,2023,2024-02-26,1.0.3,0.3.0,0,0,0.00000000,115326,6697,0,0.00000000,success,,,,,,,,,,,0,warning_denominator_zero,,,,,,,,,warning_denominator_zero,,,,,,0,0,0,,0,0,warning_denominator_zero,2.87349107,2.80000000,0.79182397,1.26000000,5.00000000,46195,64548,18353,0.71566896,2550,10877,warning_stem_collisions,114867,11.65153022,6697,2930,17.15200836,20.39542040,0.03893198,0,0.00000000,48078,0.29505661,17631279,770788,0.04371708,success,359,1772,-0.66306898,1492,0.01375394,553,0.00509781,185,0.00170541,1880,0.01733070,864,0.00796475,,,0.00330943,0.01633511,-0.01302568,0.01964454,6212,108478,warning_denominator_zero,warning_denominator_zero,success,exact-then-unique-porter-1.0.0,baek-smart-porter-1.0.0
S2023-029,0000004962,AXP,American Express,0000004962-24-000013,2023,2024-02-09,1.0.3,0.3.0,1,33,0.43946678,75091,3103,16,0.00515630,success,18,0.02195122,17,0.02073171,8,0.00975610,5,0.00609756,6,0.00731707,820,success,7,21,0.00853659,0.02560976,-0.50000000,0.03414634,-0.01707317,73,success,2.77880407,2.70000000,0.75882080,1.30000000,4.93000000,393,501,108,0.78443114,201,86,warning_stem_collisions,2.83360606,2.72000000,0.81217545,1.26000000,5.00000000,31106,41110,10004,0.75665288,2450,7656,warning_stem_collisions,75055,11.22597646,3103,1421,24.18788269,22.32093298,0.02250350,33,0.43967757,14259,0.15965022,4989885,507824,0.10177068,success,372,1728,-0.64571429,1505,0.02077467,574,0.00792336,123,0.00169786,940,0.01297554,654,0.00902766,,,0.00513500,0.02385291,-0.01871791,0.02898791,5090,72444,warning_stem_collisions,success,success,exact-then-unique-porter-1.0.0,baek-smart-porter-1.0.0
S2023-030,0000005272,AIG,American International Group,0000005272-24-000023,2023,2024-02-14,1.0.3,0.3.0,1,29,0.22888172,126703,6236,20,0.00320718,success,18,0.02702703,19,0.02852853,9,0.01351351,3,0.00450450,6,0.00900901,666,success,6,15,0.00900901,0.02252252,-0.42857143,0.03153153,-0.01351351,65,success,2.70303371,2.59000000,0.74939437,1.31000000,4.89000000,267,376,109,0.71010638,139,75,warning_stem_collisions,2.78805419,2.70000000,0.76624531,1.19000000,5.00000000,52374,69740,17366,0.75098939,2700,12419,warning_stem_collisions,125831,11.74269502,6236,3031,20.17815908,22.03937438,0.02938862,29,0.23046785,47442,0.27379915,16430658,856833,0.05214843,success,808,3075,-0.58382694,2679,0.02219075,798,0.00661001,205,0.00169806,1536,0.01272303,807,0.00668456,,,0.00669284,0.02547090,-0.01877806,0.03216374,8686,120726,warning_stem_collisions,success,success,exact-then-unique-porter-1.0.0,baek-smart-porter-1.0.0
S2023-031,0001053507,AMT,American Tower,0001053507-24-000011,2023,2024-02-27,1.0.3,0.3.0,1,2,0.02942518,67969,2952,2,0.00067751,success,1,0.01219512,1,0.01219512,1,0.01219512,0,0.00000000,0,0.00000000,82,success,0,11,0.00000000,0.13414634,-1.00000000,0.13414634,-0.13414634,12,success,2.73314286,2.48000000,0.77935787,1.68000000,4.93000000,35,52,17,0.67307692,32,10,warning_stem_collisions,2.92318018,2.82000000,0.80984721,1.19000000,5.00000000,26574,35956,9382,0.73906997,2107,6373,warning_stem_collisions,67740,11.12343213,2952,1358,22.94715447,21.59846980,0.04129023,2,0.02952465,13974,0.17101109,4180884,452926,0.10833259,success,300,1004,-0.53987730,1032,0.01607502,513,0.00799078,175,0.00272590,473,0.00736772,683,0.01063879,,,0.00467297,0.01563887,-0.01096590,0.02031184,3410,64199,warning_stem_collisions,success,success,exact-then-unique-porter-1.0.0,baek-smart-porter-1.0.0
S2023-032,0001410636,AWK,American Water Works,0001410636-24-000050,2023,2024-02-14,1.0.3,0.3.0,0,0,0.00000000,83561,3446,0,0.00000000,success,,,,,,,,,,,0,warning_denominator_zero,,,,,,,,,warning_denominator_zero,,,,,,0,0,0,,0,0,warning_denominator_zero,2.95545982,2.86000000,0.85433683,1.19000000,5.00000000,32937,44820,11883,0.73487282,2612,8183,warning_stem_collisions,83499,11.33258993,3446,1264,24.23070226,22.49940264,0.03526988,0,0.00000000,13956,0.14320456,3844938,558720,0.14531314,success,464,1798,-0.58974359,1256,0.01586119,562,0.00709712,173,0.00218470,1611,0.02034425,711,0.00897875,,,0.00585955,0.02270575,-0.01684620,0.02856529,5736,79187,warning_denominator_zero,warning_denominator_zero,success,exact-then-unique-porter-1.0.0,baek-smart-porter-1.0.0
S2023-033,0000820027,AMP,Ameriprise Financial,0000820027-24-000015,2023,2024-02-22,1.0.3,0.3.0,1,11,0.12687282,86701,4463,8,0.00179252,success,3,0.00903614,15,0.04518072,1,0.00301205,1,0.00301205,0,0.00000000,332,success,2,4,0.00602410,0.01204819,-0.33333333,0.01807229,-0.00602410,24,success,2.63875000,2.51000000,0.64323766,1.50000000,4.72000000,128,170,42,0.75294118,79,37,warning_stem_collisions,2.86819051,2.74000000,0.78215827,1.19000000,5.00000000,35977,47773,11796,0.75308228,2313,8237,warning_stem_collisions,86432,11.36711326,4463,2159,19.36634551,21.41484582,0.02993104,11,0.12726768,22599,0.20727133,9368000,588536,0.06282408,success,371,1315,-0.55990510,1737,0.02098713,502,0.00606537,155,0.00187277,1054,0.01273485,570,0.00688697,,,0.00448257,0.01588836,-0.01140579,0.02037093,4962,82765,warning_stem_collisions,success,success,exact-then-unique-porter-1.0.0,baek-smart-porter-1.0.0
S2023-034,0001037868,AME,Ametek,0001037868-24-000009,2023,2024-02-22,1.0.3,0.3.0,0,0,0.00000000,31641,1809,0,0.00000000,success,,,,,,,,,,,0,warning_denominator_zero,,,,,,,,,warning_denominator_zero,,,,,,0,0,0,,0,0,warning_denominator_zero,2.90581462,2.86000000,0.80729768,1.04000000,5.00000000,12914,16992,4078,0.76000471,1717,2980,warning_stem_collisions,31451,10.35618606,1809,791,17.38584854,20.15647838,0.04467267,0,0.00000000,7056,0.18323941,2129564,215009,0.10096386,success,251,417,-0.24850299,479,0.01623234,191,0.00647260,66,0.00223661,270,0.00914975,284,0.00962418,,,0.00850588,0.01413128,-0.00562540,0.02263716,1647,29509,warning_denominator_zero,warning_denominator_zero,success,exact-then-unique-porter-1.0.0,baek-smart-porter-1.0.0
S2023-035,0000318154,AMGN,Amgen,0000318154-24-000011,2023,2024-02-14,1.0.3,0.3.0,1,4,0.05173038,77324,3641,4,0.00109860,success,2,0.01162791,0,0.00000000,1,0.00581395,0,0.00000000,1,0.00581395,172,success,0,3,0.00000000,0.01744186,-1.00000000,0.01744186,-0.01744186,6,success,2.95578947,2.84000000,0.87571364,1.59000000,4.93000000,76,97,21,0.78350515,60,18,warning_stem_collisions,2.88427910,2.80000000,0.80206829,1.19000000,5.00000000,28721,40392,11671,0.71105664,2643,7568,warning_stem_collisions,77626,11.25965770,3641,1411,21.31996704,20.71048599,0.03676603,4,0.05152913,14650,0.15876284,3754954,517227,0.13774523,success,491,1686,-0.54892053,1200,0.01624322,598,0.00809454,136,0.00184090,1153,0.01560702,541,0.00732298,,,0.00664618,0.02282172,-0.01617554,0.02946790,4890,73877,warning_stem_collisions,success,success,exact-then-unique-porter-1.0.0,baek-smart-porter-1.0.0
S2023-036,0000820313,APH,Amphenol,0001558370-24-000866,2023,2024-02-07,1.0.3,0.3.0,1,5,0.07724871,64726,2576,3,0.00116460,success,1,0.01250000,0,0.00000000,0,0.00000000,0,0.00000000,0,0.00000000,80,success,2,1,0.02500000,0.01250000,0.33333333,0.03750000,0.01250000,4,success,3.07073171,2.89000000,0.87297191,1.50000000,4.83000000,41,53,12,0.77358491,33,9,warning_stem_collisions,2.93614867,2.86000000,0.81763236,1.19000000,5.00000000,24968,33301,8333,0.74976727,1875,6228,warning_stem_collisions,64600,11.07596969,2576,759,25.07763975,22.70732600,0.04371517,5,0.07739938,12250,0.15940143,5022316,429731,0.08556431,success,223,867,-0.59082569,1003,0.01649291,365,0.00600191,119,0.00195679,596,0.00980037,454,0.00746539,,,0.00366692,0.01425659,-0.01058967,0.01792350,3116,60814,warning_stem_collisions,success,success,exact-then-unique-porter-1.0.0,baek-smart-porter-1.0.0
S2023-037,0000006281,ADI,Analog Devices,0000006281-23-000203,2023,2023-11-21,1.0.3,0.3.0,1,2,0.04365287,45816,2125,2,0.00094118,success,5,0.05617978,1,0.01123596,5,0.05617978,0,0.00000000,1,0.01123596,89,success,4,5,0.04494382,0.05617978,-0.11111111,0.10112360,-0.01123596,14,success,2.67651163,2.44000000,0.80886335,1.67000000,5.00000000,43,51,8,0.84313725,35,7,warning_stem_collisions,2.86409026,2.76000000,0.80345509,1.04000000,5.00000000,18126,23925,5799,0.75761755,2047,4643,warning_stem_collisions,45647,10.72869317,2125,875,21.48094118,21.39570329,0.03301422,2,0.04381449,11499,0.20122143,2593634,305334,0.11772440,success,257,849,-0.53526221,850,0.01950481,441,0.01011955,102,0.00234058,451,0.01034902,418,0.00959178,,,0.00589734,0.01948186,-0.01358452,0.02537920,2742,43579,warning_stem_collisions,success,success,exact-then-unique-porter-1.0.0,baek-smart-porter-1.0.0
S2023-038,0000315293,AON,Aon plc,0001628280-24-005392,2023,2024-02-16,1.0.3,0.3.0,1,3,0.05694761,52680,2529,3,0.00118624,success,4,0.02424242,0,0.00000000,3,0.01818182,0,0.00000000,0,0.00000000,165,success,7,9,0.04242424,0.05454545,-0.12500000,0.09696970,-0.01212121,20,success,2.67420290,2.63000000,0.69342545,1.54000000,4.54000000,69,78,9,0.88461538,54,7,warning_stem_collisions,2.82600360,2.74000000,0.77442628,1.19000000,4.97000000,20541,27438,6897,0.74863328,2061,5052,warning_stem_collisions,52632,10.87107958,2529,1049,20.81138790,21.37362483,0.02929777,3,0.05699954,14645,0.21768212,3389513,352307,0.10394030,success,365,1057,-0.48663854,1116,0.02210908,511,0.01012342,125,0.00247638,706,0.01398657,402,0.00796402,,,0.00723102,0.02094023,-0.01370921,0.02817125,3555,50477,warning_stem_collisions,success,success,exact-then-unique-porter-1.0.0,baek-smart-porter-1.0.0
S2023-039,0000320193,AAPL,Apple Inc.,0000320193-23-000106,2023,2023-11-03,1.0.3,0.3.0,1,2,0.08196721,24400,1287,1,0.00077700,success,0,0.00000000,4,0.04000000,0,0.00000000,0,0.00000000,1,0.01000000,100,success,0,3,0.00000000,0.03000000,-1.00000000,0.03000000,-0.03000000,7,success,3.09507692,3.00000000,0.77879418,1.50000000,4.83000000,65,81,16,0.80246914,59,11,warning_stem_collisions,2.95480218,2.86000000,0.87464221,1.26000000,5.00000000,9554,12985,3431,0.73577204,1456,2501,warning_stem_collisions,24345,10.10008177,1287,643,18.91608392,20.47412401,0.04025467,2,0.08215239,5939,0.19611016,1558924,165138,0.10593076,success,89,571,-0.73030303,421,0.01848924,207,0.00909091,49,0.00215195,252,0.01106719,221,0.00970575,,,0.00390865,0.02507686,-0.02116820,0.02898551,1512,22770,warning_stem_collisions,success,success,exact-then-unique-porter-1.0.0,baek-smart-porter-1.0.0
S2023-040,0000006951,AMAT,Applied Materials,0000006951-23-000041,2023,2023-12-15,1.0.3,0.3.0,1,10,0.25820445,38729,1868,8,0.00428266,success,3,0.01234568,1,0.00411523,3,0.01234568,0,0.00000000,0,0.00000000,243,success,3,6,0.01234568,0.02469136,-0.33333333,0.03703704,-0.01234568,13,success,2.82449541,2.62000000,0.89849975,1.44000000,4.83000000,109,144,35,0.75694444,72,22,warning_stem_collisions,2.86663155,2.76000000,0.81745146,1.29000000,5.00000000,15850,20885,5035,0.75891788,1803,4220,warning_stem_collisions,38585,10.56061888,1868,894,20.65578158,21.28113534,0.02887132,10,0.25916807,8043,0.17249292,2806872,264282,0.09415534,success,228,703,-0.51020408,662,0.01783453,327,0.00880950,78,0.00210135,348,0.00937525,378,0.01018346,,,0.00614241,0.01893909,-0.01279668,0.02508149,2257,37119,warning_stem_collisions,success,success,exact-then-unique-porter-1.0.0,baek-smart-porter-1.0.0
S2023-041,0001521332,APTV,Aptiv,0001521332-24-000011,2023,2024-02-06,1.0.3,0.3.0,1,6,0.08945877,67070,3001,5,0.00166611,success,3,0.01265823,0,0.00000000,0,0.00000000,0,0.00000000,0,0.00000000,237,success,0,0,0.00000000,0.00000000,,0.00000000,0.00000000,3,success,3.28596154,3.38000000,0.91299857,1.62000000,5.00000000,104,163,59,0.63803681,64,18,warning_stem_collisions,2.87982890,2.77000000,0.81087437,1.26000000,5.00000000,26417,35467,9050,0.74483323,2272,6343,warning_stem_collisions,66849,11.11019162,3001,1130,22.27557481,21.54223895,0.03869916,6,0.08975452,11933,0.15146861,3979756,449538,0.11295617,success,476,1151,-0.41487400,1186,0.01874210,404,0.00638432,149,0.00235461,487,0.00769595,438,0.00692162,,,0.00752212,0.01818900,-0.01066688,0.02571113,3675,63280,warning_stem_collisions,success,success,exact-then-unique-porter-1.0.0,baek-smart-porter-1.0.0
S2023-042,0000947484,ACGL,Arch Capital Group,0000947484-24-000020,2023,2024-02-23,1.0.3,0.3.0,1,50,0.47649907,104932,4804,37,0.00770192,success,32,0.02751505,37,0.03181427,16,0.01375752,7,0.00601892,2,0.00171969,1163,success,3,43,0.00257954,0.03697334,-0.86956522,0.03955288,-0.03439381,119,success,2.67496437,2.59000000,0.71721539,1.50000000,5.00000000,421,651,230,0.64669739,201,122,warning_stem_collisions,2.84636989,2.76000000,0.79322574,1.19000000,5.00000000,42175,56139,13964,0.75126026,2669,9467,warning_stem_collisions,105272,11.56430276,4804,1816,21.91340550,21.49041399,0.02552436,50,0.47496010,20051,0.15999457,7658848,703199,0.09181524,success,551,2527,-0.64197531,1938,0.01914736,704,0.00695549,295,0.00291459,1390,0.01373314,893,0.00882280,,,0.00544386,0.02496666,-0.01952280,0.03041051,7259,101215,warning_stem_collisions,success,success,exact-then-unique-porter-1.0.0,baek-smart-porter-1.0.0
S2023-043,0000007084,ADM,Archer Daniels Midland,0000007084-24-000009,2023,2024-03-12,1.0.3,0.3.0,1,3,0.05753519,52142,2703,3,0.00110988,success,5,0.04385965,3,0.02631579,1,0.00877193,0,0.00000000,0,0.00000000,114,success,4,8,0.03508772,0.07017544,-0.33333333,0.10526316,-0.03508772,20,success,2.44875000,2.19000000,0.76823328,1.30000000,4.11000000,56,72,16,0.77777778,45,9,warning_stem_collisions,2.97570918,2.89000000,0.83625284,1.04000000,5.00000000,21264,28882,7618,0.73623710,2203,5194,warning_stem_collisions,51966,10.85834494,2703,1090,19.22530522,20.98540091,0.04814687,3,0.05773005,11463,0.18072175,3709456,354995,0.09570002,success,376,884,-0.40317460,694,0.01435783,216,0.00446872,60,0.00124131,460,0.00951672,338,0.00699272,,,0.00777888,0.01828865,-0.01050976,0.02606753,2622,48336,warning_stem_collisions,success,success,exact-then-unique-porter-1.0.0,baek-smart-porter-1.0.0
S2023-044,0001596532,ANET,Arista Networks,0001596532-24-000043,2023,2024-02-13,1.0.3,0.3.0,1,89,1.42536835,62440,2573,62,0.02409639,success,39,0.01692708,22,0.00954861,23,0.00998264,8,0.00347222,18,0.00781250,2304,success,28,33,0.01215278,0.01432292,-0.08196721,0.02647569,-0.00217014,139,success,2.86808438,2.69000000,0.82775691,1.30000000,5.00000000,877,1332,455,0.65840841,390,276,warning_stem_collisions,2.85638129,2.76000000,0.80853876,1.19000000,5.00000000,24412,33009,8597,0.73955588,2479,6700,warning_stem_collisions,62491,11.04277783,2573,1124,24.28721337,21.20095869,0.01809861,89,1.42420509,4937,0.07321884,2138845,420703,0.19669635,success,438,1812,-0.61066667,1472,0.02427240,902,0.01487344,170,0.00280320,677,0.01116333,574,0.00946492,,,0.00722236,0.02987880,-0.02265644,0.03710116,4872,60645,warning_stem_collisions,success,success,exact-then-unique-porter-1.0.0,baek-smart-porter-1.0.0
S2023-045,0000354190,AJG,Arthur J. Gallagher & Co.,0000950170-24-013370,2023,2024-02-09,1.0.3,0.3.0,1,29,0.28599606,101400,4103,25,0.00609310,success,23,0.03417533,24,0.03566122,7,0.01040119,2,0.00297177,6,0.00891530,673,success,4,15,0.00594354,0.02228826,-0.57894737,0.02823180,-0.01634473,71,success,2.69995690,2.54000000,0.75876914,1.30000000,4.57000000,232,351,119,0.66096866,141,78,warning_stem_collisions,2.85127266,2.74000000,0.78205764,1.19000000,5.00000000,39657,51502,11845,0.77000893,2206,8892,warning_stem_collisions,100986,11.52273717,4103,1179,24.61272240,21.41654359,0.03941140,29,0.28716852,11635,0.10331111,7560187,665717,0.08805563,success,330,1644,-0.66565350,1969,0.02052089,684,0.00712864,233,0.00242832,1163,0.01212077,822,0.00856687,,,0.00343926,0.01713375,-0.01369449,0.02057300,5798,95951,warning_stem_collisions,success,success,exact-then-unique-porter-1.0.0,baek-smart-porter-1.0.0
S2023-046,0001267238,AIZ,Assurant,0001267238-24-000008,2023,2024-02-15,1.0.3,0.3.0,1,15,0.19637106,76386,3489,11,0.00315277,success,4,0.01038961,15,0.03896104,3,0.00779221,0,0.00000000,0,0.00000000,385,success,5,8,0.01298701,0.02077922,-0.23076923,0.03376623,-0.00779221,30,success,2.69654762,2.69500000,0.67558615,1.30000000,4.69000000,168,219,51,0.76712329,121,39,warning_stem_collisions,2.82046702,2.74000000,0.79340043,1.26000000,5.00000000,31155,40801,9646,0.76358423,2376,7623,warning_stem_collisions,75983,11.23826491,3489,1517,21.77787332,21.83002188,0.03115170,15,0.19741258,15760,0.17178422,5254389,515063,0.09802529,success,564,1910,-0.54405821,1621,0.02230693,655,0.00901360,158,0.00217427,1119,0.01539880,572,0.00787142,,,0.00776133,0.02628392,-0.01852260,0.03404525,5496,72668,warning_stem_collisions,success,success,exact-then-unique-porter-1.0.0,baek-smart-porter-1.0.0
S2023-047,0000731802,ATO,Atmos Energy,0000731802-23-000028,2023,2023-11-14,1.0.3,0.3.0,0,0,0.00000000,33446,1837,0,0.00000000,success,,,,,,,,,,,0,warning_denominator_zero,,,,,,,,,warning_denominator_zero,,,,,,0,0,0,,0,0,warning_denominator_zero,2.88148094,2.79000000,0.80027094,1.26000000,5.00000000,13721,17928,4207,0.76533913,1618,3106,warning_stem_collisions,33298,10.41325261,1837,807,18.12629287,20.86742894,0.03868100,0,0.00000000,13019,0.28108470,3359355,222741,0.06630469,success,131,339,-0.44255319,458,0.01448588,182,0.00575640,57,0.00180283,387,0.01224025,265,0.00838157,,,0.00414334,0.01072208,-0.00657874,0.01486542,1578,31617,warning_denominator_zero,warning_denominator_zero,success,exact-then-unique-porter-1.0.0,baek-smart-porter-1.0.0
S2023-048,0000866787,AZO,AutoZone,0001558370-23-016668,2023,2023-10-24,1.0.3,0.3.0,0,0,0.00000000,40848,2011,0,0.00000000,success,,,,,,,,,,,0,warning_denominator_zero,,,,,,,,,warning_denominator_zero,,,,,,0,0,0,,0,0,warning_denominator_zero,2.95219090,2.86000000,0.83313813,1.19000000,5.00000000,16354,21593,5239,0.75737508,1768,3850,warning_stem_collisions,40629,10.61223738,2011,633,20.20338140,19.94392477,0.04597701,0,0.00000000,8968,0.18081739,3003284,269443,0.08971612,success,191,644,-0.54251497,563,0.01475212,221,0.00579080,90,0.00235824,308,0.00807043,269,0.00704853,,,0.00500472,0.01687454,-0.01186982,0.02187926,1949,38164,warning_denominator_zero,warning_denominator_zero,success,exact-then-unique-porter-1.0.0,baek-smart-porter-1.0.0
S2023-049,0000769397,ADSK,Autodesk,0000769397-23-000036,2023,2023-03-14,1.0.3,0.3.0,1,16,0.29352951,54509,2555,11,0.00430528,success,9,0.03249097,4,0.01444043,8,0.02888087,0,0.00000000,0,0.00000000,277,success,7,9,0.02527076,0.03249097,-0.12500000,0.05776173,-0.00722022,29,success,2.67205607,2.59000000,0.74790141,1.30000000,4.71000000,107,155,48,0.69032258,70,37,warning_stem_collisions,2.86070705,2.76000000,0.79670149,1.19000000,5.00000000,21724,29193,7469,0.74415100,2172,5451,warning_stem_collisions,54299,10.90226109,2555,1105,21.25205479,21.03402613,0.03130813,16,0.29466473,8332,0.13303316,3602762,371104,0.10300542,success,377,1086,-0.48462064,972,0.01875687,453,0.00874163,125,0.00241215,496,0.00957141,477,0.00920476,,,0.00727504,0.02095675,-0.01368171,0.02823180,3315,51821,warning_stem_collisions,success,success,exact-then-unique-porter-1.0.0,baek-smart-porter-1.0.0
S2023-050,0000008670,ADP,Automatic Data Processing,0000008670-23-000030,2023,2023-08-03,1.0.3,0.3.0,1,44,1.17606180,37413,1742,34,0.01951780,success,21,0.01761745,19,0.01593960,14,0.01174497,3,0.00251678,16,0.01342282,1192,success,20,21,0.01677852,0.01761745,-0.02439024,0.03439597,-0.00083893,97,success,2.72949045,2.61000000,0.76626715,1.23000000,4.89000000,471,663,192,0.71040724,268,113,warning_stem_collisions,2.90963094,2.82000000,0.81135743,1.23000000,4.96000000,14984,20225,5241,0.74086527,1977,3606,warning_stem_collisions,37352,10.52814174,1742,744,21.44202067,20.95810738,0.03006532,44,1.17798244,8244,0.18080533,2536250,250214,0.09865510,success,268,597,-0.38034682,541,0.01522443,257,0.00723231,58,0.00163219,344,0.00968060,354,0.00996201,,,0.00754186,0.01680034,-0.00925848,0.02434220,2034,35535,warning_stem_collisions,success,success,exact-then-unique-porter-1.0.0,baek-smart-porter-1.0.0
S2023-051,0000915912,AVB,AvalonBay Communities,0000915912-24-000004,2023,2024-02-23,1.0.3,0.3.0,1,1,0.02063217,48468,2227,1,0.00044903,success,0,0.00000000,0,0.00000000,0,0.00000000,0,0.00000000,0,0.00000000,43,success,1,0,0.02325581,0.00000000,1.00000000,0.02325581,0.02325581,1,success,2.81647059,2.68000000,0.70392130,1.82000000,4.48000000,17,27,10,0.62962963,16,8,warning_stem_collisions,2.88275024,2.74000000,0.81518358,1.19000000,5.00000000,18482,24548,6066,0.75289229,1874,4558,warning_stem_collisions,48192,10.78294831,2227,1020,21.63987427,21.54637230,0.03612633,1,0.02075033,14699,0.23372184,5950726,321108,0.05396115,success,304,749,-0.42260209,853,0.01857214,458,0.00997191,133,0.00289577,367,0.00799059,380,0.00827364,,,0.00661891,0.01630778,-0.00968887,0.02292669,2662,45929,warning_stem_collisions,success,success,exact-then-unique-porter-1.0.0,baek-smart-porter-1.0.0
S2023-052,0000008818,AVY,Avery Dennison,0000008818-24-000003,2023,2024-02-21,1.0.3,0.3.0,1,2,0.04892248,40881,2017,2,0.00099157,success,2,0.03278689,1,0.01639344,0,0.00000000,0,0.00000000,0,0.00000000,61,success,0,7,0.00000000,0.11475410,-1.00000000,0.11475410,-0.11475410,9,success,2.96137931,2.94000000,0.67053619,1.63000000,4.34000000,29,36,7,0.80555556,26,6,warning_stem_collisions,2.88194151,2.76000000,0.81250763,1.26000000,5.00000000,16276,21796,5520,0.74674252,1936,4127,warning_stem_collisions,40800,10.61643736,2017,941,20.22806148,20.35109075,0.03379902,2,0.04901961,8676,0.17535775,2546118,275783,0.10831509,success,250,697,-0.47201690,811,0.02090637,304,0.00783667,48,0.00123737,375,0.00966694,273,0.00703753,,,0.00644463,0.01796762,-0.01152299,0.02441225,2313,38792,warning_stem_collisions,success,success,exact-then-unique-porter-1.0.0,baek-smart-porter-1.0.0
S2023-053,0001069183,AXON,Axon Enterprise,0001069183-24-000006,2023,2024-02-27,1.0.3,0.3.0,1,23,0.37666017,61063,2774,17,0.00612833,success,21,0.04772727,6,0.01363636,16,0.03636364,1,0.00227273,3,0.00681818,440,success,1,19,0.00227273,0.04318182,-0.90000000,0.04545455,-0.04090909,51,success,2.60115385,2.50000000,0.71652380,1.50000000,4.64000000,156,230,74,0.67826087,113,46,warning_stem_collisions,2.88039129,2.81000000,0.81121339,1.19000000,5.00000000,24100,31951,7851,0.75427999,2247,5731,warning_stem_collisions,61057,11.01956313,2774,901,22.01045422,20.73702091,0.03285455,23,0.37669718,11201,0.15501398,4209584,404290,0.09604037,success,349,1301,-0.57696970,1125,0.01928384,645,0.01105607,161,0.00275973,872,0.01494712,511,0.00875915,,,0.00598228,0.02230069,-0.01631841,0.02828297,4101,58339,warning_stem_collisions,success,success,exact-then-unique-porter-1.0.0,baek-smart-porter-1.0.0
S2023-054,0001037540,BXP,"BXP, Inc.",0001656423-24-000007,2023,2024-02-27,1.0.3,0.3.0,0,0,0.00000000,95528,4288,0,0.00000000,success,,,,,,,,,,,0,warning_denominator_zero,,,,,,,,,warning_denominator_zero,,,,,,0,0,0,,0,0,warning_denominator_zero,2.91575905,2.79000000,0.82429547,1.19000000,5.00000000,36539,49202,12663,0.74263241,2400,8074,warning_stem_collisions,94898,11.46055791,4288,2008,22.13106343,21.05366362,0.05218234,0,0.00000000,23597,0.19913920,7712682,627016,0.08129675,success,823,1172,-0.17493734,1847,0.02087359,655,0.00740238,247,0.00279143,482,0.00544725,657,0.00742499,,,0.00930101,0.01324518,-0.00394417,0.02254619,5005,88485,warning_denominator_zero,warning_denominator_zero,success,exact-then-unique-porter-1.0.0,baek-smart-porter-1.0.0
S2023-055,0001701605,BKR,Baker Hughes,0001701605-24-000033,2023,2024-02-05,1.0.3,0.3.0,1,11,0.22311016,49303,2426,6,0.00247321,success,1,0.00460829,7,0.03225806,0,0.00000000,0,0.00000000,0,0.00000000,217,success,3,7,0.01382488,0.03225806,-0.40000000,0.04608295,-0.01843318,16,success,2.98901408,2.93000000,0.71354334,1.80000000,4.65000000,71,122,51,0.58196721,51,28,warning_stem_collisions,2.90960337,2.82000000,0.83560440,1.26000000,5.00000000,19363,26005,6642,0.74458758,2371,4816,warning_stem_collisions,49246,10.80458343,2426,1089,20.29925804,19.99488095,0.03693701,11,0.22336840,7221,0.12788000,2053282,326554,0.15904001,success,336,1106,-0.53398058,818,0.01743467,386,0.00822712,107,0.00228057,693,0.01477045,409,0.00871734,,,0.00716143,0.02357304,-0.01641161,0.03073447,3233,46918,warning_stem_collisions,success,success,exact-then-unique-porter-1.0.0,baek-smart-porter-1.0.0
S2023-056,0000009389,BALL,Ball Corporation,0001558370-24-001349,2023,2024-02-20,1.0.3,0.3.0,0,0,0.00000000,52817,2557,0,0.00000000,success,,,,,,,,,,,0,warning_denominator_zero,,,,,,,,,warning_denominator_zero,,,,,,0,0,0,,0,0,warning_denominator_zero,2.97069597,2.86000000,0.86282361,1.22000000,5.00000000,20978,27858,6880,0.75303324,1886,5026,warning_stem_collisions,52716,10.87267429,2557,875,20.61634728,21.03764355,0.03628879,0,0.00000000,11111,0.17407993,4488745,353498,0.07875208,success,257,658,-0.43825137,844,0.01690265,271,0.00542727,136,0.00272365,668,0.01337793,415,0.00831114,,,0.00514690,0.01317766,-0.00803076,0.01832455,2843,49933,warning_denominator_zero,warning_denominator_zero,success,exact-then-unique-porter-1.0.0,baek-smart-porter-1.0.0
S2023-057,0000070858,BAC,Bank of America,0000070858-24-000122,2023,2024-02-20,1.0.3,0.3.0,1,16,0.14854427,107712,4895,8,0.00163432,success,16,0.01902497,16,0.01902497,4,0.00475624,0,0.00000000,9,0.01070155,841,success,2,52,0.00237812,0.06183115,-0.92592593,0.06420927,-0.05945303,90,success,2.68484058,2.54000000,0.70526306,1.50000000,4.93000000,345,495,150,0.69696970,194,117,warning_stem_collisions,2.84592987,2.72000000,0.80054290,1.26000000,5.00000000,44377,59247,14870,0.74901683,2586,10760,warning_stem_collisions,107557,11.58577622,4895,2055,21.97282942,22.04524241,0.03560903,16,0.14875833,32453,0.23179059,12861659,730454,0.05679314,success,331,2513,-0.76722925,2289,0.02242205,645,0.00631814,124,0.00121465,1120,0.01097103,845,0.00827725,,,0.00324233,0.02461626,-0.02137393,0.02785859,6880,102087,warning_stem_collisions,success,success,exact-then-unique-porter-1.0.0,baek-smart-porter-1.0.0
S2023-058,0001390777,BK,Bank of New York Mellon,0001390777-24-000051,2023,2024-02-28,1.0.3,0.3.0,0,0,0.00000000,6368,535,0,0.00000000,success,,,,,,,,,,,0,warning_denominator_zero,,,,,,,,,warning_denominator_zero,,,,,,0,0,0,,0,0,warning_denominator_zero,2.92185497,2.76000000,0.85795610,1.19000000,4.96000000,2496,3410,914,0.73196481,750,544,warning_stem_collisions,6394,8.76311533,535,205,11.95140187,17.86097478,0.03440726,0,0.00000000,3250,0.33699710,1257473,43221,0.03437131,success,29,111,-0.58571429,111,0.01820269,57,0.00934733,5,0.00081994,74,0.01213513,40,0.00655953,,,0.00475566,0.01820269,-0.01344703,0.02295835,361,6098,warning_denominator_zero,warning_denominator_zero,success,exact-then-unique-porter-1.0.0,baek-smart-porter-1.0.0
S2023-059,0000701985,BBWI,"Bath & Body Works, Inc.",0000701985-23-000008,2023,2023-03-17,1.0.3,0.3.0,0,0,0.00000000,40138,2046,0,0.00000000,success,,,,,,,,,,,0,warning_denominator_zero,,,,,,,,,warning_denominator_zero,,,,,,0,0,0,,0,0,warning_denominator_zero,2.93016416,2.86000000,0.84032382,1.30000000,5.00000000,16143,21153,5010,0.76315416,2001,3869,warning_stem_collisions,39956,10.59553413,2046,913,19.52883675,20.24449128,0.03303634,0,0.00000000,8617,0.17740308,2136615,266425,0.12469490,success,256,803,-0.51652502,685,0.01802063,353,0.00928654,66,0.00173629,398,0.01047038,284,0.00747132,,,0.00673472,0.02112491,-0.01439019,0.02785962,2374,38012,warning_denominator_zero,warning_denominator_zero,success,exact-then-unique-porter-1.0.0,baek-smart-porter-1.0.0
S2023-060,0000010456,BAX,Baxter International,0001628280-24-003932,2023,2024-02-08,1.0.3,0.3.0,1,3,0.04361860,68778,2958,2,0.00067613,success,2,0.02409639,0,0.00000000,1,0.01204819,1,0.01204819,0,0.00000000,83,success,0,0,0.00000000,0.00000000,,0.00000000,0.00000000,3,success,2.71564103,2.62000000,0.70583936,1.57000000,4.17000000,39,47,8,0.82978723,28,5,warning_stem_collisions,2.87160923,2.76000000,0.80753289,1.26000000,5.00000000,26839,36461,9622,0.73610159,2301,7111,warning_stem_collisions,68762,11.13840655,2958,1148,23.24611224,21.42151970,0.03513569,3,0.04362875,13326,0.16233798,3648488,459569,0.12596149,success,434,1612,-0.57575758,1218,0.01856594,533,0.00812450,108,0.00164624,743,0.01132553,586,0.00893238,,,0.00661545,0.02457167,-0.01795622,0.03118712,4306,65604,warning_stem_collisions,success,success,exact-then-unique-porter-1.0.0,baek-smart-porter-1.0.0
S2023-061,0000010795,BDX,Becton Dickinson,0000010795-23-000098,2023,2023-11-21,1.0.3,0.3.0,1,1,0.02193031,45599,2341,1,0.00042717,success,0,0.00000000,0,0.00000000,0,0.00000000,0,0.00000000,0,0.00000000,27,success,2,1,0.07407407,0.03703704,0.33333333,0.11111111,0.03703704,3,success,2.64117647,2.61000000,0.58271053,1.75000000,3.97000000,17,20,3,0.85000000,16,3,warning_stem_collisions,2.88084529,2.79000000,0.79613928,1.19000000,5.00000000,17840,24597,6757,0.72529170,2090,4741,warning_stem_collisions,45554,10.72665371,2341,1038,19.45920547,20.70484156,0.02934978,1,0.02195197,9991,0.17987218,2947459,311114,0.10555329,success,312,935,-0.49959904,746,0.01717509,355,0.00817313,74,0.00170370,635,0.01461955,343,0.00789686,,,0.00718315,0.02152642,-0.01434327,0.02870957,2803,43435,warning_stem_collisions,success,success,exact-then-unique-porter-1.0.0,baek-smart-porter-1.0.0
S2023-062,0001067983,BRK-B,Berkshire Hathaway,0000950170-24-019719,2023,2024-02-26,1.0.3,0.3.0,0,0,0.00000000,86022,4225,0,0.00000000,success,,,,,,,,,,,0,warning_denominator_zero,,,,,,,,,warning_denominator_zero,,,,,,0,0,0,,0,0,warning_denominator_zero,2.93780110,2.86000000,0.83031441,1.26000000,5.00000000,35254,48370,13116,0.72884019,2587,8760,warning_stem_collisions,85863,11.36050828,4225,1406,20.32260355,20.83889612,0.04570071,0,0.00000000,11355,0.11679936,8815841,590914,0.06702866,success,345,2006,-0.70650787,1131,0.01402252,331,0.00410385,110,0.00136382,1404,0.01740726,471,0.00583962,,,0.00427743,0.02487106,-0.02059363,0.02914848,5072,80656,warning_denominator_zero,warning_denominator_zero,success,exact-then-unique-porter-1.0.0,baek-smart-porter-1.0.0
S2023-063,0000764478,BBY,Best Buy,0000764478-23-000006,2023,2023-03-17,1.0.3,0.3.0,1,1,0.02730301,36626,1887,1,0.00052994,success,0,0.00000000,0,0.00000000,0,0.00000000,0,0.00000000,0,0.00000000,21,success,1,0,0.04761905,0.00000000,1.00000000,0.04761905,0.04761905,1,success,3.03571429,3.03500000,0.82163351,1.86000000,4.48000000,14,14,0,1.00000000,14,0,success,2.88659765,2.81000000,0.81551299,1.19000000,5.00000000,14778,19247,4469,0.76780797,1958,3479,warning_stem_collisions,36383,10.50185691,1887,912,19.28086910,19.40137343,0.02979413,1,0.02748536,6249,0.14658003,7271460,243400,0.03347333,success,335,645,-0.31632653,601,0.01725871,287,0.00824168,160,0.00459466,268,0.00769606,260,0.00746633,,,0.00962008,0.01852224,-0.00890216,0.02814232,2043,34823,success,success,success,exact-then-unique-porter-1.0.0,baek-smart-porter-1.0.0
S2023-064,0000012208,BIO,Bio-Rad Laboratories,0000012208-24-000013,2023,2024-02-16,1.0.3,0.3.0,0,0,0.00000000,34551,1694,0,0.00000000,success,,,,,,,,,,,0,warning_denominator_zero,,,,,,,,,warning_denominator_zero,,,,,,0,0,0,,0,0,warning_denominator_zero,2.83997206,2.74000000,0.77962996,1.28000000,5.00000000,13601,18002,4401,0.75552716,1819,3406,warning_stem_collisions,34546,10.45004705,1694,666,20.39315230,20.43231430,0.03221791,0,0.00000000,7885,0.18583111,2313873,229875,0.09934642,success,156,746,-0.65410200,607,0.01835778,279,0.00843793,78,0.00235899,397,0.01200665,335,0.01013156,,,0.00471798,0.02256162,-0.01784364,0.02727960,2198,33065,warning_denominator_zero,warning_denominator_zero,success,exact-then-unique-porter-1.0.0,baek-smart-porter-1.0.0
S2023-065,0000842023,TECH,Bio-Techne,0001558370-23-015226,2023,2023-08-23,1.0.3,0.3.0,0,0,0.00000000,51034,2273,0,0.00000000,success,,,,,,,,,,,0,warning_denominator_zero,,,,,,,,,warning_denominator_zero,,,,,,0,0,0,,0,0,warning_denominator_zero,2.87379591,2.79000000,0.79775616,1.19000000,5.00000000,20364,26714,6350,0.76229692,2033,4817,warning_stem_collisions,50819,10.83602558,2273,769,22.35767708,21.13763382,0.03831244,0,0.00000000,7170,0.12364414,3260852,340795,0.10451103,success,271,997,-0.57255521,794,0.01648089,274,0.00568736,89,0.00184735,508,0.01054445,467,0.00969342,,,0.00562509,0.02069452,-0.01506943,0.02631961,2892,48177,warning_denominator_zero,warning_denominator_zero,success,exact-then-unique-porter-1.0.0,baek-smart-porter-1.0.0
S2023-066,0000875045,BIIB,Biogen,0000875045-24-000009,2023,2024-02-14,1.0.3,0.3.0,1,5,0.05543913,90189,4649,4,0.00086040,success,3,0.03061224,0,0.00000000,2,0.02040816,0,0.00000000,0,0.00000000,98,success,0,2,0.00000000,0.02040816,-1.00000000,0.02040816,-0.02040816,5,success,2.73478261,2.49000000,0.80142465,1.63000000,4.48000000,46,56,10,0.82142857,41,5,warning_stem_collisions,2.86156732,2.77000000,0.76546817,1.19000000,5.00000000,34173,46604,12431,0.73326324,2539,7585,warning_stem_collisions,90014,11.40772049,4649,2412,19.36201334,19.77328575,0.03584998,5,0.05554691,14113,0.13553641,4278977,601322,0.14052938,success,834,1377,-0.24559023,1566,0.01826005,624,0.00727603,229,0.00267021,889,0.01036602,591,0.00689124,,,0.00972470,0.01605625,-0.00633155,0.02578095,5195,85761,warning_stem_collisions,success,success,exact-then-unique-porter-1.0.0,baek-smart-porter-1.0.0
S2023-067,0001393818,BX,Blackstone Inc.,0001193125-24-044485,2023,2024-02-23,1.0.3,0.3.0,1,30,0.30618806,97979,5197,20,0.00384837,success,17,0.02048193,13,0.01566265,12,0.01445783,0,0.00000000,5,0.00602410,830,success,6,14,0.00722892,0.01686747,-0.40000000,0.02409639,-0.00963855,55,success,2.73772059,2.69000000,0.72711099,1.33000000,4.79000000,272,447,175,0.60850112,167,86,warning_stem_collisions,2.89110291,2.79000000,0.81639447,1.24000000,5.00000000,39015,52109,13094,0.74871903,2621,8725,warning_stem_collisions,98281,11.49558600,5197,1724,18.91110256,21.55030729,0.01973932,30,0.30524720,46846,0.32279314,10109561,664930,0.06577239,success,542,1854,-0.54757930,1710,0.01798769,1027,0.01080313,188,0.00197759,1038,0.01091885,924,0.00971967,,,0.00570136,0.01950245,-0.01380108,0.02520381,6027,95065,warning_stem_collisions,success,success,exact-then-unique-porter-1.0.0,baek-smart-porter-1.0.0
S2023-068,0000012927,BA,Boeing,0000012927-24-000010,2023,2024-01-31,1.0.3,0.3.0,1,1,0.02146752,46582,2405,1,0.00041580,success,0,0.00000000,0,0.00000000,0,0.00000000,0,0.00000000,0,0.00000000,22,success,0,1,0.00000000,0.04545455,-1.00000000,0.04545455,-0.04545455,1,success,2.49100000,2.46000000,0.41302421,1.83000000,3.24000000,10,13,3,0.76923077,10,2,warning_stem_collisions,2.89396048,2.82000000,0.80677942,1.26000000,5.00000000,18167,24664,6497,0.73657963,1959,4955,warning_stem_collisions,46672,10.75089969,2405,963,19.40623701,20.12425349,0.04625900,1,0.02142612,10723,0.18682812,3117171,312554,0.10026848,success,283,868,-0.50825369,732,0.01668262,280,0.00638133,103,0.00234742,541,0.01232964,401,0.00913898,,,0.00644970,0.01978212,-0.01333242,0.02623182,2820,43878,warning_stem_collisions,success,success,exact-then-unique-porter-1.0.0,baek-smart-porter-1.0.0
S2023-069,0001075531,BKNG,Booking Holdings,0001075531-24-000014,2023,2024-02-22,1.0.3,0.3.0,1,18,0.31795941,56611,2605,14,0.00537428,success,14,0.02602230,14,0.02602230,10,0.01858736,0,0.00000000,4,0.00743494,538,success,4,14,0.00743494,0.02602230,-0.55555556,0.03345725,-0.01858736,50,success,2.84589372,2.82000000,0.78025764,1.50000000,4.93000000,207,296,89,0.69932432,140,61,warning_stem_collisions,2.90049208,2.82000000,0.81429507,1.23000000,5.00000000,22354,29635,7281,0.75431078,2089,5676,warning_stem_collisions,56478,10.94160646,2605,1087,21.68061420,20.73536669,0.03339353,18,0.31870817,8696,0.13342744,2780343,376879,0.13555126,success,358,1093,-0.50654721,1054,0.01957434,555,0.01030717,87,0.00161572,554,0.01028860,431,0.00800431,,,0.00664859,0.02029863,-0.01365004,0.02694722,3397,53846,warning_stem_collisions,success,success,exact-then-unique-porter-1.0.0,baek-smart-porter-1.0.0
S2023-070,0000908255,BWA,BorgWarner,0000908255-24-000007,2023,2024-02-08,1.0.3,0.3.0,0,0,0.00000000,49427,2386,0,0.00000000,success,,,,,,,,,,,0,warning_denominator_zero,,,,,,,,,warning_denominator_zero,,,,,,0,0,0,,0,0,warning_denominator_zero,2.90895733,2.83000000,0.81013901,1.19000000,5.00000000,19546,26369,6823,0.74124919,1887,4745,warning_stem_collisions,49123,10.80208264,2386,1042,20.58801341,21.50672154,0.04118234,0,0.00000000,11375,0.18802274,3928217,334242,0.08508746,success,270,790,-0.49056604,875,0.01897636,327,0.00709174,115,0.00249404,305,0.00661462,287,0.00622425,,,0.00585556,0.01713294,-0.01127738,0.02298851,2512,46110,warning_denominator_zero,warning_denominator_zero,success,exact-then-unique-porter-1.0.0,baek-smart-porter-1.0.0
S2023-071,0000885725,BSX,Boston Scientific,0000885725-24-000017,2023,2024-02-20,1.0.3,0.3.0,1,4,0.06528694,61268,2765,2,0.00072333,success,3,0.04285714,0,0.00000000,3,0.04285714,0,0.00000000,0,0.00000000,70,success,1,2,0.01428571,0.02857143,-0.33333333,0.04285714,-0.01428571,6,success,2.99909091,2.69000000,0.82112769,1.69000000,4.68000000,33,39,6,0.84615385,31,4,warning_stem_collisions,2.85242835,2.74000000,0.79783875,1.19000000,5.00000000,24634,32758,8124,0.75199951,2486,5790,warning_stem_collisions,61218,11.02219654,2765,1090,22.14032550,21.68388959,0.02927244,4,0.06534026,13671,0.18255017,3255509,411825,0.12650096,success,397,1327,-0.53944316,1110,0.01889072,454,0.00772648,128,0.00217839,709,0.01206624,551,0.00937729,,,0.00675641,0.02258377,-0.01582736,0.02934019,3924,58759,warning_stem_collisions,success,success,exact-then-unique-porter-1.0.0,baek-smart-porter-1.0.0
S2023-072,0000014272,BMY,Bristol Myers Squibb,0000014272-24-000044,2023,2024-02-13,1.0.3,0.3.0,0,0,0.00000000,64387,3176,0,0.00000000,success,,,,,,,,,,,0,warning_denominator_zero,,,,,,,,,warning_denominator_zero,,,,,,0,0,0,,0,0,warning_denominator_zero,2.88660144,2.79000000,0.80242503,1.26000000,5.00000000,24784,34686,9902,0.71452459,2549,6234,warning_stem_collisions,64603,11.07601613,3176,1102,20.34099496,21.26172491,0.02971998,0,0.00000000,17847,0.21645846,3840270,435027,0.11328032,success,599,1484,-0.42486798,988,0.01600285,420,0.00680283,152,0.00246198,1170,0.01895074,457,0.00740213,,,0.00970213,0.02403667,-0.01433454,0.03373880,4456,61739,warning_denominator_zero,warning_denominator_zero,success,exact-then-unique-porter-1.0.0,baek-smart-porter-1.0.0
S2023-073,0001730168,AVGO,Broadcom,0001730168-23-000096,2023,2023-12-14,1.0.3,0.3.0,1,7,0.14341911,48808,2387,5,0.00209468,success,1,0.00617284,1,0.00617284,1,0.00617284,0,0.00000000,1,0.00617284,162,success,2,5,0.01234568,0.03086420,-0.42857143,0.04320988,-0.01851852,10,success,3.05057471,2.88000000,0.83854054,1.50000000,4.96000000,87,119,32,0.73109244,68,20,warning_stem_collisions,2.86504531,2.80000000,0.79982077,1.19000000,5.00000000,19533,25918,6385,0.75364611,2220,4815,warning_stem_collisions,48661,10.79263317,2387,945,20.38583997,19.96047918,0.02589343,7,0.14385237,8703,0.15171536,2564090,327331,0.12765972,success,309,1132,-0.57113116,1062,0.02265213,615,0.01311776,93,0.00198366,530,0.01130474,423,0.00902246,,,0.00659088,0.02414521,-0.01755434,0.03073609,3366,46883,warning_stem_collisions,success,success,exact-then-unique-porter-1.0.0,baek-smart-porter-1.0.0
S2023-074,0001383312,BR,Broadridge Financial Solutions,0001383312-23-000037,2023,2023-08-08,1.0.3,0.3.0,1,3,0.06543932,45844,2146,2,0.00093197,success,0,0.00000000,1,0.01428571,0,0.00000000,0,0.00000000,1,0.01428571,70,success,2,0,0.02857143,0.00000000,1.00000000,0.02857143,0.02857143,4,success,3.09387097,3.14000000,0.85945473,1.64000000,4.54000000,31,40,9,0.77500000,25,7,warning_stem_collisions,2.89273831,2.82000000,0.79437622,1.28000000,5.00000000,18526,24813,6287,0.74662475,2004,4503,warning_stem_collisions,45766,10.73129674,2146,846,21.32618826,21.14395330,0.03347463,3,0.06555085,8518,0.15691548,2663457,310700,0.11665291,success,283,648,-0.39205156,681,0.01571877,326,0.00752470,81,0.00186963,521,0.01202567,336,0.00775552,,,0.00653218,0.01495707,-0.00842489,0.02148924,2418,43324,warning_stem_collisions,success,success,exact-then-unique-porter-1.0.0,baek-smart-porter-1.0.0
S2023-075,0000079282,BRO,Brown & Brown,0000950170-24-018890,2023,2024-02-22,1.0.3,0.3.0,0,0,0.00000000,66764,2726,0,0.00000000,success,,,,,,,,,,,0,warning_denominator_zero,,,,,,,,,warning_denominator_zero,,,,,,0,0,0,,0,0,warning_denominator_zero,2.88841202,2.85000000,0.77650225,1.26000000,5.00000000,25989,34442,8453,0.75457291,1995,6041,warning_stem_collisions,66224,11.10079821,2726,904,24.29347029,21.99312448,0.04933257,0,0.00000000,8230,0.11053805,4925699,442158,0.08976553,success,316,1082,-0.54792561,1012,0.01633813,430,0.00694209,107,0.00172745,639,0.01031627,464,0.00749100,,,0.00510163,0.01746824,-0.01236661,0.02256986,3372,61941,warning_denominator_zero,warning_denominator_zero,success,exact-then-unique-porter-1.0.0,baek-smart-porter-1.0.0
S2023-076,0000014693,BF-B,Brown–Forman,0000014693-23-000074,2023,2023-06-16,1.0.3,0.3.0,0,0,0.00000000,35477,1923,0,0.00000000,success,,,,,,,,,,,0,warning_denominator_zero,,,,,,,,,warning_denominator_zero,,,,,,0,0,0,,0,0,warning_denominator_zero,2.93910871,2.82000000,0.86092146,1.19000000,5.00000000,14092,18980,4888,0.74246575,2071,3502,warning_stem_collisions,35417,10.47494721,1923,743,18.41757670,19.59713133,0.02891267,0,0.00000000,9914,0.21870243,3102980,236673,0.07627281,success,245,664,-0.46094609,628,0.01857384,274,0.00810387,72,0.00212948,214,0.00632930,256,0.00757150,,,0.00724616,0.01963858,-0.01239242,0.02688474,1963,33811,warning_denominator_zero,warning_denominator_zero,success,exact-then-unique-porter-1.0.0,baek-smart-porter-1.0.0
S2023-077,0001316835,BLDR,Builders FirstSource,0000950170-24-018584,2023,2024-02-22,1.0.3,0.3.0,0,0,0.00000000,55090,2334,0,0.00000000,success,,,,,,,,,,,0,warning_denominator_zero,,,,,,,,,warning_denominator_zero,,,,,,0,0,0,,0,0,warning_denominator_zero,2.89565758,2.82000000,0.81782007,1.19000000,5.00000000,21564,28542,6978,0.75551818,1993,5335,warning_stem_collisions,54639,10.90850319,2334,741,23.41002571,20.64899861,0.03762880,0,0.00000000,5013,0.08403742,2522622,363369,0.14404417,success,352,826,-0.40237691,807,0.01552072,375,0.00721223,105,0.00201942,445,0.00855852,463,0.00890470,,,0.00676988,0.01588614,-0.00911626,0.02265602,2824,51995,warning_denominator_zero,warning_denominator_zero,success,exact-then-unique-porter-1.0.0,baek-smart-porter-1.0.0
S2023-078,0001996862,BG,Bunge Global,0001996862-24-000007,2023,2024-02-22,1.0.3,0.3.0,1,1,0.01378455,72545,3265,1,0.00030628,success,1,0.02380952,5,0.11904762,1,0.02380952,0,0.00000000,0,0.00000000,42,success,0,4,0.00000000,0.09523810,-1.00000000,0.09523810,-0.09523810,9,success,2.64750000,2.85500000,0.70660367,1.50000000,4.11000000,20,25,5,0.80000000,20,4,warning_stem_collisions,2.90423459,2.82000000,0.82180708,1.26000000,5.00000000,28475,39014,10539,0.72986620,2344,6782,warning_stem_collisions,72251,11.18790145,3265,1476,22.12894334,21.12104361,0.03670537,1,0.01384064,12517,0.14766185,4590509,483365,0.10529660,success,339,1119,-0.53497942,1210,0.01763283,470,0.00684912,153,0.00222961,624,0.00909329,554,0.00807321,,,0.00494011,0.01630672,-0.01136662,0.02124683,3748,68622,warning_stem_collisions,success,success,exact-then-unique-porter-1.0.0,baek-smart-porter-1.0.0
S2023-079,0001043277,CHRW,C.H. Robinson,0001043277-24-000011,2023,2024-02-16,1.0.3,0.3.0,1,15,0.43140638,34770,1824,8,0.00438596,success,38,0.07465619,12,0.02357564,12,0.02357564,0,0.00000000,1,0.00196464,509,success,5,17,0.00982318,0.03339882,-0.54545455,0.04322200,-0.02357564,71,success,2.65051163,2.44000000,0.86453494,1.30000000,4.90000000,215,283,68,0.75971731,145,50,warning_stem_collisions,2.94189358,2.83000000,0.83319056,1.19000000,5.00000000,14227,18621,4394,0.76402986,1920,3331,warning_stem_collisions,34856,10.45898057,1824,655,19.10964912,19.81673850,0.03181662,15,0.43034198,6353,0.15416535,1999029,234539,0.11732646,success,248,570,-0.39364303,548,0.01639884,253,0.00757100,54,0.00161594,384,0.01149116,262,0.00784032,,,0.00742137,0.01705719,-0.00963581,0.02447856,1963,33417,warning_stem_collisions,success,success,exact-then-unique-porter-1.0.0,baek-smart-porter-1.0.0
S2023-080,0001138118,CBRE,CBRE Group,0001138118-24-000006,2023,2024-02-20,1.0.3,0.3.0,0,0,0.00000000,56215,2403,0,0.00000000,success,,,,,,,,,,,0,warning_denominator_zero,,,,,,,,,warning_denominator_zero,,,,,,0,0,0,,0,0,warning_denominator_zero,2.85974456,2.76000000,0.78739282,1.19000000,5.00000000,22001,29034,7033,0.75776676,2056,5177,warning_stem_collisions,55912,10.93153431,2403,1032,23.26758219,21.23688111,0.04172628,0,0.00000000,9072,0.13960359,3133780,374025,0.11935267,success,271,970,-0.56325544,991,0.01870835,422,0.00796662,112,0.00211436,525,0.00991108,470,0.00887278,,,0.00511601,0.01831191,-0.01319590,0.02342791,3164,52971,warning_denominator_zero,warning_denominator_zero,success,exact-then-unique-porter-1.0.0,baek-smart-porter-1.0.0
S2023-081,0001402057,CDW,CDW Corporation,0001402057-24-000015,2023,2024-02-26,1.0.3,0.3.0,1,13,0.37514789,34653,1851,8,0.00432199,success,8,0.03030303,2,0.00757576,6,0.02272727,1,0.00378788,0,0.00000000,264,success,2,13,0.00757576,0.04924242,-0.73333333,0.05681818,-0.04166667,26,success,2.76891089,2.57000000,0.84285218,1.30000000,4.87000000,101,142,41,0.71126761,74,30,warning_stem_collisions,2.89518545,2.82000000,0.80145675,1.26000000,5.00000000,14047,18463,4416,0.76081894,1794,3430,warning_stem_collisions,34569,10.45071261,1851,877,18.67585089,20.64565393,0.02589025,13,0.37605948,8582,0.19888299,2401484,234193,0.09752012,success,187,545,-0.48907104,606,0.01823269,292,0.00878539,65,0.00195565,275,0.00827391,291,0.00875530,,,0.00562626,0.01639739,-0.01077113,0.02202365,1848,33237,warning_stem_collisions,success,success,exact-then-unique-porter-1.0.0,baek-smart-porter-1.0.0
S2023-082,0001324404,CF,CF Industries,0001324404-24-000008,2023,2024-02-22,1.0.3,0.3.0,0,0,0.00000000,66867,3078,0,0.00000000,success,,,,,,,,,,,0,warning_denominator_zero,,,,,,,,,warning_denominator_zero,,,,,,0,0,0,,0,0,warning_denominator_zero,2.95841959,2.87000000,0.82755609,1.19000000,5.00000000,26335,35651,9316,0.73868896,2185,6578,warning_stem_collisions,66887,11.11075991,3078,1361,21.73066927,20.68289772,0.04003768,0,0.00000000,11650,0.14833773,4098892,442216,0.10788672,success,255,1073,-0.61596386,912,0.01434955,383,0.00602618,95,0.00149474,510,0.00802442,534,0.00840204,,,0.00401221,0.01688275,-0.01287054,0.02089496,3153,63556,warning_denominator_zero,warning_denominator_zero,success,exact-then-unique-porter-1.0.0,baek-smart-porter-1.0.0
S2023-083,0001156375,CME,CME Group,0001156375-24-000010,2023,2024-02-28,1.0.3,0.3.0,1,6,0.12846590,46705,2435,5,0.00205339,success,5,0.02463054,1,0.00492611,3,0.01477833,0,0.00000000,1,0.00492611,203,success,0,23,0.00000000,0.11330049,-1.00000000,0.11330049,-0.11330049,30,success,2.71715686,2.48000000,0.84576381,1.50000000,4.93000000,102,125,23,0.81600000,66,18,warning_stem_collisions,2.92668013,2.85000000,0.81724863,1.19000000,5.00000000,18326,24997,6671,0.73312798,2070,4668,warning_stem_collisions,46688,10.75124245,2435,983,19.17371663,19.34356836,0.02484578,6,0.12851268,7830,0.14362229,2258101,310376,0.13745001,success,341,814,-0.40952381,870,0.01936044,366,0.00814474,102,0.00226984,548,0.01219485,404,0.00899036,,,0.00758840,0.01811425,-0.01052585,0.02570265,2922,44937,warning_stem_collisions,success,success,exact-then-unique-porter-1.0.0,baek-smart-porter-1.0.0
S2023-084,0000811156,CMS,CMS Energy,0000811156-24-000044,2023,2024-02-08,1.0.3,0.3.0,1,1,0.01886081,53020,2842,1,0.00035186,success,0,0.00000000,0,0.00000000,0,0.00000000,0,0.00000000,0,0.00000000,11,success,1,0,0.09090909,0.00000000,1.00000000,0.09090909,0.09090909,1,success,2.37875000,2.28500000,0.45539646,1.81000000,3.24000000,8,8,0,1.00000000,8,0,success,2.92483951,2.89000000,0.79746133,1.19000000,5.00000000,21091,30081,8990,0.70114025,1992,6062,warning_stem_collisions,52918,10.87649882,2842,1319,18.61998593,21.78393546,0.03841793,1,0.01889716,18209,0.25600686,5658759,361210,0.06383202,success,195,697,-0.56278027,710,0.01418071,364,0.00727011,121,0.00241671,741,0.01479987,468,0.00934729,,,0.00389470,0.01392107,-0.01002636,0.01781577,2829,50068,success,success,success,exact-then-unique-porter-1.0.0,baek-smart-porter-1.0.0
S2023-085,0000277948,CSX,CSX Corporation,0000277948-24-000010,2023,2024-02-14,1.0.3,0.3.0,1,1,0.02602540,38424,2596,1,0.00038521,success,1,0.02857143,0,0.00000000,1,0.02857143,0,0.00000000,0,0.00000000,35,success,1,3,0.02857143,0.08571429,-0.50000000,0.11428571,-0.05714286,5,success,2.69315789,2.44000000,0.83484668,1.77000000,4.90000000,19,21,2,0.90476190,19,1,warning_stem_collisions,3.01379925,2.90000000,0.85479301,1.19000000,5.00000000,15532,21255,5723,0.73074571,1900,3676,warning_stem_collisions,38374,10.55513543,2596,1348,14.78197227,18.18810082,0.04617710,1,0.02605931,8702,0.18485003,2412003,257339,0.10669099,success,161,529,-0.53333333,467,0.01305271,193,0.00539438,55,0.00153726,336,0.00939125,248,0.00693163,,,0.00449997,0.01478562,-0.01028565,0.01928559,1692,35778,warning_stem_collisions,success,success,exact-then-unique-porter-1.0.0,baek-smart-porter-1.0.0
S2023-086,0000064803,CVS,CVS Health,0000064803-24-000007,2023,2024-02-07,1.0.3,0.3.0,1,4,0.03553976,112550,4594,3,0.00065303,success,1,0.01162791,1,0.01162791,0,0.00000000,0,0.00000000,0,0.00000000,86,success,1,0,0.01162791,0.00000000,1.00000000,0.01162791,0.01162791,3,success,2.93682927,2.71000000,0.81866768,1.66000000,4.86000000,41,56,15,0.73214286,36,15,warning_stem_collisions,2.88902810,2.80000000,0.80899942,1.26000000,5.00000000,45519,62053,16534,0.73355035,2793,11926,warning_stem_collisions,112420,11.62999714,4594,1942,24.47104919,22.51765128,0.02795766,4,0.03558086,15242,0.11939340,5352597,765153,0.14294986,success,719,2329,-0.52821522,1768,0.01646903,783,0.00729369,222,0.00206794,1768,0.01646903,962,0.00896109,,,0.00669753,0.02169478,-0.01499725,0.02839231,7159,107353,warning_stem_collisions,success,success,exact-then-unique-porter-1.0.0,baek-smart-porter-1.0.0
S2023-087,0000813672,CDNS,Cadence Design Systems,0000813672-24-000034,2023,2024-02-14,1.0.3,0.3.0,1,42,0.82935113,50642,2358,31,0.01314673,success,10,0.00952381,7,0.00666667,7,0.00666667,0,0.00000000,1,0.00095238,1050,success,17,21,0.01619048,0.02000000,-0.10526316,0.03619048,-0.00380952,54,success,2.98818367,2.85000000,0.80822896,1.30000000,4.96000000,490,711,221,0.68917018,249,120,warning_stem_collisions,2.83919533,2.72000000,0.78650969,1.26000000,5.00000000,20033,27104,7071,0.73911600,2180,5348,warning_stem_collisions,50550,10.83071822,2358,1009,21.43765903,20.79011532,0.02733927,42,0.83086053,7072,0.12273090,2384849,343658,0.14410053,success,274,864,-0.51845343,987,0.02036563,473,0.00975982,79,0.00163008,473,0.00975982,445,0.00918207,,,0.00565368,0.01782767,-0.01217398,0.02348135,3001,48464,warning_stem_collisions,success,success,exact-then-unique-porter-1.0.0,baek-smart-porter-1.0.0
S2023-088,0001590895,CZR,Caesars Entertainment,0001590895-24-000051,2023,2024-02-20,1.0.3,0.3.0,0,0,0.00000000,60717,2855,0,0.00000000,success,,,,,,,,,,,0,warning_denominator_zero,,,,,,,,,warning_denominator_zero,,,,,,0,0,0,,0,0,warning_denominator_zero,2.92469548,2.86000000,0.81566965,1.19000000,5.00000000,23365,32025,8660,0.72958626,2315,5869,warning_stem_collisions,60485,11.01015068,2855,1232,21.18563923,20.44921546,0.03675291,0,0.00000000,11774,0.16294164,3529816,398239,0.11282146,success,335,1053,-0.51729107,869,0.01507660,438,0.00759902,155,0.00268915,655,0.01136383,520,0.00902167,,,0.00581204,0.01826888,-0.01245684,0.02408092,3391,57639,warning_denominator_zero,warning_denominator_zero,success,exact-then-unique-porter-1.0.0,baek-smart-porter-1.0.0
S2023-089,0000906345,CPT,Camden Property Trust,0000906345-24-000007,2023,2024-02-22,1.0.3,0.3.0,1,2,0.06412106,31191,1587,1,0.00063012,success,1,0.02272727,1,0.02272727,0,0.00000000,0,0.00000000,0,0.00000000,44,success,1,3,0.02272727,0.06818182,-0.50000000,0.09090909,-0.04545455,5,success,2.65785714,2.57000000,0.61195446,1.63000000,4.25000000,28,30,2,0.93333333,28,0,success,2.85279490,2.72000000,0.78623881,1.30000000,5.00000000,12072,15926,3854,0.75800578,1501,2940,warning_stem_collisions,31018,10.34232296,1587,725,19.54505356,20.20180642,0.05026114,2,0.06447869,10592,0.25455419,3702925,204345,0.05518475,success,185,406,-0.37394247,698,0.02393280,273,0.00936053,53,0.00181725,164,0.00562318,222,0.00761186,,,0.00634322,0.01392080,-0.00757758,0.02026402,1633,29165,success,success,success,exact-then-unique-porter-1.0.0,baek-smart-porter-1.0.0
S2023-090,0000016732,CPB,Campbell's,0000016732-23-000109,2023,2023-09-21,1.0.3,0.3.0,1,1,0.02732912,36591,1991,1,0.00050226,success,2,0.11764706,0,0.00000000,1,0.05882353,0,0.00000000,0,0.00000000,17,success,0,0,0.00000000,0.00000000,,0.00000000,0.00000000,2,success,2.65444444,2.89000000,0.49157595,1.63000000,3.24000000,9,11,2,0.81818182,9,1,warning_stem_collisions,2.90636413,2.82000000,0.82837535,1.30000000,5.00000000,14775,19247,4472,0.76765210,1757,3500,warning_stem_collisions,36289,10.49926994,1991,833,18.22651934,19.22547813,0.04800353,1,0.02755656,8552,0.19071832,2894107,243083,0.08399240,success,245,676,-0.46796960,720,0.02112056,284,0.00833089,62,0.00181872,356,0.01044295,327,0.00959226,,,0.00718686,0.01982986,-0.01264300,0.02701672,2241,34090,warning_stem_collisions,success,success,exact-then-unique-porter-1.0.0,baek-smart-porter-1.0.0
S2023-091,0000927628,COF,Capital One,0000927628-24-000094,2023,2024-02-23,1.0.3,0.3.0,1,36,0.39468924,91211,4686,25,0.00533504,success,28,0.03271028,26,0.03037383,13,0.01518692,1,0.00116822,3,0.00350467,856,success,1,34,0.00116822,0.03971963,-0.94285714,0.04088785,-0.03855140,90,success,2.64479167,2.49000000,0.83869049,1.30000000,4.93000000,336,476,140,0.70588235,217,101,warning_stem_collisions,2.84766594,2.72000000,0.80062872,1.26000000,5.00000000,37634,49384,11750,0.76206869,2431,8544,warning_stem_collisions,91256,11.42142402,4686,2080,19.47417840,21.14305323,0.03304988,36,0.39449461,25418,0.21785488,8252507,616019,0.07464629,success,342,2111,-0.72115777,1825,0.02094475,650,0.00745977,144,0.00165263,966,0.01108637,746,0.00856153,,,0.00392499,0.02422705,-0.02030206,0.02815204,5924,87134,warning_stem_collisions,success,success,exact-then-unique-porter-1.0.0,baek-smart-porter-1.0.0
S2023-092,0001170010,KMX,CarMax,0001170010-23-000010,2023,2023-04-13,1.0.3,0.3.0,1,2,0.04957244,40345,2174,1,0.00045998,success,0,0.00000000,0,0.00000000,0,0.00000000,0,0.00000000,0,0.00000000,19,success,0,0,0.00000000,0.00000000,,0.00000000,0.00000000,0,success,2.97545455,2.93000000,0.78073815,1.80000000,4.25000000,11,12,1,0.91666667,11,1,warning_stem_collisions,2.92499546,2.86000000,0.82413007,1.19000000,5.00000000,16507,21622,5115,0.76343539,1922,3655,warning_stem_collisions,40292,10.60390822,2174,839,18.53357866,19.22434994,0.03286012,2,0.04963765,8504,0.17427658,2747724,266237,0.09689365,success,237,680,-0.48309706,566,0.01475957,251,0.00654532,58,0.00151246,284,0.00740586,265,0.00691040,,,0.00618024,0.01773235,-0.01155210,0.02391259,1983,38348,warning_stem_collisions,success,success,exact-then-unique-porter-1.0.0,baek-smart-porter-1.0.0
S2023-093,0000721371,CAH,Cardinal Health,0000721371-23-000060,2023,2023-08-15,1.0.3,0.3.0,0,0,0.00000000,57569,2879,0,0.00000000,success,,,,,,,,,,,0,warning_denominator_zero,,,,,,,,,warning_denominator_zero,,,,,,0,0,0,,0,0,warning_denominator_zero,2.85663722,2.76000000,0.79390247,1.26000000,5.00000000,23317,30746,7429,0.75837507,1823,5614,warning_stem_collisions,57433,10.95837433,2879,1019,19.94894060,20.40546138,0.03865374,0,0.00000000,12992,0.18447994,2602979,387960,0.14904461,success,208,1592,-0.76888889,965,0.01770512,364,0.00667841,88,0.00161456,1037,0.01902613,536,0.00983414,,,0.00381623,0.02920887,-0.02539263,0.03302510,3859,54504,warning_denominator_zero,warning_denominator_zero,success,exact-then-unique-porter-1.0.0,baek-smart-porter-1.0.0
S2023-094,0000815097,CCL,Carnival Corporation,0000815097-24-000011,2023,2024-01-26,1.0.3,0.3.0,0,0,0.00000000,45920,2412,0,0.00000000,success,,,,,,,,,,,0,warning_denominator_zero,,,,,,,,,warning_denominator_zero,,,,,,0,0,0,,0,0,warning_denominator_zero,2.97064511,2.86000000,0.86948971,1.19000000,5.00000000,18090,24097,6007,0.75071586,2318,4309,warning_stem_collisions,45702,10.72989734,2412,1078,18.94776119,19.76612722,0.03236182,0,0.00000000,10447,0.18605852,2579396,302132,0.11713285,success,405,617,-0.20743640,703,0.01609138,281,0.00643197,98,0.00224318,395,0.00904138,407,0.00931606,,,0.00927028,0.01412287,-0.00485259,0.02339315,2488,43688,warning_denominator_zero,warning_denominator_zero,success,exact-then-unique-porter-1.0.0,baek-smart-porter-1.0.0
S2023-095,0001783180,CARR,Carrier Global,0001783180-24-000009,2023,2024-02-06,1.0.3,0.3.0,1,2,0.04021879,49728,2246,1,0.00044524,success,0,0.00000000,0,0.00000000,0,0.00000000,0,0.00000000,0,0.00000000,20,success,0,0,0.00000000,0.00000000,,0.00000000,0.00000000,0,success,3.23500000,3.03500000,0.74310161,2.24000000,4.25000000,8,13,5,0.61538462,8,5,warning_stem_collisions,2.90131926,2.82000000,0.81392755,1.26000000,5.00000000,19617,26318,6701,0.74538339,2106,4766,warning_stem_collisions,49604,10.81182675,2246,892,22.08548531,21.36188704,0.03023950,2,0.04031933,9201,0.15646629,2839824,332813,0.11719494,success,325,1089,-0.54031117,911,0.01920239,427,0.00900046,111,0.00233970,687,0.01448084,369,0.00777792,,,0.00685047,0.02295434,-0.01610387,0.02980481,3224,47442,warning_stem_collisions,success,success,exact-then-unique-porter-1.0.0,baek-smart-porter-1.0.0
S2023-096,0000018230,CAT,Caterpillar Inc.,0000018230-24-000009,2023,2024-02-16,1.0.3,0.3.0,0,0,0.00000000,48242,2544,0,0.00000000,success,,,,,,,,,,,0,warning_denominator_zero,,,,,,,,,warning_denominator_zero,,,,,,0,0,0,,0,0,warning_denominator_zero,2.91751910,2.80000000,0.83177445,1.19000000,5.00000000,20029,26491,6462,0.75606810,2058,4863,warning_stem_collisions,48191,10.78292756,2544,1003,18.94300314,20.96895052,0.03230894,0,0.00000000,15659,0.24524667,5687600,327382,0.05756066,success,228,831,-0.56940510,795,0.01732932,301,0.00656116,73,0.00159125,431,0.00939489,341,0.00743308,,,0.00496992,0.01811405,-0.01314413,0.02308397,2551,45876,warning_denominator_zero,warning_denominator_zero,success,exact-then-unique-porter-1.0.0,baek-smart-porter-1.0.0
S2023-097,0001374310,CBOE,Cboe Global Markets,0001558370-24-001277,2023,2024-02-16,1.0.3,0.3.0,1,5,0.05265319,94961,4333,2,0.00046157,success,0,0.00000000,0,0.00000000,0,0.00000000,0,0.00000000,0,0.00000000,75,success,1,2,0.01333333,0.02666667,-0.33333333,0.04000000,-0.01333333,3,success,2.73315789,2.60000000,0.77419943,1.57000000,4.54000000,38,49,11,0.77551020,30,5,warning_stem_collisions,2.93303730,2.87000000,0.81274953,1.26000000,5.00000000,36358,50924,14566,0.71396591,2404,8865,warning_stem_collisions,94822,11.45975673,4333,1282,21.88368336,21.50079696,0.03231318,5,0.05273038,25926,0.21471163,7423036,624163,0.08408460,success,413,1492,-0.56640420,1441,0.01592177,673,0.00743605,225,0.00248605,1030,0.01138059,854,0.00943594,,,0.00456328,0.01648528,-0.01192199,0.02104856,5140,90505,warning_stem_collisions,success,success,exact-then-unique-porter-1.0.0,baek-smart-porter-1.0.0
S2023-098,0001306830,CE,Celanese,0001306830-24-000029,2023,2024-02-23,1.0.3,0.3.0,1,2,0.03873417,51634,2546,2,0.00078555,success,0,0.00000000,0,0.00000000,0,0.00000000,1,0.01960784,0,0.00000000,51,success,0,4,0.00000000,0.07843137,-1.00000000,0.07843137,-0.07843137,5,success,2.53000000,2.31500000,0.62635852,1.68000000,3.93000000,24,30,6,0.80000000,21,6,warning_stem_collisions,2.92327650,2.82000000,0.83090490,1.19000000,5.00000000,20235,27574,7339,0.73384348,2274,5059,warning_stem_collisions,51389,10.84717942,2546,1067,20.18421053,21.35136403,0.03049291,2,0.03891883,11920,0.18828287,3438949,347406,0.10102098,success,280,878,-0.51640760,871,0.01769894,364,0.00739657,103,0.00209299,581,0.01180606,404,0.00820938,,,0.00568967,0.01784118,-0.01215151,0.02353085,3002,49212,warning_stem_collisions,success,success,exact-then-unique-porter-1.0.0,baek-smart-porter-1.0.0
S2023-099,0001140859,COR,Cencora,0001140859-23-000197,2023,2023-11-21,1.0.3,0.3.0,1,3,0.06189906,48466,2167,1,0.00046147,success,1,0.04761905,0,0.00000000,1,0.04761905,0,0.00000000,0,0.00000000,21,success,0,1,0.00000000,0.04761905,-1.00000000,0.04761905,-0.04761905,2,success,2.47125000,2.28500000,0.58323318,1.87000000,3.56000000,8,13,5,0.61538462,8,2,warning_stem_collisions,2.88178301,2.80000000,0.79988731,1.19000000,5.00000000,19512,25985,6473,0.75089475,2085,4750,warning_stem_collisions,48442,10.78812249,2167,848,22.35440701,22.06093743,0.03641468,3,0.06192973,9259,0.16046516,2089319,329051,0.15749199,success,301,1195,-0.59759358,830,0.01802663,424,0.00920878,87,0.00188954,820,0.01780944,359,0.00779706,,,0.00653737,0.02595400,-0.01941663,0.03249137,3287,46043,warning_stem_collisions,success,success,exact-then-unique-porter-1.0.0,baek-smart-porter-1.0.0
S2023-100,0001071739,CNC,Centene Corporation,0001071739-24-000037,2023,2024-02-20,1.0.3,0.3.0,1,1,0.01715442,58294,2692,1,0.00037147,success,4,0.07017544,1,0.01754386,0,0.00000000,0,0.00000000,0,0.00000000,57,success,0,4,0.00000000,0.07017544,-1.00000000,0.07017544,-0.07017544,8,success,2.42121212,2.44000000,0.74961710,1.40000000,4.57000000,33,40,7,0.82500000,30,2,warning_stem_collisions,2.82964100,2.75000000,0.76608125,1.26000000,5.00000000,23315,31228,7913,0.74660561,2271,5602,warning_stem_collisions,58015,10.96845688,2692,1231,21.55089153,21.23272170,0.03052659,1,0.01723692,8138,0.12301785,3181652,390404,0.12270481,success,559,1535,-0.46609360,1030,0.01856090,505,0.00910025,126,0.00227056,1022,0.01841674,507,0.00913629,,,0.01007334,0.02766115,-0.01758780,0.03773449,4369,55493,warning_stem_collisions,success,success,exact-then-unique-porter-1.0.0,baek-smart-porter-1.0.0
S2023-101,0001130310,CNP,CenterPoint Energy,0001130310-24-000010,2023,2024-02-20,1.0.3,0.3.0,1,23,0.26229658,87687,4103,14,0.00341214,success,21,0.04535637,9,0.01943844,14,0.03023758,2,0.00431965,2,0.00431965,463,success,11,19,0.02375810,0.04103672,-0.26666667,0.06479482,-0.01727862,62,success,2.57848485,2.44000000,0.78162271,1.30000000,4.93000000,165,242,77,0.68181818,131,42,warning_stem_collisions,2.89939543,2.85000000,0.80876214,1.19000000,5.00000000,33925,48072,14147,0.70571226,2557,8660,warning_stem_collisions,87560,11.38007955,4103,1615,21.34048257,22.96889109,0.03358840,23,0.26267702,29490,0.25194361,7361966,591548,0.08035191,success,293,1626,-0.69463262,1327,0.01594856,724,0.00870140,170,0.00204315,1304,0.01567214,735,0.00883360,,,0.00352142,0.01954209,-0.01602067,0.02306352,5211,83205,warning_stem_collisions,success,success,exact-then-unique-porter-1.0.0,baek-smart-porter-1.0.0
S2023-102,0001100682,CRL,Charles River Laboratories,0001100682-24-000007,2023,2024-02-14,1.0.3,0.3.0,1,1,0.01631242,61303,2777,1,0.00036010,success,0,0.00000000,0,0.00000000,0,0.00000000,0,0.00000000,0,0.00000000,24,success,0,0,0.00000000,0.00000000,,0.00000000,0.00000000,0,success,3.59928571,3.85500000,1.02696129,1.93000000,4.93000000,14,16,2,0.87500000,13,1,warning_stem_collisions,2.88468372,2.79000000,0.81826967,1.19000000,5.00000000,24820,33117,8297,0.74946402,2502,5824,warning_stem_collisions,61255,11.02280076,2777,1170,22.05797623,21.38463464,0.02458575,1,0.01632520,8133,0.11721047,2937062,417983,0.14231330,success,501,1067,-0.36096939,1070,0.01816546,498,0.00845458,116,0.00196934,702,0.01191790,505,0.00857342,,,0.00850551,0.01811453,-0.00960902,0.02662004,3760,58903,warning_stem_collisions,success,success,exact-then-unique-porter-1.0.0,baek-smart-porter-1.0.0
S2023-103,0000316709,SCHW,Charles Schwab Corporation,0000316709-24-000018,2023,2024-02-23,1.0.3,0.3.0,1,1,0.01460195,68484,3645,1,0.00027435,success,1,0.01923077,1,0.01923077,0,0.00000000,0,0.00000000,0,0.00000000,52,success,0,1,0.00000000,0.01923077,-1.00000000,0.01923077,-0.01923077,2,success,2.95481481,2.87000000,0.70587676,1.63000000,4.57000000,27,31,4,0.87096774,24,4,warning_stem_collisions,2.92392593,2.80000000,0.80280298,1.19000000,5.00000000,27489,37925,10436,0.72482531,2197,6423,warning_stem_collisions,67952,11.12655685,3645,1732,18.64252401,20.20908623,0.04136744,1,0.01471627,17710,0.20674278,5622692,459054,0.08164310,success,282,1043,-0.57433962,901,0.01411363,321,0.00502827,101,0.00158210,556,0.00870941,626,0.00980592,,,0.00441736,0.01633798,-0.01192061,0.02075534,3320,63839,warning_stem_collisions,success,success,exact-then-unique-porter-1.0.0,baek-smart-porter-1.0.0
S2023-104,0001091667,CHTR,Charter Communications,0001091667-24-000028,2023,2024-02-02,1.0.3,0.3.0,1,11,0.23287816,47235,2488,9,0.00361736,success,11,0.04526749,8,0.03292181,8,0.03292181,0,0.00000000,0,0.00000000,243,success,1,14,0.00411523,0.05761317,-0.86666667,0.06172840,-0.05349794,34,success,2.51250000,2.41000000,0.66184401,1.30000000,4.11000000,96,132,36,0.72727273,71,24,warning_stem_collisions,2.93959201,2.89000000,0.80973551,1.26000000,5.00000000,19265,25741,6476,0.74841692,2241,4669,warning_stem_collisions,47256,10.76333491,2488,1027,18.99356913,20.72896613,0.03461994,11,0.23277467,17329,0.26831308,2403663,318414,0.13247032,success,251,576,-0.39298670,535,0.01188942,252,0.00560025,96,0.00213343,386,0.00857816,405,0.00900040,,,0.00557803,0.01280057,-0.00722254,0.01837859,2151,44998,warning_stem_collisions,success,success,exact-then-unique-porter-1.0.0,baek-smart-porter-1.0.0
S2023-105,0000093410,CVX,Chevron Corporation,0000093410-24-000013,2023,2024-02-26,1.0.3,0.3.0,1,2,0.03900308,51278,2785,2,0.00071813,success,0,0.00000000,0,0.00000000,0,0.00000000,0,0.00000000,0,0.00000000,45,success,3,0,0.06666667,0.00000000,1.00000000,0.06666667,0.06666667,3,success,2.99846154,2.93000000,0.85401627,1.64000000,4.64000000,26,29,3,0.89655172,23,3,warning_stem_collisions,3.01638620,2.87000000,0.88413074,1.19000000,5.00000000,19622,27968,8346,0.70158753,2223,5190,warning_stem_collisions,51239,10.84425624,2785,968,18.39820467,20.75552646,0.04802982,2,0.03903277,20094,0.28169291,5809311,342547,0.05896517,success,252,704,-0.47280335,693,0.01452160,248,0.00519676,62,0.00129919,464,0.00972298,426,0.00892670,,,0.00528058,0.01475211,-0.00947152,0.02003269,2422,47722,warning_stem_collisions,success,success,exact-then-unique-porter-1.0.0,baek-smart-porter-1.0.0
S2023-106,0001058090,CMG,Chipotle Mexican Grill,0001562762-24-000023,2023,2024-02-08,1.0.3,0.3.0,1,4,0.12835323,31164,1430,4,0.00279720,success,2,0.01379310,7,0.04827586,1,0.00689655,0,0.00000000,0,0.00000000,145,success,0,1,0.00000000,0.00689655,-1.00000000,0.00689655,-0.00689655,10,success,2.79671429,2.82000000,0.72551799,1.50000000,4.89000000,70,94,24,0.74468085,43,15,warning_stem_collisions,2.92767282,2.82000000,0.87171648,1.26000000,5.00000000,12788,16436,3648,0.77804819,1925,2820,warning_stem_collisions,31028,10.34264530,1430,644,21.69790210,21.15321154,0.03058528,4,0.12891582,4926,0.13700840,4482905,208694,0.04655330,success,213,694,-0.53031974,546,0.01835850,268,0.00901113,54,0.00181568,320,0.01075956,232,0.00780068,,,0.00716183,0.02333479,-0.01617296,0.03049662,1906,29741,warning_stem_collisions,success,success,exact-then-unique-porter-1.0.0,baek-smart-porter-1.0.0
S2023-107,0000896159,CB,Chubb Limited,0000896159-24-000003,2023,2024-02-23,1.0.3,0.3.0,1,10,0.11021956,90728,4633,8,0.00172674,success,9,0.04147465,4,0.01843318,6,0.02764977,0,0.00000000,0,0.00000000,217,success,2,7,0.00921659,0.03225806,-0.55555556,0.04147465,-0.02304147,21,success,2.86692308,2.87000000,0.80025915,1.52000000,4.93000000,91,128,37,0.71093750,61,26,warning_stem_collisions,2.81666932,2.72000000,0.77570021,1.25000000,5.00000000,37746,50206,12460,0.75182249,2589,8309,warning_stem_collisions,90980,11.41839498,4633,2086,19.63738398,21.31981692,0.02725874,10,0.10991427,27760,0.23378811,10585913,616617,0.05824883,success,439,2400,-0.69073617,1787,0.02049194,520,0.00596296,185,0.00212144,1067,0.01223554,622,0.00713262,,,0.00503412,0.02752136,-0.02248724,0.03255547,6131,87205,warning_stem_collisions,success,success,exact-then-unique-porter-1.0.0,baek-smart-porter-1.0.0
S2023-108,0000313927,CHD,Church & Dwight,0000950170-24-015810,2023,2024-02-15,1.0.3,0.3.0,1,3,0.04772283,62863,2734,2,0.00073153,success,3,0.03703704,0,0.00000000,2,0.02469136,0,0.00000000,0,0.00000000,81,success,1,0,0.01234568,0.00000000,1.00000000,0.01234568,0.01234568,4,success,2.80322581,2.62000000,0.70579348,1.63000000,4.70000000,31,40,9,0.77500000,27,7,warning_stem_collisions,2.96043011,2.86000000,0.85244641,1.19000000,5.00000000,24854,33091,8237,0.75108035,2268,6164,warning_stem_collisions,62473,11.04248974,2734,992,22.85040234,20.76395236,0.03596754,3,0.04802074,6586,0.09536773,3749759,418898,0.11171331,success,354,1217,-0.54933164,1039,0.01746130,466,0.00783154,126,0.00211754,510,0.00857100,513,0.00862141,,,0.00594928,0.02045275,-0.01450347,0.02640203,3526,59503,warning_stem_collisions,success,success,exact-then-unique-porter-1.0.0,baek-smart-porter-1.0.0
S2023-109,0001739940,CI,Cigna,0001739940-24-000005,2023,2024-02-29,1.0.3,0.3.0,1,35,0.45948643,76172,3797,20,0.00526732,success,26,0.02569170,34,0.03359684,8,0.00790514,0,0.00000000,8,0.00790514,1012,success,10,31,0.00988142,0.03063241,-0.51219512,0.04051383,-0.02075099,106,success,2.62663239,2.48000000,0.78184787,1.44000000,5.00000000,389,555,166,0.70090090,240,103,warning_stem_collisions,2.86068779,2.74000000,0.78976121,1.19000000,5.00000000,31536,42575,11039,0.74071638,2597,8148,warning_stem_collisions,75842,11.23640751,3797,1464,19.97419015,21.86995966,0.02648928,35,0.46148572,19075,0.20096505,5226374,521549,0.09979175,success,530,1448,-0.46410516,1208,0.01661417,511,0.00702802,134,0.00184296,1286,0.01768694,566,0.00778446,,,0.00728933,0.01991500,-0.01262567,0.02720434,4861,72709,warning_stem_collisions,success,success,exact-then-unique-porter-1.0.0,baek-smart-porter-1.0.0
S2023-110,0000020286,CINF,Cincinnati Financial,0000020286-24-000014,2023,2024-02-26,1.0.3,0.3.0,1,4,0.05837030,68528,3567,2,0.00056070,success,2,0.02985075,3,0.04477612,2,0.02985075,1,0.01492537,0,0.00000000,67,success,1,4,0.01492537,0.05970149,-0.60000000,0.07462687,-0.04477612,11,success,2.53571429,2.28000000,0.76089278,1.62000000,4.25000000,21,30,9,0.70000000,18,7,warning_stem_collisions,2.85489416,2.76000000,0.77609733,1.19000000,5.00000000,28581,37139,8558,0.76956838,2346,6332,warning_stem_collisions,67961,11.12668929,3567,1462,19.05270535,21.21116677,0.04633540,4,0.05885729,20055,0.22785630,7490465,458334,0.06118899,success,550,2137,-0.59062151,1249,0.01953913,371,0.00580386,104,0.00162696,810,0.01267150,353,0.00552227,,,0.00860410,0.03343085,-0.02482674,0.04203495,4802,63923,warning_stem_collisions,success,success,exact-then-unique-porter-1.0.0,baek-smart-porter-1.0.0
S2023-111,0000723254,CTAS,Cintas,0000723254-23-000025,2023,2023-07-27,1.0.3,0.3.0,0,0,0.00000000,27531,1392,0,0.00000000,success,,,,,,,,,,,0,warning_denominator_zero,,,,,,,,,warning_denominator_zero,,,,,,0,0,0,,0,0,warning_denominator_zero,2.85150759,2.74000000,0.80279139,1.26000000,5.00000000,10865,14693,3828,0.73946777,1543,2927,warning_stem_collisions,27506,10.22215944,1392,477,19.76005747,20.22124561,0.04024576,0,0.00000000,6671,0.19518975,2080858,184004,0.08842699,success,140,432,-0.51048951,517,0.01979402,298,0.01140932,48,0.00183774,306,0.01171561,234,0.00895900,,,0.00536008,0.01653968,-0.01117960,0.02189977,1564,26119,warning_denominator_zero,warning_denominator_zero,success,exact-then-unique-porter-1.0.0,baek-smart-porter-1.0.0
S2023-112,0000858877,CSCO,Cisco,0000858877-23-000023,2023,2023-09-07,1.0.3,0.3.0,1,22,0.43709767,50332,2425,16,0.00659794,success,8,0.01980198,10,0.02475248,6,0.01485149,1,0.00247525,1,0.00247525,404,success,13,10,0.03217822,0.02475248,0.13043478,0.05693069,0.00742574,43,success,2.82267857,2.78000000,0.79555123,1.30000000,4.93000000,168,241,73,0.69709544,117,49,warning_stem_collisions,2.86514303,2.80000000,0.79549603,1.19000000,5.00000000,19961,26440,6479,0.75495461,2113,5016,warning_stem_collisions,50304,10.82583988,2425,951,20.74391753,20.03665244,0.02274173,22,0.43734097,9209,0.15473930,3427538,338704,0.09881845,success,394,1032,-0.44740533,954,0.01962842,444,0.00913524,108,0.00222209,536,0.01102813,457,0.00940271,,,0.00810650,0.02123326,-0.01312676,0.02933975,3282,48603,warning_stem_collisions,success,success,exact-then-unique-porter-1.0.0,baek-smart-porter-1.0.0
S2023-113,0000831001,C,Citigroup,0000831001-24-000033,2023,2024-02-23,1.0.3,0.3.0,1,6,0.04116610,145751,7066,4,0.00056609,success,6,0.04511278,0,0.00000000,2,0.01503759,0,0.00000000,0,0.00000000,133,success,1,9,0.00751880,0.06766917,-0.80000000,0.07518797,-0.06015038,16,success,2.66965517,2.52000000,0.75046414,1.63000000,4.57000000,58,79,21,0.73417722,43,14,warning_stem_collisions,2.85178856,2.72000000,0.80841130,1.19000000,5.00000000,57851,81409,23558,0.71062168,2869,14690,warning_stem_collisions,146152,11.89240246,7066,3461,20.68383810,21.08262743,0.03746784,6,0.04105315,40728,0.21793664,16271620,991051,0.06090672,success,525,3044,-0.70579994,3014,0.02197530,586,0.00427257,197,0.00143634,1746,0.01273022,977,0.00712338,,,0.00382781,0.02219403,-0.01836622,0.02602184,8968,137154,warning_stem_collisions,success,success,exact-then-unique-porter-1.0.0,baek-smart-porter-1.0.0
S2023-114,0000759944,CFG,Citizens Financial Group,0000759944-24-000039,2023,2024-02-16,1.0.3,0.3.0,1,1,0.01538698,64990,3156,1,0.00031686,success,0,0.00000000,0,0.00000000,0,0.00000000,0,0.00000000,0,0.00000000,31,success,0,0,0.00000000,0.00000000,,0.00000000,0.00000000,0,success,2.70400000,2.72000000,0.56683684,1.83000000,3.93000000,15,19,4,0.78947368,15,2,warning_stem_collisions,2.85277412,2.72000000,0.81096323,1.19000000,4.97000000,26448,35257,8809,0.75014891,2411,6258,warning_stem_collisions,64890,11.08044881,3156,1382,20.56083650,21.58648884,0.03066728,1,0.01541070,20232,0.23768239,6410183,435544,0.06794564,success,287,1176,-0.60765550,1269,0.02050280,429,0.00693120,86,0.00138947,688,0.01111578,596,0.00962937,,,0.00463696,0.01900023,-0.01436327,0.02363719,3929,61894,warning_stem_collisions,success,success,exact-then-unique-porter-1.0.0,baek-smart-porter-1.0.0
S2023-115,0000021076,CLX,Clorox,0000021076-23-000037,2023,2023-08-10,1.0.3,0.3.0,1,4,0.18927743,21133,902,2,0.00221729,success,2,0.01801802,0,0.00000000,2,0.01801802,0,0.00000000,0,0.00000000,111,success,5,1,0.04504505,0.00900901,0.66666667,0.05405405,0.03603604,8,success,2.90403846,2.86000000,0.81845835,1.71000000,4.70000000,52,64,12,0.81250000,35,11,warning_stem_collisions,2.93402663,2.82000000,0.85480514,1.19000000,5.00000000,8486,11591,3105,0.73211975,1561,2238,warning_stem_collisions,21091,9.95660169,902,333,23.38248337,22.21998998,0.02275852,4,0.18965435,2360,0.10063537,759326,144857,0.19077050,success,211,605,-0.48284314,510,0.02532148,351,0.01742714,28,0.00139020,253,0.01256144,140,0.00695100,,,0.01047614,0.03003823,-0.01956209,0.04051437,1634,20141,warning_stem_collisions,success,success,exact-then-unique-porter-1.0.0,baek-smart-porter-1.0.0
S2023-116,0001057352,CSGP,CoStar Group,0001057352-24-000013,2023,2024-02-22,1.0.3,0.3.0,1,4,0.08275234,48337,2258,3,0.00132861,success,4,0.03305785,0,0.00000000,3,0.02479339,0,0.00000000,0,0.00000000,121,success,0,9,0.00000000,0.07438017,-1.00000000,0.07438017,-0.07438017,13,success,2.61617021,2.40000000,0.80500444,1.50000000,4.93000000,47,68,21,0.69117647,38,19,warning_stem_collisions,2.92149462,2.86000000,0.80463813,1.19000000,5.00000000,19617,25911,6294,0.75709158,2179,4651,warning_stem_collisions,48260,10.78435834,2258,987,21.37289637,21.11080939,0.02876088,4,0.08288438,7833,0.13964309,2224449,325044,0.14612338,success,266,910,-0.54761905,961,0.02079231,509,0.01101279,87,0.00188234,336,0.00726974,325,0.00703174,,,0.00575521,0.01968887,-0.01393366,0.02544408,2740,46219,warning_stem_collisions,success,success,exact-then-unique-porter-1.0.0,baek-smart-porter-1.0.0
S2023-117,0000021344,KO,Coca-Cola Company (The),0000021344-24-000009,2023,2024-02-20,1.0.3,0.3.0,1,6,0.08078632,74270,3293,4,0.00121470,success,2,0.00873362,4,0.01746725,2,0.00873362,0,0.00000000,1,0.00436681,229,success,4,2,0.01746725,0.00873362,0.33333333,0.02620087,0.00873362,13,success,2.97390000,2.93000000,0.77148674,1.50000000,4.85000000,100,130,30,0.76923077,73,25,warning_stem_collisions,2.92785896,2.83000000,0.83086914,1.26000000,5.00000000,29794,39281,9487,0.75848375,2403,7063,warning_stem_collisions,74053,11.21253633,3293,1257,22.48800486,21.91983798,0.03019459,6,0.08102305,17301,0.18938415,4161309,496041,0.11920312,success,473,1359,-0.48362445,1113,0.01572300,497,0.00702096,146,0.00206250,773,0.01091993,494,0.00697858,,,0.00668192,0.01919817,-0.01251625,0.02588009,4103,70788,warning_stem_collisions,success,success,exact-then-unique-porter-1.0.0,baek-smart-porter-1.0.0
S2023-118,0001058290,CTSH,Cognizant,0001058290-24-000017,2023,2024-02-14,1.0.3,0.3.0,1,33,0.79737109,41386,1922,30,0.01560874,success,12,0.01477833,13,0.01600985,9,0.01108374,3,0.00369458,9,0.01108374,812,success,12,11,0.01477833,0.01354680,0.04347826,0.02832512,0.00123153,59,success,2.83185410,2.62000000,0.81499952,1.23000000,4.93000000,329,478,149,0.68828452,196,94,warning_stem_collisions,2.84070369,2.74000000,0.78506138,1.19000000,5.00000000,16314,21621,5307,0.75454419,2049,3948,warning_stem_collisions,41199,10.62616926,1922,735,21.43548387,21.22486995,0.03116580,33,0.80099032,9156,0.18182901,2814840,275457,0.09785885,success,325,845,-0.44444444,709,0.01797029,328,0.00831348,76,0.00192629,541,0.01371217,297,0.00752775,,,0.00823744,0.02141735,-0.01317991,0.02965479,2647,39454,warning_stem_collisions,success,success,exact-then-unique-porter-1.0.0,baek-smart-porter-1.0.0
S2023-119,0000021665,CL,Colgate-Palmolive,0000021665-24-000003,2023,2024-02-15,1.0.3,0.3.0,1,10,0.22694778,44063,2078,8,0.00384986,success,8,0.03212851,2,0.00803213,5,0.02008032,1,0.00401606,1,0.00401606,249,success,7,5,0.02811245,0.02008032,0.16666667,0.04819277,0.00803213,23,success,2.52893805,2.41000000,0.64462566,1.30000000,4.36000000,113,137,24,0.82481752,69,19,warning_stem_collisions,2.92630516,2.82000000,0.83591059,1.22000000,5.00000000,17676,23577,5901,0.74971370,1928,4137,warning_stem_collisions,43992,10.69176308,2078,970,21.17035611,20.85808552,0.03898436,10,0.22731406,8031,0.15437403,2987144,296554,0.09927677,success,253,778,-0.50921435,724,0.01745041,275,0.00662826,51,0.00122924,432,0.01041240,316,0.00761648,,,0.00609800,0.01875196,-0.01265396,0.02484996,2414,41489,warning_stem_collisions,success,success,exact-then-unique-porter-1.0.0,baek-smart-porter-1.0.0
S2023-120,0001166691,CMCSA,Comcast,0001166691-24-000011,2023,2024-01-31,1.0.3,0.3.0,1,4,0.08115566,49288,2335,3,0.00128480,success,3,0.02419355,2,0.01612903,3,0.02419355,1,0.00806452,0,0.00000000,124,success,4,9,0.03225806,0.07258065,-0.38461538,0.10483871,-0.04032258,19,success,2.64791667,2.54500000,0.72444219,1.59000000,4.83000000,48,61,13,0.78688525,44,9,warning_stem_collisions,2.94834059,2.82000000,0.84501523,1.19000000,5.00000000,19525,26556,7031,0.73523874,2075,5315,warning_stem_collisions,49055,10.80069740,2335,958,21.00856531,21.14081098,0.02378962,4,0.08154113,11808,0.19400950,2985040,333789,0.11182061,success,163,626,-0.58681876,559,0.01181319,297,0.00627642,85,0.00179628,427,0.00902367,375,0.00792477,,,0.00344463,0.01322908,-0.00978445,0.01667371,2105,47320,warning_stem_collisions,success,success,exact-then-unique-porter-1.0.0,baek-smart-porter-1.0.0
S2023-121,0000023217,CAG,Conagra Brands,0001437749-23-019879,2023,2023-07-13,1.0.3,0.3.0,0,0,0.00000000,39029,1939,0,0.00000000,success,,,,,,,,,,,0,warning_denominator_zero,,,,,,,,,warning_denominator_zero,,,,,,0,0,0,,0,0,warning_denominator_zero,2.85541160,2.74000000,0.81899572,1.19000000,5.00000000,15391,20272,4881,0.75922455,1859,3786,warning_stem_collisions,38613,10.56134429,1939,816,19.91387313,20.32829764,0.04599487,0,0.00000000,10950,0.22093094,3265016,258036,0.07903055,success,200,843,-0.61649089,958,0.02630062,532,0.01460535,73,0.00200412,299,0.00820865,324,0.00889499,,,0.00549073,0.02314345,-0.01765271,0.02863418,2493,36425,warning_denominator_zero,warning_denominator_zero,success,exact-then-unique-porter-1.0.0,baek-smart-porter-1.0.0
S2023-122,0001163165,COP,ConocoPhillips,0001163165-24-000010,2023,2024-02-15,1.0.3,0.3.0,1,1,0.01586974,63013,3612,1,0.00027685,success,3,0.08571429,0,0.00000000,1,0.02857143,0,0.00000000,0,0.00000000,35,success,1,1,0.02857143,0.02857143,0.00000000,0.05714286,0.00000000,5,success,2.50750000,2.12000000,0.90278389,1.62000000,4.87000000,12,17,5,0.70588235,12,4,warning_stem_collisions,2.92396046,2.81000000,0.83315847,1.26000000,5.00000000,24631,33697,9066,0.73095528,2339,6015,warning_stem_collisions,62641,11.04517529,3612,1450,17.34246955,19.53374133,0.04219281,1,0.01596399,19047,0.23316766,5486986,417411,0.07607291,success,316,939,-0.49641434,926,0.01561367,303,0.00510901,117,0.00197279,628,0.01058897,480,0.00809348,,,0.00532821,0.01583287,-0.01050466,0.02116108,3228,59307,warning_stem_collisions,success,success,exact-then-unique-porter-1.0.0,baek-smart-porter-1.0.0
S2023-123,0001047862,ED,Consolidated Edison,0001047862-24-000012,2023,2024-02-15,1.0.3,0.3.0,1,1,0.01321790,75655,4170,1,0.00023981,success,0,0.00000000,0,0.00000000,0,0.00000000,0,0.00000000,0,0.00000000,33,success,0,2,0.00000000,0.06060606,-1.00000000,0.06060606,-0.06060606,2,success,2.51933333,2.45000000,0.44861961,1.62000000,3.38000000,15,18,3,0.83333333,15,1,warning_stem_collisions,2.97879797,2.90000000,0.79978005,1.26000000,5.00000000,29600,40313,10713,0.73425446,2072,6841,warning_stem_collisions,75372,11.23019113,4170,1492,18.07482014,20.10301453,0.05226079,1,0.01326753,28338,0.27324270,6349582,491932,0.07747471,success,182,785,-0.62357808,738,0.01049249,297,0.00422259,112,0.00159236,744,0.01057780,480,0.00682439,,,0.00258758,0.01116071,-0.00857313,0.01374829,2922,70336,warning_stem_collisions,success,success,exact-then-unique-porter-1.0.0,baek-smart-porter-1.0.0
S2023-124,0000016918,STZ,Constellation Brands,0000016918-23-000045,2023,2023-04-20,1.0.3,0.3.0,0,0,0.00000000,51574,3123,0,0.00000000,success,,,,,,,,,,,0,warning_denominator_zero,,,,,,,,,warning_denominator_zero,,,,,,0,0,0,,0,0,warning_denominator_zero,2.94766365,2.80000000,0.87258349,1.04000000,5.00000000,20746,27074,6328,0.76627022,2112,4666,warning_stem_collisions,51553,10.85036568,3123,1157,16.50752482,19.78808094,0.03082265,0,0.00000000,22300,0.30195117,4722267,341957,0.07241374,success,332,967,-0.48883757,807,0.01635756,373,0.00756056,118,0.00239181,431,0.00873619,395,0.00800649,,,0.00672950,0.01960069,-0.01287119,0.02633019,2853,49335,warning_denominator_zero,warning_denominator_zero,success,exact-then-unique-porter-1.0.0,baek-smart-porter-1.0.0
S2023-125,0001868275,CEG,Constellation Energy,0001868275-24-000014,2023,2024-02-27,1.0.3,0.3.0,1,3,0.03758315,79823,4171,1,0.00023975,success,1,0.04545455,0,0.00000000,1,0.04545455,0,0.00000000,0,0.00000000,22,success,0,2,0.00000000,0.09090909,-1.00000000,0.09090909,-0.09090909,3,success,2.68600000,2.42500000,0.81653169,1.87000000,4.57000000,10,14,4,0.71428571,10,2,warning_stem_collisions,2.88022694,2.81000000,0.79511611,1.26000000,5.00000000,31815,42713,10898,0.74485520,2439,7436,warning_stem_collisions,79289,11.28085468,4171,1794,19.00959003,20.59501757,0.03531385,3,0.03783627,18405,0.18839437,5413808,534570,0.09874196,success,307,1066,-0.55280408,1244,0.01648119,488,0.00646529,143,0.00189454,868,0.01149974,766,0.01014838,,,0.00406730,0.01412295,-0.01005564,0.01819025,4169,75480,warning_stem_collisions,success,success,exact-then-unique-porter-1.0.0,baek-smart-porter-1.0.0
S2023-126,0000711404,COO,Cooper Companies (The),0000711404-23-000072,2023,2023-12-08,1.0.3,0.3.0,0,0,0.00000000,45661,2302,0,0.00000000,success,,,,,,,,,,,0,warning_denominator_zero,,,,,,,,,warning_denominator_zero,,,,,,0,0,0,,0,0,warning_denominator_zero,2.87214595,2.75000000,0.81615545,1.04000000,5.00000000,18034,24790,6756,0.72747075,2258,4667,warning_stem_collisions,45554,10.72665371,2302,1044,19.78887924,20.44248433,0.02434473,0,0.00000000,6303,0.12154579,2143560,309360,0.14432066,success,269,967,-0.56472492,807,0.01838143,437,0.00995376,151,0.00343940,678,0.01544314,505,0.01150263,,,0.00612714,0.02202583,-0.01589869,0.02815297,3229,43903,warning_denominator_zero,warning_denominator_zero,success,exact-then-unique-porter-1.0.0,baek-smart-porter-1.0.0
S2023-127,0000900075,CPRT,Copart,0000900075-23-000034,2023,2023-09-28,1.0.3,0.3.0,1,1,0.02439143,40998,1844,1,0.00054230,success,1,0.02857143,0,0.00000000,1,0.02857143,0,0.00000000,0,0.00000000,35,success,0,0,0.00000000,0.00000000,,0.00000000,0.00000000,1,success,2.86375000,2.78500000,0.92351824,1.68000000,4.64000000,16,22,6,0.72727273,16,4,warning_stem_collisions,2.96299885,2.86000000,0.85034708,1.26000000,5.00000000,16453,21235,4782,0.77480575,2015,3529,warning_stem_collisions,41061,10.62281404,1844,800,22.26735358,20.53539033,0.02730085,1,0.02435401,5455,0.11727148,2084850,269379,0.12920786,success,247,695,-0.47558386,639,0.01616208,335,0.00847308,105,0.00265574,410,0.01037003,257,0.00650024,,,0.00624731,0.01757847,-0.01133116,0.02382578,2247,39537,warning_stem_collisions,success,success,exact-then-unique-porter-1.0.0,baek-smart-porter-1.0.0
S2023-128,0000024741,GLW,Corning Inc.,0001437749-24-003735,2023,2024-02-12,1.0.3,0.3.0,1,1,0.02756796,36274,2243,1,0.00044583,success,0,0.00000000,1,0.01265823,0,0.00000000,0,0.00000000,0,0.00000000,79,success,3,2,0.03797468,0.02531646,0.20000000,0.06329114,0.01265823,6,success,3.16820513,3.24000000,0.88512167,1.62000000,4.89000000,39,48,9,0.81250000,37,7,warning_stem_collisions,2.99011872,2.86000000,0.87663461,1.25000000,5.00000000,14741,19814,5073,0.74396891,1980,3549,warning_stem_collisions,36171,10.49601297,2243,849,16.12617031,19.85625153,0.03881563,1,0.02764646,14403,0.28479060,3950612,246517,0.06239970,success,240,535,-0.38064516,555,0.01622665,222,0.00649066,74,0.00216355,294,0.00859574,258,0.00754320,,,0.00701693,0.01564190,-0.00862497,0.02265883,1848,34203,warning_stem_collisions,success,success,exact-then-unique-porter-1.0.0,baek-smart-porter-1.0.0
S2023-129,0001755672,CTVA,Corteva,0001755672-24-000004,2023,2024-02-08,1.0.3,0.3.0,1,2,0.02708779,73834,3753,2,0.00053291,success,2,0.02631579,0,0.00000000,2,0.02631579,0,0.00000000,1,0.01315789,76,success,2,1,0.02631579,0.01315789,0.33333333,0.03947368,0.01315789,6,success,2.61666667,2.44000000,0.77594777,1.50000000,4.70000000,33,48,15,0.68750000,30,11,warning_stem_collisions,2.90694404,2.81000000,0.80734801,1.19000000,5.00000000,29359,40463,11104,0.72557645,2331,6900,warning_stem_collisions,73681,11.20750024,3753,1668,19.63256062,20.70228048,0.04229041,2,0.02714404,14200,0.16158214,4752232,501380,0.10550411,success,335,1444,-0.62338392,1099,0.01588403,396,0.00572345,117,0.00169102,1128,0.01630317,551,0.00796369,,,0.00484181,0.02087037,-0.01602856,0.02571218,4317,69189,warning_stem_collisions,success,success,exact-then-unique-porter-1.0.0,baek-smart-porter-1.0.0
S2023-130,0000909832,COST,Costco,0000909832-23-000042,2023,2023-10-11,1.0.3,0.3.0,0,0,0.00000000,25754,1419,0,0.00000000,success,,,,,,,,,,,0,warning_denominator_zero,,,,,,,,,warning_denominator_zero,,,,,,0,0,0,,0,0,warning_denominator_zero,2.95106742,2.86000000,0.84845781,1.29000000,5.00000000,10427,13846,3419,0.75306948,1672,2575,warning_stem_collisions,25895,10.16180518,1419,581,18.24876674,19.62566603,0.03417648,0,0.00000000,4672,0.15284457,1502612,173981,0.11578571,success,129,601,-0.64657534,442,0.01795215,197,0.00800130,32,0.00129970,300,0.01218472,161,0.00653913,,,0.00523943,0.02441006,-0.01917063,0.02964949,1547,24621,warning_denominator_zero,warning_denominator_zero,success,exact-then-unique-porter-1.0.0,baek-smart-porter-1.0.0
S2023-131,0001051470,CCI,Crown Castle,0001051470-24-000062,2023,2024-02-23,1.0.3,0.3.0,1,2,0.04015500,49807,2274,2,0.00087951,success,1,0.01176471,0,0.00000000,1,0.01176471,0,0.00000000,0,0.00000000,85,success,0,0,0.00000000,0.00000000,,0.00000000,0.00000000,1,success,3.07720930,2.93000000,0.71021230,2.07000000,4.89000000,43,58,15,0.74137931,34,8,warning_stem_collisions,2.93984713,2.83000000,0.83655731,1.19000000,5.00000000,19886,26070,6184,0.76279248,1844,4619,warning_stem_collisions,49716,10.81408209,2274,1014,21.86279683,20.88619893,0.04284335,2,0.04022850,11276,0.18487671,2474084,331438,0.13396392,success,222,708,-0.52258065,871,0.01857460,381,0.00812505,122,0.00260172,404,0.00861554,399,0.00850891,,,0.00473428,0.01509852,-0.01036424,0.01983281,2641,46892,warning_stem_collisions,success,success,exact-then-unique-porter-1.0.0,baek-smart-porter-1.0.0
S2023-132,0000026172,CMI,Cummins,0000026172-24-000012,2023,2024-02-12,1.0.3,0.3.0,0,0,0.00000000,55562,2880,0,0.00000000,success,,,,,,,,,,,0,warning_denominator_zero,,,,,,,,,warning_denominator_zero,,,,,,0,0,0,,0,0,warning_denominator_zero,2.93375572,2.86000000,0.82227179,1.19000000,5.00000000,22278,29705,7427,0.74997475,2130,5291,warning_stem_collisions,55313,10.92076324,2880,1163,19.20590278,20.09594404,0.03431381,0,0.00000000,14517,0.20789059,4790363,370601,0.07736387,success,319,823,-0.44133100,857,0.01623137,310,0.00587132,115,0.00217807,428,0.00810621,372,0.00704559,,,0.00604178,0.01558742,-0.00954564,0.02162920,2752,52799,warning_denominator_zero,warning_denominator_zero,success,exact-then-unique-porter-1.0.0,baek-smart-porter-1.0.0
S2023-133,0000882184,DHI,D. R. Horton,0000882184-23-000115,2023,2023-11-17,1.0.3,0.3.0,1,1,0.02168445,46116,2454,1,0.00040750,success,0,0.00000000,0,0.00000000,0,0.00000000,0,0.00000000,0,0.00000000,34,success,0,3,0.00000000,0.08823529,-1.00000000,0.08823529,-0.08823529,3,success,2.65823529,2.60000000,0.67138343,1.64000000,4.11000000,17,18,1,0.94444444,17,1,warning_stem_collisions,2.90707329,2.86000000,0.78714571,1.19000000,5.00000000,18174,24271,6097,0.74879486,1707,4797,warning_stem_collisions,45778,10.73155891,2454,1021,18.65444173,19.97932383,0.04257504,1,0.02184455,10703,0.18949735,2828919,307063,0.10854429,success,180,708,-0.59459459,664,0.01533806,340,0.00785383,58,0.00133977,438,0.01011758,508,0.01173454,,,0.00415791,0.01635444,-0.01219653,0.02051235,2370,43291,warning_stem_collisions,success,success,exact-then-unique-porter-1.0.0,baek-smart-porter-1.0.0
S2023-134,0000936340,DTE,DTE Energy,0000936340-24-000076,2023,2024-02-08,1.0.3,0.3.0,0,0,0.00000000,59819,3272,0,0.00000000,success,,,,,,,,,,,0,warning_denominator_zero,,,,,,,,,warning_denominator_zero,,,,,,0,0,0,,0,0,warning_denominator_zero,2.89870050,2.83000000,0.78088510,1.26000000,5.00000000,24417,34073,9656,0.71660846,2052,6081,warning_stem_collisions,59372,10.99157801,3272,1445,18.14547677,21.41416208,0.03115947,0,0.00000000,20275,0.25456075,6035982,406461,0.06733966,success,248,680,-0.46551724,857,0.01516707,301,0.00532706,139,0.00246000,677,0.01198145,474,0.00838879,,,0.00438907,0.01203455,-0.00764548,0.01642362,2946,56504,warning_denominator_zero,warning_denominator_zero,success,exact-then-unique-porter-1.0.0,baek-smart-porter-1.0.0
S2023-135,0000927066,DVA,DaVita,0000927066-24-000013,2023,2024-02-14,1.0.3,0.3.0,1,3,0.03875919,77401,3044,2,0.00065703,success,1,0.02083333,0,0.00000000,1,0.02083333,0,0.00000000,0,0.00000000,48,success,1,0,0.02083333,0.00000000,1.00000000,0.02083333,0.02083333,2,success,3.03954545,3.03500000,0.76462396,1.93000000,4.25000000,22,32,10,0.68750000,17,8,warning_stem_collisions,2.84709856,2.72000000,0.79111625,1.19000000,5.00000000,30023,40808,10785,0.73571359,2426,8018,warning_stem_collisions,77356,11.25617342,3044,1413,25.41261498,22.59724715,0.02519520,3,0.03878174,7266,0.08586420,3053589,521350,0.17073352,success,486,1694,-0.55412844,1452,0.01951062,717,0.00963438,143,0.00192150,1261,0.01694414,685,0.00920439,,,0.00653041,0.02276239,-0.01623198,0.02929281,5419,74421,warning_stem_collisions,success,success,exact-then-unique-porter-1.0.0,baek-smart-porter-1.0.0
S2023-136,0000313616,DHR,Danaher Corporation,0000313616-24-000052,2023,2024-02-21,1.0.3,0.3.0,1,18,0.27638731,65126,2601,13,0.00499808,success,17,0.04509284,5,0.01326260,13,0.03448276,1,0.00265252,3,0.00795756,377,success,5,19,0.01326260,0.05039788,-0.58333333,0.06366048,-0.03713528,50,success,2.56013699,2.50000000,0.61551514,1.50000000,4.34000000,146,207,61,0.70531401,92,42,warning_stem_collisions,2.85834795,2.76000000,0.79436235,1.04000000,5.00000000,25320,34795,9475,0.72769076,2387,6737,warning_stem_collisions,65088,11.08349548,2601,1080,25.02422145,23.00370653,0.03112709,18,0.27654867,9356,0.12567836,3046704,443496,0.14556583,success,335,1484,-0.63166575,1040,0.01683447,390,0.00631293,95,0.00153776,898,0.01453592,577,0.00933989,,,0.00542264,0.02402150,-0.01859885,0.02944414,4140,61778,warning_stem_collisions,success,success,exact-then-unique-porter-1.0.0,baek-smart-porter-1.0.0
S2023-137,0000940944,DRI,Darden Restaurants,0000940944-23-000037,2023,2023-07-21,1.0.3,0.3.0,0,0,0.00000000,38563,1865,0,0.00000000,success,,,,,,,,,,,0,warning_denominator_zero,,,,,,,,,warning_denominator_zero,,,,,,0,0,0,,0,0,warning_denominator_zero,2.98166304,2.83000000,0.91044668,1.26000000,5.00000000,15640,20536,4896,0.76158940,2080,3691,warning_stem_collisions,38454,10.55721800,1865,780,20.61876676,20.19804357,0.03398866,0,0.00000000,8667,0.18393073,2417831,255966,0.10586596,success,239,726,-0.50466321,752,0.02055712,454,0.01241081,61,0.00166753,279,0.00762691,268,0.00732621,,,0.00653345,0.01984637,-0.01331292,0.02637981,2172,36581,warning_denominator_zero,warning_denominator_zero,success,exact-then-unique-porter-1.0.0,baek-smart-porter-1.0.0
S2023-138,0000315189,DE,Deere & Company,0001558370-23-019812,2023,2023-12-15,1.0.3,0.3.0,1,7,0.15412392,45418,2869,7,0.00243987,success,1,0.00689655,1,0.00689655,1,0.00689655,0,0.00000000,1,0.00689655,145,success,2,1,0.01379310,0.00689655,0.33333333,0.02068966,0.00689655,6,success,2.82969231,2.54000000,0.89784694,1.60000000,5.00000000,65,84,19,0.77380952,31,9,warning_stem_collisions,2.93910368,2.85000000,0.84199066,1.25000000,5.00000000,18576,24630,6054,0.75420219,2015,4642,warning_stem_collisions,45114,10.71694790,2869,953,15.72464273,19.93503914,0.03258412,7,0.15516248,19111,0.29756325,10553529,306002,0.02899523,success,239,699,-0.49040512,682,0.01581083,297,0.00688536,55,0.00127507,337,0.00781268,308,0.00714037,,,0.00554074,0.01620494,-0.01066419,0.02174568,2213,43135,warning_stem_collisions,success,success,exact-then-unique-porter-1.0.0,baek-smart-porter-1.0.0
S2023-139,0000027904,DAL,Delta Air Lines,0000027904-24-000003,2023,2024-02-12,1.0.3,0.3.0,0,0,0.00000000,50835,2663,0,0.00000000,success,,,,,,,,,,,0,warning_denominator_zero,,,,,,,,,warning_denominator_zero,,,,,,0,0,0,,0,0,warning_denominator_zero,3.00488838,2.90000000,0.84263207,1.19000000,5.00000000,20516,27119,6603,0.75651757,2151,4835,warning_stem_collisions,50932,10.83824669,2663,1167,19.12579797,18.95758431,0.04720019,0,0.00000000,7028,0.12125604,2558962,336034,0.13131653,success,315,651,-0.34782609,684,0.01429885,289,0.00604148,90,0.00188143,414,0.00865457,464,0.00969981,,,0.00658500,0.01360900,-0.00702400,0.02019400,2502,47836,warning_denominator_zero,warning_denominator_zero,success,exact-then-unique-porter-1.0.0,baek-smart-porter-1.0.0
S2023-140,0000818479,XRAY,Dentsply Sirona,0000818479-24-000021,2023,2024-02-29,1.0.3,0.3.0,1,16,0.27889627,57369,2574,11,0.00427350,success,13,0.03523035,8,0.02168022,11,0.02981030,1,0.00271003,4,0.01084011,369,success,2,12,0.00542005,0.03252033,-0.71428571,0.03794038,-0.02710027,39,success,2.75706294,2.57000000,0.79550119,1.50000000,4.69000000,143,196,53,0.72959184,98,33,warning_stem_collisions,2.86900281,2.76000000,0.79380123,1.04000000,5.00000000,22784,31026,8242,0.73435183,2375,6170,warning_stem_collisions,57313,10.95628275,2574,1049,22.26612277,21.82080753,0.02796922,16,0.27916877,11439,0.16638061,3902110,389135,0.09972425,success,382,1489,-0.59166221,1216,0.02216672,541,0.00986200,131,0.00238803,722,0.01316149,531,0.00967971,,,0.00696356,0.02714330,-0.02017974,0.03410686,4111,54857,warning_stem_collisions,success,success,exact-then-unique-porter-1.0.0,baek-smart-porter-1.0.0
S2023-141,0001090012,DVN,Devon Energy,0000950170-24-021781,2023,2024-02-28,1.0.3,0.3.0,1,1,0.01692162,59096,3001,1,0.00033322,success,1,0.02702703,0,0.00000000,0,0.00000000,0,0.00000000,0,0.00000000,37,success,0,0,0.00000000,0.00000000,,0.00000000,0.00000000,1,success,2.75611111,2.90000000,0.60956395,1.54000000,3.93000000,18,20,2,0.90000000,17,2,warning_stem_collisions,2.92980594,2.82000000,0.84717245,1.04000000,5.00000000,23601,32417,8816,0.72804393,2024,5863,warning_stem_collisions,58725,10.98062081,3001,1102,19.56847717,20.43712178,0.03167305,1,0.01702852,10443,0.15098022,5080619,395508,0.07784642,success,212,922,-0.62610229,866,0.01546622,258,0.00460772,87,0.00155377,564,0.01007269,629,0.01123355,,,0.00378619,0.01646634,-0.01268016,0.02025253,3070,55993,warning_stem_collisions,success,success,exact-then-unique-porter-1.0.0,baek-smart-porter-1.0.0
S2023-142,0001093557,DXCM,Dexcom,0001093557-24-000021,2023,2024-02-08,1.0.3,0.3.0,1,1,0.01351461,73994,3212,1,0.00031133,success,1,0.03333333,0,0.00000000,0,0.00000000,0,0.00000000,0,0.00000000,30,success,0,0,0.00000000,0.00000000,,0.00000000,0.00000000,1,success,2.75062500,2.50000000,0.71235936,1.66000000,4.25000000,16,20,4,0.80000000,15,2,warning_stem_collisions,2.84507508,2.73000000,0.80397365,1.19000000,5.00000000,28701,38045,9344,0.75439611,2773,6914,warning_stem_collisions,74067,11.21272537,3212,1264,23.05946451,20.95304193,0.01995491,1,0.01350129,9675,0.11553342,2524417,490669,0.19436923,success,457,2074,-0.63887791,1635,0.02276842,1056,0.01470547,222,0.00309149,1206,0.01679432,714,0.00994290,,,0.00636402,0.02888177,-0.02251776,0.03524579,5949,71810,warning_stem_collisions,success,success,exact-then-unique-porter-1.0.0,baek-smart-porter-1.0.0
S2023-143,0001539838,FANG,Diamondback Energy,0001539838-24-000019,2023,2024-02-22,1.0.3,0.3.0,0,0,0.00000000,70358,3084,0,0.00000000,success,,,,,,,,,,,0,warning_denominator_zero,,,,,,,,,warning_denominator_zero,,,,,,0,0,0,,0,0,warning_denominator_zero,2.93511417,2.77000000,0.87741525,1.19000000,5.00000000,28378,37201,8823,0.76282896,2398,6663,warning_stem_collisions,70146,11.15833406,3084,1302,22.74513619,21.94965284,0.03411456,0,0.00000000,13967,0.16605043,3544366,465916,0.13145256,success,338,1330,-0.59472422,1371,0.02044407,678,0.01011020,179,0.00266921,669,0.00997599,748,0.01115402,,,0.00504019,0.01983269,-0.01479250,0.02487288,4428,67061,warning_denominator_zero,warning_denominator_zero,success,exact-then-unique-porter-1.0.0,baek-smart-porter-1.0.0
S2023-144,0001297996,DLR,Digital Realty,0001558370-24-001575,2023,2024-02-23,1.0.3,0.3.0,1,2,0.02625327,76181,4273,2,0.00046806,success,3,0.03797468,0,0.00000000,1,0.01265823,1,0.01265823,0,0.00000000,79,success,1,4,0.01265823,0.05063291,-0.60000000,0.06329114,-0.03797468,9,success,2.65093750,2.43000000,0.79583038,1.63000000,4.64000000,32,42,10,0.76190476,30,9,warning_stem_collisions,2.88297438,2.80000000,0.78489115,1.19000000,5.00000000,30988,40112,9124,0.77253690,2223,6608,warning_stem_collisions,76291,11.24231025,4273,1446,17.85420080,20.32247330,0.03056717,2,0.02621541,28402,0.27128843,8304317,504529,0.06075503,success,478,994,-0.35054348,1314,0.01797587,632,0.00864593,201,0.00274973,473,0.00647077,588,0.00804400,,,0.00653917,0.01359818,-0.00705902,0.02013735,3900,73098,warning_stem_collisions,success,success,exact-then-unique-porter-1.0.0,baek-smart-porter-1.0.0
S2023-145,0000029534,DG,Dollar General,0001558370-23-004574,2023,2023-03-24,1.0.3,0.3.0,0,0,0.00000000,39462,1861,0,0.00000000,success,,,,,,,,,,,0,warning_denominator_zero,,,,,,,,,warning_denominator_zero,,,,,,0,0,0,,0,0,warning_denominator_zero,2.92108674,2.83000000,0.84040822,1.19000000,5.00000000,15910,20734,4824,0.76733867,1892,3725,warning_stem_collisions,39386,10.58116570,1861,569,21.16389038,21.20768157,0.04374651,0,0.00000000,10787,0.21499611,2410856,262017,0.10868214,success,243,717,-0.49375000,729,0.01963213,337,0.00907549,94,0.00253144,281,0.00756739,296,0.00797135,,,0.00654404,0.01930897,-0.01276493,0.02585301,2211,37133,warning_denominator_zero,warning_denominator_zero,success,exact-then-unique-porter-1.0.0,baek-smart-porter-1.0.0
S2023-146,0000935703,DLTR,Dollar Tree,0000935703-23-000016,2023,2023-03-10,1.0.3,0.3.0,0,0,0.00000000,33723,1587,0,0.00000000,success,,,,,,,,,,,0,warning_denominator_zero,,,,,,,,,warning_denominator_zero,,,,,,0,0,0,,0,0,warning_denominator_zero,2.97379561,2.86000000,0.88658534,1.26000000,5.00000000,13484,17544,4060,0.76858185,1864,3253,warning_stem_collisions,33582,10.42174549,1587,710,21.16068053,19.89827540,0.03698410,0,0.00000000,4963,0.12875859,2037231,222546,0.10923945,success,187,800,-0.62107396,603,0.01885789,312,0.00975732,68,0.00212659,294,0.00919440,282,0.00881911,,,0.00584814,0.02501876,-0.01917063,0.03086690,2065,31976,warning_denominator_zero,warning_denominator_zero,success,exact-then-unique-porter-1.0.0,baek-smart-porter-1.0.0
S2023-147,0000715957,D,Dominion Energy,0000950170-24-019110,2023,2024-02-23,1.0.3,0.3.0,1,1,0.00549242,182069,7337,1,0.00013630,success,0,0.00000000,0,0.00000000,0,0.00000000,0,0.00000000,0,0.00000000,23,success,0,0,0.00000000,0.00000000,,0.00000000,0.00000000,0,success,2.49100000,2.46000000,0.41302421,1.83000000,3.24000000,10,14,4,0.71428571,10,3,warning_stem_collisions,2.87128497,2.85000000,0.77868143,1.19000000,5.00000000,72811,98916,26105,0.73608921,2390,16612,warning_stem_collisions,179113,12.09577217,7337,2324,24.41229385,22.88218652,0.05315639,1,0.00558307,23288,0.11505872,13737511,1209750,0.08806180,success,637,2045,-0.52498136,2030,0.01219923,743,0.00446504,374,0.00224754,2395,0.01439268,1265,0.00760198,,,0.00382803,0.01228937,-0.00846134,0.01611740,8289,166404,warning_stem_collisions,success,success,exact-then-unique-porter-1.0.0,baek-smart-porter-1.0.0
S2023-148,0000029905,DOV,Dover Corporation,0000029905-24-000008,2023,2024-02-09,1.0.3,0.3.0,1,4,0.09368120,42698,2202,3,0.00136240,success,1,0.00531915,0,0.00000000,0,0.00000000,0,0.00000000,0,0.00000000,188,success,8,1,0.04255319,0.00531915,0.77777778,0.04787234,0.03723404,10,success,3.20714286,3.28000000,0.80199790,1.68000000,4.76000000,91,127,36,0.71653543,61,26,warning_stem_collisions,2.91495717,2.82000000,0.81302088,1.04000000,5.00000000,17510,23198,5688,0.75480645,1990,4302,warning_stem_collisions,42388,10.65462058,2202,1013,19.24977293,21.22782009,0.03696801,4,0.09436633,11107,0.20762688,3251427,291571,0.08967478,success,363,632,-0.27035176,712,0.01771585,213,0.00529983,61,0.00151779,284,0.00706643,243,0.00604628,,,0.00903210,0.01572530,-0.00669321,0.02475740,2190,40190,warning_stem_collisions,success,success,exact-then-unique-porter-1.0.0,baek-smart-porter-1.0.0
S2023-149,0001751788,DOW,Dow Inc.,0001751788-24-000010,2023,2024-01-31,1.0.3,0.3.0,1,2,0.03439440,58149,3051,2,0.00065552,success,3,0.06122449,0,0.00000000,1,0.02040816,0,0.00000000,0,0.00000000,49,success,2,2,0.04081633,0.04081633,0.00000000,0.08163265,0.00000000,7,success,2.73958333,2.42000000,0.82278733,1.63000000,4.87000000,24,30,6,0.80000000,22,4,warning_stem_collisions,2.93324400,2.85000000,0.81704396,1.04000000,5.00000000,23246,32038,8792,0.72557588,2266,5503,warning_stem_collisions,57920,10.96681803,3051,1285,18.98393969,21.18357091,0.04190262,2,0.03453039,15754,0.21383392,4700487,394568,0.08394194,success,400,851,-0.36051159,735,0.01356489,228,0.00420788,115,0.00212240,535,0.00987376,463,0.00854496,,,0.00738225,0.01570574,-0.00832349,0.02308800,2909,54184,warning_stem_collisions,success,success,exact-then-unique-porter-1.0.0,baek-smart-porter-1.0.0
S2023-150,0001666700,DD,DuPont,0001666700-24-000008,2023,2024-02-15,1.0.3,0.3.0,0,0,0.00000000,64325,3065,0,0.00000000,success,,,,,,,,,,,0,warning_denominator_zero,,,,,,,,,warning_denominator_zero,,,,,,0,0,0,,0,0,warning_denominator_zero,2.90288618,2.82000000,0.79995223,1.04000000,5.00000000,25144,34774,9630,0.72306896,2156,6033,warning_stem_collisions,64345,11.07201451,3065,1264,20.99347471,20.95031955,0.04600202,0,0.00000000,10271,0.13765144,3699036,432765,0.11699400,success,246,1254,-0.67200000,836,0.01387207,315,0.00522691,131,0.00217373,741,0.01229569,479,0.00794823,,,0.00408197,0.02080810,-0.01672613,0.02489007,3400,60265,warning_denominator_zero,warning_denominator_zero,success,exact-then-unique-porter-1.0.0,baek-smart-porter-1.0.0
S2023-151,0001326160,DUK,Duke Energy,0001326160-24-000037,2023,2024-02-23,1.0.3,0.3.0,0,0,0.00000000,102997,6033,0,0.00000000,success,,,,,,,,,,,0,warning_denominator_zero,,,,,,,,,warning_denominator_zero,,,,,,0,0,0,,0,0,warning_denominator_zero,2.94507462,2.90000000,0.80331151,1.19000000,5.00000000,43753,58806,15053,0.74402272,2558,10257,warning_stem_collisions,102399,11.53663223,6033,2477,16.97314769,21.70012656,0.03241243,0,0.00000000,52184,0.33757916,15055023,689656,0.04580903,success,652,1304,-0.33333333,1280,0.01309088,456,0.00466363,161,0.00164659,1615,0.01651701,875,0.00894884,,,0.00666817,0.01333633,-0.00666817,0.02000450,5656,97778,warning_denominator_zero,warning_denominator_zero,success,exact-then-unique-porter-1.0.0,baek-smart-porter-1.0.0
S2023-152,0000821189,EOG,EOG Resources,0000821189-24-000011,2023,2024-02-22,1.0.3,0.3.0,0,0,0.00000000,51429,2352,0,0.00000000,success,,,,,,,,,,,0,warning_denominator_zero,,,,,,,,,warning_denominator_zero,,,,,,0,0,0,,0,0,warning_denominator_zero,2.94930929,2.82000000,0.87543601,1.26000000,5.00000000,20023,28061,8038,0.71355262,1949,5461,warning_stem_collisions,51445,10.84826855,2352,1003,21.87287415,21.59685730,0.04404704,0,0.00000000,11623,0.18429314,3189028,342251,0.10732142,success,192,705,-0.57190635,754,0.01558399,337,0.00696526,92,0.00190149,537,0.01109894,400,0.00826737,,,0.00396834,0.01457123,-0.01060290,0.01853957,2559,48383,warning_denominator_zero,warning_denominator_zero,success,exact-then-unique-porter-1.0.0,baek-smart-porter-1.0.0
S2023-153,0001352010,EPAM,EPAM Systems,0001352010-24-000008,2023,2024-02-22,1.0.3,0.3.0,1,30,0.64981480,46167,2045,23,0.01124694,success,14,0.01772152,12,0.01518987,13,0.01645570,2,0.00253165,5,0.00632911,790,success,10,26,0.01265823,0.03291139,-0.44444444,0.04556962,-0.02025316,65,success,2.82581250,2.69000000,0.78264972,1.54000000,4.93000000,320,447,127,0.71588367,196,94,warning_stem_collisions,2.85627468,2.79000000,0.79883628,1.19000000,5.00000000,17781,24158,6377,0.73602947,2080,4741,warning_stem_collisions,46114,10.73887187,2045,879,22.54963325,21.85573775,0.03092336,30,0.65056165,8101,0.14942359,3007067,310819,0.10336284,success,333,956,-0.48332040,883,0.02002086,391,0.00886541,82,0.00185924,385,0.00872937,337,0.00764103,,,0.00755034,0.02167604,-0.01412570,0.02922637,2813,44104,warning_stem_collisions,success,success,exact-then-unique-porter-1.0.0,baek-smart-porter-1.0.0
S2023-154,0000033213,EQT,EQT Corporation,0000033213-24-000008,2023,2024-02-14,1.0.3,0.3.0,0,0,0.00000000,60720,2640,0,0.00000000,success,,,,,,,,,,,0,warning_denominator_zero,,,,,,,,,warning_denominator_zero,,,,,,0,0,0,,0,0,warning_denominator_zero,2.91602567,2.80000000,0.85263576,1.19000000,5.00000000,24077,32239,8162,0.74682838,2331,5931,warning_stem_collisions,60517,11.01067960,2640,984,22.92310606,22.12794804,0.03247021,0,0.00000000,12349,0.16947548,2921995,401661,0.13746122,success,210,1156,-0.69253294,1170,0.02023976,543,0.00939333,100,0.00172989,806,0.01394295,592,0.01024097,,,0.00363278,0.01999758,-0.01636480,0.02363036,3830,57807,warning_denominator_zero,warning_denominator_zero,success,exact-then-unique-porter-1.0.0,baek-smart-porter-1.0.0
S2023-155,0000915389,EMN,Eastman Chemical Co.,0000915389-24-000016,2023,2024-02-14,1.0.3,0.3.0,1,4,0.08635206,46322,2238,4,0.00178731,success,4,0.02500000,0,0.00000000,0,0.00000000,0,0.00000000,0,0.00000000,160,success,6,0,0.03750000,0.00000000,1.00000000,0.03750000,0.03750000,10,success,3.32065217,3.09000000,0.89748054,1.66000000,4.86000000,92,110,18,0.83636364,43,10,warning_stem_collisions,2.93736981,2.85000000,0.82606663,1.26000000,5.00000000,18915,26231,7316,0.72109336,1990,4804,warning_stem_collisions,46123,10.73906702,2238,944,20.60902592,22.31730362,0.03382260,4,0.08672463,12502,0.21325373,3833741,319823,0.08342322,success,354,698,-0.32699620,696,0.01597466,218,0.00500356,83,0.00190502,372,0.00853818,328,0.00752829,,,0.00812504,0.01602057,-0.00789552,0.02414561,2366,43569,warning_stem_collisions,success,success,exact-then-unique-porter-1.0.0,baek-smart-porter-1.0.0
S2023-156,0001551182,ETN,Eaton Corporation,0001551182-24-000006,2023,2024-02-29,1.0.3,0.3.0,0,0,0.00000000,33141,1697,0,0.00000000,success,,,,,,,,,,,0,warning_denominator_zero,,,,,,,,,warning_denominator_zero,,,,,,0,0,0,,0,0,warning_denominator_zero,2.91116668,2.86000000,0.80008844,1.04000000,5.00000000,13097,17900,4803,0.73167598,1675,3411,warning_stem_collisions,33076,10.40656322,1697,678,19.49086623,20.92902655,0.04353610,0,0.00000000,11459,0.25730324,3421113,221104,0.06462926,success,201,435,-0.36792453,423,0.01360347,126,0.00405210,72,0.00231548,282,0.00906898,257,0.00826499,,,0.00646406,0.01398939,-0.00752533,0.02045345,1572,31095,warning_denominator_zero,warning_denominator_zero,success,exact-then-unique-porter-1.0.0,baek-smart-porter-1.0.0
S2023-157,0000031462,ECL,Ecolab,0001558370-24-001581,2023,2024-02-23,1.0.3,0.3.0,1,1,0.01697447,58912,3144,1,0.00031807,success,0,0.00000000,0,0.00000000,0,0.00000000,2,0.04255319,0,0.00000000,47,success,2,1,0.04255319,0.02127660,0.33333333,0.06382979,0.02127660,5,success,2.61687500,2.42500000,0.62561688,1.76000000,3.72000000,16,19,3,0.84210526,15,3,warning_stem_collisions,2.92756523,2.86000000,0.81160303,1.19000000,5.00000000,23801,31903,8102,0.74604269,2096,6028,warning_stem_collisions,58713,10.98041645,3144,996,18.67461832,20.25627187,0.03619301,1,0.01703200,14496,0.19800844,8096717,398339,0.04919759,success,378,791,-0.35329341,753,0.01351861,241,0.00432667,91,0.00163372,573,0.01028707,399,0.00716325,,,0.00678623,0.01420082,-0.00741459,0.02098706,2804,55701,warning_stem_collisions,success,success,exact-then-unique-porter-1.0.0,baek-smart-porter-1.0.0
S2023-158,0000827052,EIX,Edison International,0000827052-24-000013,2023,2024-02-22,1.0.3,0.3.0,1,1,0.01056960,94611,4344,1,0.00023020,success,2,0.05263158,1,0.02631579,1,0.02631579,0,0.00000000,1,0.02631579,38,success,0,6,0.00000000,0.15789474,-1.00000000,0.15789474,-0.15789474,10,success,2.63052632,2.62000000,0.72715360,1.63000000,4.93000000,19,27,8,0.70370370,19,5,warning_stem_collisions,2.92192295,2.82000000,0.81664213,1.26000000,5.00000000,36184,51844,15660,0.69793997,2234,8920,warning_stem_collisions,94565,11.45704271,4344,1356,21.76910681,21.77495987,0.04490033,1,0.01057474,23212,0.19708432,7761774,630502,0.08123169,success,247,2108,-0.79023355,1412,0.01596942,514,0.00581323,237,0.00268042,1538,0.01739445,770,0.00870854,,,0.00279352,0.02384103,-0.02104751,0.02663455,5700,88419,warning_stem_collisions,success,success,exact-then-unique-porter-1.0.0,baek-smart-porter-1.0.0
S2023-159,0001099800,EW,Edwards Lifesciences,0001099800-24-000004,2023,2024-02-12,1.0.3,0.3.0,1,1,0.02352000,42517,2156,1,0.00046382,success,0,0.00000000,0,0.00000000,0,0.00000000,0,0.00000000,0,0.00000000,51,success,3,0,0.05882353,0.00000000,1.00000000,0.05882353,0.05882353,3,success,2.96655172,2.62000000,0.78150728,1.75000000,4.36000000,29,32,3,0.90625000,26,1,warning_stem_collisions,2.86246146,2.75000000,0.80375701,1.26000000,5.00000000,16929,22714,5785,0.74531126,2074,4017,warning_stem_collisions,42242,10.65117027,2156,936,19.59276438,20.60806826,0.03032527,1,0.02367312,7578,0.15210759,2807361,287035,0.10224371,success,270,781,-0.48620362,794,0.01967246,388,0.00961324,82,0.00203166,503,0.01246253,343,0.00849830,,,0.00668963,0.01935036,-0.01266074,0.02603999,2649,40361,warning_stem_collisions,success,success,exact-then-unique-porter-1.0.0,baek-smart-porter-1.0.0
S2023-160,0000712515,EA,Electronic Arts,0000712515-23-000028,2023,2023-05-24,1.0.3,0.3.0,1,4,0.10440593,38312,1702,3,0.00176263,success,3,0.02362205,2,0.01574803,3,0.02362205,0,0.00000000,0,0.00000000,127,success,3,1,0.02362205,0.00787402,0.50000000,0.03149606,0.01574803,9,success,2.84400000,2.67000000,0.77435392,1.40000000,4.80000000,50,70,20,0.71428571,42,14,warning_stem_collisions,2.89350082,2.83000000,0.81085550,1.26000000,5.00000000,15185,20053,4868,0.75724331,1754,3782,warning_stem_collisions,38229,10.55134967,1702,718,22.46122209,20.37713108,0.03246227,4,0.10463261,6121,0.13801578,2872474,253315,0.08818705,success,221,617,-0.47255370,606,0.01661503,318,0.00871878,71,0.00194665,307,0.00841719,341,0.00934938,,,0.00605928,0.01691662,-0.01085735,0.02297590,2067,36473,warning_stem_collisions,success,success,exact-then-unique-porter-1.0.0,baek-smart-porter-1.0.0
S2023-161,0001156039,ELV,Elevance Health,0001156039-24-000015,2023,2024-02-21,1.0.3,0.3.0,1,3,0.04120483,72807,3288,2,0.00060827,success,3,0.04166667,0,0.00000000,2,0.02777778,0,0.00000000,0,0.00000000,72,success,3,1,0.04166667,0.01388889,0.50000000,0.05555556,0.02777778,7,success,2.95333333,3.00000000,0.75510608,1.68000000,4.48000000,27,39,12,0.69230769,22,11,warning_stem_collisions,2.83174699,2.72000000,0.78267872,1.26000000,5.00000000,28947,39135,10188,0.73967037,2383,7695,warning_stem_collisions,72514,11.19153493,3288,1415,22.05413625,21.61769794,0.03584135,3,0.04137132,11937,0.14134824,4164544,491194,0.11794665,success,495,1401,-0.47784810,1169,0.01691164,454,0.00656791,131,0.00189514,1149,0.01662230,682,0.00986633,,,0.00716104,0.02026792,-0.01310688,0.02742897,4554,69124,warning_stem_collisions,success,success,exact-then-unique-porter-1.0.0,baek-smart-porter-1.0.0
S2023-162,0000032604,EMR,Emerson Electric,0000032604-23-000044,2023,2023-11-13,1.0.3,0.3.0,0,0,0.00000000,35706,1667,0,0.00000000,success,,,,,,,,,,,0,warning_denominator_zero,,,,,,,,,warning_denominator_zero,,,,,,0,0,0,,0,0,warning_denominator_zero,2.93693073,2.82000000,0.80729730,1.26000000,5.00000000,14075,19070,4995,0.73807027,1689,3348,warning_stem_collisions,35541,10.47844224,1667,681,21.32033593,21.29823591,0.06477027,0,0.00000000,6091,0.14630573,2813367,239362,0.08508026,success,240,549,-0.39163498,543,0.01663144,194,0.00594199,57,0.00174584,278,0.00851481,230,0.00704463,,,0.00735091,0.01681522,-0.00946430,0.02416613,1791,32649,warning_denominator_zero,warning_denominator_zero,success,exact-then-unique-porter-1.0.0,baek-smart-porter-1.0.0
S2023-163,0001463101,ENPH,Enphase Energy,0001463101-24-000024,2023,2024-02-09,1.0.3,0.3.0,1,1,0.01533672,65203,2862,1,0.00034941,success,0,0.00000000,0,0.00000000,0,0.00000000,0,0.00000000,0,0.00000000,24,success,0,0,0.00000000,0.00000000,,0.00000000,0.00000000,0,success,3.05400000,2.94000000,0.76106767,1.79000000,4.86000000,15,18,3,0.83333333,14,0,success,2.89247091,2.86000000,0.78773135,1.26000000,5.00000000,25436,33874,8438,0.75090040,2227,6283,warning_stem_collisions,64814,11.07927691,2862,1387,22.64640112,20.63495914,0.03759990,1,0.01542877,7161,0.09949288,3106100,428977,0.13810792,success,307,1224,-0.59895493,1290,0.02094156,694,0.01126623,164,0.00266234,475,0.00771104,505,0.00819805,,,0.00498377,0.01987013,-0.01488636,0.02485390,3765,61600,success,success,success,exact-then-unique-porter-1.0.0,baek-smart-porter-1.0.0
S2023-164,0000065984,ETR,Entergy,0000065984-24-000012,2023,2024-02-23,1.0.3,0.3.0,1,3,0.01232367,243434,11247,2,0.00017783,success,1,0.00675676,2,0.01351351,1,0.00675676,0,0.00000000,0,0.00000000,148,success,4,4,0.02702703,0.02702703,0.00000000,0.05405405,0.00000000,11,success,2.62291667,2.49000000,0.62828567,1.30000000,4.30000000,72,95,23,0.75789474,55,16,warning_stem_collisions,2.93901797,2.90000000,0.77167724,1.17000000,5.00000000,96239,135456,39217,0.71048163,3026,20623,warning_stem_collisions,241622,12.39512980,11247,4884,21.48323998,21.91891562,0.04332801,3,0.01241609,51137,0.17467268,15213193,1620145,0.10649605,success,692,3244,-0.64837398,2649,0.01167876,1081,0.00476585,323,0.00142402,3689,0.01626385,1539,0.00678506,,,0.00305085,0.01430196,-0.01125111,0.01735281,11688,226822,warning_stem_collisions,success,success,exact-then-unique-porter-1.0.0,baek-smart-porter-1.0.0
S2023-165,0000033185,EFX,Equifax,0000033185-24-000017,2023,2024-02-22,1.0.3,0.3.0,1,17,0.29922202,56814,2751,11,0.00399855,success,13,0.03170732,11,0.02682927,10,0.02439024,0,0.00000000,6,0.01463415,410,success,5,12,0.01219512,0.02926829,-0.41176471,0.04146341,-0.01707317,45,success,2.70306358,2.48000000,0.80502137,1.30000000,4.93000000,173,216,43,0.80092593,97,41,warning_stem_collisions,2.84933056,2.79000000,0.76526056,1.19000000,4.96000000,22392,29942,7550,0.74784584,2155,5361,warning_stem_collisions,56786,10.94704510,2751,928,20.64194838,20.89777929,0.03509668,17,0.29936956,9673,0.14554838,3182404,380282,0.11949520,success,272,1119,-0.60891445,901,0.01662546,372,0.00686423,113,0.00208510,700,0.01291656,507,0.00935528,,,0.00501901,0.02064804,-0.01562904,0.02566705,3403,54194,warning_stem_collisions,success,success,exact-then-unique-porter-1.0.0,baek-smart-porter-1.0.0
S2023-166,0001101239,EQIX,Equinix,0001628280-24-005350,2023,2024-02-16,1.0.3,0.3.0,1,13,0.20453115,63560,3217,10,0.00310849,success,7,0.02243590,2,0.00641026,5,0.01602564,2,0.00641026,0,0.00000000,312,success,4,4,0.01282051,0.01282051,0.00000000,0.02564103,0.00000000,19,success,2.81595420,2.74000000,0.73231180,1.50000000,4.70000000,131,163,32,0.80368098,93,20,warning_stem_collisions,2.87736591,2.79000000,0.80574160,1.19000000,5.00000000,24517,32994,8477,0.74307450,2387,5938,warning_stem_collisions,63426,11.05762915,3217,1519,19.71588436,19.86487261,0.03326711,13,0.20496326,15823,0.19966183,5093866,417378,0.08193737,success,432,1128,-0.44615385,1275,0.02100771,663,0.01092401,144,0.00237264,517,0.00851842,508,0.00837013,,,0.00711791,0.01858565,-0.01146774,0.02570355,3825,60692,warning_stem_collisions,success,success,exact-then-unique-porter-1.0.0,baek-smart-porter-1.0.0
S2023-167,0000906107,EQR,Equity Residential,0000950170-24-015907,2023,2024-02-15,1.0.3,0.3.0,1,7,0.10554885,66320,3053,6,0.00196528,success,9,0.06164384,3,0.02054795,8,0.05479452,0,0.00000000,1,0.00684932,146,success,2,8,0.01369863,0.05479452,-0.60000000,0.06849315,-0.04109589,21,success,2.52370370,2.38500000,0.65206594,1.62000000,4.34000000,54,70,16,0.77142857,45,11,warning_stem_collisions,2.89275854,2.80000000,0.80323084,1.25000000,5.00000000,25905,34818,8913,0.74401172,2007,6364,warning_stem_collisions,66108,11.09904505,3053,1205,21.65345562,21.85415786,0.03715133,7,0.10588734,19852,0.23094463,12630812,441093,0.03492198,success,345,819,-0.40721649,989,0.01579847,473,0.00755579,153,0.00244405,363,0.00579863,537,0.00857814,,,0.00551109,0.01308286,-0.00757176,0.01859395,3006,62601,warning_stem_collisions,success,success,exact-then-unique-porter-1.0.0,baek-smart-porter-1.0.0
S2023-168,0000920522,ESS,Essex Property Trust,0000920522-24-000033,2023,2024-02-23,1.0.3,0.3.0,1,2,0.03950851,50622,2431,2,0.00082271,success,5,0.05434783,0,0.00000000,2,0.02173913,0,0.00000000,0,0.00000000,92,success,0,5,0.00000000,0.05434783,-1.00000000,0.05434783,-0.05434783,10,success,2.58868421,2.51000000,0.82117750,1.50000000,4.57000000,38,46,8,0.82608696,33,4,warning_stem_collisions,2.90579376,2.82000000,0.81538384,1.19000000,5.00000000,19269,26076,6807,0.73895536,1941,4699,warning_stem_collisions,50483,10.82939192,2431,1094,20.76635130,21.16258390,0.04872928,2,0.03961730,15748,0.23777385,5564356,333300,0.05989912,success,235,843,-0.56400742,902,0.01914058,566,0.01201061,85,0.00180371,307,0.00651459,383,0.00812732,,,0.00498674,0.01788859,-0.01290186,0.02287533,2624,47125,warning_stem_collisions,success,success,exact-then-unique-porter-1.0.0,baek-smart-porter-1.0.0
S2023-169,0001001250,EL,Estée Lauder Companies (The),0001001250-23-000112,2023,2023-08-18,1.0.3,0.3.0,0,0,0.00000000,56780,2761,0,0.00000000,success,,,,,,,,,,,0,warning_denominator_zero,,,,,,,,,warning_denominator_zero,,,,,,0,0,0,,0,0,warning_denominator_zero,2.92102770,2.82000000,0.81789091,1.26000000,5.00000000,22633,30348,7715,0.74578226,2089,5376,warning_stem_collisions,56712,10.94574111,2761,1224,20.54038392,20.73221363,0.03399633,0,0.00000000,21518,0.27506072,4514417,377362,0.08359042,success,381,757,-0.33040422,864,0.01604070,267,0.00495702,107,0.00198652,302,0.00560682,311,0.00577391,,,0.00707350,0.01405417,-0.00698067,0.02112768,2555,53863,warning_denominator_zero,warning_denominator_zero,success,exact-then-unique-porter-1.0.0,baek-smart-porter-1.0.0
S2023-170,0001370637,ETSY,Etsy,0001370637-24-000013,2023,2024-02-22,1.0.3,0.3.0,1,17,0.21778119,78060,3383,8,0.00236477,success,2,0.00615385,9,0.02769231,2,0.00615385,0,0.00000000,1,0.00307692,325,success,11,4,0.03384615,0.01230769,0.46666667,0.04615385,0.02153846,26,success,2.91560811,2.84000000,0.87148152,1.50000000,4.93000000,148,198,50,0.74747475,101,35,warning_stem_collisions,2.90973157,2.82000000,0.83140244,1.19000000,5.00000000,30660,40430,9770,0.75834776,2830,6878,warning_stem_collisions,78106,11.26582216,3383,1469,23.08779190,20.53660400,0.02733465,17,0.21765293,11670,0.12999020,3314400,515062,0.15540128,success,699,1626,-0.39870968,1609,0.02149460,876,0.01170247,139,0.00185690,716,0.00956503,629,0.00840280,,,0.00933793,0.02172171,-0.01238378,0.03105963,5118,74856,warning_stem_collisions,success,success,exact-then-unique-porter-1.0.0,baek-smart-porter-1.0.0
S2023-171,0001095073,EG,Everest Group,0001095073-24-000009,2023,2024-02-28,1.0.3,0.3.0,0,0,0.00000000,58766,3010,0,0.00000000,success,,,,,,,,,,,0,warning_denominator_zero,,,,,,,,,warning_denominator_zero,,,,,,0,0,0,,0,0,warning_denominator_zero,2.85172713,2.76000000,0.78543103,1.26000000,5.00000000,23542,31403,7861,0.74967360,2128,5192,warning_stem_collisions,58828,10.98237321,3010,1224,19.54418605,21.29899691,0.03328347,0,0.00000000,15722,0.21089202,5003971,394536,0.07884458,success,284,1439,-0.67034243,1037,0.01848814,422,0.00752362,158,0.00281690,754,0.01344268,384,0.00684614,,,0.00506329,0.02565520,-0.02059191,0.03071849,3819,56090,warning_denominator_zero,warning_denominator_zero,success,exact-then-unique-porter-1.0.0,baek-smart-porter-1.0.0
S2023-172,0001711269,EVRG,Evergy,0001711269-24-000007,2023,2024-02-29,1.0.3,0.3.0,0,0,0.00000000,62102,3182,0,0.00000000,success,,,,,,,,,,,0,warning_denominator_zero,,,,,,,,,warning_denominator_zero,,,,,,0,0,0,,0,0,warning_denominator_zero,2.89884009,2.79000000,0.80269823,1.26000000,5.00000000,24338,35188,10850,0.69165625,2015,5875,warning_stem_collisions,61840,11.03230568,3182,1338,19.43431804,22.30361659,0.03371604,0,0.00000000,23739,0.27739282,8183533,416741,0.05092434,success,183,812,-0.63216080,876,0.01493683,368,0.00627483,107,0.00182448,757,0.01290774,507,0.00864494,,,0.00312036,0.01384555,-0.01072519,0.01696591,3131,58647,warning_denominator_zero,warning_denominator_zero,success,exact-then-unique-porter-1.0.0,baek-smart-porter-1.0.0
S2023-173,0000072741,ES,Eversource Energy,0000072741-24-000005,2023,2024-02-14,1.0.3,0.3.0,0,0,0.00000000,93185,3922,0,0.00000000,success,,,,,,,,,,,0,warning_denominator_zero,,,,,,,,,warning_denominator_zero,,,,,,0,0,0,,0,0,warning_denominator_zero,2.94772396,2.89000000,0.80294406,1.19000000,5.00000000,37038,51738,14700,0.71587615,2288,8756,warning_stem_collisions,93570,11.44646510,3922,1633,23.85772565,22.00206444,0.04641445,0,0.00000000,18609,0.16588666,7523268,622221,0.08270621,success,331,1207,-0.56957087,1048,0.01195569,416,0.00474577,168,0.00191656,1344,0.01533249,707,0.00806553,,,0.00377608,0.01376958,-0.00999350,0.01754566,4579,87657,warning_denominator_zero,warning_denominator_zero,success,exact-then-unique-porter-1.0.0,baek-smart-porter-1.0.0
S2023-174,0001109357,EXC,Exelon,0001109357-24-000053,2023,2024-02-21,1.0.3,0.3.0,1,1,0.01129752,88515,5256,1,0.00019026,success,2,0.11111111,0,0.00000000,1,0.05555556,0,0.00000000,0,0.00000000,18,success,0,0,0.00000000,0.00000000,,0.00000000,0.00000000,2,success,2.65444444,2.89000000,0.49157595,1.63000000,3.24000000,9,12,3,0.75000000,9,2,warning_stem_collisions,2.89339491,2.82000000,0.78723589,1.26000000,5.00000000,34864,48894,14030,0.71305273,2282,9323,warning_stem_collisions,87968,11.38472839,5256,2410,16.73668189,21.48661842,0.03961668,1,0.01136777,43291,0.32981357,14455160,601299,0.04159753,success,286,1060,-0.57503715,964,0.01160411,370,0.00445386,184,0.00221489,1426,0.01716542,751,0.00904013,,,0.00344271,0.01275971,-0.00931699,0.01620242,4453,83074,warning_stem_collisions,success,success,exact-then-unique-porter-1.0.0,baek-smart-porter-1.0.0
S2023-175,0001324424,EXPE,Expedia Group,0001324424-24-000007,2023,2024-02-09,1.0.3,0.3.0,1,15,0.27988208,53594,2333,12,0.00514359,success,10,0.02724796,14,0.03814714,7,0.01907357,0,0.00000000,1,0.00272480,367,success,0,12,0.00000000,0.03269755,-1.00000000,0.03269755,-0.03269755,37,success,2.79934211,2.79000000,0.75555284,1.30000000,4.87000000,152,217,65,0.70046083,113,46,warning_stem_collisions,2.92209157,2.85000000,0.83054514,1.26000000,5.00000000,21142,28160,7018,0.75078125,2237,5129,warning_stem_collisions,53499,10.88741824,2333,922,22.93141877,20.90979885,0.03315950,15,0.28037907,8510,0.13723814,2490434,354635,0.14239888,success,313,1026,-0.53248693,932,0.01823839,445,0.00870824,97,0.00189820,758,0.01483337,412,0.00806246,,,0.00612512,0.02007788,-0.01395276,0.02620301,3271,51101,warning_stem_collisions,success,success,exact-then-unique-porter-1.0.0,baek-smart-porter-1.0.0
S2023-176,0000746515,EXPD,Expeditors International,0000950170-24-019394,2023,2024-02-23,1.0.3,0.3.0,0,0,0.00000000,43618,2030,0,0.00000000,success,,,,,,,,,,,0,warning_denominator_zero,,,,,,,,,warning_denominator_zero,,,,,,0,0,0,,0,0,warning_denominator_zero,2.92979040,2.82000000,0.82831555,1.19000000,5.00000000,17414,23316,5902,0.74686910,1856,4441,warning_stem_collisions,43492,10.68033229,2030,738,21.42463054,21.00203357,0.02878690,0,0.00000000,4288,0.08974466,2571246,293333,0.11408204,success,255,668,-0.44745395,709,0.01702077,311,0.00746609,97,0.00232865,447,0.01073100,317,0.00761013,,,0.00612171,0.01603649,-0.00991478,0.02215820,2402,41655,warning_denominator_zero,warning_denominator_zero,success,exact-then-unique-porter-1.0.0,baek-smart-porter-1.0.0
S2023-177,0001289490,EXR,Extra Space Storage,0001628280-24-008044,2023,2024-02-29,1.0.3,0.3.0,0,0,0.00000000,35684,1805,0,0.00000000,success,,,,,,,,,,,0,warning_denominator_zero,,,,,,,,,warning_denominator_zero,,,,,,0,0,0,,0,0,warning_denominator_zero,2.87510907,2.74000000,0.80882312,1.19000000,5.00000000,14073,18289,4216,0.76947892,1737,3100,warning_stem_collisions,35537,10.47832969,1805,794,19.68808864,20.10334925,0.03219180,0,0.00000000,9187,0.20541544,2786774,232511,0.08343375,success,169,578,-0.54752343,632,0.01861123,314,0.00924672,86,0.00253254,241,0.00709700,263,0.00774486,,,0.00497674,0.01702103,-0.01204429,0.02199776,1865,33958,warning_denominator_zero,warning_denominator_zero,success,exact-then-unique-porter-1.0.0,baek-smart-porter-1.0.0
S2023-178,0000034088,XOM,ExxonMobil,0000034088-24-000018,2023,2024-02-28,1.0.3,0.3.0,0,0,0.00000000,42506,2376,0,0.00000000,success,,,,,,,,,,,0,warning_denominator_zero,,,,,,,,,warning_denominator_zero,,,,,,0,0,0,,0,0,warning_denominator_zero,2.93423895,2.82000000,0.81424353,1.26000000,5.00000000,17167,23601,6434,0.72738443,2015,4587,warning_stem_collisions,42478,10.65674157,2376,857,17.87794613,21.35682495,0.03477094,0,0.00000000,19574,0.31544511,5653988,291280,0.05151762,success,329,556,-0.25649718,534,0.01329582,206,0.00512910,104,0.00258945,256,0.00637403,336,0.00836591,,,0.00819162,0.01384359,-0.00565197,0.02203521,1974,40163,warning_denominator_zero,warning_denominator_zero,success,exact-then-unique-porter-1.0.0,baek-smart-porter-1.0.0
S2023-179,0001048695,FFIV,"F5, Inc.",0001048695-23-000039,2023,2023-11-14,1.0.3,0.3.0,1,25,0.59199621,42230,2026,19,0.00937808,success,8,0.01547389,11,0.02127660,6,0.01160542,0,0.00000000,0,0.00000000,517,success,7,18,0.01353965,0.03481625,-0.44000000,0.04835590,-0.02127660,44,success,2.88419811,2.83000000,0.82105536,1.30000000,4.93000000,212,309,97,0.68608414,141,50,warning_stem_collisions,2.91731585,2.86000000,0.80471762,1.26000000,5.00000000,16780,22358,5578,0.75051436,2027,4201,warning_stem_collisions,42281,10.65209309,2026,842,20.86920039,20.17560515,0.03793666,25,0.59128214,4606,0.09823618,1942712,282755,0.14554653,success,286,870,-0.50519031,772,0.01927350,397,0.00991137,70,0.00174760,349,0.00871302,329,0.00821371,,,0.00714018,0.02172013,-0.01457995,0.02886032,2528,40055,warning_stem_collisions,success,success,exact-then-unique-porter-1.0.0,baek-smart-porter-1.0.0
S2023-180,0000037785,FMC,FMC Corporation,0000037785-24-000033,2023,2024-02-27,1.0.3,0.3.0,0,0,0.00000000,54870,2743,0,0.00000000,success,,,,,,,,,,,0,warning_denominator_zero,,,,,,,,,warning_denominator_zero,,,,,,0,0,0,,0,0,warning_denominator_zero,2.88818872,2.79000000,0.79840777,1.19000000,5.00000000,21874,28966,7092,0.75516122,2194,5226,warning_stem_collisions,54655,10.90879598,2743,1149,19.92526431,20.50826732,0.03937426,0,0.00000000,11948,0.17939132,3468000,369093,0.10642820,success,299,997,-0.53858025,892,0.01719120,314,0.00605161,118,0.00227417,593,0.01142868,427,0.00822942,,,0.00576252,0.01921483,-0.01345231,0.02497735,3155,51887,warning_denominator_zero,warning_denominator_zero,success,exact-then-unique-porter-1.0.0,baek-smart-porter-1.0.0
S2023-181,0001013237,FDS,FactSet,0001013237-23-000128,2023,2023-10-27,1.0.3,0.3.0,1,14,0.30453319,45972,2332,11,0.00471698,success,17,0.05329154,3,0.00940439,11,0.03448276,3,0.00940439,1,0.00313480,319,success,6,13,0.01880878,0.04075235,-0.36842105,0.05956113,-0.02194357,41,success,2.68354167,2.62000000,0.73136143,1.30000000,4.93000000,144,188,44,0.76595745,95,31,warning_stem_collisions,2.87923684,2.75000000,0.80089116,1.26000000,5.00000000,18371,24553,6182,0.74821814,1939,4025,warning_stem_collisions,45892,10.73404609,2332,1068,19.67924528,19.21719967,0.03994160,14,0.30506406,6948,0.13149129,2484876,301500,0.12133402,success,271,654,-0.41405405,785,0.01803478,284,0.00652469,88,0.00202173,291,0.00668551,360,0.00827073,,,0.00622602,0.01502516,-0.00879914,0.02125118,2270,43527,warning_stem_collisions,success,success,exact-then-unique-porter-1.0.0,baek-smart-porter-1.0.0
S2023-182,0000814547,FICO,Fair Isaac,0000814547-23-000022,2023,2023-11-08,1.0.3,0.3.0,1,27,0.63602742,42451,2149,16,0.00744532,success,5,0.00914077,12,0.02193784,0,0.00000000,2,0.00365631,4,0.00731261,547,success,4,8,0.00731261,0.01462523,-0.33333333,0.02193784,-0.00731261,34,success,2.75887387,2.71000000,0.68373780,1.55000000,4.62000000,222,301,79,0.73754153,103,58,warning_stem_collisions,2.83877123,2.74000000,0.78083570,1.26000000,5.00000000,16431,22238,5807,0.73887040,1988,4389,warning_stem_collisions,42261,10.65161995,2149,938,19.66542578,20.19723140,0.03109250,27,0.63888692,8305,0.16424079,2375544,284993,0.11996957,success,259,698,-0.45872518,737,0.01823580,360,0.00890758,91,0.00225164,521,0.01289125,351,0.00868489,,,0.00640851,0.01727082,-0.01086230,0.02367933,2533,40415,warning_stem_collisions,success,success,exact-then-unique-porter-1.0.0,baek-smart-porter-1.0.0
S2023-183,0000815556,FAST,Fastenal,0000815556-24-000009,2023,2024-02-06,1.0.3,0.3.0,0,0,0.00000000,37274,1941,0,0.00000000,success,,,,,,,,,,,0,warning_denominator_zero,,,,,,,,,warning_denominator_zero,,,,,,0,0,0,,0,0,warning_denominator_zero,2.95474900,2.89000000,0.82584215,1.04000000,5.00000000,14761,19379,4618,0.76170081,2133,3480,warning_stem_collisions,37291,10.52650729,1941,707,19.21226172,19.53475133,0.02638706,0,0.00000000,7512,0.16766734,2194409,245831,0.11202606,success,315,527,-0.25178147,566,0.01577788,241,0.00671814,78,0.00217434,185,0.00515708,148,0.00412567,,,0.00878098,0.01469071,-0.00590974,0.02347169,1744,35873,warning_denominator_zero,warning_denominator_zero,success,exact-then-unique-porter-1.0.0,baek-smart-porter-1.0.0
S2023-184,0001048911,FDX,FedEx,0000950170-23-033201,2023,2023-07-17,1.0.3,0.3.0,1,7,0.08570659,81674,4020,6,0.00149254,success,4,0.01337793,9,0.03010033,3,0.01003344,0,0.00000000,2,0.00668896,299,success,4,11,0.01337793,0.03678930,-0.46666667,0.05016722,-0.02341137,26,success,2.94971014,2.93000000,0.85341933,1.63000000,4.77000000,138,190,52,0.72631579,110,42,warning_stem_collisions,2.93552518,2.83000000,0.82335075,1.19000000,5.00000000,32303,43769,11466,0.73803377,2522,7518,warning_stem_collisions,81362,11.30666361,4020,1276,20.23930348,19.96059812,0.03445097,7,0.08603525,16512,0.16870670,9067596,547235,0.06035062,success,552,1189,-0.36588168,1270,0.01640742,668,0.00863004,164,0.00211875,805,0.01039998,601,0.00776446,,,0.00713141,0.01536096,-0.00822955,0.02249238,4275,77404,warning_stem_collisions,success,success,exact-then-unique-porter-1.0.0,baek-smart-porter-1.0.0
S2023-185,0000034903,FRT,Federal Realty Investment Trust,0000034903-24-000032,2023,2024-02-12,1.0.3,0.3.0,0,0,0.00000000,43295,2120,0,0.00000000,success,,,,,,,,,,,0,warning_denominator_zero,,,,,,,,,warning_denominator_zero,,,,,,0,0,0,,0,0,warning_denominator_zero,2.85011707,2.74000000,0.79201433,1.19000000,5.00000000,16999,21817,4818,0.77916304,1730,3676,warning_stem_collisions,42996,10.66886237,2120,1070,20.28113208,20.74854712,0.04279468,0,0.00000000,15582,0.26600430,3759384,280335,0.07456940,success,220,549,-0.42782835,803,0.01969537,395,0.00968826,105,0.00257536,239,0.00586201,336,0.00824115,,,0.00539599,0.01346545,-0.00806946,0.01886145,2176,40771,warning_denominator_zero,warning_denominator_zero,success,exact-then-unique-porter-1.0.0,baek-smart-porter-1.0.0
S2023-186,0001136893,FIS,Fidelity National Information Services,0001136893-24-000015,2023,2024-02-26,1.0.3,0.3.0,1,17,0.32304038,52625,2398,12,0.00500417,success,24,0.05647059,13,0.03058824,11,0.02588235,0,0.00000000,4,0.00941176,425,success,4,22,0.00941176,0.05176471,-0.69230769,0.06117647,-0.04235294,65,success,2.64213115,2.52000000,0.76031439,1.28000000,4.90000000,183,240,57,0.76250000,125,39,warning_stem_collisions,2.84768193,2.72000000,0.79508689,1.19000000,5.00000000,21190,28299,7109,0.74878971,2100,5337,warning_stem_collisions,52433,10.86729144,2398,996,21.86530442,21.71311278,0.02895123,17,0.32422329,9174,0.14891165,2867399,356667,0.12438694,success,276,1092,-0.59649123,883,0.01760823,372,0.00741819,107,0.00213373,634,0.01264283,467,0.00931262,,,0.00550382,0.02177598,-0.01627216,0.02727980,3277,50147,warning_stem_collisions,success,success,exact-then-unique-porter-1.0.0,baek-smart-porter-1.0.0
S2023-187,0000035527,FITB,Fifth Third Bancorp,0000035527-24-000088,2023,2024-02-27,1.0.3,0.3.0,1,1,0.00910963,109774,5160,1,0.00019380,success,2,0.05714286,0,0.00000000,1,0.02857143,0,0.00000000,0,0.00000000,35,success,0,0,0.00000000,0.00000000,,0.00000000,0.00000000,2,success,2.67545455,2.62000000,0.59073704,1.63000000,3.89000000,11,18,7,0.61111111,10,6,warning_stem_collisions,2.82280902,2.72000000,0.77638817,1.26000000,5.00000000,42125,58455,16330,0.72063981,2560,10545,warning_stem_collisions,109503,11.60370723,5160,2108,21.22151163,21.18869203,0.03903089,1,0.00913217,28881,0.20870187,8935936,732527,0.08197541,success,386,2187,-0.69996113,1900,0.01843622,685,0.00664674,189,0.00183392,1171,0.01136253,777,0.00753944,,,0.00374546,0.02122106,-0.01747560,0.02496652,6270,103058,warning_stem_collisions,success,success,exact-then-unique-porter-1.0.0,baek-smart-porter-1.0.0
S2023-188,0001274494,FSLR,First Solar,0001274494-24-000004,2023,2024-02-27,1.0.3,0.3.0,1,2,0.03289907,60792,2517,1,0.00039730,success,0,0.00000000,0,0.00000000,0,0.00000000,0,0.00000000,0,0.00000000,40,success,0,1,0.00000000,0.02500000,-1.00000000,0.02500000,-0.02500000,1,success,2.73750000,2.52000000,0.65883894,1.76000000,4.34000000,20,25,5,0.80000000,20,3,warning_stem_collisions,2.90484376,2.85000000,0.80338492,1.26000000,5.00000000,24225,32181,7956,0.75277338,2272,6032,warning_stem_collisions,60876,11.01659429,2517,946,24.18593564,21.89121418,0.02859912,2,0.03285367,6537,0.09696943,2674705,407138,0.15221791,success,405,1208,-0.49783013,1144,0.01953352,614,0.01048390,119,0.00203190,721,0.01231090,526,0.00898132,,,0.00691528,0.02062630,-0.01371103,0.02754158,3895,58566,warning_stem_collisions,success,success,exact-then-unique-porter-1.0.0,baek-smart-porter-1.0.0
S2023-189,0001031296,FE,FirstEnergy,0001031296-24-000008,2023,2024-02-13,1.0.3,0.3.0,1,2,0.02226205,89839,3878,1,0.00025786,success,1,0.02777778,0,0.00000000,1,0.02777778,0,0.00000000,0,0.00000000,36,success,1,5,0.02777778,0.13888889,-0.66666667,0.16666667,-0.11111111,7,success,2.44666667,2.24000000,0.63660558,1.64000000,3.93000000,18,25,7,0.72000000,15,5,warning_stem_collisions,2.89642139,2.81000000,0.79433562,1.04000000,5.00000000,33527,48072,14545,0.69743302,2445,8148,warning_stem_collisions,90035,11.40795376,3878,1411,23.21686436,21.51547707,0.04768146,2,0.02221358,15640,0.14800095,4404846,594448,0.13495319,success,413,1704,-0.60982522,1443,0.01711155,645,0.00764861,267,0.00316617,1476,0.01750288,760,0.00901232,,,0.00489748,0.02020657,-0.01530909,0.02510406,5767,84329,warning_stem_collisions,success,success,exact-then-unique-porter-1.0.0,baek-smart-porter-1.0.0
S2023-190,0000798354,FI,Fiserv,0000798354-24-000037,2023,2024-02-22,1.0.3,0.3.0,1,10,0.18275188,54719,2362,7,0.00296359,success,5,0.02659574,3,0.01595745,5,0.02659574,0,0.00000000,4,0.02127660,188,success,2,4,0.01063830,0.02127660,-0.33333333,0.03191489,-0.01063830,18,success,2.67012987,2.61000000,0.65378914,1.68000000,4.48000000,77,89,12,0.86516854,59,8,warning_stem_collisions,2.91061157,2.82000000,0.81142655,1.19000000,5.00000000,22009,29325,7316,0.75052003,2060,5549,warning_stem_collisions,54592,10.90764263,2362,990,23.11261643,21.51427852,0.03357635,10,0.18317702,7347,0.11861670,2848665,369825,0.12982397,success,431,825,-0.31369427,828,0.01593196,355,0.00683073,74,0.00142387,527,0.01014027,429,0.00825460,,,0.00829309,0.01587424,-0.00758115,0.02416732,2993,51971,warning_stem_collisions,success,success,exact-then-unique-porter-1.0.0,baek-smart-porter-1.0.0
S2023-191,0000037996,F,Ford Motor Company,0000037996-24-000009,2023,2024-02-07,1.0.3,0.3.0,1,17,0.22467455,75665,3871,15,0.00387497,success,9,0.02168675,9,0.02168675,4,0.00963855,1,0.00240964,10,0.02409639,415,success,4,13,0.00963855,0.03132530,-0.52941176,0.04096386,-0.02168675,43,success,2.73482143,2.51000000,0.80276751,1.26000000,4.64000000,168,236,68,0.71186441,110,37,warning_stem_collisions,2.96507966,2.86000000,0.84786463,1.26000000,5.00000000,31445,41490,10045,0.75789347,2524,7274,warning_stem_collisions,75454,11.23127848,3871,1613,19.49212090,19.96314144,0.02765924,17,0.22530283,16074,0.17561839,5531174,506766,0.09161997,success,399,1559,-0.59244127,1241,0.01718218,525,0.00726885,145,0.00200759,692,0.00958104,628,0.00869493,,,0.00552433,0.02158502,-0.01606070,0.02710935,4438,72226,warning_stem_collisions,success,success,exact-then-unique-porter-1.0.0,baek-smart-porter-1.0.0
S2023-192,0001262039,FTNT,Fortinet,0001262039-24-000014,2023,2024-02-26,1.0.3,0.3.0,1,32,0.50191355,63756,2670,20,0.00749064,success,19,0.03059581,6,0.00966184,14,0.02254428,0,0.00000000,3,0.00483092,621,success,5,30,0.00805153,0.04830918,-0.71428571,0.05636071,-0.04025765,61,success,2.79466418,2.63000000,0.76659713,1.30000000,4.87000000,268,397,129,0.67506297,130,60,warning_stem_collisions,2.84875789,2.78000000,0.78423668,1.26000000,4.97000000,24724,33336,8612,0.74166067,2307,6602,warning_stem_collisions,63632,11.06087177,2670,1170,23.83220974,21.14698717,0.02160862,32,0.50289163,6190,0.08865401,2546661,427246,0.16776713,success,346,1944,-0.69781659,1432,0.02325053,894,0.01451534,116,0.00188342,701,0.01138172,537,0.00871895,,,0.00561780,0.03156357,-0.02594577,0.03718136,4804,61590,warning_stem_collisions,success,success,exact-then-unique-porter-1.0.0,baek-smart-porter-1.0.0
S2023-193,0001659166,FTV,Fortive,0001659166-24-000046,2023,2024-02-27,1.0.3,0.3.0,1,20,0.40749796,49080,2123,11,0.00518135,success,14,0.04129794,7,0.02064897,11,0.03244838,3,0.00884956,2,0.00589971,339,success,4,17,0.01179941,0.05014749,-0.61904762,0.06194690,-0.03834808,46,success,2.45392000,2.35000000,0.68666836,1.30000000,4.48000000,125,182,57,0.68681319,88,41,warning_stem_collisions,2.83841453,2.74000000,0.79156380,1.04000000,5.00000000,19458,25886,6428,0.75168045,2100,4860,warning_stem_collisions,48937,10.79828904,2123,948,23.05087141,21.69213276,0.03042688,20,0.40868872,8108,0.14213340,2676833,331148,0.12370888,success,280,1186,-0.61800819,941,0.02010211,457,0.00976266,104,0.00222170,692,0.01478285,426,0.00910043,,,0.00598150,0.02533593,-0.01935443,0.03131743,3419,46811,warning_stem_collisions,success,success,exact-then-unique-porter-1.0.0,baek-smart-porter-1.0.0
S2023-194,0001754301,FOXA|FOX,Fox Corporation (Class A)|Fox Corporation (Class B),0001628280-23-029065,2023,2023-08-11,1.0.3,0.3.0,1,3,0.06300933,47612,2224,3,0.00134892,success,3,0.02702703,0,0.00000000,2,0.01801802,0,0.00000000,0,0.00000000,111,success,2,4,0.01801802,0.03603604,-0.33333333,0.05405405,-0.01801802,9,success,2.82354839,2.71000000,0.72173647,1.62000000,4.64000000,62,72,10,0.86111111,50,7,warning_stem_collisions,3.01477993,2.92000000,0.88656803,1.26000000,5.00000000,19676,26274,6598,0.74887722,2192,4420,warning_stem_collisions,47711,10.77291726,2224,960,21.45278777,21.02323250,0.02779233,3,0.06287858,10103,0.17475006,2724194,321911,0.11816743,success,244,811,-0.53744076,691,0.01518781,343,0.00753896,94,0.00206607,501,0.01101172,326,0.00716531,,,0.00536299,0.01782535,-0.01246236,0.02318834,2510,45497,warning_stem_collisions,success,success,exact-then-unique-porter-1.0.0,baek-smart-porter-1.0.0
S2023-195,0000038777,BEN,Franklin Resources,0000038777-23-000169,2023,2023-11-14,1.0.3,0.3.0,0,0,0.00000000,43836,1937,0,0.00000000,success,,,,,,,,,,,0,warning_denominator_zero,,,,,,,,,warning_denominator_zero,,,,,,0,0,0,,0,0,warning_denominator_zero,2.85854457,2.76000000,0.79026726,1.19000000,5.00000000,17603,23722,6119,0.74205379,1859,4246,warning_stem_collisions,43845,10.68841597,1937,797,22.63551884,21.90996131,0.02666211,0,0.00000000,9059,0.17123469,2935571,297373,0.10129988,success,178,784,-0.62993763,799,0.01899577,388,0.00922448,71,0.00168798,572,0.01359897,402,0.00955732,,,0.00423185,0.01863915,-0.01440730,0.02287100,2657,42062,warning_denominator_zero,warning_denominator_zero,success,exact-then-unique-porter-1.0.0,baek-smart-porter-1.0.0
S2023-196,0000831259,FCX,Freeport-McMoRan,0000831259-24-000011,2023,2024-02-16,1.0.3,0.3.0,1,7,0.07581501,92330,4337,6,0.00138344,success,10,0.04926108,2,0.00985222,6,0.02955665,0,0.00000000,0,0.00000000,203,success,3,13,0.01477833,0.06403941,-0.62500000,0.07881773,-0.04926108,27,success,2.70806452,2.48000000,0.77367752,1.62000000,4.83000000,93,117,24,0.79487179,76,16,warning_stem_collisions,3.01822584,2.89000000,0.88760982,1.19000000,5.00000000,35538,50396,14858,0.70517501,2810,9291,warning_stem_collisions,92140,11.43106444,4337,1636,21.24510030,20.28884994,0.04067723,7,0.07597135,16649,0.15303937,6680212,613298,0.09180816,success,452,1419,-0.51683592,1550,0.01786188,572,0.00659161,227,0.00261590,1108,0.01276836,682,0.00785923,,,0.00520875,0.01635226,-0.01114351,0.02156101,5177,86777,warning_stem_collisions,success,success,exact-then-unique-porter-1.0.0,baek-smart-porter-1.0.0
S2023-197,0000040545,GE,GE Aerospace,0000040545-24-000027,2023,2024-02-02,1.0.3,0.3.0,1,4,0.07792258,51333,2207,3,0.00135931,success,5,0.02793296,8,0.04469274,2,0.01117318,0,0.00000000,2,0.01117318,179,success,0,7,0.00000000,0.03910615,-1.00000000,0.03910615,-0.03910615,21,success,2.68772727,2.58000000,0.70305620,1.50000000,4.70000000,88,111,23,0.79279279,74,19,warning_stem_collisions,2.85908340,2.79000000,0.79099163,1.04000000,5.00000000,20467,27436,6969,0.74599067,2112,5064,warning_stem_collisions,51105,10.84163762,2207,739,23.15586769,22.75332014,0.04240290,4,0.07827023,15895,0.23723881,4042237,342699,0.08477954,success,291,1027,-0.55842185,807,0.01673892,271,0.00562112,131,0.00271722,592,0.01227936,345,0.00715604,,,0.00603597,0.02130219,-0.01526623,0.02733816,3013,48211,warning_stem_collisions,success,success,exact-then-unique-porter-1.0.0,baek-smart-porter-1.0.0
S2023-198,0001932393,GEHC,GE HealthCare,0001932393-24-000013,2023,2024-02-06,1.0.3,0.3.0,1,47,0.69541029,67586,2965,32,0.01079258,success,22,0.01678108,23,0.01754386,9,0.00686499,1,0.00076278,4,0.00305111,1311,success,15,42,0.01144165,0.03203661,-0.47368421,0.04347826,-0.02059497,102,success,2.85014011,2.62000000,0.80780690,1.30000000,4.89000000,571,797,226,0.71643664,320,143,warning_stem_collisions,2.83542972,2.72000000,0.79023520,1.04000000,5.00000000,26657,36228,9571,0.73581208,2587,6864,warning_stem_collisions,67540,11.12047529,2965,1150,22.77908938,21.80459089,0.02166124,47,0.69588392,10857,0.13848744,3338228,459223,0.13756490,success,415,1683,-0.60438513,1352,0.02076614,745,0.01144288,179,0.00274936,1167,0.01792462,728,0.01118177,,,0.00637422,0.02585015,-0.01947593,0.03222437,5238,65106,warning_stem_collisions,success,success,exact-then-unique-porter-1.0.0,baek-smart-porter-1.0.0
S2023-199,0001121788,GRMN,Garmin,0000950170-24-017559,2023,2024-02-21,1.0.3,0.3.0,0,0,0.00000000,52045,2307,0,0.00000000,success,,,,,,,,,,,0,warning_denominator_zero,,,,,,,,,warning_denominator_zero,,,,,,0,0,0,,0,0,warning_denominator_zero,2.93165824,2.86000000,0.82430735,1.26000000,5.00000000,19985,27350,7365,0.73071298,2033,4942,warning_stem_collisions,51804,10.85522265,2307,771,22.45513654,20.83912798,0.04225542,0,0.00000000,6297,0.10838023,3683011,345910,0.09392044,success,264,925,-0.55592935,819,0.01678519,355,0.00727563,105,0.00215195,440,0.00901769,393,0.00805443,,,0.00541061,0.01895764,-0.01354703,0.02436825,2768,48793,warning_denominator_zero,warning_denominator_zero,success,exact-then-unique-porter-1.0.0,baek-smart-porter-1.0.0
S2023-200,0000749251,IT,Gartner,0000749251-24-000006,2023,2024-02-15,1.0.3,0.3.0,1,20,0.52541705,38065,1893,14,0.00739567,success,26,0.03611111,8,0.01111111,16,0.02222222,1,0.00138889,7,0.00972222,720,success,7,23,0.00972222,0.03194444,-0.53333333,0.04166667,-0.02222222,68,success,2.69831579,2.59000000,0.71972751,1.50000000,4.70000000,285,384,99,0.74218750,193,75,warning_stem_collisions,2.85875941,2.76000000,0.79689366,1.19000000,5.00000000,14872,19855,4983,0.74903047,1878,3615,warning_stem_collisions,37876,10.54207295,1893,693,20.00845219,20.49815600,0.04221671,20,0.52803886,6397,0.14448987,2176067,256068,0.11767469,success,257,618,-0.41257143,590,0.01656187,271,0.00760723,76,0.00213339,429,0.01204244,300,0.00842129,,,0.00721424,0.01734786,-0.01013362,0.02456209,2162,35624,warning_stem_collisions,success,success,exact-then-unique-porter-1.0.0,baek-smart-porter-1.0.0
S2023-201,0000849399,GEN,Gen Digital,0000849399-23-000014,2023,2023-05-25,1.0.3,0.3.0,1,11,0.22549301,48782,2317,9,0.00388433,success,10,0.03802281,2,0.00760456,4,0.01520913,0,0.00000000,1,0.00380228,263,success,0,4,0.00000000,0.01520913,-1.00000000,0.01520913,-0.01520913,17,success,2.83950000,2.71000000,0.78358668,1.63000000,4.68000000,120,157,37,0.76433121,76,18,warning_stem_collisions,2.84273839,2.74000000,0.79132834,1.26000000,5.00000000,19212,25163,5951,0.76350197,2173,4366,warning_stem_collisions,48491,10.78913349,2317,1003,20.92835563,20.01218754,0.03394444,11,0.22684622,8074,0.14273844,2986995,319745,0.10704571,success,282,1140,-0.60337553,896,0.01930951,483,0.01040903,119,0.00256454,547,0.01178828,326,0.00702556,,,0.00607732,0.02456791,-0.01849058,0.03064523,3103,46402,warning_stem_collisions,success,success,exact-then-unique-porter-1.0.0,baek-smart-porter-1.0.0
S2023-202,0001474735,GNRC,Generac,0001437749-24-005040,2023,2024-02-21,1.0.3,0.3.0,1,1,0.02084593,47971,2280,1,0.00043860,success,0,0.00000000,0,0.00000000,0,0.00000000,0,0.00000000,1,0.04545455,22,success,0,0,0.00000000,0.00000000,,0.00000000,0.00000000,1,success,3.34900000,3.31000000,0.64006953,2.04000000,4.24000000,10,14,4,0.71428571,10,2,warning_stem_collisions,2.91280391,2.83000000,0.81190602,1.26000000,5.00000000,19216,25384,6168,0.75701229,2182,4502,warning_stem_collisions,47756,10.77385999,2280,742,20.94561404,21.68567405,0.03195410,1,0.02093978,13004,0.21402238,3108428,320287,0.10303826,success,287,944,-0.53371243,788,0.01726593,347,0.00760315,91,0.00199391,471,0.01032012,324,0.00709919,,,0.00628848,0.02068406,-0.01439558,0.02697255,2712,45639,warning_stem_collisions,success,success,exact-then-unique-porter-1.0.0,baek-smart-porter-1.0.0
S2023-203,0000040533,GD,General Dynamics,0000040533-24-000007,2023,2024-02-08,1.0.3,0.3.0,1,7,0.20077442,34865,1942,5,0.00257467,success,0,0.00000000,1,0.00699301,0,0.00000000,0,0.00000000,0,0.00000000,143,success,3,2,0.02097902,0.01398601,0.20000000,0.03496503,0.00699301,5,success,3.06161290,2.94500000,0.78698320,1.80000000,4.93000000,62,100,38,0.62000000,54,18,warning_stem_collisions,2.95637748,2.87000000,0.83339243,1.26000000,5.00000000,13532,18433,4901,0.73411816,1924,3490,warning_stem_collisions,34918,10.46075773,1942,788,17.98043254,19.74566355,0.03376482,7,0.20046967,8350,0.19298327,2479152,235278,0.09490261,success,226,401,-0.27910686,436,0.01319293,138,0.00417574,53,0.00160373,486,0.01470588,265,0.00801864,,,0.00683854,0.01213387,-0.00529533,0.01897240,1777,33048,warning_stem_collisions,success,success,exact-then-unique-porter-1.0.0,baek-smart-porter-1.0.0
S2023-204,0000040704,GIS,General Mills,0001193125-23-177500,2023,2023-06-28,1.0.3,0.3.0,0,0,0.00000000,36712,6960,0,0.00000000,success,,,,,,,,,,,0,warning_denominator_zero,,,,,,,,,warning_denominator_zero,,,,,,0,0,0,,0,0,warning_denominator_zero,2.95107986,2.82000000,0.84621524,1.26000000,5.00000000,12798,16932,4134,0.75584692,1201,2775,warning_stem_collisions,32895,10.40107595,6960,6290,4.72629310,12.01764243,0.17011704,0,0.00000000,0,0.00000000,4360322,229317,0.05259176,success,150,505,-0.54198473,578,0.02152700,317,0.01180633,22,0.00081937,179,0.00666667,196,0.00729981,,,0.00558659,0.01880819,-0.01322160,0.02439479,1524,26850,warning_denominator_zero,warning_denominator_zero,success,exact-then-unique-porter-1.0.0,baek-smart-porter-1.0.0
S2023-205,0001467858,GM,General Motors,0001467858-24-000031,2023,2024-01-30,1.0.3,0.3.0,0,0,0.00000000,53000,2424,0,0.00000000,success,,,,,,,,,,,0,warning_denominator_zero,,,,,,,,,warning_denominator_zero,,,,,,0,0,0,,0,0,warning_denominator_zero,2.92388780,2.82000000,0.83980866,1.25000000,5.00000000,21498,28756,7258,0.74760050,2242,5096,warning_stem_collisions,52804,10.87434222,2424,964,21.78382838,21.65922715,0.03700477,0,0.00000000,12632,0.19304358,4035275,353211,0.08753084,success,307,1017,-0.53625378,896,0.01785750,383,0.00763328,113,0.00225212,472,0.00940708,411,0.00819133,,,0.00611858,0.02026906,-0.01415047,0.02638764,3033,50175,warning_denominator_zero,warning_denominator_zero,success,exact-then-unique-porter-1.0.0,baek-smart-porter-1.0.0
S2023-206,0000040987,GPC,Genuine Parts Company,0000040987-24-000024,2023,2024-02-22,1.0.3,0.3.0,1,6,0.16979851,35336,1812,4,0.00220751,success,0,0.00000000,4,0.03478261,0,0.00000000,0,0.00000000,1,0.00869565,115,success,2,1,0.01739130,0.00869565,0.33333333,0.02608696,0.00869565,8,success,2.92826923,2.93000000,0.75508716,1.50000000,4.64000000,52,69,17,0.75362319,44,14,warning_stem_collisions,2.90276879,2.82000000,0.81441045,1.26000000,4.97000000,14212,18664,4452,0.76146592,1912,3416,warning_stem_collisions,35262,10.47056118,1812,724,19.46026490,20.36738016,0.03570416,6,0.17015484,7738,0.17995349,2184348,235930,0.10800935,success,237,586,-0.42405832,642,0.01905836,237,0.00703556,55,0.00163273,252,0.00748085,245,0.00727305,,,0.00703556,0.01739595,-0.01036039,0.02443151,1892,33686,warning_stem_collisions,success,success,exact-then-unique-porter-1.0.0,baek-smart-porter-1.0.0
S2023-207,0000882095,GILD,Gilead Sciences,0000882095-24-000007,2023,2024-02-23,1.0.3,0.3.0,0,0,0.00000000,52062,2402,0,0.00000000,success,,,,,,,,,,,0,warning_denominator_zero,,,,,,,,,warning_denominator_zero,,,,,,0,0,0,,0,0,warning_denominator_zero,2.86561442,2.79000000,0.80435007,1.19000000,5.00000000,19726,27138,7412,0.72687744,2198,4710,warning_stem_collisions,52089,10.86070907,2402,1078,21.68567860,20.96672854,0.03115821,0,0.00000000,9307,0.15158968,3213497,349524,0.10876749,success,407,1115,-0.46517740,977,0.01963898,460,0.00924660,116,0.00233175,759,0.01525689,399,0.00802042,,,0.00818123,0.02241296,-0.01423173,0.03059419,3497,49748,warning_denominator_zero,warning_denominator_zero,success,exact-then-unique-porter-1.0.0,baek-smart-porter-1.0.0
S2023-208,0001123360,GPN,Global Payments,0001123360-24-000004,2023,2024-02-14,1.0.3,0.3.0,1,9,0.15036087,59856,2437,7,0.00287238,success,8,0.04232804,9,0.04761905,2,0.01058201,0,0.00000000,1,0.00529101,189,success,4,0,0.02116402,0.00000000,1.00000000,0.02116402,0.02116402,22,success,2.74397590,2.63000000,0.72187664,1.50000000,4.70000000,83,113,30,0.73451327,57,26,warning_stem_collisions,2.85527536,2.76000000,0.78491051,1.26000000,4.97000000,23987,31208,7221,0.76861702,2058,5756,warning_stem_collisions,59530,10.99423567,2437,980,24.42757489,22.10358295,0.03448681,9,0.15118428,7808,0.11595236,2623188,399327,0.15222965,success,301,1046,-0.55308092,1033,0.01814828,496,0.00871398,97,0.00170415,570,0.01001405,511,0.00897751,,,0.00528812,0.01837667,-0.01308855,0.02366479,3413,56920,warning_stem_collisions,success,success,exact-then-unique-porter-1.0.0,baek-smart-porter-1.0.0
S2023-209,0000320335,GL,Globe Life,0000320335-24-000006,2023,2024-02-28,1.0.3,0.3.0,0,0,0.00000000,46226,2891,0,0.00000000,success,,,,,,,,,,,0,warning_denominator_zero,,,,,,,,,warning_denominator_zero,,,,,,0,0,0,,0,0,warning_denominator_zero,2.88358471,2.80000000,0.79610545,1.26000000,5.00000000,19466,25081,5615,0.77612535,1802,4156,warning_stem_collisions,46148,10.73960890,2891,1446,15.96264268,19.56819942,0.04611251,0,0.00000000,19159,0.29336825,7492017,307355,0.04102433,success,239,684,-0.48212351,580,0.01337577,188,0.00433559,85,0.00196024,345,0.00795628,322,0.00742586,,,0.00551174,0.01577418,-0.01026244,0.02128592,2129,43362,warning_denominator_zero,warning_denominator_zero,success,exact-then-unique-porter-1.0.0,baek-smart-porter-1.0.0
S2023-210,0000886982,GS,Goldman Sachs,0000886982-24-000006,2023,2024-02-23,1.0.3,0.3.0,1,25,0.17157721,145707,7088,17,0.00239842,success,26,0.04276316,8,0.01315789,14,0.02302632,0,0.00000000,7,0.01151316,608,success,4,29,0.00657895,0.04769737,-0.75757576,0.05427632,-0.04111842,72,success,2.66945205,2.52000000,0.80710921,1.44000000,4.79000000,219,307,88,0.71335505,147,52,warning_stem_collisions,2.87035496,2.74000000,0.80397075,1.19000000,5.00000000,57190,78096,20906,0.73230383,2784,14117,warning_stem_collisions,145373,11.88705813,7088,3211,20.50973476,20.16161335,0.03038391,25,0.17197141,24839,0.14592978,10095489,977759,0.09685108,success,616,3258,-0.68198245,2819,0.02031390,839,0.00604589,186,0.00134033,2057,0.01482287,1441,0.01038394,,,0.00443894,0.02347736,-0.01903842,0.02791629,9687,138772,warning_stem_collisions,success,success,exact-then-unique-porter-1.0.0,baek-smart-porter-1.0.0
S2023-211,0000860730,HCA,HCA Healthcare,0000950170-24-016524,2023,2024-02-16,1.0.3,0.3.0,1,16,0.21988291,72766,3342,11,0.00329144,success,16,0.04637681,6,0.01739130,7,0.02028986,0,0.00000000,7,0.02028986,345,success,7,7,0.02028986,0.02028986,0.00000000,0.04057971,0.00000000,42,success,2.67397260,2.52000000,0.66909925,1.50000000,4.65000000,146,193,47,0.75647668,87,40,warning_stem_collisions,2.82580190,2.72000000,0.76592161,1.26000000,5.00000000,29187,39366,10179,0.74142661,2279,7616,warning_stem_collisions,72284,11.18835808,3342,1091,21.62896469,21.88507974,0.03890211,16,0.22134912,15039,0.17222267,4221876,490734,0.11623601,success,403,1554,-0.58814512,1133,0.01648647,634,0.00922544,132,0.00192075,996,0.01449296,689,0.01002576,,,0.00586412,0.02261252,-0.01674840,0.02847664,4606,68723,warning_stem_collisions,success,success,exact-then-unique-porter-1.0.0,baek-smart-porter-1.0.0
S2023-212,0000047217,HPQ,HP Inc.,0000047217-23-000100,2023,2023-12-18,1.0.3,0.3.0,1,26,0.48365794,53757,2628,19,0.00722983,success,19,0.03150912,9,0.01492537,14,0.02321725,3,0.00497512,6,0.00995025,603,success,9,22,0.01492537,0.03648425,-0.41935484,0.05140962,-0.02155887,66,success,2.62550661,2.50000000,0.70361000,1.30000000,4.93000000,227,327,100,0.69418960,147,74,warning_stem_collisions,2.86719830,2.76000000,0.80115635,1.19000000,5.00000000,21594,29305,7711,0.73687084,2354,5526,warning_stem_collisions,53722,10.89157788,2628,1180,20.44216134,20.43578652,0.02606009,26,0.48397305,11067,0.17081603,3708546,362977,0.09787583,success,365,1349,-0.57409568,1114,0.02160338,569,0.01103440,97,0.00188108,744,0.01442811,395,0.00766009,,,0.00707831,0.02616065,-0.01908234,0.03323896,3833,51566,warning_stem_collisions,success,success,exact-then-unique-porter-1.0.0,baek-smart-porter-1.0.0
S2023-213,0000045012,HAL,Halliburton,0000045012-24-000007,2023,2024-02-06,1.0.3,0.3.0,1,1,0.03232062,30940,1780,1,0.00056180,success,0,0.00000000,0,0.00000000,0,0.00000000,0,0.00000000,0,0.00000000,28,success,0,0,0.00000000,0.00000000,,0.00000000,0.00000000,0,success,3.33133333,3.41000000,0.81416515,1.85000000,4.75000000,15,19,4,0.78947368,15,4,warning_stem_collisions,2.90466683,2.80000000,0.82368854,1.19000000,5.00000000,12081,15976,3895,0.75619680,1774,2986,warning_stem_collisions,30757,10.33387289,1780,749,17.27921348,19.69881208,0.04288455,1,0.03251292,9310,0.23236080,1825588,203902,0.11169114,success,146,581,-0.59834938,536,0.01837315,226,0.00774689,52,0.00178247,272,0.00932369,288,0.00987214,,,0.00500463,0.01991568,-0.01491105,0.02492030,1777,29173,warning_stem_collisions,success,success,exact-then-unique-porter-1.0.0,baek-smart-porter-1.0.0
S2023-214,0000874766,HIG,Hartford (The),0000874766-24-000016,2023,2024-02-23,1.0.3,0.3.0,1,12,0.11200299,107140,5539,8,0.00144430,success,4,0.02116402,1,0.00529101,1,0.00529101,0,0.00000000,0,0.00000000,189,success,7,3,0.03703704,0.01587302,0.40000000,0.05291005,0.02116402,15,success,2.92041237,2.81000000,0.78028533,1.50000000,4.72000000,97,123,26,0.78861789,54,22,warning_stem_collisions,2.84648173,2.74000000,0.77760307,1.26000000,5.00000000,44701,59507,14806,0.75118894,2612,10681,warning_stem_collisions,106552,11.57638841,5539,2560,19.23668532,21.41722101,0.03000413,12,0.11262107,32341,0.23284831,10400007,723091,0.06952793,success,630,3203,-0.67127576,2105,0.02068349,641,0.00629839,177,0.00173918,1404,0.01379554,690,0.00677986,,,0.00619031,0.03147231,-0.02528200,0.03766262,7652,101772,warning_stem_collisions,success,success,exact-then-unique-porter-1.0.0,baek-smart-porter-1.0.0
S2023-215,0000046080,HAS,Hasbro,0000046080-24-000034,2023,2024-02-28,1.0.3,0.3.0,1,4,0.06036096,66268,2944,4,0.00135870,success,2,0.01136364,0,0.00000000,1,0.00568182,1,0.00568182,0,0.00000000,176,success,2,3,0.01136364,0.01704545,-0.20000000,0.02840909,-0.00568182,8,success,2.92722222,2.89000000,0.83622203,1.44000000,4.93000000,72,93,21,0.77419355,61,15,warning_stem_collisions,2.99376789,2.90000000,0.83778593,1.19000000,5.00000000,26272,34836,8564,0.75416236,2306,6195,warning_stem_collisions,65890,11.09574196,2944,1292,22.38111413,20.50734480,0.04018819,4,0.06070724,8649,0.11603322,2744000,439432,0.16014286,success,492,1060,-0.36597938,843,0.01356789,359,0.00577802,109,0.00175433,309,0.00497328,486,0.00782206,,,0.00791862,0.01706045,-0.00914183,0.02497908,3060,62132,warning_stem_collisions,success,success,exact-then-unique-porter-1.0.0,baek-smart-porter-1.0.0
S2023-216,0000765880,PEAK,Healthpeak Properties,0001628280-24-004094,2023,2024-02-09,1.0.3,0.3.0,0,0,0.00000000,72840,3083,0,0.00000000,success,,,,,,,,,,,0,warning_denominator_zero,,,,,,,,,warning_denominator_zero,,,,,,0,0,0,,0,0,warning_denominator_zero,2.88709378,2.79000000,0.81633310,1.19000000,5.00000000,28642,38508,9866,0.74379350,2257,6836,warning_stem_collisions,72365,11.18947804,3083,1517,23.47226727,21.61619849,0.03088510,0,0.00000000,15585,0.17720296,7426124,483943,0.06516764,success,376,1483,-0.59548144,1221,0.01763101,683,0.00986239,164,0.00236813,670,0.00967467,670,0.00967467,,,0.00542937,0.02141423,-0.01598487,0.02684360,4347,69253,warning_denominator_zero,warning_denominator_zero,success,exact-then-unique-porter-1.0.0,baek-smart-porter-1.0.0
S2023-217,0001000228,HSIC,Henry Schein,0001000228-24-000011,2023,2024-02-28,1.0.3,0.3.0,0,0,0.00000000,42427,5431,0,0.00000000,success,,,,,,,,,,,0,warning_denominator_zero,,,,,,,,,warning_denominator_zero,,,,,,0,0,0,,0,0,warning_denominator_zero,2.92439525,2.89000000,0.78791748,1.26000000,5.00000000,16354,21553,5199,0.75878068,1622,3413,warning_stem_collisions,39854,10.59297806,5431,4804,7.33824342,14.82931123,0.11504491,0,0.00000000,0,0.00000000,3584705,275380,0.07682083,success,144,476,-0.53548387,463,0.01332988,117,0.00336846,43,0.00123798,429,0.01235101,250,0.00719756,,,0.00414579,0.01370415,-0.00955836,0.01784995,1701,34734,warning_denominator_zero,warning_denominator_zero,success,exact-then-unique-porter-1.0.0,baek-smart-porter-1.0.0
S2023-218,0000047111,HSY,Hershey Company (The),0000047111-24-000009,2023,2024-02-20,1.0.3,0.3.0,1,1,0.02303776,43407,2400,1,0.00041667,success,1,0.03846154,0,0.00000000,0,0.00000000,0,0.00000000,0,0.00000000,26,success,0,0,0.00000000,0.00000000,,0.00000000,0.00000000,1,success,2.78500000,2.84000000,0.79509433,1.64000000,4.55000000,16,21,5,0.76190476,16,2,warning_stem_collisions,2.95371042,2.86000000,0.84184022,1.19000000,5.00000000,17432,23165,5733,0.75251457,1977,4179,warning_stem_collisions,43250,10.67475251,2400,1068,18.02083333,19.67659730,0.04270520,1,0.02312139,11776,0.21400792,3109076,292809,0.09417878,success,282,504,-0.28244275,647,0.01588510,221,0.00542598,67,0.00164498,275,0.00675178,269,0.00660447,,,0.00692364,0.01237417,-0.00545053,0.01929781,1934,40730,warning_stem_collisions,success,success,exact-then-unique-porter-1.0.0,baek-smart-porter-1.0.0
S2023-219,0001645590,HPE,Hewlett Packard Enterprise,0001645590-23-000117,2023,2023-12-22,1.0.3,0.3.0,1,118,1.67425758,70479,3202,85,0.02654591,success,35,0.01059643,29,0.00877990,14,0.00423857,8,0.00242204,28,0.00847714,3303,success,35,59,0.01059643,0.01786255,-0.25531915,0.02845898,-0.00726612,177,success,2.89897898,2.82000000,0.82570436,1.19000000,5.00000000,1332,2000,668,0.66600000,503,388,warning_stem_collisions,2.89634682,2.80000000,0.81487236,1.19000000,5.00000000,28003,38319,10316,0.73078629,2454,7061,warning_stem_collisions,70417,11.16218999,3202,1460,21.99156777,21.36969774,0.02645668,118,1.67573171,13060,0.15645028,4359540,477706,0.10957716,success,433,1287,-0.49651163,1302,0.01931063,600,0.00889891,111,0.00164630,669,0.00992228,518,0.00768272,,,0.00642205,0.01908816,-0.01266611,0.02551020,4074,67424,warning_stem_collisions,success,success,exact-then-unique-porter-1.0.0,baek-smart-porter-1.0.0
S2023-220,0001585689,HLT,Hilton Worldwide,0001585689-24-000027,2023,2024-02-07,1.0.3,0.3.0,1,7,0.13081667,53510,2277,6,0.00263505,success,11,0.05213270,3,0.01421801,8,0.03791469,0,0.00000000,0,0.00000000,211,success,2,19,0.00947867,0.09004739,-0.80952381,0.09952607,-0.08056872,33,success,2.53043478,2.50000000,0.61562961,1.30000000,4.25000000,92,116,24,0.79310345,72,21,warning_stem_collisions,2.89631299,2.75000000,0.84997477,1.23000000,5.00000000,21093,28000,6907,0.75332143,2379,5226,warning_stem_collisions,53422,10.88597793,2277,1048,23.46157224,21.81285357,0.02246266,7,0.13103216,12421,0.18864572,2715023,355008,0.13075690,success,446,1064,-0.40927152,895,0.01733690,472,0.00914303,96,0.00185960,553,0.01071207,481,0.00931737,,,0.00863939,0.02061057,-0.01197118,0.02924996,3356,51624,warning_stem_collisions,success,success,exact-then-unique-porter-1.0.0,baek-smart-porter-1.0.0
S2023-221,0000354950,HD,Home Depot (The),0000354950-23-000059,2023,2023-03-15,1.0.3,0.3.0,0,0,0.00000000,35637,1819,0,0.00000000,success,,,,,,,,,,,0,warning_denominator_zero,,,,,,,,,warning_denominator_zero,,,,,,0,0,0,,0,0,warning_denominator_zero,2.91301930,2.82000000,0.82967170,1.04000000,5.00000000,14510,19064,4554,0.76112044,2028,3652,warning_stem_collisions,35570,10.47925786,1819,713,19.55470038,19.76023936,0.03036267,0,0.00000000,8171,0.18680414,2121105,238945,0.11265119,success,286,652,-0.39019190,520,0.01524882,247,0.00724319,52,0.00152488,236,0.00692062,208,0.00609953,,,0.00838685,0.01911967,-0.01073282,0.02750652,1848,34101,warning_denominator_zero,warning_denominator_zero,success,exact-then-unique-porter-1.0.0,baek-smart-porter-1.0.0
S2023-222,0000773840,HON,Honeywell Technologies,0000773840-24-000014,2023,2024-02-16,1.0.3,0.3.0,1,8,0.18608979,42990,2482,4,0.00161160,success,5,0.01432665,6,0.01719198,5,0.01432665,0,0.00000000,3,0.00859599,349,success,4,17,0.01146132,0.04871060,-0.61904762,0.06017192,-0.03724928,32,success,2.71222222,2.56000000,0.73745475,1.44000000,4.70000000,153,210,57,0.72857143,112,40,warning_stem_collisions,2.87902239,2.80000000,0.79672885,1.19000000,5.00000000,17645,23620,5975,0.74703641,2071,4175,warning_stem_collisions,42996,10.66886237,2482,1079,17.32312651,21.37721447,0.03598009,8,0.18606382,18356,0.29919155,4487403,296933,0.06617034,success,255,782,-0.50819672,679,0.01664746,220,0.00539388,83,0.00203496,615,0.01507833,355,0.00870375,,,0.00625199,0.01917278,-0.01292078,0.02542477,2601,40787,warning_stem_collisions,success,success,exact-then-unique-porter-1.0.0,baek-smart-porter-1.0.0
S2023-223,0000048465,HRL,Hormel Foods,0000048465-23-000083,2023,2023-12-06,1.0.3,0.3.0,0,0,0.00000000,33034,1839,0,0.00000000,success,,,,,,,,,,,0,warning_denominator_zero,,,,,,,,,warning_denominator_zero,,,,,,0,0,0,,0,0,warning_denominator_zero,2.93439673,2.81000000,0.85036113,1.19000000,5.00000000,13692,18262,4570,0.74975359,1760,3375,warning_stem_collisions,32851,10.39973746,1839,736,17.86351278,20.11295187,0.03451950,0,0.00000000,9722,0.22836070,3320085,222535,0.06702690,success,182,642,-0.55825243,512,0.01648582,172,0.00553820,44,0.00141675,297,0.00956306,253,0.00814631,,,0.00586019,0.02067167,-0.01481148,0.02653186,1740,31057,warning_denominator_zero,warning_denominator_zero,success,exact-then-unique-porter-1.0.0,baek-smart-porter-1.0.0
S2023-224,0001070750,HST,Host Hotels & Resorts,0001070750-24-000081,2023,2024-02-28,1.0.3,0.3.0,1,3,0.05134173,58432,2844,2,0.00070323,success,2,0.03174603,1,0.01587302,2,0.03174603,0,0.00000000,0,0.00000000,63,success,0,5,0.00000000,0.07936508,-1.00000000,0.07936508,-0.07936508,8,success,2.69240000,2.62000000,0.63107071,1.65000000,4.25000000,25,36,11,0.69444444,22,8,warning_stem_collisions,2.97540709,2.86000000,0.87264643,1.19000000,5.00000000,22796,29745,6949,0.76638090,2118,4961,warning_stem_collisions,58419,10.97539646,2844,1149,20.54113924,19.80607828,0.03122272,3,0.05135316,12472,0.17593206,3860965,381027,0.09868699,success,350,791,-0.38650307,812,0.01448319,375,0.00668866,158,0.00281816,388,0.00692054,457,0.00815125,,,0.00624275,0.01410862,-0.00786587,0.02035138,2816,56065,warning_stem_collisions,success,success,exact-then-unique-porter-1.0.0,baek-smart-porter-1.0.0
S2023-225,0000004281,HWM,Howmet Aerospace,0000004281-24-000007,2023,2024-02-13,1.0.3,0.3.0,0,0,0.00000000,44263,2076,0,0.00000000,success,,,,,,,,,,,0,warning_denominator_zero,,,,,,,,,warning_denominator_zero,,,,,,0,0,0,,0,0,warning_denominator_zero,2.92678743,2.82000000,0.81813438,1.19000000,5.00000000,17058,23384,6326,0.72947314,1892,4318,warning_stem_collisions,44081,10.69378413,2076,735,21.23362235,21.20428188,0.04834282,0,0.00000000,10125,0.18678744,2874314,294436,0.10243696,success,229,861,-0.57981651,623,0.01509498,262,0.00634813,61,0.00147800,514,0.01245396,303,0.00734154,,,0.00554856,0.02086160,-0.01531305,0.02641016,2428,41272,warning_denominator_zero,warning_denominator_zero,success,exact-then-unique-porter-1.0.0,baek-smart-porter-1.0.0
S2023-226,0000048898,HUBB,Hubbell Incorporated,0001628280-24-003792,2023,2024-02-08,1.0.3,0.3.0,1,3,0.07061150,42486,2081,1,0.00048054,success,1,0.05000000,0,0.00000000,1,0.05000000,0,0.00000000,0,0.00000000,20,success,0,0,0.00000000,0.00000000,,0.00000000,0.00000000,1,success,3.35100000,3.17500000,0.76466267,2.24000000,4.87000000,10,12,2,0.83333333,10,1,warning_stem_collisions,2.89196387,2.82000000,0.80011350,1.26000000,5.00000000,16829,22516,5687,0.74742405,1793,4362,warning_stem_collisions,42297,10.65247144,2081,788,20.32532436,21.03172561,0.04059390,3,0.07092702,10826,0.20379120,3061144,284552,0.09295610,success,194,660,-0.54566745,754,0.01885141,263,0.00657549,69,0.00172513,288,0.00720054,365,0.00912568,,,0.00485036,0.01650124,-0.01165087,0.02135160,2171,39997,warning_stem_collisions,success,success,exact-then-unique-porter-1.0.0,baek-smart-porter-1.0.0
S2023-227,0000049071,HUM,Humana,0000049071-24-000012,2023,2024-02-15,1.0.3,0.3.0,0,0,0.00000000,59342,2620,0,0.00000000,success,,,,,,,,,,,0,warning_denominator_zero,,,,,,,,,warning_denominator_zero,,,,,,0,0,0,,0,0,warning_denominator_zero,2.85263752,2.76000000,0.76971076,1.19000000,5.00000000,23996,32021,8025,0.74938322,2010,5756,warning_stem_collisions,59259,10.98967295,2620,1082,22.61793893,21.88034515,0.04330144,0,0.00000000,10775,0.15385384,3371031,397116,0.11780254,success,407,970,-0.40885984,860,0.01537224,312,0.00557691,96,0.00171597,894,0.01597998,427,0.00763250,,,0.00727500,0.01733846,-0.01006346,0.02461346,3344,55945,warning_denominator_zero,warning_denominator_zero,success,exact-then-unique-porter-1.0.0,baek-smart-porter-1.0.0
S2023-228,0000049196,HBAN,Huntington Bancshares,0000049196-24-000020,2023,2024-02-16,1.0.3,0.3.0,0,0,0.00000000,67764,3301,0,0.00000000,success,,,,,,,,,,,0,warning_denominator_zero,,,,,,,,,warning_denominator_zero,,,,,,0,0,0,,0,0,warning_denominator_zero,2.83272326,2.72000000,0.79314586,1.19000000,5.00000000,27849,37091,9242,0.75082904,2439,6303,warning_stem_collisions,67524,11.12023837,3301,1394,20.45561951,21.75431782,0.03305491,0,0.00000000,19388,0.22307622,7104727,459698,0.06470312,success,304,1258,-0.61075544,1256,0.01953830,413,0.00642462,108,0.00168004,565,0.00878912,631,0.00981582,,,0.00472901,0.01956941,-0.01484040,0.02429843,3951,64284,warning_denominator_zero,warning_denominator_zero,success,exact-then-unique-porter-1.0.0,baek-smart-porter-1.0.0
S2023-229,0001501585,HII,Huntington Ingalls Industries,0001501585-24-000007,2023,2024-02-01,1.0.3,0.3.0,1,10,0.19348722,51683,2465,5,0.00202840,success,0,0.00000000,0,0.00000000,0,0.00000000,0,0.00000000,0,0.00000000,208,success,6,1,0.02884615,0.00480769,0.71428571,0.03365385,0.02403846,7,success,2.79730435,2.72000000,0.73467807,1.81000000,4.89000000,115,156,41,0.73717949,56,27,warning_stem_collisions,2.91868703,2.86000000,0.81107697,1.04000000,5.00000000,20823,28075,7252,0.74169190,2220,5017,warning_stem_collisions,51686,10.85294223,2465,952,20.96795132,21.08308686,0.03192354,10,0.19347599,9921,0.16103690,2853860,349575,0.12249199,success,279,1092,-0.59299781,877,0.01776958,378,0.00765895,76,0.00153990,944,0.01912712,432,0.00875309,,,0.00565304,0.02212587,-0.01647283,0.02777890,3496,49354,warning_stem_collisions,success,success,exact-then-unique-porter-1.0.0,baek-smart-porter-1.0.0
S2023-230,0000051143,IBM,IBM,0000051143-24-000012,2023,2024-02-26,1.0.3,0.3.0,1,15,1.39847101,10726,623,12,0.01926164,success,8,0.01267829,15,0.02377179,6,0.00950872,2,0.00316957,6,0.00950872,631,success,10,31,0.01584786,0.04912837,-0.51219512,0.06497623,-0.03328051,71,success,2.82543307,2.62500000,0.77639765,1.50000000,4.89000000,254,368,114,0.69021739,164,75,warning_stem_collisions,2.91515618,2.82000000,0.83492411,1.30000000,5.00000000,4290,5873,1583,0.73046143,1079,1066,warning_stem_collisions,10804,9.28767171,623,232,17.34189406,21.19317544,0.02600889,15,1.38837468,4765,0.30605691,1163520,74084,0.06367230,success,82,286,-0.55434783,261,0.02539899,124,0.01206695,27,0.00262748,134,0.01304009,57,0.00554691,,,0.00797976,0.02783184,-0.01985208,0.03581160,821,10276,warning_stem_collisions,success,success,exact-then-unique-porter-1.0.0,baek-smart-porter-1.0.0
S2023-231,0000832101,IEX,IDEX Corporation,0000832101-24-000009,2023,2024-02-22,1.0.3,0.3.0,1,3,0.08650270,34681,1750,2,0.00114286,success,3,0.06521739,1,0.02173913,2,0.04347826,0,0.00000000,0,0.00000000,46,success,2,0,0.04347826,0.00000000,1.00000000,0.04347826,0.04347826,6,success,2.72590909,2.72000000,0.65468701,1.63000000,4.25000000,22,28,6,0.78571429,19,4,warning_stem_collisions,2.95980772,2.89000000,0.82160965,1.04000000,5.00000000,14094,19232,5138,0.73284110,1930,3462,warning_stem_collisions,34505,10.44885952,1750,781,19.71714286,21.33714077,0.03593682,3,0.08694392,9951,0.22383930,3258215,236645,0.07263026,success,228,544,-0.40932642,467,0.01428659,163,0.00498654,43,0.00131547,252,0.00770925,262,0.00801517,,,0.00697504,0.01664219,-0.00966716,0.02361723,1683,32688,warning_stem_collisions,success,success,exact-then-unique-porter-1.0.0,baek-smart-porter-1.0.0
S2023-232,0001478242,IQV,IQVIA,0001478242-24-000038,2023,2024-02-15,1.0.3,0.3.0,1,6,0.09609071,62441,2772,3,0.00108225,success,4,0.03389831,0,0.00000000,4,0.03389831,0,0.00000000,0,0.00000000,118,success,1,0,0.00847458,0.00000000,1.00000000,0.00847458,0.00847458,5,success,2.80333333,2.56000000,0.74272859,1.67000000,4.64000000,51,61,10,0.83606557,44,8,warning_stem_collisions,2.84346487,2.74000000,0.78471844,1.19000000,5.00000000,25089,32927,7838,0.76195827,2505,6122,warning_stem_collisions,62167,11.03757959,2772,1163,22.42676768,21.33990179,0.02901861,6,0.09651423,8777,0.12371730,3228095,419242,0.12987288,success,394,1206,-0.50750000,1305,0.02186113,678,0.01135774,121,0.00202697,871,0.01459084,569,0.00953179,,,0.00660022,0.02020270,-0.01360248,0.02680291,4273,59695,warning_stem_collisions,success,success,exact-then-unique-porter-1.0.0,baek-smart-porter-1.0.0
S2023-233,0000874716,IDXX,Idexx Laboratories,0000874716-24-000057,2023,2024-02-22,1.0.3,0.3.0,1,42,0.69469715,60458,2650,26,0.00981132,success,16,0.01398601,20,0.01748252,13,0.01136364,7,0.00611888,5,0.00437063,1144,success,21,21,0.01835664,0.01835664,0.00000000,0.03671329,0.00000000,85,success,2.77501155,2.62000000,0.73663178,1.44000000,4.87000000,433,628,195,0.68949045,271,136,warning_stem_collisions,2.89965434,2.82000000,0.81396560,1.04000000,5.00000000,23983,32175,8192,0.74539239,2314,6026,warning_stem_collisions,60360,11.00808191,2650,979,22.77735849,21.35010992,0.03061630,42,0.69582505,9983,0.14191888,3030585,407306,0.13439847,success,388,886,-0.39089482,1024,0.01770830,414,0.00715941,138,0.00238647,594,0.01027220,537,0.00928648,,,0.00670978,0.01532183,-0.00861204,0.02203161,3430,57826,warning_stem_collisions,success,success,exact-then-unique-porter-1.0.0,baek-smart-porter-1.0.0
S2023-234,0000049826,ITW,Illinois Tool Works,0000049826-24-000008,2023,2024-02-09,1.0.3,0.3.0,0,0,0.00000000,34418,1866,0,0.00000000,success,,,,,,,,,,,0,warning_denominator_zero,,,,,,,,,warning_denominator_zero,,,,,,0,0,0,,0,0,warning_denominator_zero,2.99281962,2.90000000,0.83408276,1.30000000,5.00000000,14126,18797,4671,0.75150290,1556,3310,warning_stem_collisions,34004,10.43423344,1866,842,18.22293676,20.41647753,0.05658158,0,0.00000000,8413,0.19834029,2588208,231110,0.08929344,success,294,510,-0.26865672,474,0.01510613,181,0.00576837,50,0.00159347,150,0.00478042,147,0.00468481,,,0.00936962,0.01625343,-0.00688380,0.02562305,1561,31378,warning_denominator_zero,warning_denominator_zero,success,exact-then-unique-porter-1.0.0,baek-smart-porter-1.0.0
S2023-235,0000879169,INCY,Incyte,0000879169-24-000045,2023,2024-02-13,1.0.3,0.3.0,1,5,0.07326866,68242,2831,5,0.00176616,success,7,0.05691057,2,0.01626016,6,0.04878049,0,0.00000000,0,0.00000000,123,success,0,8,0.00000000,0.06504065,-1.00000000,0.06504065,-0.06504065,16,success,2.64333333,2.45000000,0.70931445,1.63000000,4.10000000,63,70,7,0.90000000,45,7,warning_stem_collisions,2.86165193,2.76000000,0.79783397,1.04000000,5.00000000,25449,35563,10114,0.71560330,2517,6212,warning_stem_collisions,68275,11.13129895,2831,1124,24.11691982,21.66603213,0.02889784,5,0.07323325,6850,0.09118136,2124346,456683,0.21497581,success,717,1393,-0.32037915,1284,0.01959438,776,0.01184209,161,0.00245693,726,0.01107906,472,0.00720292,,,0.01094172,0.02125776,-0.01031604,0.03219948,4548,65529,warning_stem_collisions,success,success,exact-then-unique-porter-1.0.0,baek-smart-porter-1.0.0
S2023-236,0001699150,IR,Ingersoll Rand,0001628280-24-006642,2023,2024-02-23,1.0.3,0.3.0,1,1,0.02018775,49535,2218,1,0.00045086,success,0,0.00000000,0,0.00000000,0,0.00000000,0,0.00000000,1,0.02173913,46,success,1,0,0.02173913,0.00000000,1.00000000,0.02173913,0.02173913,2,success,2.54523810,2.24000000,0.83072326,1.67000000,5.00000000,21,26,5,0.80769231,20,5,warning_stem_collisions,2.90602597,2.83000000,0.80851753,1.19000000,5.00000000,19869,26142,6273,0.76004131,2116,4733,warning_stem_collisions,49437,10.80845441,2218,982,22.28899910,21.82717321,0.04041507,1,0.02022776,11542,0.18927828,3529607,332182,0.09411303,success,301,807,-0.45667870,784,0.01674319,312,0.00666311,105,0.00224239,513,0.01095569,371,0.00792312,,,0.00642819,0.01723438,-0.01080619,0.02366257,2724,46825,warning_stem_collisions,success,success,exact-then-unique-porter-1.0.0,baek-smart-porter-1.0.0
S2023-237,0001145197,PODD,Insulet Corporation,0001145197-24-000011,2023,2024-02-23,1.0.3,0.3.0,1,1,0.02298639,43504,2088,1,0.00047893,success,0,0.00000000,0,0.00000000,0,0.00000000,1,0.03571429,3,0.10714286,28,success,0,0,0.00000000,0.00000000,,0.00000000,0.00000000,4,success,2.64818182,2.46000000,0.61988002,1.65000000,3.97000000,11,15,4,0.73333333,11,3,warning_stem_collisions,2.89981732,2.82000000,0.81953473,1.19000000,4.97000000,17298,22882,5584,0.75596539,2241,3928,warning_stem_collisions,43376,10.67766157,2088,904,20.77394636,20.78505310,0.03003965,1,0.02305422,7754,0.15165265,2124480,290403,0.13669369,success,276,1009,-0.57042802,729,0.01756500,401,0.00966195,87,0.00209623,515,0.01240874,384,0.00925234,,,0.00665012,0.02431150,-0.01766137,0.03096162,2862,41503,warning_stem_collisions,success,success,exact-then-unique-porter-1.0.0,baek-smart-porter-1.0.0
S2023-238,0000050863,INTC,Intel,0000050863-24-000010,2023,2024-01-26,1.0.3,0.3.0,1,114,2.04096247,55856,2805,91,0.03244207,success,35,0.01228070,11,0.00385965,16,0.00561404,8,0.00280702,4,0.00140351,2850,success,41,32,0.01438596,0.01122807,0.12328767,0.02561404,0.00315789,130,success,3.05572202,2.97000000,0.86775184,1.19000000,4.93000000,1108,1712,604,0.64719626,476,286,warning_stem_collisions,2.91010490,2.83000000,0.81770727,1.19000000,5.00000000,21450,29347,7897,0.73090946,2478,5455,warning_stem_collisions,55619,10.92628015,2805,973,19.82852050,20.85645060,0.03060105,114,2.04965929,17195,0.23614964,3276073,371033,0.11325541,success,499,1320,-0.45134689,806,0.01516834,356,0.00669966,130,0.00244651,471,0.00886388,428,0.00805465,,,0.00939082,0.02484145,-0.01545063,0.03423227,3430,53137,warning_stem_collisions,success,success,exact-then-unique-porter-1.0.0,baek-smart-porter-1.0.0
S2023-239,0001571949,ICE,Intercontinental Exchange,0001571949-24-000007,2023,2024-02-08,1.0.3,0.3.0,1,5,0.06180852,80895,3575,3,0.00083916,success,4,0.02739726,2,0.01369863,4,0.02739726,0,0.00000000,5,0.03424658,146,success,1,1,0.00684932,0.00684932,0.00000000,0.01369863,0.00000000,13,success,2.79862069,2.75500000,0.80336673,1.50000000,4.40000000,58,76,18,0.76315789,47,16,warning_stem_collisions,2.93068237,2.86000000,0.81969766,1.19000000,5.00000000,32050,42647,10597,0.75151828,2544,7646,warning_stem_collisions,80671,11.29813443,3575,1474,22.56531469,20.94966524,0.03205613,5,0.06198014,15434,0.16059518,4270867,532140,0.12459765,success,469,1393,-0.49624060,1437,0.01862509,622,0.00806180,137,0.00177567,918,0.01189828,622,0.00806180,,,0.00607875,0.01805480,-0.01197605,0.02413355,4733,77154,warning_stem_collisions,success,success,exact-then-unique-porter-1.0.0,baek-smart-porter-1.0.0
S2023-240,0000051253,IFF,International Flavors & Fragrances,0000051253-24-000006,2023,2024-02-28,1.0.3,0.3.0,1,21,0.33585491,62527,2710,16,0.00590406,success,29,0.04202899,10,0.01449275,18,0.02608696,0,0.00000000,0,0.00000000,690,success,6,38,0.00869565,0.05507246,-0.72727273,0.06376812,-0.04637681,78,success,2.64357143,2.50000000,0.71694896,1.44000000,4.50000000,224,323,99,0.69349845,138,58,warning_stem_collisions,2.89462631,2.79000000,0.81889251,1.26000000,5.00000000,24566,32863,8297,0.74752761,2349,5967,warning_stem_collisions,62312,11.03990930,2710,1233,22.99335793,21.47565559,0.04012068,21,0.33701374,12442,0.16643925,3768969,414790,0.11005397,success,400,1453,-0.56826767,1184,0.02003418,493,0.00834193,93,0.00157363,703,0.01189529,456,0.00771587,,,0.00676830,0.02458586,-0.01781756,0.03135417,4009,59099,warning_stem_collisions,success,success,exact-then-unique-porter-1.0.0,baek-smart-porter-1.0.0
S2023-241,0000051434,IP,International Paper,0000051434-24-000024,2023,2024-02-16,1.0.3,0.3.0,1,12,0.23749678,50527,2522,9,0.00356860,success,10,0.04048583,7,0.02834008,7,0.02834008,0,0.00000000,7,0.02834008,247,success,5,8,0.02024291,0.03238866,-0.23076923,0.05263158,-0.01214575,37,success,2.64352273,2.60000000,0.62725962,1.63000000,4.25000000,88,129,41,0.68217054,72,29,warning_stem_collisions,2.92112561,2.82000000,0.83318750,1.04000000,5.00000000,20149,26947,6798,0.74772702,2192,4898,warning_stem_collisions,50381,10.82736940,2522,1054,19.97660587,20.69272016,0.04259542,12,0.23818503,10906,0.17794965,3235547,337186,0.10421298,success,210,895,-0.61990950,889,0.01869375,325,0.00683405,91,0.00191353,564,0.01185970,391,0.00822189,,,0.00441585,0.01881992,-0.01440407,0.02323576,2876,47556,warning_stem_collisions,success,success,exact-then-unique-porter-1.0.0,baek-smart-porter-1.0.0
S2023-242,0000896878,INTU,Intuit,0000896878-23-000034,2023,2023-09-01,1.0.3,0.3.0,1,56,1.05330474,53166,2712,43,0.01585546,success,31,0.02476038,16,0.01277955,25,0.01996805,2,0.00159744,3,0.00239617,1252,success,23,24,0.01837061,0.01916933,-0.02127660,0.03753994,-0.00079872,98,success,2.76523305,2.63000000,0.75702693,1.42000000,4.89000000,472,683,211,0.69106881,265,142,warning_stem_collisions,2.89057367,2.82000000,0.80586161,1.19000000,5.00000000,21249,27798,6549,0.76440751,2218,5083,warning_stem_collisions,52889,10.87595066,2712,966,19.50184366,19.29670127,0.03064910,56,1.05882130,11393,0.17723468,2820297,348713,0.12364407,success,306,1047,-0.54767184,905,0.01784412,489,0.00964174,87,0.00171540,387,0.00763058,420,0.00828125,,,0.00603348,0.02064397,-0.01461049,0.02667745,2973,50717,warning_stem_collisions,success,success,exact-then-unique-porter-1.0.0,baek-smart-porter-1.0.0
S2023-243,0001035267,ISRG,Intuitive Surgical,0001035267-24-000021,2023,2024-01-31,1.0.3,0.3.0,1,37,0.43067826,85911,3563,25,0.00701656,success,28,0.02788845,30,0.02988048,18,0.01792829,2,0.00199203,9,0.00896414,1004,success,7,22,0.00697211,0.02191235,-0.51724138,0.02888446,-0.01494024,95,success,2.67695187,2.52000000,0.76380333,1.30000000,4.93000000,374,517,143,0.72340426,220,102,warning_stem_collisions,2.87015813,2.81000000,0.80892085,1.19000000,5.00000000,32822,45504,12682,0.72129923,2960,8697,warning_stem_collisions,86169,11.36406576,3563,1319,24.18439517,21.33202390,0.02800311,37,0.42938876,5873,0.06380783,2773324,577875,0.20836909,success,503,2202,-0.62809612,1790,0.02164921,994,0.01202196,244,0.00295107,1126,0.01361844,710,0.00858712,,,0.00608355,0.02663216,-0.02054861,0.03271571,6268,82682,warning_stem_collisions,success,success,exact-then-unique-porter-1.0.0,baek-smart-porter-1.0.0
S2023-244,0000914208,IVZ,Invesco,0000914208-24-000219,2023,2024-02-21,1.0.3,0.3.0,1,1,0.02138854,46754,2280,1,0.00043860,success,2,0.03030303,0,0.00000000,2,0.03030303,0,0.00000000,0,0.00000000,66,success,1,2,0.01515152,0.03030303,-0.33333333,0.04545455,-0.01515152,5,success,2.83129032,3.07000000,0.76410497,1.62000000,4.48000000,31,39,8,0.79487179,27,7,warning_stem_collisions,2.87296507,2.76000000,0.80234137,1.19000000,4.96000000,18836,24821,5985,0.75887353,1990,3995,warning_stem_collisions,46687,10.75122103,2280,1109,20.47675439,20.91579643,0.03230021,1,0.02141924,11993,0.20437969,3972055,311685,0.07846946,success,243,1067,-0.62900763,949,0.02133303,449,0.01009329,97,0.00218051,450,0.01011577,438,0.00984602,,,0.00546252,0.02398561,-0.01852310,0.02944813,3047,44485,warning_stem_collisions,success,success,exact-then-unique-porter-1.0.0,baek-smart-porter-1.0.0
S2023-245,0001687229,INVH,Invitation Homes,0001687229-24-000013,2023,2024-02-21,1.0.3,0.3.0,1,7,0.09977053,70161,2928,6,0.00204918,success,9,0.05357143,2,0.01190476,7,0.04166667,0,0.00000000,4,0.02380952,168,success,2,9,0.01190476,0.05357143,-0.63636364,0.06547619,-0.04166667,23,success,2.45084507,2.36000000,0.54655579,1.62000000,3.93000000,71,91,20,0.78021978,56,13,warning_stem_collisions,2.82790115,2.72000000,0.78434389,1.19000000,5.00000000,26767,35992,9225,0.74369304,2470,7036,warning_stem_collisions,69872,11.15442028,2928,1380,23.86338798,21.49152111,0.03049863,7,0.10018319,8719,0.11094146,2925403,460353,0.15736396,success,593,1447,-0.41862745,1315,0.01963918,821,0.01226142,176,0.00262851,528,0.00788554,642,0.00958810,,,0.00885630,0.02161056,-0.01275426,0.03046686,4499,66958,warning_stem_collisions,success,success,exact-then-unique-porter-1.0.0,baek-smart-porter-1.0.0
S2023-246,0001020569,IRM,Iron Mountain,0001020569-24-000040,2023,2024-02-22,1.0.3,0.3.0,1,8,0.14609471,54759,3153,4,0.00126863,success,2,0.01257862,1,0.00628931,1,0.00628931,0,0.00000000,1,0.00628931,159,success,4,1,0.02515723,0.00628931,0.60000000,0.03144654,0.01886792,9,success,2.84386364,2.72000000,0.77787068,1.63000000,4.64000000,88,113,25,0.77876106,58,16,warning_stem_collisions,2.89688168,2.81000000,0.81117676,1.26000000,5.00000000,21797,28743,6946,0.75834116,1923,4991,warning_stem_collisions,54566,10.90716626,3153,1559,17.30605772,19.79382856,0.03949346,8,0.14661144,21756,0.28505542,5277697,361478,0.06849162,success,287,744,-0.44325897,882,0.01696970,341,0.00656085,141,0.00271284,341,0.00656085,456,0.00877345,,,0.00552189,0.01431457,-0.00879269,0.01983646,2708,51975,warning_stem_collisions,success,success,exact-then-unique-porter-1.0.0,baek-smart-porter-1.0.0
S2023-247,0000728535,JBHT,J.B. Hunt,0001437749-24-005368,2023,2024-02-23,1.0.3,0.3.0,0,0,0.00000000,23986,1305,0,0.00000000,success,,,,,,,,,,,0,warning_denominator_zero,,,,,,,,,warning_denominator_zero,,,,,,0,0,0,,0,0,warning_denominator_zero,2.94061712,2.89000000,0.81210499,1.19000000,5.00000000,9593,12723,3130,0.75398884,1482,2334,warning_stem_collisions,23916,10.08230297,1305,447,18.32643678,19.56247674,0.04808496,0,0.00000000,4174,0.14859381,1494195,160572,0.10746389,success,92,450,-0.66051661,327,0.01460343,132,0.00589496,29,0.00129511,288,0.01286174,158,0.00705609,,,0.00410861,0.02009646,-0.01598785,0.02420507,1217,22392,warning_denominator_zero,warning_denominator_zero,success,exact-then-unique-porter-1.0.0,baek-smart-porter-1.0.0
S2023-248,0000091419,SJM,J.M. Smucker Company (The),0000091419-23-000072,2023,2023-06-20,1.0.3,0.3.0,0,0,0.00000000,44014,1973,0,0.00000000,success,,,,,,,,,,,0,warning_denominator_zero,,,,,,,,,warning_denominator_zero,,,,,,0,0,0,,0,0,warning_denominator_zero,2.92814762,2.80000000,0.87451456,1.19000000,5.00000000,17572,22984,5412,0.76453185,2068,4052,warning_stem_collisions,43868,10.68894040,1973,695,22.23416118,20.73908208,0.03519650,0,0.00000000,8888,0.16847373,3579169,291260,0.08137643,success,300,1034,-0.55022489,794,0.01899385,331,0.00791809,68,0.00162668,338,0.00808554,308,0.00736789,,,0.00717652,0.02473507,-0.01755855,0.03191159,2656,41803,warning_denominator_zero,warning_denominator_zero,success,exact-then-unique-porter-1.0.0,baek-smart-porter-1.0.0
S2023-249,0000019617,JPM,JPMorgan Chase,0000019617-24-000225,2023,2024-02-16,1.0.3,0.3.0,1,5,0.03457886,144597,7586,2,0.00026364,success,2,0.02898551,0,0.00000000,1,0.01449275,0,0.00000000,0,0.00000000,69,success,1,1,0.01449275,0.01449275,0.00000000,0.02898551,0.00000000,4,success,2.72838710,2.63000000,0.72141481,1.63000000,4.57000000,31,39,8,0.79487179,24,7,warning_stem_collisions,2.86430188,2.74000000,0.80185495,1.19000000,5.00000000,57189,78925,21736,0.72459930,2851,13820,warning_stem_collisions,144041,11.87785326,7586,4073,18.98774057,20.14402148,0.02979013,5,0.03471234,43243,0.23089532,13211658,977174,0.07396301,success,500,3010,-0.71509972,2892,0.02119287,775,0.00567928,182,0.00133371,1380,0.01011278,1166,0.00854457,,,0.00366405,0.02205758,-0.01839353,0.02572163,8751,136461,warning_stem_collisions,success,success,exact-then-unique-porter-1.0.0,baek-smart-porter-1.0.0
S2023-250,0000898293,JBL,Jabil,0001193125-23-259599,2023,2023-10-20,1.0.3,0.3.0,0,0,0.00000000,40475,2073,0,0.00000000,success,,,,,,,,,,,0,warning_denominator_zero,,,,,,,,,warning_denominator_zero,,,,,,0,0,0,,0,0,warning_denominator_zero,2.88788422,2.82000000,0.80534012,1.19000000,5.00000000,16117,21341,5224,0.75521297,2007,3978,warning_stem_collisions,40332,10.60490048,2073,911,19.45586107,20.03506163,0.03042249,0,0.00000000,8017,0.16581522,2688505,272562,0.10138051,success,247,740,-0.49949341,724,0.01875745,341,0.00883465,93,0.00240945,358,0.00927509,336,0.00870511,,,0.00639930,0.01917198,-0.01277268,0.02557127,2386,38598,warning_denominator_zero,warning_denominator_zero,success,exact-then-unique-porter-1.0.0,baek-smart-porter-1.0.0
S2023-251,0000779152,JKHY,Jack Henry & Associates,0000779152-23-000062,2023,2023-08-24,1.0.3,0.3.0,1,8,0.25519969,31348,1529,4,0.00261609,success,1,0.00833333,0,0.00000000,0,0.00000000,0,0.00000000,0,0.00000000,120,success,3,1,0.02500000,0.00833333,0.50000000,0.03333333,0.01666667,5,success,2.98859649,2.93000000,0.84946720,1.61000000,4.54000000,57,80,23,0.71250000,40,11,warning_stem_collisions,2.86991029,2.75000000,0.79755892,1.19000000,5.00000000,12708,16763,4055,0.75809819,1737,3100,warning_stem_collisions,31124,10.34573450,1529,659,20.35578810,20.06307680,0.04446729,8,0.25703637,3251,0.09457455,1412544,211051,0.14941198,success,189,484,-0.43833581,438,0.01494625,212,0.00723426,49,0.00167207,304,0.01037366,251,0.00856509,,,0.00644941,0.01651595,-0.01006654,0.02296536,1634,29305,warning_stem_collisions,success,success,exact-then-unique-porter-1.0.0,baek-smart-porter-1.0.0
S2023-252,0000052988,J,Jacobs Solutions,0000052988-23-000084,2023,2023-11-21,1.0.3,0.3.0,1,8,0.12447487,64270,3025,7,0.00231405,success,2,0.00735294,0,0.00000000,1,0.00367647,0,0.00000000,0,0.00000000,272,success,6,4,0.02205882,0.01470588,0.20000000,0.03676471,0.00735294,12,success,3.09798507,3.07000000,0.86836162,1.63000000,4.82000000,134,152,18,0.88157895,71,14,warning_stem_collisions,2.86317177,2.75000000,0.80596214,1.26000000,5.00000000,25068,33345,8277,0.75177688,2486,6113,warning_stem_collisions,64227,11.07017896,3025,1284,21.23206612,20.95527171,0.03708721,8,0.12455821,13299,0.17154245,3391843,428771,0.12641240,success,470,1334,-0.47893570,1225,0.02005796,603,0.00987343,126,0.00206310,836,0.01368854,534,0.00874363,,,0.00769571,0.02184271,-0.01414700,0.02953842,4250,61073,warning_stem_collisions,success,success,exact-then-unique-porter-1.0.0,baek-smart-porter-1.0.0
S2023-253,0000833444,JCI,Johnson Controls,0000833444-23-000048,2023,2023-12-14,1.0.3,0.3.0,1,7,0.12341979,56717,2453,4,0.00163066,success,19,0.03264605,13,0.02233677,3,0.00515464,0,0.00000000,3,0.00515464,582,success,8,35,0.01374570,0.06013746,-0.62790698,0.07388316,-0.04639175,73,success,2.67007220,2.52000000,0.73662563,1.47000000,4.89000000,277,366,89,0.75683060,184,68,warning_stem_collisions,2.89900843,2.79000000,0.82273425,1.26000000,5.00000000,22409,30821,8412,0.72706921,2274,6010,warning_stem_collisions,56837,10.94794280,2453,1045,23.17040359,22.14007251,0.02565230,7,0.12315921,10058,0.15035503,3218777,385078,0.11963488,success,325,1455,-0.63483146,1039,0.01906422,476,0.00873394,121,0.00222018,870,0.01596330,476,0.00873394,,,0.00596330,0.02669725,-0.02073394,0.03266055,3932,54500,warning_stem_collisions,success,success,exact-then-unique-porter-1.0.0,baek-smart-porter-1.0.0
S2023-254,0000319201,KLAC,KLA Corporation,0000319201-23-000031,2023,2023-08-04,1.0.3,0.3.0,1,18,0.29580451,60851,2595,12,0.00462428,success,11,0.02606635,6,0.01421801,9,0.02132701,1,0.00236967,4,0.00947867,422,success,7,11,0.01658768,0.02606635,-0.22222222,0.04265403,-0.00947867,40,success,2.79602339,2.62000000,0.77570302,1.40000000,4.93000000,171,244,73,0.70081967,132,47,warning_stem_collisions,2.85350912,2.75000000,0.79691320,1.04000000,5.00000000,23456,31150,7694,0.75300161,2289,5965,warning_stem_collisions,60770,11.01485153,2595,1034,23.41811175,21.06647532,0.02593385,18,0.29619878,9924,0.14037966,3206968,402816,0.12560649,success,374,1181,-0.51897106,1177,0.02008704,574,0.00979606,148,0.00252581,552,0.00942060,565,0.00964246,,,0.00638280,0.02015530,-0.01377251,0.02653810,3784,58595,warning_stem_collisions,success,success,exact-then-unique-porter-1.0.0,baek-smart-porter-1.0.0
S2023-255,0001944048,KVUE,Kenvue,0001944048-24-000057,2023,2024-03-01,1.0.3,0.3.0,1,3,0.03601786,83292,3224,1,0.00031017,success,0,0.00000000,0,0.00000000,0,0.00000000,1,0.02380952,2,0.04761905,42,success,1,0,0.02380952,0.00000000,1.00000000,0.02380952,0.02380952,4,success,2.82115385,2.61500000,0.81874823,1.67000000,4.48000000,26,30,4,0.86666667,22,4,warning_stem_collisions,2.83780787,2.74000000,0.80775183,1.19000000,5.00000000,32343,43246,10903,0.74788420,2587,8137,warning_stem_collisions,83441,11.33189507,3224,1424,25.88120347,21.97955258,0.02521542,3,0.03595355,8030,0.08778739,3327563,556425,0.16721697,success,503,2053,-0.60641628,1588,0.01979334,916,0.01141732,205,0.00255519,1242,0.01548069,639,0.00796470,,,0.00626955,0.02558925,-0.01931970,0.03185880,5849,80229,warning_stem_collisions,success,success,exact-then-unique-porter-1.0.0,baek-smart-porter-1.0.0
S2023-256,0001418135,KDP,Keurig Dr Pepper,0001418135-24-000007,2023,2024-02-22,1.0.3,0.3.0,1,1,0.02183740,45793,2409,1,0.00041511,success,0,0.00000000,0,0.00000000,0,0.00000000,0,0.00000000,0,0.00000000,32,success,0,0,0.00000000,0.00000000,,0.00000000,0.00000000,0,success,3.02333333,2.93000000,0.57147373,2.24000000,4.14000000,15,17,2,0.88235294,14,2,warning_stem_collisions,2.91437688,2.82000000,0.83341680,1.26000000,5.00000000,18239,24411,6172,0.74716316,2143,4430,warning_stem_collisions,45843,10.73297779,2409,1168,19.02988792,20.07164095,0.03402919,1,0.02181358,10873,0.19170957,2981961,306379,0.10274413,success,284,923,-0.52941176,779,0.01786615,339,0.00777487,67,0.00153663,400,0.00917389,331,0.00759139,,,0.00651346,0.02116875,-0.01465529,0.02768222,2590,43602,warning_stem_collisions,success,success,exact-then-unique-porter-1.0.0,baek-smart-porter-1.0.0
S2023-257,0000091576,KEY,KeyCorp,0000091576-24-000040,2023,2024-02-22,1.0.3,0.3.0,1,2,0.02461114,81264,4508,2,0.00044366,success,3,0.08571429,0,0.00000000,1,0.02857143,0,0.00000000,0,0.00000000,35,success,0,1,0.00000000,0.02857143,-1.00000000,0.02857143,-0.02857143,4,success,2.65133333,2.82000000,0.62252033,1.63000000,3.89000000,15,18,3,0.83333333,13,2,warning_stem_collisions,2.84766329,2.72000000,0.81225367,1.26000000,5.00000000,33008,43608,10600,0.75692533,2527,7470,warning_stem_collisions,80933,11.30137693,4508,2002,17.95319432,20.13952640,0.03339800,2,0.02471180,24729,0.23403873,7618451,543359,0.07132145,success,329,1611,-0.66082474,1688,0.02189421,539,0.00699110,129,0.00167320,718,0.00931282,664,0.00861242,,,0.00426730,0.02089548,-0.01662819,0.02516278,4944,77098,warning_stem_collisions,success,success,exact-then-unique-porter-1.0.0,baek-smart-porter-1.0.0
S2023-258,0001601046,KEYS,Keysight Technologies,0001601046-23-000134,2023,2023-12-15,1.0.3,0.3.0,1,14,0.26465028,52900,2480,10,0.00403226,success,0,0.00000000,0,0.00000000,0,0.00000000,0,0.00000000,0,0.00000000,317,success,13,0,0.04100946,0.00000000,1.00000000,0.04100946,0.04100946,13,success,3.07364162,3.03000000,0.74035067,1.80000000,4.74000000,173,210,37,0.82380952,60,22,warning_stem_collisions,2.87743440,2.79000000,0.79216040,1.19000000,4.97000000,21266,28094,6828,0.75695878,2174,5255,warning_stem_collisions,52934,10.87680113,2480,948,21.34435484,20.60405810,0.03340008,14,0.26448030,7995,0.13121830,3034234,355926,0.11730341,success,394,983,-0.42774147,936,0.01855266,439,0.00870151,116,0.00229926,600,0.01189273,498,0.00987096,,,0.00780956,0.01948425,-0.01167469,0.02729381,3339,50451,warning_stem_collisions,success,success,exact-then-unique-porter-1.0.0,baek-smart-porter-1.0.0
S2023-259,0000055785,KMB,Kimberly-Clark,0000055785-24-000018,2023,2024-02-08,1.0.3,0.3.0,0,0,0.00000000,33647,1841,0,0.00000000,success,,,,,,,,,,,0,warning_denominator_zero,,,,,,,,,warning_denominator_zero,,,,,,0,0,0,,0,0,warning_denominator_zero,2.88969139,2.76000000,0.82436349,1.19000000,5.00000000,13415,17972,4557,0.74643890,1748,3375,warning_stem_collisions,33495,10.41915145,1841,728,18.19391635,19.80606933,0.03660248,0,0.00000000,8012,0.19302768,2548511,224738,0.08818404,success,190,548,-0.48509485,542,0.01704295,198,0.00622602,37,0.00116345,265,0.00833281,208,0.00654047,,,0.00597447,0.01723162,-0.01125715,0.02320609,1661,31802,warning_denominator_zero,warning_denominator_zero,success,exact-then-unique-porter-1.0.0,baek-smart-porter-1.0.0
S2023-260,0000879101,KIM,Kimco Realty,0001437749-24-005407,2023,2024-02-26,1.0.3,0.3.0,1,10,0.18886811,52947,2714,9,0.00331614,success,35,0.03923767,13,0.01457399,12,0.01345291,0,0.00000000,3,0.00336323,892,success,8,43,0.00896861,0.04820628,-0.68627451,0.05717489,-0.03923767,95,success,2.64858268,2.48000000,0.77209167,1.31000000,4.89000000,381,527,146,0.72296015,227,86,warning_stem_collisions,2.90434709,2.81000000,0.79946928,1.26000000,5.00000000,20600,27967,7367,0.73658240,1905,4826,warning_stem_collisions,52812,10.87449372,2714,1056,19.45910096,21.51008804,0.03667727,10,0.18935091,26699,0.33579002,10068015,351717,0.03493410,success,281,705,-0.43002028,779,0.01560466,378,0.00757196,129,0.00258408,253,0.00506801,385,0.00771219,,,0.00562889,0.01412231,-0.00849342,0.01975121,2375,49921,warning_stem_collisions,success,success,exact-then-unique-porter-1.0.0,baek-smart-porter-1.0.0
S2023-261,0001506307,KMI,Kinder Morgan,0001506307-24-000011,2023,2024-02-20,1.0.3,0.3.0,1,4,0.06887764,58074,2653,4,0.00150773,success,8,0.06451613,2,0.01612903,4,0.03225806,0,0.00000000,1,0.00806452,124,success,0,7,0.00000000,0.05645161,-1.00000000,0.05645161,-0.05645161,17,success,2.59559322,2.44000000,0.69521432,1.63000000,4.64000000,59,66,7,0.89393939,41,4,warning_stem_collisions,2.89808731,2.76000000,0.84408975,1.26000000,5.00000000,22654,30708,8054,0.73772307,2283,5793,warning_stem_collisions,58009,10.96835345,2653,1136,21.86543536,21.61718980,0.02834043,4,0.06895482,15341,0.20914792,4490580,386578,0.08608643,success,241,1177,-0.66008463,1007,0.01807899,424,0.00761221,111,0.00199282,879,0.01578097,581,0.01043088,,,0.00432675,0.02113106,-0.01680431,0.02545781,3764,55700,warning_stem_collisions,success,success,exact-then-unique-porter-1.0.0,baek-smart-porter-1.0.0
S2023-262,0001637459,KHC,Kraft Heinz,0001637459-24-000018,2023,2024-02-15,1.0.3,0.3.0,1,3,0.05090181,58937,2753,2,0.00072648,success,4,0.04938272,0,0.00000000,3,0.03703704,1,0.01234568,0,0.00000000,81,success,3,2,0.03703704,0.02469136,0.20000000,0.06172840,0.01234568,10,success,2.63666667,2.56500000,0.66702907,1.63000000,4.25000000,36,45,9,0.80000000,34,8,warning_stem_collisions,2.87477354,2.76000000,0.80791068,1.26000000,5.00000000,23580,31596,8016,0.74629700,2119,5936,warning_stem_collisions,58858,10.98288304,2753,1110,21.37958591,20.62019073,0.03880526,3,0.05097013,13783,0.18974133,3849234,393076,0.10211798,success,326,1458,-0.63452915,1109,0.01986494,435,0.00779193,103,0.00184499,535,0.00958318,577,0.01033550,,,0.00583947,0.02611640,-0.02027693,0.03195586,3701,55827,warning_stem_collisions,success,success,exact-then-unique-porter-1.0.0,baek-smart-porter-1.0.0
S2023-263,0000056873,KR,Kroger,0001558370-23-004767,2023,2023-03-28,1.0.3,0.3.0,0,0,0.00000000,46135,2443,0,0.00000000,success,,,,,,,,,,,0,warning_denominator_zero,,,,,,,,,warning_denominator_zero,,,,,,0,0,0,,0,0,warning_denominator_zero,2.93856025,2.85000000,0.83924156,1.19000000,5.00000000,18017,23995,5978,0.75086476,1855,4506,warning_stem_collisions,45779,10.73158075,2443,672,18.73884568,20.30789575,0.04060814,0,0.00000000,14547,0.24113981,4521040,303627,0.06715866,success,207,633,-0.50714286,740,0.01716579,246,0.00570647,88,0.00204134,301,0.00698230,370,0.00858289,,,0.00480178,0.01468371,-0.00988193,0.01948549,2176,43109,warning_denominator_zero,warning_denominator_zero,success,exact-then-unique-porter-1.0.0,baek-smart-porter-1.0.0
S2023-264,0000202058,LHX,L3Harris,0000202058-24-000029,2023,2024-02-20,1.0.3,0.3.0,0,0,0.00000000,61312,2820,0,0.00000000,success,,,,,,,,,,,0,warning_denominator_zero,,,,,,,,,warning_denominator_zero,,,,,,0,0,0,,0,0,warning_denominator_zero,2.86007204,2.81000000,0.79355865,1.19000000,5.00000000,23598,31803,8205,0.74200547,2139,5745,warning_stem_collisions,61844,11.03237036,2820,1231,21.93049645,20.54048764,0.05153289,0,0.00000000,10338,0.14322130,3432491,416367,0.12130170,success,263,1137,-0.62428571,1025,0.01770141,432,0.00746050,93,0.00160608,827,0.01428201,503,0.00868664,,,0.00454192,0.01963561,-0.01509369,0.02417753,3598,57905,warning_denominator_zero,warning_denominator_zero,success,exact-then-unique-porter-1.0.0,baek-smart-porter-1.0.0
S2023-265,0001065696,LKQ,LKQ Corporation,0001065696-24-000009,2023,2024-02-22,1.0.3,0.3.0,1,6,0.10928166,54904,2566,3,0.00116913,success,0,0.00000000,0,0.00000000,0,0.00000000,0,0.00000000,0,0.00000000,59,success,2,0,0.03389831,0.00000000,1.00000000,0.03389831,0.03389831,2,success,2.85227273,2.64500000,0.75843698,1.90000000,4.70000000,22,33,11,0.66666667,22,6,warning_stem_collisions,2.94386732,2.86000000,0.81154349,1.19000000,5.00000000,21736,29003,7267,0.74943971,2312,5312,warning_stem_collisions,54897,10.91321398,2566,1160,21.39399844,20.73104920,0.03610398,6,0.10929559,9818,0.15171135,2970177,363264,0.12230382,success,309,966,-0.51529412,822,0.01567685,431,0.00821986,96,0.00183087,424,0.00808636,410,0.00781935,,,0.00589312,0.01842316,-0.01253004,0.02431628,2896,52434,warning_stem_collisions,success,success,exact-then-unique-porter-1.0.0,baek-smart-porter-1.0.0
S2023-266,0000920148,LH,Labcorp,0000920148-24-000014,2023,2024-02-26,1.0.3,0.3.0,1,28,0.41640641,67242,3267,13,0.00397919,success,17,0.03400000,8,0.01600000,12,0.02400000,1,0.00200000,4,0.00800000,500,success,1,25,0.00200000,0.05000000,-0.92307692,0.05200000,-0.04800000,55,success,2.77029557,2.61000000,0.75887518,1.30000000,4.93000000,203,282,79,0.71985816,127,48,warning_stem_collisions,2.90143185,2.81000000,0.80586721,1.04000000,5.00000000,26127,36365,10238,0.71846556,2481,6967,warning_stem_collisions,67277,11.11657370,3267,1522,20.59289868,21.02983519,0.03177906,28,0.41618978,9475,0.12344955,3204473,456633,0.14249863,success,431,1691,-0.59377945,1049,0.01644252,504,0.00789993,131,0.00205336,1230,0.01927960,521,0.00816640,,,0.00675570,0.02650553,-0.01974984,0.03326123,4715,63798,warning_stem_collisions,success,success,exact-then-unique-porter-1.0.0,baek-smart-porter-1.0.0
S2023-267,0000707549,LRCX,Lam Research,0000707549-23-000102,2023,2023-08-15,1.0.3,0.3.0,1,4,0.08999280,44448,2088,2,0.00095785,success,2,0.01941748,0,0.00000000,1,0.00970874,0,0.00000000,0,0.00000000,103,success,2,1,0.01941748,0.00970874,0.33333333,0.02912621,0.00970874,5,success,3.00325581,2.93000000,0.78349165,1.63000000,4.83000000,43,55,12,0.78181818,32,12,warning_stem_collisions,2.90466276,2.82000000,0.82718927,1.04000000,4.96000000,17584,23386,5802,0.75190285,2074,4346,warning_stem_collisions,44434,10.70176022,2088,907,21.28065134,20.54425512,0.03553585,4,0.09002115,7846,0.15007651,2233139,297040,0.13301456,success,302,821,-0.46215494,820,0.01939222,382,0.00903394,109,0.00257775,460,0.01087856,392,0.00927043,,,0.00714201,0.01941587,-0.01227386,0.02655788,2761,42285,warning_stem_collisions,success,success,exact-then-unique-porter-1.0.0,baek-smart-porter-1.0.0
S2023-268,0001679273,LW,Lamb Weston,0001558370-23-012203,2023,2023-07-25,1.0.3,0.3.0,1,3,0.07176003,41806,2063,3,0.00145419,success,5,0.03184713,1,0.00636943,3,0.01910828,0,0.00000000,1,0.00636943,157,success,2,16,0.01273885,0.10191083,-0.77777778,0.11464968,-0.08917197,23,success,2.87878049,2.82000000,0.73912834,1.63000000,4.93000000,82,100,18,0.82000000,68,9,warning_stem_collisions,2.89563624,2.80000000,0.83159272,1.26000000,5.00000000,16566,21986,5420,0.75347949,1910,3935,warning_stem_collisions,41801,10.64067554,2063,634,20.26223946,20.57445355,0.03975981,3,0.07176862,11834,0.22063951,3276019,277943,0.08484169,success,223,704,-0.51887810,808,0.02036188,491,0.01237337,73,0.00183963,274,0.00690489,291,0.00733330,,,0.00561968,0.01774104,-0.01212136,0.02336072,2261,39682,warning_stem_collisions,success,success,exact-then-unique-porter-1.0.0,baek-smart-porter-1.0.0
S2023-269,0001300514,LVS,Las Vegas Sands,0001300514-24-000048,2023,2024-02-07,1.0.3,0.3.0,0,0,0.00000000,69955,2853,0,0.00000000,success,,,,,,,,,,,0,warning_denominator_zero,,,,,,,,,warning_denominator_zero,,,,,,0,0,0,,0,0,warning_denominator_zero,2.97849482,2.89000000,0.84011075,1.26000000,5.00000000,26329,36258,9929,0.72615699,2333,6119,warning_stem_collisions,69575,11.15016059,2853,1273,24.38661059,21.32023824,0.04633848,0,0.00000000,12213,0.14932508,3491488,453348,0.12984378,success,276,1055,-0.58527423,980,0.01493106,440,0.00670374,208,0.00316904,818,0.01246286,637,0.00970519,,,0.00420507,0.01607374,-0.01186867,0.02027881,3781,65635,warning_denominator_zero,warning_denominator_zero,success,exact-then-unique-porter-1.0.0,baek-smart-porter-1.0.0
S2023-270,0001336920,LDOS,Leidos,0001336920-24-000008,2023,2024-02-13,1.0.3,0.3.0,1,28,0.49236829,56868,2859,15,0.00524659,success,14,0.02177294,22,0.03421462,11,0.01710731,1,0.00155521,1,0.00155521,643,success,7,45,0.01088647,0.06998445,-0.73076923,0.08087092,-0.05909798,89,success,2.56528736,2.42000000,0.73744486,1.30000000,5.00000000,261,351,90,0.74358974,177,62,warning_stem_collisions,2.79819808,2.72000000,0.77982457,1.19000000,5.00000000,22365,30271,7906,0.73882594,2314,6059,warning_stem_collisions,56866,10.94845290,2859,1269,19.89017139,20.06106455,0.02690536,28,0.49238561,9078,0.13766226,2566748,385146,0.15005213,success,348,1597,-0.64215938,1119,0.02046003,605,0.01106195,112,0.00204783,1153,0.02108169,557,0.01018430,,,0.00636290,0.02919988,-0.02283698,0.03556279,4627,54692,warning_stem_collisions,success,success,exact-then-unique-porter-1.0.0,baek-smart-porter-1.0.0
S2023-271,0000920760,LEN,Lennar,0001628280-24-002371,2023,2024-01-26,1.0.3,0.3.0,0,0,0.00000000,48801,2284,0,0.00000000,success,,,,,,,,,,,0,warning_denominator_zero,,,,,,,,,warning_denominator_zero,,,,,,0,0,0,,0,0,warning_denominator_zero,2.92599806,2.85000000,0.81244524,1.19000000,5.00000000,18516,25105,6589,0.73754232,1850,4862,warning_stem_collisions,48655,10.79250986,2284,1015,21.30253940,20.89349863,0.03522762,0,0.00000000,9087,0.15737245,3067761,322721,0.10519757,success,248,682,-0.46666667,650,0.01404312,328,0.00708638,97,0.00209567,404,0.00872834,408,0.00881476,,,0.00535799,0.01473448,-0.00937649,0.02009247,2329,46286,warning_denominator_zero,warning_denominator_zero,success,exact-then-unique-porter-1.0.0,baek-smart-porter-1.0.0
S2023-272,0000059478,LLY,Lilly (Eli),0000059478-24-000065,2023,2024-02-21,1.0.3,0.3.0,1,21,0.41487218,50618,2386,14,0.00586756,success,18,0.04422604,11,0.02702703,10,0.02457002,0,0.00000000,5,0.01228501,407,success,6,21,0.01474201,0.05159705,-0.55555556,0.06633907,-0.03685504,58,success,2.49215686,2.34000000,0.70737935,1.30000000,4.57000000,153,219,66,0.69863014,103,44,warning_stem_collisions,2.85125758,2.74000000,0.79758453,1.19000000,5.00000000,19943,26878,6935,0.74198229,2222,5046,warning_stem_collisions,50775,10.83515939,2386,985,21.28038558,21.38281237,0.02969966,21,0.41358936,10580,0.17243908,3213503,344399,0.10717245,success,366,1233,-0.54221388,910,0.01868737,369,0.00757762,102,0.00209463,834,0.01712666,351,0.00720798,,,0.00751602,0.02532035,-0.01780434,0.03283637,3527,48696,warning_stem_collisions,success,success,exact-then-unique-porter-1.0.0,baek-smart-porter-1.0.0
S2023-273,0001707925,LIN,Linde plc,0001628280-24-007424,2023,2024-02-28,1.0.3,0.3.0,0,0,0.00000000,38709,2099,0,0.00000000,success,,,,,,,,,,,0,warning_denominator_zero,,,,,,,,,warning_denominator_zero,,,,,,0,0,0,,0,0,warning_denominator_zero,2.89963258,2.82000000,0.80490857,1.26000000,5.00000000,15051,21061,6010,0.71463843,1781,3800,warning_stem_collisions,38549,10.55968544,2099,874,18.36541210,20.21565863,0.04492983,0,0.00000000,12136,0.23943968,3530533,260711,0.07384466,success,153,560,-0.57082749,631,0.01749716,219,0.00607271,85,0.00235699,429,0.01189585,286,0.00793057,,,0.00424258,0.01552838,-0.01128581,0.01977096,2010,36063,warning_denominator_zero,warning_denominator_zero,success,exact-then-unique-porter-1.0.0,baek-smart-porter-1.0.0
S2023-274,0001335258,LYV,Live Nation Entertainment,0001335258-24-000017,2023,2024-02-22,1.0.3,0.3.0,0,0,0.00000000,49508,2258,0,0.00000000,success,,,,,,,,,,,0,warning_denominator_zero,,,,,,,,,warning_denominator_zero,,,,,,0,0,0,,0,0,warning_denominator_zero,2.89155830,2.82000000,0.80638442,1.19000000,5.00000000,19117,25463,6346,0.75077564,2184,4960,warning_stem_collisions,49309,10.80586190,2258,941,21.83746678,20.40963947,0.03005537,0,0.00000000,9483,0.16129746,2980580,324100,0.10873723,success,290,859,-0.49521323,852,0.01800469,405,0.00855857,149,0.00314871,486,0.01027028,433,0.00915027,,,0.00612836,0.01815262,-0.01202426,0.02428097,2875,47321,warning_denominator_zero,warning_denominator_zero,success,exact-then-unique-porter-1.0.0,baek-smart-porter-1.0.0
S2023-275,0000936468,LMT,Lockheed Martin,0000936468-24-000010,2023,2024-01-23,1.0.3,0.3.0,1,3,0.05094849,58883,2523,3,0.00118906,success,2,0.02469136,0,0.00000000,1,0.01234568,0,0.00000000,0,0.00000000,81,success,2,1,0.02469136,0.01234568,0.33333333,0.03703704,0.01234568,5,success,2.77184211,2.82000000,0.67030572,1.63000000,3.93000000,38,47,9,0.80851064,32,8,warning_stem_collisions,2.86309680,2.80000000,0.78540298,1.26000000,5.00000000,23379,31077,7698,0.75229269,2147,5721,warning_stem_collisions,59042,10.98600433,2523,865,23.40150614,21.12317706,0.03234985,3,0.05081129,7991,0.11920994,2954660,394091,0.13337948,success,332,999,-0.50112697,1087,0.01926178,495,0.00877146,102,0.00180745,1023,0.01812769,538,0.00953343,,,0.00588308,0.01770241,-0.01181933,0.02358549,3904,56433,warning_stem_collisions,success,success,exact-then-unique-porter-1.0.0,baek-smart-porter-1.0.0
S2023-276,0000060086,L,Loews Corporation,0000060086-24-000029,2023,2024-02-06,1.0.3,0.3.0,1,1,0.01408828,70981,3366,1,0.00029709,success,1,0.02439024,2,0.04878049,0,0.00000000,0,0.00000000,0,0.00000000,41,success,0,1,0.00000000,0.02439024,-1.00000000,0.02439024,-0.02439024,4,success,2.34666667,2.25500000,0.50721462,1.63000000,3.74000000,18,26,8,0.69230769,18,5,warning_stem_collisions,2.89339315,2.79000000,0.84727636,1.19000000,5.00000000,29144,39320,10176,0.74120041,2426,7020,warning_stem_collisions,70554,11.16413365,3366,1276,20.96078431,21.75188209,0.02904159,1,0.01417354,17887,0.20224783,6556697,480411,0.07327028,success,331,1830,-0.69366034,1565,0.02318209,656,0.00971722,117,0.00173310,1087,0.01610156,606,0.00897658,,,0.00490305,0.02710750,-0.02220445,0.03201055,5183,67509,warning_stem_collisions,success,success,exact-then-unique-porter-1.0.0,baek-smart-porter-1.0.0
S2023-277,0000060667,LOW,Lowe's,0000060667-23-000034,2023,2023-03-27,1.0.3,0.3.0,0,0,0.00000000,34987,1788,0,0.00000000,success,,,,,,,,,,,0,warning_denominator_zero,,,,,,,,,warning_denominator_zero,,,,,,0,0,0,,0,0,warning_denominator_zero,2.91920853,2.82000000,0.82134533,1.26000000,5.00000000,14075,18595,4520,0.75692390,1940,3417,warning_stem_collisions,34848,10.45875103,1788,667,19.48993289,20.48988128,0.03472222,0,0.00000000,9867,0.22066421,2632299,233628,0.08875436,success,254,607,-0.40998839,502,0.01522827,225,0.00682542,60,0.00182011,229,0.00694676,232,0.00703777,,,0.00770514,0.01841347,-0.01070833,0.02611861,1770,32965,warning_denominator_zero,warning_denominator_zero,success,exact-then-unique-porter-1.0.0,baek-smart-porter-1.0.0
S2023-278,0001397187,LULU,Lululemon Athletica,0001397187-23-000012,2023,2023-03-28,1.0.3,0.3.0,0,0,0.00000000,39165,1899,0,0.00000000,success,,,,,,,,,,,0,warning_denominator_zero,,,,,,,,,warning_denominator_zero,,,,,,0,0,0,,0,0,warning_denominator_zero,2.94481938,2.85000000,0.84094921,1.26000000,5.00000000,15724,20453,4729,0.76878698,1970,3558,warning_stem_collisions,39122,10.57444025,1899,860,20.60136914,19.87749988,0.03057103,0,0.00000000,5951,0.13203026,2309295,259326,0.11229661,success,228,800,-0.55642023,732,0.01954658,383,0.01022724,54,0.00144196,263,0.00702288,353,0.00942615,,,0.00608828,0.02136239,-0.01527411,0.02745067,2262,37449,warning_denominator_zero,warning_denominator_zero,success,exact-then-unique-porter-1.0.0,baek-smart-porter-1.0.0
S2023-279,0001489393,LYB,LyondellBasell,0001489393-24-000012,2023,2024-02-22,1.0.3,0.3.0,0,0,0.00000000,48313,2540,0,0.00000000,success,,,,,,,,,,,0,warning_denominator_zero,,,,,,,,,warning_denominator_zero,,,,,,0,0,0,,0,0,warning_denominator_zero,2.89942744,2.79000000,0.81940666,1.26000000,5.00000000,18723,25675,6952,0.72923077,2082,4826,warning_stem_collisions,48456,10.78841145,2540,1169,19.07716535,20.44262523,0.03260690,0,0.00000000,13184,0.21388709,3990923,323789,0.08113136,success,232,797,-0.54907677,816,0.01763371,363,0.00784441,85,0.00183684,398,0.00860076,375,0.00810373,,,0.00501351,0.01722312,-0.01220962,0.02223663,2506,46275,warning_denominator_zero,warning_denominator_zero,success,exact-then-unique-porter-1.0.0,baek-smart-porter-1.0.0
S2023-280,0000036270,MTB,M&T Bank,0000950170-24-017990,2023,2024-02-21,1.0.3,0.3.0,0,0,0.00000000,106062,4378,0,0.00000000,success,,,,,,,,,,,0,warning_denominator_zero,,,,,,,,,warning_denominator_zero,,,,,,0,0,0,,0,0,warning_denominator_zero,2.87918596,2.75000000,0.79739587,1.19000000,5.00000000,41816,56235,14419,0.74359385,2314,10207,warning_stem_collisions,106154,11.57264615,4378,1376,24.24714481,22.59406182,0.04328617,0,0.00000000,19698,0.15651718,14423868,708069,0.04909009,success,315,1821,-0.70505618,1655,0.01664437,593,0.00596381,130,0.00130741,892,0.00897086,848,0.00852836,,,0.00316796,0.01831384,-0.01514588,0.02148180,5466,99433,warning_denominator_zero,warning_denominator_zero,success,exact-then-unique-porter-1.0.0,baek-smart-porter-1.0.0
S2023-281,0000789570,MGM,MGM Resorts,0000789570-24-000005,2023,2024-02-23,1.0.3,0.3.0,0,0,0.00000000,54179,2359,0,0.00000000,success,,,,,,,,,,,0,warning_denominator_zero,,,,,,,,,warning_denominator_zero,,,,,,0,0,0,,0,0,warning_denominator_zero,2.93125641,2.83000000,0.84880448,1.26000000,5.00000000,20877,28496,7619,0.73262914,2245,4754,warning_stem_collisions,53775,10.89256395,2359,975,22.79567613,21.48687977,0.03377034,0,0.00000000,10538,0.16385490,2943839,355174,0.12064994,success,326,907,-0.47120843,879,0.01712616,451,0.00878714,117,0.00227959,561,0.01093035,442,0.00861179,,,0.00635168,0.01767170,-0.01132002,0.02402338,3062,51325,warning_denominator_zero,warning_denominator_zero,success,exact-then-unique-porter-1.0.0,baek-smart-porter-1.0.0
S2023-282,0001408198,MSCI,MSCI Inc.,0001408198-24-000030,2023,2024-02-09,1.0.3,0.3.0,1,20,0.39180347,51046,2254,17,0.00754215,success,17,0.02857143,14,0.02352941,14,0.02352941,1,0.00168067,1,0.00168067,595,success,14,21,0.02352941,0.03529412,-0.20000000,0.05882353,-0.01176471,66,success,2.74240175,2.56000000,0.79971496,1.50000000,4.89000000,229,315,86,0.72698413,156,60,warning_stem_collisions,2.87707225,2.79000000,0.78642488,1.19000000,5.00000000,20193,27365,7172,0.73791339,2071,5030,warning_stem_collisions,50982,10.83922791,2254,1012,22.61845608,21.45792595,0.02653878,20,0.39229532,7992,0.13551735,2657267,344679,0.12971184,success,376,859,-0.39109312,946,0.01935748,443,0.00906487,88,0.00180070,450,0.00920810,362,0.00740741,,,0.00769388,0.01757725,-0.00988336,0.02527113,2942,48870,warning_stem_collisions,success,success,exact-then-unique-porter-1.0.0,baek-smart-porter-1.0.0
S2023-283,0001510295,MPC,Marathon Petroleum,0001510295-24-000015,2023,2024-02-28,1.0.3,0.3.0,1,1,0.01568381,63760,3138,1,0.00031867,success,0,0.00000000,0,0.00000000,0,0.00000000,0,0.00000000,0,0.00000000,77,success,1,2,0.01298701,0.02597403,-0.33333333,0.03896104,-0.01298701,3,success,2.90235294,2.90000000,0.75385698,1.44000000,4.55000000,34,47,13,0.72340426,29,8,warning_stem_collisions,2.95863675,2.86000000,0.86532400,1.26000000,5.00000000,25586,34680,9094,0.73777393,2416,6150,warning_stem_collisions,63548,11.05955080,3138,1410,20.25111536,20.35710912,0.03642916,1,0.01573614,11355,0.15159606,3780754,423526,0.11202157,success,270,956,-0.55954323,984,0.01625264,410,0.00677193,123,0.00203158,627,0.01035610,563,0.00929902,,,0.00445957,0.01579017,-0.01133060,0.02024974,3302,60544,warning_stem_collisions,success,success,exact-then-unique-porter-1.0.0,baek-smart-porter-1.0.0
S2023-284,0001278021,MKTX,MarketAxess,0000950170-24-018935,2023,2024-02-22,1.0.3,0.3.0,1,9,0.14391941,62535,2703,6,0.00221976,success,2,0.00921659,2,0.00921659,2,0.00921659,2,0.00921659,1,0.00460829,217,success,0,0,0.00000000,0.00000000,,0.00000000,0.00000000,7,success,2.94890110,3.07000000,0.79625697,1.83000000,4.89000000,91,121,30,0.75206612,54,11,warning_stem_collisions,2.88988248,2.83000000,0.79334603,1.19000000,5.00000000,24592,33156,8564,0.74170588,2072,5899,warning_stem_collisions,62596,11.04445666,2703,1061,23.15797262,21.81540584,0.02867595,9,0.14377916,8670,0.12165689,4509796,425322,0.09431070,success,432,1098,-0.43529412,1080,0.01815736,496,0.00833894,166,0.00279085,709,0.01191997,471,0.00791863,,,0.00726295,0.01845999,-0.01119704,0.02572293,3786,59480,warning_stem_collisions,success,success,exact-then-unique-porter-1.0.0,baek-smart-porter-1.0.0
S2023-285,0001048286,MAR,Marriott International,0001628280-24-004372,2023,2024-02-13,1.0.3,0.3.0,0,0,0.00000000,31541,1659,0,0.00000000,success,,,,,,,,,,,0,warning_denominator_zero,,,,,,,,,warning_denominator_zero,,,,,,0,0,0,,0,0,warning_denominator_zero,2.88298905,2.77000000,0.82625673,1.19000000,5.00000000,12422,16278,3856,0.76311586,1736,2925,warning_stem_collisions,31472,10.35685354,1659,599,18.97046414,20.08860208,0.03304525,0,0.00000000,9753,0.23657975,1949041,208221,0.10683254,success,183,613,-0.54020101,550,0.01830709,266,0.00885398,71,0.00236328,255,0.00848783,214,0.00712312,,,0.00609127,0.02040409,-0.01431282,0.02649536,1790,30043,warning_denominator_zero,warning_denominator_zero,success,exact-then-unique-porter-1.0.0,baek-smart-porter-1.0.0
S2023-286,0000062709,MMC,Marsh & McLennan,0000062709-24-000016,2023,2024-02-12,1.0.3,0.3.0,1,25,0.39468906,63341,2821,20,0.00708968,success,20,0.02512563,29,0.03643216,12,0.01507538,1,0.00125628,3,0.00376884,796,success,8,58,0.01005025,0.07286432,-0.75757576,0.08291457,-0.06281407,113,success,2.71270968,2.58000000,0.70988760,1.44000000,4.70000000,310,441,131,0.70294785,190,92,warning_stem_collisions,2.90482779,2.82000000,0.82174969,1.26000000,5.00000000,25608,33972,8364,0.75379724,2261,5676,warning_stem_collisions,63152,11.05329980,2821,1315,22.38638781,21.08822618,0.04140803,25,0.39587028,7698,0.10865208,3639323,422582,0.11611555,success,311,1202,-0.58889623,1239,0.02082073,476,0.00799892,68,0.00114270,774,0.01300665,368,0.00618404,,,0.00522619,0.02019896,-0.01497278,0.02542515,3721,59508,warning_stem_collisions,success,success,exact-then-unique-porter-1.0.0,baek-smart-porter-1.0.0
S2023-287,0000916076,MLM,Martin Marietta Materials,0000950170-24-019275,2023,2024-02-23,1.0.3,0.3.0,0,0,0.00000000,73824,3531,0,0.00000000,success,,,,,,,,,,,0,warning_denominator_zero,,,,,,,,,warning_denominator_zero,,,,,,0,0,0,,0,0,warning_denominator_zero,3.00493197,2.90000000,0.86552375,1.26000000,5.00000000,29325,40327,11002,0.72718030,2387,7441,warning_stem_collisions,73184,11.20073210,3531,1190,20.72613990,21.09234930,0.03528094,0,0.00000000,11927,0.14013465,5766208,498694,0.08648561,success,401,1040,-0.44344205,1066,0.01541487,422,0.00610232,124,0.00179310,562,0.00812679,676,0.00977528,,,0.00579865,0.01503890,-0.00924025,0.02083755,3647,69154,warning_denominator_zero,warning_denominator_zero,success,exact-then-unique-porter-1.0.0,baek-smart-porter-1.0.0
S2023-288,0000062996,MAS,Masco,0000062996-24-000006,2023,2024-02-08,1.0.3,0.3.0,0,0,0.00000000,30691,1705,0,0.00000000,success,,,,,,,,,,,0,warning_denominator_zero,,,,,,,,,warning_denominator_zero,,,,,,0,0,0,,0,0,warning_denominator_zero,2.88047986,2.79000000,0.80152594,1.30000000,5.00000000,12191,15993,3802,0.76227099,1608,2889,warning_stem_collisions,30467,10.32439941,1705,807,17.86920821,19.16684629,0.04145469,0,0.00000000,6776,0.18194023,2448528,204474,0.08350895,success,157,506,-0.52639517,561,0.01944473,219,0.00759072,55,0.00190635,200,0.00693217,235,0.00814530,,,0.00544175,0.01753839,-0.01209663,0.02298014,1620,28851,warning_denominator_zero,warning_denominator_zero,success,exact-then-unique-porter-1.0.0,baek-smart-porter-1.0.0
S2023-289,0001141391,MA,Mastercard,0001141391-24-000022,2023,2024-02-13,1.0.3,0.3.0,1,36,0.66250759,54339,3096,30,0.00968992,success,20,0.02205072,30,0.03307607,13,0.01433297,2,0.00220507,7,0.00771775,907,success,8,22,0.00882029,0.02425579,-0.46666667,0.03307607,-0.01543550,85,success,2.70873239,2.61000000,0.77939147,1.28000000,4.89000000,355,511,156,0.69471624,184,114,warning_stem_collisions,2.89945611,2.82000000,0.81354238,1.23000000,5.00000000,21861,29098,7237,0.75128875,2122,5437,warning_stem_collisions,54310,10.90246365,3096,1403,17.54198966,20.24803329,0.03179893,36,0.66286135,14301,0.20843597,3345022,368683,0.11021841,success,377,1117,-0.49531459,914,0.01768439,485,0.00938395,51,0.00098677,905,0.01751025,348,0.00673322,,,0.00729433,0.02161210,-0.01431778,0.02890643,3437,51684,warning_stem_collisions,success,success,exact-then-unique-porter-1.0.0,baek-smart-porter-1.0.0
S2023-290,0000891103,MTCH,Match Group,0000891103-24-000014,2023,2024-02-23,1.0.3,0.3.0,1,39,0.86865492,44897,2039,27,0.01324179,success,26,0.02954545,22,0.02500000,25,0.02840909,4,0.00454545,11,0.01250000,880,success,8,30,0.00909091,0.03409091,-0.57894737,0.04318182,-0.02500000,98,success,2.62739683,2.52000000,0.73530183,1.30000000,4.87000000,315,446,131,0.70627803,188,90,warning_stem_collisions,2.87443583,2.81000000,0.81206300,1.23000000,5.00000000,17415,23127,5712,0.75301596,2023,4212,warning_stem_collisions,44777,10.70944989,2039,891,21.96027464,20.45129176,0.03528597,39,0.87098287,8925,0.16619493,2661840,295885,0.11115807,success,264,859,-0.52983081,764,0.01793217,379,0.00889567,91,0.00213590,463,0.01086727,344,0.00807417,,,0.00619646,0.02016195,-0.01396550,0.02635841,2601,42605,warning_stem_collisions,success,success,exact-then-unique-porter-1.0.0,baek-smart-porter-1.0.0
S2023-291,0000063754,MKC,McCormick & Company,0000063754-24-000027,2023,2024-01-25,1.0.3,0.3.0,1,3,0.06595291,45487,2062,2,0.00096993,success,0,0.00000000,5,0.05208333,0,0.00000000,0,0.00000000,1,0.01041667,96,success,0,2,0.00000000,0.02083333,-1.00000000,0.02083333,-0.02083333,8,success,3.01295455,2.94500000,0.73076728,1.50000000,4.80000000,44,64,20,0.68750000,41,17,warning_stem_collisions,2.89283466,2.83000000,0.80031925,1.19000000,5.00000000,17854,23642,5788,0.75518146,1895,4382,warning_stem_collisions,45272,10.72044402,2062,745,21.95538312,20.52339197,0.04477381,3,0.06626612,10118,0.18266835,2745122,298562,0.10876092,success,254,743,-0.49047141,751,0.01756232,296,0.00692203,64,0.00149666,308,0.00720266,306,0.00715589,,,0.00593985,0.01737524,-0.01143539,0.02331509,2289,42762,warning_stem_collisions,success,success,exact-then-unique-porter-1.0.0,baek-smart-porter-1.0.0
S2023-292,0000063908,MCD,McDonald's,0000063908-24-000072,2023,2024-02-22,1.0.3,0.3.0,1,2,0.05949194,33618,1639,2,0.00122026,success,3,0.04615385,0,0.00000000,3,0.04615385,0,0.00000000,0,0.00000000,65,success,1,5,0.01538462,0.07692308,-0.66666667,0.09230769,-0.06153846,9,success,2.84666667,2.71000000,0.77165047,1.81000000,4.93000000,27,37,10,0.72972973,25,7,warning_stem_collisions,2.94947589,2.86000000,0.86610794,1.26000000,5.00000000,13623,18058,4435,0.75440248,1843,3215,warning_stem_collisions,33509,10.41956934,1639,806,20.44478340,21.32671120,0.03649766,2,0.05968546,7256,0.17799583,2124717,229019,0.10778800,success,327,484,-0.19358816,502,0.01592589,234,0.00742362,68,0.00215729,212,0.00672567,201,0.00637670,,,0.01037404,0.01535484,-0.00498081,0.02572888,1675,31521,warning_stem_collisions,success,success,exact-then-unique-porter-1.0.0,baek-smart-porter-1.0.0
S2023-293,0000927653,MCK,McKesson Corporation,0000927653-23-000038,2023,2023-05-09,1.0.3,0.3.0,0,0,0.00000000,69153,3303,0,0.00000000,success,,,,,,,,,,,0,warning_denominator_zero,,,,,,,,,warning_denominator_zero,,,,,,0,0,0,,0,0,warning_denominator_zero,2.89556160,2.79000000,0.80245802,1.26000000,5.00000000,27190,36880,9690,0.73725597,2224,6623,warning_stem_collisions,69005,11.14193424,3303,1393,20.89161368,20.37239042,0.04328672,0,0.00000000,10656,0.13376684,4624766,466557,0.10088229,success,313,1716,-0.69147363,1008,0.01551605,406,0.00624952,81,0.00124683,949,0.01460787,483,0.00743477,,,0.00481798,0.02641422,-0.02159624,0.03123220,4081,64965,warning_denominator_zero,warning_denominator_zero,success,exact-then-unique-porter-1.0.0,baek-smart-porter-1.0.0
S2023-294,0001613103,MDT,Medtronic,0001613103-23-000040,2023,2023-06-22,1.0.3,0.3.0,1,11,0.19661114,55948,2655,10,0.00376648,success,0,0.00000000,0,0.00000000,0,0.00000000,2,0.00501253,0,0.00000000,399,success,9,5,0.02255639,0.01253133,0.28571429,0.03508772,0.01002506,16,success,3.02331551,2.89000000,0.88336179,1.62000000,4.88000000,187,276,89,0.67753623,115,47,warning_stem_collisions,2.91014507,2.85000000,0.82119185,1.19000000,5.00000000,22609,30519,7910,0.74081720,2484,5298,warning_stem_collisions,55896,10.93124810,2655,1177,21.05310734,21.15548129,0.03352655,11,0.19679405,13194,0.19096830,3905977,378304,0.09685259,success,313,1088,-0.55317630,870,0.01634724,424,0.00796693,106,0.00199173,714,0.01341601,375,0.00704622,,,0.00588125,0.02044344,-0.01456219,0.02632469,3220,53220,warning_stem_collisions,success,success,exact-then-unique-porter-1.0.0,baek-smart-porter-1.0.0
S2023-295,0000310158,MRK,Merck & Co.,0001628280-24-006850,2023,2024-02-26,1.0.3,0.3.0,1,6,0.07944179,75527,3403,4,0.00117543,success,4,0.04444444,4,0.04444444,2,0.02222222,0,0.00000000,0,0.00000000,90,success,2,10,0.02222222,0.11111111,-0.66666667,0.13333333,-0.08888889,19,success,2.67674419,2.52000000,0.76274511,1.30000000,4.25000000,43,61,18,0.70491803,38,10,warning_stem_collisions,2.91609608,2.82000000,0.83088101,1.04000000,5.00000000,28205,40503,12298,0.69636817,2585,7248,warning_stem_collisions,75609,11.23333060,3403,1395,22.21833676,21.54289963,0.03367324,6,0.07935563,13664,0.15305860,5080817,510963,0.10056709,success,621,1312,-0.35747543,1140,0.01592891,403,0.00563101,242,0.00338140,827,0.01155544,437,0.00610608,,,0.00867706,0.01833222,-0.00965515,0.02700928,4246,71568,warning_stem_collisions,success,success,exact-then-unique-porter-1.0.0,baek-smart-porter-1.0.0
S2023-296,0001099219,MET,MetLife,0001099219-24-000035,2023,2024-02-16,1.0.3,0.3.0,1,22,0.17270886,127382,6771,11,0.00162458,success,9,0.02179177,17,0.04116223,3,0.00726392,3,0.00726392,1,0.00242131,413,success,4,7,0.00968523,0.01694915,-0.27272727,0.02663438,-0.00726392,40,success,2.81772455,2.73000000,0.73403542,1.50000000,4.72000000,167,233,66,0.71673820,109,42,warning_stem_collisions,2.83107804,2.73000000,0.78833084,1.26000000,4.97000000,51334,69921,18587,0.73417142,2575,12836,warning_stem_collisions,126161,11.74531415,6771,3578,18.63255058,21.16120721,0.02810694,22,0.17438036,43188,0.25502365,15501729,868246,0.05600962,success,628,2304,-0.57162347,2677,0.02215289,852,0.00705053,193,0.00159713,1707,0.01412588,916,0.00758015,,,0.00519687,0.01906622,-0.01386935,0.02426309,7907,120842,warning_stem_collisions,success,success,exact-then-unique-porter-1.0.0,baek-smart-porter-1.0.0
S2023-297,0001326801,META,Meta Platforms,0001326801-24-000012,2023,2024-02-02,1.0.3,0.3.0,1,77,1.11688086,68942,2741,53,0.01933601,success,37,0.01524516,54,0.02224969,21,0.00865266,10,0.00412031,8,0.00329625,2427,success,27,55,0.01112485,0.02266172,-0.34146341,0.03378657,-0.01153688,181,success,2.82491246,2.65000000,0.84410433,1.29000000,4.93000000,971,1333,362,0.72843211,351,263,warning_stem_collisions,2.86823655,2.80000000,0.81181630,1.19000000,5.00000000,25728,34587,8859,0.74386330,2226,6805,warning_stem_collisions,68691,11.13737347,2741,1094,25.06056184,20.89962474,0.02425354,77,1.12096199,6079,0.08130266,2465661,447837,0.18162959,success,333,2037,-0.71898734,1261,0.01897039,687,0.01033518,191,0.00287339,1262,0.01898544,567,0.00852991,,,0.00500963,0.03064448,-0.02563485,0.03565411,5298,66472,warning_stem_collisions,success,success,exact-then-unique-porter-1.0.0,baek-smart-porter-1.0.0
S2023-298,0001037646,MTD,Mettler Toledo,0001037646-24-000007,2023,2024-02-09,1.0.3,0.3.0,1,9,0.22672310,39696,2160,6,0.00277778,success,2,0.01398601,4,0.02797203,1,0.00699301,3,0.02097902,0,0.00000000,143,success,0,2,0.00000000,0.01398601,-1.00000000,0.01398601,-0.01398601,11,success,3.11185185,3.05000000,0.70472236,1.47000000,4.87000000,54,73,19,0.73972603,44,12,warning_stem_collisions,2.91186421,2.83000000,0.81418826,1.23000000,5.00000000,15406,20552,5146,0.74961074,1931,3784,warning_stem_collisions,39757,10.59054121,2160,1015,18.40601852,19.66115770,0.04482230,9,0.22637523,7654,0.16143933,2595916,267047,0.10287197,success,261,636,-0.41806020,704,0.01882303,344,0.00919762,75,0.00200529,250,0.00668431,282,0.00753991,,,0.00697842,0.01700489,-0.01002647,0.02398332,2133,37401,warning_stem_collisions,success,success,exact-then-unique-porter-1.0.0,baek-smart-porter-1.0.0
S2023-299,0000827054,MCHP,Microchip Technology,0000827054-23-000080,2023,2023-05-25,1.0.3,0.3.0,0,0,0.00000000,51913,2441,0,0.00000000,success,,,,,,,,,,,0,warning_denominator_zero,,,,,,,,,warning_denominator_zero,,,,,,0,0,0,,0,0,warning_denominator_zero,2.89296655,2.80000000,0.83030494,1.19000000,5.00000000,20421,26619,6198,0.76715880,2087,4785,warning_stem_collisions,51814,10.85541566,2441,1086,21.22654650,20.09449004,0.03116918,0,0.00000000,7032,0.11949835,3135400,343040,0.10940869,success,274,1137,-0.61162296,1024,0.02063434,519,0.01045823,170,0.00342562,601,0.01211059,477,0.00961190,,,0.00552130,0.02291138,-0.01739008,0.02843268,3469,49626,warning_denominator_zero,warning_denominator_zero,success,exact-then-unique-porter-1.0.0,baek-smart-porter-1.0.0
S2023-300,0000723125,MU,Micron Technology,0000723125-23-000054,2023,2023-10-06,1.0.3,0.3.0,1,13,0.31791837,40891,1957,13,0.00664282,success,0,0.00000000,0,0.00000000,0,0.00000000,2,0.00531915,2,0.00531915,376,success,13,0,0.03457447,0.00000000,1.00000000,0.03457447,0.03457447,17,success,3.12794286,3.04000000,0.87940974,1.63000000,4.89000000,175,236,61,0.74152542,115,26,warning_stem_collisions,2.89676355,2.82000000,0.81008648,1.26000000,5.00000000,15999,21550,5551,0.74241299,1940,4184,warning_stem_collisions,40818,10.61687844,1957,857,20.85743485,20.10781624,0.03647900,13,0.31848694,7500,0.15522166,2227693,271997,0.12209806,success,236,988,-0.61437908,777,0.01997275,472,0.01213274,71,0.00182505,361,0.00927949,393,0.01010205,,,0.00606637,0.02539650,-0.01933013,0.03146287,2663,38903,warning_stem_collisions,success,success,exact-then-unique-porter-1.0.0,baek-smart-porter-1.0.0
S2023-301,0000789019,MSFT,Microsoft,0000950170-23-035122,2023,2023-07-27,1.0.3,0.3.0,1,97,1.68177957,57677,2948,71,0.02408412,success,20,0.01055409,11,0.00580475,18,0.00949868,7,0.00369393,6,0.00316623,1895,success,55,37,0.02902375,0.01952507,0.19565217,0.04854881,0.00949868,131,success,2.89103734,2.72000000,0.83919602,1.30000000,4.93000000,723,1116,393,0.64784946,375,227,warning_stem_collisions,2.94538950,2.87000000,0.83809279,1.23000000,5.00000000,23479,31727,8248,0.74003215,2179,6140,warning_stem_collisions,57506,10.95964457,2948,1213,19.50678426,19.55081259,0.03037944,97,1.68678051,8012,0.12228701,9963591,388548,0.03899678,success,401,900,-0.38355111,823,0.01493268,451,0.00818304,83,0.00150597,519,0.00941685,390,0.00707624,,,0.00727583,0.01632979,-0.00905396,0.02360562,2884,55114,warning_stem_collisions,success,success,exact-then-unique-porter-1.0.0,baek-smart-porter-1.0.0
S2023-302,0000912595,MAA,Mid-America Apartment Communities,0000950170-24-013275,2023,2024-02-09,1.0.3,0.3.0,0,0,0.00000000,63474,2681,0,0.00000000,success,,,,,,,,,,,0,warning_denominator_zero,,,,,,,,,warning_denominator_zero,,,,,,0,0,0,,0,0,warning_denominator_zero,2.88575893,2.80000000,0.81239483,1.26000000,5.00000000,24765,33275,8510,0.74425244,1915,5789,warning_stem_collisions,63236,11.05462904,2681,980,23.58672137,21.74147362,0.03853817,0,0.00000000,14853,0.19020605,10357027,414745,0.04004479,success,353,932,-0.45058366,952,0.01589448,481,0.00803072,109,0.00181985,487,0.00813090,412,0.00687870,,,0.00589365,0.01556056,-0.00966692,0.02145421,3083,59895,warning_denominator_zero,warning_denominator_zero,success,exact-then-unique-porter-1.0.0,baek-smart-porter-1.0.0
S2023-303,0001682852,MRNA,Moderna,0001682852-24-000015,2023,2024-02-23,1.0.3,0.3.0,1,39,0.45308271,86077,3717,24,0.00645682,success,12,0.02033898,2,0.00338983,7,0.01186441,1,0.00169492,0,0.00000000,590,success,9,8,0.01525424,0.01355932,0.05882353,0.02881356,0.00169492,32,success,2.99345992,2.96000000,0.86523030,1.26000000,4.89000000,237,335,98,0.70746269,164,41,warning_stem_collisions,2.85463166,2.72000000,0.81074827,1.04000000,5.00000000,32606,45514,12908,0.71639496,3115,8266,warning_stem_collisions,86532,11.36826957,3717,1621,23.28006457,21.06437745,0.02523922,39,0.45070032,6528,0.07014829,2671183,581158,0.21756578,success,835,2014,-0.41382941,1742,0.02093096,1029,0.01236392,253,0.00303992,989,0.01188331,705,0.00847091,,,0.01003292,0.02419917,-0.01416625,0.03423209,6257,83226,warning_stem_collisions,success,success,exact-then-unique-porter-1.0.0,baek-smart-porter-1.0.0
S2023-304,0000851968,MHK,Mohawk Industries,0000851968-24-000027,2023,2024-02-23,1.0.3,0.3.0,1,1,0.02830936,35324,1808,1,0.00055310,success,0,0.00000000,0,0.00000000,0,0.00000000,0,0.00000000,0,0.00000000,35,success,0,0,0.00000000,0.00000000,,0.00000000,0.00000000,0,success,2.77750000,2.73000000,0.57322371,1.86000000,4.11000000,12,15,3,0.80000000,11,2,warning_stem_collisions,3.00709654,2.90000000,0.86177179,1.29000000,5.00000000,14066,19363,5297,0.72643702,1845,3635,warning_stem_collisions,35082,10.46544346,1808,830,19.40376106,20.81855837,0.03511772,1,0.02850465,6567,0.15767485,2412578,241901,0.10026660,success,208,683,-0.53310887,601,0.01816698,239,0.00722447,73,0.00220664,298,0.00900792,272,0.00822199,,,0.00628741,0.02064567,-0.01435826,0.02693308,1969,33082,warning_stem_collisions,success,success,exact-then-unique-porter-1.0.0,baek-smart-porter-1.0.0
S2023-305,0001179929,MOH,Molina Healthcare,0001179929-24-000033,2023,2024-02-13,1.0.3,0.3.0,1,11,0.23107302,47604,2379,8,0.00336276,success,12,0.05633803,3,0.01408451,5,0.02347418,1,0.00469484,0,0.00000000,213,success,7,10,0.03286385,0.04694836,-0.17647059,0.07981221,-0.01408451,32,success,2.37480000,2.25000000,0.69967108,1.30000000,4.50000000,75,111,36,0.67567568,58,25,warning_stem_collisions,2.82027926,2.74000000,0.76522771,1.19000000,5.00000000,18549,25093,6544,0.73921014,2112,4629,warning_stem_collisions,47452,10.76747395,2379,1093,19.94619588,20.14995410,0.03795414,11,0.23181320,6312,0.11740198,2141975,318677,0.14877718,success,319,1091,-0.54751773,853,0.01890012,378,0.00837543,129,0.00285828,839,0.01858991,396,0.00877426,,,0.00706816,0.02417354,-0.01710538,0.03124169,3350,45132,warning_stem_collisions,success,success,exact-then-unique-porter-1.0.0,baek-smart-porter-1.0.0
S2023-306,0000024545,TAP,Molson Coors Beverage Company,0000024545-24-000005,2023,2024-02-20,1.0.3,0.3.0,1,10,0.15113046,66168,2889,8,0.00276912,success,10,0.04854369,3,0.01456311,7,0.03398058,0,0.00000000,0,0.00000000,206,success,0,11,0.00000000,0.05339806,-1.00000000,0.05339806,-0.05339806,24,success,2.64510870,2.58000000,0.70306858,1.50000000,4.57000000,92,118,26,0.77966102,58,22,warning_stem_collisions,2.89869100,2.79000000,0.83343836,1.04000000,5.00000000,25974,34905,8931,0.74413408,2424,6196,warning_stem_collisions,66228,11.10085861,2889,1135,22.92419522,21.02472561,0.02983632,10,0.15099354,10915,0.14149048,3608906,437127,0.12112452,success,314,1309,-0.61306223,1312,0.02063867,553,0.00869907,87,0.00136857,611,0.00961145,525,0.00825861,,,0.00493944,0.02059147,-0.01565204,0.02553091,3897,63570,warning_stem_collisions,success,success,exact-then-unique-porter-1.0.0,baek-smart-porter-1.0.0
S2023-307,0001103982,MDLZ,Mondelez International,0001103982-24-000019,2023,2024-02-02,1.0.3,0.3.0,1,3,0.05343593,56142,2684,3,0.00111773,success,6,0.03703704,2,0.01234568,5,0.03086420,0,0.00000000,0,0.00000000,162,success,5,7,0.03086420,0.04320988,-0.16666667,0.07407407,-0.01234568,20,success,2.60500000,2.45000000,0.61862645,1.63000000,4.25000000,76,94,18,0.80851064,65,16,warning_stem_collisions,2.92161177,2.82000000,0.82658853,1.19000000,5.00000000,23012,30995,7983,0.74244233,2237,5737,warning_stem_collisions,55884,10.93103339,2684,1070,20.82116244,20.84240584,0.03840097,3,0.05368263,13710,0.19699974,4110488,378415,0.09206085,success,503,1155,-0.39324487,1039,0.01962414,399,0.00753612,81,0.00152989,461,0.00870715,375,0.00708282,,,0.00950042,0.02181509,-0.01231467,0.03131552,3400,52945,warning_stem_collisions,success,success,exact-then-unique-porter-1.0.0,baek-smart-porter-1.0.0
S2023-308,0001280452,MPWR,Monolithic Power Systems,0001437749-24-006133,2023,2024-02-29,1.0.3,0.3.0,1,14,0.34667195,40384,1982,12,0.00605449,success,21,0.04964539,5,0.01182033,14,0.03309693,1,0.00236407,7,0.01654846,423,success,3,27,0.00709220,0.06382979,-0.80000000,0.07092199,-0.05673759,60,success,2.79006098,2.59000000,0.81057605,1.50000000,4.92000000,164,243,79,0.67489712,129,50,warning_stem_collisions,2.87371858,2.81000000,0.79996636,1.19000000,5.00000000,15237,20320,5083,0.74985236,1779,3789,warning_stem_collisions,40247,10.60279075,1982,670,20.30625631,20.29395074,0.03090914,14,0.34785201,9218,0.18635399,2266359,265340,0.11707766,success,282,965,-0.54771451,930,0.02415522,547,0.01420742,138,0.00358432,451,0.01171398,340,0.00883094,,,0.00732449,0.02506428,-0.01773980,0.03238877,2927,38501,warning_stem_collisions,success,success,exact-then-unique-porter-1.0.0,baek-smart-porter-1.0.0
S2023-309,0000865752,MNST,Monster Beverage,0001104659-24-029425,2023,2024-02-29,1.0.3,0.3.0,0,0,0.00000000,60575,2820,0,0.00000000,success,,,,,,,,,,,0,warning_denominator_zero,,,,,,,,,warning_denominator_zero,,,,,,0,0,0,,0,0,warning_denominator_zero,3.02519568,2.96000000,0.86539367,1.26000000,5.00000000,24657,32849,8192,0.75061646,2271,5720,warning_stem_collisions,60479,11.01005148,2820,1033,21.44645390,21.35605083,0.03971627,0,0.00000000,13666,0.18431452,4072184,408617,0.10034345,success,247,1056,-0.62087490,994,0.01744441,470,0.00824836,96,0.00168477,510,0.00895035,439,0.00770432,,,0.00433478,0.01853249,-0.01419772,0.02286727,3149,56981,warning_denominator_zero,warning_denominator_zero,success,exact-then-unique-porter-1.0.0,baek-smart-porter-1.0.0
S2023-310,0001059556,MCO,Moody's Corporation,0001059556-24-000017,2023,2024-02-14,1.0.3,0.3.0,1,20,0.43775171,45688,2330,13,0.00557940,success,18,0.03711340,10,0.02061856,9,0.01855670,3,0.00618557,2,0.00412371,485,success,5,6,0.01030928,0.01237113,-0.09090909,0.02268041,-0.00206186,43,success,2.71484277,2.48000000,0.85277487,1.54000000,4.89000000,159,276,117,0.57608696,117,67,warning_stem_collisions,2.83724349,2.72000000,0.79983404,1.26000000,4.97000000,17290,24386,7096,0.70901337,2035,4825,warning_stem_collisions,45866,10.73347938,2330,1155,19.68497854,21.48363922,0.03523307,20,0.43605285,17214,0.27289157,4540233,309214,0.06810532,success,245,843,-0.54963235,909,0.02112136,303,0.00704045,96,0.00223064,561,0.01303530,384,0.00892256,,,0.00569278,0.01958780,-0.01389502,0.02528057,2861,43037,warning_stem_collisions,success,success,exact-then-unique-porter-1.0.0,baek-smart-porter-1.0.0
S2023-311,0000895421,MS,Morgan Stanley,0000895421-24-000300,2023,2024-02-22,1.0.3,0.3.0,1,5,0.05440519,91903,5226,5,0.00095675,success,8,0.03149606,0,0.00000000,6,0.02362205,2,0.00787402,0,0.00000000,254,success,2,12,0.00787402,0.04724409,-0.71428571,0.05511811,-0.03937008,24,success,3.02349057,2.93000000,0.79539956,1.63000000,4.93000000,106,137,31,0.77372263,79,28,warning_stem_collisions,2.83202483,2.72000000,0.79591085,1.19000000,5.00000000,38097,51275,13178,0.74299366,2427,9265,warning_stem_collisions,92195,11.43166118,5226,2291,17.64159969,20.19908288,0.01853680,5,0.05423288,29615,0.24312454,9664493,629306,0.06511526,success,312,1931,-0.72180116,2138,0.02403543,567,0.00637422,125,0.00140525,1249,0.01404128,992,0.01115208,,,0.00350751,0.02170834,-0.01820083,0.02521585,6420,88952,warning_stem_collisions,success,success,exact-then-unique-porter-1.0.0,baek-smart-porter-1.0.0
S2023-312,0001285785,MOS,Mosaic Company (The),0001618034-24-000004,2023,2024-02-22,1.0.3,0.3.0,0,0,0.00000000,78856,4207,0,0.00000000,success,,,,,,,,,,,0,warning_denominator_zero,,,,,,,,,warning_denominator_zero,,,,,,0,0,0,,0,0,warning_denominator_zero,3.05263610,2.93000000,0.88393286,1.04000000,5.00000000,30181,41558,11377,0.72623803,2710,7219,warning_stem_collisions,78374,11.26924752,4207,1686,18.62942715,19.08710308,0.04010259,0,0.00000000,17278,0.18063396,4035308,514686,0.12754565,success,332,1018,-0.50814815,1081,0.01452410,441,0.00592519,101,0.00135702,715,0.00960660,575,0.00772559,,,0.00446069,0.01367765,-0.00921696,0.01813834,3628,74428,warning_denominator_zero,warning_denominator_zero,success,exact-then-unique-porter-1.0.0,baek-smart-porter-1.0.0
S2023-313,0000068505,MSI,Motorola Solutions,0000068505-24-000008,2023,2024-02-15,1.0.3,0.3.0,1,44,0.77945084,56450,2705,31,0.01146026,success,24,0.02131439,21,0.01865009,18,0.01598579,3,0.00266430,6,0.00532860,1126,success,5,26,0.00444050,0.02309059,-0.67741935,0.02753108,-0.01865009,82,success,2.98200000,2.72000000,0.90774616,1.30000000,5.00000000,465,653,188,0.71209801,238,126,warning_stem_collisions,2.92698890,2.86000000,0.81058954,1.04000000,5.00000000,22334,29784,7450,0.74986570,2199,5564,warning_stem_collisions,56174,10.93620930,2705,1065,20.76672828,20.73287815,0.04060597,44,0.78328052,12280,0.17939054,3426080,375181,0.10950737,success,322,917,-0.48022599,882,0.01662363,408,0.00768984,120,0.00226172,691,0.01302373,430,0.00810449,,,0.00606894,0.01728330,-0.01121435,0.02335224,3198,53057,warning_stem_collisions,success,success,exact-then-unique-porter-1.0.0,baek-smart-porter-1.0.0
S2023-314,0001013871,NRG,NRG Energy,0001013871-24-000005,2023,2024-02-28,1.0.3,0.3.0,1,4,0.05361499,74606,3581,3,0.00083775,success,2,0.01612903,0,0.00000000,2,0.01612903,0,0.00000000,0,0.00000000,124,success,3,1,0.02419355,0.00806452,0.50000000,0.03225806,0.01612903,6,success,3.01566667,2.93000000,0.87208250,1.62000000,4.62000000,60,80,20,0.75000000,45,15,warning_stem_collisions,2.89801168,2.82000000,0.82082400,1.26000000,5.00000000,29281,40520,11239,0.72263080,2486,7122,warning_stem_collisions,74134,11.21362955,3581,1548,20.70203854,21.15354812,0.03787736,4,0.05395635,19979,0.21228736,5480182,492748,0.08991453,success,330,1240,-0.57961783,1260,0.01804821,523,0.00749144,131,0.00187644,982,0.01406615,718,0.01028462,,,0.00472691,0.01776173,-0.01303482,0.02248865,4396,69813,warning_stem_collisions,success,success,exact-then-unique-porter-1.0.0,baek-smart-porter-1.0.0
S2023-315,0000906163,NVR,"NVR, Inc.",0000906163-24-000033,2023,2024-02-14,1.0.3,0.3.0,0,0,0.00000000,29428,1615,0,0.00000000,success,,,,,,,,,,,0,warning_denominator_zero,,,,,,,,,warning_denominator_zero,,,,,,0,0,0,,0,0,warning_denominator_zero,2.88952036,2.82000000,0.79565493,1.19000000,4.96000000,11592,15214,3622,0.76192980,1390,2787,warning_stem_collisions,29337,10.28660480,1615,670,18.16532508,19.07722561,0.04257422,0,0.00000000,5645,0.16136870,1802532,193861,0.10754927,success,129,500,-0.58982512,516,0.01853781,183,0.00657446,68,0.00244297,305,0.01095743,302,0.01084965,,,0.00463445,0.01796300,-0.01332854,0.02259745,1710,27835,warning_denominator_zero,warning_denominator_zero,success,exact-then-unique-porter-1.0.0,baek-smart-porter-1.0.0
S2023-316,0001413447,NXPI,NXP Semiconductors,0001413447-24-000013,2023,2024-02-22,1.0.3,0.3.0,1,15,0.31599570,47469,2226,7,0.00314465,success,9,0.03488372,5,0.01937984,5,0.01937984,1,0.00387597,1,0.00387597,258,success,2,9,0.00775194,0.03488372,-0.63636364,0.04263566,-0.02713178,27,success,2.82393617,2.78500000,0.83739746,1.50000000,4.70000000,94,149,55,0.63087248,72,32,warning_stem_collisions,2.88377894,2.82000000,0.80996475,1.19000000,5.00000000,18574,24774,6200,0.74973763,2267,4541,warning_stem_collisions,47412,10.76663064,2226,1012,21.29919137,20.69346610,0.03332490,15,0.31637560,8082,0.14563737,2345689,315994,0.13471266,success,290,1022,-0.55792683,847,0.01873396,373,0.00825002,99,0.00218968,482,0.01066089,358,0.00791825,,,0.00641423,0.02260462,-0.01619039,0.02901884,2899,45212,warning_stem_collisions,success,success,exact-then-unique-porter-1.0.0,baek-smart-porter-1.0.0
S2023-317,0001120193,NDAQ,"Nasdaq, Inc.",0001120193-24-000006,2023,2024-02-21,1.0.3,0.3.0,1,41,0.60696679,67549,3370,24,0.00712166,success,19,0.02348578,4,0.00494438,11,0.01359703,3,0.00370828,1,0.00123609,809,success,15,26,0.01854141,0.03213844,-0.26829268,0.05067985,-0.01359703,65,success,2.73726115,2.54500000,0.78360234,1.30000000,4.70000000,314,448,134,0.70089286,179,85,warning_stem_collisions,2.89105575,2.80000000,0.80411969,1.26000000,5.00000000,26692,36497,9805,0.73134778,2358,6757,warning_stem_collisions,67496,11.11982362,3370,1551,20.02848665,20.31782907,0.02712753,41,0.60744340,10708,0.13692394,3293453,455912,0.13842979,success,427,1210,-0.47831399,1071,0.01654514,458,0.00707533,129,0.00199283,789,0.01218872,632,0.00976333,,,0.00659643,0.01869246,-0.01209603,0.02528888,4008,64732,warning_stem_collisions,success,success,exact-then-unique-porter-1.0.0,baek-smart-porter-1.0.0
S2023-318,0001002047,NTAP,NetApp,0000950170-23-027948,2023,2023-06-14,1.0.3,0.3.0,1,8,0.12702445,62980,2817,7,0.00248491,success,4,0.01941748,2,0.00970874,1,0.00485437,2,0.00970874,3,0.01456311,206,success,4,0,0.01941748,0.00000000,1.00000000,0.01941748,0.01941748,12,success,2.87323232,2.69000000,0.82837535,1.50000000,4.93000000,99,135,36,0.73333333,75,22,warning_stem_collisions,2.88424211,2.80000000,0.81231708,1.19000000,5.00000000,25030,33290,8260,0.75187744,2108,6257,warning_stem_collisions,62863,11.04871303,2817,990,22.31558395,20.55715596,0.02857007,8,0.12726087,8980,0.12499478,6656968,419653,0.06303966,success,316,1110,-0.55680224,1171,0.01943439,529,0.00877950,125,0.00207455,684,0.01135194,532,0.00882929,,,0.00524447,0.01842201,-0.01317755,0.02366648,3712,60254,warning_stem_collisions,success,success,exact-then-unique-porter-1.0.0,baek-smart-porter-1.0.0
S2023-319,0001065280,NFLX,Netflix,0001065280-24-000030,2023,2024-01-26,1.0.3,0.3.0,1,2,0.06766587,29557,1427,2,0.00140154,success,3,0.06000000,1,0.02000000,2,0.04000000,0,0.00000000,0,0.00000000,50,success,0,1,0.00000000,0.02000000,-1.00000000,0.02000000,-0.02000000,4,success,2.72434783,2.61000000,0.63747345,1.81000000,4.26000000,23,27,4,0.85185185,20,3,warning_stem_collisions,2.84867972,2.74000000,0.78502277,1.26000000,5.00000000,11952,15302,3350,0.78107437,1698,2618,warning_stem_collisions,29552,10.29390670,1427,599,20.70918010,20.52998641,0.02683406,2,0.06767731,6160,0.17249104,1793608,197166,0.10992703,success,177,630,-0.56133829,641,0.02255533,362,0.01273796,50,0.00175939,278,0.00978219,274,0.00964144,,,0.00622823,0.02216827,-0.01594004,0.02839650,1960,28419,warning_stem_collisions,success,success,exact-then-unique-porter-1.0.0,baek-smart-porter-1.0.0
S2023-320,0001164727,NEM,Newmont,0001164727-24-000016,2023,2024-02-29,1.0.3,0.3.0,1,3,0.02570055,116729,5461,3,0.00054935,success,8,0.06611570,0,0.00000000,5,0.04132231,0,0.00000000,0,0.00000000,121,success,2,8,0.01652893,0.06611570,-0.60000000,0.08264463,-0.04958678,18,success,2.78577778,2.61000000,0.83995103,1.63000000,4.93000000,45,63,18,0.71428571,27,11,warning_stem_collisions,2.97412055,2.83000000,0.88146068,1.19000000,5.00000000,45341,63160,17819,0.71787524,3052,11487,warning_stem_collisions,116335,11.66422924,5461,2220,21.30287493,20.91054675,0.03979026,3,0.02578760,26474,0.18538047,8653026,776777,0.08976941,success,483,2189,-0.63847305,1965,0.01784919,813,0.00738493,224,0.00203472,1093,0.00992833,812,0.00737585,,,0.00438736,0.01988391,-0.01549655,0.02427127,6351,110089,warning_stem_collisions,success,success,exact-then-unique-porter-1.0.0,baek-smart-porter-1.0.0
S2023-321,0001564708,NWSA|NWS,News Corp (Class A)|News Corp (Class B),0001564708-23-000368,2023,2023-08-15,1.0.3,0.3.0,1,21,0.30313966,69275,3012,14,0.00464807,success,9,0.01549053,1,0.00172117,7,0.01204819,0,0.00000000,0,0.00000000,581,success,8,10,0.01376936,0.01721170,-0.11111111,0.03098107,-0.00344234,28,success,2.93945833,2.71000000,0.74751764,1.62000000,4.87000000,240,347,107,0.69164265,124,63,warning_stem_collisions,2.96716610,2.89000000,0.83768218,1.19000000,5.00000000,27725,37825,10100,0.73298083,2359,6633,warning_stem_collisions,69276,11.14585380,3012,1387,23.00000000,21.29522568,0.03695363,21,0.30313528,10636,0.13309641,3668411,467024,0.12730962,success,372,1105,-0.49627624,1058,0.01616995,397,0.00606755,126,0.00192572,518,0.00791686,527,0.00805441,,,0.00568547,0.01688828,-0.01120281,0.02257374,3474,65430,warning_stem_collisions,success,success,exact-then-unique-porter-1.0.0,baek-smart-porter-1.0.0
S2023-322,0000753308,NEE,NextEra Energy,0000753308-24-000008,2023,2024-02-16,1.0.3,0.3.0,1,1,0.01549667,64530,2903,1,0.00034447,success,0,0.00000000,0,0.00000000,0,0.00000000,0,0.00000000,0,0.00000000,19,success,1,2,0.05263158,0.10526316,-0.33333333,0.15789474,-0.05263158,3,success,2.80875000,2.81500000,0.69225063,1.91000000,4.04000000,8,11,3,0.72727273,8,2,warning_stem_collisions,2.87556398,2.76000000,0.80330338,1.19000000,5.00000000,24939,35087,10148,0.71077607,2036,5973,warning_stem_collisions,63705,11.06201833,2903,1290,21.94454013,21.88250187,0.03765795,1,0.01569735,16590,0.20661311,4550800,428259,0.09410631,success,213,988,-0.64529559,1089,0.01816847,377,0.00628973,90,0.00150153,815,0.01359716,531,0.00885901,,,0.00355361,0.01648342,-0.01292981,0.02003704,3553,59939,warning_stem_collisions,success,success,exact-then-unique-porter-1.0.0,baek-smart-porter-1.0.0
S2023-323,0001111711,NI,NiSource,0001111711-24-000011,2023,2024-02-21,1.0.3,0.3.0,0,0,0.00000000,57681,3275,0,0.00000000,success,,,,,,,,,,,0,warning_denominator_zero,,,,,,,,,warning_denominator_zero,,,,,,0,0,0,,0,0,warning_denominator_zero,2.86102004,2.75000000,0.79773193,1.19000000,5.00000000,23107,31036,7929,0.74452249,2229,5567,warning_stem_collisions,57370,10.95727680,3275,1265,17.51755725,20.12380876,0.03608158,0,0.00000000,13940,0.19548450,4302019,385250,0.08955098,success,283,872,-0.50995671,963,0.01761994,414,0.00757493,111,0.00203096,723,0.01322867,519,0.00949610,,,0.00517803,0.01595492,-0.01077689,0.02113295,3329,54654,warning_denominator_zero,warning_denominator_zero,success,exact-then-unique-porter-1.0.0,baek-smart-porter-1.0.0
S2023-324,0000320187,NKE,"Nike, Inc.",0000320187-23-000039,2023,2023-07-20,1.0.3,0.3.0,0,0,0.00000000,46243,2150,0,0.00000000,success,,,,,,,,,,,0,warning_denominator_zero,,,,,,,,,warning_denominator_zero,,,,,,0,0,0,,0,0,warning_denominator_zero,2.88762061,2.76500000,0.82308493,1.19000000,5.00000000,18614,24722,6108,0.75293261,2071,4637,warning_stem_collisions,46206,10.74086494,2150,923,21.49116279,20.51154527,0.03499546,0,0.00000000,9248,0.16676885,2688110,308836,0.11488964,success,267,944,-0.55904211,1078,0.02454016,561,0.01277090,76,0.00173010,421,0.00958386,293,0.00667001,,,0.00607813,0.02148971,-0.01541158,0.02756784,2946,43928,warning_denominator_zero,warning_denominator_zero,success,exact-then-unique-porter-1.0.0,baek-smart-porter-1.0.0
S2023-325,0000072331,NDSN,Nordson Corporation,0000072331-23-000242,2023,2023-12-20,1.0.3,0.3.0,0,0,0.00000000,32168,1697,0,0.00000000,success,,,,,,,,,,,0,warning_denominator_zero,,,,,,,,,warning_denominator_zero,,,,,,0,0,0,,0,0,warning_denominator_zero,2.89134116,2.78000000,0.80543314,1.25000000,5.00000000,13026,17053,4027,0.76385387,1883,3003,warning_stem_collisions,31919,10.37095672,1697,760,18.80907484,20.56766049,0.04173063,0,0.00000000,9289,0.22541739,2772932,215768,0.07781222,success,212,517,-0.41838134,535,0.01769297,234,0.00773861,46,0.00152126,307,0.01015279,256,0.00846617,,,0.00701105,0.01709769,-0.01008665,0.02410874,1786,30238,warning_denominator_zero,warning_denominator_zero,success,exact-then-unique-porter-1.0.0,baek-smart-porter-1.0.0
S2023-326,0000702165,NSC,Norfolk Southern,0000702165-24-000005,2023,2024-02-05,1.0.3,0.3.0,0,0,0.00000000,32194,1857,0,0.00000000,success,,,,,,,,,,,0,warning_denominator_zero,,,,,,,,,warning_denominator_zero,,,,,,0,0,0,,0,0,warning_denominator_zero,2.92188958,2.82500000,0.83378837,1.19000000,5.00000000,12950,16993,4043,0.76207850,1872,2946,warning_stem_collisions,32185,10.37925578,1857,786,17.33171782,19.87150566,0.03992543,0,0.00000000,11124,0.25685192,2275300,215347,0.09464554,success,123,842,-0.74507772,510,0.01669504,215,0.00703810,74,0.00242242,448,0.01466544,177,0.00579416,,,0.00402645,0.02756318,-0.02353673,0.03158963,2030,30548,warning_denominator_zero,warning_denominator_zero,success,exact-then-unique-porter-1.0.0,baek-smart-porter-1.0.0
S2023-327,0000073124,NTRS,Northern Trust,0000073124-24-000073,2023,2024-02-27,1.0.3,0.3.0,1,3,0.03314148,90521,4289,2,0.00046631,success,2,0.01398601,1,0.00699301,1,0.00699301,0,0.00000000,1,0.00699301,143,success,3,1,0.02097902,0.00699301,0.50000000,0.02797203,0.01398601,7,success,2.93921875,2.93000000,0.85147722,1.50000000,4.93000000,64,84,20,0.76190476,53,15,warning_stem_collisions,2.81661853,2.72000000,0.79801893,1.19000000,5.00000000,37812,50044,12232,0.75557509,2505,8827,warning_stem_collisions,90501,11.41311618,4289,1825,21.10072278,21.28600377,0.03520403,3,0.03314880,22544,0.19942501,7673532,616577,0.08035113,success,410,1882,-0.64223386,1885,0.02196714,543,0.00632793,135,0.00157324,964,0.01123412,758,0.00883347,,,0.00477800,0.02193218,-0.01715418,0.02671017,5820,85810,warning_stem_collisions,success,success,exact-then-unique-porter-1.0.0,baek-smart-porter-1.0.0
S2023-328,0001133421,NOC,Northrop Grumman,0001133421-24-000006,2023,2024-01-25,1.0.3,0.3.0,1,2,0.04415206,45298,2403,2,0.00083229,success,2,0.02500000,0,0.00000000,0,0.00000000,0,0.00000000,2,0.02500000,80,success,3,3,0.03750000,0.03750000,0.00000000,0.07500000,0.00000000,10,success,2.85375000,2.89000000,0.73124786,1.63000000,4.41000000,40,51,11,0.78431373,34,10,warning_stem_collisions,2.85666538,2.77000000,0.79428357,1.19000000,5.00000000,18131,24374,6243,0.74386642,2149,4475,warning_stem_collisions,45413,10.72355369,2403,1183,18.89846026,19.90364465,0.03393301,2,0.04404025,11716,0.20507973,3098205,307274,0.09917807,success,277,1012,-0.57020946,858,0.01982165,361,0.00833988,73,0.00168646,669,0.01545534,365,0.00843229,,,0.00639930,0.02337938,-0.01698009,0.02977868,3096,43286,warning_stem_collisions,success,success,exact-then-unique-porter-1.0.0,baek-smart-porter-1.0.0
S2023-329,0001513761,NCLH,Norwegian Cruise Line Holdings,0001558370-24-001935,2023,2024-02-28,1.0.3,0.3.0,1,1,0.01481108,67517,2993,1,0.00033411,success,0,0.00000000,0,0.00000000,0,0.00000000,0,0.00000000,0,0.00000000,57,success,1,0,0.01754386,0.00000000,1.00000000,0.01754386,0.01754386,1,success,3.04481481,2.97000000,0.77686154,2.00000000,4.80000000,27,37,10,0.72972973,26,5,warning_stem_collisions,2.90702538,2.81000000,0.82926426,1.19000000,5.00000000,25694,34265,8571,0.74986137,2443,6105,warning_stem_collisions,67536,11.12041607,2993,957,22.56465085,21.16145286,0.04014155,1,0.01480692,16283,0.19426383,3595006,440064,0.12240981,success,446,1136,-0.43615676,1033,0.01613533,550,0.00859093,201,0.00313959,720,0.01124631,693,0.01082457,,,0.00696646,0.01774418,-0.01077771,0.02471064,4016,64021,warning_stem_collisions,success,success,exact-then-unique-porter-1.0.0,baek-smart-porter-1.0.0
S2023-330,0000073309,NUE,Nucor,0000950170-24-021195,2023,2024-02-27,1.0.3,0.3.0,0,0,0.00000000,54258,2489,0,0.00000000,success,,,,,,,,,,,0,warning_denominator_zero,,,,,,,,,warning_denominator_zero,,,,,,0,0,0,,0,0,warning_denominator_zero,3.03783776,2.90000000,0.88847082,1.26000000,5.00000000,20636,28694,8058,0.71917474,2049,5308,warning_stem_collisions,53893,10.89475588,2489,852,21.65247087,19.90167625,0.04575733,0,0.00000000,7879,0.12754970,4371466,354158,0.08101584,success,286,546,-0.31250000,734,0.01453350,186,0.00368288,157,0.00310866,321,0.00635593,351,0.00694994,,,0.00566292,0.01081102,-0.00514811,0.01647394,2244,50504,warning_denominator_zero,warning_denominator_zero,success,exact-then-unique-porter-1.0.0,baek-smart-porter-1.0.0
S2023-331,0001045810,NVDA,Nvidia,0001045810-23-000017,2023,2023-02-24,1.0.3,0.3.0,1,127,3.01526627,42119,1997,89,0.04456685,success,23,0.00866290,13,0.00489642,20,0.00753296,9,0.00338983,20,0.00753296,2655,success,29,34,0.01092279,0.01280603,-0.07936508,0.02372881,-0.00188324,125,success,3.09481928,3.08000000,0.87512496,1.30000000,4.93000000,1079,1646,567,0.65552855,445,266,warning_stem_collisions,2.90387340,2.82000000,0.81909054,1.19000000,5.00000000,16745,22650,5905,0.73929360,2163,4071,warning_stem_collisions,42141,10.64877642,1997,974,21.10215323,20.08741372,0.02738426,127,3.01369213,5825,0.12144019,2669239,282528,0.10584590,success,237,950,-0.60067397,800,0.01975406,475,0.01172897,80,0.00197541,455,0.01123512,348,0.00859302,,,0.00585214,0.02345795,-0.01760581,0.02931009,2732,40498,warning_stem_collisions,success,success,exact-then-unique-porter-1.0.0,baek-smart-porter-1.0.0
S2023-332,0001097864,ON,ON Semiconductor,0001628280-24-003201,2023,2024-02-05,1.0.3,0.3.0,1,3,0.06288649,47705,2144,3,0.00139925,success,1,0.00970874,0,0.00000000,1,0.00970874,0,0.00000000,0,0.00000000,103,success,3,1,0.02912621,0.00970874,0.50000000,0.03883495,0.01941748,5,success,2.93921053,2.86000000,0.77289742,1.88000000,5.00000000,38,59,21,0.64406780,36,15,warning_stem_collisions,2.86290758,2.75000000,0.79528496,1.26000000,5.00000000,18524,24429,5905,0.75827909,2047,4346,warning_stem_collisions,47444,10.76730535,2144,1013,22.12873134,21.70733664,0.03859287,3,0.06323244,10210,0.17709092,2803169,317928,0.11341735,success,260,918,-0.55857385,923,0.02047880,448,0.00993987,85,0.00188591,470,0.01042799,410,0.00909676,,,0.00576868,0.02036786,-0.01459919,0.02613654,2884,45071,warning_stem_collisions,success,success,exact-then-unique-porter-1.0.0,baek-smart-porter-1.0.0
S2023-333,0000797468,OXY,Occidental Petroleum,0000797468-24-000034,2023,2024-02-14,1.0.3,0.3.0,0,0,0.00000000,63463,3265,0,0.00000000,success,,,,,,,,,,,0,warning_denominator_zero,,,,,,,,,warning_denominator_zero,,,,,,0,0,0,,0,0,warning_denominator_zero,2.90823380,2.76000000,0.84355820,1.19000000,5.00000000,24029,34876,10847,0.68898383,2394,6815,warning_stem_collisions,63196,11.05399629,3265,1264,19.35558959,21.02065969,0.03732831,0,0.00000000,16519,0.20722574,4263681,429899,0.10082813,success,383,1136,-0.49572087,1027,0.01723791,421,0.00706637,127,0.00213166,856,0.01436772,524,0.00879519,,,0.00642855,0.01906744,-0.01263889,0.02549599,3773,59578,warning_denominator_zero,warning_denominator_zero,success,exact-then-unique-porter-1.0.0,baek-smart-porter-1.0.0
S2023-334,0000878927,ODFL,Old Dominion,0000950170-24-020176,2023,2024-02-26,1.0.3,0.3.0,1,2,0.05760535,34719,1640,2,0.00121951,success,4,0.09523810,0,0.00000000,3,0.07142857,0,0.00000000,0,0.00000000,42,success,1,0,0.02380952,0.00000000,1.00000000,0.02380952,0.02380952,5,success,2.80521739,2.93000000,0.63948940,1.63000000,4.70000000,23,26,3,0.88461538,20,2,warning_stem_collisions,2.92407391,2.85000000,0.82516264,1.19000000,5.00000000,13773,18014,4241,0.76457200,1669,3215,warning_stem_collisions,34586,10.45120425,1640,645,21.08902439,20.12934591,0.03498525,2,0.05782687,5325,0.13342186,1926892,230710,0.11973167,success,166,672,-0.60381862,684,0.02076818,366,0.01111280,66,0.00200395,298,0.00904813,300,0.00910885,,,0.00504023,0.02040383,-0.01536359,0.02544406,2073,32935,warning_stem_collisions,success,success,exact-then-unique-porter-1.0.0,baek-smart-porter-1.0.0
S2023-335,0000029989,OMC,Omnicom Group,0000029989-24-000007,2023,2024-02-07,1.0.3,0.3.0,1,20,0.55181547,36244,1884,15,0.00796178,success,12,0.02919708,3,0.00729927,2,0.00486618,2,0.00486618,3,0.00729927,411,success,11,15,0.02676399,0.03649635,-0.15384615,0.06326034,-0.00973236,46,success,2.59422819,2.56000000,0.76138533,1.30000000,4.82000000,149,215,66,0.69302326,77,47,warning_stem_collisions,2.88492347,2.76000000,0.79443155,1.19000000,5.00000000,14439,19081,4642,0.75672135,1501,3483,warning_stem_collisions,36121,10.49462969,1884,694,19.17250531,19.92126980,0.03734670,20,0.55369453,7682,0.17537612,2044887,240552,0.11763584,success,149,500,-0.54083205,521,0.01516077,188,0.00547068,64,0.00186236,260,0.00756584,305,0.00887531,,,0.00433581,0.01454969,-0.01021388,0.01888549,1709,34365,warning_stem_collisions,success,success,exact-then-unique-porter-1.0.0,baek-smart-porter-1.0.0
S2023-336,0001039684,OKE,Oneok,0001039684-24-000015,2023,2024-02-27,1.0.3,0.3.0,0,0,0.00000000,56292,2738,0,0.00000000,success,,,,,,,,,,,0,warning_denominator_zero,,,,,,,,,warning_denominator_zero,,,,,,0,0,0,,0,0,warning_denominator_zero,2.94040084,2.85000000,0.84857275,1.26000000,5.00000000,22428,29991,7563,0.74782435,2223,5289,warning_stem_collisions,55827,10.93001290,2738,1194,20.38970051,20.93991445,0.02631343,0,0.00000000,14158,0.20230049,3274495,373145,0.11395498,success,341,830,-0.41759180,957,0.01781559,442,0.00822831,91,0.00169406,550,0.01023884,455,0.00847032,,,0.00634808,0.01545135,-0.00910326,0.02179943,3081,53717,warning_denominator_zero,warning_denominator_zero,success,exact-then-unique-porter-1.0.0,baek-smart-porter-1.0.0
S2023-337,0001341439,ORCL,Oracle Corporation,0000950170-23-028914,2023,2023-06-20,1.0.3,0.3.0,1,14,0.16950179,82595,3249,10,0.00307787,success,5,0.01179245,1,0.00235849,1,0.00235849,0,0.00000000,0,0.00000000,424,success,4,8,0.00943396,0.01886792,-0.33333333,0.02830189,-0.00943396,18,success,3.05582011,2.93000000,0.77410128,1.41000000,4.93000000,189,272,83,0.69485294,103,46,warning_stem_collisions,2.90646673,2.83000000,0.81774119,1.19000000,5.00000000,32910,43438,10528,0.75763157,2188,8283,warning_stem_collisions,82442,11.31985029,3249,1151,25.37457679,22.18521420,0.03120982,14,0.16981636,8457,0.09303733,7324983,552112,0.07537383,success,420,1208,-0.48402948,1514,0.01921295,739,0.00937805,163,0.00206850,912,0.01157346,571,0.00724610,,,0.00532988,0.01532975,-0.00999987,0.02065964,4461,78801,warning_stem_collisions,success,success,exact-then-unique-porter-1.0.0,baek-smart-porter-1.0.0
S2023-338,0001781335,OTIS,Otis Worldwide,0001781335-24-000013,2023,2024-02-02,1.0.3,0.3.0,1,1,0.02175805,45960,2145,1,0.00046620,success,1,0.04000000,1,0.04000000,0,0.00000000,0,0.00000000,0,0.00000000,25,success,0,0,0.00000000,0.00000000,,0.00000000,0.00000000,2,success,2.87846154,2.67000000,0.86249946,1.50000000,4.57000000,13,15,2,0.86666667,12,2,warning_stem_collisions,2.87360130,2.76000000,0.80928365,1.19000000,5.00000000,17863,24130,6267,0.74028181,2025,4560,warning_stem_collisions,45945,10.73520031,2145,861,21.41958042,20.94425230,0.03795843,1,0.02176515,9761,0.17522349,2873500,307121,0.10688046,success,209,812,-0.59059745,802,0.01835366,340,0.00778085,67,0.00153329,671,0.01535575,334,0.00764355,,,0.00478294,0.01858251,-0.01379957,0.02336545,2760,43697,warning_stem_collisions,success,success,exact-then-unique-porter-1.0.0,baek-smart-porter-1.0.0
S2023-339,0000898173,ORLY,O’Reilly Automotive,0000898173-24-000009,2023,2024-02-28,1.0.3,0.3.0,0,0,0.00000000,40855,1981,0,0.00000000,success,,,,,,,,,,,0,warning_denominator_zero,,,,,,,,,warning_denominator_zero,,,,,,0,0,0,,0,0,warning_denominator_zero,2.94056701,2.86000000,0.82769690,1.19000000,5.00000000,16825,22084,5259,0.76186379,1856,3704,warning_stem_collisions,40836,10.61731932,1981,679,20.61383140,21.29987649,0.03876482,0,0.00000000,10491,0.20439535,2998175,276196,0.09212137,success,314,545,-0.26891735,547,0.01422997,220,0.00572320,88,0.00228928,258,0.00671176,296,0.00770031,,,0.00816857,0.01417794,-0.00600937,0.02234651,1913,38440,warning_denominator_zero,warning_denominator_zero,success,exact-then-unique-porter-1.0.0,baek-smart-porter-1.0.0
S2023-340,0001004980,PCG,PG&E Corporation,0001004980-24-000014,2023,2024-02-22,1.0.3,0.3.0,0,0,0.00000000,92258,3993,0,0.00000000,success,,,,,,,,,,,0,warning_denominator_zero,,,,,,,,,warning_denominator_zero,,,,,,0,0,0,,0,0,warning_denominator_zero,2.91570887,2.85000000,0.79739206,1.26000000,5.00000000,35895,49563,13668,0.72422977,2508,8399,warning_stem_collisions,92695,11.43706981,3993,1713,23.21437516,22.73904602,0.04281784,0,0.00000000,21020,0.18484809,5060894,617594,0.12203259,success,321,1756,-0.69090034,1359,0.01565217,576,0.00663403,211,0.00243018,1347,0.01551396,677,0.00779729,,,0.00369709,0.02022459,-0.01652750,0.02392168,5310,86825,warning_denominator_zero,warning_denominator_zero,success,exact-then-unique-porter-1.0.0,baek-smart-porter-1.0.0
S2023-341,0000713676,PNC,PNC Financial Services,0000713676-24-000028,2023,2024-02-21,1.0.3,0.3.0,1,14,0.13704396,102157,4907,8,0.00163032,success,10,0.03759398,1,0.00375940,1,0.00375940,0,0.00000000,0,0.00000000,266,success,3,4,0.01127820,0.01503759,-0.14285714,0.02631579,-0.00375940,17,success,2.70736364,2.61000000,0.73638018,1.54000000,4.93000000,110,149,39,0.73825503,76,27,warning_stem_collisions,2.85769503,2.72000000,0.81743948,1.19000000,5.00000000,41224,55227,14003,0.74644648,2609,9629,warning_stem_collisions,101828,11.53104039,4907,2410,20.75157938,21.31326478,0.03203441,14,0.13748674,26319,0.20538132,8808342,679304,0.07712053,success,435,2027,-0.64662876,1913,0.01966529,543,0.00558194,148,0.00152141,1000,0.01027982,772,0.00793602,,,0.00447172,0.02083719,-0.01636547,0.02530891,6034,97278,warning_stem_collisions,success,success,exact-then-unique-porter-1.0.0,baek-smart-porter-1.0.0
S2023-342,0000079879,PPG,PPG Industries,0000079879-24-000040,2023,2024-02-15,1.0.3,0.3.0,0,0,0.00000000,37641,1934,0,0.00000000,success,,,,,,,,,,,0,warning_denominator_zero,,,,,,,,,warning_denominator_zero,,,,,,0,0,0,,0,0,warning_denominator_zero,2.89732081,2.82000000,0.80377890,1.26000000,5.00000000,15012,20342,5330,0.73798053,1803,3790,warning_stem_collisions,37644,10.53592886,1934,868,19.46432265,20.60976565,0.04755074,0,0.00000000,9700,0.20488341,2792630,252359,0.09036607,success,192,706,-0.57238307,554,0.01571275,174,0.00493505,65,0.00184355,430,0.01219581,295,0.00836690,,,0.00544557,0.02002382,-0.01457825,0.02546940,2013,35258,warning_denominator_zero,warning_denominator_zero,success,exact-then-unique-porter-1.0.0,baek-smart-porter-1.0.0
S2023-343,0000922224,PPL,PPL Corporation,0000922224-24-000008,2023,2024-02-16,1.0.3,0.3.0,0,0,0.00000000,81826,4524,0,0.00000000,success,,,,,,,,,,,0,warning_denominator_zero,,,,,,,,,warning_denominator_zero,,,,,,0,0,0,,0,0,warning_denominator_zero,2.88479935,2.81000000,0.79655641,1.19000000,5.00000000,31573,45617,14044,0.69213232,2317,8205,warning_stem_collisions,82076,11.31540093,4524,2211,18.14235190,20.39683509,0.03370047,0,0.00000000,26976,0.24736823,8545810,541425,0.06335561,success,235,869,-0.57427536,1034,0.01324775,389,0.00498392,178,0.00228056,1264,0.01619454,645,0.00826383,,,0.00301085,0.01113375,-0.00812289,0.01414460,4074,78051,warning_denominator_zero,warning_denominator_zero,success,exact-then-unique-porter-1.0.0,baek-smart-porter-1.0.0
S2023-344,0000857005,PTC,PTC Inc.,0000950123-23-011049,2023,2023-11-20,1.0.3,0.3.0,0,0,0.00000000,53806,2505,0,0.00000000,success,,,,,,,,,,,0,warning_denominator_zero,,,,,,,,,warning_denominator_zero,,,,,,0,0,0,,0,0,warning_denominator_zero,2.90446759,2.81000000,0.79756227,1.19000000,4.97000000,20933,27763,6830,0.75398912,1699,4991,warning_stem_collisions,53418,10.88590305,2505,881,21.32455090,20.14609242,0.04650118,0,0.00000000,7378,0.12135667,5169039,353817,0.06844928,success,268,696,-0.44398340,819,0.01627972,288,0.00572474,130,0.00258408,441,0.00876600,402,0.00799078,,,0.00532718,0.01383478,-0.00850759,0.01916196,2616,50308,warning_denominator_zero,warning_denominator_zero,success,exact-then-unique-porter-1.0.0,baek-smart-porter-1.0.0
S2023-345,0000075362,PCAR,Paccar,0000950170-24-017900,2023,2024-02-21,1.0.3,0.3.0,0,0,0.00000000,48455,2497,0,0.00000000,success,,,,,,,,,,,0,warning_denominator_zero,,,,,,,,,warning_denominator_zero,,,,,,0,0,0,,0,0,warning_denominator_zero,2.97065501,2.89000000,0.83934078,1.26000000,5.00000000,19053,25761,6708,0.73960638,1408,4694,warning_stem_collisions,47975,10.77843532,2497,790,19.21305567,20.04263283,0.05140177,0,0.00000000,9250,0.16164264,6471411,320960,0.04959660,success,145,615,-0.61842105,452,0.01012976,128,0.00286860,84,0.00188252,451,0.01010735,263,0.00589409,,,0.00324959,0.01378275,-0.01053316,0.01703234,1925,44621,warning_denominator_zero,warning_denominator_zero,success,exact-then-unique-porter-1.0.0,baek-smart-porter-1.0.0
S2023-346,0000075677,PKG,Packaging Corporation of America,0000950170-24-022794,2023,2024-02-29,1.0.3,0.3.0,0,0,0.00000000,56062,2630,0,0.00000000,success,,,,,,,,,,,0,warning_denominator_zero,,,,,,,,,warning_denominator_zero,,,,,,0,0,0,,0,0,warning_denominator_zero,2.94346263,2.86000000,0.82144215,1.25000000,5.00000000,21862,29479,7617,0.74161267,1686,5412,warning_stem_collisions,55550,10.92503880,2630,768,21.12167300,20.14740107,0.04831683,0,0.00000000,7270,0.11572748,4243667,370440,0.08729243,success,239,693,-0.48712446,652,0.01249305,227,0.00434958,111,0.00212688,370,0.00708962,496,0.00950392,,,0.00457951,0.01327866,-0.00869915,0.01785817,2451,52189,warning_denominator_zero,warning_denominator_zero,success,exact-then-unique-porter-1.0.0,baek-smart-porter-1.0.0
S2023-347,0001327567,PANW,Palo Alto Networks,0001327567-23-000024,2023,2023-09-01,1.0.3,0.3.0,1,49,0.95444009,51339,2486,40,0.01609010,success,29,0.02378999,21,0.01722724,20,0.01640689,1,0.00082034,12,0.00984413,1219,success,14,40,0.01148482,0.03281378,-0.48148148,0.04429861,-0.02132896,113,success,2.86750000,2.82000000,0.78865898,1.30000000,4.93000000,548,787,239,0.69631512,256,125,warning_stem_collisions,2.85241957,2.80000000,0.79240429,1.26000000,5.00000000,20111,26682,6571,0.75372911,2251,4994,warning_stem_collisions,51018,10.83993379,2486,1057,20.52212389,19.44787739,0.02816653,49,0.96044533,7422,0.12700205,2791667,342113,0.12254793,success,335,1246,-0.57621758,1094,0.02238638,611,0.01250281,152,0.00311036,494,0.01010866,355,0.00726432,,,0.00685506,0.02549674,-0.01864167,0.03235180,3487,48869,warning_stem_collisions,success,success,exact-then-unique-porter-1.0.0,baek-smart-porter-1.0.0
S2023-348,0000813828,PARA,Paramount Global,0000813828-24-000007,2023,2024-02-28,1.0.3,0.3.0,1,2,0.03724534,53698,2745,2,0.00072860,success,4,0.07017544,7,0.12280702,2,0.03508772,0,0.00000000,0,0.00000000,57,success,0,2,0.00000000,0.03508772,-1.00000000,0.03508772,-0.03508772,13,success,2.49800000,2.44000000,0.55796774,1.79000000,3.72000000,25,34,9,0.73529412,16,7,warning_stem_collisions,2.93351442,2.83000000,0.83909194,1.26000000,5.00000000,21261,28357,7096,0.74976196,2124,4955,warning_stem_collisions,53640,10.89005034,2745,1349,19.54098361,19.99853166,0.03642804,2,0.03728561,11238,0.17321742,3383874,359971,0.10637837,success,240,1066,-0.63246554,625,0.01223092,240,0.00469667,107,0.00209393,708,0.01385519,386,0.00755382,,,0.00469667,0.02086106,-0.01616438,0.02555773,2789,51100,warning_stem_collisions,success,success,exact-then-unique-porter-1.0.0,baek-smart-porter-1.0.0
S2023-349,0000076334,PH,Parker Hannifin,0000076334-23-000042,2023,2023-08-24,1.0.3,0.3.0,0,0,0.00000000,33827,1780,0,0.00000000,success,,,,,,,,,,,0,warning_denominator_zero,,,,,,,,,warning_denominator_zero,,,,,,0,0,0,,0,0,warning_denominator_zero,2.90865433,2.85000000,0.80165094,1.26000000,5.00000000,13837,17996,4159,0.76889309,1736,3167,warning_stem_collisions,33591,10.42201345,1780,725,18.87134831,20.58667313,0.04164806,0,0.00000000,9298,0.21679218,2503751,226428,0.09043551,success,212,498,-0.40281690,532,0.01674061,200,0.00629346,60,0.00188804,297,0.00934579,219,0.00689134,,,0.00667107,0.01567073,-0.00899965,0.02234180,1726,31779,warning_denominator_zero,warning_denominator_zero,success,exact-then-unique-porter-1.0.0,baek-smart-porter-1.0.0
S2023-350,0001633917,PYPL,PayPal,0001633917-24-000024,2023,2024-02-08,1.0.3,0.3.0,1,4,0.06474797,61778,2712,2,0.00073746,success,1,0.00840336,4,0.03361345,0,0.00000000,0,0.00000000,1,0.00840336,119,success,2,1,0.01680672,0.00840336,0.33333333,0.02521008,0.00840336,9,success,3.06264706,3.03500000,0.90635277,1.50000000,4.90000000,68,81,13,0.83950617,49,6,warning_stem_collisions,2.85077939,2.74000000,0.78604924,1.23000000,5.00000000,24750,33018,8268,0.74959113,2227,6232,warning_stem_collisions,61927,11.03371155,2712,1128,22.83443953,21.40922106,0.03006766,4,0.06459218,9426,0.13210377,3479912,419356,0.12050765,success,349,1650,-0.65082541,1085,0.01825892,520,0.00875082,85,0.00143042,816,0.01373206,467,0.00785891,,,0.00587315,0.02776703,-0.02189388,0.03364017,4250,59423,warning_stem_collisions,success,success,exact-then-unique-porter-1.0.0,baek-smart-porter-1.0.0
S2023-351,0000723531,PAYX,Paychex,0000950170-23-032988,2023,2023-07-14,1.0.3,0.3.0,1,10,0.19942565,50144,2301,5,0.00217297,success,3,0.01829268,0,0.00000000,2,0.01219512,1,0.00609756,2,0.01219512,164,success,9,1,0.05487805,0.00609756,0.80000000,0.06097561,0.04878049,15,success,2.63575342,2.59000000,0.67023185,1.23000000,4.25000000,73,91,18,0.80219780,54,13,warning_stem_collisions,2.88752023,2.79000000,0.81087860,1.19000000,5.00000000,19901,26559,6658,0.74931285,1754,4588,warning_stem_collisions,50011,10.81999826,2301,738,21.73446328,20.55013430,0.03339265,10,0.19995601,7796,0.13486256,6093229,334571,0.05490865,success,225,876,-0.59128065,962,0.02029236,501,0.01056806,106,0.00223596,479,0.01010399,401,0.00845867,,,0.00474613,0.01847828,-0.01373215,0.02322442,2794,47407,warning_stem_collisions,success,success,exact-then-unique-porter-1.0.0,baek-smart-porter-1.0.0
S2023-352,0001590955,PAYC,Paycom,0000950170-24-015863,2023,2024-02-15,1.0.3,0.3.0,1,31,0.48365707,64095,2899,15,0.00517420,success,15,0.03036437,19,0.03846154,11,0.02226721,3,0.00607287,13,0.02631579,494,success,7,22,0.01417004,0.04453441,-0.51724138,0.05870445,-0.03036437,75,success,2.64106599,2.60000000,0.73826135,1.30000000,4.34000000,197,264,67,0.74621212,115,45,warning_stem_collisions,2.88823157,2.82000000,0.79452299,1.19000000,5.00000000,25616,33516,7900,0.76429168,2119,5648,warning_stem_collisions,64061,11.06759103,2899,982,22.09761987,20.52335247,0.03629353,31,0.48391377,9471,0.12880107,3038080,422914,0.13920437,success,359,1086,-0.50311419,963,0.01579595,527,0.00864430,96,0.00157467,677,0.01110473,530,0.00869351,,,0.00588862,0.01781350,-0.01192487,0.02370212,3504,60965,warning_stem_collisions,success,success,exact-then-unique-porter-1.0.0,baek-smart-porter-1.0.0
S2023-353,0000077360,PNR,Pentair,0000077360-24-000007,2023,2024-02-20,1.0.3,0.3.0,1,1,0.02383165,41961,2166,1,0.00046168,success,1,0.02272727,0,0.00000000,1,0.02272727,1,0.02272727,0,0.00000000,44,success,4,1,0.09090909,0.02272727,0.60000000,0.11363636,0.06818182,7,success,2.66266667,2.60000000,0.55204428,1.81000000,3.65000000,15,16,1,0.93750000,13,1,warning_stem_collisions,2.87309717,2.77000000,0.80802893,1.26000000,5.00000000,16796,22050,5254,0.76172336,1929,4069,warning_stem_collisions,41851,10.64187097,2166,1027,19.32179132,19.88996592,0.02991565,1,0.02389429,8339,0.16614864,2234438,279875,0.12525521,success,230,768,-0.53907816,767,0.01910384,359,0.00894169,80,0.00199258,455,0.01133279,377,0.00939002,,,0.00572866,0.01912875,-0.01340008,0.02485741,2491,40149,warning_stem_collisions,success,success,exact-then-unique-porter-1.0.0,baek-smart-porter-1.0.0
S2023-354,0000077476,PEP,PepsiCo,0000077476-24-000008,2023,2024-02-09,1.0.3,0.3.0,1,7,0.13654274,51266,2324,5,0.00215146,success,4,0.00886918,2,0.00443459,3,0.00665188,0,0.00000000,0,0.00000000,451,success,15,8,0.03325942,0.01773836,0.30434783,0.05099778,0.01552106,29,success,2.94211712,2.64000000,0.81789145,1.50000000,5.00000000,222,276,54,0.80434783,145,47,warning_stem_collisions,2.91001993,2.79000000,0.84726677,1.19000000,5.00000000,20576,27862,7286,0.73849688,2124,5121,warning_stem_collisions,51161,10.84273280,2324,1057,22.01419966,21.68938206,0.03164520,7,0.13682297,12912,0.20152014,3953838,347664,0.08793076,success,305,1146,-0.57960028,768,0.01576064,218,0.00447372,72,0.00147756,467,0.00958362,410,0.00841388,,,0.00625911,0.02351782,-0.01725872,0.02977693,2944,48729,warning_stem_collisions,success,success,exact-then-unique-porter-1.0.0,baek-smart-porter-1.0.0
S2023-355,0000078003,PFE,Pfizer,0000078003-24-000039,2023,2024-02-22,1.0.3,0.3.0,1,6,0.07612185,78821,3865,6,0.00155239,success,5,0.03401361,2,0.01360544,3,0.02040816,0,0.00000000,0,0.00000000,147,success,0,10,0.00000000,0.06802721,-1.00000000,0.06802721,-0.06802721,16,success,2.70287879,2.62000000,0.72055274,1.62000000,4.10000000,66,89,23,0.74157303,51,15,warning_stem_collisions,2.84759694,2.74000000,0.78650079,1.04000000,5.00000000,29450,41367,11917,0.71192013,2640,7764,warning_stem_collisions,79107,11.27855665,3865,1461,20.46752911,21.09027756,0.02869531,6,0.07584664,20968,0.20952286,5349184,532699,0.09958510,success,651,1723,-0.45155855,1429,0.01888613,600,0.00792979,159,0.00210140,1222,0.01615035,462,0.00610594,,,0.00860383,0.02277173,-0.01416790,0.03137556,5189,75664,warning_stem_collisions,success,success,exact-then-unique-porter-1.0.0,baek-smart-porter-1.0.0
S2023-356,0001413329,PM,Philip Morris International,0001413329-24-000013,2023,2024-02-08,1.0.3,0.3.0,1,3,0.03810637,78727,3571,2,0.00056007,success,2,0.01047120,14,0.07329843,2,0.01047120,0,0.00000000,3,0.01570681,191,success,0,17,0.00000000,0.08900524,-1.00000000,0.08900524,-0.08900524,34,success,2.55880000,2.36000000,0.67381196,1.50000000,4.26000000,100,124,24,0.80645161,67,20,warning_stem_collisions,2.95621642,2.85000000,0.85308599,1.26000000,5.00000000,29739,42171,12432,0.70520026,2554,7184,warning_stem_collisions,78321,11.26857105,3571,1402,21.93251190,20.43284147,0.04282376,3,0.03830390,15400,0.16431750,4444159,520357,0.11708784,success,392,1852,-0.65062389,1307,0.01773743,445,0.00603914,155,0.00210352,1340,0.01818527,583,0.00791195,,,0.00531987,0.02513368,-0.01981380,0.03045355,5099,73686,warning_stem_collisions,success,success,exact-then-unique-porter-1.0.0,baek-smart-porter-1.0.0
S2023-357,0001534701,PSX,Phillips 66,0001534701-24-000078,2023,2024-02-21,1.0.3,0.3.0,0,0,0.00000000,64031,3244,0,0.00000000,success,,,,,,,,,,,0,warning_denominator_zero,,,,,,,,,warning_denominator_zero,,,,,,0,0,0,,0,0,warning_denominator_zero,2.93548874,2.86000000,0.84680493,1.26000000,5.00000000,25392,34783,9391,0.73001179,2280,5818,warning_stem_collisions,63868,11.06457373,3244,1453,19.68803946,20.17087918,0.04329242,0,0.00000000,14242,0.18233261,4903084,425906,0.08686492,success,274,933,-0.54598177,874,0.01445943,379,0.00627016,85,0.00140624,568,0.00939697,508,0.00840433,,,0.00453305,0.01543552,-0.01090247,0.01996857,3050,60445,warning_denominator_zero,warning_denominator_zero,success,exact-then-unique-porter-1.0.0,baek-smart-porter-1.0.0
S2023-358,0000764622,PNW,Pinnacle West Capital,0000764622-24-000016,2023,2024-02-27,1.0.3,0.3.0,1,2,0.02529884,79055,4064,2,0.00049213,success,1,0.02500000,1,0.02500000,0,0.00000000,0,0.00000000,0,0.00000000,40,success,2,0,0.05000000,0.00000000,1.00000000,0.05000000,0.05000000,4,success,3.04478261,2.93000000,0.95891637,1.63000000,4.93000000,23,29,6,0.79310345,20,5,warning_stem_collisions,2.95555829,2.86000000,0.83184337,1.26000000,5.00000000,31713,43281,11568,0.73272337,2427,7439,warning_stem_collisions,78622,11.27240684,4064,1606,19.34596457,20.19898728,0.04211289,2,0.02543817,21573,0.21531015,5606815,521198,0.09295794,success,332,927,-0.47259730,1072,0.01449883,423,0.00572109,205,0.00277263,1124,0.01520213,611,0.00826379,,,0.00449031,0.01253770,-0.00804739,0.01702801,4095,73937,warning_stem_collisions,success,success,exact-then-unique-porter-1.0.0,baek-smart-porter-1.0.0
S2023-359,0000945841,POOL,Pool Corporation,0000945841-24-000021,2023,2024-02-27,1.0.3,0.3.0,0,0,0.00000000,38610,1991,0,0.00000000,success,,,,,,,,,,,0,warning_denominator_zero,,,,,,,,,warning_denominator_zero,,,,,,0,0,0,,0,0,warning_denominator_zero,2.93748573,2.85000000,0.83017508,1.29000000,5.00000000,15937,20630,4693,0.77251575,2001,3669,warning_stem_collisions,38530,10.55919244,1991,869,19.35208438,19.64487164,0.03446665,0,0.00000000,6610,0.14643332,2128853,257265,0.12084677,success,315,600,-0.31147541,661,0.01796391,225,0.00611480,74,0.00201109,227,0.00616915,262,0.00712034,,,0.00856071,0.01630612,-0.00774541,0.02486683,2013,36796,warning_denominator_zero,warning_denominator_zero,success,exact-then-unique-porter-1.0.0,baek-smart-porter-1.0.0
S2023-360,0001126328,PFG,Principal Financial Group,0001104659-24-025516,2023,2024-02-20,1.0.3,0.3.0,0,0,0.00000000,126371,6996,0,0.00000000,success,,,,,,,,,,,0,warning_denominator_zero,,,,,,,,,warning_denominator_zero,,,,,,0,0,0,,0,0,warning_denominator_zero,2.84413155,2.76000000,0.76861750,1.19000000,4.97000000,53031,68788,15757,0.77093388,2293,11795,warning_stem_collisions,125780,11.74228963,6996,2387,17.97884505,20.80606659,0.03304182,0,0.00000000,39931,0.24096771,19313757,850268,0.04402396,success,584,2116,-0.56740741,2237,0.01857912,653,0.00542341,219,0.00181888,1344,0.01116242,676,0.00561443,,,0.00485034,0.01757417,-0.01272383,0.02242450,6765,120404,warning_denominator_zero,warning_denominator_zero,success,exact-then-unique-porter-1.0.0,baek-smart-porter-1.0.0
S2023-361,0000080424,PG,Procter & Gamble,0000080424-23-000073,2023,2023-08-04,1.0.3,0.3.0,0,0,0.00000000,36510,1866,0,0.00000000,success,,,,,,,,,,,0,warning_denominator_zero,,,,,,,,,warning_denominator_zero,,,,,,0,0,0,,0,0,warning_denominator_zero,2.93873468,2.82000000,0.84177556,1.19000000,5.00000000,15261,20235,4974,0.75418829,1763,3690,warning_stem_collisions,36319,10.50009630,1866,833,19.46355841,19.71233148,0.03204934,0,0.00000000,8180,0.18382436,2425283,244194,0.10068681,success,274,597,-0.37083812,624,0.01803208,236,0.00681982,52,0.00150267,244,0.00705100,225,0.00650195,,,0.00791793,0.01725184,-0.00933391,0.02516977,1903,34605,warning_denominator_zero,warning_denominator_zero,success,exact-then-unique-porter-1.0.0,baek-smart-porter-1.0.0
S2023-362,0000080661,PGR,Progressive Corporation,0000080661-24-000007,2023,2024-02-26,1.0.3,0.3.0,1,17,0.69915690,24315,1199,11,0.00917431,success,17,0.03890160,13,0.02974828,10,0.02288330,2,0.00457666,15,0.03432494,437,success,3,13,0.00686499,0.02974828,-0.62500000,0.03661327,-0.02288330,63,success,2.64691824,2.54000000,0.68750570,1.38000000,4.72000000,159,237,78,0.67088608,107,55,warning_stem_collisions,2.83046490,2.76000000,0.81829482,1.26000000,5.00000000,9529,12522,2993,0.76098067,1738,2383,warning_stem_collisions,24135,10.09141835,1199,573,20.12927440,21.49251696,0.02399006,17,0.70437125,5112,0.17478716,1474219,163860,0.11115038,success,182,642,-0.55825243,538,0.02311096,289,0.01241462,53,0.00227673,338,0.01451952,205,0.00880622,,,0.00781821,0.02757850,-0.01976030,0.03539671,1839,23279,warning_stem_collisions,success,success,exact-then-unique-porter-1.0.0,baek-smart-porter-1.0.0
S2023-363,0001045609,PLD,Prologis,0000950170-24-014539,2023,2024-02-13,1.0.3,0.3.0,0,0,0.00000000,77043,3701,0,0.00000000,success,,,,,,,,,,,0,warning_denominator_zero,,,,,,,,,warning_denominator_zero,,,,,,0,0,0,,0,0,warning_denominator_zero,2.88707314,2.72000000,0.81620164,1.19000000,5.00000000,30039,39434,9395,0.76175382,1872,6742,warning_stem_collisions,76879,11.24998804,3701,1190,20.77249392,20.83083971,0.03298690,0,0.00000000,18672,0.19541397,9118636,502179,0.05507172,success,459,660,-0.17962466,960,0.01305022,414,0.00562791,114,0.00154971,349,0.00474430,380,0.00516571,,,0.00623963,0.00897202,-0.00273239,0.01521166,2837,73562,warning_denominator_zero,warning_denominator_zero,success,exact-then-unique-porter-1.0.0,baek-smart-porter-1.0.0
S2023-364,0001137774,PRU,Prudential Financial,0001137774-24-000045,2023,2024-02-21,1.0.3,0.3.0,1,23,0.15801913,145552,7095,12,0.00169133,success,20,0.06116208,7,0.02140673,10,0.03058104,0,0.00000000,1,0.00305810,327,success,2,21,0.00611621,0.06422018,-0.82608696,0.07033639,-0.05810398,50,success,2.56767442,2.52000000,0.65502649,1.42000000,4.57000000,129,183,54,0.70491803,80,29,warning_stem_collisions,2.83752219,2.74000000,0.79158571,1.19000000,5.00000000,59480,79648,20168,0.74678586,2685,14483,warning_stem_collisions,145489,11.88785576,7095,3192,20.50584919,22.42426674,0.03176185,23,0.15808755,47682,0.24683829,16755446,998734,0.05960653,success,746,2395,-0.52499204,2649,0.01910966,639,0.00460969,259,0.00186840,1892,0.01364873,750,0.00541044,,,0.00538158,0.01727732,-0.01189574,0.02265890,8149,138621,warning_stem_collisions,success,success,exact-then-unique-porter-1.0.0,baek-smart-porter-1.0.0
S2023-365,0000788784,PEG,Public Service Enterprise Group,0001628280-24-006885,2023,2024-02-26,1.0.3,0.3.0,1,13,0.17142480,75835,3921,10,0.00255037,success,11,0.03819444,10,0.03472222,11,0.03819444,0,0.00000000,4,0.01388889,288,success,1,11,0.00347222,0.03819444,-0.83333333,0.04166667,-0.03472222,37,success,2.82526882,2.82000000,0.73499117,1.52000000,4.50000000,93,146,53,0.63698630,68,36,warning_stem_collisions,2.89127372,2.82000000,0.80382532,1.19000000,5.00000000,29724,41681,11957,0.71313068,2370,7191,warning_stem_collisions,76271,11.24204807,3921,1824,19.45192553,19.45190649,0.03667187,13,0.17044486,14736,0.16192161,5980855,499891,0.08358186,success,304,1096,-0.56571429,1185,0.01640343,494,0.00683822,159,0.00220097,977,0.01352418,661,0.00914993,,,0.00420814,0.01517144,-0.01096330,0.01937958,4224,72241,warning_stem_collisions,success,success,exact-then-unique-porter-1.0.0,baek-smart-porter-1.0.0
S2023-366,0001393311,PSA,Public Storage,0001393311-24-000043,2023,2024-02-20,1.0.3,0.3.0,1,3,0.08075587,37149,1844,2,0.00108460,success,5,0.04098361,2,0.01639344,2,0.01639344,0,0.00000000,2,0.01639344,122,success,7,12,0.05737705,0.09836066,-0.26315789,0.15573770,-0.04098361,27,success,2.39614035,2.25000000,0.74243968,1.30000000,4.50000000,57,73,16,0.78082192,48,16,warning_stem_collisions,2.89175231,2.79000000,0.80000549,1.19000000,5.00000000,14712,19373,4661,0.75940742,1865,3223,warning_stem_collisions,37082,10.52088696,1844,817,20.10954447,20.70496504,0.04997034,3,0.08090179,12014,0.24470425,3365763,246921,0.07336256,success,233,582,-0.42822086,592,0.01707233,244,0.00703657,57,0.00164379,259,0.00746914,267,0.00769985,,,0.00671934,0.01678394,-0.01006460,0.02350329,1895,34676,warning_stem_collisions,success,success,exact-then-unique-porter-1.0.0,baek-smart-porter-1.0.0
S2023-367,0000822416,PHM,PulteGroup,0000822416-24-000010,2023,2024-02-05,1.0.3,0.3.0,1,1,0.02975393,33609,1647,1,0.00060716,success,0,0.00000000,0,0.00000000,0,0.00000000,0,0.00000000,0,0.00000000,59,success,0,6,0.00000000,0.10169492,-1.00000000,0.10169492,-0.10169492,6,success,2.72321429,2.42500000,0.87910691,1.67000000,4.93000000,28,36,8,0.77777778,25,5,warning_stem_collisions,2.86696281,2.76000000,0.80330751,1.26000000,5.00000000,13203,17442,4239,0.75696594,1764,3445,warning_stem_collisions,33501,10.41933057,1647,687,20.34061931,20.64145724,0.03790932,1,0.02984986,6123,0.15452756,1878184,223953,0.11923912,success,175,695,-0.59770115,512,0.01602955,245,0.00767039,47,0.00147146,401,0.01255440,280,0.00876616,,,0.00547885,0.02175887,-0.01628002,0.02723772,1945,31941,warning_stem_collisions,success,success,exact-then-unique-porter-1.0.0,baek-smart-porter-1.0.0
S2023-368,0001604778,QRVO,Qorvo,0001604778-23-000055,2023,2023-05-19,1.0.3,0.3.0,1,2,0.04690872,42636,2041,1,0.00048996,success,0,0.00000000,0,0.00000000,0,0.00000000,0,0.00000000,0,0.00000000,19,success,1,0,0.05263158,0.00000000,1.00000000,0.05263158,0.05263158,1,success,2.79600000,2.69500000,0.65912366,1.83000000,4.25000000,10,14,4,0.71428571,10,3,warning_stem_collisions,2.86651840,2.76000000,0.79963960,1.26000000,5.00000000,16794,22393,5599,0.74996651,2052,4202,warning_stem_collisions,42427,10.65554023,2041,969,20.78735914,20.33128079,0.03394065,2,0.04713979,6307,0.12941683,2222044,285222,0.12836019,success,264,792,-0.50000000,745,0.01841871,358,0.00885087,87,0.00215091,298,0.00736748,470,0.01161986,,,0.00652690,0.01958070,-0.01305380,0.02610759,2490,40448,warning_stem_collisions,success,success,exact-then-unique-porter-1.0.0,baek-smart-porter-1.0.0
S2023-369,0000804328,QCOM,Qualcomm,0000804328-23-000055,2023,2023-11-01,1.0.3,0.3.0,1,55,1.02181102,53826,2217,34,0.01533604,success,4,0.00307692,3,0.00230769,2,0.00153846,4,0.00307692,1,0.00076923,1300,success,21,5,0.01615385,0.00384615,0.61538462,0.02000000,0.01230769,37,success,2.98486622,2.86000000,0.88007348,1.23000000,5.00000000,598,842,244,0.71021378,328,114,warning_stem_collisions,2.87827157,2.81000000,0.81029558,1.19000000,5.00000000,20886,28333,7447,0.73716161,2261,5553,warning_stem_collisions,54099,10.89857098,2217,832,24.40189445,21.77217241,0.02574909,55,1.01665465,5384,0.09051326,1952791,365591,0.18721461,success,400,1297,-0.52857985,1048,0.02012675,647,0.01242558,66,0.00126752,564,0.01083157,415,0.00797004,,,0.00768197,0.02490878,-0.01722681,0.03259074,3572,52070,warning_stem_collisions,success,success,exact-then-unique-porter-1.0.0,baek-smart-porter-1.0.0
S2023-370,0001050915,PWR,Quanta Services,0001050915-24-000009,2023,2024-02-22,1.0.3,0.3.0,0,0,0.00000000,72165,2878,0,0.00000000,success,,,,,,,,,,,0,warning_denominator_zero,,,,,,,,,warning_denominator_zero,,,,,,0,0,0,,0,0,warning_denominator_zero,2.82711751,2.72000000,0.78421284,1.19000000,5.00000000,28295,37884,9589,0.74688523,2324,7419,warning_stem_collisions,71746,11.18088738,2878,1212,24.92911744,22.70193808,0.02475399,0,0.00000000,9465,0.11654825,2905452,487740,0.16787061,success,364,1828,-0.66788321,1434,0.02072374,706,0.01020290,130,0.00187872,1047,0.01513093,706,0.01020290,,,0.00526042,0.02641771,-0.02115729,0.03167813,5200,69196,warning_denominator_zero,warning_denominator_zero,success,exact-then-unique-porter-1.0.0,baek-smart-porter-1.0.0
S2023-371,0001022079,DGX,Quest Diagnostics,0001022079-24-000041,2023,2024-02-22,1.0.3,0.3.0,1,33,0.64810087,50918,2683,25,0.00931793,success,23,0.03397341,10,0.01477105,9,0.01329394,4,0.00590842,7,0.01033973,677,success,18,14,0.02658789,0.02067947,0.12500000,0.04726736,0.00590842,74,success,2.60087912,2.44000000,0.79163805,1.30000000,4.70000000,273,374,101,0.72994652,181,65,warning_stem_collisions,2.86078594,2.75000000,0.78144442,1.19000000,5.00000000,20803,27412,6609,0.75890121,2182,5140,warning_stem_collisions,50657,10.83283270,2683,1113,18.88073053,21.67068302,0.03077561,33,0.65144008,14506,0.22261099,2437932,347642,0.14259709,success,467,906,-0.31973780,765,0.01580448,299,0.00617718,79,0.00163210,442,0.00913148,317,0.00654905,,,0.00964796,0.01871746,-0.00906950,0.02836542,2760,48404,warning_stem_collisions,success,success,exact-then-unique-porter-1.0.0,baek-smart-porter-1.0.0
S2023-372,0000101829,RTX,RTX Corporation,0000101829-24-000008,2023,2024-02-05,1.0.3,0.3.0,1,3,0.04399795,68185,2979,3,0.00100705,success,2,0.02816901,0,0.00000000,1,0.01408451,0,0.00000000,0,0.00000000,71,success,1,2,0.01408451,0.02816901,-0.33333333,0.04225352,-0.01408451,5,success,2.64400000,2.52000000,0.68013528,1.63000000,4.57000000,25,33,8,0.75757576,18,8,warning_stem_collisions,2.88582955,2.81000000,0.80037203,1.26000000,5.00000000,26683,36619,9936,0.72866545,2211,7294,warning_stem_collisions,68470,11.13415097,2979,930,22.98422289,21.65506714,0.03381043,3,0.04381481,13955,0.16930543,3876208,462510,0.11932022,success,383,1391,-0.56820744,1204,0.01841007,495,0.00756892,105,0.00160553,1030,0.01574948,578,0.00883806,,,0.00585636,0.02126944,-0.01541308,0.02712580,4474,65399,warning_stem_collisions,success,success,exact-then-unique-porter-1.0.0,baek-smart-porter-1.0.0
S2023-373,0001037038,RL,Ralph Lauren Corporation,0001037038-23-000015,2023,2023-05-25,1.0.3,0.3.0,1,10,0.14175751,70543,3116,5,0.00160462,success,3,0.01071429,1,0.00357143,0,0.00000000,0,0.00000000,0,0.00000000,280,success,10,0,0.03571429,0.00000000,1.00000000,0.03571429,0.03571429,14,success,2.82871212,2.66000000,0.73092553,1.57000000,4.80000000,132,186,54,0.70967742,92,37,warning_stem_collisions,2.89929183,2.79000000,0.83303053,1.19000000,5.00000000,28750,38042,9292,0.75574365,2518,6299,warning_stem_collisions,70461,11.16281464,3116,1330,22.61264442,20.90492784,0.03127972,10,0.14192248,11410,0.13936559,3851988,474310,0.12313382,success,492,1351,-0.46608790,1025,0.01529143,412,0.00614641,115,0.00171562,389,0.00580329,510,0.00760842,,,0.00733989,0.02015485,-0.01281497,0.02749474,3664,67031,warning_stem_collisions,success,success,exact-then-unique-porter-1.0.0,baek-smart-porter-1.0.0
S2023-374,0000720005,RJF,Raymond James Financial,0000720005-23-000079,2023,2023-11-21,1.0.3,0.3.0,1,1,0.01243766,80401,3825,1,0.00026144,success,1,0.02564103,0,0.00000000,0,0.00000000,0,0.00000000,0,0.00000000,39,success,1,1,0.02564103,0.02564103,0.00000000,0.05128205,0.00000000,3,success,2.71368421,2.71000000,0.59030956,1.63000000,4.04000000,19,22,3,0.86363636,17,3,warning_stem_collisions,2.87116295,2.74000000,0.80694854,1.26000000,5.00000000,32194,43198,11004,0.74526598,2229,7551,warning_stem_collisions,80485,11.29582611,3825,1317,21.04183007,21.53128659,0.02424054,1,0.01242468,20223,0.20080828,7142063,540398,0.07566413,success,279,1418,-0.67118444,1329,0.01720477,557,0.00721073,90,0.00116511,784,0.01014939,677,0.00876421,,,0.00361184,0.01835694,-0.01474510,0.02196878,4385,77246,warning_stem_collisions,success,success,exact-then-unique-porter-1.0.0,baek-smart-porter-1.0.0
S2023-375,0000726728,O,Realty Income,0000726728-24-000047,2023,2024-02-21,1.0.3,0.3.0,0,0,0.00000000,47321,2223,0,0.00000000,success,,,,,,,,,,,0,warning_denominator_zero,,,,,,,,,warning_denominator_zero,,,,,,0,0,0,,0,0,warning_denominator_zero,2.84995224,2.74000000,0.78282711,1.30000000,5.00000000,18425,24208,5783,0.76111203,1882,4323,warning_stem_collisions,47084,10.75968852,2223,984,21.18038686,21.24702108,0.03803840,0,0.00000000,16720,0.26205254,3780884,309855,0.08195306,success,227,720,-0.52059134,846,0.01888772,426,0.00951084,91,0.00203166,306,0.00683173,371,0.00828291,,,0.00506798,0.01607466,-0.01100668,0.02114264,2450,44791,warning_denominator_zero,warning_denominator_zero,success,exact-then-unique-porter-1.0.0,baek-smart-porter-1.0.0
S2023-376,0000910606,REG,Regency Centers,0000950170-24-016260,2023,2024-02-16,1.0.3,0.3.0,1,17,0.21643919,78544,3452,11,0.00318656,success,16,0.05280528,8,0.02640264,11,0.03630363,0,0.00000000,7,0.02310231,303,success,2,12,0.00660066,0.03960396,-0.71428571,0.04620462,-0.03300330,45,success,2.72483051,2.62500000,0.79210269,1.62000000,4.79000000,118,158,40,0.74683544,79,26,warning_stem_collisions,2.89229599,2.79000000,0.81156189,1.26000000,5.00000000,31163,41526,10363,0.75044550,1988,7741,warning_stem_collisions,78439,11.27007653,3452,1409,22.72276941,22.22708843,0.02791978,17,0.21672892,27439,0.25915677,15519329,522492,0.03366718,success,432,861,-0.33178654,1186,0.01578282,537,0.00714618,180,0.00239537,382,0.00508351,497,0.00661388,,,0.00574889,0.01145785,-0.00570896,0.01720673,3368,75145,warning_stem_collisions,success,success,exact-then-unique-porter-1.0.0,baek-smart-porter-1.0.0
S2023-377,0000872589,REGN,Regeneron Pharmaceuticals,0001804220-24-000009,2023,2024-02-05,1.0.3,0.3.0,1,8,0.10703343,74743,3114,6,0.00192678,success,12,0.05263158,11,0.04824561,8,0.03508772,0,0.00000000,2,0.00877193,228,success,1,15,0.00438596,0.06578947,-0.87500000,0.07017544,-0.06140351,36,success,2.73724771,2.61000000,0.75464661,1.50000000,4.48000000,109,133,24,0.81954887,67,16,warning_stem_collisions,2.86853158,2.76000000,0.79691542,1.04000000,5.00000000,27356,38590,11234,0.70888831,2586,7421,warning_stem_collisions,74891,11.22378900,3114,1193,24.04977521,22.55516057,0.02467586,8,0.10682191,15950,0.17558151,3327870,500157,0.15029343,success,754,1733,-0.39364696,1413,0.01963318,825,0.01146311,193,0.00268167,1277,0.01774350,688,0.00955954,,,0.01047659,0.02407948,-0.01360289,0.03455607,5738,71970,warning_stem_collisions,success,success,exact-then-unique-porter-1.0.0,baek-smart-porter-1.0.0
S2023-378,0001281761,RF,Regions Financial Corporation,0001281761-24-000010,2023,2024-02-23,1.0.3,0.3.0,1,3,0.03560535,84257,4126,2,0.00048473,success,5,0.06756757,1,0.01351351,3,0.04054054,0,0.00000000,0,0.00000000,74,success,1,3,0.01351351,0.04054054,-0.50000000,0.05405405,-0.02702703,9,success,2.61500000,2.52000000,0.59546480,1.63000000,4.25000000,30,42,12,0.71428571,28,11,warning_stem_collisions,2.84166564,2.72000000,0.80380213,1.19000000,5.00000000,34107,46032,11925,0.74094108,2595,9170,warning_stem_collisions,84092,11.33966672,4126,1742,20.38099855,21.15314320,0.02588831,3,0.03567521,19582,0.18888053,7585188,568371,0.07493170,success,337,1877,-0.69557362,1812,0.02245687,725,0.00898523,173,0.00214406,890,0.01103014,768,0.00951814,,,0.00417658,0.02326244,-0.01908586,0.02743902,5620,80688,warning_stem_collisions,success,success,exact-then-unique-porter-1.0.0,baek-smart-porter-1.0.0
S2023-379,0001060391,RSG,Republic Services,0001060391-24-000142,2023,2024-02-29,1.0.3,0.3.0,0,0,0.00000000,64968,3266,0,0.00000000,success,,,,,,,,,,,0,warning_denominator_zero,,,,,,,,,warning_denominator_zero,,,,,,0,0,0,,0,0,warning_denominator_zero,2.90247138,2.82000000,0.81360850,1.19000000,5.00000000,25856,34047,8191,0.75942080,2390,6433,warning_stem_collisions,64671,11.07706816,3266,1352,19.80128598,20.53462146,0.03629138,0,0.00000000,11580,0.15186686,3497189,434013,0.12410339,success,398,1004,-0.43223966,1098,0.01782178,505,0.00819672,162,0.00262944,719,0.01167018,617,0.01001461,,,0.00645999,0.01629606,-0.00983607,0.02275605,3830,61610,warning_denominator_zero,warning_denominator_zero,success,exact-then-unique-porter-1.0.0,baek-smart-porter-1.0.0
S2023-380,0000943819,RMD,ResMed,0000943819-23-000011,2023,2023-08-11,1.0.3,0.3.0,1,14,0.25645253,54591,2664,9,0.00337838,success,11,0.04400000,4,0.01600000,8,0.03200000,0,0.00000000,2,0.00800000,250,success,2,10,0.00800000,0.04000000,-0.66666667,0.04800000,-0.03200000,29,success,2.49179487,2.44000000,0.64389389,1.57000000,4.10000000,78,122,44,0.63934426,60,28,warning_stem_collisions,2.86466660,2.79000000,0.78565291,1.19000000,5.00000000,21356,28539,7183,0.74830933,2484,5038,warning_stem_collisions,54601,10.90780748,2664,1036,20.49587087,19.72583390,0.03265508,14,0.25640556,8714,0.13762931,2408245,361814,0.15023970,success,309,1323,-0.62132353,912,0.01745087,559,0.01069631,131,0.00250665,774,0.01481028,511,0.00977785,,,0.00591263,0.02531524,-0.01940261,0.03122788,3735,52261,warning_stem_collisions,success,success,exact-then-unique-porter-1.0.0,baek-smart-porter-1.0.0
S2023-381,0000315213,RHI,Robert Half,0000315213-24-000011,2023,2024-02-20,1.0.3,0.3.0,1,37,1.31005913,28243,1332,26,0.01951952,success,36,0.03266788,27,0.02450091,19,0.01724138,4,0.00362976,4,0.00362976,1102,success,12,35,0.01088929,0.03176044,-0.48936170,0.04264973,-0.02087114,115,success,2.72758542,2.55000000,0.79252177,1.33000000,4.93000000,439,628,189,0.69904459,243,132,warning_stem_collisions,2.89290129,2.82000000,0.80160720,1.26000000,5.00000000,11519,15491,3972,0.74359305,1728,2783,warning_stem_collisions,28198,10.24700633,1332,489,21.16966967,21.94442788,0.03220087,37,1.31214980,5060,0.15214385,1563984,194928,0.12463555,success,166,689,-0.61169591,442,0.01654377,199,0.00744844,55,0.00205861,479,0.01792866,184,0.00688700,,,0.00621327,0.02578882,-0.01957555,0.03200210,1862,26717,warning_stem_collisions,success,success,exact-then-unique-porter-1.0.0,baek-smart-porter-1.0.0
S2023-382,0001024478,ROK,Rockwell Automation,0001024478-23-000126,2023,2023-11-08,1.0.3,0.3.0,1,3,0.08423417,35615,2004,3,0.00149701,success,0,0.00000000,1,0.01369863,0,0.00000000,0,0.00000000,1,0.01369863,73,success,3,0,0.04109589,0.00000000,1.00000000,0.04109589,0.04109589,5,success,2.89761905,2.79000000,0.73625115,1.69000000,4.55000000,42,56,14,0.75000000,37,7,warning_stem_collisions,2.89073271,2.80000000,0.79487677,1.19000000,5.00000000,14576,18891,4315,0.77158435,1699,3366,warning_stem_collisions,35419,10.47500368,2004,869,17.67415170,19.97538796,0.03746577,3,0.08470030,10549,0.22948573,3034259,239186,0.07882847,success,186,527,-0.47826087,609,0.01805943,188,0.00557500,51,0.00151237,318,0.00943005,284,0.00842180,,,0.00551569,0.01562778,-0.01011209,0.02114347,1808,33722,warning_stem_collisions,success,success,exact-then-unique-porter-1.0.0,baek-smart-porter-1.0.0
S2023-383,0000084839,ROL,"Rollins, Inc.",0000084839-24-000025,2023,2024-02-15,1.0.3,0.3.0,0,0,0.00000000,36103,1711,0,0.00000000,success,,,,,,,,,,,0,warning_denominator_zero,,,,,,,,,warning_denominator_zero,,,,,,0,0,0,,0,0,warning_denominator_zero,2.85968906,2.78000000,0.80796204,1.19000000,5.00000000,14247,18967,4720,0.75114673,1877,3433,warning_stem_collisions,36037,10.49230147,1711,693,21.06195207,20.80408262,0.03821073,0,0.00000000,5271,0.12760240,1818336,242314,0.13326140,success,275,662,-0.41302028,575,0.01681778,241,0.00704884,97,0.00283709,460,0.01345423,244,0.00713659,,,0.00804329,0.01936239,-0.01131910,0.02740567,2153,34190,warning_denominator_zero,warning_denominator_zero,success,exact-then-unique-porter-1.0.0,baek-smart-porter-1.0.0
S2023-384,0000882835,ROP,Roper Technologies,0000882835-24-000008,2023,2024-02-22,1.0.3,0.3.0,1,13,0.41954431,30986,1520,9,0.00592105,success,9,0.03383459,5,0.01879699,8,0.03007519,1,0.00375940,2,0.00751880,266,success,1,19,0.00375940,0.07142857,-0.90000000,0.07518797,-0.06766917,35,success,2.38233333,2.20500000,0.69000169,1.30000000,4.48000000,90,137,47,0.65693431,71,35,warning_stem_collisions,2.87940458,2.80000000,0.80739545,1.19000000,5.00000000,11790,16114,4324,0.73166191,1608,2956,warning_stem_collisions,30683,10.33146403,1520,684,20.18618421,21.30567085,0.04823518,13,0.42368738,6117,0.16622283,2179562,209423,0.09608490,success,157,590,-0.57965194,507,0.01757853,199,0.00689966,48,0.00166424,273,0.00946536,258,0.00894529,,,0.00544345,0.02045628,-0.01501283,0.02589973,1710,28842,warning_stem_collisions,success,success,exact-then-unique-porter-1.0.0,baek-smart-porter-1.0.0
S2023-385,0000745732,ROST,Ross Stores,0000745732-23-000013,2023,2023-03-28,1.0.3,0.3.0,0,0,0.00000000,24725,1272,0,0.00000000,success,,,,,,,,,,,0,warning_denominator_zero,,,,,,,,,warning_denominator_zero,,,,,,0,0,0,,0,0,warning_denominator_zero,2.97828378,2.89000000,0.86220337,1.19000000,5.00000000,10057,13071,3014,0.76941320,1570,2251,warning_stem_collisions,24708,10.11488236,1272,460,19.42452830,19.64080534,0.04702930,0,0.00000000,5092,0.17087248,1455660,164184,0.11279007,success,142,468,-0.53442623,394,0.01698422,218,0.00939736,34,0.00146564,172,0.00741443,154,0.00663850,,,0.00612122,0.02017415,-0.01405294,0.02629537,1301,23198,warning_denominator_zero,warning_denominator_zero,success,exact-then-unique-porter-1.0.0,baek-smart-porter-1.0.0
S2023-386,0000884887,RCL,Royal Caribbean Group,0000884887-24-000075,2023,2024-02-21,1.0.3,0.3.0,1,2,0.03404487,58746,2819,2,0.00070947,success,0,0.00000000,0,0.00000000,0,0.00000000,0,0.00000000,0,0.00000000,88,success,1,0,0.01136364,0.00000000,1.00000000,0.01136364,0.01136364,1,success,2.84050000,2.87000000,0.66966018,1.52000000,4.53000000,40,52,12,0.76923077,34,10,warning_stem_collisions,2.92130480,2.82000000,0.82774463,1.26000000,5.00000000,23130,30380,7250,0.76135616,2234,5245,warning_stem_collisions,58557,10.97775592,2819,1182,20.77225967,20.52785004,0.03876565,2,0.03415476,13802,0.19074338,3075313,385360,0.12530757,success,333,910,-0.46419952,981,0.01761094,365,0.00655249,161,0.00289028,458,0.00822203,490,0.00879650,,,0.00597803,0.01633635,-0.01035832,0.02231438,3122,55704,warning_stem_collisions,success,success,exact-then-unique-porter-1.0.0,baek-smart-porter-1.0.0
S2023-387,0000064040,SPGI,S&P Global,0000064040-24-000071,2023,2024-02-09,1.0.3,0.3.0,1,33,0.51870481,63620,2868,23,0.00801953,success,20,0.02656042,18,0.02390438,18,0.02390438,2,0.00265604,1,0.00132802,753,success,8,32,0.01062417,0.04249668,-0.60000000,0.05312085,-0.03187251,80,success,2.54148148,2.37500000,0.74823151,1.26000000,4.93000000,270,407,137,0.66339066,164,99,warning_stem_collisions,2.85795309,2.78000000,0.77892844,1.26000000,5.00000000,25067,33930,8863,0.73878574,2186,6427,warning_stem_collisions,63065,11.05192122,2868,1387,21.98919107,21.00463593,0.04515976,33,0.52326964,11350,0.15252301,4089706,424394,0.10377127,success,423,1116,-0.45029240,1007,0.01696886,430,0.00724589,90,0.00151658,753,0.01268873,442,0.00744810,,,0.00712793,0.01880561,-0.01167768,0.02593354,3616,59344,warning_stem_collisions,success,success,exact-then-unique-porter-1.0.0,baek-smart-porter-1.0.0
S2023-388,0001034054,SBAC,SBA Communications,0001034054-24-000002,2023,2024-02-28,1.0.3,0.3.0,0,0,0.00000000,53511,2501,0,0.00000000,success,,,,,,,,,,,0,warning_denominator_zero,,,,,,,,,warning_denominator_zero,,,,,,0,0,0,,0,0,warning_denominator_zero,2.92694861,2.82000000,0.82555620,1.19000000,5.00000000,21092,27796,6704,0.75881422,1899,4825,warning_stem_collisions,53383,10.88524762,2501,1038,21.34466214,20.34835947,0.04422756,0,0.00000000,9951,0.15711940,10661716,348673,0.03270327,success,212,667,-0.51763367,830,0.01645878,406,0.00805092,193,0.00382716,393,0.00779313,478,0.00947867,,,0.00420393,0.01322652,-0.00902259,0.01743045,2661,50429,warning_denominator_zero,warning_denominator_zero,success,exact-then-unique-porter-1.0.0,baek-smart-porter-1.0.0
S2023-389,0001108524,CRM,Salesforce,0001108524-23-000011,2023,2023-03-08,1.0.3,0.3.0,1,24,0.45522657,52721,2338,20,0.00855432,success,17,0.03400000,2,0.00400000,10,0.02000000,1,0.00200000,4,0.00800000,500,success,13,11,0.02600000,0.02200000,0.08333333,0.04800000,0.00400000,47,success,2.74347594,2.61000000,0.75717191,1.30000000,4.64000000,187,286,99,0.65384615,141,68,warning_stem_collisions,2.85400392,2.74000000,0.80636305,1.19000000,5.00000000,20897,27884,6987,0.74942619,2236,5470,warning_stem_collisions,52548,10.86948232,2338,1080,22.47562019,21.62335662,0.02194184,24,0.45672528,6837,0.11513008,3028258,355641,0.11744079,success,408,1189,-0.48904195,1176,0.02315872,636,0.01252462,71,0.00139819,650,0.01280032,454,0.00894053,,,0.00803466,0.02341473,-0.01538007,0.03144939,3713,50780,warning_stem_collisions,success,success,exact-then-unique-porter-1.0.0,baek-smart-porter-1.0.0
S2023-390,0000087347,SLB,Schlumberger,0000950170-24-006884,2023,2024-01-24,1.0.3,0.3.0,1,7,0.21051365,33252,1624,6,0.00369458,success,2,0.00970874,0,0.00000000,1,0.00485437,0,0.00000000,0,0.00000000,206,success,5,7,0.02427184,0.03398058,-0.16666667,0.05825243,-0.00970874,14,success,2.89160920,2.86000000,0.70954393,1.62000000,4.57000000,87,119,32,0.73109244,66,22,warning_stem_collisions,2.91478115,2.85000000,0.82105677,1.26000000,5.00000000,12497,17563,5066,0.71155270,1649,3388,warning_stem_collisions,32841,10.39943301,1624,679,20.22229064,20.31835133,0.04686215,7,0.21314820,7730,0.19053018,4995477,220211,0.04408208,success,254,431,-0.25839416,527,0.01716053,182,0.00592641,57,0.00185607,228,0.00742429,203,0.00661022,,,0.00827092,0.01403452,-0.00576359,0.02230544,1624,30710,warning_stem_collisions,success,success,exact-then-unique-porter-1.0.0,baek-smart-porter-1.0.0
S2023-391,0001137789,STX,Seagate Technology,0001137789-23-000049,2023,2023-08-04,1.0.3,0.3.0,1,10,0.20512400,48751,2312,6,0.00259516,success,1,0.00581395,0,0.00000000,0,0.00000000,1,0.00581395,0,0.00000000,172,success,1,1,0.00581395,0.00581395,0.00000000,0.01162791,0.00000000,4,success,3.30506173,3.24000000,0.89085771,1.75000000,4.93000000,81,107,26,0.75700935,61,13,warning_stem_collisions,2.90010554,2.82000000,0.80941292,1.04000000,5.00000000,19235,25464,6229,0.75538014,2181,4585,warning_stem_collisions,48581,10.79098779,2312,970,21.01254325,20.43329668,0.03289352,10,0.20584179,11366,0.18960081,2929764,321524,0.10974399,success,262,1175,-0.63535143,923,0.01987939,490,0.01055352,148,0.00318759,529,0.01139350,435,0.00936894,,,0.00564290,0.02530691,-0.01966401,0.03094982,3285,46430,warning_stem_collisions,success,success,exact-then-unique-porter-1.0.0,baek-smart-porter-1.0.0
S2023-392,0001032208,SRE,Sempra,0001032208-24-000007,2023,2024-02-27,1.0.3,0.3.0,0,0,0.00000000,108236,5458,0,0.00000000,success,,,,,,,,,,,0,warning_denominator_zero,,,,,,,,,warning_denominator_zero,,,,,,0,0,0,,0,0,warning_denominator_zero,2.88072013,2.79000000,0.79797043,1.17000000,5.00000000,40729,57920,17191,0.70319406,2517,9585,warning_stem_collisions,108042,11.59027532,5458,2861,19.79516306,20.35464118,0.04478814,0,0.00000000,29292,0.21329023,9727301,708753,0.07286225,success,355,1623,-0.64105157,1708,0.01682079,766,0.00754375,185,0.00182192,1470,0.01447691,788,0.00776041,,,0.00349612,0.01598369,-0.01248757,0.01947982,5841,101541,warning_denominator_zero,warning_denominator_zero,success,exact-then-unique-porter-1.0.0,baek-smart-porter-1.0.0
S2023-393,0001373715,NOW,ServiceNow,0001373715-24-000030,2023,2024-01-25,1.0.3,0.3.0,1,48,1.14149822,42050,1957,29,0.01481860,success,8,0.00868621,15,0.01628664,7,0.00760043,2,0.00217155,2,0.00217155,921,success,15,10,0.01628664,0.01085776,0.20000000,0.02714441,0.00542888,47,success,2.91276762,2.72000000,0.80204514,1.30000000,4.93000000,383,557,174,0.68761221,200,103,warning_stem_collisions,2.83814140,2.75000000,0.78441723,1.19000000,5.00000000,16690,22082,5392,0.75581922,2087,4260,warning_stem_collisions,41938,10.64394762,1957,851,21.42973940,20.96387304,0.02742143,48,1.14454671,5352,0.11317403,1911981,283009,0.14801873,success,316,943,-0.49801430,788,0.01955384,430,0.01067024,106,0.00263034,475,0.01178689,308,0.00764287,,,0.00784139,0.02340008,-0.01555870,0.03124147,2801,40299,warning_stem_collisions,success,success,exact-then-unique-porter-1.0.0,baek-smart-porter-1.0.0
S2023-394,0000089800,SHW,Sherwin-Williams,0000089800-24-000033,2023,2024-02-20,1.0.3,0.3.0,0,0,0.00000000,47627,2187,0,0.00000000,success,,,,,,,,,,,0,warning_denominator_zero,,,,,,,,,warning_denominator_zero,,,,,,0,0,0,,0,0,warning_denominator_zero,2.92839859,2.85000000,0.84174886,1.19000000,5.00000000,19052,25326,6274,0.75227039,1947,4478,warning_stem_collisions,47359,10.76551215,2187,854,21.65477824,21.63694400,0.04128043,0,0.00000000,10900,0.18709556,2921320,320577,0.10973704,success,198,1032,-0.67804878,741,0.01658200,295,0.00660147,66,0.00147694,621,0.01389666,329,0.00736232,,,0.00443082,0.02309396,-0.01866315,0.02752478,2716,44687,warning_denominator_zero,warning_denominator_zero,success,exact-then-unique-porter-1.0.0,baek-smart-porter-1.0.0
S2023-395,0001063761,SPG,Simon Property Group,0001558370-24-001532,2023,2024-02-22,1.0.3,0.3.0,0,0,0.00000000,60189,3632,0,0.00000000,success,,,,,,,,,,,0,warning_denominator_zero,,,,,,,,,warning_denominator_zero,,,,,,0,0,0,,0,0,warning_denominator_zero,2.90128524,2.82000000,0.81127145,1.19000000,5.00000000,23233,30777,7544,0.75488189,1780,5023,warning_stem_collisions,60070,11.00326583,3632,1164,16.53909692,20.27767541,0.04105211,0,0.00000000,36189,0.37595446,10716918,393340,0.03670272,success,326,741,-0.38894096,831,0.01460868,431,0.00757682,114,0.00200408,247,0.00434217,424,0.00745377,,,0.00573096,0.01302651,-0.00729555,0.01875747,2576,56884,warning_denominator_zero,warning_denominator_zero,success,exact-then-unique-porter-1.0.0,baek-smart-porter-1.0.0
S2023-396,0000004127,SWKS,Skyworks Solutions,0000004127-23-000030,2023,2023-11-17,1.0.3,0.3.0,1,5,0.14708478,33994,1579,4,0.00253325,success,1,0.01086957,0,0.00000000,0,0.00000000,1,0.01086957,1,0.01086957,92,success,3,0,0.03260870,0.00000000,1.00000000,0.03260870,0.03260870,6,success,2.98275000,2.93000000,0.76671047,1.47000000,4.93000000,40,54,14,0.74074074,37,7,warning_stem_collisions,2.88381746,2.81000000,0.81816299,1.26000000,5.00000000,13619,17796,4177,0.76528433,2020,3290,warning_stem_collisions,33848,10.42963519,1579,771,21.43635212,21.05872278,0.02720988,5,0.14771922,5131,0.13163498,1605920,230217,0.14335521,success,230,697,-0.50377562,686,0.02111744,385,0.01185162,66,0.00203171,344,0.01058950,333,0.01025089,,,0.00708019,0.02145606,-0.01437587,0.02853625,2226,32485,warning_stem_collisions,success,success,exact-then-unique-porter-1.0.0,baek-smart-porter-1.0.0
S2023-397,0000091440,SNA,Snap-on,0000091440-24-000005,2023,2024-02-16,1.0.3,0.3.0,1,5,0.10228923,48881,2295,3,0.00130719,success,3,0.02027027,5,0.03378378,3,0.02027027,0,0.00000000,1,0.00675676,148,success,1,7,0.00675676,0.04729730,-0.75000000,0.05405405,-0.04054054,15,success,2.49711538,2.44000000,0.65945297,1.50000000,4.57000000,52,77,25,0.67532468,47,20,warning_stem_collisions,2.92604555,2.86000000,0.80844675,1.04000000,5.00000000,19626,26716,7090,0.73461596,1978,4868,warning_stem_collisions,48674,10.79290029,2295,892,21.20871460,21.02772794,0.04240457,5,0.10272425,12178,0.20012489,3922761,332571,0.08477983,success,290,753,-0.44391179,738,0.01631444,255,0.00563710,58,0.00128216,363,0.00802458,284,0.00627819,,,0.00641082,0.01664603,-0.01023521,0.02305686,2361,45236,warning_stem_collisions,success,success,exact-then-unique-porter-1.0.0,baek-smart-porter-1.0.0
S2023-398,0000092122,SO,Southern Company,0000092122-24-000009,2023,2024-02-15,1.0.3,0.3.0,0,0,0.00000000,135025,6942,0,0.00000000,success,,,,,,,,,,,0,warning_denominator_zero,,,,,,,,,warning_denominator_zero,,,,,,0,0,0,,0,0,warning_denominator_zero,2.94148464,2.86000000,0.81415874,1.26000000,5.00000000,56431,76007,19576,0.74244477,2467,11879,warning_stem_collisions,134389,11.80849386,6942,3575,19.35883031,20.91048111,0.04922278,0,0.00000000,39282,0.22618629,15223021,903000,0.05931806,success,349,1439,-0.60961969,1408,0.01119237,538,0.00427663,246,0.00195548,1680,0.01335453,849,0.00674881,,,0.00277424,0.01143879,-0.00866455,0.01421304,5684,125800,warning_denominator_zero,warning_denominator_zero,success,exact-then-unique-porter-1.0.0,baek-smart-porter-1.0.0
S2023-399,0000092380,LUV,Southwest Airlines,0000092380-24-000027,2023,2024-02-06,1.0.3,0.3.0,1,8,0.10721130,74619,3104,7,0.00225515,success,3,0.01744186,3,0.01744186,2,0.01162791,1,0.00581395,0,0.00000000,172,success,5,4,0.02906977,0.02325581,0.11111111,0.05232558,0.00581395,16,success,2.61956522,2.56000000,0.75031672,1.52000000,4.57000000,69,99,30,0.69696970,53,21,warning_stem_collisions,2.98528612,2.87000000,0.85346105,1.19000000,5.00000000,29778,40294,10516,0.73901822,2735,7190,warning_stem_collisions,74678,11.22094082,3104,1120,24.05863402,21.81123028,0.03361097,8,0.10712660,10125,0.11939436,2921151,503125,0.17223519,success,499,1466,-0.49211196,1135,0.01611323,483,0.00685700,179,0.00254121,865,0.01228013,606,0.00860319,,,0.00708414,0.02081233,-0.01372819,0.02789648,4454,70439,warning_stem_collisions,success,success,exact-then-unique-porter-1.0.0,baek-smart-porter-1.0.0
S2023-400,0000093556,SWK,Stanley Black & Decker,0000093556-24-000032,2023,2024-02-27,1.0.3,0.3.0,1,1,0.01676530,59647,2590,1,0.00038610,success,4,0.05333333,3,0.04000000,4,0.05333333,1,0.01333333,2,0.02666667,75,success,0,4,0.00000000,0.05333333,-1.00000000,0.05333333,-0.05333333,14,success,2.70433333,2.58500000,0.72182492,1.50000000,4.31000000,30,44,14,0.68181818,25,14,warning_stem_collisions,2.92607531,2.82000000,0.82863201,1.04000000,5.00000000,23528,31811,8283,0.73961837,2304,5804,warning_stem_collisions,59311,10.99055007,2590,959,22.90000000,21.82404303,0.04705704,1,0.01686028,12404,0.17296242,3391063,399085,0.11768729,success,402,1176,-0.49049430,942,0.01701805,345,0.00623272,115,0.00207757,631,0.01139956,402,0.00726248,,,0.00726248,0.02124546,-0.01398298,0.02850794,3460,55353,warning_stem_collisions,success,success,exact-then-unique-porter-1.0.0,baek-smart-porter-1.0.0
S2023-401,0000829224,SBUX,Starbucks,0000829224-23-000058,2023,2023-11-17,1.0.3,0.3.0,1,2,0.04772586,41906,1855,2,0.00107817,success,2,0.07142857,0,0.00000000,1,0.03571429,0,0.00000000,0,0.00000000,28,success,0,1,0.00000000,0.03571429,-1.00000000,0.03571429,-0.03571429,3,success,2.72285714,2.93000000,0.45982028,1.63000000,3.24000000,14,19,5,0.73684211,8,4,warning_stem_collisions,2.90678429,2.80000000,0.85402872,1.19000000,5.00000000,17004,22345,5341,0.76097561,2065,3991,warning_stem_collisions,41720,10.63873591,1855,876,22.49056604,21.24820669,0.03082454,2,0.04793864,8511,0.16943720,3026735,281061,0.09285947,success,289,804,-0.47118024,769,0.01930657,333,0.00836032,71,0.00178253,335,0.00841053,336,0.00843564,,,0.00725566,0.02018528,-0.01292963,0.02744094,2411,39831,warning_stem_collisions,success,success,exact-then-unique-porter-1.0.0,baek-smart-porter-1.0.0
S2023-402,0000093751,STT,State Street Corporation,0000093751-24-000498,2023,2024-02-15,1.0.3,0.3.0,1,10,0.09025760,110794,4915,8,0.00162767,success,13,0.04452055,1,0.00342466,5,0.01712329,1,0.00342466,8,0.02739726,292,success,5,5,0.01712329,0.01712329,0.00000000,0.03424658,0.00000000,30,success,2.84335821,2.56500000,0.84810495,1.63000000,4.75000000,134,173,39,0.77456647,69,36,warning_stem_collisions,2.85842229,2.72000000,0.81925247,1.26000000,5.00000000,44983,59010,14027,0.76229453,2638,10048,warning_stem_collisions,110500,11.61277080,4915,2486,22.48219736,21.84305362,0.03218100,10,0.09049774,21442,0.16251080,7944638,743269,0.09355606,success,515,2113,-0.60806697,2689,0.02551597,857,0.00813209,177,0.00167956,1197,0.01135835,954,0.00905252,,,0.00488684,0.02005029,-0.01516345,0.02493714,7362,105385,warning_stem_collisions,success,success,exact-then-unique-porter-1.0.0,baek-smart-porter-1.0.0
S2023-403,0001022671,STLD,Steel Dynamics,0001558370-24-002152,2023,2024-02-29,1.0.3,0.3.0,0,0,0.00000000,43351,2096,0,0.00000000,success,,,,,,,,,,,0,warning_denominator_zero,,,,,,,,,warning_denominator_zero,,,,,,0,0,0,,0,0,warning_denominator_zero,3.00113147,2.89000000,0.87732652,1.19000000,5.00000000,17243,23151,5908,0.74480584,1921,4439,warning_stem_collisions,43025,10.66953662,2096,646,20.52719466,20.81320402,0.04750726,0,0.00000000,6914,0.13844891,3525538,291282,0.08262058,success,260,618,-0.40774487,632,0.01566023,246,0.00609560,78,0.00193275,326,0.00807790,374,0.00926729,,,0.00644250,0.01531333,-0.00887083,0.02175583,2152,40357,warning_denominator_zero,warning_denominator_zero,success,exact-then-unique-porter-1.0.0,baek-smart-porter-1.0.0
S2023-404,0001757898,STE,Steris,0001757898-23-000005,2023,2023-05-26,1.0.3,0.3.0,0,0,0.00000000,52242,2610,0,0.00000000,success,,,,,,,,,,,0,warning_denominator_zero,,,,,,,,,warning_denominator_zero,,,,,,0,0,0,,0,0,warning_denominator_zero,2.86369185,2.76000000,0.79512502,1.19000000,5.00000000,21003,27900,6897,0.75279570,2111,5073,warning_stem_collisions,52144,10.86176440,2610,1035,19.97854406,20.37417879,0.03333078,0,0.00000000,10881,0.17264578,4085622,351138,0.08594481,success,236,1079,-0.64106464,903,0.01811289,393,0.00788302,110,0.00220644,622,0.01247643,451,0.00904642,,,0.00473382,0.02164320,-0.01690938,0.02637702,3196,49854,warning_denominator_zero,warning_denominator_zero,success,exact-then-unique-porter-1.0.0,baek-smart-porter-1.0.0
S2023-405,0000310764,SYK,Stryker Corporation,0000310764-24-000024,2023,2024-02-14,1.0.3,0.3.0,1,3,0.10096251,29714,1633,2,0.00122474,success,4,0.02919708,0,0.00000000,3,0.02189781,0,0.00000000,0,0.00000000,137,success,1,3,0.00729927,0.02189781,-0.50000000,0.02919708,-0.01459854,8,success,2.82883333,2.63000000,0.82275977,1.71000000,4.87000000,60,79,19,0.75949367,52,17,warning_stem_collisions,2.84310313,2.74000000,0.80800235,1.26000000,5.00000000,11830,15755,3925,0.75087274,1755,2963,warning_stem_collisions,29594,10.29532692,1633,556,18.12247397,20.54128396,0.03216868,3,0.10137190,11445,0.27888106,2662406,199735,0.07502049,success,202,626,-0.51207729,576,0.02032033,261,0.00920765,65,0.00229309,373,0.01315882,252,0.00889014,,,0.00712623,0.02208424,-0.01495802,0.02921047,1929,28346,warning_stem_collisions,success,success,exact-then-unique-porter-1.0.0,baek-smart-porter-1.0.0
S2023-406,0001601712,SYF,Synchrony Financial,0001601712-24-000047,2023,2024-02-08,1.0.3,0.3.0,1,2,0.02712416,73735,3058,2,0.00065402,success,1,0.00961538,1,0.00961538,0,0.00000000,0,0.00000000,0,0.00000000,104,success,0,2,0.00000000,0.01923077,-1.00000000,0.01923077,-0.01923077,3,success,2.94191489,2.93000000,0.69522578,1.63000000,4.64000000,47,63,16,0.74603175,42,14,warning_stem_collisions,2.83057821,2.72000000,0.79699276,1.19000000,5.00000000,30266,39166,8900,0.77276209,2352,6790,warning_stem_collisions,73546,11.20566634,3058,1352,24.05035971,22.43072358,0.02365866,2,0.02719387,16398,0.18231344,3256270,496669,0.15252697,success,346,1508,-0.62675297,1421,0.02005278,622,0.00877750,202,0.00285057,800,0.01128939,681,0.00961009,,,0.00488266,0.02128050,-0.01639784,0.02616316,4749,70863,warning_stem_collisions,success,success,exact-then-unique-porter-1.0.0,baek-smart-porter-1.0.0
S2023-407,0000883241,SNPS,Synopsys,0000883241-23-000019,2023,2023-12-12,1.0.3,0.3.0,1,30,0.65358053,45901,2299,20,0.00869943,success,6,0.01229508,0,0.00000000,5,0.01024590,1,0.00204918,0,0.00000000,488,success,8,2,0.01639344,0.00409836,0.60000000,0.02049180,0.01229508,16,success,2.98708155,2.83000000,0.74438907,1.70000000,4.71000000,233,320,87,0.72812500,129,41,warning_stem_collisions,2.86551439,2.79000000,0.79735099,1.19000000,5.00000000,18517,24694,6177,0.74985827,2143,4729,warning_stem_collisions,45841,10.73293417,2299,1067,19.93953893,19.98580126,0.02864248,30,0.65443599,7031,0.13298154,2658552,309676,0.11648296,success,304,883,-0.48778433,834,0.01894636,385,0.00874622,74,0.00168109,495,0.01124514,379,0.00860992,,,0.00690611,0.02005952,-0.01315341,0.02696563,2821,44019,warning_stem_collisions,success,success,exact-then-unique-porter-1.0.0,baek-smart-porter-1.0.0
S2023-408,0000096021,SYY,Sysco,0000096021-23-000117,2023,2023-08-25,1.0.3,0.3.0,1,3,0.06474727,46334,2506,2,0.00079808,success,3,0.05882353,0,0.00000000,3,0.05882353,0,0.00000000,0,0.00000000,51,success,1,2,0.01960784,0.03921569,-0.33333333,0.05882353,-0.01960784,6,success,2.47750000,2.26000000,0.66517385,1.62000000,4.48000000,16,26,10,0.61538462,16,8,warning_stem_collisions,2.89020997,2.81000000,0.81755965,1.19000000,5.00000000,18098,24385,6287,0.74217757,2101,4688,warning_stem_collisions,46235,10.74149237,2506,973,18.44972067,20.11607805,0.03326484,3,0.06488591,16983,0.26864184,4005343,308209,0.07694946,success,253,789,-0.51439539,753,0.01710392,335,0.00760931,103,0.00233958,459,0.01042589,380,0.00863146,,,0.00574673,0.01792164,-0.01217490,0.02366837,2637,44025,warning_stem_collisions,success,success,exact-then-unique-porter-1.0.0,baek-smart-porter-1.0.0
S2023-409,0001283699,TMUS,T-Mobile US,0001283699-24-000008,2023,2024-02-02,1.0.3,0.3.0,1,5,0.08323622,60070,2787,4,0.00143524,success,1,0.00584795,0,0.00000000,1,0.00584795,2,0.01169591,1,0.00584795,171,success,3,6,0.01754386,0.03508772,-0.33333333,0.05263158,-0.01754386,12,success,2.69864198,2.62000000,0.72261827,1.62000000,4.93000000,81,104,23,0.77884615,66,16,warning_stem_collisions,2.88593961,2.85000000,0.79262552,1.25000000,5.00000000,23515,31275,7760,0.75187850,2186,5348,warning_stem_collisions,59760,10.99809182,2787,1302,21.44241119,20.91043692,0.03815261,5,0.08366801,13076,0.17952661,3870253,399199,0.10314545,success,238,1099,-0.64397906,850,0.01498695,360,0.00634742,153,0.00269765,746,0.01315325,499,0.00879822,,,0.00419635,0.01937725,-0.01518090,0.02357359,3367,56716,warning_stem_collisions,success,success,exact-then-unique-porter-1.0.0,baek-smart-porter-1.0.0
S2023-410,0001113169,TROW,T. Rowe Price,0001113169-24-000007,2023,2024-02-16,1.0.3,0.3.0,1,3,0.07594552,39502,2124,3,0.00141243,success,1,0.00666667,5,0.03333333,1,0.00666667,0,0.00000000,1,0.00666667,150,success,3,3,0.02000000,0.02000000,0.00000000,0.04000000,0.00000000,12,success,2.84067568,2.63000000,0.75922850,1.44000000,4.39000000,74,98,24,0.75510204,62,12,warning_stem_collisions,2.90171915,2.82000000,0.80167605,1.19000000,4.96000000,15845,20895,5050,0.75831539,1819,3746,warning_stem_collisions,39519,10.58453685,2124,851,18.60593220,20.29116161,0.03767808,3,0.07591285,9726,0.19750228,2785932,266264,0.09557448,success,217,691,-0.52202643,679,0.01812648,291,0.00776849,81,0.00216236,300,0.00800876,336,0.00896981,,,0.00579300,0.01844684,-0.01265383,0.02423984,2167,37459,warning_stem_collisions,success,success,exact-then-unique-porter-1.0.0,baek-smart-porter-1.0.0
S2023-411,0001385157,TEL,TE Connectivity,0001558370-23-018833,2023,2023-11-13,1.0.3,0.3.0,1,6,0.13185944,45503,2481,4,0.00161225,success,2,0.01538462,0,0.00000000,2,0.01538462,0,0.00000000,0,0.00000000,130,success,4,3,0.03076923,0.02307692,0.14285714,0.05384615,0.00769231,9,success,2.80112903,2.45500000,0.85945989,1.30000000,4.92000000,62,80,18,0.77500000,47,15,warning_stem_collisions,2.83661696,2.74000000,0.79007135,1.19000000,5.00000000,18442,23906,5464,0.77143813,1835,4307,warning_stem_collisions,45467,10.72474207,2481,881,18.32607819,19.85488756,0.03228715,6,0.13196384,13823,0.23314218,5553726,303655,0.05467591,success,218,887,-0.60542986,814,0.01869459,333,0.00764779,143,0.00328419,512,0.01175876,399,0.00916357,,,0.00500666,0.02037114,-0.01536448,0.02537780,2808,43542,warning_stem_collisions,success,success,exact-then-unique-porter-1.0.0,baek-smart-porter-1.0.0
S2023-412,0000109198,TJX,TJX Companies,0000109198-23-000004,2023,2023-03-29,1.0.3,0.3.0,0,0,0.00000000,33191,1619,0,0.00000000,success,,,,,,,,,,,0,warning_denominator_zero,,,,,,,,,warning_denominator_zero,,,,,,0,0,0,,0,0,warning_denominator_zero,2.90171974,2.82000000,0.82908867,1.26000000,5.00000000,13252,17492,4240,0.75760348,1788,3141,warning_stem_collisions,33318,10.41385307,1619,681,20.57936998,20.18505004,0.03379555,0,0.00000000,9123,0.21495723,2413520,219067,0.09076660,success,162,622,-0.58673469,623,0.01958196,299,0.00939808,43,0.00135156,260,0.00817225,204,0.00641207,,,0.00509194,0.01955053,-0.01445859,0.02464246,1832,31815,warning_denominator_zero,warning_denominator_zero,success,exact-then-unique-porter-1.0.0,baek-smart-porter-1.0.0
S2023-413,0000946581,TTWO,Take-Two Interactive,0001628280-23-019851,2023,2023-05-26,1.0.3,0.3.0,0,0,0.00000000,59847,2498,0,0.00000000,success,,,,,,,,,,,0,warning_denominator_zero,,,,,,,,,warning_denominator_zero,,,,,,0,0,0,,0,0,warning_denominator_zero,2.88998913,2.76000000,0.83027924,1.19000000,5.00000000,23005,30509,7504,0.75403979,2349,5756,warning_stem_collisions,59517,10.99401727,2498,1012,23.82586069,20.67957904,0.03669540,0,0.00000000,8645,0.12683020,3603885,390780,0.10843298,success,397,1192,-0.50031466,1203,0.02124203,687,0.01213074,145,0.00256034,482,0.00851094,470,0.00829905,,,0.00701005,0.02104780,-0.01403775,0.02805785,3697,56633,warning_denominator_zero,warning_denominator_zero,success,exact-then-unique-porter-1.0.0,baek-smart-porter-1.0.0
S2023-414,0001116132,TPR,"Tapestry, Inc.",0001116132-23-000020,2023,2023-08-17,1.0.3,0.3.0,1,4,0.08297550,48207,2199,3,0.00136426,success,0,0.00000000,0,0.00000000,0,0.00000000,1,0.01204819,0,0.00000000,83,success,3,0,0.03614458,0.00000000,1.00000000,0.03614458,0.03614458,4,success,3.01432432,3.14000000,0.76806721,1.82000000,4.55000000,37,46,9,0.80434783,29,8,warning_stem_collisions,2.90178110,2.82000000,0.83991227,1.26000000,5.00000000,19516,25848,6332,0.75502940,2153,4612,warning_stem_collisions,48100,10.78103746,2199,1025,21.87357890,20.59631780,0.03565489,4,0.08316008,8671,0.15273643,2831680,321399,0.11350117,success,332,759,-0.39138405,857,0.01881862,373,0.00819060,101,0.00221783,362,0.00794906,347,0.00761968,,,0.00729029,0.01666667,-0.00937637,0.02395696,2580,45540,warning_stem_collisions,success,success,exact-then-unique-porter-1.0.0,baek-smart-porter-1.0.0
S2023-415,0001389170,TRGP,Targa Resources,0000950170-24-015841,2023,2024-02-15,1.0.3,0.3.0,1,1,0.00971251,102960,4250,1,0.00023529,success,1,0.02439024,1,0.02439024,1,0.02439024,0,0.00000000,0,0.00000000,41,success,2,2,0.04878049,0.04878049,0.00000000,0.09756098,0.00000000,5,success,2.83555556,2.83500000,0.82050271,1.80000000,4.93000000,18,22,4,0.81818182,18,4,warning_stem_collisions,2.91695598,2.82000000,0.84872282,1.19000000,5.00000000,40003,54270,14267,0.73711074,2496,9559,warning_stem_collisions,102427,11.53690563,4250,1504,24.10047059,21.64024874,0.03172991,1,0.00976305,14128,0.12121316,6775762,677795,0.10003229,success,391,1605,-0.60821643,1764,0.01797689,836,0.00851966,198,0.00201781,1182,0.01204574,915,0.00932475,,,0.00398467,0.01635652,-0.01237185,0.02034119,5724,98126,warning_stem_collisions,success,success,exact-then-unique-porter-1.0.0,baek-smart-porter-1.0.0
S2023-416,0000027419,TGT,Target Corporation,0000027419-23-000015,2023,2023-03-08,1.0.3,0.3.0,0,0,0.00000000,21159,1457,0,0.00000000,success,,,,,,,,,,,0,warning_denominator_zero,,,,,,,,,warning_denominator_zero,,,,,,0,0,0,,0,0,warning_denominator_zero,2.91308189,2.83000000,0.82636224,1.26000000,5.00000000,8829,11344,2515,0.77829690,1570,1977,warning_stem_collisions,21095,9.95679132,1457,555,14.47838023,18.81997662,0.04323299,0,0.00000000,9607,0.31291121,2370068,141425,0.05967128,success,111,402,-0.56725146,369,0.01851573,175,0.00878117,36,0.00180641,131,0.00657334,181,0.00908224,,,0.00556977,0.02017161,-0.01460184,0.02574138,1151,19929,warning_denominator_zero,warning_denominator_zero,success,exact-then-unique-porter-1.0.0,baek-smart-porter-1.0.0
S2023-417,0000096943,TFX,Teleflex,0000096943-24-000036,2023,2024-02-23,1.0.3,0.3.0,0,0,0.00000000,46176,2082,0,0.00000000,success,,,,,,,,,,,0,warning_denominator_zero,,,,,,,,,warning_denominator_zero,,,,,,0,0,0,,0,0,warning_denominator_zero,2.84160177,2.74000000,0.79114844,1.04000000,5.00000000,18130,23887,5757,0.75899025,2181,4342,warning_stem_collisions,46115,10.73889356,2082,941,22.14937560,21.34974669,0.03345983,0,0.00000000,8081,0.14910695,2517904,308719,0.12260952,success,267,989,-0.57484076,805,0.01822463,384,0.00869349,121,0.00273935,493,0.01116117,471,0.01066310,,,0.00604469,0.02239026,-0.01634557,0.02843495,2970,44171,warning_denominator_zero,warning_denominator_zero,success,exact-then-unique-porter-1.0.0,baek-smart-porter-1.0.0
S2023-418,0000097210,TER,Teradyne,0000950170-24-018701,2023,2024-02-22,1.0.3,0.3.0,1,4,0.06378263,62713,2854,2,0.00070077,success,0,0.00000000,1,0.01204819,0,0.00000000,0,0.00000000,0,0.00000000,83,success,1,4,0.01204819,0.04819277,-0.60000000,0.06024096,-0.03614458,6,success,3.08275000,3.10500000,0.78737852,1.62000000,4.57000000,40,52,12,0.76923077,35,9,warning_stem_collisions,2.93620202,2.89000000,0.78861006,1.23000000,5.00000000,25087,33173,8086,0.75624755,2016,5584,warning_stem_collisions,62320,11.04003768,2854,991,21.83601962,20.65670267,0.04555520,4,0.06418485,9474,0.13196089,5915660,416909,0.07047548,success,338,919,-0.46221161,903,0.01538383,364,0.00620123,156,0.00265767,534,0.00909741,572,0.00974480,,,0.00575829,0.01565641,-0.00989812,0.02141470,3236,58698,warning_stem_collisions,success,success,exact-then-unique-porter-1.0.0,baek-smart-porter-1.0.0
S2023-419,0001318605,TSLA,"Tesla, Inc.",0001628280-24-002390,2023,2024-01-29,1.0.3,0.3.0,1,13,0.25777795,50431,2294,11,0.00479512,success,6,0.01360544,0,0.00000000,3,0.00680272,1,0.00226757,1,0.00226757,441,success,10,1,0.02267574,0.00226757,0.81818182,0.02494331,0.02040816,18,success,3.01988889,2.93000000,0.86529314,1.50000000,4.93000000,180,253,73,0.71146245,116,53,warning_stem_collisions,2.92620118,2.87000000,0.81909897,1.19000000,5.00000000,19893,26190,6297,0.75956472,2252,4727,warning_stem_collisions,50417,10.82808370,2294,898,21.97776809,21.26358476,0.02844279,13,0.25784953,10412,0.17116836,2672746,334009,0.12496848,success,304,1023,-0.54182366,762,0.01574218,426,0.00880074,137,0.00283029,638,0.01318046,387,0.00799504,,,0.00628034,0.02113418,-0.01485384,0.02741452,3012,48405,warning_stem_collisions,success,success,exact-then-unique-porter-1.0.0,baek-smart-porter-1.0.0
S2023-420,0000097476,TXN,Texas Instruments,0000097476-24-000007,2023,2024-02-02,1.0.3,0.3.0,0,0,0.00000000,21880,1224,0,0.00000000,success,,,,,,,,,,,0,warning_denominator_zero,,,,,,,,,warning_denominator_zero,,,,,,0,0,0,,0,0,warning_denominator_zero,2.90390525,2.83000000,0.81882354,1.19000000,5.00000000,8591,11373,2782,0.75538556,1518,2171,warning_stem_collisions,21845,9.99172734,1224,539,17.84722222,19.32569192,0.03295949,0,0.00000000,5807,0.21000289,2014589,145904,0.07242371,success,156,323,-0.34864301,324,0.01553286,153,0.00733496,53,0.00254087,169,0.00810202,129,0.00618438,,,0.00747879,0.01548492,-0.00800614,0.02296371,1080,20859,warning_denominator_zero,warning_denominator_zero,success,exact-then-unique-porter-1.0.0,baek-smart-porter-1.0.0
S2023-421,0000217346,TXT,Textron,0000217346-24-000017,2023,2024-02-12,1.0.3,0.3.0,0,0,0.00000000,33442,1787,0,0.00000000,success,,,,,,,,,,,0,warning_denominator_zero,,,,,,,,,warning_denominator_zero,,,,,,0,0,0,,0,0,warning_denominator_zero,2.88571535,2.85000000,0.79690255,1.30000000,5.00000000,13427,17781,4354,0.75513188,1774,3422,warning_stem_collisions,33521,10.41992739,1787,699,18.75825406,20.16157220,0.03281525,0,0.00000000,9750,0.22532412,2599116,225392,0.08671872,success,186,627,-0.54243542,553,0.01726614,214,0.00668165,68,0.00212314,509,0.01589234,265,0.00827401,,,0.00580742,0.01957662,-0.01376920,0.02538404,2100,32028,warning_denominator_zero,warning_denominator_zero,success,exact-then-unique-porter-1.0.0,baek-smart-porter-1.0.0
S2023-422,0000097745,TMO,Thermo Fisher Scientific,0000097745-24-000007,2023,2024-02-22,1.0.3,0.3.0,1,1,0.02805994,35638,1843,1,0.00054259,success,2,0.03773585,0,0.00000000,0,0.00000000,0,0.00000000,0,0.00000000,53,success,2,3,0.03773585,0.05660377,-0.20000000,0.09433962,-0.01886792,7,success,2.37000000,2.24000000,0.57703094,1.54000000,3.93000000,17,27,10,0.62962963,17,7,warning_stem_collisions,2.88403761,2.74000000,0.80979288,1.30000000,5.00000000,14251,19277,5026,0.73927478,1900,3857,warning_stem_collisions,35645,10.48136416,1843,770,19.34074878,21.32956191,0.02634311,1,0.02805443,11251,0.23991385,3013771,243545,0.08081072,success,251,727,-0.48670757,613,0.01797970,269,0.00788995,80,0.00234645,442,0.01296416,315,0.00923916,,,0.00736200,0.02132340,-0.01396140,0.02868540,2274,34094,warning_stem_collisions,success,success,exact-then-unique-porter-1.0.0,baek-smart-porter-1.0.0
S2023-423,0000916365,TSCO,Tractor Supply,0000916365-24-000046,2023,2024-02-23,1.0.3,0.3.0,1,6,0.14685366,40857,2026,4,0.00197433,success,3,0.02083333,1,0.00694444,2,0.01388889,0,0.00000000,1,0.00694444,144,success,5,4,0.03472222,0.02777778,0.11111111,0.06250000,0.00694444,13,success,2.87576271,2.87000000,0.78077798,1.50000000,4.93000000,59,79,20,0.74683544,48,16,warning_stem_collisions,2.95712174,2.86000000,0.86655991,1.26000000,5.00000000,16781,21796,5015,0.76991191,2009,3776,warning_stem_collisions,40725,10.61459743,2026,838,20.10118460,19.84634303,0.03503990,6,0.14732965,7352,0.15292136,1838973,271237,0.14749374,success,313,704,-0.38446411,695,0.01794614,322,0.00831461,108,0.00278875,255,0.00658455,365,0.00942495,,,0.00808222,0.01817853,-0.01009632,0.02626075,2259,38727,warning_stem_collisions,success,success,exact-then-unique-porter-1.0.0,baek-smart-porter-1.0.0
S2023-424,0001466258,TT,Trane Technologies,0001466258-24-000047,2023,2024-02-08,1.0.3,0.3.0,0,0,0.00000000,46996,2423,0,0.00000000,success,,,,,,,,,,,0,warning_denominator_zero,,,,,,,,,warning_denominator_zero,,,,,,0,0,0,,0,0,warning_denominator_zero,2.86474203,2.79000000,0.79930300,1.19000000,5.00000000,18277,24864,6587,0.73507883,2072,4564,warning_stem_collisions,46956,10.75696627,2423,973,19.37928188,21.10742677,0.03556521,0,0.00000000,13077,0.21783019,2962369,316912,0.10697925,success,281,916,-0.53049290,849,0.01903972,299,0.00670539,110,0.00246687,707,0.01585522,351,0.00787154,,,0.00630172,0.02054226,-0.01424054,0.02684398,2992,44591,warning_denominator_zero,warning_denominator_zero,success,exact-then-unique-porter-1.0.0,baek-smart-porter-1.0.0
S2023-425,0001260221,TDG,TransDigm Group,0001260221-23-000081,2023,2023-11-09,1.0.3,0.3.0,0,0,0.00000000,49781,2535,0,0.00000000,success,,,,,,,,,,,0,warning_denominator_zero,,,,,,,,,warning_denominator_zero,,,,,,0,0,0,,0,0,warning_denominator_zero,2.89832409,2.81000000,0.82150093,1.19000000,5.00000000,19649,26284,6635,0.74756506,1982,4791,warning_stem_collisions,49660,10.81295506,2535,865,19.58974359,21.75671201,0.04321385,0,0.00000000,24065,0.32641573,3642605,331019,0.09087425,success,292,724,-0.42519685,814,0.01736941,280,0.00597474,120,0.00256060,512,0.01092523,379,0.00808723,,,0.00623080,0.01544896,-0.00921816,0.02167975,2720,46864,warning_denominator_zero,warning_denominator_zero,success,exact-then-unique-porter-1.0.0,baek-smart-porter-1.0.0
S2023-426,0000086312,TRV,Travelers Companies (The),0000086312-24-000012,2023,2024-02-15,1.0.3,0.3.0,1,12,0.12141202,98837,4981,11,0.00220839,success,8,0.02030457,6,0.01522843,4,0.01015228,0,0.00000000,2,0.00507614,394,success,7,10,0.01776650,0.02538071,-0.17647059,0.04314721,-0.00761421,29,success,2.73647059,2.70000000,0.69233315,1.62000000,4.93000000,170,211,41,0.80568720,111,35,warning_stem_collisions,2.86651800,2.80000000,0.78790735,1.26000000,5.00000000,41301,53561,12260,0.77110211,2576,9210,warning_stem_collisions,98613,11.49895838,4981,2137,19.79783176,21.61246395,0.03166925,12,0.12168781,20787,0.17409548,6968688,674995,0.09686113,success,474,2964,-0.72425829,1863,0.01986162,679,0.00723888,126,0.00134330,2063,0.02199384,666,0.00710029,,,0.00505336,0.03159948,-0.02654613,0.03665284,7333,93799,warning_stem_collisions,success,success,exact-then-unique-porter-1.0.0,baek-smart-porter-1.0.0
S2023-427,0000864749,TRMB,Trimble Inc.,0000864749-24-000047,2023,2024-02-26,1.0.3,0.3.0,1,6,0.15120587,39681,2072,2,0.00096525,success,0,0.00000000,1,0.00709220,0,0.00000000,0,0.00000000,0,0.00000000,141,success,2,0,0.01418440,0.00000000,1.00000000,0.01418440,0.01418440,3,success,3.13557377,3.10000000,0.88039768,1.70000000,4.93000000,61,92,31,0.66304348,54,13,warning_stem_collisions,2.90428500,2.82000000,0.81230878,1.17000000,5.00000000,15951,21376,5425,0.74621070,2201,3938,warning_stem_collisions,39567,10.58575072,2072,958,19.09604247,20.01507429,0.02168474,6,0.15164152,7046,0.15115955,2295277,269730,0.11751523,success,348,756,-0.36956522,718,0.01877468,364,0.00951808,97,0.00253641,276,0.00721701,293,0.00766153,,,0.00909970,0.01976832,-0.01066862,0.02886803,2386,38243,warning_stem_collisions,success,success,exact-then-unique-porter-1.0.0,baek-smart-porter-1.0.0
S2023-428,0000092230,TFC,Truist Financial,0000092230-24-000010,2023,2024-02-27,1.0.3,0.3.0,1,4,0.05227870,76513,3789,3,0.00079177,success,3,0.02040816,1,0.00680272,2,0.01360544,0,0.00000000,1,0.00680272,147,success,1,2,0.00680272,0.01360544,-0.33333333,0.02040816,-0.00680272,7,success,2.73577465,2.62000000,0.70999040,1.40000000,4.57000000,71,95,24,0.74736842,61,17,warning_stem_collisions,2.81764232,2.71000000,0.79556443,1.19000000,5.00000000,31039,42984,11945,0.72210590,2571,7847,warning_stem_collisions,76519,11.24529435,3789,1479,20.19503827,21.57885397,0.02377187,4,0.05227460,20285,0.20954713,7306700,525449,0.07191331,success,401,1870,-0.64685161,1651,0.02253833,606,0.00827270,152,0.00207500,884,0.01206777,741,0.01011563,,,0.00547418,0.02552796,-0.02005379,0.03100214,5437,73253,warning_stem_collisions,success,success,exact-then-unique-porter-1.0.0,baek-smart-porter-1.0.0
S2023-429,0000860731,TYL,Tyler Technologies,0000860731-24-000006,2023,2024-02-21,1.0.3,0.3.0,1,6,0.14466546,41475,2054,4,0.00194742,success,0,0.00000000,6,0.06382979,0,0.00000000,0,0.00000000,0,0.00000000,94,success,6,2,0.06382979,0.02127660,0.50000000,0.08510638,0.04255319,12,success,3.13920000,3.04000000,0.64491190,2.24000000,4.52000000,50,66,16,0.75757576,21,6,warning_stem_collisions,2.86689564,2.79000000,0.78639844,1.19000000,5.00000000,16567,21648,5081,0.76529010,1936,3879,warning_stem_collisions,41304,10.62871463,2054,859,20.10905550,20.17250206,0.03270870,6,0.14526438,6579,0.13739741,2295264,278293,0.12124662,success,263,644,-0.42006615,727,0.01843821,318,0.00806513,88,0.00223186,388,0.00984047,313,0.00793832,,,0.00667022,0.01633316,-0.00966294,0.02300337,2299,39429,warning_stem_collisions,success,success,exact-then-unique-porter-1.0.0,baek-smart-porter-1.0.0
S2023-430,0000100493,TSN,Tyson Foods,0000100493-23-000105,2023,2023-11-13,1.0.3,0.3.0,1,2,0.03619385,55258,2638,2,0.00075815,success,14,0.02564103,17,0.03113553,3,0.00549451,0,0.00000000,2,0.00366300,546,success,4,17,0.00732601,0.03113553,-0.61904762,0.03846154,-0.02380952,48,success,2.87184211,2.62000000,0.87839573,1.30000000,4.96000000,228,335,107,0.68059701,164,65,warning_stem_collisions,2.93046749,2.81000000,0.87132874,1.19000000,5.00000000,22546,29436,6890,0.76593287,2207,5374,warning_stem_collisions,54895,10.91317755,2638,1008,20.80932525,20.41076287,0.03920211,2,0.03643319,12550,0.18607754,3124647,366260,0.11721644,success,304,1327,-0.62722256,1129,0.02161800,384,0.00735280,97,0.00185735,719,0.01376735,445,0.00852082,,,0.00582097,0.02540929,-0.01958832,0.03123025,3575,52225,warning_stem_collisions,success,success,exact-then-unique-porter-1.0.0,baek-smart-porter-1.0.0
S2023-431,0000036104,USB,U.S. Bancorp,0000036104-24-000018,2023,2024-02-20,1.0.3,0.3.0,0,0,0.00000000,18891,903,0,0.00000000,success,,,,,,,,,,,0,warning_denominator_zero,,,,,,,,,warning_denominator_zero,,,,,,0,0,0,,0,0,warning_denominator_zero,2.94058247,2.81000000,0.82613244,1.19000000,4.96000000,7657,10606,2949,0.72194984,1380,1735,warning_stem_collisions,18992,9.85177312,903,317,21.03211517,21.18876872,0.02995998,0,0.00000000,2467,0.11496342,964604,129122,0.13386011,success,98,253,-0.44159544,297,0.01645794,90,0.00498725,43,0.00238280,223,0.01235731,248,0.01374266,,,0.00543057,0.01401973,-0.00858916,0.01945029,1133,18046,warning_denominator_zero,warning_denominator_zero,success,exact-then-unique-porter-1.0.0,baek-smart-porter-1.0.0
S2023-432,0000074208,UDR,"UDR, Inc.",0000074208-24-000011,2023,2024-02-20,1.0.3,0.3.0,0,0,0.00000000,71204,3490,0,0.00000000,success,,,,,,,,,,,0,warning_denominator_zero,,,,,,,,,warning_denominator_zero,,,,,,0,0,0,,0,0,warning_denominator_zero,2.88366024,2.82000000,0.79980031,1.25000000,5.00000000,27796,36650,8854,0.75841746,1899,6032,warning_stem_collisions,70493,11.16326869,3490,1142,20.19856734,20.79962664,0.03998979,0,0.00000000,24133,0.25503561,8971587,460860,0.05136884,success,358,1068,-0.49789621,1210,0.01812218,546,0.00817745,161,0.00241130,418,0.00626039,461,0.00690440,,,0.00536177,0.01599545,-0.01063368,0.02135722,3503,66769,warning_denominator_zero,warning_denominator_zero,success,exact-then-unique-porter-1.0.0,baek-smart-porter-1.0.0
S2023-433,0001543151,UBER,Uber,0001543151-24-000012,2023,2024-02-15,1.0.3,0.3.0,1,23,0.25900026,88803,3616,13,0.00359513,success,28,0.06320542,11,0.02483070,16,0.03611738,0,0.00000000,4,0.00902935,443,success,1,25,0.00225734,0.05643341,-0.92307692,0.05869074,-0.05417607,67,success,2.60721053,2.44000000,0.73064219,1.50000000,4.31000000,190,244,54,0.77868852,98,39,warning_stem_collisions,2.87412147,2.74000000,0.83455756,1.19000000,5.00000000,34592,45705,11113,0.75685374,2586,8129,warning_stem_collisions,88588,11.39175169,3616,1442,24.49889381,21.58667657,0.02636926,23,0.25962884,9255,0.09459031,3307718,589544,0.17823285,success,564,2387,-0.61775669,1790,0.02102049,1070,0.01256532,199,0.00233692,1357,0.01593565,735,0.00863132,,,0.00662322,0.02803124,-0.02140802,0.03465445,6604,85155,warning_stem_collisions,success,success,exact-then-unique-porter-1.0.0,baek-smart-porter-1.0.0
S2023-434,0001403568,ULTA,Ulta Beauty,0001558370-23-004581,2023,2023-03-24,1.0.3,0.3.0,1,2,0.05461795,36618,1892,2,0.00105708,success,0,0.00000000,0,0.00000000,0,0.00000000,0,0.00000000,0,0.00000000,97,success,1,0,0.01030928,0.00000000,1.00000000,0.01030928,0.01030928,1,success,2.96666667,2.93000000,0.76351214,1.72000000,4.79000000,42,63,21,0.66666667,34,13,warning_stem_collisions,2.96796945,2.89000000,0.85373580,1.19000000,5.00000000,15321,19819,4498,0.77304607,1945,3365,warning_stem_collisions,36552,10.50649118,1892,672,19.31923890,19.67093630,0.02935544,2,0.05471657,8229,0.18376097,2946707,242874,0.08242217,success,286,593,-0.34926052,524,0.01499370,281,0.00804052,59,0.00168822,255,0.00729655,275,0.00786883,,,0.00818359,0.01696807,-0.00878448,0.02515165,1874,34948,warning_stem_collisions,success,success,exact-then-unique-porter-1.0.0,baek-smart-porter-1.0.0
S2023-435,0000100885,UNP,Union Pacific Corporation,0001437749-24-003599,2023,2024-02-09,1.0.3,0.3.0,0,0,0.00000000,31200,1700,0,0.00000000,success,,,,,,,,,,,0,warning_denominator_zero,,,,,,,,,warning_denominator_zero,,,,,,0,0,0,,0,0,warning_denominator_zero,2.96065235,2.86000000,0.85504056,1.30000000,5.00000000,12662,16564,3902,0.76442888,1914,2965,warning_stem_collisions,30941,10.33983744,1700,572,18.20058824,20.78068758,0.03306293,0,0.00000000,11453,0.27015615,2690710,208094,0.07733795,success,189,550,-0.48849797,463,0.01566094,189,0.00639291,58,0.00196185,327,0.01106075,161,0.00544581,,,0.00639291,0.01860371,-0.01221080,0.02499662,1638,29564,warning_denominator_zero,warning_denominator_zero,success,exact-then-unique-porter-1.0.0,baek-smart-porter-1.0.0
S2023-436,0000100517,UAL,United Airlines Holdings,0000100517-24-000027,2023,2024-02-29,1.0.3,0.3.0,1,11,0.20797096,52892,2360,6,0.00254237,success,8,0.03448276,3,0.01293103,7,0.03017241,0,0.00000000,3,0.01293103,232,success,1,12,0.00431034,0.05172414,-0.84615385,0.05603448,-0.04741379,24,success,2.64978723,2.48000000,0.82551722,1.30000000,4.87000000,94,138,44,0.68115942,82,30,warning_stem_collisions,2.95091098,2.83000000,0.84053086,1.19000000,5.00000000,21175,28490,7315,0.74324324,2320,4977,warning_stem_collisions,53009,10.87821699,2360,799,22.46144068,22.88342068,0.02771228,11,0.20751193,17834,0.25173976,3217250,355214,0.11040920,success,336,942,-0.47417840,934,0.01848736,453,0.00896657,121,0.00239504,490,0.00969894,530,0.01049069,,,0.00665070,0.01864571,-0.01199501,0.02529641,3197,50521,warning_stem_collisions,success,success,exact-then-unique-porter-1.0.0,baek-smart-porter-1.0.0
S2023-437,0001090727,UPS,United Parcel Service,0001090727-24-000008,2023,2024-02-20,1.0.3,0.3.0,1,1,0.01877123,53273,3014,1,0.00033179,success,2,0.11764706,0,0.00000000,1,0.05882353,0,0.00000000,0,0.00000000,17,success,0,0,0.00000000,0.00000000,,0.00000000,0.00000000,2,success,2.65444444,2.89000000,0.49157595,1.63000000,3.24000000,9,11,2,0.81818182,9,1,warning_stem_collisions,2.90260924,2.80000000,0.80020384,1.19000000,5.00000000,21374,28047,6673,0.76207794,2023,5124,warning_stem_collisions,52948,10.87706558,3014,1409,17.56735236,19.32791624,0.03626199,1,0.01888645,12378,0.18948045,4477796,354706,0.07921442,success,277,788,-0.47981221,893,0.01774395,350,0.00695452,110,0.00218571,462,0.00917996,425,0.00844477,,,0.00550400,0.01565760,-0.01015360,0.02116160,2776,50327,warning_stem_collisions,success,success,exact-then-unique-porter-1.0.0,baek-smart-porter-1.0.0
S2023-438,0001067701,URI,United Rentals,0001067701-24-000007,2023,2024-01-24,1.0.3,0.3.0,0,0,0.00000000,50145,2384,0,0.00000000,success,,,,,,,,,,,0,warning_denominator_zero,,,,,,,,,warning_denominator_zero,,,,,,0,0,0,,0,0,warning_denominator_zero,2.86896918,2.72000000,0.80706859,1.26000000,5.00000000,19664,25634,5970,0.76710619,1934,4511,warning_stem_collisions,49893,10.81763599,2384,960,20.92827181,20.86034687,0.03814162,0,0.00000000,12126,0.19552073,2675418,330366,0.12348201,success,269,808,-0.50046425,779,0.01640380,365,0.00768599,107,0.00225315,357,0.00751753,495,0.01042347,,,0.00566447,0.01701447,-0.01135000,0.02267894,2673,47489,warning_denominator_zero,warning_denominator_zero,success,exact-then-unique-porter-1.0.0,baek-smart-porter-1.0.0
S2023-439,0000731766,UNH,UnitedHealth Group,0000731766-24-000081,2023,2024-02-28,1.0.3,0.3.0,1,17,0.47704568,35636,1654,11,0.00665054,success,8,0.01470588,13,0.02389706,7,0.01286765,4,0.00735294,6,0.01102941,544,success,5,22,0.00919118,0.04044118,-0.62962963,0.04963235,-0.03125000,56,success,2.58129353,2.44000000,0.67504363,1.44000000,4.65000000,201,313,112,0.64217252,143,77,warning_stem_collisions,2.83793813,2.72000000,0.79792777,1.26000000,4.96000000,14482,19918,5436,0.72708103,1845,4110,warning_stem_collisions,35554,10.47880795,1654,704,21.49576784,22.58554326,0.02565112,17,0.47814592,9009,0.20216323,2702863,245516,0.09083553,success,246,688,-0.47323340,630,0.01846912,324,0.00949840,60,0.00175896,608,0.01782416,317,0.00929319,,,0.00721175,0.02016945,-0.01295770,0.02738120,2387,34111,warning_stem_collisions,success,success,exact-then-unique-porter-1.0.0,baek-smart-porter-1.0.0
S2023-440,0000352915,UHS,Universal Health Services,0000950170-24-021175,2023,2024-02-27,1.0.3,0.3.0,0,0,0.00000000,98837,3852,0,0.00000000,success,,,,,,,,,,,0,warning_denominator_zero,,,,,,,,,warning_denominator_zero,,,,,,0,0,0,,0,0,warning_denominator_zero,2.85345666,2.74000000,0.77734911,1.19000000,5.00000000,38650,51233,12583,0.75439658,2359,9092,warning_stem_collisions,98375,11.49654199,3852,1263,25.53868120,22.30752975,0.04672935,0,0.00000000,15009,0.13237317,6092110,651823,0.10699462,success,439,1851,-0.61659389,1269,0.01369050,506,0.00545894,297,0.00320416,1416,0.01527640,848,0.00914858,,,0.00473612,0.01996936,-0.01523325,0.02470548,5698,92692,warning_denominator_zero,warning_denominator_zero,success,exact-then-unique-porter-1.0.0,baek-smart-porter-1.0.0
S2023-441,0000103379,VFC,VF Corporation,0000103379-23-000006,2023,2023-05-25,1.0.3,0.3.0,0,0,0.00000000,72134,3453,0,0.00000000,success,,,,,,,,,,,0,warning_denominator_zero,,,,,,,,,warning_denominator_zero,,,,,,0,0,0,,0,0,warning_denominator_zero,2.87139382,2.79000000,0.81591986,1.19000000,5.00000000,29186,39600,10414,0.73702020,2209,6925,warning_stem_collisions,71698,11.18021813,3453,1386,20.76397336,20.03708605,0.03814611,0,0.00000000,10243,0.12500458,4456400,481139,0.10796585,success,368,1221,-0.53681561,1255,0.01857333,437,0.00646737,113,0.00167234,522,0.00772532,588,0.00870209,,,0.00544620,0.01807015,-0.01262395,0.02351635,3757,67570,warning_denominator_zero,warning_denominator_zero,success,exact-then-unique-porter-1.0.0,baek-smart-porter-1.0.0
S2023-442,0001035002,VLO,Valero Energy,0001035002-24-000007,2023,2024-02-22,1.0.3,0.3.0,1,1,0.02020039,49504,2476,1,0.00040388,success,0,0.00000000,0,0.00000000,0,0.00000000,1,0.02941176,1,0.02941176,34,success,0,0,0.00000000,0.00000000,,0.00000000,0.00000000,2,success,3.16533333,2.93000000,0.86078156,2.03000000,4.93000000,15,21,6,0.71428571,15,4,warning_stem_collisions,2.96660648,2.83000000,0.86657651,1.26000000,5.00000000,19219,26217,6998,0.73307396,2134,4814,warning_stem_collisions,49395,10.80760448,2476,1260,19.94951535,20.63977646,0.02955765,1,0.02024496,11740,0.19203402,3993105,330912,0.08287085,success,225,674,-0.49944383,689,0.01455644,255,0.00538736,71,0.00150001,496,0.01047895,394,0.00832400,,,0.00475355,0.01423954,-0.00948598,0.01899309,2434,47333,warning_stem_collisions,success,success,exact-then-unique-porter-1.0.0,baek-smart-porter-1.0.0
S2023-443,0000740260,VTR,Ventas,0000740260-24-000067,2023,2024-02-15,1.0.3,0.3.0,1,1,0.01337972,74740,3135,1,0.00031898,success,1,0.03030303,1,0.03030303,1,0.03030303,0,0.00000000,0,0.00000000,33,success,1,1,0.03030303,0.03030303,0.00000000,0.06060606,0.00000000,3,success,2.88133333,2.93000000,0.69303070,2.07000000,4.57000000,15,18,3,0.83333333,15,1,warning_stem_collisions,2.81911798,2.72000000,0.78762354,1.19000000,5.00000000,29353,38970,9617,0.75322043,2230,6969,warning_stem_collisions,74585,11.21969469,3135,1405,23.79106858,21.64888159,0.02904069,1,0.01340752,13391,0.15221197,4094742,494828,0.12084473,success,450,1449,-0.52606635,1432,0.01999218,802,0.01119674,151,0.00210811,664,0.00927012,687,0.00959122,,,0.00628246,0.02022952,-0.01394706,0.02651198,4602,71628,warning_stem_collisions,success,success,exact-then-unique-porter-1.0.0,baek-smart-porter-1.0.0
S2023-444,0001967680,VLTO,Veralto,0001967680-24-000033,2023,2024-02-28,1.0.3,0.3.0,0,0,0.00000000,49209,2085,0,0.00000000,success,,,,,,,,,,,0,warning_denominator_zero,,,,,,,,,warning_denominator_zero,,,,,,0,0,0,,0,0,warning_denominator_zero,2.85934525,2.76000000,0.80605571,1.26000000,5.00000000,19244,26167,6923,0.73543012,2067,4919,warning_stem_collisions,49087,10.80134951,2085,933,23.54292566,22.50806565,0.02522053,0,0.00000000,5983,0.10864354,2015145,334070,0.16577963,success,313,1099,-0.55665722,847,0.01803586,326,0.00694178,123,0.00261914,651,0.01386227,466,0.00992292,,,0.00666496,0.02340190,-0.01673694,0.03006686,3261,46962,warning_denominator_zero,warning_denominator_zero,success,exact-then-unique-porter-1.0.0,baek-smart-porter-1.0.0
S2023-445,0001014473,VRSN,Verisign,0001014473-24-000006,2023,2024-02-15,1.0.3,0.3.0,1,1,0.03308191,30228,1465,1,0.00068259,success,0,0.00000000,0,0.00000000,0,0.00000000,0,0.00000000,0,0.00000000,34,success,2,0,0.05882353,0.00000000,1.00000000,0.05882353,0.05882353,2,success,2.60916667,2.60500000,0.44757603,1.92000000,3.35000000,12,20,8,0.60000000,12,7,warning_stem_collisions,2.90298087,2.82000000,0.80702693,1.29000000,5.00000000,11604,15504,3900,0.74845201,1775,2791,warning_stem_collisions,30227,10.31649084,1465,622,20.63276451,20.21246371,0.03027095,1,0.03308301,4037,0.11782045,1311022,200572,0.15298904,success,145,624,-0.62288687,505,0.01743423,302,0.01042602,54,0.00186425,306,0.01056411,210,0.00724988,,,0.00500587,0.02154250,-0.01653663,0.02654837,1758,28966,warning_stem_collisions,success,success,exact-then-unique-porter-1.0.0,baek-smart-porter-1.0.0
S2023-446,0001442145,VRSK,Verisk Analytics,0001437749-24-004939,2023,2024-02-21,1.0.3,0.3.0,1,21,0.42059725,49929,2441,15,0.00614502,success,9,0.01995565,4,0.00886918,7,0.01552106,2,0.00443459,0,0.00000000,451,success,6,14,0.01330377,0.03104213,-0.40000000,0.04434590,-0.01773836,34,success,2.77489691,2.63000000,0.78136824,1.30000000,4.93000000,194,270,76,0.71851852,136,52,warning_stem_collisions,2.84825760,2.79000000,0.75629814,1.04000000,5.00000000,19938,25935,5997,0.76876807,2346,4411,warning_stem_collisions,49707,10.81390105,2441,911,20.36337567,20.75650982,0.04454101,21,0.42247571,10319,0.17190884,3707560,331565,0.08942944,success,343,1001,-0.48958333,745,0.01584163,304,0.00646423,69,0.00146721,595,0.01265204,309,0.00657055,,,0.00729353,0.02128519,-0.01399166,0.02857872,2762,47028,warning_stem_collisions,success,success,exact-then-unique-porter-1.0.0,baek-smart-porter-1.0.0
S2023-447,0000732712,VZ,Verizon,0000732712-24-000010,2023,2024-02-09,1.0.3,0.3.0,1,4,0.07063768,56627,2769,3,0.00108342,success,2,0.02439024,3,0.03658537,1,0.01219512,1,0.01219512,2,0.02439024,82,success,1,0,0.01219512,0.00000000,1.00000000,0.01219512,0.01219512,8,success,2.60750000,2.46500000,0.66597203,1.50000000,4.25000000,36,46,10,0.78260870,30,10,warning_stem_collisions,2.91189686,2.86000000,0.78021532,1.26000000,5.00000000,22669,30293,7624,0.74832470,2005,5726,warning_stem_collisions,56427,10.94070305,2769,1177,20.37811484,20.77542259,0.03283889,4,0.07088805,12217,0.17797623,3835518,378801,0.09876137,success,238,731,-0.50877193,701,0.01302054,219,0.00406776,75,0.00139307,472,0.00876704,443,0.00822839,,,0.00442067,0.01357777,-0.00915710,0.01799844,2484,53838,warning_stem_collisions,success,success,exact-then-unique-porter-1.0.0,baek-smart-porter-1.0.0
S2023-448,0000875320,VRTX,Vertex Pharmaceuticals,0000875320-24-000062,2023,2024-02-15,1.0.3,0.3.0,1,2,0.02709807,73806,3335,2,0.00059970,success,4,0.08163265,0,0.00000000,2,0.04081633,0,0.00000000,0,0.00000000,49,success,0,3,0.00000000,0.06122449,-1.00000000,0.06122449,-0.06122449,7,success,2.60571429,2.46000000,0.76234333,1.59000000,4.48000000,21,28,7,0.75000000,17,6,warning_stem_collisions,2.87119466,2.77000000,0.80004408,1.19000000,5.00000000,28142,38656,10514,0.72801118,2585,6748,warning_stem_collisions,74402,11.21723810,3335,1504,22.30944528,20.68776305,0.02514717,2,0.02688100,7520,0.09179463,2665021,497047,0.18650772,success,604,1296,-0.36421053,1317,0.01838487,731,0.01020451,200,0.00279193,908,0.01267537,560,0.00781741,,,0.00843163,0.01809171,-0.00966008,0.02652335,4643,71635,warning_stem_collisions,success,success,exact-then-unique-porter-1.0.0,baek-smart-porter-1.0.0
S2023-449,0001792044,VTRS,Viatris,0001792044-24-000008,2023,2024-02-28,1.0.3,0.3.0,1,8,0.09710034,82389,3424,5,0.00146028,success,5,0.03086420,7,0.04320988,5,0.03086420,0,0.00000000,3,0.01851852,162,success,1,2,0.00617284,0.01234568,-0.33333333,0.01851852,-0.00617284,18,success,2.70161765,2.51000000,0.72724826,1.50000000,4.34000000,68,91,23,0.74725275,51,13,warning_stem_collisions,2.86181311,2.75000000,0.80588990,1.19000000,5.00000000,31388,43309,11921,0.72474543,2567,8330,warning_stem_collisions,82453,11.31998371,3424,1429,24.08089953,21.88436241,0.02726402,8,0.09702497,15071,0.15453632,3780247,552967,0.14627801,success,490,2095,-0.62088975,1651,0.02082440,758,0.00956081,201,0.00253525,1189,0.01499710,622,0.00784541,,,0.00618047,0.02642466,-0.02024419,0.03260513,5773,79282,warning_stem_collisions,success,success,exact-then-unique-porter-1.0.0,baek-smart-porter-1.0.0
S2023-450,0001705696,VICI,Vici Properties,0001705696-24-000033,2023,2024-02-22,1.0.3,0.3.0,0,0,0.00000000,63759,2652,0,0.00000000,success,,,,,,,,,,,0,warning_denominator_zero,,,,,,,,,warning_denominator_zero,,,,,,0,0,0,,0,0,warning_denominator_zero,2.87062529,2.74000000,0.81601828,1.19000000,5.00000000,23957,32600,8643,0.73487730,1963,5346,warning_stem_collisions,63495,11.05871644,2652,1350,23.94230769,21.29114478,0.02869517,0,0.00000000,12233,0.16153866,3510027,412324,0.11747032,success,288,947,-0.53360324,947,0.01554192,523,0.00858334,154,0.00252741,466,0.00764787,615,0.01009322,,,0.00472658,0.01554192,-0.01081534,0.02026850,3313,60932,warning_denominator_zero,warning_denominator_zero,success,exact-then-unique-porter-1.0.0,baek-smart-porter-1.0.0
S2023-451,0001403161,V,Visa Inc.,0001403161-23-000099,2023,2023-11-15,1.0.3,0.3.0,1,17,0.34897565,48714,2384,14,0.00587248,success,13,0.03768116,10,0.02898551,4,0.01159420,2,0.00579710,1,0.00289855,345,success,7,5,0.02028986,0.01449275,0.16666667,0.03478261,0.00579710,37,success,2.72975207,2.62000000,0.77569107,1.30000000,4.87000000,121,169,48,0.71597633,90,32,warning_stem_collisions,2.94924942,2.88000000,0.82901033,1.26000000,5.00000000,19918,26304,6386,0.75722324,2147,4524,warning_stem_collisions,48945,10.79845250,2384,1021,20.53062081,20.23284257,0.03125958,17,0.34732863,8701,0.15093849,2871121,329412,0.11473289,success,264,1100,-0.61290323,737,0.01580663,378,0.00810706,75,0.00160854,1026,0.02200489,372,0.00797838,,,0.00566208,0.02359199,-0.01792991,0.02925406,3201,46626,warning_stem_collisions,success,success,exact-then-unique-porter-1.0.0,baek-smart-porter-1.0.0
S2023-452,0001396009,VMC,Vulcan Materials Company,0001396009-24-000006,2023,2024-02-22,1.0.3,0.3.0,1,1,0.01949394,51298,2884,1,0.00034674,success,2,0.11764706,0,0.00000000,1,0.05882353,0,0.00000000,0,0.00000000,17,success,0,0,0.00000000,0.00000000,,0.00000000,0.00000000,2,success,2.65444444,2.89000000,0.49157595,1.63000000,3.24000000,9,11,2,0.81818182,9,1,warning_stem_collisions,2.96834631,2.89000000,0.85083776,1.19000000,5.00000000,19786,26966,7180,0.73373878,2339,4980,warning_stem_collisions,50636,10.83241806,2884,1239,17.55755895,19.06589980,0.04269690,1,0.01974880,13335,0.20845383,10954611,338750,0.03092305,success,304,714,-0.40275049,661,0.01380852,177,0.00369759,96,0.00200547,525,0.01096743,393,0.00820991,,,0.00635067,0.01491571,-0.00856504,0.02126637,2453,47869,warning_stem_collisions,success,success,exact-then-unique-porter-1.0.0,baek-smart-porter-1.0.0
S2023-453,0000011544,WRB,W. R. Berkley Corporation,0000011544-24-000005,2023,2024-02-23,1.0.3,0.3.0,1,12,0.23320442,51457,2482,6,0.00241741,success,4,0.02072539,9,0.04663212,2,0.01036269,4,0.02072539,3,0.01554404,193,success,1,0,0.00518135,0.00000000,1.00000000,0.00518135,0.00518135,21,success,2.94309859,2.86000000,0.80201259,1.54000000,4.72000000,71,103,32,0.68932039,40,23,warning_stem_collisions,2.80630573,2.72000000,0.76487023,1.19000000,5.00000000,21084,27706,6622,0.76099040,2065,4914,warning_stem_collisions,51409,10.84756853,2482,1004,20.71273167,21.87430759,0.03147309,12,0.23342216,13224,0.20460136,4924803,348205,0.07070435,success,291,1526,-0.67969180,960,0.01952847,320,0.00650949,121,0.00246140,798,0.01623304,299,0.00608230,,,0.00591957,0.03104213,-0.02512256,0.03696170,3718,49159,warning_stem_collisions,success,success,exact-then-unique-porter-1.0.0,baek-smart-porter-1.0.0
S2023-454,0000277135,GWW,W. W. Grainger,0000277135-24-000011,2023,2024-02-22,1.0.3,0.3.0,1,4,0.16289961,24555,1402,1,0.00071327,success,0,0.00000000,0,0.00000000,0,0.00000000,0,0.00000000,0,0.00000000,27,success,0,0,0.00000000,0.00000000,,0.00000000,0.00000000,0,success,3.10200000,3.03500000,0.74700469,2.24000000,4.53000000,10,18,8,0.55555556,10,6,warning_stem_collisions,2.89898345,2.83000000,0.81678900,1.04000000,5.00000000,9788,13660,3872,0.71654466,1617,2563,warning_stem_collisions,24619,10.11127378,1402,580,17.55991441,20.08314843,0.03399813,4,0.16247614,8384,0.25403751,1816604,169171,0.09312486,success,114,543,-0.65296804,501,0.02164053,227,0.00980519,36,0.00155501,218,0.00941644,186,0.00803421,,,0.00492419,0.02345471,-0.01853052,0.02837890,1506,23151,warning_stem_collisions,success,success,exact-then-unique-porter-1.0.0,baek-smart-porter-1.0.0
S2023-455,0000783325,WEC,WEC Energy Group,0000107815-24-000095,2023,2024-02-22,1.0.3,0.3.0,0,0,0.00000000,83960,4505,0,0.00000000,success,,,,,,,,,,,0,warning_denominator_zero,,,,,,,,,warning_denominator_zero,,,,,,0,0,0,,0,0,warning_denominator_zero,2.92776974,2.86000000,0.81862496,1.19000000,5.00000000,32781,45048,12267,0.72769046,2383,8110,warning_stem_collisions,83391,11.33129567,4505,1841,18.51076582,19.80196935,0.03947668,0,0.00000000,18588,0.18227282,6142637,550531,0.08962454,success,335,1010,-0.50185874,1178,0.01492537,515,0.00652510,166,0.00210324,1055,0.01336695,715,0.00905912,,,0.00424448,0.01279680,-0.00855231,0.01704128,4296,78926,warning_denominator_zero,warning_denominator_zero,success,exact-then-unique-porter-1.0.0,baek-smart-porter-1.0.0
S2023-456,0000943452,WAB,Wabtec,0001628280-24-004774,2023,2024-02-14,1.0.3,0.3.0,1,1,0.02652731,37697,1915,1,0.00052219,success,0,0.00000000,0,0.00000000,0,0.00000000,1,0.02777778,0,0.00000000,36,success,1,0,0.02777778,0.00000000,1.00000000,0.02777778,0.02777778,2,success,3.22315789,3.24000000,0.89507455,1.82000000,4.90000000,19,20,1,0.95000000,17,0,success,2.93109680,2.85000000,0.84781761,1.04000000,5.00000000,15372,20610,5238,0.74585153,1984,3831,warning_stem_collisions,37540,10.53316231,1915,751,19.60313316,21.12967295,0.03148641,1,0.02663825,8921,0.19201050,2723992,257016,0.09435270,success,331,741,-0.38246269,685,0.01909195,255,0.00710722,95,0.00264779,365,0.01017308,291,0.00811059,,,0.00922545,0.02065275,-0.01142730,0.02987820,2371,35879,success,success,success,exact-then-unique-porter-1.0.0,baek-smart-porter-1.0.0
S2023-457,0000104169,WMT,Walmart,0000104169-23-000020,2023,2023-03-17,1.0.3,0.3.0,0,0,0.00000000,45354,1972,0,0.00000000,success,,,,,,,,,,,0,warning_denominator_zero,,,,,,,,,warning_denominator_zero,,,,,,0,0,0,,0,0,warning_denominator_zero,2.93235042,2.85000000,0.84708182,1.26000000,5.00000000,17716,23789,6073,0.74471394,2119,4467,warning_stem_collisions,45401,10.72328941,1972,767,23.02281947,21.42609155,0.03079227,0,0.00000000,8733,0.16132190,2594628,302083,0.11642632,success,306,956,-0.51505547,680,0.01570802,326,0.00753061,97,0.00224070,681,0.01573112,257,0.00593671,,,0.00706861,0.02208362,-0.01501502,0.02915223,2747,43290,warning_denominator_zero,warning_denominator_zero,success,exact-then-unique-porter-1.0.0,baek-smart-porter-1.0.0
S2023-458,0001744489,DIS,Walt Disney Company (The),0001744489-23-000216,2023,2023-11-21,1.0.3,0.3.0,1,4,0.07254920,55135,2869,3,0.00104566,success,5,0.05208333,3,0.03125000,4,0.04166667,0,0.00000000,0,0.00000000,96,success,0,2,0.00000000,0.02083333,-1.00000000,0.02083333,-0.02083333,10,success,2.62108108,2.57000000,0.66744282,1.79000000,4.53000000,37,51,14,0.72549020,31,9,warning_stem_collisions,2.98750589,2.89000000,0.84696875,1.26000000,5.00000000,22068,30643,8575,0.72016447,2113,5694,warning_stem_collisions,54799,10.91142722,2869,1526,19.10038341,19.96292089,0.03368675,4,0.07299403,13733,0.20038814,4941426,370725,0.07502389,success,272,748,-0.46666667,700,0.01342153,273,0.00523440,74,0.00141885,403,0.00772697,389,0.00745854,,,0.00521522,0.01434187,-0.00912664,0.01955709,2361,52155,warning_stem_collisions,success,success,exact-then-unique-porter-1.0.0,baek-smart-porter-1.0.0
S2023-459,0001437107,WBD,Warner Bros. Discovery,0001437107-24-000017,2023,2024-02-23,1.0.3,0.3.0,1,6,0.10380982,57798,2935,5,0.00170358,success,9,0.05454545,5,0.03030303,7,0.04242424,0,0.00000000,0,0.00000000,165,success,3,13,0.01818182,0.07878788,-0.62500000,0.09696970,-0.06060606,27,success,2.50833333,2.53500000,0.59103064,1.62000000,3.90000000,60,77,17,0.77922078,34,10,warning_stem_collisions,2.90176184,2.79000000,0.82426422,1.19000000,5.00000000,23027,30950,7923,0.74400646,2232,5725,warning_stem_collisions,57803,10.96479596,2935,1277,19.69437819,20.72094187,0.02738612,6,0.10380084,13773,0.19242484,3906058,391712,0.10028320,success,293,916,-0.51530190,898,0.01619010,449,0.00809505,102,0.00183896,530,0.00955540,497,0.00896044,,,0.00528252,0.01651462,-0.01123211,0.02179714,3035,55466,warning_stem_collisions,success,success,exact-then-unique-porter-1.0.0,baek-smart-porter-1.0.0
S2023-460,0000823768,WM,Waste Management,0001558370-24-001049,2023,2024-02-13,1.0.3,0.3.0,1,6,0.07531066,79670,3599,5,0.00138927,success,7,0.04794521,0,0.00000000,3,0.02054795,1,0.00684932,0,0.00000000,146,success,3,7,0.02054795,0.04794521,-0.40000000,0.06849315,-0.02739726,18,success,2.44551724,2.21500000,0.78117545,1.50000000,4.83000000,58,72,14,0.80555556,50,6,warning_stem_collisions,2.90405128,2.83000000,0.81778655,1.19000000,5.00000000,31632,42045,10413,0.75233678,2290,7832,warning_stem_collisions,79190,11.27960531,3599,1051,22.00333426,21.79644185,0.02867786,6,0.07576714,16050,0.16852163,4291720,533290,0.12426020,success,367,1420,-0.58925574,1172,0.01543913,469,0.00617829,161,0.00212090,816,0.01074943,821,0.01081530,,,0.00483461,0.01870612,-0.01387151,0.02354073,4419,75911,warning_stem_collisions,success,success,exact-then-unique-porter-1.0.0,baek-smart-porter-1.0.0
S2023-461,0001000697,WAT,Waters Corporation,0001193125-24-047491,2023,2024-02-27,1.0.3,0.3.0,0,0,0.00000000,53656,2522,0,0.00000000,success,,,,,,,,,,,0,warning_denominator_zero,,,,,,,,,warning_denominator_zero,,,,,,0,0,0,,0,0,warning_denominator_zero,2.92108034,2.86000000,0.80495016,1.23000000,5.00000000,21012,28524,7512,0.73664283,2039,5170,warning_stem_collisions,53501,10.88745562,2522,960,21.21371927,21.24796521,0.04463468,0,0.00000000,10445,0.16334094,3101241,361107,0.11643952,success,266,774,-0.48846154,836,0.01669896,318,0.00635200,104,0.00207738,443,0.00884885,383,0.00765036,,,0.00531331,0.01546052,-0.01014721,0.02077382,2671,50063,warning_denominator_zero,warning_denominator_zero,success,exact-then-unique-porter-1.0.0,baek-smart-porter-1.0.0
S2023-462,0000072971,WFC,Wells Fargo,0000072971-24-000064,2023,2024-02-20,1.0.3,0.3.0,0,0,0.00000000,8960,746,0,0.00000000,success,,,,,,,,,,,0,warning_denominator_zero,,,,,,,,,warning_denominator_zero,,,,,,0,0,0,,0,0,warning_denominator_zero,3.00864156,2.88000000,0.82563821,1.36000000,4.96000000,3585,4835,1250,0.74146846,860,825,warning_stem_collisions,8998,9.10475761,746,256,12.06166220,18.97438186,0.03667482,0,0.00000000,4339,0.32533553,1844351,59894,0.03247430,success,44,85,-0.31782946,94,0.01099287,57,0.00666589,19,0.00222196,123,0.01438428,114,0.01333177,,,0.00514560,0.00994036,-0.00479476,0.01508595,466,8551,warning_denominator_zero,warning_denominator_zero,success,exact-then-unique-porter-1.0.0,baek-smart-porter-1.0.0
S2023-463,0000766704,WELL,Welltower,0000766704-24-000008,2023,2024-02-15,1.0.3,0.3.0,0,0,0.00000000,76486,3170,0,0.00000000,success,,,,,,,,,,,0,warning_denominator_zero,,,,,,,,,warning_denominator_zero,,,,,,0,0,0,,0,0,warning_denominator_zero,2.85357042,2.74000000,0.79172482,1.26000000,5.00000000,28907,39199,10292,0.73744228,2285,7011,warning_stem_collisions,76972,11.25119700,3170,1312,24.28138801,22.50409753,0.03362262,0,0.00000000,38183,0.33157918,15292462,502188,0.03283892,success,495,1248,-0.43201377,1178,0.01604817,688,0.00937279,291,0.00396436,823,0.01121192,629,0.00856902,,,0.00674350,0.01700180,-0.01025830,0.02374530,4472,73404,warning_denominator_zero,warning_denominator_zero,success,exact-then-unique-porter-1.0.0,baek-smart-porter-1.0.0
S2023-464,0000105770,WST,West Pharmaceutical Services,0000105770-24-000015,2023,2024-02-20,1.0.3,0.3.0,0,0,0.00000000,35085,1744,0,0.00000000,success,,,,,,,,,,,0,warning_denominator_zero,,,,,,,,,warning_denominator_zero,,,,,,0,0,0,,0,0,warning_denominator_zero,2.87939466,2.82000000,0.78541971,1.19000000,5.00000000,13827,18140,4313,0.76223815,1750,3379,warning_stem_collisions,34881,10.45969755,1744,697,20.00057339,20.38086228,0.04136923,0,0.00000000,9065,0.20627588,2634931,233524,0.08862623,success,187,599,-0.52417303,545,0.01652517,247,0.00748939,64,0.00194057,328,0.00994542,319,0.00967253,,,0.00567010,0.01816252,-0.01249242,0.02383263,1919,32980,warning_denominator_zero,warning_denominator_zero,success,exact-then-unique-porter-1.0.0,baek-smart-porter-1.0.0
S2023-465,0001732845,WRK,WestRock,0000950170-23-064855,2023,2023-11-17,1.0.3,0.3.0,1,3,0.02709317,110729,4908,2,0.00040750,success,3,0.03296703,0,0.00000000,1,0.01098901,0,0.00000000,0,0.00000000,91,success,1,0,0.01098901,0.00000000,1.00000000,0.01098901,0.01098901,4,success,2.72538462,2.61000000,0.80706129,1.54000000,4.83000000,39,51,12,0.76470588,31,9,warning_stem_collisions,2.90508649,2.79000000,0.82597118,1.19000000,5.00000000,43358,57738,14380,0.75094392,2339,10339,warning_stem_collisions,109047,11.59953426,4908,1375,22.21821516,20.67808517,0.03975350,3,0.02751107,13589,0.11080759,9135836,730338,0.07994211,success,476,1716,-0.56569343,1790,0.01725750,649,0.00625705,240,0.00231386,800,0.00771285,956,0.00921686,,,0.00458915,0.01654406,-0.01195492,0.02113321,5607,103723,warning_stem_collisions,success,success,exact-then-unique-porter-1.0.0,baek-smart-porter-1.0.0
S2023-466,0000106040,WDC,Western Digital,0000106040-23-000024,2023,2023-08-22,1.0.3,0.3.0,1,1,0.02082162,48027,2234,1,0.00044763,success,0,0.00000000,0,0.00000000,0,0.00000000,0,0.00000000,0,0.00000000,40,success,1,0,0.02500000,0.00000000,1.00000000,0.02500000,0.02500000,1,success,3.19300000,3.00000000,0.78670261,1.85000000,4.54000000,20,24,4,0.83333333,17,3,warning_stem_collisions,2.90906007,2.80000000,0.80715047,1.19000000,5.00000000,19129,25108,5979,0.76186873,2163,4494,warning_stem_collisions,47962,10.77816431,2234,983,21.46911370,20.55602202,0.03181686,1,0.02084984,8890,0.15637093,2621356,317929,0.12128418,success,265,993,-0.57869634,889,0.01941684,457,0.00998143,93,0.00203123,452,0.00987223,445,0.00971934,,,0.00578792,0.02168833,-0.01590040,0.02747625,2944,45785,warning_stem_collisions,success,success,exact-then-unique-porter-1.0.0,baek-smart-porter-1.0.0
S2023-467,0000106535,WY,Weyerhaeuser,0000950170-24-016434,2023,2024-02-16,1.0.3,0.3.0,1,4,0.06897027,57996,3109,2,0.00064329,success,2,0.02564103,0,0.00000000,1,0.01282051,0,0.00000000,0,0.00000000,78,success,3,0,0.03846154,0.00000000,1.00000000,0.03846154,0.03846154,5,success,2.75533333,2.54500000,0.90726965,1.63000000,4.73000000,30,47,17,0.63829787,30,11,warning_stem_collisions,2.97304000,2.87000000,0.85564084,1.26000000,5.00000000,22977,30620,7643,0.75039190,2185,5388,warning_stem_collisions,57657,10.96226694,3109,1328,18.54519138,19.30579615,0.04153876,4,0.06937579,15101,0.20755106,6227567,379107,0.06087562,success,278,672,-0.41473684,868,0.01589627,360,0.00659292,134,0.00245403,431,0.00789319,440,0.00805802,,,0.00509120,0.01230679,-0.00721559,0.01739799,2719,54604,warning_stem_collisions,success,success,exact-then-unique-porter-1.0.0,baek-smart-porter-1.0.0
S2023-468,0000106640,WHR,Whirlpool Corporation,0000106640-24-000020,2023,2024-02-14,1.0.3,0.3.0,1,7,0.13129021,53317,2617,5,0.00191058,success,10,0.06756757,4,0.02702703,6,0.04054054,0,0.00000000,0,0.00000000,148,success,2,11,0.01351351,0.07432432,-0.69230769,0.08783784,-0.06081081,27,success,2.68666667,2.61000000,0.77524314,1.28000000,4.64000000,69,88,19,0.78409091,41,12,warning_stem_collisions,2.87922523,2.76000000,0.82438717,1.19000000,5.00000000,21658,28368,6710,0.76346588,2124,4756,warning_stem_collisions,53085,10.87964968,2617,1147,20.28467711,20.92877785,0.03835358,7,0.13186399,12175,0.18656145,3279568,357714,0.10907351,success,331,1061,-0.52442529,1056,0.02095404,393,0.00779824,98,0.00194460,450,0.00892928,422,0.00837368,,,0.00656798,0.02105326,-0.01448528,0.02762124,3193,50396,warning_stem_collisions,success,success,exact-then-unique-porter-1.0.0,baek-smart-porter-1.0.0
S2023-469,0000107263,WMB,Williams Companies,0000107263-24-000019,2023,2024-02-21,1.0.3,0.3.0,0,0,0.00000000,59849,3070,0,0.00000000,success,,,,,,,,,,,0,warning_denominator_zero,,,,,,,,,warning_denominator_zero,,,,,,0,0,0,,0,0,warning_denominator_zero,2.92599494,2.83000000,0.83784413,1.19000000,5.00000000,24529,32616,8087,0.75205421,2208,5477,warning_stem_collisions,59372,10.99157801,3070,1409,19.33941368,21.09865287,0.02991309,0,0.00000000,15632,0.20841555,4405134,402398,0.09134750,success,296,1045,-0.55853840,989,0.01735727,392,0.00687973,93,0.00163218,821,0.01440882,432,0.00758174,,,0.00519490,0.01834009,-0.01314519,0.02353499,3488,56979,warning_denominator_zero,warning_denominator_zero,success,exact-then-unique-porter-1.0.0,baek-smart-porter-1.0.0
S2023-470,0001140536,WTW,Willis Towers Watson,0000950170-24-018575,2023,2024-02-22,1.0.3,0.3.0,1,6,0.05674349,105739,4126,5,0.00121183,success,4,0.01809955,11,0.04977376,4,0.01809955,0,0.00000000,1,0.00452489,221,success,1,9,0.00452489,0.04072398,-0.80000000,0.04524887,-0.03619910,25,success,2.84689655,2.79000000,0.70410179,1.50000000,4.57000000,87,130,43,0.66923077,65,29,warning_stem_collisions,2.84252325,2.77000000,0.78215707,1.19000000,5.00000000,40650,54061,13411,0.75192838,2437,9897,warning_stem_collisions,105285,11.56442624,4126,1427,25.51745032,21.93448616,0.03487676,6,0.05698817,11076,0.09518653,7425599,698865,0.09411564,success,558,1774,-0.52144082,1958,0.01953390,800,0.00798116,228,0.00227463,1132,0.01129335,838,0.00836027,,,0.00556686,0.01769823,-0.01213137,0.02326509,6134,100236,warning_stem_collisions,success,success,exact-then-unique-porter-1.0.0,baek-smart-porter-1.0.0
S2023-471,0001174922,WYNN,Wynn Resorts,0001174922-24-000046,2023,2024-02-23,1.0.3,0.3.0,0,0,0.00000000,58207,2498,0,0.00000000,success,,,,,,,,,,,0,warning_denominator_zero,,,,,,,,,warning_denominator_zero,,,,,,0,0,0,,0,0,warning_denominator_zero,2.95464906,2.86000000,0.84338856,1.17000000,5.00000000,22297,31028,8731,0.71860900,2213,5068,warning_stem_collisions,57987,10.96797413,2498,1100,23.21337070,20.95340794,0.03766361,0,0.00000000,10034,0.14751327,3112285,378814,0.12171572,success,221,1067,-0.65683230,831,0.01507182,410,0.00743616,148,0.00268427,660,0.01197040,543,0.00984837,,,0.00400827,0.01935215,-0.01534388,0.02336042,3276,55136,warning_denominator_zero,warning_denominator_zero,success,exact-then-unique-porter-1.0.0,baek-smart-porter-1.0.0
S2023-472,0000072903,XEL,Xcel Energy,0000072903-24-000034,2023,2024-02-21,1.0.3,0.3.0,1,4,0.08213046,48703,3363,3,0.00089206,success,3,0.03571429,0,0.00000000,0,0.00000000,1,0.01190476,0,0.00000000,84,success,1,2,0.01190476,0.02380952,-0.33333333,0.03571429,-0.01190476,7,success,2.99216216,2.96000000,0.78453682,1.63000000,5.00000000,37,51,14,0.72549020,34,12,warning_stem_collisions,2.88227266,2.83000000,0.79081021,1.26000000,5.00000000,19761,27533,7772,0.71772055,2156,5029,warning_stem_collisions,48376,10.78675910,3363,1378,14.38477550,19.35232333,0.03385977,4,0.08268563,20899,0.30168170,4977750,328086,0.06591050,success,170,707,-0.61231471,906,0.01970208,361,0.00785039,84,0.00182668,743,0.01615744,390,0.00848103,,,0.00369686,0.01537458,-0.01167772,0.01907144,2894,45985,warning_stem_collisions,success,success,exact-then-unique-porter-1.0.0,baek-smart-porter-1.0.0
S2023-473,0001524472,XYL,Xylem Inc.,0001524472-24-000006,2023,2024-02-28,1.0.3,0.3.0,1,1,0.01802744,55471,2517,1,0.00039730,success,2,0.00716846,4,0.01433692,2,0.00716846,0,0.00000000,4,0.01433692,279,success,11,3,0.03942652,0.01075269,0.57142857,0.05017921,0.02867384,23,success,2.74664062,2.60500000,0.74726091,1.54000000,5.00000000,128,167,39,0.76646707,99,28,warning_stem_collisions,2.85763738,2.75000000,0.81271515,1.26000000,5.00000000,22619,29850,7231,0.75775544,2295,5565,warning_stem_collisions,55375,10.92188351,2517,1012,22.00039730,21.52403420,0.02938149,1,0.01805869,11168,0.16783133,3453993,376332,0.10895563,success,404,1047,-0.44314266,971,0.01828143,354,0.00666491,123,0.00231577,509,0.00958316,486,0.00915013,,,0.00760628,0.01971232,-0.01210604,0.02731860,3364,53114,warning_stem_collisions,success,success,exact-then-unique-porter-1.0.0,baek-smart-porter-1.0.0
S2023-474,0001041061,YUM,Yum! Brands,0001041061-24-000011,2023,2024-02-20,1.0.3,0.3.0,1,4,0.07956399,50274,2220,3,0.00135135,success,5,0.03205128,2,0.01282051,3,0.01923077,0,0.00000000,1,0.00641026,156,success,0,5,0.00000000,0.03205128,-1.00000000,0.03205128,-0.03205128,13,success,2.69307692,2.59000000,0.65635338,1.62000000,4.25000000,65,82,17,0.79268293,55,15,warning_stem_collisions,2.93663534,2.83000000,0.87464927,1.19000000,5.00000000,19791,26217,6426,0.75489186,2151,4499,warning_stem_collisions,50214,10.82404915,2220,869,22.61891892,21.04740540,0.03033019,4,0.07965906,10753,0.17637410,3095561,332670,0.10746679,success,240,1013,-0.61691939,885,0.01843251,393,0.00818528,88,0.00183284,442,0.00920584,369,0.00768542,,,0.00499865,0.02109845,-0.01609981,0.02609710,2858,48013,warning_stem_collisions,success,success,exact-then-unique-porter-1.0.0,baek-smart-porter-1.0.0
S2023-475,0000877212,ZBRA,Zebra Technologies,0000877212-24-000029,2023,2024-02-15,1.0.3,0.3.0,1,17,0.45578851,37298,1887,12,0.00635930,success,7,0.02147239,9,0.02760736,6,0.01840491,0,0.00000000,2,0.00613497,326,success,1,7,0.00306748,0.02147239,-0.75000000,0.02453988,-0.01840491,26,success,2.73360902,2.61000000,0.75804491,1.26000000,4.93000000,133,185,52,0.71891892,87,35,warning_stem_collisions,2.89451538,2.82000000,0.79801051,1.26000000,5.00000000,15115,20099,4984,0.75202746,1980,3771,warning_stem_collisions,37185,10.52366073,1887,794,19.70588235,20.58990771,0.02821030,17,0.45717359,7141,0.16110184,2271951,254359,0.11195620,success,281,692,-0.42240493,728,0.02050358,363,0.01022362,67,0.00188701,345,0.00971667,288,0.00811131,,,0.00791416,0.01948966,-0.01157551,0.02740382,2278,35506,warning_stem_collisions,success,success,exact-then-unique-porter-1.0.0,baek-smart-porter-1.0.0
S2023-476,0001136869,ZBH,Zimmer Biomet,0000950170-24-019353,2023,2024-02-23,1.0.3,0.3.0,1,18,0.27109659,66397,2841,12,0.00422386,success,6,0.01408451,6,0.01408451,1,0.00234742,0,0.00000000,3,0.00704225,426,success,3,6,0.00704225,0.01408451,-0.33333333,0.02112676,-0.00704225,24,success,3.05472081,2.93000000,0.77172202,1.57000000,4.79000000,197,281,84,0.70106762,76,68,warning_stem_collisions,2.87865963,2.76000000,0.81169794,1.19000000,5.00000000,25963,34660,8697,0.74907675,2105,6408,warning_stem_collisions,66350,11.10269904,2841,858,23.35445266,20.99457548,0.03214770,18,0.27128862,9720,0.12777705,5117893,440869,0.08614268,success,370,1360,-0.57225434,1132,0.01779594,460,0.00723157,148,0.00232668,821,0.01290678,452,0.00710580,,,0.00581670,0.02138029,-0.01556359,0.02719698,4020,63610,warning_stem_collisions,success,success,exact-then-unique-porter-1.0.0,baek-smart-porter-1.0.0
S2023-477,0000109380,ZION,Zions Bancorporation,0000109380-24-000061,2023,2024-02-23,1.0.3,0.3.0,1,3,0.05509642,54450,3022,2,0.00066181,success,2,0.02597403,0,0.00000000,1,0.01298701,0,0.00000000,0,0.00000000,77,success,2,0,0.02597403,0.00000000,1.00000000,0.02597403,0.02597403,4,success,2.79052632,2.73500000,0.76955540,1.63000000,4.78000000,38,47,9,0.80851064,31,7,warning_stem_collisions,2.80897808,2.71000000,0.78614365,1.19000000,5.00000000,21802,29542,7740,0.73800014,2120,5372,warning_stem_collisions,54202,10.90047309,3022,1467,17.93580410,20.96730307,0.03669606,3,0.05534851,19174,0.26131160,6828609,370924,0.05431912,success,235,1045,-0.63281250,982,0.01905723,322,0.00624891,68,0.00131965,438,0.00850007,436,0.00846125,,,0.00456054,0.02027984,-0.01571930,0.02484038,3068,51529,warning_stem_collisions,success,success,exact-then-unique-porter-1.0.0,baek-smart-porter-1.0.0
S2023-478,0001555280,ZTS,Zoetis,0001555280-24-000143,2023,2024-02-13,1.0.3,0.3.0,1,5,0.08287201,60334,2974,3,0.00100874,success,0,0.00000000,0,0.00000000,0,0.00000000,0,0.00000000,0,0.00000000,69,success,0,0,0.00000000,0.00000000,,0.00000000,0.00000000,0,success,3.49586207,3.43000000,0.66511351,2.24000000,4.86000000,29,46,17,0.63043478,20,2,warning_stem_collisions,2.90135065,2.81000000,0.84074284,1.04000000,5.00000000,23285,31642,8357,0.73588901,2433,6157,warning_stem_collisions,60202,11.00546085,2974,1363,20.24277068,20.53232227,0.02777316,5,0.08305372,10378,0.14703882,3288013,406260,0.12355791,success,370,1224,-0.53575910,1260,0.02178800,571,0.00987377,107,0.00185025,636,0.01099775,475,0.00821373,,,0.00639806,0.02116549,-0.01476742,0.02756355,3804,57830,warning_stem_collisions,success,success,exact-then-unique-porter-1.0.0,baek-smart-porter-1.0.0
S2023-479,0001065088,EBAY,eBay Inc.,0001065088-24-000036,2023,2024-02-28,1.0.3,0.3.0,1,18,0.33769206,53303,2463,13,0.00527812,success,13,0.02284710,15,0.02636204,8,0.01405975,0,0.00000000,6,0.01054482,569,success,3,23,0.00527241,0.04042179,-0.76923077,0.04569420,-0.03514938,57,success,2.85874477,2.63000000,0.82961861,1.30000000,5.00000000,239,335,96,0.71343284,175,66,warning_stem_collisions,2.86110800,2.74000000,0.81107081,1.19000000,5.00000000,21056,27617,6561,0.76242894,2118,5187,warning_stem_collisions,53093,10.87980037,2463,1166,21.55623224,20.52529950,0.02868551,18,0.33902774,8563,0.13888348,3075061,353063,0.11481496,success,301,1319,-0.62839506,1034,0.02023800,543,0.01062789,85,0.00166367,682,0.01334847,411,0.00804431,,,0.00589133,0.02581617,-0.01992484,0.03170751,3615,51092,warning_stem_collisions,success,success,exact-then-unique-porter-1.0.0,baek-smart-porter-1.0.0
