company_id,cik,ticker,company_name,accession_number,report_year,filing_date,parser_version,language_measurement_version,report_positive_count,report_negative_count,report_net_tone,report_uncertainty_count,report_uncertainty_ratio,report_weak_modal_count,report_weak_modal_ratio,report_strong_modal_count,report_strong_modal_ratio,report_litigious_count,report_litigious_ratio,report_constraining_count,report_constraining_ratio,report_positive_ratio,report_negative_ratio,report_net_tone_by_words,report_sentiment_word_coverage,report_total_lm_matched_word_count,report_total_eligible_word_count,lm_report_status
S2023-001,0000066740,MMM,3M,0000066740-24-000016,2023,2024-02-07,1.0.3,0.3.0,250,1737,-0.7483643683945647,884,0.014736526247353594,318,0.005301148582192808,103,0.0017170386917165386,1552,0.02587227232567056,431,0.007184890059512895,0.0041675696400886855,0.02895627385933619,-0.024788704219247504,0.033123843499424876,4375,59987,success
S2023-002,0000091142,AOS,A. O. Smith,0000091142-24-000041,2023,2024-02-13,1.0.3,0.3.0,137,415,-0.5036231884057971,457,0.018070383550810597,153,0.006049822064056939,51,0.0020166073546856464,206,0.008145512060102807,166,0.0065638592328983785,0.005417160933175168,0.01640964808224595,-0.010992487149070779,0.021826809015421115,1356,25290,success
S2023-003,0000874761,AES,AES Corporation,0000874761-24-000011,2023,2024-02-26,1.0.3,0.3.0,508,1692,-0.5381818181818182,1651,0.016418058870326175,616,0.006125696101829754,268,0.0026650755767700877,1389,0.013812649164677804,946,0.009407319013524264,0.005051710421638823,0.016825775656324583,-0.011774065234685759,0.021877486077963405,6003,100560,success
S2023-004,0001841666,APA,APA Corporation,0001784031-24-000003,2023,2024-02-22,1.0.3,0.3.0,246,1022,-0.61198738170347,917,0.015941172380223908,369,0.0064147138585633826,124,0.0021556220012516514,556,0.00966553090883805,507,0.008813712537375704,0.004276475905708921,0.017766497461928935,-0.013490021556220012,0.022042973367637855,3201,57524,success
S2023-005,0000732717,T,AT&T,0000732717-24-000009,2023,2024-02-23,1.0.3,0.3.0,233,651,-0.47285067873303166,561,0.013234253361641897,239,0.005638122198631753,98,0.002311866006133522,432,0.01019108280254777,353,0.008327435715970747,0.0054965793819297,0.015357395612172682,-0.009860816230242982,0.02085397499410238,2223,42390,success
S2023-006,0001551152,ABBV,AbbVie,0001551152-24-000011,2023,2024-02-20,1.0.3,0.3.0,382,917,-0.41185527328714394,809,0.01809802912686517,357,0.007986398514574618,140,0.003131920986107693,621,0.013892306659806269,383,0.008568040983423189,0.008545670119236706,0.020514082459005392,-0.011968412339768685,0.029059752578242098,3037,44701,success
S2023-007,0000001800,ABT,Abbott Laboratories,0001628280-24-005348,2023,2024-02-16,1.0.3,0.3.0,187,699,-0.5778781038374717,600,0.01698994761432819,214,0.006059747982443721,88,0.002491858983434801,431,0.012204445702959083,265,0.007503893529661617,0.005295200339798952,0.01979328897069234,-0.014498088630893389,0.02508848931049129,2117,35315,success
S2023-008,0001467373,ACN,Accenture,0001467373-23-000324,2023,2023-10-12,1.0.3,0.3.0,398,830,-0.3517915309446254,830,0.021277141172549925,443,0.011356353661975441,92,0.002358430105873004,577,0.014791458381399164,289,0.007408546745622805,0.010202773718885385,0.021277141172549925,-0.011074367453664538,0.03147991489143531,2885,39009,success
S2023-009,0000796343,ADBE,Adobe Inc.,0000796343-24-000006,2023,2024-01-17,1.0.3,0.3.0,519,874,-0.2548456568557071,719,0.01600302699815264,367,0.008168443544258719,86,0.001914131184758174,488,0.010861581606534755,310,0.006899775200872487,0.011551559126622004,0.019452914598588885,-0.007901355471966881,0.03100447372521089,2848,44929,success
S2023-010,0000002488,AMD,Advanced Micro Devices,0000002488-24-000012,2023,2024-01-31,1.0.3,0.3.0,335,1095,-0.5314685314685315,1036,0.02148976332220125,593,0.01230060777033334,127,0.0026343628783007324,380,0.007882345620112427,398,0.00825571988632828,0.006948909954572797,0.02271360119479765,-0.015764691240224855,0.02966251114937045,3182,48209,success
S2023-011,0000004977,AFL,Aflac,0000004977-24-000053,2023,2024-02-22,1.0.3,0.3.0,426,1243,-0.4895146794487717,1216,0.0158535631404657,381,0.004967275951083414,173,0.0022554822560037547,692,0.009021929024015019,435,0.0056712993142290944,0.0055539620870381475,0.01620557482203854,-0.010651612735000392,0.021759536909076685,3967,76702,success
S2023-012,0001090872,A,Agilent Technologies,0001090872-23-000020,2023,2023-12-20,1.0.3,0.3.0,347,1018,-0.49157509157509155,904,0.01612759352755428,397,0.0070825825557954076,116,0.0020694699659251064,565,0.010079745954721425,497,0.008866608388489466,0.00619056963944838,0.018161382976825506,-0.011970813337377125,0.024351952616273882,3261,56053,success
S2023-013,0000002969,APD,Air Products,0000002969-23-000047,2023,2023-11-16,1.0.3,0.3.0,209,797,-0.584493041749503,845,0.017681523331240845,325,0.0068005858966310945,71,0.00148566645741787,541,0.01132035990793053,364,0.007616656204226826,0.004373299853525843,0.01667712910650764,-0.012303829252981796,0.02105042896003348,2664,47790,success
S2023-014,0001559720,ABNB,Airbnb,0001559720-24-000006,2023,2024-02-16,1.0.3,0.3.0,425,2498,-0.7092028737598358,1760,0.02165860621946567,1158,0.014250378410307527,207,0.0025473474360394287,1457,0.01792988026236448,846,0.010410898216856795,0.005230061160950517,0.030740453600127983,-0.025510392439177465,0.0359705147610785,6830,81261,success
S2023-015,0001086222,AKAM,Akamai Technologies,0001086222-24-000040,2023,2024-02-28,1.0.3,0.3.0,361,896,-0.42561654733492443,818,0.018221915305963333,387,0.008620881691207592,98,0.0021830656479026977,405,0.009021852932659108,359,0.007997148648949678,0.008041701009110957,0.019959457352253237,-0.011917756343142278,0.028001158361364194,2810,44891,success
S2023-016,0000915913,ALB,Albemarle Corporation,0000915913-24-000016,2023,2024-02-15,1.0.3,0.3.0,457,1309,-0.4824462061155153,1360,0.018281535648994516,625,0.00840144101516292,148,0.0019894612323905795,730,0.009812883105710291,569,0.007648671900204323,0.006143133670287127,0.017595978062157222,-0.011452844391870094,0.02373911173244435,4365,74392,success
S2023-017,0001035443,ARE,Alexandria Real Estate Equities,0001035443-24-000072,2023,2024-01-29,1.0.3,0.3.0,749,2081,-0.4706713780918728,1782,0.01971326164874552,1087,0.012024868357006948,210,0.002323111642108058,601,0.006648524270985442,809,0.008949511040311518,0.008285764856852073,0.023020930129651753,-0.014735165272799682,0.031306694986503826,5937,90396,success
S2023-018,0001097149,ALGN,Align Technology,0001097149-24-000011,2023,2024-02-28,1.0.3,0.3.0,398,1071,-0.45813478556841386,913,0.0189368012776637,469,0.009727666811855724,101,0.002094870678032896,562,0.011656607139153341,404,0.008379482712131583,0.008255034949080123,0.022213925704685458,-0.013958890755605335,0.030468960653765583,3213,48213,success
S2023-019,0001579241,ALLE,Allegion,0001579241-24-000006,2023,2024-02-20,1.0.3,0.3.0,298,791,-0.4527089072543618,799,0.020862163502963525,337,0.008799185357320034,99,0.0025849238883521764,378,0.009869709391890127,333,0.008694743988093685,0.0077808820073631164,0.020653280764510822,-0.012872398757147706,0.02843416277187394,2530,38299,success
S2023-020,0000352541,LNT,Alliant Energy,0000352541-24-000014,2023,2024-02-16,1.0.3,0.3.0,181,586,-0.5280312907431551,704,0.013743021122086441,324,0.006324913130051146,87,0.0016983563034396595,679,0.013254987701557802,447,0.008726037559052043,0.0035333619646273377,0.01143950337719127,-0.007906141412563933,0.014972865341818608,2611,51226,success
S2023-021,0000899051,ALL,Allstate,0000899051-24-000013,2023,2024-02-21,1.0.3,0.3.0,443,2444,-0.6931070315206096,1534,0.018483486559107396,515,0.006205342619257046,140,0.001686889255720362,1658,0.019977588471316858,578,0.006964442784331209,0.005337799573458002,0.029448266721289747,-0.024110467147831743,0.03478606629474775,6169,82993,success
S2023-022,0001652044,GOOGL|GOOG,Alphabet Inc. (Class A)|Alphabet Inc. (Class C),0001652044-24-000022,2023,2024-01-31,1.0.3,0.3.0,298,1012,-0.5450381679389313,811,0.01918936185315761,457,0.010813240896292264,113,0.0026737335257790503,600,0.014196815181127701,277,0.006554196341953955,0.0070510848732934246,0.023945294938835387,-0.016894210065541964,0.030996379812128813,2932,42263,success
S2023-023,0000764180,MO,Altria,0000764180-24-000018,2023,2024-02-27,1.0.3,0.3.0,273,1749,-0.7299703264094956,987,0.016211421907593254,371,0.006093655043279733,101,0.001658919567038418,1360,0.02233792684328959,522,0.008573821920733209,0.004484010314866219,0.028727230918318743,-0.024243220603452523,0.03321124123318496,4447,60883,success
S2023-024,0001018724,AMZN,Amazon,0001018724-24-000008,2023,2024-02-02,1.0.3,0.3.0,214,821,-0.5864734299516908,588,0.017361008591927723,259,0.007647110927396734,52,0.0015353272904425877,427,0.01260739909651894,283,0.00835572352298562,0.006318462310667572,0.024240455874103162,-0.01792199356343559,0.030558918184770734,2221,33869,success
S2023-025,0001748790,AMCR,Amcor,0001748790-23-000030,2023,2023-08-17,1.0.3,0.3.0,265,965,-0.5691056910569106,779,0.019336742292607855,326,0.008092141190488011,79,0.001960979000148935,398,0.009879362557712356,369,0.009159509507024773,0.006577967532145162,0.023953730824604082,-0.017375763292458917,0.030531698356749244,2670,40286,success
S2023-026,0001002910,AEE,Ameren,0001002910-24-000056,2023,2024-02-29,1.0.3,0.3.0,236,980,-0.6118421052631579,1042,0.012160821614051468,409,0.004773297543327303,201,0.002345801482173076,1253,0.014623329637626189,786,0.009173134154169342,0.0027542743770788353,0.011437241057361266,-0.00868296668028243,0.0141915154344401,4348,85685,success
S2023-027,0000006201,AAL,American Airlines Group,0000006201-24-000010,2023,2024-02-21,1.0.3,0.3.0,375,1471,-0.5937161430119177,1265,0.01524518842570833,668,0.008050423611362184,297,0.0035793051086445643,831,0.010014823384793377,942,0.01135254347590296,0.004519324632126975,0.01772780409029008,-0.013208479458163105,0.022247128722417055,4911,82977,success
S2023-028,0000004904,AEP,American Electric Power,0000004904-24-000020,2023,2024-02-26,1.0.3,0.3.0,359,1772,-0.663068981698733,1492,0.01375394089124062,553,0.005097807850439721,185,0.0017054149228414978,1880,0.017330702999686573,864,0.007964748612621914,0.0033094267962167443,0.016335109423108833,-0.013025682626892089,0.01964453621932558,6212,108478,success
S2023-029,0000004962,AXP,American Express,0000004962-24-000013,2023,2024-02-09,1.0.3,0.3.0,372,1728,-0.6457142857142857,1505,0.020774667329247418,574,0.007923361493015294,123,0.001697863177074706,940,0.01297553972723759,654,0.009027662746397217,0.00513500082822594,0.023852907073049528,-0.018717906244823588,0.028987907901275468,5090,72444,success
S2023-030,0000005272,AIG,American International Group,0000005272-24-000023,2023,2024-02-14,1.0.3,0.3.0,808,3075,-0.5838269379345866,2679,0.022190745986779982,798,0.0066100094428706326,205,0.0016980600699103756,1536,0.012723025694547984,807,0.006684558421549624,0.006692841641402846,0.025470901048655632,-0.018778059407252787,0.03216374269005848,8686,120726,success
S2023-031,0001053507,AMT,American Tower,0001053507-24-000011,2023,2024-02-27,1.0.3,0.3.0,300,1004,-0.5398773006134969,1032,0.016075016744809108,513,0.007990778672564994,175,0.002725899157307746,473,0.007367716008037508,683,0.010638794996806804,0.004672969983956136,0.01563887287963987,-0.010965902895683733,0.020311842863596007,3410,64199,success
S2023-032,0001410636,AWK,American Water Works,0001410636-24-000050,2023,2024-02-14,1.0.3,0.3.0,464,1798,-0.5897435897435898,1256,0.015861189336633538,562,0.007097124528015962,173,0.0021847020344248425,1611,0.02034424842461515,711,0.008978746511422329,0.005859547653023855,0.02270574715546744,-0.016846199502443582,0.028565294808491293,5736,79187,success
S2023-033,0000820027,AMP,Ameriprise Financial,0000820027-24-000015,2023,2024-02-22,1.0.3,0.3.0,371,1315,-0.5599051008303677,1737,0.020987132241889687,502,0.00606536579471999,155,0.0018727723071346584,1054,0.012734851688515677,570,0.0068869691294629375,0.004482571135141666,0.015888358605690812,-0.011405787470549145,0.020370929740832478,4962,82765,success
S2023-034,0001037868,AME,Ametek,0001037868-24-000009,2023,2024-02-22,1.0.3,0.3.0,251,417,-0.24850299401197604,479,0.01623233589752279,191,0.006472601579179234,66,0.002236605781287065,270,0.009149750923447084,284,0.009624182452811008,0.008505879562167475,0.014131281981768273,-0.0056254024196008,0.02263716154393575,1647,29509,success
S2023-035,0000318154,AMGN,Amgen,0000318154-24-000011,2023,2024-02-14,1.0.3,0.3.0,491,1686,-0.5489205328433624,1200,0.016243215073703587,598,0.008094535511728954,136,0.0018408977083530734,1153,0.015607022483316864,541,0.007322982795728034,0.006646182167657052,0.022821717178553542,-0.01617553501089649,0.029467899346210594,4890,73877,success
S2023-036,0000820313,APH,Amphenol,0001558370-24-000866,2023,2024-02-07,1.0.3,0.3.0,223,867,-0.5908256880733945,1003,0.016492912816127865,365,0.00600190745552011,119,0.001956786266320255,596,0.009800374913671195,454,0.007465386259742823,0.0036669188015917386,0.014256585654619002,-0.010589666853027263,0.017923504456210743,3116,60814,success
S2023-037,0000006281,ADI,Analog Devices,0000006281-23-000203,2023,2023-11-21,1.0.3,0.3.0,257,849,-0.5352622061482821,850,0.019504807361343766,441,0.010119552995708943,102,0.002340576883361252,451,0.010349021317607104,418,0.00959177585534317,0.005897335872782762,0.01948186052915395,-0.013584524656371187,0.025379196401936713,2742,43579,success
S2023-038,0000315293,AON,Aon plc,0001628280-24-005392,2023,2024-02-16,1.0.3,0.3.0,365,1057,-0.4866385372714487,1116,0.022109079382689144,511,0.01012342254888365,125,0.002476375378885433,706,0.013986568139944925,402,0.007964023218495552,0.007231016106345464,0.02094023020385522,-0.013709214097509756,0.028171246310200685,3555,50477,success
S2023-039,0000320193,AAPL,Apple Inc.,0000320193-23-000106,2023,2023-11-03,1.0.3,0.3.0,89,571,-0.7303030303030303,421,0.018489240228370663,207,0.00909090909090909,49,0.0021519543258673693,252,0.011067193675889328,221,0.009705753184014053,0.003908651734738691,0.02507685551163812,-0.02116820377689943,0.028985507246376812,1512,22770,success
S2023-040,0000006951,AMAT,Applied Materials,0000006951-23-000041,2023,2023-12-15,1.0.3,0.3.0,228,703,-0.5102040816326531,662,0.01783453218028503,327,0.00880950456639457,78,0.002101349713084943,348,0.009375252566071284,378,0.010183463994180878,0.0061424068536329104,0.018939087798701473,-0.012796680945068563,0.025081494652334384,2257,37119,success
S2023-041,0001521332,APTV,Aptiv,0001521332-24-000011,2023,2024-02-06,1.0.3,0.3.0,476,1151,-0.4148740012292563,1186,0.018742098609355246,404,0.0063843236409608095,149,0.002354614412136536,487,0.007695954487989886,438,0.006921618204804045,0.00752212389380531,0.018189001264222505,-0.010666877370417193,0.025711125158027814,3675,63280,success
S2023-042,0000947484,ACGL,Arch Capital Group,0000947484-24-000020,2023,2024-02-23,1.0.3,0.3.0,551,2527,-0.6419753086419753,1938,0.01914735958108976,704,0.006955490786938695,295,0.0029145877587314134,1390,0.013733142320802253,893,0.008822802944227635,0.00544385713580003,0.02496665514004841,-0.019522798004248384,0.030410512275848442,7259,101215,success
S2023-043,0000007084,ADM,Archer Daniels Midland,0000007084-24-000009,2023,2024-03-12,1.0.3,0.3.0,376,884,-0.4031746031746032,694,0.014357828533598146,216,0.004468718967229395,60,0.0012413108242303873,460,0.009516716319099635,338,0.006992717643164515,0.007778881165177094,0.01828864614366104,-0.010509764978483946,0.026067527308838132,2622,48336,success
S2023-044,0001596532,ANET,Arista Networks,0001596532-24-000043,2023,2024-02-13,1.0.3,0.3.0,438,1812,-0.6106666666666667,1472,0.024272404979800478,902,0.014873443812350565,170,0.0028031989446780444,677,0.011163327562041388,574,0.009464918789677632,0.007222359633935196,0.029878802869156566,-0.022656443235221372,0.03710116250309176,4872,60645,success
S2023-045,0000354190,AJG,Arthur J. Gallagher & Co.,0000950170-24-013370,2023,2024-02-09,1.0.3,0.3.0,330,1644,-0.6656534954407295,1969,0.02052089087138227,684,0.0071286385759398024,233,0.002428322789757272,1163,0.01212076997634209,822,0.008566872674594325,0.003439255453304291,0.01713374534918865,-0.013694489895884357,0.020573000802492938,5798,95951,success
S2023-046,0001267238,AIZ,Assurant,0001267238-24-000008,2023,2024-02-15,1.0.3,0.3.0,564,1910,-0.5440582053354891,1621,0.022306930148070676,655,0.009013596080805857,158,0.0021742720317058403,1119,0.015398800022017945,572,0.007871415203390764,0.007761325480266417,0.02628392139593769,-0.01852259591567127,0.034045246876204104,5496,72668,success
S2023-047,0000731802,ATO,Atmos Energy,0000731802-23-000028,2023,2023-11-14,1.0.3,0.3.0,131,339,-0.4425531914893617,458,0.014485877850523453,182,0.005756396875098839,57,0.0018028275927507353,387,0.01224025049814973,265,0.00838156687857798,0.004143340607900813,0.010722079893728058,-0.006578739285827245,0.014865420501628871,1578,31617,success
S2023-048,0000866787,AZO,AutoZone,0001558370-23-016668,2023,2023-10-24,1.0.3,0.3.0,191,644,-0.5425149700598803,563,0.014752122419033644,221,0.005790797610313384,90,0.002358243370715858,308,0.008070432868672046,269,0.007048527408028508,0.005004716486741432,0.016874541452677916,-0.011869824965936485,0.021879257939419347,1949,38164,success
S2023-049,0000769397,ADSK,Autodesk,0000769397-23-000036,2023,2023-03-14,1.0.3,0.3.0,377,1086,-0.48462064251537934,972,0.018756874626116825,453,0.008741629841184076,125,0.0024121495146755176,496,0.009571409274232454,477,0.009204762548001776,0.007275042936261362,0.020956754983500896,-0.013681712047239536,0.02823179791976226,3315,51821,success
S2023-050,0000008670,ADP,Automatic Data Processing,0000008670-23-000030,2023,2023-08-03,1.0.3,0.3.0,268,597,-0.38034682080924853,541,0.015224426621640636,257,0.007232306177008583,58,0.001632193611931898,344,0.009680596594906431,354,0.009962009286618827,0.0075418601378922185,0.016800337695230056,-0.009258477557337837,0.024342197833122275,2034,35535,success
S2023-051,0000915912,AVB,AvalonBay Communities,0000915912-24-000004,2023,2024-02-23,1.0.3,0.3.0,304,749,-0.4226020892687559,853,0.01857214396133162,458,0.009971913170328115,133,0.0028957739119075095,367,0.007990594177970345,380,0.008273639748307169,0.006618911798645736,0.016307779398637028,-0.009688867599991291,0.022926691197282762,2662,45929,success
S2023-052,0000008818,AVY,Avery Dennison,0000008818-24-000003,2023,2024-02-21,1.0.3,0.3.0,250,697,-0.4720168954593453,811,0.020906372447927406,304,0.007836667354093628,48,0.0012373685295937306,375,0.00966694163745102,273,0.0070375335120643435,0.006444627758300681,0.017967622190142297,-0.011522994431841616,0.024412249948442977,2313,38792,success
S2023-053,0001069183,AXON,Axon Enterprise,0001069183-24-000006,2023,2024-02-27,1.0.3,0.3.0,349,1301,-0.576969696969697,1125,0.019283840998303024,645,0.011056068839027065,161,0.0027597319117571434,872,0.014947119422684653,511,0.008759149111229195,0.00598227600747356,0.02230069079003754,-0.01631841478256398,0.0282829667975111,4101,58339,success
S2023-054,0001037540,BXP,"BXP, Inc.",0001656423-24-000007,2023,2024-02-27,1.0.3,0.3.0,823,1172,-0.174937343358396,1847,0.020873594394530147,655,0.007402384584957902,247,0.002791433576312369,482,0.005447250946488106,657,0.007424987285980675,0.009301011470870769,0.013245182799344522,-0.003944171328473752,0.02254619427021529,5005,88485,success
S2023-055,0001701605,BKR,Baker Hughes,0001701605-24-000033,2023,2024-02-05,1.0.3,0.3.0,336,1106,-0.5339805825242718,818,0.017434673259729742,386,0.008227119655569291,107,0.0022805746195490003,693,0.014770450573340721,409,0.008717336629864871,0.007161430581013683,0.02357304232917004,-0.01641161174815636,0.030734472910183726,3233,46918,success
S2023-056,0000009389,BALL,Ball Corporation,0001558370-24-001349,2023,2024-02-20,1.0.3,0.3.0,257,658,-0.4382513661202186,844,0.016902649550397532,271,0.005427272545210582,136,0.0027236496905853843,668,0.013377926421404682,415,0.00831113692347746,0.005146896841767969,0.013177658061802816,-0.008030761220034847,0.018324554903570784,2843,49933,success
S2023-057,0000070858,BAC,Bank of America,0000070858-24-000122,2023,2024-02-20,1.0.3,0.3.0,331,2513,-0.7672292545710268,2289,0.022422051779364658,645,0.006318140409650592,124,0.001214650249297168,1120,0.010971034509780873,845,0.008277253714968605,0.0032423325203013117,0.024616258681320835,-0.021373926161019522,0.027858591201622145,6880,102087,success
S2023-058,0001390777,BK,Bank of New York Mellon,0001390777-24-000051,2023,2024-02-28,1.0.3,0.3.0,29,111,-0.5857142857142857,111,0.018202689406362743,57,0.009347326992456544,5,0.0008199409642505739,74,0.012135126270908495,40,0.0065595277140045915,0.004755657592653329,0.018202689406362743,-0.013447031813709412,0.022958346999016072,361,6098,success
S2023-059,0000701985,BBWI,"Bath & Body Works, Inc.",0000701985-23-000008,2023,2023-03-17,1.0.3,0.3.0,256,803,-0.5165250236071766,685,0.018020625065768705,353,0.009286541092286646,66,0.0017362938019572767,398,0.010470377775439335,284,0.007471324844785857,0.006734715353046406,0.02112490792381353,-0.014390192570767126,0.027859623276859938,2374,38012,success
S2023-060,0000010456,BAX,Baxter International,0001628280-24-003932,2023,2024-02-08,1.0.3,0.3.0,434,1612,-0.5757575757575758,1218,0.01856594110115237,533,0.008124504603377844,108,0.0016462410828608012,743,0.011325528931162733,586,0.008932382171818791,0.006615450277422108,0.024571672458996403,-0.017956222181574295,0.03118712273641851,4306,65604,success
S2023-061,0000010795,BDX,Becton Dickinson,0000010795-23-000098,2023,2023-11-21,1.0.3,0.3.0,312,935,-0.4995990376904571,746,0.0171750892137677,355,0.008173132266605272,74,0.0017036951767008173,635,0.014619546448716473,343,0.00789685737308622,0.007183147231495338,0.021526418786692758,-0.014343271555197422,0.028709566018188096,2803,43435,success
S2023-062,0001067983,BRK-B,Berkshire Hathaway,0000950170-24-019719,2023,2024-02-26,1.0.3,0.3.0,345,2006,-0.7065078689919183,1131,0.014022515373933743,331,0.004103848442769292,110,0.001363816703035112,1404,0.01740726046419361,471,0.005839615155723071,0.00427742511406467,0.024871057329894863,-0.02059363221583019,0.029148482443959532,5072,80656,success
S2023-063,0000764478,BBY,Best Buy,0000764478-23-000006,2023,2023-03-17,1.0.3,0.3.0,335,645,-0.3163265306122449,601,0.01725870832495764,287,0.00824167934985498,160,0.004594664445912185,268,0.007696062946902909,260,0.007466329724607299,0.009620078683628637,0.018522241047583494,-0.008902162363954857,0.02814231973121213,2043,34823,success
S2023-064,0000012208,BIO,Bio-Rad Laboratories,0000012208-24-000013,2023,2024-02-16,1.0.3,0.3.0,156,746,-0.6541019955654102,607,0.018357780130046877,279,0.008437925298654166,78,0.0023589898684409495,397,0.012006653561167398,335,0.01013155905035536,0.004717979736881899,0.022561621049448057,-0.017843641312566157,0.027279600786329957,2198,33065,success
S2023-065,0000842023,TECH,Bio-Techne,0001558370-23-015226,2023,2023-08-23,1.0.3,0.3.0,271,997,-0.5725552050473186,794,0.016480893372356104,274,0.005687361188949084,89,0.0018473545467754323,508,0.010544450671482243,467,0.00969342217240592,0.005625090810967889,0.02069452228241692,-0.015069431471449032,0.02631961309338481,2892,48177,success
S2023-066,0000875045,BIIB,Biogen,0000875045-24-000009,2023,2024-02-14,1.0.3,0.3.0,834,1377,-0.24559023066485752,1566,0.01826004827369084,624,0.007276034561164165,229,0.002670211401452875,889,0.010366017187299589,591,0.00689124427187183,0.009724700038479028,0.016056249344107463,-0.006331549305628433,0.02578094938258649,5195,85761,success
S2023-067,0001393818,BX,Blackstone Inc.,0001193125-24-044485,2023,2024-02-23,1.0.3,0.3.0,542,1854,-0.5475792988313857,1710,0.017987692631357494,1027,0.010803134697312365,188,0.001977594277599537,1038,0.010918845000788933,924,0.009719665492031768,0.005701362225845474,0.019502445695050753,-0.013801083469205281,0.02520380792089623,6027,95065,success
S2023-068,0000012927,BA,Boeing,0000012927-24-000010,2023,2024-01-31,1.0.3,0.3.0,283,868,-0.5082536924413553,732,0.016682619991795433,280,0.0063813300515064494,103,0.002347417840375587,541,0.012329641278089247,401,0.009138976252336022,0.006449701444915448,0.019782123159669995,-0.013332421714754546,0.02623182460458544,2820,43878,success
S2023-069,0001075531,BKNG,Booking Holdings,0001075531-24-000014,2023,2024-02-22,1.0.3,0.3.0,358,1093,-0.5065472088215024,1054,0.019574341640976118,555,0.01030717230620659,87,0.0016157189020540059,554,0.010288600824573784,431,0.00800430858373881,0.00664859042454407,0.0202986294246555,-0.01365003900011143,0.02694721984919957,3397,53846,success
S2023-070,0000908255,BWA,BorgWarner,0000908255-24-000007,2023,2024-02-08,1.0.3,0.3.0,270,790,-0.49056603773584906,875,0.01897636087616569,327,0.007091737150292778,115,0.002494036000867491,305,0.006614617219692041,287,0.006224246367382347,0.005855562784645413,0.017132942962481024,-0.01127738017783561,0.022988505747126436,2512,46110,success
S2023-071,0000885725,BSX,Boston Scientific,0000885725-24-000017,2023,2024-02-20,1.0.3,0.3.0,397,1327,-0.5394431554524362,1110,0.018890723123266222,454,0.00772647594411069,128,0.0021783896934937626,709,0.012066236661617795,551,0.00937728688371143,0.006756411783726748,0.022583774400517367,-0.01582736261679062,0.029340186184244117,3924,58759,success
S2023-072,0000014272,BMY,Bristol Myers Squibb,0000014272-24-000044,2023,2024-02-13,1.0.3,0.3.0,599,1484,-0.42486797887662026,988,0.01600285071024798,420,0.006802831273587198,152,0.002461977032345843,1170,0.018950744262135766,457,0.007402128314355594,0.00970213317352079,0.024036670500008097,-0.014334537326487309,0.03373880367352889,4456,61739,success
S2023-073,0001730168,AVGO,Broadcom,0001730168-23-000096,2023,2023-12-14,1.0.3,0.3.0,309,1132,-0.5711311589174185,1062,0.022652134035791225,615,0.013117761235415823,93,0.001983661455111661,530,0.011304737324829896,423,0.0090224601667982,0.006590875157306487,0.0241452125503914,-0.017554337393084915,0.030736087707697885,3366,46883,success
S2023-074,0001383312,BR,Broadridge Financial Solutions,0001383312-23-000037,2023,2023-08-08,1.0.3,0.3.0,283,648,-0.3920515574650913,681,0.015718770196657742,326,0.007524697627181239,81,0.001869633459514357,521,0.01202566706675284,336,0.0077555165728002955,0.006532176161019297,0.014957067676114856,-0.008424891515095559,0.021489243837134152,2418,43324,success
S2023-075,0000079282,BRO,Brown & Brown,0000950170-24-018890,2023,2024-02-22,1.0.3,0.3.0,316,1082,-0.547925608011445,1012,0.01633812821878885,430,0.006942090053437949,107,0.0017274503156229316,639,0.010316268707318254,464,0.00749099949952374,0.005101628969503237,0.017468235901906652,-0.012366606932403415,0.02256986487140989,3372,61941,success
S2023-076,0000014693,BF-B,Brown–Forman,0000014693-23-000074,2023,2023-06-16,1.0.3,0.3.0,245,664,-0.46094609460946095,628,0.01857383691697968,274,0.008103871521102599,72,0.0021294844872970335,214,0.0063293011150217385,256,0.007571500399278341,0.00724616249149685,0.019638579160628198,-0.012392416669131347,0.02688474165212505,1963,33811,success
S2023-077,0001316835,BLDR,Builders FirstSource,0000950170-24-018584,2023,2024-02-22,1.0.3,0.3.0,352,826,-0.40237691001697795,807,0.01552072314645639,375,0.007212231945379364,105,0.002019424944706222,445,0.008558515241850178,463,0.008904702375228387,0.006769881719396096,0.01588614289835561,-0.009116261178959516,0.022656024617751708,2824,51995,success
S2023-078,0001996862,BG,Bunge Global,0001996862-24-000007,2023,2024-02-22,1.0.3,0.3.0,339,1119,-0.5349794238683128,1210,0.017632829121855965,470,0.006849115444026697,153,0.0022296056658214565,624,0.009093293695899275,554,0.00807321267232083,0.004940106671329894,0.016306723791203986,-0.011366617119874092,0.02124683046253388,3748,68622,success
S2023-079,0001043277,CHRW,C.H. Robinson,0001043277-24-000011,2023,2024-02-16,1.0.3,0.3.0,248,570,-0.39364303178484106,548,0.016398838914325045,253,0.007570996798036927,54,0.0016159439806086723,384,0.011491157195439448,262,0.007840320794805039,0.007421372355387976,0.017057186461980428,-0.009635814106592453,0.024478558817368407,1963,33417,success
S2023-080,0001138118,CBRE,CBRE Group,0001138118-24-000006,2023,2024-02-20,1.0.3,0.3.0,271,970,-0.5632554391619662,991,0.018708349851805705,422,0.007966623246682146,112,0.0021143644635744085,525,0.00991108342300504,470,0.008872779445356893,0.005116006871684507,0.018311906514885505,-0.013195899643200996,0.02342791338657001,3164,52971,success
S2023-081,0001402057,CDW,CDW Corporation,0001402057-24-000015,2023,2024-02-26,1.0.3,0.3.0,187,545,-0.4890710382513661,606,0.018232692481270872,292,0.008785389776453953,65,0.001955651833799681,275,0.008273911604537111,291,0.008755302825164726,0.005626259891085237,0.016397388452628094,-0.010771128561542859,0.022023648343713332,1848,33237,success
S2023-082,0001324404,CF,CF Industries,0001324404-24-000008,2023,2024-02-22,1.0.3,0.3.0,255,1073,-0.6159638554216867,912,0.01434955000314683,383,0.006026181635093461,95,0.0014947447919944617,510,0.008024419409654478,534,0.008402039146579394,0.004012209704827239,0.016882749071684813,-0.012870539366857574,0.02089495877651205,3153,63556,success
S2023-083,0001156375,CME,CME Group,0001156375-24-000010,2023,2024-02-28,1.0.3,0.3.0,341,814,-0.4095238095238095,870,0.019360437946458375,366,0.008144735963682488,102,0.00226984444889512,548,0.01219485056857378,404,0.008990364287780672,0.007588401539933685,0.018114248837261055,-0.010525847297327369,0.025702650377194738,2922,44937,success
S2023-084,0000811156,CMS,CMS Energy,0000811156-24-000044,2023,2024-02-08,1.0.3,0.3.0,195,697,-0.5627802690582959,710,0.014180714228649038,364,0.007270112646800352,121,0.002416713269952864,741,0.014799872173843574,468,0.00934728768874331,0.0038947032036430454,0.013921067348406167,-0.010026364144763123,0.017815770552049214,2829,50068,success
S2023-085,0000277948,CSX,CSX Corporation,0000277948-24-000010,2023,2024-02-14,1.0.3,0.3.0,161,529,-0.5333333333333333,467,0.013052713958298396,193,0.005394376432444519,55,0.0015372575325619095,336,0.009391246017105484,248,0.0069316339650064285,0.004499972049863044,0.014785622449550003,-0.01028565039968696,0.01928559449941305,1692,35778,success
S2023-086,0000064803,CVS,CVS Health,0000064803-24-000007,2023,2024-02-07,1.0.3,0.3.0,719,2329,-0.5282152230971129,1768,0.01646903207176325,783,0.007293694633591982,222,0.0020679440723594122,1768,0.01646903207176325,962,0.00896109098022412,0.006697530576695574,0.021694782632995818,-0.014997252056300243,0.02839231320969139,7159,107353,success
S2023-087,0000813672,CDNS,Cadence Design Systems,0000813672-24-000034,2023,2024-02-14,1.0.3,0.3.0,274,864,-0.5184534270650264,987,0.020365632221855397,473,0.009759821723341036,79,0.0016300759326510399,473,0.009759821723341036,445,0.009182073291515352,0.005653681082865633,0.017827665896335426,-0.012173984813469792,0.023481346979201057,3001,48464,success
S2023-088,0001590895,CZR,Caesars Entertainment,0001590895-24-000051,2023,2024-02-20,1.0.3,0.3.0,335,1053,-0.5172910662824207,869,0.015076597442703725,438,0.007599021495862177,155,0.0026891514425996287,655,0.011363833515501657,520,0.009021669355818109,0.005812036988844359,0.018268880445531672,-0.012456843456687312,0.02408091743437603,3391,57639,success
S2023-089,0000906345,CPT,Camden Property Trust,0000906345-24-000007,2023,2024-02-22,1.0.3,0.3.0,185,406,-0.3739424703891709,698,0.02393279615978056,273,0.00936053488770787,53,0.0018172466998114178,164,0.005623178467340991,222,0.007611863535059146,0.006343219612549289,0.013920795474027088,-0.007577575861477798,0.020264015086576374,1633,29165,success
S2023-090,0000016732,CPB,Campbell's,0000016732-23-000109,2023,2023-09-21,1.0.3,0.3.0,245,676,-0.46796959826275786,720,0.021120563215019067,284,0.008330888823701966,62,0.001818715165737753,356,0.010442945145203872,327,0.009592255793487827,0.007186858316221766,0.019829862129656792,-0.012643003813435024,0.027016720445878557,2241,34090,success
S2023-091,0000927628,COF,Capital One,0000927628-24-000094,2023,2024-02-23,1.0.3,0.3.0,342,2111,-0.7211577660008154,1825,0.020944751761654463,650,0.007459774600041316,144,0.0016526269883168454,966,0.01108637271329217,746,0.00856152592558588,0.0039249890972525075,0.02422705258567264,-0.020302063488420133,0.02815204168292515,5924,87134,success
S2023-092,0001170010,KMX,CarMax,0001170010-23-000010,2023,2023-04-13,1.0.3,0.3.0,237,680,-0.4830970556161396,566,0.01475957025138208,251,0.006545321789923855,58,0.0015124647960780223,284,0.007405862104933765,265,0.006910399499321999,0.006180244080525712,0.017732345885052677,-0.011552101804526963,0.023912589965578386,1983,38348,success
S2023-093,0000721371,CAH,Cardinal Health,0000721371-23-000060,2023,2023-08-15,1.0.3,0.3.0,208,1592,-0.7688888888888888,965,0.017705122559812124,364,0.006678408924115661,88,0.0016145603992367532,1037,0.019026126522824014,536,0.009834140613532952,0.003816233670923235,0.02920886540437399,-0.025392631733450757,0.03302509907529723,3859,54504,success
S2023-094,0000815097,CCL,Carnival Corporation,0000815097-24-000011,2023,2024-01-26,1.0.3,0.3.0,405,617,-0.20743639921722112,703,0.016091375206006227,281,0.006431972166269914,98,0.002243178904962461,395,0.009041384361838491,407,0.009316059329793078,0.009270280168467314,0.014122871268998352,-0.004852591100531038,0.023393151437465665,2488,43688,success
S2023-095,0001783180,CARR,Carrier Global,0001783180-24-000009,2023,2024-02-06,1.0.3,0.3.0,325,1089,-0.5403111739745403,911,0.019202394502761268,427,0.0090004637241263,111,0.0023396990008852916,687,0.014480839762235994,369,0.0077779183002402935,0.006850470047637115,0.02295434425192867,-0.016103874204291557,0.029804814299565784,3224,47442,success
S2023-096,0000018230,CAT,Caterpillar Inc.,0000018230-24-000009,2023,2024-02-16,1.0.3,0.3.0,228,831,-0.5694050991501416,795,0.017329322521579912,301,0.006561164879239689,73,0.0015912459673903567,431,0.00939489057459238,341,0.007433080477809748,0.004969918911849333,0.018114046560292963,-0.01314412764844363,0.023083965472142295,2551,45876,success
S2023-097,0001374310,CBOE,Cboe Global Markets,0001558370-24-001277,2023,2024-02-16,1.0.3,0.3.0,413,1492,-0.5664041994750656,1441,0.01592177227777471,673,0.007436053256726148,225,0.0024860504944478204,1030,0.01138058670791669,854,0.00943594276559306,0.004563283796475333,0.016485277056516215,-0.011921993260040882,0.021048560852991546,5140,90505,success
S2023-098,0001306830,CE,Celanese,0001306830-24-000029,2023,2024-02-23,1.0.3,0.3.0,280,878,-0.5164075993091537,871,0.017698935219052265,364,0.007396569942290499,103,0.0020929854507030807,581,0.01180606356173291,404,0.008209379826058684,0.0056896691863773064,0.017841176948711696,-0.01215150776233439,0.023530846135089004,3002,49212,success
S2023-099,0001140859,COR,Cencora,0001140859-23-000197,2023,2023-11-21,1.0.3,0.3.0,301,1195,-0.5975935828877005,830,0.0180266272831918,424,0.009208783094064244,87,0.001889538040527333,820,0.017809439002671415,359,0.007797059270681754,0.006537367243663532,0.025953999522185783,-0.01941663227852225,0.032491366765849315,3287,46043,success
S2023-100,0001071739,CNC,Centene Corporation,0001071739-24-000037,2023,2024-02-20,1.0.3,0.3.0,559,1535,-0.46609360076408785,1030,0.018560899572919107,505,0.009100246877984611,126,0.0022705566467842793,1022,0.018416737246139153,507,0.0091362874596796,0.010073342583749301,0.027661146450903718,-0.017587803867154417,0.03773448903465302,4369,55493,success
S2023-101,0001130310,CNP,CenterPoint Energy,0001130310-24-000010,2023,2024-02-20,1.0.3,0.3.0,293,1626,-0.6946326211568525,1327,0.015948560783606753,724,0.00870140015624061,170,0.0020431464455261104,1304,0.015672135088035576,735,0.008833603749774653,0.0035214229914067663,0.01954209482603209,-0.016020671834625324,0.023063517817438855,5211,83205,success
S2023-102,0001100682,CRL,Charles River Laboratories,0001100682-24-000007,2023,2024-02-14,1.0.3,0.3.0,501,1067,-0.36096938775510207,1070,0.018165458465612957,498,0.008454577865303974,116,0.0019693394224402833,702,0.011917898918561024,505,0.008573417313209854,0.008505509057263636,0.018114527273653293,-0.009609018216389658,0.026620036330916932,3760,58903,success
S2023-103,0000316709,SCHW,Charles Schwab Corporation,0000316709-24-000018,2023,2024-02-23,1.0.3,0.3.0,282,1043,-0.5743396226415094,901,0.014113629599461145,321,0.005028274252416235,101,0.0015821049828474757,556,0.0087094096085465,626,0.009805918012500196,0.004417362427356318,0.01633797521891007,-0.011920612791553752,0.02075533764626639,3320,63839,success
S2023-104,0001091667,CHTR,Charter Communications,0001091667-24-000028,2023,2024-02-02,1.0.3,0.3.0,251,576,-0.39298669891172916,535,0.011889417307435887,252,0.005600248899951109,96,0.0021334281523623273,386,0.00857815902929019,405,0.009000400017778567,0.005578025690030668,0.012800568914173964,-0.007222543224143296,0.018378594604204632,2151,44998,success
S2023-105,0000093410,CVX,Chevron Corporation,0000093410-24-000013,2023,2024-02-26,1.0.3,0.3.0,252,704,-0.47280334728033474,693,0.01452160429152173,248,0.005196764594945728,62,0.001299191148736432,464,0.009722978919575877,426,0.008926700473576129,0.0052805833787351745,0.01475210594694271,-0.009471522568207536,0.020032689325677883,2422,47722,success
S2023-106,0001058090,CMG,Chipotle Mexican Grill,0001562762-24-000023,2023,2024-02-08,1.0.3,0.3.0,213,694,-0.5303197353914002,546,0.018358495006892843,268,0.009011129417302713,54,0.0018156753303520392,320,0.01075955751319727,232,0.00780067919706802,0.0071618304697219325,0.023334790356746578,-0.016172959887024645,0.03049662082646851,1906,29741,success
S2023-107,0000896159,CB,Chubb Limited,0000896159-24-000003,2023,2024-02-23,1.0.3,0.3.0,439,2400,-0.6907361747094047,1787,0.020491944269250616,520,0.00596296083940141,185,0.0021214379909408865,1067,0.012235536953156356,622,0.007132618542514764,0.005034115016340806,0.027521357720314204,-0.022487242703973395,0.03255547273665501,6131,87205,success
S2023-108,0000313927,CHD,Church & Dwight,0000950170-24-015810,2023,2024-02-15,1.0.3,0.3.0,354,1217,-0.5493316359007002,1039,0.017461304472043426,466,0.007831537905651815,126,0.0021175402920861133,510,0.008570996420348554,513,0.008621414046350605,0.005949279868241938,0.020452750281498414,-0.014503470413256475,0.02640203014974035,3526,59503,success
S2023-109,0001739940,CI,Cigna,0001739940-24-000005,2023,2024-02-29,1.0.3,0.3.0,530,1448,-0.4641051567239636,1208,0.016614174311295714,511,0.007028015788966978,134,0.0018429630444649217,1286,0.017686943844640965,566,0.007784455844530938,0.007289331444525437,0.01991500364466572,-0.012625672200140286,0.027204335089191158,4861,72709,success
S2023-110,0000020286,CINF,Cincinnati Financial,0000020286-24-000014,2023,2024-02-26,1.0.3,0.3.0,550,2137,-0.5906215109787868,1249,0.01953913301941398,371,0.00580385776637517,104,0.0016269574331617728,810,0.012671495392894576,353,0.005522268979866402,0.008604101809990144,0.03343084648717989,-0.024826744677189743,0.042034948297170034,4802,63923,success
S2023-111,0000723254,CTAS,Cintas,0000723254-23-000025,2023,2023-07-27,1.0.3,0.3.0,140,432,-0.5104895104895105,517,0.019794019679160765,298,0.01140931888663425,48,0.0018377426394578658,306,0.011715609326543894,234,0.008958995367357097,0.0053600826984187755,0.016539683755120792,-0.011179601056702017,0.021899766453539568,1564,26119,success
S2023-112,0000858877,CSCO,Cisco,0000858877-23-000023,2023,2023-09-07,1.0.3,0.3.0,394,1032,-0.4474053295932679,954,0.019628417998888956,444,0.009135238565520646,108,0.002222085056477995,536,0.011028125835853754,457,0.00940271176676337,0.008106495483817871,0.021233257206345287,-0.013126761722527415,0.02933975269016316,3282,48603,success
S2023-113,0000831001,C,Citigroup,0000831001-24-000033,2023,2024-02-23,1.0.3,0.3.0,525,3044,-0.705799943961894,3014,0.021975297840383802,586,0.004272569520393134,197,0.001436341630575849,1746,0.012730215669976815,977,0.0071233795587441855,0.003827813990113303,0.022194030068390276,-0.018366216078276973,0.02602184405850358,8968,137154,success
S2023-114,0000759944,CFG,Citizens Financial Group,0000759944-24-000039,2023,2024-02-16,1.0.3,0.3.0,287,1176,-0.6076555023923444,1269,0.020502795101302228,429,0.006931204963324393,86,0.0013894723236501116,688,0.011115778589200893,596,0.009629366335993796,0.004636959963809093,0.019000226193168965,-0.014363266229359873,0.02363718615697806,3929,61894,success
S2023-115,0000021076,CLX,Clorox,0000021076-23-000037,2023,2023-08-10,1.0.3,0.3.0,211,605,-0.48284313725490197,510,0.025321483541035698,351,0.017427138672359864,28,0.0013901990963705875,253,0.012561441835062807,140,0.006950995481852937,0.010476143190506926,0.030038230475150193,-0.019562087284643266,0.04051437366565712,1634,20141,success
S2023-116,0001057352,CSGP,CoStar Group,0001057352-24-000013,2023,2024-02-22,1.0.3,0.3.0,266,910,-0.5476190476190477,961,0.020792314848871677,509,0.0110127869490902,87,0.001882342759471213,336,0.007269737553819857,325,0.007031740193426945,0.005755208896774054,0.01968887254159545,-0.013933663644821393,0.0254440814383695,2740,46219,success
S2023-117,0000021344,KO,Coca-Cola Company (The),0000021344-24-000009,2023,2024-02-20,1.0.3,0.3.0,473,1359,-0.4836244541484716,1113,0.015723003898965925,497,0.007020964005198621,146,0.002062496468327965,773,0.01091992993162683,494,0.006978583940780924,0.006681923489857038,0.019198169181217157,-0.012516245691360117,0.025880092671074193,4103,70788,success
S2023-118,0001058290,CTSH,Cognizant,0001058290-24-000017,2023,2024-02-14,1.0.3,0.3.0,325,845,-0.4444444444444444,709,0.01797029452020074,328,0.008313478988188776,76,0.0019262939118973995,541,0.013712171136006488,297,0.007527753839914837,0.00823744107061388,0.021417346783596088,-0.013179905712982207,0.029654787854209965,2647,39454,success
S2023-119,0000021665,CL,Colgate-Palmolive,0000021665-24-000003,2023,2024-02-15,1.0.3,0.3.0,253,778,-0.5092143549951503,724,0.017450408542023187,275,0.0066282629130612935,51,0.0012292414856950036,432,0.01041239846706356,316,0.007616476656463159,0.00609800188001639,0.01875195835040613,-0.012653956470389742,0.024849960230422522,2414,41489,success
S2023-120,0001166691,CMCSA,Comcast,0001166691-24-000011,2023,2024-01-31,1.0.3,0.3.0,163,626,-0.5868187579214195,559,0.011813186813186813,297,0.006276415891800507,85,0.0017962806424344886,427,0.009023668639053255,375,0.007924767540152155,0.003444632290786137,0.013229078613693998,-0.00978444632290786,0.016673710904480134,2105,47320,success
S2023-121,0000023217,CAG,Conagra Brands,0001437749-23-019879,2023,2023-07-13,1.0.3,0.3.0,200,843,-0.6164908916586769,958,0.026300617707618393,532,0.01460535346602608,73,0.002004118050789293,299,0.008208647906657516,324,0.008894989704873027,0.00549073438572409,0.023143445435827043,-0.01765271105010295,0.028634179821551132,2493,36425,success
S2023-122,0001163165,COP,ConocoPhillips,0001163165-24-000010,2023,2024-02-15,1.0.3,0.3.0,316,939,-0.4964143426294821,926,0.015613671236110408,303,0.005109009054580404,117,0.0019727856745409477,628,0.010588969261638593,480,0.008093479690424402,0.005328207462862731,0.015832869644392737,-0.010504662181530004,0.02116107710725547,3228,59307,success
S2023-123,0001047862,ED,Consolidated Edison,0001047862-24-000012,2023,2024-02-15,1.0.3,0.3.0,182,785,-0.6235780765253361,738,0.010492493175614195,297,0.004222588717015469,112,0.0015923566878980893,744,0.010577797998180163,480,0.006824385805277525,0.0025875796178343948,0.011160714285714286,-0.008573134667879892,0.01374829390354868,2922,70336,success
S2023-124,0000016918,STZ,Constellation Brands,0000016918-23-000045,2023,2023-04-20,1.0.3,0.3.0,332,967,-0.4888375673595073,807,0.01635755548799027,373,0.007560555386642343,118,0.0023918110874632612,431,0.008736191344886996,395,0.008006486267355832,0.006729502381676295,0.019600689165906557,-0.012871186784230262,0.026330191547582853,2853,49335,success
S2023-125,0001868275,CEG,Constellation Energy,0001868275-24-000014,2023,2024-02-27,1.0.3,0.3.0,307,1066,-0.5528040786598689,1244,0.016481187069422365,488,0.006465288818229995,143,0.0018945416004239534,868,0.011499735029146793,766,0.010148383677795442,0.004067302596714361,0.014122946475887653,-0.010055643879173291,0.018190249072602013,4169,75480,success
S2023-126,0000711404,COO,Cooper Companies (The),0000711404-23-000072,2023,2023-12-08,1.0.3,0.3.0,269,967,-0.5647249190938511,807,0.01838143179281598,437,0.009953761701933808,151,0.0034394004965492106,678,0.015443136004373277,505,0.01150263079971756,0.00612714393093866,0.022025829669954217,-0.015898685739015556,0.02815297360089288,3229,43903,success
S2023-127,0000900075,CPRT,Copart,0000900075-23-000034,2023,2023-09-28,1.0.3,0.3.0,247,695,-0.47558386411889597,639,0.016162076030047802,335,0.008473075852998457,105,0.0026557401927308597,410,0.0103700331335205,257,0.006500240281255533,0.006247312643852594,0.01757847079950426,-0.011331158155651668,0.023825783443356854,2247,39537,success
S2023-128,0000024741,GLW,Corning Inc.,0001437749-24-003735,2023,2024-02-12,1.0.3,0.3.0,240,535,-0.38064516129032255,555,0.016226646785369704,222,0.006490658714147882,74,0.0021635529047159606,294,0.008595737216033681,258,0.007543197965090781,0.007016928339619331,0.015641902757068095,-0.008624974417448762,0.022658831096687426,1848,34203,success
S2023-129,0001755672,CTVA,Corteva,0001755672-24-000004,2023,2024-02-08,1.0.3,0.3.0,335,1444,-0.6233839235525576,1099,0.015884027807888536,396,0.005723453150067207,117,0.0016910202488834931,1128,0.01630316957897932,551,0.007963693650724826,0.004841810114324531,0.020870369567416787,-0.016028559453092256,0.025712179681741318,4317,69189,success
S2023-130,0000909832,COST,Costco,0000909832-23-000042,2023,2023-10-11,1.0.3,0.3.0,129,601,-0.6465753424657534,442,0.017952154664717113,197,0.008001299703505138,32,0.0012997035051378904,300,0.012184720360667723,161,0.006539133260225012,0.005239429755087121,0.024410056455871004,-0.019170626700783882,0.029649486210958125,1547,24621,success
S2023-131,0001051470,CCI,Crown Castle,0001051470-24-000062,2023,2024-02-23,1.0.3,0.3.0,222,708,-0.5225806451612903,871,0.018574596946174186,381,0.008125053313998123,122,0.0026017231084193466,404,0.008615542096732919,399,0.008508914100486223,0.004734283033353237,0.015098524268531945,-0.010364241235178708,0.019832807301885184,2641,46892,success
S2023-132,0000026172,CMI,Cummins,0000026172-24-000012,2023,2024-02-12,1.0.3,0.3.0,319,823,-0.4413309982486865,857,0.01623136801833368,310,0.005871323320517434,115,0.0021780715543855,428,0.008106214132843424,372,0.007045587984620921,0.006041781094338908,0.015587416428341445,-0.009545635334002538,0.021629197522680353,2752,52799,success
S2023-133,0000882184,DHI,D. R. Horton,0000882184-23-000115,2023,2023-11-17,1.0.3,0.3.0,180,708,-0.5945945945945946,664,0.015338061028851262,340,0.007853826430435888,58,0.0013397703910743573,438,0.010117576401561525,508,0.011734540666651267,0.004157908110230764,0.016354438566907673,-0.012196530456676907,0.020512346677138436,2370,43291,success
S2023-134,0000936340,DTE,DTE Energy,0000936340-24-000076,2023,2024-02-08,1.0.3,0.3.0,248,680,-0.46551724137931033,857,0.01516706781820756,301,0.0053270564915758175,139,0.002460002831657936,677,0.011981452640521025,474,0.008388786634574543,0.004389069800368115,0.0120345462268158,-0.007645476426447685,0.016423616027183917,2946,56504,success
S2023-135,0000927066,DVA,DaVita,0000927066-24-000013,2023,2024-02-14,1.0.3,0.3.0,486,1694,-0.5541284403669725,1452,0.019510622001854314,717,0.009634377393477648,143,0.0019215006516977735,1261,0.01694414211042582,685,0.009204391233657166,0.006530414802273551,0.022762392335496703,-0.016231977533223148,0.029292807137770254,5419,74421,success
S2023-136,0000313616,DHR,Danaher Corporation,0000313616-24-000052,2023,2024-02-21,1.0.3,0.3.0,335,1484,-0.6316657504123144,1040,0.016834471818446696,390,0.006312926931917511,95,0.0015377642526465732,898,0.014535918935543398,577,0.009339894460811292,0.005422642364595811,0.024021496325552786,-0.018598853960956976,0.029444138690148596,4140,61778,success
S2023-137,0000940944,DRI,Darden Restaurants,0000940944-23-000037,2023,2023-07-21,1.0.3,0.3.0,239,726,-0.5046632124352332,752,0.02055711981629808,454,0.012410814357179957,61,0.0016675323255241792,279,0.007626910144610591,268,0.00732620759410623,0.006533446324594735,0.019846368333287772,-0.013312922008693037,0.026379814657882507,2172,36581,success
S2023-138,0000315189,DE,Deere & Company,0001558370-23-019812,2023,2023-12-15,1.0.3,0.3.0,239,699,-0.4904051172707889,682,0.015810826475020284,297,0.006885359916541092,55,0.0012750666512113132,337,0.007812681117422048,308,0.007140373246783354,0.0055407441752637066,0.016204937985394692,-0.010664193810130984,0.0217456821606584,2213,43135,success
S2023-139,0000027904,DAL,Delta Air Lines,0000027904-24-000003,2023,2024-02-12,1.0.3,0.3.0,315,651,-0.34782608695652173,684,0.014298854419265825,289,0.00604147503971904,90,0.0018814282130612927,414,0.008654569780081946,464,0.009699807676227109,0.006584998745714525,0.013608997407810018,-0.007023998662095493,0.020193996153524543,2502,47836,success
S2023-140,0000818479,XRAY,Dentsply Sirona,0000818479-24-000021,2023,2024-02-29,1.0.3,0.3.0,382,1489,-0.5916622127204704,1216,0.02216672439251144,541,0.00986200484897096,131,0.0023880270521537818,722,0.013161492608053667,531,0.009679712707585176,0.006963559800936982,0.027143299852343365,-0.020179740051406384,0.03410685965328035,4111,54857,success
S2023-141,0001090012,DVN,Devon Energy,0000950170-24-021781,2023,2024-02-28,1.0.3,0.3.0,212,922,-0.6261022927689595,866,0.015466218991659671,258,0.004607718821995606,87,0.0015537656492775882,564,0.010072687657385745,629,0.011233547050524173,0.0037861875591591806,0.016466344007286624,-0.012680156448127445,0.020252531566445804,3070,55993,success
S2023-142,0001093557,DXCM,Dexcom,0001093557-24-000021,2023,2024-02-08,1.0.3,0.3.0,457,2074,-0.6388779138680364,1635,0.02276841665506197,1056,0.014705472775379473,222,0.003091491435733185,1206,0.01679431834006406,714,0.009942904887898622,0.006364016153739034,0.028881771341038854,-0.02251775518729982,0.035245787494777886,5949,71810,success
S2023-143,0001539838,FANG,Diamondback Energy,0001539838-24-000019,2023,2024-02-22,1.0.3,0.3.0,338,1330,-0.5947242206235012,1371,0.020444073306392686,678,0.01011019817777844,179,0.0026692116133072872,669,0.009975992007276956,748,0.011154023948345537,0.005040187292166833,0.019832689640774816,-0.014792502348607984,0.02487287693294165,4428,67061,success
S2023-144,0001297996,DLR,Digital Realty,0001558370-24-001575,2023,2024-02-23,1.0.3,0.3.0,478,994,-0.35054347826086957,1314,0.01797586801280473,632,0.008645927385154177,201,0.0027497332348354266,473,0.006470765274015705,588,0.008043995731757366,0.0065391665982653426,0.01359818326082793,-0.007059016662562587,0.02013734985909327,3900,73098,success
S2023-145,0000029534,DG,Dollar General,0001558370-23-004574,2023,2023-03-24,1.0.3,0.3.0,243,717,-0.49375,729,0.01963213314302642,337,0.009075485417283818,94,0.0025314410362750114,281,0.007567392885034874,296,0.00797134624188727,0.006544044381008806,0.0193089704575445,-0.012764926076535696,0.025853014838553307,2211,37133,success
S2023-146,0000935703,DLTR,Dollar Tree,0000935703-23-000016,2023,2023-03-10,1.0.3,0.3.0,187,800,-0.6210739614994935,603,0.01885789342006505,312,0.009757317988491368,68,0.0021265949462096574,294,0.009194395796847636,282,0.008819114335751815,0.005848136102076558,0.02501876407305479,-0.019170627970978234,0.03086690017513135,2065,31976,success
S2023-147,0000715957,D,Dominion Energy,0000950170-24-019110,2023,2024-02-23,1.0.3,0.3.0,637,2045,-0.5249813571961223,2030,0.012199225980144708,743,0.004465036898151487,374,0.0022475421263911926,2395,0.014392682868200283,1265,0.007601980721617269,0.0038280329799764428,0.012289368044037402,-0.00846133506406096,0.016117401024013846,8289,166404,success
S2023-148,0000029905,DOV,Dover Corporation,0000029905-24-000008,2023,2024-02-09,1.0.3,0.3.0,363,632,-0.27035175879396983,712,0.01771584971385917,213,0.005299825827320229,61,0.0015177904951480467,284,0.007066434436426972,243,0.006046280169196318,0.009032097536700671,0.0157253048021896,-0.006693207265488927,0.02475740233889027,2190,40190,success
S2023-149,0001751788,DOW,Dow Inc.,0001751788-24-000010,2023,2024-01-31,1.0.3,0.3.0,400,851,-0.36051159072741806,735,0.013564890004429352,228,0.004207884246271962,115,0.0021223977557950687,535,0.009873763472611841,463,0.008544957921157538,0.007382253063635022,0.015705743392883508,-0.008323490329248487,0.02308799645651853,2909,54184,success
S2023-150,0001666700,DD,DuPont,0001666700-24-000008,2023,2024-02-15,1.0.3,0.3.0,246,1254,-0.672,836,0.013872065046046628,315,0.005226914461130009,131,0.0021737326806604163,741,0.012295694018086783,479,0.00794822865676595,0.0040819712934539116,0.02080809756906994,-0.01672612627561603,0.024890068862523852,3400,60265,success
S2023-151,0001326160,DUK,Duke Energy,0001326160-24-000037,2023,2024-02-23,1.0.3,0.3.0,652,1304,-0.3333333333333333,1280,0.013090879338910594,456,0.0046636257644868985,161,0.0016465871668473481,1615,0.0165170079158911,875,0.008948843298083414,0.006668166663257583,0.013336333326515166,-0.006668166663257583,0.020004499989772752,5656,97778,success
S2023-152,0000821189,EOG,EOG Resources,0000821189-24-000011,2023,2024-02-22,1.0.3,0.3.0,192,705,-0.5719063545150501,754,0.015583986110824049,337,0.0069652563917078315,92,0.0019014943265196454,537,0.0110989397102288,400,0.008267366637041937,0.003968335985780129,0.014571233697786413,-0.010602897712006284,0.018539569683566542,2559,48383,success
S2023-153,0001352010,EPAM,EPAM Systems,0001352010-24-000008,2023,2024-02-22,1.0.3,0.3.0,333,956,-0.48332040341349886,883,0.02002085978596046,391,0.008865409033194268,82,0.0018592417921276983,385,0.00872936695084346,337,0.007641030292037003,0.007550335570469799,0.021676038454561945,-0.014125702884092145,0.029226374025031743,2813,44104,success
S2023-154,0000033213,EQT,EQT Corporation,0000033213-24-000008,2023,2024-02-14,1.0.3,0.3.0,210,1156,-0.6925329428989752,1170,0.020239763350459287,543,0.009393326067777258,100,0.0017298943034580586,806,0.013942948085871954,592,0.010240974276471708,0.0036327780372619233,0.01999757814797516,-0.016364800110713236,0.02363035618523708,3830,57807,success
S2023-155,0000915389,EMN,Eastman Chemical Co.,0000915389-24-000016,2023,2024-02-14,1.0.3,0.3.0,354,698,-0.3269961977186312,696,0.015974660882737725,218,0.005003557575340265,83,0.0019050242144644128,372,0.008538180816635682,328,0.007528288461979848,0.008125043035185568,0.01602056508067663,-0.007895522045491061,0.024145608115862197,2366,43569,success
S2023-156,0001551182,ETN,Eaton Corporation,0001551182-24-000006,2023,2024-02-29,1.0.3,0.3.0,201,435,-0.36792452830188677,423,0.013603473227206947,126,0.004052098408104197,72,0.0023154848046309695,282,0.009068982151471297,257,0.008264994372085544,0.006464061746261457,0.013989387361312108,-0.007525325615050651,0.020453449107573563,1572,31095,success
S2023-157,0000031462,ECL,Ecolab,0001558370-24-001581,2023,2024-02-23,1.0.3,0.3.0,378,791,-0.3532934131736527,753,0.01351860828351376,241,0.004326672770686343,91,0.0016337229134126855,573,0.010287068454785372,399,0.007163246620347929,0.0067862336403296175,0.01420082224735642,-0.0074145886070268036,0.020987055887686037,2804,55701,success
S2023-158,0000827052,EIX,Edison International,0000827052-24-000013,2023,2024-02-22,1.0.3,0.3.0,247,2108,-0.7902335456475584,1412,0.015969418337687603,514,0.005813230188081747,237,0.0026804193668781597,1538,0.017394451418812698,770,0.008708535495764485,0.0027935172304595166,0.023841029642950044,-0.02104751241249053,0.026634546873409562,5700,88419,success
S2023-159,0001099800,EW,Edwards Lifesciences,0001099800-24-000004,2023,2024-02-12,1.0.3,0.3.0,270,781,-0.4862036156041865,794,0.019672456083843316,388,0.009613240504447363,82,0.00203166423032135,503,0.012462525705507791,343,0.00849830281707589,0.006689626124228834,0.019350362974158222,-0.012660736849929388,0.02603998909838706,2649,40361,success
S2023-160,0000712515,EA,Electronic Arts,0000712515-23-000028,2023,2023-05-24,1.0.3,0.3.0,221,617,-0.47255369928400953,606,0.016615030296383625,318,0.008718778274339922,71,0.0019466454637677186,307,0.008417185315164642,341,0.009349381734433691,0.006059276725248814,0.016916623255558906,-0.010857346530310093,0.02297589998080772,2067,36473,success
S2023-161,0001156039,ELV,Elevance Health,0001156039-24-000015,2023,2024-02-21,1.0.3,0.3.0,495,1401,-0.4778481012658228,1169,0.01691163705804062,454,0.006567906949829293,131,0.001895144956889069,1149,0.01662230195011863,682,0.009866327180140038,0.007161043921069383,0.020267924309935768,-0.013106880388866385,0.02742896823100515,4554,69124,success
S2023-162,0000032604,EMR,Emerson Electric,0000032604-23-000044,2023,2023-11-13,1.0.3,0.3.0,240,549,-0.3916349809885932,543,0.016631443535789762,194,0.005941989034886214,57,0.0017458421391160525,278,0.008514809029373028,230,0.007044626175380563,0.007350914269962327,0.016815216392538822,-0.009464302122576495,0.02416613066250115,1791,32649,success
S2023-163,0001463101,ENPH,Enphase Energy,0001463101-24-000024,2023,2024-02-09,1.0.3,0.3.0,307,1224,-0.5989549314173742,1290,0.02094155844155844,694,0.011266233766233766,164,0.0026623376623376624,475,0.007711038961038961,505,0.008198051948051947,0.0049837662337662335,0.01987012987012987,-0.014886363636363637,0.024853896103896104,3765,61600,success
S2023-164,0000065984,ETR,Entergy,0000065984-24-000012,2023,2024-02-23,1.0.3,0.3.0,692,3244,-0.6483739837398373,2649,0.01167876131944873,1081,0.004765851636966432,323,0.001424024124643994,3689,0.016263854476197194,1539,0.006785056123303736,0.0030508504466057085,0.014301963654319245,-0.011251113207713537,0.017352814100924954,11688,226822,success
S2023-165,0000033185,EFX,Equifax,0000033185-24-000017,2023,2024-02-22,1.0.3,0.3.0,272,1119,-0.6089144500359454,901,0.0166254566926228,372,0.0068642285123814446,113,0.002085101671771783,700,0.012916559028674762,507,0.009355279182197291,0.005019005793999336,0.020648042218695796,-0.01562903642469646,0.02566704801269513,3403,54194,success
S2023-166,0001101239,EQIX,Equinix,0001628280-24-005350,2023,2024-02-16,1.0.3,0.3.0,432,1128,-0.4461538461538462,1275,0.021007711065708826,663,0.010924009754168589,144,0.0023726356027153495,517,0.008518420879193304,508,0.008370131154023595,0.007117906808146049,0.018585645554603573,-0.011467738746457522,0.02570355236274962,3825,60692,success
S2023-167,0000906107,EQR,Equity Residential,0000950170-24-015907,2023,2024-02-15,1.0.3,0.3.0,345,819,-0.4072164948453608,989,0.01579846967300842,473,0.007555789843612722,153,0.002444050414530119,363,0.005798629414865577,537,0.008578137729429242,0.005511094071979681,0.013082858101308286,-0.007571764029328605,0.018593952173287968,3006,62601,success
S2023-168,0000920522,ESS,Essex Property Trust,0000920522-24-000033,2023,2024-02-23,1.0.3,0.3.0,235,843,-0.5640074211502782,902,0.01914058355437666,566,0.012010610079575598,85,0.001803713527851459,307,0.006514588859416446,383,0.008127320954907162,0.004986737400530504,0.017888594164456234,-0.01290185676392573,0.022875331564986737,2624,47125,success
S2023-169,0001001250,EL,Estée Lauder Companies (The),0001001250-23-000112,2023,2023-08-18,1.0.3,0.3.0,381,757,-0.3304042179261863,864,0.016040695839444518,267,0.0049570205892727846,107,0.0019865213597460222,302,0.005606817295731764,311,0.005773907877392645,0.007073501290310603,0.014054174479698494,-0.006980673189387891,0.021127675770009097,2555,53863,success
S2023-170,0001370637,ETSY,Etsy,0001370637-24-000013,2023,2024-02-22,1.0.3,0.3.0,699,1626,-0.3987096774193548,1609,0.021494602971037727,876,0.011702468739980763,139,0.0018568985786042535,716,0.009565031527198889,629,0.008402800042748744,0.009337928823340814,0.0217217056748958,-0.012383776851554985,0.031059634498236614,5118,74856,success
S2023-171,0001095073,EG,Everest Group,0001095073-24-000009,2023,2024-02-28,1.0.3,0.3.0,284,1439,-0.6703424260011608,1037,0.01848814405419861,422,0.007523622749153146,158,0.0028169014084507044,754,0.013442681404885005,384,0.006846140131930825,0.005063291139240506,0.025655197004813692,-0.020591905865573187,0.030718488144054198,3819,56090,success
S2023-172,0001711269,EVRG,Evergy,0001711269-24-000007,2023,2024-02-29,1.0.3,0.3.0,183,812,-0.6321608040201006,876,0.014936825413064608,368,0.006274830767132164,107,0.001824475250225928,757,0.012907736116084369,507,0.008644943475369584,0.0031203642130032227,0.013845550497041621,-0.0107251862840384,0.016965914710044844,3131,58647,success
S2023-173,0000072741,ES,Eversource Energy,0000072741-24-000005,2023,2024-02-14,1.0.3,0.3.0,331,1207,-0.5695708712613784,1048,0.011955690931699693,416,0.004745770446170871,168,0.0019165611417228516,1344,0.015332489133782812,707,0.008065528138083667,0.00377608177327538,0.013769579155115964,-0.009993497381840584,0.017545660928391344,4579,87657,success
S2023-174,0001109357,EXC,Exelon,0001109357-24-000053,2023,2024-02-21,1.0.3,0.3.0,286,1060,-0.575037147102526,964,0.011604111996533212,370,0.0044538604136071455,184,0.002214892746226256,1426,0.017165418783253485,751,0.009040132893564774,0.0034427137251125503,0.012759708211955606,-0.009316994486843056,0.016202421937068157,4453,83074,success
S2023-175,0001324424,EXPE,Expedia Group,0001324424-24-000007,2023,2024-02-09,1.0.3,0.3.0,313,1026,-0.5324869305451829,932,0.018238390638147983,445,0.008708244457055635,97,0.0018982016007514531,758,0.014833369209995891,412,0.00806246453102679,0.006125124752940255,0.020077884972896812,-0.013952760219956556,0.026203009725837067,3271,51101,success
S2023-176,0000746515,EXPD,Expeditors International,0000950170-24-019394,2023,2024-02-23,1.0.3,0.3.0,255,668,-0.447453954496208,709,0.01702076581442804,311,0.007466090505341496,97,0.0023286520225663187,447,0.010731004681310767,317,0.007610130836634257,0.006121714079942384,0.01603649021726083,-0.009914776137318448,0.022158204297203218,2402,41655,success
S2023-177,0001289490,EXR,Extra Space Storage,0001628280-24-008044,2023,2024-02-29,1.0.3,0.3.0,169,578,-0.5475234270414994,632,0.01861122563166264,314,0.00924671653218682,86,0.0025325401967135875,241,0.0070970021791624946,263,0.007744861299252017,0.004976735967960421,0.01702102597326109,-0.012044290005300665,0.021997761941221508,1865,33958,success
S2023-178,0000034088,XOM,ExxonMobil,0000034088-24-000018,2023,2024-02-28,1.0.3,0.3.0,329,556,-0.25649717514124293,534,0.013295819535393272,206,0.005129098921893285,104,0.002589447999402435,256,0.0063740258446829175,336,0.00836590892114633,0.00819161915195578,0.01384358738142071,-0.005651968229464931,0.02203520653337649,1974,40163,success
S2023-179,0001048695,FFIV,"F5, Inc.",0001048695-23-000039,2023,2023-11-14,1.0.3,0.3.0,286,870,-0.5051903114186851,772,0.01927349893895893,397,0.00991137186368743,70,0.0017475970540506804,349,0.008713019598052677,329,0.008213706154038198,0.0071401822494070654,0.021720134814629883,-0.014579952565222818,0.02886031706403695,2528,40055,success
S2023-180,0000037785,FMC,FMC Corporation,0000037785-24-000033,2023,2024-02-27,1.0.3,0.3.0,299,997,-0.5385802469135802,892,0.017191203962456877,314,0.006051612157187735,118,0.002274172721490932,593,0.01142868155800104,427,0.008229421627768034,0.005762522404455837,0.019214832231580166,-0.013452309827124328,0.024977354636036002,3155,51887,success
S2023-181,0001013237,FDS,FactSet,0001013237-23-000128,2023,2023-10-27,1.0.3,0.3.0,271,654,-0.41405405405405404,785,0.018034783008247755,284,0.0065246858271877225,88,0.0020217336365933787,291,0.006685505548280377,360,0.00827072851333655,0.006226020630872792,0.015025156799228065,-0.008799136168355273,0.021251177430100857,2270,43527,success
S2023-182,0000814547,FICO,Fair Isaac,0000814547-23-000022,2023,2023-11-08,1.0.3,0.3.0,259,698,-0.4587251828631139,737,0.018235803538290237,360,0.008907583817889397,91,0.0022516392428553753,521,0.0128912532475566,351,0.008684894222442162,0.006408511691203761,0.017270815291352222,-0.010862303600148459,0.02367932698255598,2533,40415,success
S2023-183,0000815556,FAST,Fastenal,0000815556-24-000009,2023,2024-02-06,1.0.3,0.3.0,315,527,-0.2517814726840855,566,0.015777883087558887,241,0.006718144565550693,78,0.0021743372452819668,185,0.005157081927912357,148,0.004125665542329886,0.008780977336715635,0.014690714464917905,-0.005909737128202269,0.02347169180163354,1744,35873,success
S2023-184,0001048911,FDX,FedEx,0000950170-23-033201,2023,2023-07-17,1.0.3,0.3.0,552,1189,-0.3658816771970132,1270,0.01640742080512635,668,0.008630044958916852,164,0.0021187535527879696,805,0.010399979329233632,601,0.007764456617229084,0.007131414397188776,0.01536096325771278,-0.008229548860524004,0.022492377654901554,4275,77404,success
S2023-185,0000034903,FRT,Federal Realty Investment Trust,0000034903-24-000032,2023,2024-02-12,1.0.3,0.3.0,220,549,-0.42782834850455137,803,0.019695371710284272,395,0.009688258811410071,105,0.0025753599372102722,239,0.005862009761840524,336,0.00824115179907287,0.005395992249392951,0.013465453385985137,-0.008069461136592185,0.018861445635378088,2176,40771,success
S2023-186,0001136893,FIS,Fidelity National Information Services,0001136893-24-000015,2023,2024-02-26,1.0.3,0.3.0,276,1092,-0.5964912280701754,883,0.017608231798512373,372,0.007418190519871578,107,0.0021337268430813407,634,0.012642830079566075,467,0.009312620894569964,0.005503818772807945,0.021775978622848826,-0.01627215985004088,0.02727979739565677,3277,50147,success
S2023-187,0000035527,FITB,Fifth Third Bancorp,0000035527-24-000088,2023,2024-02-27,1.0.3,0.3.0,386,2187,-0.6999611348620287,1900,0.018436220380756468,685,0.006646742610956937,189,0.001833918764191038,1171,0.011362533718876749,777,0.007539443808340934,0.0037454637194589456,0.021221059985639154,-0.01747559626618021,0.0249665237050981,6270,103058,success
S2023-188,0001274494,FSLR,First Solar,0001274494-24-000004,2023,2024-02-27,1.0.3,0.3.0,405,1208,-0.49783013019218847,1144,0.019533517740668648,614,0.010483898507666563,119,0.002031895639108015,721,0.012310897107536797,526,0.008981320219922822,0.0069152750742751765,0.020626301949936823,-0.013711026875661647,0.027541577024212,3895,58566,success
S2023-189,0001031296,FE,FirstEnergy,0001031296-24-000008,2023,2024-02-13,1.0.3,0.3.0,413,1704,-0.6098252243741143,1443,0.0171115511864246,645,0.007648614355678355,267,0.003166170593745924,1476,0.017502875641831398,760,0.0090123207911869,0.004897484851000249,0.02020657187918747,-0.015309087028187219,0.025104056730187715,5767,84329,success
S2023-190,0000798354,FI,Fiserv,0000798354-24-000037,2023,2024-02-22,1.0.3,0.3.0,431,825,-0.31369426751592355,828,0.015931962055761868,355,0.006830732523907564,74,0.0014238710049835485,527,0.010140270535490947,429,0.008254603528891112,0.008293086529025802,0.01587423755555983,-0.007581151026534029,0.024167324084585634,2993,51971,success
S2023-191,0000037996,F,Ford Motor Company,0000037996-24-000009,2023,2024-02-07,1.0.3,0.3.0,399,1559,-0.59244126659857,1241,0.017182178162988396,525,0.007268850552432642,145,0.002007587295433777,692,0.009581037299587406,628,0.008694929803671808,0.005524326419848808,0.021585024783319025,-0.016060698363470217,0.027109351203167834,4438,72226,success
S2023-192,0001262039,FTNT,Fortinet,0001262039-24-000014,2023,2024-02-26,1.0.3,0.3.0,346,1944,-0.6978165938864629,1432,0.023250527683065434,894,0.014515343399902582,116,0.0018834226335444067,701,0.011381717811333009,537,0.008718947881149536,0.005617795096606592,0.031563565513882126,-0.02594577041727553,0.03718136061048872,4804,61590,success
S2023-193,0001659166,FTV,Fortive,0001659166-24-000046,2023,2024-02-27,1.0.3,0.3.0,280,1186,-0.6180081855388813,941,0.02010211275127641,457,0.009762662622033283,104,0.00222170002777125,692,0.014782850184785628,426,0.009100425113755315,0.005981500074768751,0.025335925316699065,-0.019354425241930314,0.03131742539146782,3419,46811,success
S2023-194,0001754301,FOXA|FOX,Fox Corporation (Class A)|Fox Corporation (Class B),0001628280-23-029065,2023,2023-08-11,1.0.3,0.3.0,244,811,-0.5374407582938389,691,0.015187814581181177,343,0.0075389586126557795,94,0.002066070290348814,501,0.011011715058135701,326,0.007165307602699079,0.0053629909664373475,0.017825351122052004,-0.012462360155614655,0.023188342088489352,2510,45497,success
S2023-195,0000038777,BEN,Franklin Resources,0000038777-23-000169,2023,2023-11-14,1.0.3,0.3.0,178,784,-0.6299376299376299,799,0.01899576815177595,388,0.009224478151300461,71,0.0016879844039750843,572,0.01359897294470068,402,0.009557320146450478,0.004231848224050211,0.018639151728400933,-0.01440730350435072,0.022870999952451145,2657,42062,success
S2023-196,0000831259,FCX,Freeport-McMoRan,0000831259-24-000011,2023,2024-02-16,1.0.3,0.3.0,452,1419,-0.5168359166221272,1550,0.01786187584267721,572,0.006591608375491201,227,0.0026159005266372425,1108,0.012768360279797643,682,0.007859225370777972,0.005208753471541998,0.016352259239199328,-0.011143505767657328,0.021561012710741324,5177,86777,success
S2023-197,0000040545,GE,GE Aerospace,0000040545-24-000027,2023,2024-02-02,1.0.3,0.3.0,291,1027,-0.5584218512898331,807,0.01673891850407583,271,0.005621123809918898,131,0.002717222210698803,592,0.012279355333844973,345,0.007156043226649519,0.006035966895521769,0.02130219244570741,-0.015266225550185641,0.02733815934122918,3013,48211,success
S2023-198,0001932393,GEHC,GE HealthCare,0001932393-24-000013,2023,2024-02-06,1.0.3,0.3.0,415,1683,-0.6043851286939943,1352,0.020766135225632046,745,0.011442877768562038,179,0.0027493625779498048,1167,0.01792461524283476,728,0.011181765121494179,0.006374220501950665,0.025850152059718,-0.019475931557767334,0.032224372561668664,5238,65106,success
S2023-199,0001121788,GRMN,Garmin,0000950170-24-017559,2023,2024-02-21,1.0.3,0.3.0,264,925,-0.5559293523969723,819,0.01678519459758572,355,0.007275633799930318,105,0.0021519480253315024,440,0.009017686963293916,393,0.008054434037669337,0.005410612177976349,0.018957637366015617,-0.013547025188039267,0.024368249543991968,2768,48793,success
S2023-200,0000749251,IT,Gartner,0000749251-24-000006,2023,2024-02-15,1.0.3,0.3.0,257,618,-0.4125714285714286,590,0.0165618684033236,271,0.007607231080170671,76,0.0021333932180552435,429,0.012042443296653941,300,0.00842128901863912,0.007214237592634179,0.017347855378396587,-0.010133617785762408,0.024562092971030767,2162,35624,success
S2023-201,0000849399,GEN,Gen Digital,0000849399-23-000014,2023,2023-05-25,1.0.3,0.3.0,282,1140,-0.6033755274261603,896,0.019309512521012026,483,0.010409034093358045,119,0.00256454463169691,547,0.011788284987716047,326,0.007025559243136072,0.006077324253264946,0.024567906555751907,-0.01849058230248696,0.030645230809016853,3103,46402,success
S2023-202,0001474735,GNRC,Generac,0001437749-24-005040,2023,2024-02-21,1.0.3,0.3.0,287,944,-0.5337124289195776,788,0.017265934836433752,347,0.0076031464317798374,91,0.001993908718420649,471,0.010320120949188194,324,0.007099191480970223,0.006288481342711278,0.020684064068012008,-0.01439558272530073,0.026972545410723286,2712,45639,success
S2023-203,0000040533,GD,General Dynamics,0000040533-24-000007,2023,2024-02-08,1.0.3,0.3.0,226,401,-0.27910685805422647,436,0.01319293149358509,138,0.004175744371822803,53,0.0016037279109174533,486,0.014705882352941176,265,0.008018639554587268,0.006838537884289518,0.012133865892035826,-0.005295328007746308,0.018972403776325347,1777,33048,success
S2023-204,0000040704,GIS,General Mills,0001193125-23-177500,2023,2023-06-28,1.0.3,0.3.0,150,505,-0.5419847328244275,578,0.021527001862197394,317,0.01180633147113594,22,0.000819366852886406,179,0.006666666666666667,196,0.007299813780260707,0.00558659217877095,0.018808193668528865,-0.013221601489757914,0.024394785847299812,1524,26850,success
S2023-205,0001467858,GM,General Motors,0001467858-24-000031,2023,2024-01-30,1.0.3,0.3.0,307,1017,-0.5362537764350453,896,0.01785749875435974,383,0.00763328350772297,113,0.0022521175884404583,472,0.009407075236671648,411,0.008191330343796712,0.00611858495266567,0.020269058295964124,-0.014150473343298456,0.026387643248629796,3033,50175,success
S2023-206,0000040987,GPC,Genuine Parts Company,0000040987-24-000024,2023,2024-02-22,1.0.3,0.3.0,237,586,-0.4240583232077764,642,0.019058362524490887,237,0.007035563735676542,55,0.0016327257614439233,252,0.007480852579706703,245,0.007273051119159294,0.007035563735676542,0.01739595084011162,-0.010360387104435077,0.02443151457578816,1892,33686,success
S2023-207,0000882095,GILD,Gilead Sciences,0000882095-24-000007,2023,2024-02-23,1.0.3,0.3.0,407,1115,-0.4651773981603154,977,0.019638980461526092,460,0.00924660287850768,116,0.002331752030232371,759,0.01525689474953767,399,0.00802042293157514,0.00818123341641875,0.022412961325078397,-0.014231727908659645,0.030594194741497147,3497,49748,success
S2023-208,0001123360,GPN,Global Payments,0001123360-24-000004,2023,2024-02-14,1.0.3,0.3.0,301,1046,-0.5530809205642168,1033,0.018148278285312718,496,0.00871398453970485,97,0.0017041461700632466,570,0.010014054813773718,511,0.008977512297962053,0.005288123682361209,0.018376669009135628,-0.01308854532677442,0.023664792691496836,3413,56920,success
S2023-209,0000320335,GL,Globe Life,0000320335-24-000006,2023,2024-02-28,1.0.3,0.3.0,239,684,-0.48212351029252437,580,0.013375766800424335,188,0.004335593376689267,85,0.0019602416862690834,345,0.007956275079562751,322,0.007425856740925234,0.005511738388450717,0.0157741801577418,-0.010262441769291085,0.02128591854619252,2129,43362,success
S2023-210,0000886982,GS,Goldman Sachs,0000886982-24-000006,2023,2024-02-23,1.0.3,0.3.0,616,3258,-0.6819824470831182,2819,0.0203138961750209,839,0.006045888219525552,186,0.0013403280200616839,2057,0.014822874931542386,1441,0.010383939123166057,0.004438935808376329,0.02347735854495143,-0.019038422736575102,0.02791629435332776,9687,138772,success
S2023-211,0000860730,HCA,HCA Healthcare,0000950170-24-016524,2023,2024-02-16,1.0.3,0.3.0,403,1554,-0.5881451200817578,1133,0.0164864746882412,634,0.009225441264205578,132,0.0019207543326106252,996,0.014492964509698354,689,0.010025755569460006,0.005864121182136985,0.02261251691573418,-0.016748395733597196,0.028476638097871165,4606,68723,success
S2023-212,0000047217,HPQ,HP Inc.,0000047217-23-000100,2023,2023-12-18,1.0.3,0.3.0,365,1349,-0.574095682613769,1114,0.021603382073459257,569,0.011034402513283947,97,0.0018810844354807431,744,0.014428111546367762,395,0.0076600861032463255,0.007078307411860528,0.026160648489314663,-0.019082341077454136,0.03323895590117519,3833,51566,success
S2023-213,0000045012,HAL,Halliburton,0000045012-24-000007,2023,2024-02-06,1.0.3,0.3.0,146,581,-0.5983493810178817,536,0.018373153258149658,226,0.007746889246906386,52,0.001782470092208549,272,0.009323689713090872,288,0.00987214204915504,0.005004627566585542,0.019915675453330135,-0.014911047886744593,0.024920303019915675,1777,29173,success
S2023-214,0000874766,HIG,Hartford (The),0000874766-24-000016,2023,2024-02-23,1.0.3,0.3.0,630,3203,-0.6712757631098356,2105,0.020683488582321267,641,0.006298392485162913,177,0.0017391817002711943,1404,0.013795542978422356,690,0.006779860865463979,0.006190307746727981,0.03147231065519003,-0.025282002908462053,0.037662618401918015,7652,101772,success
S2023-215,0000046080,HAS,Hasbro,0000046080-24-000034,2023,2024-02-28,1.0.3,0.3.0,492,1060,-0.36597938144329895,843,0.013567887722912508,359,0.0057780209875748405,109,0.0017543294920491857,309,0.00497328268846971,486,0.007822056267301874,0.007918624863194489,0.017060451941028777,-0.009141827077834288,0.024979076804223267,3060,62132,success
S2023-216,0000765880,PEAK,Healthpeak Properties,0001628280-24-004094,2023,2024-02-09,1.0.3,0.3.0,376,1483,-0.5954814416352878,1221,0.017631005155011335,683,0.009862388632983408,164,0.002368128456528959,670,0.009674671133380504,670,0.009674671133380504,0.005429367680822491,0.021414234762392965,-0.015984867081570472,0.026843602443215455,4347,69253,success
S2023-217,0001000228,HSIC,Henry Schein,0001000228-24-000011,2023,2024-02-28,1.0.3,0.3.0,144,476,-0.535483870967742,463,0.013329878505211033,117,0.0033684574192433927,43,0.0012379800771578282,429,0.012351010537225773,250,0.007197558588126907,0.004145793746761098,0.013704151551793631,-0.009558357805032534,0.01784994529855473,1701,34734,success
S2023-218,0000047111,HSY,Hershey Company (The),0000047111-24-000009,2023,2024-02-20,1.0.3,0.3.0,282,504,-0.2824427480916031,647,0.01588509698011294,221,0.005425975939111221,67,0.0016449791308617726,275,0.006751780014731156,269,0.006604468450773386,0.006923643506015222,0.012374171372452737,-0.005450527866437516,0.019297814878467958,1934,40730,success
S2023-219,0001645590,HPE,Hewlett Packard Enterprise,0001645590-23-000117,2023,2023-12-22,1.0.3,0.3.0,433,1287,-0.4965116279069767,1302,0.019310631229235882,600,0.00889890840056953,111,0.001646298054105363,669,0.009922282866635027,518,0.007682724252491694,0.006422045562411011,0.019088158519221642,-0.012666112956810631,0.025510204081632654,4074,67424,success
S2023-220,0001585689,HLT,Hilton Worldwide,0001585689-24-000027,2023,2024-02-07,1.0.3,0.3.0,446,1064,-0.40927152317880794,895,0.01733689756702309,472,0.009143034247636758,96,0.0018596001859600185,553,0.010712071904540524,481,0.00931737176507051,0.00863939253060592,0.02061056872772354,-0.01197117619711762,0.02924996125832946,3356,51624,success
S2023-221,0000354950,HD,Home Depot (The),0000354950-23-000059,2023,2023-03-15,1.0.3,0.3.0,286,652,-0.39019189765458423,520,0.015248819682707252,247,0.0072431893492859445,52,0.0015248819682707252,236,0.006920618163690214,208,0.006099527873082901,0.00838685082548899,0.019119673909856017,-0.010732823084367028,0.027506524735345005,1848,34101,success
S2023-222,0000773840,HON,Honeywell Technologies,0000773840-24-000014,2023,2024-02-16,1.0.3,0.3.0,255,782,-0.5081967213114754,679,0.016647461200872828,220,0.005393875499546424,83,0.002034962120283424,615,0.015078333782822959,355,0.008703753646995367,0.006251992056292446,0.019172775639296834,-0.01292078358300439,0.02542476769558928,2601,40787,success
S2023-223,0000048465,HRL,Hormel Foods,0000048465-23-000083,2023,2023-12-06,1.0.3,0.3.0,182,642,-0.558252427184466,512,0.016485816402099365,172,0.005538203947580256,44,0.0014167498470554142,297,0.009563061467624047,253,0.008146311620568631,0.0058601925491837585,0.020671668222944906,-0.014811475673761149,0.026531860772128667,1740,31057,success
S2023-224,0001070750,HST,Host Hotels & Resorts,0001070750-24-000081,2023,2024-02-28,1.0.3,0.3.0,350,791,-0.38650306748466257,812,0.014483189155444573,375,0.006688664942477482,158,0.0028181574957638457,388,0.006920538660483367,457,0.008151253009899224,0.006242753946312316,0.014108623918665835,-0.007865869972353518,0.020351377864978152,2816,56065,success
S2023-225,0000004281,HWM,Howmet Aerospace,0000004281-24-000007,2023,2024-02-13,1.0.3,0.3.0,229,861,-0.5798165137614679,623,0.015094979647218454,262,0.00634812948245784,61,0.0014779996123279705,514,0.01245396394650126,303,0.0073415390579569684,0.00554855592169025,0.02086160108548168,-0.015313045163791433,0.026410157007171933,2428,41272,success
S2023-226,0000048898,HUBB,Hubbell Incorporated,0001628280-24-003792,2023,2024-02-08,1.0.3,0.3.0,194,660,-0.5456674473067916,754,0.018851413856039202,263,0.006575493161987149,69,0.0017251293847038527,288,0.007200540040503038,365,0.009125684426331975,0.004850363777283297,0.016501237592819462,-0.011650873815536165,0.02135160137010276,2171,39997,success
S2023-227,0000049071,HUM,Humana,0000049071-24-000012,2023,2024-02-15,1.0.3,0.3.0,407,970,-0.40885984023238925,860,0.015372240593439985,312,0.005576905889713111,96,0.0017159710429886495,894,0.0159799803378318,427,0.007632496201626597,0.007275002234337295,0.01733845741353115,-0.010063455179193851,0.024613459647868444,3344,55945,success
S2023-228,0000049196,HBAN,Huntington Bancshares,0000049196-24-000020,2023,2024-02-16,1.0.3,0.3.0,304,1258,-0.6107554417413572,1256,0.019538298799079087,413,0.006424615767531579,108,0.0016800448011946986,565,0.008789123265509303,631,0.00981581731068384,0.004729014995955448,0.01956941073984195,-0.014840395743886504,0.0242984257357974,3951,64284,success
S2023-229,0001501585,HII,Huntington Ingalls Industries,0001501585-24-000007,2023,2024-02-01,1.0.3,0.3.0,279,1092,-0.5929978118161926,877,0.01776958301252178,378,0.00765895368156583,76,0.0015398954492037119,944,0.019127122421688212,432,0.00875308992178952,0.005653037241155732,0.022125866191190176,-0.016472828950034445,0.02777890343234591,3496,49354,success
S2023-230,0000051143,IBM,IBM,0000051143-24-000012,2023,2024-02-26,1.0.3,0.3.0,82,286,-0.5543478260869565,261,0.02539898793304788,124,0.012066952121448035,27,0.002627481510315298,134,0.013040093421564812,57,0.005546905410665629,0.007979758660957572,0.027831841183339822,-0.01985208252238225,0.035811599844297395,821,10276,success
S2023-231,0000832101,IEX,IDEX Corporation,0000832101-24-000009,2023,2024-02-22,1.0.3,0.3.0,228,544,-0.40932642487046633,467,0.014286588350465002,163,0.004986539402838963,43,0.0013154674498286833,252,0.007709251101321586,262,0.008015173764072443,0.0069750367107195305,0.016642192853646598,-0.009667156142927067,0.023617229564366127,1683,32688,success
S2023-232,0001478242,IQV,IQVIA,0001478242-24-000038,2023,2024-02-15,1.0.3,0.3.0,394,1206,-0.5075,1305,0.02186112739760449,678,0.011357735153697965,121,0.0020269704330345925,871,0.014590836753496943,569,0.00953178658179077,0.006600217773682888,0.02020269704330346,-0.013602479269620571,0.026802914816986347,4273,59695,success
S2023-233,0000874716,IDXX,Idexx Laboratories,0000874716-24-000057,2023,2024-02-22,1.0.3,0.3.0,388,886,-0.39089481946624804,1024,0.017708297305710233,414,0.0071594092622695674,138,0.0023864697540898557,594,0.010272195898038945,537,0.009286480130045308,0.006709784525991768,0.015321827551620378,-0.00861204302562861,0.02203161207761215,3430,57826,success
S2023-234,0000049826,ITW,Illinois Tool Works,0000049826-24-000008,2023,2024-02-09,1.0.3,0.3.0,294,510,-0.26865671641791045,474,0.015106125310727261,181,0.005768372745235516,50,0.00159347313404296,150,0.00478041940212888,147,0.004684811014086302,0.009369622028172604,0.01625342596723819,-0.006883803939065587,0.0256230479954108,1561,31378,success
S2023-235,0000879169,INCY,Incyte,0000879169-24-000045,2023,2024-02-13,1.0.3,0.3.0,717,1393,-0.32037914691943126,1284,0.01959437806162157,776,0.011842085183659144,161,0.0024569274672282503,726,0.011079064231103787,472,0.007202917792122572,0.010941720459643822,0.02125776373819225,-0.01031604327854843,0.032199484197836074,4548,65529,success
S2023-236,0001699150,IR,Ingersoll Rand,0001628280-24-006642,2023,2024-02-23,1.0.3,0.3.0,301,807,-0.4566787003610108,784,0.016743192738921515,312,0.006663107314468767,105,0.0022423918846769886,513,0.010955686065136146,371,0.00792311799252536,0.006428190069407368,0.017234383342231714,-0.010806193272824345,0.023662573411639083,2724,46825,success
S2023-237,0001145197,PODD,Insulet Corporation,0001145197-24-000011,2023,2024-02-23,1.0.3,0.3.0,276,1009,-0.5704280155642023,729,0.017564995301544466,401,0.009661952148037492,87,0.0020962340071802037,515,0.01240874153675638,384,0.009252343204105727,0.0066501216779509915,0.024311495554538227,-0.017661373876587234,0.03096161723248922,2862,41503,success
S2023-238,0000050863,INTC,Intel,0000050863-24-000010,2023,2024-01-26,1.0.3,0.3.0,499,1320,-0.451346893897746,806,0.015168338445903984,356,0.006699663134915408,130,0.0024465062009522555,471,0.00886388015883471,428,0.00805465118467358,0.009390819955962889,0.024841447578899827,-0.015450627622936936,0.03423226753486271,3430,53137,success
S2023-239,0001571949,ICE,Intercontinental Exchange,0001571949-24-000007,2023,2024-02-08,1.0.3,0.3.0,469,1393,-0.49624060150375937,1437,0.018625087487362937,622,0.008061798480960157,137,0.001775669440340099,918,0.011898281359359204,622,0.008061798480960157,0.006078751587733623,0.01805479949192524,-0.011976047904191617,0.024133551079658862,4733,77154,success
S2023-240,0000051253,IFF,International Flavors & Fragrances,0000051253-24-000006,2023,2024-02-28,1.0.3,0.3.0,400,1453,-0.5682676740420939,1184,0.020034179935362696,493,0.00834193471970761,93,0.001573630687490482,703,0.011895294336621601,456,0.007715866596727525,0.0067683040322171276,0.024585864397028714,-0.017817560364811587,0.03135416842924584,4009,59099,success
S2023-241,0000051434,IP,International Paper,0000051434-24-000024,2023,2024-02-16,1.0.3,0.3.0,210,895,-0.6199095022624435,889,0.01869375052569602,325,0.006834048279922618,91,0.001913533518378333,564,0.011859702245773405,391,0.008221885776768441,0.004415846580873076,0.018819917570863823,-0.014404070989990747,0.0232357641517369,2876,47556,success
S2023-242,0000896878,INTU,Intuit,0000896878-23-000034,2023,2023-09-01,1.0.3,0.3.0,306,1047,-0.5476718403547672,905,0.01784411538537374,489,0.009641737484472663,87,0.0017154011475442159,387,0.00763057751838634,420,0.008281246919178973,0.006033479898258967,0.02064396553423901,-0.014610485635980046,0.02667744543249798,2973,50717,success
S2023-243,0001035267,ISRG,Intuitive Surgical,0001035267-24-000021,2023,2024-01-31,1.0.3,0.3.0,503,2202,-0.6280961182994454,1790,0.02164921022713529,994,0.012021963668029318,244,0.0029510655281681625,1126,0.01361844174064488,710,0.008587116905735227,0.006083549019133548,0.02663215693863235,-0.020548607919498803,0.0327157059577659,6268,82682,success
S2023-244,0000914208,IVZ,Invesco,0000914208-24-000219,2023,2024-02-21,1.0.3,0.3.0,243,1067,-0.6290076335877862,949,0.021333033606833765,449,0.010093289872990897,97,0.0021805102843655165,450,0.010115769360458582,438,0.009846015510846353,0.005462515454647634,0.02398561312802068,-0.018523097673373047,0.029448128582668317,3047,44485,success
S2023-245,0001687229,INVH,Invitation Homes,0001687229-24-000013,2023,2024-02-21,1.0.3,0.3.0,593,1447,-0.41862745098039217,1315,0.019639176797395384,821,0.012261417605065862,176,0.002628513396457481,528,0.007885540189372443,642,0.009588100002986946,0.008856297977836852,0.02161056184473849,-0.012754263866901639,0.030466859822575347,4499,66958,success
S2023-246,0001020569,IRM,Iron Mountain,0001020569-24-000040,2023,2024-02-22,1.0.3,0.3.0,287,744,-0.44325897187196894,882,0.01696969696969697,341,0.0065608465608465606,141,0.002712842712842713,341,0.0065608465608465606,456,0.008773448773448773,0.005521885521885522,0.014314574314574315,-0.008792688792688793,0.019836459836459836,2708,51975,success
S2023-247,0000728535,JBHT,J.B. Hunt,0001437749-24-005368,2023,2024-02-23,1.0.3,0.3.0,92,450,-0.6605166051660517,327,0.014603429796355842,132,0.005894962486602358,29,0.0012951053947838514,288,0.012861736334405145,158,0.007056091461236156,0.004108610217934977,0.02009646302250804,-0.01598785280457306,0.024205073240443017,1217,22392,success
S2023-248,0000091419,SJM,J.M. Smucker Company (The),0000091419-23-000072,2023,2023-06-20,1.0.3,0.3.0,300,1034,-0.5502248875562219,794,0.018993852115876852,331,0.007918092002966294,68,0.0016266775111834079,338,0.008085544099705763,308,0.007367892256536612,0.007176518431691505,0.024735066861230056,-0.01755854842953855,0.03191158529292156,2656,41803,success
S2023-249,0000019617,JPM,JPMorgan Chase,0000019617-24-000225,2023,2024-02-16,1.0.3,0.3.0,500,3010,-0.7150997150997151,2892,0.021192868292039483,775,0.005679278328606708,182,0.0013337143945889303,1380,0.010112779475454525,1166,0.008544565846652157,0.003664050534584973,0.02205758421820154,-0.018393533683616563,0.02572163475278651,8751,136461,success
S2023-250,0000898293,JBL,Jabil,0001193125-23-259599,2023,2023-10-20,1.0.3,0.3.0,247,740,-0.49949341438703143,724,0.018757448572464894,341,0.00883465464531841,93,0.002409451266905021,358,0.009275091973677393,336,0.008705114254624592,0.006399295300274626,0.019171977822685114,-0.012772682522410487,0.025571273122959738,2386,38598,success
S2023-251,0000779152,JKHY,Jack Henry & Associates,0000779152-23-000062,2023,2023-08-24,1.0.3,0.3.0,189,484,-0.43833580980683506,438,0.014946254905306261,212,0.007234260365125405,49,0.0016720696126940795,304,0.010373656372632656,251,0.008565091281351305,0.006449411363248592,0.016515952909059887,-0.010066541545811295,0.02296536427230848,1634,29305,success
S2023-252,0000052988,J,Jacobs Solutions,0000052988-23-000084,2023,2023-11-21,1.0.3,0.3.0,470,1334,-0.4789356984478936,1225,0.02005796342082426,603,0.009873430157352677,126,0.0020631048089990666,836,0.013688536669231902,534,0.00874363466671033,0.0076957084145203285,0.021842712819085355,-0.014147004404565029,0.029538421233605686,4250,61073,success
S2023-253,0000833444,JCI,Johnson Controls,0000833444-23-000048,2023,2023-12-14,1.0.3,0.3.0,325,1455,-0.6348314606741573,1039,0.01906422018348624,476,0.00873394495412844,121,0.002220183486238532,870,0.015963302752293577,476,0.00873394495412844,0.005963302752293578,0.02669724770642202,-0.02073394495412844,0.0326605504587156,3932,54500,success
S2023-254,0000319201,KLAC,KLA Corporation,0000319201-23-000031,2023,2023-08-04,1.0.3,0.3.0,374,1181,-0.5189710610932476,1177,0.02008703814318628,574,0.009796057684102738,148,0.0025258127826606365,552,0.009420599027220753,565,0.009642460960832835,0.006382797166993771,0.02015530335352846,-0.013772506186534687,0.026538100520522228,3784,58595,success
S2023-255,0001944048,KVUE,Kenvue,0001944048-24-000057,2023,2024-03-01,1.0.3,0.3.0,503,2053,-0.6064162754303599,1588,0.019793341559785117,916,0.011417317927432724,205,0.0025551857807027383,1242,0.015480686534794152,639,0.007964701043263658,0.0062695534033828165,0.025589250769671813,-0.019319697366289,0.03185880417305463,5849,80229,success
S2023-256,0001418135,KDP,Keurig Dr Pepper,0001418135-24-000007,2023,2024-02-22,1.0.3,0.3.0,284,923,-0.5294117647058824,779,0.017866152928764735,339,0.007774872712260905,67,0.001536626760240356,400,0.009173891105912572,331,0.007591394890142654,0.006513462685197926,0.021168753726893263,-0.014655291041695336,0.02768221641209119,2590,43602,success
S2023-257,0000091576,KEY,KeyCorp,0000091576-24-000040,2023,2024-02-22,1.0.3,0.3.0,329,1611,-0.6608247422680412,1688,0.021894212560637113,539,0.006991102233520973,129,0.0016731951542193052,718,0.009312822641313653,664,0.008612415367454409,0.004267296168512802,0.020895483670134114,-0.016628187501621313,0.025162779838646916,4944,77098,success
S2023-258,0001601046,KEYS,Keysight Technologies,0001601046-23-000134,2023,2023-12-15,1.0.3,0.3.0,394,983,-0.4277414669571532,936,0.018552655051436048,439,0.008701512358526094,116,0.0022992606687677153,600,0.011892727597074389,498,0.009870963905571743,0.007809557788745515,0.019484252046540206,-0.011674694257794691,0.02729380983528572,3339,50451,success
S2023-259,0000055785,KMB,Kimberly-Clark,0000055785-24-000018,2023,2024-02-08,1.0.3,0.3.0,190,548,-0.48509485094850946,542,0.017042953273379034,198,0.006226023520533299,37,0.0011634488396956167,265,0.008332809257279417,208,0.0065404691528834664,0.0059744670146531665,0.01723162065278913,-0.011257153638135967,0.0232060876674423,1661,31802,success
S2023-260,0000879101,KIM,Kimco Realty,0001437749-24-005407,2023,2024-02-26,1.0.3,0.3.0,281,705,-0.4300202839756592,779,0.01560465535546163,378,0.007571963702650187,129,0.002584082850904429,253,0.005068007451773803,385,0.007712185252699265,0.005628893651970113,0.014122313254942809,-0.008493419602972696,0.019751206906912924,2375,49921,success
S2023-261,0001506307,KMI,Kinder Morgan,0001506307-24-000011,2023,2024-02-20,1.0.3,0.3.0,241,1177,-0.6600846262341326,1007,0.018078994614003592,424,0.007612208258527827,111,0.001992818671454219,879,0.01578096947935368,581,0.010430879712746859,0.004326750448833034,0.021131059245960503,-0.01680430879712747,0.025457809694793537,3764,55700,success
S2023-262,0001637459,KHC,Kraft Heinz,0001637459-24-000018,2023,2024-02-15,1.0.3,0.3.0,326,1458,-0.6345291479820628,1109,0.01986493990363086,435,0.007791928636681176,103,0.001844985401329106,535,0.00958317659913662,577,0.010335500743367905,0.005839468357604743,0.026116395292600354,-0.020276926934995613,0.0319558636502051,3701,55827,success
S2023-263,0000056873,KR,Kroger,0001558370-23-004767,2023,2023-03-28,1.0.3,0.3.0,207,633,-0.5071428571428571,740,0.017165789046370828,246,0.005706465007307059,88,0.002041337075784639,301,0.006982300679672458,370,0.008582894523185414,0.004801781530538867,0.014683708738314505,-0.009881927207775639,0.01948549026885337,2176,43109,success
S2023-264,0000202058,LHX,L3Harris,0000202058-24-000029,2023,2024-02-20,1.0.3,0.3.0,263,1137,-0.6242857142857143,1025,0.017701407477765305,432,0.007460495639409377,93,0.001606078922372852,827,0.014282013643036008,503,0.008686641913478975,0.004541922113807098,0.019635610050945513,-0.015093687937138417,0.024177532164752612,3598,57905,success
S2023-265,0001065696,LKQ,LKQ Corporation,0001065696-24-000009,2023,2024-02-22,1.0.3,0.3.0,309,966,-0.5152941176470588,822,0.015676850898272112,431,0.008219857344471145,96,0.001830873097608422,424,0.008086356181103864,410,0.007819353854369302,0.005893122782927108,0.018423160544684746,-0.012530037761757639,0.024316283327611855,2896,52434,success
S2023-266,0000920148,LH,Labcorp,0000920148-24-000014,2023,2024-02-26,1.0.3,0.3.0,431,1691,-0.5937794533459001,1049,0.016442521709144488,504,0.007899934167215274,131,0.002053355904573811,1230,0.019279601241418226,521,0.008166400200633249,0.006755697670773378,0.02650553308881156,-0.019749835418038184,0.03326123075958494,4715,63798,success
S2023-267,0000707549,LRCX,Lam Research,0000707549-23-000102,2023,2023-08-15,1.0.3,0.3.0,302,821,-0.46215494211932323,820,0.019392219463166608,382,0.009033936384060541,109,0.00257774624571361,460,0.01087856213787395,392,0.009270426865318671,0.007142012533995506,0.01941586851129242,-0.012273855977296914,0.026557881045287928,2761,42285,success
S2023-268,0001679273,LW,Lamb Weston,0001558370-23-012203,2023,2023-07-25,1.0.3,0.3.0,223,704,-0.5188781014023732,808,0.020361876921526134,491,0.012373368277808577,73,0.0018396250189002571,274,0.006904893906557129,291,0.007333299732876367,0.005619676427599416,0.017741041278161382,-0.012121364850561967,0.023360717705760797,2261,39682,success
S2023-269,0001300514,LVS,Las Vegas Sands,0001300514-24-000048,2023,2024-02-07,1.0.3,0.3.0,276,1055,-0.585274229902329,980,0.01493105812447627,440,0.006703740382417917,208,0.0031690409080521063,818,0.012462862801858765,637,0.009705187780909575,0.004205073512607602,0.016073741144206597,-0.011868667631598995,0.0202788146568142,3781,65635,success
S2023-270,0001336920,LDOS,Leidos,0001336920-24-000008,2023,2024-02-13,1.0.3,0.3.0,348,1597,-0.642159383033419,1119,0.02046003071747239,605,0.011061946902654867,112,0.0020478314927228846,1153,0.021081693849191837,557,0.01018430483434506,0.006362904995246105,0.029199882981057558,-0.022836977985811455,0.03556278797630366,4627,54692,success
S2023-271,0000920760,LEN,Lennar,0001628280-24-002371,2023,2024-01-26,1.0.3,0.3.0,248,682,-0.4666666666666667,650,0.01404312319059759,328,0.00708637601002463,97,0.0020956660761353323,404,0.008728341183079117,408,0.008814760402713563,0.005357991617335695,0.014734476947673162,-0.009376485330337468,0.020092468565008858,2329,46286,success
S2023-272,0000059478,LLY,Lilly (Eli),0000059478-24-000065,2023,2024-02-21,1.0.3,0.3.0,366,1233,-0.5422138836772983,910,0.018687366518810578,369,0.007577624445539674,102,0.002094627895515032,834,0.017126663380975852,351,0.007207984228684081,0.007516017742730409,0.025320354854608183,-0.01780433711187777,0.03283637259733859,3527,48696,success
S2023-273,0001707925,LIN,Linde plc,0001628280-24-007424,2023,2024-02-28,1.0.3,0.3.0,153,560,-0.5708274894810659,631,0.017497157751712282,219,0.006072706097662424,85,0.0023569863849374705,429,0.011895848931037352,286,0.007930565954024901,0.004242575492887447,0.015528380888999806,-0.01128580539611236,0.019770956381887254,2010,36063,success
S2023-274,0001335258,LYV,Live Nation Entertainment,0001335258-24-000017,2023,2024-02-22,1.0.3,0.3.0,290,859,-0.49521322889469105,852,0.018004691363242536,405,0.008558568077597684,149,0.003148707761881617,486,0.01027028169311722,433,0.009150271549629128,0.006128357388897107,0.018152617231250397,-0.012024259842353288,0.024280974620147503,2875,47321,success
S2023-275,0000936468,LMT,Lockheed Martin,0000936468-24-000010,2023,2024-01-23,1.0.3,0.3.0,332,999,-0.5011269722013524,1087,0.019261779455283255,495,0.00877146350539578,102,0.0018074530859603425,1023,0.01812769124448461,538,0.00953342902202612,0.005883082593517977,0.017702408165435116,-0.01181932557191714,0.023585490758953095,3904,56433,success
S2023-276,0000060086,L,Loews Corporation,0000060086-24-000029,2023,2024-02-06,1.0.3,0.3.0,331,1830,-0.6936603424340583,1565,0.023182094239286615,656,0.009717222888800012,117,0.0017331022530329288,1087,0.016101556829459775,606,0.008976580900324401,0.004903049963708542,0.02710749677820735,-0.022204446814498808,0.03201054674191589,5183,67509,success
S2023-277,0000060667,LOW,Lowe's,0000060667-23-000034,2023,2023-03-27,1.0.3,0.3.0,254,607,-0.4099883855981417,502,0.015228272410131959,225,0.006825420900955559,60,0.0018201122402548156,229,0.0069467617169725465,232,0.007037767328985287,0.00770514181707872,0.018413468830577887,-0.010708327013499165,0.026118610647656606,1770,32965,success
S2023-278,0001397187,LULU,Lululemon Athletica,0001397187-23-000012,2023,2023-03-28,1.0.3,0.3.0,228,800,-0.556420233463035,732,0.01954658335336057,383,0.010227242382974178,54,0.0014419610670511895,263,0.0070228844561937565,353,0.009426152901279072,0.0060882800608828,0.02136238617853614,-0.015274106117653341,0.02745066623941894,2262,37449,success
S2023-279,0001489393,LYB,LyondellBasell,0001489393-24-000012,2023,2024-02-22,1.0.3,0.3.0,232,797,-0.5490767735665695,816,0.017633711507293356,363,0.007844408427876823,85,0.0018368449486763912,398,0.008600756347920043,375,0.008103727714748784,0.0050135062128579145,0.01722312263641275,-0.012209616423554835,0.022236628849270666,2506,46275,success
S2023-280,0000036270,MTB,M&T Bank,0000950170-24-017990,2023,2024-02-21,1.0.3,0.3.0,315,1821,-0.7050561797752809,1655,0.016644373598302373,593,0.005963814830086591,130,0.001307413031890821,892,0.00897086480343548,848,0.008528355777257048,0.0031679623465046816,0.01831383946979373,-0.01514587712328905,0.021481801816298413,5466,99433,success
S2023-281,0000789570,MGM,MGM Resorts,0000789570-24-000005,2023,2024-02-23,1.0.3,0.3.0,326,907,-0.47120843471208435,879,0.01712615684364345,451,0.008787140769605455,117,0.0022795908426692644,561,0.010930345835362884,442,0.008611787627861666,0.006351680467608378,0.017671699951290795,-0.011320019483682416,0.024023380418899173,3062,51325,success
S2023-282,0001408198,MSCI,MSCI Inc.,0001408198-24-000030,2023,2024-02-09,1.0.3,0.3.0,376,859,-0.3910931174089069,946,0.019357479025987313,443,0.009064865970943319,88,0.001800695723347657,450,0.009208103130755065,362,0.007407407407407408,0.007693881727030899,0.017577245754041335,-0.009883364027010436,0.02527112748107223,2942,48870,success
S2023-283,0001510295,MPC,Marathon Petroleum,0001510295-24-000015,2023,2024-02-28,1.0.3,0.3.0,270,956,-0.5595432300163132,984,0.01625264270613108,410,0.00677193446088795,123,0.002031580338266385,627,0.01035610465116279,563,0.0092990221987315,0.004459566596194503,0.015790169133192387,-0.011330602536997886,0.020249735729386893,3302,60544,success
S2023-284,0001278021,MKTX,MarketAxess,0000950170-24-018935,2023,2024-02-22,1.0.3,0.3.0,432,1098,-0.43529411764705883,1080,0.01815736381977135,496,0.008338937457969065,166,0.0027908540685944857,709,0.011919973100201748,471,0.007918628110289172,0.0072629455279085405,0.018459986550100876,-0.011197041022192334,0.025722932078009415,3786,59480,success
S2023-285,0001048286,MAR,Marriott International,0001628280-24-004372,2023,2024-02-13,1.0.3,0.3.0,183,613,-0.5402010050251256,550,0.018307093166461404,266,0.008853975967779516,71,0.0023632792996704723,255,0.008487834104450288,214,0.007123123522950438,0.0060912691808407944,0.020404087474619713,-0.014312818293778918,0.026495356655460506,1790,30043,success
S2023-286,0000062709,MMC,Marsh & McLennan,0000062709-24-000016,2023,2024-02-12,1.0.3,0.3.0,311,1202,-0.5888962326503635,1239,0.020820729985884252,476,0.007998924514351012,68,0.0011427035020501444,774,0.013006654567453115,368,0.006184042481683135,0.005226188075552867,0.02019896484506285,-0.014972776769509982,0.025425152920615715,3721,59508,success
S2023-287,0000916076,MLM,Martin Marietta Materials,0000950170-24-019275,2023,2024-02-23,1.0.3,0.3.0,401,1040,-0.44344205412907706,1066,0.01541487115712757,422,0.0061023223530092255,124,0.0017930994591780663,562,0.0081267894843393,676,0.009775284148422362,0.005798652283309715,0.015038898689880556,-0.009240246406570842,0.02083755097319027,3647,69154,success
S2023-288,0000062996,MAS,Masco,0000062996-24-000006,2023,2024-02-08,1.0.3,0.3.0,157,506,-0.526395173453997,561,0.01944473328480815,219,0.007590724758240615,55,0.0019063464004713876,200,0.006932168728986864,235,0.008145298256559564,0.005441752452254688,0.017538386884336763,-0.012096634432082077,0.022980139336591453,1620,28851,success
S2023-289,0001141391,MA,Mastercard,0001141391-24-000022,2023,2024-02-13,1.0.3,0.3.0,377,1117,-0.49531459170013387,914,0.017684389753115082,485,0.009383948610788638,51,0.0009867657302066403,905,0.017510254624255088,348,0.006733224982586487,0.007294327064468694,0.021612104326290536,-0.01431777726182184,0.02890643139075923,3437,51684,success
S2023-290,0000891103,MTCH,Match Group,0000891103-24-000014,2023,2024-02-23,1.0.3,0.3.0,264,859,-0.5298308103294747,764,0.01793216758596409,379,0.008895669522356531,91,0.002135899542307241,463,0.010867269099870907,344,0.008074169698392208,0.006196455815045182,0.02016195282243868,-0.013965497007393498,0.026358408637483864,2601,42605,success
S2023-291,0000063754,MKC,McCormick & Company,0000063754-24-000027,2023,2024-01-25,1.0.3,0.3.0,254,743,-0.49047141424272817,751,0.017562321687479537,296,0.006922033581216968,64,0.0014966559094523174,308,0.007202656564239278,306,0.007155886067068893,0.005939853140638885,0.017375239698798,-0.011435386558159113,0.023315092839436884,2289,42762,success
S2023-292,0000063908,MCD,McDonald's,0000063908-24-000072,2023,2024-02-22,1.0.3,0.3.0,327,484,-0.1935881627620222,502,0.015925890676057233,234,0.007423622347006757,68,0.0021572919640874336,212,0.006725674946860823,201,0.006376701246787856,0.01037403635671457,0.015354842803210558,-0.004980806446495987,0.02572887915992513,1675,31521,success
S2023-293,0000927653,MCK,McKesson Corporation,0000927653-23-000038,2023,2023-05-09,1.0.3,0.3.0,313,1716,-0.6914736323311976,1008,0.015516047102285846,406,0.006249518971754022,81,0.0012468252135765412,949,0.014607865773878242,483,0.007434772569845301,0.004817978911721696,0.026414223043177094,-0.0215962441314554,0.031232201954898793,4081,64965,success
S2023-294,0001613103,MDT,Medtronic,0001613103-23-000040,2023,2023-06-22,1.0.3,0.3.0,313,1088,-0.5531763026409707,870,0.016347237880496055,424,0.007966929725667043,106,0.001991732431416761,714,0.013416009019165728,375,0.007046223224351747,0.005881247651258925,0.020443442314919204,-0.014562194663660278,0.02632468996617813,3220,53220,success
S2023-295,0000310158,MRK,Merck & Co.,0001628280-24-006850,2023,2024-02-26,1.0.3,0.3.0,621,1312,-0.35747542679772376,1140,0.015928906773977198,403,0.005631008271853343,242,0.0033813995081600715,827,0.011555443773753633,437,0.006106080930024592,0.008677062374245472,0.018332215515314106,-0.009655153141068634,0.02700927788955958,4246,71568,success
S2023-296,0001099219,MET,MetLife,0001099219-24-000035,2023,2024-02-16,1.0.3,0.3.0,628,2304,-0.5716234652114598,2677,0.022152893861405804,852,0.007050528789659225,193,0.0015971268267655286,1707,0.014125883384915841,916,0.007580145975736913,0.0051968686383873156,0.019066218698796777,-0.01386935006040946,0.024263087337184092,7907,120842,success
S2023-297,0001326801,META,Meta Platforms,0001326801-24-000012,2023,2024-02-02,1.0.3,0.3.0,333,2037,-0.7189873417721518,1261,0.018970393549163557,687,0.010335178721867854,191,0.0028733902996750512,1262,0.018985437477434107,567,0.008529907329401853,0.005009628114093152,0.030644481887110362,-0.025634853773017212,0.03565411000120351,5298,66472,success
S2023-298,0001037646,MTD,Mettler Toledo,0001037646-24-000007,2023,2024-02-09,1.0.3,0.3.0,261,636,-0.4180602006688963,704,0.018823026122296194,344,0.009197615037031096,75,0.0020052939760968956,250,0.006684313253656319,282,0.007539905350124328,0.006978423036817198,0.017004892917301676,-0.010026469880484478,0.023983315954118872,2133,37401,success
S2023-299,0000827054,MCHP,Microchip Technology,0000827054-23-000080,2023,2023-05-25,1.0.3,0.3.0,274,1137,-0.6116229624379872,1024,0.020634344899850884,519,0.010458227542014267,170,0.003425623665014307,601,0.012110587192197639,477,0.00961189698948132,0.005521299318905413,0.022911377100713337,-0.017390077781807924,0.02843267641961875,3469,49626,success
S2023-300,0000723125,MU,Micron Technology,0000723125-23-000054,2023,2023-10-06,1.0.3,0.3.0,236,988,-0.6143790849673203,777,0.01997275274400432,472,0.012132740405624245,71,0.0018250520525409351,361,0.009279490013623628,393,0.010102048685191373,0.006066370202812123,0.02539649898465414,-0.019330128781842017,0.03146286918746626,2663,38903,success
S2023-301,0000789019,MSFT,Microsoft,0000950170-23-035122,2023,2023-07-27,1.0.3,0.3.0,401,900,-0.3835511145272867,823,0.01493268498022281,451,0.00818303879232137,83,0.0015059694451500527,519,0.009416845084733462,390,0.007076241971186994,0.007275828283194833,0.01632978916427768,-0.009053960881082847,0.023605617447472513,2884,55114,success
S2023-302,0000912595,MAA,Mid-America Apartment Communities,0000950170-24-013275,2023,2024-02-09,1.0.3,0.3.0,353,932,-0.45058365758754865,952,0.01589448201018449,481,0.008030720427414642,109,0.0018198514066282661,487,0.00813089573420152,412,0.0068787043993655565,0.0058936472159612655,0.0155605643208949,-0.009666917104933634,0.021454211536856164,3083,59895,success
S2023-303,0001682852,MRNA,Moderna,0001682852-24-000015,2023,2024-02-23,1.0.3,0.3.0,835,2014,-0.41382941382941385,1742,0.020930959075288972,1029,0.012363924735058755,253,0.0030399154110494317,989,0.011883305697738688,705,0.008470910532766203,0.010032922404056425,0.024199168529065437,-0.014166246125009012,0.034232090933121864,6257,83226,success
S2023-304,0000851968,MHK,Mohawk Industries,0000851968-24-000027,2023,2024-02-23,1.0.3,0.3.0,208,683,-0.5331088664421998,601,0.018166979021824556,239,0.007224472522822078,73,0.002206638050903815,298,0.00900791971464845,272,0.008221993833504625,0.006287407049150595,0.020645668339278157,-0.014358261290127561,0.02693307538842875,1969,33082,success
S2023-305,0001179929,MOH,Molina Healthcare,0001179929-24-000033,2023,2024-02-13,1.0.3,0.3.0,319,1091,-0.5475177304964539,853,0.018900115217583977,378,0.00837543206593991,129,0.0028582823717096515,839,0.01858991402995657,396,0.008774262164318,0.007068155632367278,0.024173535407249844,-0.017105379774882568,0.031241691039617124,3350,45132,success
S2023-306,0000024545,TAP,Molson Coors Beverage Company,0000024545-24-000005,2023,2024-02-20,1.0.3,0.3.0,314,1309,-0.6130622304374614,1312,0.020638666037439045,553,0.008699071889255939,87,0.001368570080226522,611,0.009611451942740287,525,0.00825861255309108,0.004939436841277332,0.020591473965707093,-0.015652037124429762,0.025530910806984428,3897,63570,success
S2023-307,0001103982,MDLZ,Mondelez International,0001103982-24-000019,2023,2024-02-02,1.0.3,0.3.0,503,1155,-0.39324487334137515,1039,0.019624138256681464,399,0.007536122391160639,81,0.0015298895079799792,461,0.008707148928132968,375,0.007082821796203608,0.009500424969307772,0.02181509113230711,-0.012314666162999338,0.031315516101614885,3400,52945,success
S2023-308,0001280452,MPWR,Monolithic Power Systems,0001437749-24-006133,2023,2024-02-29,1.0.3,0.3.0,282,965,-0.5477145148356054,930,0.024155216747616944,547,0.014207423183813407,138,0.0035843224851302563,451,0.011713981455027143,340,0.008830939456118023,0.007324485078309654,0.02506428404457027,-0.017739798966260618,0.032388769122879926,2927,38501,success
S2023-309,0000865752,MNST,Monster Beverage,0001104659-24-029425,2023,2024-02-29,1.0.3,0.3.0,247,1056,-0.6208749040675364,994,0.017444411294993068,470,0.008248363489584248,96,0.0016847721170214632,510,0.008950351871676523,439,0.007704322493462733,0.004334778259419807,0.018532493287236097,-0.014197715027816289,0.022867271546655903,3149,56981,success
S2023-310,0001059556,MCO,Moody's Corporation,0001059556-24-000017,2023,2024-02-14,1.0.3,0.3.0,245,843,-0.5496323529411765,909,0.021121360689639147,303,0.0070404535632130495,96,0.002230638752701164,561,0.013035295211097428,384,0.008922555010804656,0.005692775983456096,0.0195877965471571,-0.013895020563701002,0.025280572530613193,2861,43037,success
S2023-311,0000895421,MS,Morgan Stanley,0000895421-24-000300,2023,2024-02-22,1.0.3,0.3.0,312,1931,-0.7218011591618368,2138,0.024035434841262703,567,0.00637422430074647,125,0.0014052522708876698,1249,0.014041280690709597,992,0.011152082021764547,0.003507509668135624,0.021708337080672723,-0.018200827412537098,0.025215846748808345,6420,88952,success
S2023-312,0001285785,MOS,Mosaic Company (The),0001618034-24-000004,2023,2024-02-22,1.0.3,0.3.0,332,1018,-0.5081481481481481,1081,0.014524103831891224,441,0.00592518944483259,101,0.0013570161767076907,715,0.009606599666792068,575,0.0077255871446229914,0.004460686838286666,0.01367764819691514,-0.009216961358628473,0.018138335035201805,3628,74428,success
S2023-313,0000068505,MSI,Motorola Solutions,0000068505-24-000008,2023,2024-02-15,1.0.3,0.3.0,322,917,-0.480225988700565,882,0.016623631189098518,408,0.00768984299903877,120,0.00226171852912905,691,0.013023729196901446,430,0.008104491396045762,0.0060689447198296175,0.017283299093427823,-0.011214354373598205,0.02335224381325744,3198,53057,success
S2023-314,0001013871,NRG,NRG Energy,0001013871-24-000005,2023,2024-02-28,1.0.3,0.3.0,330,1240,-0.5796178343949044,1260,0.018048214515921104,523,0.007491441422084712,131,0.0018764413504648132,982,0.01406614813859883,718,0.010284617478120121,0.004726913325598384,0.017761734920430292,-0.013034821594831908,0.022488648246028677,4396,69813,success
S2023-315,0000906163,NVR,"NVR, Inc.",0000906163-24-000033,2023,2024-02-14,1.0.3,0.3.0,129,500,-0.589825119236884,516,0.018537812107059456,183,0.00657445661936411,68,0.0024429674869768277,305,0.010957427698940184,302,0.010849649721573559,0.004634453026764864,0.017962996227770794,-0.013328543201005927,0.022597449254535655,1710,27835,success
S2023-316,0001413447,NXPI,NXP Semiconductors,0001413447-24-000013,2023,2024-02-22,1.0.3,0.3.0,290,1022,-0.5579268292682927,847,0.018733964434221,373,0.008250022118021763,99,0.0021896841546492083,482,0.010660886490312306,358,0.007918251791559763,0.006414226311598691,0.022604618242944352,-0.01619039193134566,0.029018844554543042,2899,45212,success
S2023-317,0001120193,NDAQ,"Nasdaq, Inc.",0001120193-24-000006,2023,2024-02-21,1.0.3,0.3.0,427,1210,-0.47831398900427613,1071,0.01654513996168819,458,0.007075325959340048,129,0.001992831984180931,789,0.012188716554408948,632,0.00976333189149107,0.006596428350738429,0.01869245504541803,-0.012096026694679601,0.02528888339615646,4008,64732,success
S2023-318,0001002047,NTAP,NetApp,0000950170-23-027948,2023,2023-06-14,1.0.3,0.3.0,316,1110,-0.5568022440392707,1171,0.01943439439705248,529,0.00877950011617486,125,0.002074551067149069,684,0.011351943439439705,532,0.008829289341786438,0.005244465097752846,0.018422013476283732,-0.013177548378530886,0.02366647857403658,3712,60254,success
S2023-319,0001065280,NFLX,Netflix,0001065280-24-000030,2023,2024-01-26,1.0.3,0.3.0,177,630,-0.5613382899628253,641,0.022555332699954255,362,0.012737957000598191,50,0.001759386326049474,278,0.009782187972835076,274,0.009641437066751118,0.006228227594215137,0.02216826770822337,-0.015940040114008232,0.02839649530243851,1960,28419,success
S2023-320,0001164727,NEM,Newmont,0001164727-24-000016,2023,2024-02-29,1.0.3,0.3.0,483,2189,-0.6384730538922155,1965,0.017849194742435667,813,0.0073849340079390315,224,0.0020347173650410123,1093,0.009928330714240296,812,0.00737585044827367,0.004387359318369683,0.019883912107476677,-0.015496552789106995,0.024271271425846362,6351,110089,success
S2023-321,0001564708,NWSA|NWS,News Corp (Class A)|News Corp (Class B),0001564708-23-000368,2023,2023-08-15,1.0.3,0.3.0,372,1105,-0.4962762356127285,1058,0.016169952621121808,397,0.0060675531101941,126,0.0019257221458046766,518,0.007916857710530337,527,0.008054409292373528,0.005685465382851903,0.016888277548525142,-0.011202812165673239,0.022573742931377046,3474,65430,success
S2023-322,0000753308,NEE,NextEra Energy,0000753308-24-000008,2023,2024-02-16,1.0.3,0.3.0,213,988,-0.6452955870108243,1089,0.018168471279133788,377,0.006289727890021522,90,0.0015015265519945278,815,0.013597157109728223,531,0.008859006656767714,0.0035536128397203825,0.016483424815228815,-0.012929811975508434,0.0200370376549492,3553,59939,success
S2023-323,0001111711,NI,NiSource,0001111711-24-000011,2023,2024-02-21,1.0.3,0.3.0,283,872,-0.5099567099567099,963,0.017619936326709846,414,0.007574925897464046,111,0.0020309583927983314,723,0.013228674936875618,519,0.009496102755516522,0.005178029055512862,0.015954916383064368,-0.010776887327551506,0.02113294543857723,3329,54654,success
S2023-324,0000320187,NKE,"Nike, Inc.",0000320187-23-000039,2023,2023-07-20,1.0.3,0.3.0,267,944,-0.5590421139554087,1078,0.024540156619923512,561,0.012770897832817337,76,0.0017301038062283738,421,0.009583864505554544,293,0.0066700054634857035,0.006078127845565471,0.021489710435257693,-0.015411582589692224,0.027567838280823164,2946,43928,success
S2023-325,0000072331,NDSN,Nordson Corporation,0000072331-23-000242,2023,2023-12-20,1.0.3,0.3.0,212,517,-0.41838134430727025,535,0.01769296911171374,234,0.007738607050730868,46,0.0015212646339043587,307,0.010152787882796482,256,0.008466168397380779,0.007011045704080958,0.0170976916462729,-0.010086645942191944,0.02410873735035386,1786,30238,success
S2023-326,0000702165,NSC,Norfolk Southern,0000702165-24-000005,2023,2024-02-05,1.0.3,0.3.0,123,842,-0.7450777202072539,510,0.01669503731831871,215,0.007038103967526516,74,0.0024224171795207542,448,0.01466544454628781,177,0.005794160010475317,0.004026450176770983,0.027563179258871286,-0.0235367290821003,0.031589629435642266,2030,30548,success
S2023-327,0000073124,NTRS,Northern Trust,0000073124-24-000073,2023,2024-02-27,1.0.3,0.3.0,410,1882,-0.6422338568935427,1885,0.02196713669735462,543,0.006327933807248573,135,0.0015732432117468826,964,0.011234121897214776,758,0.008833469292623238,0.004777997902342384,0.02193217573709358,-0.017154177834751195,0.026710173639435963,5820,85810,success
S2023-328,0001133421,NOC,Northrop Grumman,0001133421-24-000006,2023,2024-01-25,1.0.3,0.3.0,277,1012,-0.5702094647013188,858,0.019821651342235364,361,0.008339878944693435,73,0.0016864575151319134,669,0.015455343529085617,365,0.008432287575659567,0.006399297694404657,0.023379383634431455,-0.0169800859400268,0.029778681328836112,3096,43286,success
S2023-329,0001513761,NCLH,Norwegian Cruise Line Holdings,0001558370-24-001935,2023,2024-02-28,1.0.3,0.3.0,446,1136,-0.4361567635903919,1033,0.016135330594648632,550,0.008590931100732573,201,0.00313959482044954,720,0.011246309804595367,693,0.01082457318692304,0.006966464128957686,0.017744177691694913,-0.010777713562737226,0.0247106418206526,4016,64021,success
S2023-330,0000073309,NUE,Nucor,0000950170-24-021195,2023,2024-02-27,1.0.3,0.3.0,286,546,-0.3125,734,0.014533502296847774,186,0.00368287660383336,157,0.0031086646602249326,321,0.006355932203389831,351,0.006949944558846824,0.005662917788690005,0.010811024869317282,-0.005148107080627277,0.016473942658007286,2244,50504,success
S2023-331,0001045810,NVDA,Nvidia,0001045810-23-000017,2023,2023-02-24,1.0.3,0.3.0,237,950,-0.6006739679865206,800,0.019754061928984146,475,0.011728974270334338,80,0.0019754061928984146,455,0.011235122722109733,348,0.008593016939108104,0.005852140846461553,0.023457948540668676,-0.01760580769420712,0.029310089387130228,2732,40498,success
S2023-332,0001097864,ON,ON Semiconductor,0001628280-24-003201,2023,2024-02-05,1.0.3,0.3.0,260,918,-0.5585738539898133,923,0.02047880011537352,448,0.009939872645381731,85,0.001885913336735373,470,0.010427991391360298,410,0.009096758447782387,0.005768676088837612,0.02036786403674203,-0.014599187947904418,0.02613654012557964,2884,45071,success
S2023-333,0000797468,OXY,Occidental Petroleum,0000797468-24-000034,2023,2024-02-14,1.0.3,0.3.0,383,1136,-0.4957208689927584,1027,0.01723790660982242,421,0.007066366779683776,127,0.0021316593373392864,856,0.014367719628050623,524,0.008795192856423512,0.0064285474504011545,0.01906744100171204,-0.012638893551310886,0.025495988452113195,3773,59578,success
S2023-334,0000878927,ODFL,Old Dominion,0000950170-24-020176,2023,2024-02-26,1.0.3,0.3.0,166,672,-0.60381861575179,684,0.02076817974798846,366,0.01111279793532716,66,0.002003947168665553,298,0.009048125094883862,300,0.009108850766661606,0.0050402307575527555,0.020403825717321997,-0.015363594959769243,0.025444056474874754,2073,32935,success
S2023-335,0000029989,OMC,Omnicom Group,0000029989-24-000007,2023,2024-02-07,1.0.3,0.3.0,149,500,-0.5408320493066255,521,0.015160774043358067,188,0.005470682380328823,64,0.0018623599592608759,260,0.007565837334497308,305,0.008875309180852612,0.004335806780154227,0.014549687181725593,-0.010213880401571366,0.01888549396187982,1709,34365,success
S2023-336,0001039684,OKE,Oneok,0001039684-24-000015,2023,2024-02-27,1.0.3,0.3.0,341,830,-0.4175918018787361,957,0.01781558910586965,442,0.008228307612115345,91,0.0016940633319061005,550,0.010238844313718189,455,0.008470316659530502,0.006348083474505278,0.015451346873429268,-0.009103263398923991,0.021799430347934547,3081,53717,success
S2023-337,0001341439,ORCL,Oracle Corporation,0000950170-23-028914,2023,2023-06-20,1.0.3,0.3.0,420,1208,-0.48402948402948404,1514,0.019212954150328043,739,0.009378053578000279,163,0.0020685016687605486,912,0.011573457189629573,571,0.007246100937805358,0.005329881600487304,0.015329754698544435,-0.009999873098057131,0.02065963629903174,4461,78801,success
S2023-338,0001781335,OTIS,Otis Worldwide,0001781335-24-000013,2023,2024-02-02,1.0.3,0.3.0,209,812,-0.5905974534769833,802,0.018353662722841384,340,0.007780854520905325,67,0.0015332860379431083,671,0.01535574524566904,334,0.007643545323477584,0.004782937043732979,0.018582511385220952,-0.013799574341487974,0.023365448428953932,2760,43697,success
S2023-339,0000898173,ORLY,O’Reilly Automotive,0000898173-24-000009,2023,2024-02-28,1.0.3,0.3.0,314,545,-0.2689173457508731,547,0.01422996878251821,220,0.005723204994797087,88,0.0022892819979188346,258,0.006711758584807492,296,0.007700312174817898,0.008168574401664932,0.014177939646201874,-0.006009365244536941,0.022346514047866806,1913,38440,success
S2023-340,0001004980,PCG,PG&E Corporation,0001004980-24-000014,2023,2024-02-22,1.0.3,0.3.0,321,1756,-0.6909003370245547,1359,0.01565217391304348,576,0.006634033976389289,211,0.002430175640656493,1347,0.015513964871868702,677,0.007797293406276994,0.0036970918514252805,0.020224589691909014,-0.016527497840483733,0.023921681543334294,5310,86825,success
S2023-341,0000713676,PNC,PNC Financial Services,0000713676-24-000028,2023,2024-02-21,1.0.3,0.3.0,435,2027,-0.6466287571080422,1913,0.019665289171241183,543,0.005581940418182939,148,0.0015214128579946133,1000,0.010279816608071712,772,0.007936018421431362,0.004471720224511195,0.020837188264561362,-0.016365468040050166,0.025308908489072555,6034,97278,success
S2023-342,0000079879,PPG,PPG Industries,0000079879-24-000040,2023,2024-02-15,1.0.3,0.3.0,192,706,-0.5723830734966593,554,0.01571274604345113,174,0.004935050201372738,65,0.0018435532361449883,430,0.012195813716036077,295,0.008366895456350332,0.005445572635997504,0.02002382438028249,-0.014578251744284985,0.025469397016279993,2013,35258,success
S2023-343,0000922224,PPL,PPL Corporation,0000922224-24-000008,2023,2024-02-16,1.0.3,0.3.0,235,869,-0.5742753623188406,1034,0.013247748267158653,389,0.00498392076975311,178,0.002280560146570832,1264,0.016194539467783885,645,0.008263827497405542,0.0030108518788996936,0.011133745884101421,-0.008122894005201726,0.014144597763001115,4074,78051,success
S2023-344,0000857005,PTC,PTC Inc.,0000950123-23-011049,2023,2023-11-20,1.0.3,0.3.0,268,696,-0.44398340248962653,819,0.016279716943627256,288,0.005724735628528266,130,0.0025840820545440088,441,0.008766001431183907,402,0.007990776814820704,0.005327184543213803,0.01383477776894331,-0.008507593225729507,0.019161962312157114,2616,50308,success
S2023-345,0000075362,PCAR,Paccar,0000950170-24-017900,2023,2024-02-21,1.0.3,0.3.0,145,615,-0.618421052631579,452,0.010129759530266019,128,0.002868604468747899,84,0.0018825216826158088,451,0.010107348557853925,263,0.005894085744380449,0.0032495909997534793,0.01378274803343717,-0.01053315703368369,0.01703233903319065,1925,44621,success
S2023-346,0000075677,PKG,Packaging Corporation of America,0000950170-24-022794,2023,2024-02-29,1.0.3,0.3.0,239,693,-0.4871244635193133,652,0.012493054091858437,227,0.004349575581061143,111,0.0021268849757611757,370,0.0070896165858705855,496,0.009503918450248136,0.0045795090919542435,0.01327866025407653,-0.008699151162122287,0.017858169346030774,2451,52189,success
S2023-347,0001327567,PANW,Palo Alto Networks,0001327567-23-000024,2023,2023-09-01,1.0.3,0.3.0,335,1246,-0.5762175838077166,1094,0.022386379913646687,611,0.012502813644641798,152,0.003110356258568827,494,0.010108657840348687,355,0.007264318893367983,0.0068550614909247175,0.025496736172215515,-0.0186416746812908,0.03235179766314023,3487,48869,success
S2023-348,0000813828,PARA,Paramount Global,0000813828-24-000007,2023,2024-02-28,1.0.3,0.3.0,240,1066,-0.6324655436447167,625,0.01223091976516634,240,0.004696673189823875,107,0.0020939334637964774,708,0.01385518590998043,386,0.007553816046966732,0.004696673189823875,0.02086105675146771,-0.016164383561643837,0.025557729941291584,2789,51100,success
S2023-349,0000076334,PH,Parker Hannifin,0000076334-23-000042,2023,2023-08-24,1.0.3,0.3.0,212,498,-0.4028169014084507,532,0.01674061487145599,200,0.006293464237389471,60,0.0018880392712168413,297,0.009345794392523364,219,0.006891343339941471,0.0066710720916328395,0.015670725951099782,-0.008999653859466944,0.022341798042732623,1726,31779,success
S2023-350,0001633917,PYPL,PayPal,0001633917-24-000024,2023,2024-02-08,1.0.3,0.3.0,349,1650,-0.6508254127063532,1085,0.018258923312522088,520,0.008750820389411508,85,0.0014304225636538042,816,0.013732056611076519,467,0.007858909849721488,0.005873146761355031,0.027767026235632666,-0.021893879474277636,0.0336401729969877,4250,59423,success
S2023-351,0000723531,PAYX,Paychex,0000950170-23-032988,2023,2023-07-14,1.0.3,0.3.0,225,876,-0.5912806539509536,962,0.02029236188748497,501,0.010568059569261923,106,0.0022359567152530216,479,0.01010399308119054,401,0.008458666441664733,0.0047461345370936785,0.018478283797751387,-0.013732149260657708,0.023224418334845065,2794,47407,success
S2023-352,0001590955,PAYC,Paycom,0000950170-24-015863,2023,2024-02-15,1.0.3,0.3.0,359,1086,-0.5031141868512111,963,0.015795948495038136,527,0.008644304108914952,96,0.0015746739932748297,677,0.011104732223406872,530,0.00869351267120479,0.005888624620683999,0.017813499548921512,-0.011924874928237513,0.02370212416960551,3504,60965,success
S2023-353,0000077360,PNR,Pentair,0000077360-24-000007,2023,2024-02-20,1.0.3,0.3.0,230,768,-0.5390781563126252,767,0.019103838202694963,359,0.008941692196567786,80,0.001992577648260231,455,0.011332785374480061,377,0.009390022167426336,0.005728660738748163,0.019128745423298215,-0.013400084684550052,0.02485740616204638,2491,40149,success
S2023-354,0000077476,PEP,PepsiCo,0000077476-24-000008,2023,2024-02-09,1.0.3,0.3.0,305,1146,-0.5796002756719504,768,0.015760635350612572,218,0.00447372201358534,72,0.0014775595641199285,467,0.00958361550616676,410,0.008413880851238483,0.00625910648689692,0.023517823062242198,-0.017258716575345275,0.029776929549139117,2944,48729,success
S2023-355,0000078003,PFE,Pfizer,0000078003-24-000039,2023,2024-02-22,1.0.3,0.3.0,651,1723,-0.45155855096882896,1429,0.018886128145485303,600,0.007929794882639035,159,0.0021013956438993443,1222,0.016150348910974836,462,0.006105942059632058,0.008603827447663354,0.022771727637978433,-0.014167900190315077,0.031375555085641785,5189,75664,success
S2023-356,0001413329,PM,Philip Morris International,0001413329-24-000013,2023,2024-02-08,1.0.3,0.3.0,392,1852,-0.6506238859180036,1307,0.017737426376787994,445,0.006039139049480227,155,0.0021035203430773823,1340,0.01818527264337866,583,0.007911950709768478,0.005319870803137638,0.025133675325027822,-0.01981380452189018,0.03045354612816546,5099,73686,success
S2023-357,0001534701,PSX,Phillips 66,0001534701-24-000078,2023,2024-02-21,1.0.3,0.3.0,274,933,-0.5459817729908865,874,0.014459425924394077,379,0.006270162958061047,85,0.0014062370750268839,568,0.009396972454297296,508,0.0084043345189842,0.004533046571263132,0.01543551989411862,-0.010902473322855488,0.01996856646538175,3050,60445,success
S2023-358,0000764622,PNW,Pinnacle West Capital,0000764622-24-000016,2023,2024-02-27,1.0.3,0.3.0,332,927,-0.4725972994440032,1072,0.014498830085072427,423,0.005721086871255258,205,0.002772630753208813,1124,0.015202131544422955,611,0.008263792147368706,0.004490309317391834,0.012537701015729607,-0.008047391698337774,0.01702801033312144,4095,73937,success
S2023-359,0000945841,POOL,Pool Corporation,0000945841-24-000021,2023,2024-02-27,1.0.3,0.3.0,315,600,-0.3114754098360656,661,0.017963909120556582,225,0.006114795086422437,74,0.0020110881617567125,227,0.00616914882052397,262,0.007120339167300794,0.008560713120991412,0.016306120230459832,-0.007745407109468421,0.024866833351451244,2013,36796,success
S2023-360,0001126328,PFG,Principal Financial Group,0001104659-24-025516,2023,2024-02-20,1.0.3,0.3.0,584,2116,-0.5674074074074074,2237,0.018579116972858044,653,0.00542340786020398,219,0.001818876449287399,1344,0.011162419853161024,676,0.00561443141423873,0.004850337198099731,0.01757416697119697,-0.01272382977309724,0.0224245041692967,6765,120404,success
S2023-361,0000080424,PG,Procter & Gamble,0000080424-23-000073,2023,2023-08-04,1.0.3,0.3.0,274,597,-0.37083811710677383,624,0.01803207628955353,236,0.006819823724895246,52,0.001502673024129461,244,0.0070510041901459325,225,0.006501950585175552,0.007917930934836006,0.017251842219332465,-0.00933391128449646,0.025169773154168473,1903,34605,success
S2023-362,0000080661,PGR,Progressive Corporation,0000080661-24-000007,2023,2024-02-26,1.0.3,0.3.0,182,642,-0.558252427184466,538,0.023110958374500622,289,0.012414622621246617,53,0.0022767301000902102,338,0.014519524034537566,205,0.008806220198462134,0.007818205249366382,0.02757850423128141,-0.01976029898191503,0.03539670948064779,1839,23279,success
S2023-363,0001045609,PLD,Prologis,0000950170-24-014539,2023,2024-02-13,1.0.3,0.3.0,459,660,-0.17962466487935658,960,0.01305021614420489,414,0.0056279057121883585,114,0.0015497131671243305,349,0.004744297327424486,380,0.005165710557081101,0.006239634593947962,0.008972023599140861,-0.0027323890051928986,0.015211658193088824,2837,73562,success
S2023-364,0001137774,PRU,Prudential Financial,0001137774-24-000045,2023,2024-02-21,1.0.3,0.3.0,746,2395,-0.5249920407513531,2649,0.019109658709719306,639,0.004609691172333196,259,0.0018684037772054738,1892,0.013648725662056976,750,0.0054104356482784,0.005381579991487581,0.017277324503502355,-0.011895744512014774,0.022658904494989935,8149,138621,success
S2023-365,0000788784,PEG,Public Service Enterprise Group,0001628280-24-006885,2023,2024-02-26,1.0.3,0.3.0,304,1096,-0.5657142857142857,1185,0.016403427416564,494,0.006838222062263811,159,0.0022009662103237774,977,0.013524176021926607,661,0.009149928710842874,0.004208136653700807,0.015171440040973962,-0.010963303387273155,0.019379576694674768,4224,72241,success
S2023-366,0001393311,PSA,Public Storage,0001393311-24-000043,2023,2024-02-20,1.0.3,0.3.0,233,582,-0.42822085889570555,592,0.017072326681278116,244,0.00703656707809436,57,0.0016437882108663053,259,0.007469142923059177,267,0.007699850040373745,0.006719344791786827,0.016783942784634905,-0.01006459799284808,0.02350328757642173,1895,34676,success
S2023-367,0000822416,PHM,PulteGroup,0000822416-24-000010,2023,2024-02-05,1.0.3,0.3.0,175,695,-0.5977011494252874,512,0.016029554491092952,245,0.007670392285776901,47,0.0014714630099245485,401,0.012554397169781786,280,0.008766162612316459,0.005478851632697786,0.021758867912714065,-0.01628001628001628,0.02723771954541185,1945,31941,success
S2023-368,0001604778,QRVO,Qorvo,0001604778-23-000055,2023,2023-05-19,1.0.3,0.3.0,264,792,-0.5,745,0.018418710443037976,358,0.008850870253164557,87,0.0021509098101265825,298,0.00736748417721519,470,0.011619857594936708,0.006526898734177215,0.019580696202531646,-0.01305379746835443,0.02610759493670886,2490,40448,success
S2023-369,0000804328,QCOM,Qualcomm,0000804328-23-000055,2023,2023-11-01,1.0.3,0.3.0,400,1297,-0.5285798467884502,1048,0.02012675244862685,647,0.012425580948722873,66,0.0012675244862684848,564,0.01083157288265796,415,0.007970040330324562,0.007681966583445362,0.024908776646821586,-0.017226810063376223,0.03259074323026695,3572,52070,success
S2023-370,0001050915,PWR,Quanta Services,0001050915-24-000009,2023,2024-02-22,1.0.3,0.3.0,364,1828,-0.6678832116788321,1434,0.02072374125672004,706,0.010202901901844037,130,0.001878721313370715,1047,0.01513093242383953,706,0.010202901901844037,0.005260419677438002,0.026417712006474362,-0.021157292329036362,0.03167813168391236,5200,69196,success
S2023-371,0001022079,DGX,Quest Diagnostics,0001022079-24-000041,2023,2024-02-22,1.0.3,0.3.0,467,906,-0.3197378004369993,765,0.015804478968680275,299,0.006177175440046277,79,0.001632096520948682,442,0.009131476737459714,317,0.006549045533426989,0.00964796297826626,0.018717461366829186,-0.009069498388562929,0.028365424345095445,2760,48404,success
S2023-372,0000101829,RTX,RTX Corporation,0000101829-24-000008,2023,2024-02-05,1.0.3,0.3.0,383,1391,-0.5682074408117249,1204,0.018410067432223735,495,0.00756892307221823,105,0.0016055291365311395,1030,0.015749476291686416,578,0.008838055627761892,0.005856358659918347,0.02126943837061729,-0.01541307971069894,0.027125797030535637,4474,65399,success
S2023-373,0001037038,RL,Ralph Lauren Corporation,0001037038-23-000015,2023,2023-05-25,1.0.3,0.3.0,492,1351,-0.46608790016277807,1025,0.015291432322358313,412,0.006146409870060121,115,0.0017156241142158106,389,0.0058032850472169595,510,0.00760841998478316,0.0073398875147319895,0.020154853724396175,-0.012814966209664186,0.027494741239128165,3664,67031,success
S2023-374,0000720005,RJF,Raymond James Financial,0000720005-23-000079,2023,2023-11-21,1.0.3,0.3.0,279,1418,-0.671184443134944,1329,0.01720477435724827,557,0.007210729358154468,90,0.0011651088729513503,784,0.010149392848820651,677,0.008764207855422935,0.0036118375061491856,0.018356937576055717,-0.014745100069906533,0.021968775082204905,4385,77246,success
S2023-375,0000726728,O,Realty Income,0000726728-24-000047,2023,2024-02-21,1.0.3,0.3.0,227,720,-0.5205913410770855,846,0.01888772298006296,426,0.009510839231095533,91,0.002031658145609609,306,0.00683172958853341,371,0.00828291397825456,0.005067982407180014,0.01607465785537273,-0.011006675448192718,0.021142640262552744,2450,44791,success
S2023-376,0000910606,REG,Regency Centers,0000950170-24-016260,2023,2024-02-16,1.0.3,0.3.0,432,861,-0.33178654292343385,1186,0.015782819881562313,537,0.00714618404418125,180,0.0023953689533568433,382,0.005083505223235079,497,0.006613879832324174,0.005748885488056424,0.011457848160223568,-0.005708962672167144,0.01720673364827999,3368,75145,success
S2023-377,0000872589,REGN,Regeneron Pharmaceuticals,0001804220-24-000009,2023,2024-02-05,1.0.3,0.3.0,754,1733,-0.3936469642139123,1413,0.019633180491871613,825,0.011463109629012088,193,0.002681672919271919,1277,0.017743504237876892,688,0.009559538696679172,0.010476587467000139,0.024079477560094483,-0.013602890093094344,0.03455606502709462,5738,71970,success
S2023-378,0001281761,RF,Regions Financial Corporation,0001281761-24-000010,2023,2024-02-23,1.0.3,0.3.0,337,1877,-0.6955736224028907,1812,0.022456870910172518,725,0.008985227047392425,173,0.002144061074757089,890,0.01103014078921277,768,0.009518143961927425,0.004176581399960341,0.02326244299028356,-0.01908586159032322,0.027439024390243903,5620,80688,success
S2023-379,0001060391,RSG,Republic Services,0001060391-24-000142,2023,2024-02-29,1.0.3,0.3.0,398,1004,-0.4322396576319544,1098,0.01782178217821782,505,0.00819672131147541,162,0.002629443272196072,719,0.011670183411783802,617,0.010014608018178868,0.006459990261321214,0.016296055835091704,-0.009836065573770493,0.02275604609641292,3830,61610,success
S2023-380,0000943819,RMD,ResMed,0000943819-23-000011,2023,2023-08-11,1.0.3,0.3.0,309,1323,-0.6213235294117647,912,0.017450871586842963,559,0.010696312737988175,131,0.0025066493178469602,774,0.014810279175675935,511,0.009777845812364861,0.005912630833700082,0.025315244637492584,-0.019402613803792504,0.031227875471192667,3735,52261,success
S2023-381,0000315213,RHI,Robert Half,0000315213-24-000011,2023,2024-02-20,1.0.3,0.3.0,166,689,-0.6116959064327485,442,0.01654377362727851,199,0.007448441067485122,55,0.002058614365385335,479,0.017928659654901372,184,0.006887000786016394,0.006213272448253921,0.025788823595463563,-0.01957555114720964,0.03200209604371748,1862,26717,success
S2023-382,0001024478,ROK,Rockwell Automation,0001024478-23-000126,2023,2023-11-08,1.0.3,0.3.0,186,527,-0.4782608695652174,609,0.018059427080244352,188,0.0055749955518652515,51,0.0015123658146017436,318,0.009430045667516755,284,0.008421801791115593,0.005515687088547536,0.01562778008421802,-0.010112092995670481,0.021143467172765554,1808,33722,success
S2023-383,0000084839,ROL,"Rollins, Inc.",0000084839-24-000025,2023,2024-02-15,1.0.3,0.3.0,275,662,-0.41302027748132336,575,0.016817782977478796,241,0.007048844691430242,97,0.0028370868675051185,460,0.013454226381983035,244,0.00713658964609535,0.00804328751096812,0.019362386662766892,-0.011319099151798772,0.02740567417373501,2153,34190,success
S2023-384,0000882835,ROP,Roper Technologies,0000882835-24-000008,2023,2024-02-22,1.0.3,0.3.0,157,590,-0.5796519410977242,507,0.017578531308508425,199,0.006899660217738021,48,0.0016642396505096733,273,0.009465363012273768,258,0.008945288121489495,0.005443450523542057,0.020456279037514735,-0.01501282851397268,0.02589972956105679,1710,28842,success
S2023-385,0000745732,ROST,Ross Stores,0000745732-23-000013,2023,2023-03-28,1.0.3,0.3.0,142,468,-0.5344262295081967,394,0.016984222777825676,218,0.009397361841538063,34,0.0014656435899646522,172,0.007414432278644711,154,0.006638503319251659,0.006121217346322959,0.02017415294421933,-0.01405293559789637,0.026295370290542287,1301,23198,success
S2023-386,0000884887,RCL,Royal Caribbean Group,0000884887-24-000075,2023,2024-02-21,1.0.3,0.3.0,333,910,-0.46419951729686243,981,0.017610943558810856,365,0.0065524917420652015,161,0.0028902771793767055,458,0.008222030733879076,490,0.008796495763320408,0.005978026712623869,0.0163363492747379,-0.010358322562114032,0.02231437598736177,3122,55704,success
S2023-387,0000064040,SPGI,S&P Global,0000064040-24-000071,2023,2024-02-09,1.0.3,0.3.0,423,1116,-0.4502923976608187,1007,0.016968859530870854,430,0.007245888379617147,90,0.0015165812887570774,753,0.012688730115934214,442,0.007448099218118091,0.007127932057158263,0.01880560798058776,-0.011677675923429496,0.025933540037746023,3616,59344,success
S2023-388,0001034054,SBAC,SBA Communications,0001034054-24-000002,2023,2024-02-28,1.0.3,0.3.0,212,667,-0.5176336746302617,830,0.01645878363639969,406,0.008050923079973824,193,0.003827162941958,393,0.0077931349025362395,478,0.009478672985781991,0.004203930278212933,0.013226516488528427,-0.009022586210315493,0.01743044676674136,2661,50429,success
S2023-389,0001108524,CRM,Salesforce,0001108524-23-000011,2023,2023-03-08,1.0.3,0.3.0,408,1189,-0.48904195366311837,1176,0.02315872390705002,636,0.01252461599054746,71,0.001398188263095707,650,0.012800315084679008,454,0.008940527766837337,0.008034659314690823,0.0234147302087436,-0.015380070894052777,0.03144938952343442,3713,50780,success
S2023-390,0000087347,SLB,Schlumberger,0000950170-24-006884,2023,2024-01-24,1.0.3,0.3.0,254,431,-0.2583941605839416,527,0.017160534028003906,182,0.00592640833604689,57,0.0018560729404102898,228,0.007424291761641159,203,0.006610224682513839,0.008270921523933572,0.014034516444154998,-0.005763594920221426,0.022305437968088572,1624,30710,success
S2023-391,0001137789,STX,Seagate Technology,0001137789-23-000049,2023,2023-08-04,1.0.3,0.3.0,262,1175,-0.6353514265831594,923,0.01987938832651303,490,0.010553521430109843,148,0.0031875942278699115,529,0.011393495584751239,435,0.009368942494077106,0.005642903295283222,0.025306913633426662,-0.019664010338143443,0.030949816928709885,3285,46430,success
S2023-392,0001032208,SRE,Sempra,0001032208-24-000007,2023,2024-02-27,1.0.3,0.3.0,355,1623,-0.641051567239636,1708,0.016820791601422087,766,0.00754375080016939,185,0.0018219241488659753,1470,0.014476910804502615,788,0.007760412050304803,0.003496124718094169,0.015983691316807987,-0.01248756659871382,0.019479816034902158,5841,101541,success
S2023-393,0001373715,NOW,ServiceNow,0001373715-24-000030,2023,2024-01-25,1.0.3,0.3.0,316,943,-0.4980142970611596,788,0.019553835082756398,430,0.01067023995632646,106,0.002630338221792104,475,0.011786892975011787,308,0.007642869550112906,0.007841385642323631,0.02340008436933919,-0.015558698727015558,0.03124147001166282,2801,40299,success
S2023-394,0000089800,SHW,Sherwin-Williams,0000089800-24-000033,2023,2024-02-20,1.0.3,0.3.0,198,1032,-0.6780487804878049,741,0.01658200371472688,295,0.0066014724640275696,66,0.0014769396021214224,621,0.013896658983597019,329,0.007362320137847696,0.004430818806364267,0.023093964687716784,-0.018663145881352518,0.02752478349408105,2716,44687,success
S2023-395,0001063761,SPG,Simon Property Group,0001558370-24-001532,2023,2024-02-22,1.0.3,0.3.0,326,741,-0.3889409559512652,831,0.014608677308206175,431,0.0075768230082272695,114,0.0020040784754939878,247,0.004342170030236974,424,0.007453765557977639,0.005730961254482807,0.013026510090710921,-0.0072955488362281135,0.01875747134519373,2576,56884,success
S2023-396,0000004127,SWKS,Skyworks Solutions,0000004127-23-000030,2023,2023-11-17,1.0.3,0.3.0,230,697,-0.5037756202804746,686,0.021117438817915963,385,0.011851623826381406,66,0.002031706941665384,344,0.010589502847468062,333,0.010250885023857164,0.007080190857318762,0.021456056641526857,-0.014375865784208096,0.028536247498845622,2226,32485,success
S2023-397,0000091440,SNA,Snap-on,0000091440-24-000005,2023,2024-02-16,1.0.3,0.3.0,290,753,-0.4439117929050815,738,0.01631443982668671,255,0.005637103192147847,58,0.0012821646476257847,363,0.00802458219117517,284,0.006278185515960739,0.006410823238128924,0.016646034132107173,-0.010235210893978247,0.023056857370236095,2361,45236,success
S2023-398,0000092122,SO,Southern Company,0000092122-24-000009,2023,2024-02-15,1.0.3,0.3.0,349,1439,-0.6096196868008948,1408,0.011192368839427662,538,0.004276629570747217,246,0.001955484896661367,1680,0.013354531001589825,849,0.0067488076311605725,0.0027742448330683625,0.01143879173290938,-0.008664546899841018,0.014213036565977742,5684,125800,success
S2023-399,0000092380,LUV,Southwest Airlines,0000092380-24-000027,2023,2024-02-06,1.0.3,0.3.0,499,1466,-0.4921119592875318,1135,0.016113232726188618,483,0.006856996834140178,179,0.0025412058660685133,865,0.012280128905861809,606,0.00860318857451128,0.007084143727196582,0.020812334076292963,-0.013728190349096382,0.027896477803489545,4454,70439,success
S2023-400,0000093556,SWK,Stanley Black & Decker,0000093556-24-000032,2023,2024-02-27,1.0.3,0.3.0,402,1176,-0.49049429657794674,942,0.017018047802287137,345,0.0062327245135765,115,0.002077574837858833,631,0.011399562805990643,402,0.007262478998428269,0.007262478998428269,0.02124546095062598,-0.013982981952197713,0.02850793994905425,3460,55353,success
S2023-401,0000829224,SBUX,Starbucks,0000829224-23-000058,2023,2023-11-17,1.0.3,0.3.0,289,804,-0.47118023787740165,769,0.019306570259345734,333,0.008360322361979363,71,0.0017825311942959,335,0.008410534508297558,336,0.008435640581456655,0.007255655142979087,0.02018528281991414,-0.01292962767693505,0.027440937962893226,2411,39831,success
S2023-402,0000093751,STT,State Street Corporation,0000093751-24-000498,2023,2024-02-15,1.0.3,0.3.0,515,2113,-0.6080669710806698,2689,0.025515965270199743,857,0.008132087109171134,177,0.0016795559140295108,1197,0.011358352706741947,954,0.009052521706125161,0.004886843478673435,0.02005029178725625,-0.015163448308582815,0.024937135265929687,7362,105385,success
S2023-403,0001022671,STLD,Steel Dynamics,0001558370-24-002152,2023,2024-02-29,1.0.3,0.3.0,260,618,-0.40774487471526194,632,0.015660232425601505,246,0.006095596798572738,78,0.0019327502044255024,326,0.008077904700547613,374,0.009267289441732537,0.006442500681418341,0.015313328542755904,-0.008870827861337562,0.021755829224174246,2152,40357,success
S2023-404,0001757898,STE,Steris,0001757898-23-000005,2023,2023-05-26,1.0.3,0.3.0,236,1079,-0.6410646387832699,903,0.018112889637742206,393,0.007883018413768202,110,0.002206442813014001,622,0.012476431179042805,451,0.009046415533357404,0.004733822762466402,0.02164319813856461,-0.016909375376098205,0.02637702090103101,3196,49854,success
S2023-405,0000310764,SYK,Stryker Corporation,0000310764-24-000024,2023,2024-02-14,1.0.3,0.3.0,202,626,-0.5120772946859904,576,0.020320327383052283,261,0.009207648345445565,65,0.0022930924998236083,373,0.013158823114372399,252,0.008890143230085374,0.007126225922528752,0.022084244690608903,-0.014958018768080152,0.029210470613137657,1929,28346,success
S2023-406,0001601712,SYF,Synchrony Financial,0001601712-24-000047,2023,2024-02-08,1.0.3,0.3.0,346,1508,-0.6267529665587918,1421,0.020052777895375584,622,0.008777500246955392,202,0.0028505708197507865,800,0.011289389385151631,681,0.009610092714110325,0.004882660909078081,0.021280498991010824,-0.016397838081932743,0.026163159900088905,4749,70863,success
S2023-407,0000883241,SNPS,Synopsys,0000883241-23-000019,2023,2023-12-12,1.0.3,0.3.0,304,883,-0.4877843302443134,834,0.018946364070060655,385,0.00874622322179059,74,0.0016810922556168928,495,0.011245144142302188,379,0.00860991844430814,0.006906108725777505,0.020059519752834005,-0.013153411027056498,0.02696562847861151,2821,44019,success
S2023-408,0000096021,SYY,Sysco,0000096021-23-000117,2023,2023-08-25,1.0.3,0.3.0,253,789,-0.5143953934740882,753,0.017103918228279388,335,0.00760931289040318,103,0.002339579784213515,459,0.010425894378194208,380,0.008631459398069278,0.005746734809767178,0.017921635434412265,-0.012174900624645088,0.023668370244179445,2637,44025,success
S2023-409,0001283699,TMUS,T-Mobile US,0001283699-24-000008,2023,2024-02-02,1.0.3,0.3.0,238,1099,-0.643979057591623,850,0.014986952535439736,360,0.006347415191480358,153,0.0026976514563791525,746,0.01315325481345652,499,0.008798222723746385,0.004196346709923126,0.019377248042880317,-0.01518090133295719,0.02357359475280344,3367,56716,success
S2023-410,0001113169,TROW,T. Rowe Price,0001113169-24-000007,2023,2024-02-16,1.0.3,0.3.0,217,691,-0.5220264317180616,679,0.018126484956886197,291,0.007768493552951227,81,0.002162364184842094,300,0.008008756240155904,336,0.008969806988974613,0.005793000347046104,0.018446835206492432,-0.012653834859446328,0.024239835553538536,2167,37459,success
S2023-411,0001385157,TEL,TE Connectivity,0001558370-23-018833,2023,2023-11-13,1.0.3,0.3.0,218,887,-0.6054298642533936,814,0.01869459372559827,333,0.007647788342290202,143,0.0032841853842267236,512,0.011758761655413164,399,0.009163566211933306,0.005006660236093886,0.020371135914748977,-0.015364475678655091,0.025377796150842864,2808,43542,success
S2023-412,0000109198,TJX,TJX Companies,0000109198-23-000004,2023,2023-03-29,1.0.3,0.3.0,162,622,-0.5867346938775511,623,0.019581958195819583,299,0.009398082665409398,43,0.0013515637278013516,260,0.008172245796008172,204,0.006412069778406412,0.005091937765205092,0.01955052648121955,-0.01445858871601446,0.024642464246424644,1832,31815,success
S2023-413,0000946581,TTWO,Take-Two Interactive,0001628280-23-019851,2023,2023-05-26,1.0.3,0.3.0,397,1192,-0.500314663310258,1203,0.021242032030794767,687,0.012130736496389032,145,0.002560344675365953,482,0.008510938851906133,470,0.008299048258082743,0.007010047145657125,0.02104779898645666,-0.014037751840799534,0.028057846132113786,3697,56633,success
S2023-414,0001116132,TPR,"Tapestry, Inc.",0001116132-23-000020,2023,2023-08-17,1.0.3,0.3.0,332,759,-0.3913840513290559,857,0.018818620992534035,373,0.008190601668862539,101,0.002217830478700044,362,0.007949055775142731,347,0.007619675010979359,0.007290294246815986,0.016666666666666666,-0.009376372419850681,0.023956960913482653,2580,45540,success
S2023-415,0001389170,TRGP,Targa Resources,0000950170-24-015841,2023,2024-02-15,1.0.3,0.3.0,391,1605,-0.6082164328657315,1764,0.017976886859751746,836,0.00851965839838575,198,0.002017813831196625,1182,0.012045737113507123,915,0.009324745735075312,0.003984672767666062,0.016356521207427185,-0.012371848439761123,0.020341193975093246,5724,98126,success
S2023-416,0000027419,TGT,Target Corporation,0000027419-23-000015,2023,2023-03-08,1.0.3,0.3.0,111,402,-0.5672514619883041,369,0.01851573084449797,175,0.008781173164734809,36,0.0018064127653168748,131,0.006573335340458628,181,0.009082241958954287,0.005569772693060364,0.020171609212705104,-0.014601836519644739,0.025741381905765467,1151,19929,success
S2023-417,0000096943,TFX,Teleflex,0000096943-24-000036,2023,2024-02-23,1.0.3,0.3.0,267,989,-0.5748407643312102,805,0.018224627017726563,384,0.008693486676778881,121,0.002739353874714179,493,0.01116116909284372,471,0.010663104751986598,0.006044689954947817,0.022390256050349777,-0.01634556609540196,0.028434946005297595,2970,44171,success
S2023-418,0000097210,TER,Teradyne,0000950170-24-018701,2023,2024-02-22,1.0.3,0.3.0,338,919,-0.462211614956245,903,0.015383829091280794,364,0.006201233432144196,156,0.002657671470918941,534,0.00909741388122253,572,0.00974479539336945,0.005758288186991039,0.01565641078060581,-0.009898122593614774,0.021414698967596853,3236,58698,success
S2023-419,0001318605,TSLA,"Tesla, Inc.",0001628280-24-002390,2023,2024-01-29,1.0.3,0.3.0,304,1023,-0.5418236623963828,762,0.01574217539510381,426,0.008800743724821815,137,0.002830286127466171,638,0.013180456564404504,387,0.007995041834521228,0.006280342939778949,0.02113418035326929,-0.014853837413490343,0.027414523293048238,3012,48405,success
S2023-420,0000097476,TXN,Texas Instruments,0000097476-24-000007,2023,2024-02-02,1.0.3,0.3.0,156,323,-0.348643006263048,324,0.015532863512153028,153,0.007334963325183374,53,0.0025408696485929336,169,0.008102018313437844,129,0.0061843808428016685,0.007478786135481088,0.015484922575387123,-0.008006136439906036,0.02296370871086821,1080,20859,success
S2023-421,0000217346,TXT,Textron,0000217346-24-000017,2023,2024-02-12,1.0.3,0.3.0,186,627,-0.5424354243542435,553,0.017266142125640066,214,0.006681653553141002,68,0.0021231422505307855,509,0.015892344198826028,265,0.008274010241039092,0.005807418508804796,0.019576620457100038,-0.013769201948295241,0.025384038965904833,2100,32028,success
S2023-422,0000097745,TMO,Thermo Fisher Scientific,0000097745-24-000007,2023,2024-02-22,1.0.3,0.3.0,251,727,-0.4867075664621677,613,0.01797970317357893,269,0.007889951311081129,80,0.002346453921511116,442,0.012964157916348917,315,0.00923916231595002,0.007361999178741127,0.02132340001173227,-0.013961400832991142,0.028685399190473398,2274,34094,success
S2023-423,0000916365,TSCO,Tractor Supply,0000916365-24-000046,2023,2024-02-23,1.0.3,0.3.0,313,704,-0.38446411012782694,695,0.017946135770909186,322,0.008314612544219795,108,0.0027887520334650244,255,0.006584553412347974,365,0.009424949001988278,0.008082216541431044,0.018178531773697937,-0.010096315232266895,0.02626074831512898,2259,38727,success
S2023-424,0001466258,TT,Trane Technologies,0001466258-24-000047,2023,2024-02-08,1.0.3,0.3.0,281,916,-0.5304928989139516,849,0.01903971653472674,299,0.006705388979838981,110,0.0024668655109775514,707,0.015855217420555717,351,0.00787154358502837,0.006301720078042654,0.020542261891413064,-0.014240541813370412,0.02684398196945572,2992,44591,success
S2023-425,0001260221,TDG,TransDigm Group,0001260221-23-000081,2023,2023-11-09,1.0.3,0.3.0,292,724,-0.4251968503937008,814,0.017369409354728575,280,0.0059747354045749405,120,0.0025606008876749744,512,0.010925230454079891,379,0.008087231136906793,0.006230795493342438,0.015448958688972345,-0.009218163195629908,0.021679754182314784,2720,46864,success
S2023-426,0000086312,TRV,Travelers Companies (The),0000086312-24-000012,2023,2024-02-15,1.0.3,0.3.0,474,2964,-0.7242582897033158,1863,0.019861618993805903,679,0.007238883143743537,126,0.001343297902962718,2063,0.02199383788739752,666,0.007100288915660081,0.00505335877781213,0.03159948400302775,-0.02654612522521562,0.036652842780839884,7333,93799,success
S2023-427,0000864749,TRMB,Trimble Inc.,0000864749-24-000047,2023,2024-02-26,1.0.3,0.3.0,348,756,-0.3695652173913043,718,0.018774677718798212,364,0.009518081740449233,97,0.0025364118923724603,276,0.007217007033967,293,0.007661532829537431,0.009099704521088827,0.019768323614779176,-0.010668619093690348,0.028868028135868,2386,38243,success
S2023-428,0000092230,TFC,Truist Financial,0000092230-24-000010,2023,2024-02-27,1.0.3,0.3.0,401,1870,-0.6468516072214884,1651,0.02253832607538258,606,0.008272698729062292,152,0.0020750003412829507,884,0.01206776514272453,741,0.010115626663754386,0.005474178531937259,0.025527964724994197,-0.02005378619305694,0.031002143256931458,5437,73253,success
S2023-429,0000860731,TYL,Tyler Technologies,0000860731-24-000006,2023,2024-02-21,1.0.3,0.3.0,263,644,-0.42006615214994486,727,0.01843820538182556,318,0.008065129726850796,88,0.0022318597986253773,388,0.009840472748484617,313,0.007938319511019807,0.006670217352709934,0.01633315579903117,-0.009662938446321236,0.023003373151741103,2299,39429,success
S2023-430,0000100493,TSN,Tyson Foods,0000100493-23-000105,2023,2023-11-13,1.0.3,0.3.0,304,1327,-0.6272225628448804,1129,0.021617999042604117,384,0.007352800382958353,97,0.0018573480134035424,719,0.013767352800382958,445,0.00852082336045955,0.00582096696984203,0.025409286740067018,-0.019588319770224988,0.031230253709909048,3575,52225,success
S2023-431,0000036104,USB,U.S. Bancorp,0000036104-24-000018,2023,2024-02-20,1.0.3,0.3.0,98,253,-0.4415954415954416,297,0.016457940817909786,90,0.0049872547933059955,43,0.002382799512357309,223,0.0123573090989693,248,0.013742657652665411,0.005430566330488751,0.014019727363404632,-0.008589161032915881,0.019450293693893384,1133,18046,success
S2023-432,0000074208,UDR,"UDR, Inc.",0000074208-24-000011,2023,2024-02-20,1.0.3,0.3.0,358,1068,-0.49789621318373073,1210,0.018122182449939343,546,0.008177447617906513,161,0.002411298656562177,418,0.006260390300888137,461,0.006904401743323998,0.005361769683535773,0.01599544698887208,-0.01063367730533631,0.021357216672407853,3503,66769,success
S2023-433,0001543151,UBER,Uber,0001543151-24-000012,2023,2024-02-15,1.0.3,0.3.0,564,2387,-0.6177566926465605,1790,0.02102049204391991,1070,0.012565322059773355,199,0.002336915037284951,1357,0.01593564676178733,735,0.008631319358816275,0.0066232164875814695,0.028031237155774765,-0.021408020668193296,0.03465445364335623,6604,85155,success
S2023-434,0001403568,ULTA,Ulta Beauty,0001558370-23-004581,2023,2023-03-24,1.0.3,0.3.0,286,593,-0.3492605233219568,524,0.014993704933043379,281,0.008040517340048072,59,0.001688222502002976,255,0.007296554881538285,275,0.007868833695776583,0.008183587043607646,0.016968066842165504,-0.008784479798557857,0.02515165388577315,1874,34948,success
S2023-435,0000100885,UNP,Union Pacific Corporation,0001437749-24-003599,2023,2024-02-09,1.0.3,0.3.0,189,550,-0.4884979702300406,463,0.015660938979840347,189,0.006392910296306319,58,0.001961845487755378,327,0.011060749560276011,161,0.005445812474631309,0.006392910296306319,0.018603707211473412,-0.012210796915167094,0.024996617507779734,1638,29564,success
S2023-436,0000100517,UAL,United Airlines Holdings,0000100517-24-000027,2023,2024-02-29,1.0.3,0.3.0,336,942,-0.47417840375586856,934,0.018487361691177925,453,0.008966568357712635,121,0.0023950436452168404,490,0.009698937075671503,530,0.010490687041032442,0.006650699709031887,0.018645711684250114,-0.011995011975218225,0.025296411393282002,3197,50521,success
S2023-437,0001090727,UPS,United Parcel Service,0001090727-24-000008,2023,2024-02-20,1.0.3,0.3.0,277,788,-0.47981220657276996,893,0.017743954537325888,350,0.006954517455838814,110,0.00218570548612077,462,0.009179963041707234,425,0.008444771196375702,0.005504003815049576,0.015657599300574244,-0.010153595485524669,0.02116160311562382,2776,50327,success
S2023-438,0001067701,URI,United Rentals,0001067701-24-000007,2023,2024-01-24,1.0.3,0.3.0,269,808,-0.500464252553389,779,0.01640379877445303,365,0.007685990439891343,107,0.002253153361831161,357,0.007517530375455369,495,0.010423466486975931,0.005664469666659648,0.01701446650803344,-0.011349996841373791,0.022678936174693087,2673,47489,success
S2023-439,0000731766,UNH,UnitedHealth Group,0000731766-24-000081,2023,2024-02-28,1.0.3,0.3.0,246,688,-0.4732334047109208,630,0.01846911553457829,324,0.009498402274925977,60,0.0017589633842455513,608,0.017824162293688252,317,0.009293189880097329,0.00721174987540676,0.020169446806015654,-0.012957696930608895,0.027381196681422415,2387,34111,success
S2023-440,0000352915,UHS,Universal Health Services,0000950170-24-021175,2023,2024-02-27,1.0.3,0.3.0,439,1851,-0.616593886462882,1269,0.013690501877184654,506,0.005458939282786001,297,0.0032041600138091745,1416,0.015276399257756873,848,0.009148578086566262,0.004736115306606827,0.019969360894144045,-0.01523324558753722,0.024705476200750875,5698,92692,success
S2023-441,0000103379,VFC,VF Corporation,0000103379-23-000006,2023,2023-05-25,1.0.3,0.3.0,368,1221,-0.5368156073001888,1255,0.018573331360071037,437,0.006467367174781708,113,0.0016723397957673523,522,0.007725321888412017,588,0.008702086724877904,0.005446203936658281,0.018070149474618914,-0.012623945537960634,0.023516353411277193,3757,67570,success
S2023-442,0001035002,VLO,Valero Energy,0001035002-24-000007,2023,2024-02-22,1.0.3,0.3.0,225,674,-0.4994438264738598,689,0.014556440538313651,255,0.005387361882830161,71,0.0015000105634546722,496,0.010478947034838273,394,0.00832400228170621,0.004753554602497201,0.01423953689814717,-0.00948598229564997,0.01899309150064437,2434,47333,success
S2023-443,0000740260,VTR,Ventas,0000740260-24-000067,2023,2024-02-15,1.0.3,0.3.0,450,1449,-0.5260663507109005,1432,0.019992181828335287,802,0.011196738705534148,151,0.0021081141453063047,664,0.009270117831015804,687,0.009591221310102194,0.006282459373429385,0.02022951918244262,-0.013947059809013234,0.026511978555872007,4602,71628,success
S2023-444,0001967680,VLTO,Veralto,0001967680-24-000033,2023,2024-02-28,1.0.3,0.3.0,313,1099,-0.556657223796034,847,0.018035858779438696,326,0.006941782717942166,123,0.002619138878241983,651,0.013862271623866105,466,0.009922916400494017,0.0066649631617052086,0.023401899408032025,-0.016736936246326817,0.030066862569737233,3261,46962,success
S2023-445,0001014473,VRSN,Verisign,0001014473-24-000006,2023,2024-02-15,1.0.3,0.3.0,145,624,-0.6228868660598179,505,0.017434233238969827,302,0.010426016709245322,54,0.0018642546433749914,306,0.010564109645791618,210,0.007249879168680522,0.005005868949803218,0.02154249810122212,-0.016536629151418906,0.02654836705102534,1758,28966,success
S2023-446,0001442145,VRSK,Verisk Analytics,0001437749-24-004939,2023,2024-02-21,1.0.3,0.3.0,343,1001,-0.4895833333333333,745,0.015841626265203707,304,0.006464234073318024,69,0.0014672110232202093,595,0.01265203708429021,309,0.006570553712681807,0.0072935272603555324,0.021285191800629412,-0.013991664540273879,0.028578719060984945,2762,47028,success
S2023-447,0000732712,VZ,Verizon,0000732712-24-000010,2023,2024-02-09,1.0.3,0.3.0,238,731,-0.5087719298245614,701,0.013020543110813923,219,0.004067758832051711,75,0.0013930680931683941,472,0.00876704186633976,443,0.008228388870314648,0.004420669415654371,0.01357777034808128,-0.00915710093242691,0.017998439763735653,2484,53838,success
S2023-448,0000875320,VRTX,Vertex Pharmaceuticals,0000875320-24-000062,2023,2024-02-15,1.0.3,0.3.0,604,1296,-0.3642105263157895,1317,0.018384867732253788,731,0.010204508969079361,200,0.002791931318489565,908,0.012675368185942625,560,0.007817407691770783,0.008431632581838487,0.01809171494381238,-0.009660082361973896,0.02652334752565087,4643,71635,success
S2023-449,0001792044,VTRS,Viatris,0001792044-24-000008,2023,2024-02-28,1.0.3,0.3.0,490,2095,-0.620889748549323,1651,0.020824398980853157,758,0.009560808254080372,201,0.0025352539037864835,1189,0.014997098963194672,622,0.007845412577886532,0.006180469715698393,0.02642466133548599,-0.020244191619787594,0.03260513105118438,5773,79282,success
S2023-450,0001705696,VICI,Vici Properties,0001705696-24-000033,2023,2024-02-22,1.0.3,0.3.0,288,947,-0.5336032388663967,947,0.015541915578021401,523,0.008583338803912557,154,0.002527407601916891,466,0.007647869756449813,615,0.01009321866999278,0.004726580450338082,0.015541915578021401,-0.01081533512768332,0.020268496028359482,3313,60932,success
S2023-451,0001403161,V,Visa Inc.,0001403161-23-000099,2023,2023-11-15,1.0.3,0.3.0,264,1100,-0.6129032258064516,737,0.015806631493158325,378,0.008107064727834255,75,0.0016085445888560032,1026,0.022004889975550123,372,0.007978381160725776,0.005662076952773131,0.02359198730322138,-0.017929910350448247,0.02925406425599451,3201,46626,success
S2023-452,0001396009,VMC,Vulcan Materials Company,0001396009-24-000006,2023,2024-02-22,1.0.3,0.3.0,304,714,-0.4027504911591356,661,0.013808519083331592,177,0.003697591343040381,96,0.0020054732708015624,525,0.010967431949696045,393,0.008209906202343896,0.006350665357538281,0.014915707451586623,-0.00856504209404834,0.021266372809124905,2453,47869,success
S2023-453,0000011544,WRB,W. R. Berkley Corporation,0000011544-24-000005,2023,2024-02-23,1.0.3,0.3.0,291,1526,-0.6796917996697853,960,0.019528468845989543,320,0.006509489615329848,121,0.0024614007607965988,798,0.01623303972822881,299,0.006082304359323827,0.00591956711894058,0.031042128603104215,-0.02512256148416363,0.036961695722044795,3718,49159,success
S2023-454,0000277135,GWW,W. W. Grainger,0000277135-24-000011,2023,2024-02-22,1.0.3,0.3.0,114,543,-0.6529680365296804,501,0.021640533886225218,227,0.009805192000345558,36,0.0015550084229622911,218,0.009416439894604984,186,0.00803421018530517,0.004924193339380588,0.023454710379681224,-0.018530517040300634,0.02837890371906181,1506,23151,success
S2023-455,0000783325,WEC,WEC Energy Group,0000107815-24-000095,2023,2024-02-22,1.0.3,0.3.0,335,1010,-0.5018587360594795,1178,0.014925373134328358,515,0.006525099460253909,166,0.0021032359425284444,1055,0.013366951321491016,715,0.009059118668119504,0.004244482173174873,0.012796796999721258,-0.008552314826546385,0.01704127917289613,4296,78926,success
S2023-456,0000943452,WAB,Wabtec,0001628280-24-004774,2023,2024-02-14,1.0.3,0.3.0,331,741,-0.3824626865671642,685,0.01909194793611862,255,0.007107221494467516,95,0.0026477883998996627,365,0.010173081746982915,291,0.008110593940745283,0.009225452214387246,0.02065274951921737,-0.011427297304830124,0.029878201733604615,2371,35879,success
S2023-457,0000104169,WMT,Walmart,0000104169-23-000020,2023,2023-03-17,1.0.3,0.3.0,306,956,-0.5150554675118859,680,0.015708015708015707,326,0.007530607530607531,97,0.0022407022407022405,681,0.01573111573111573,257,0.005936705936705936,0.007068607068607069,0.022083622083622082,-0.015015015015015015,0.02915222915222915,2747,43290,success
S2023-458,0001744489,DIS,Walt Disney Company (The),0001744489-23-000216,2023,2023-11-21,1.0.3,0.3.0,272,748,-0.4666666666666667,700,0.013421531972006519,273,0.005234397469082543,74,0.0014188476656121177,403,0.007726967692455181,389,0.007458537053015051,0.005215223851979676,0.01434186559294411,-0.009126641740964433,0.019557089444923785,2361,52155,success
S2023-459,0001437107,WBD,Warner Bros. Discovery,0001437107-24-000017,2023,2024-02-23,1.0.3,0.3.0,293,916,-0.5153019023986766,898,0.016190098438683156,449,0.008095049219341578,102,0.0018389644106299354,530,0.009555403310135938,497,0.008960444236108606,0.005282515414848736,0.016514621569970793,-0.011232106155122056,0.02179713698481953,3035,55466,success
S2023-460,0000823768,WM,Waste Management,0001558370-24-001049,2023,2024-02-13,1.0.3,0.3.0,367,1420,-0.5892557358701734,1172,0.015439132668519713,469,0.00617828773168579,161,0.0021209047437130324,816,0.010749430253849904,821,0.010815296860797513,0.004834608949954552,0.018706116373121154,-0.013871507423166602,0.023540725323075707,4419,75911,success
S2023-461,0001000697,WAT,Waters Corporation,0001193125-24-047491,2023,2024-02-27,1.0.3,0.3.0,266,774,-0.48846153846153845,836,0.016698959311267803,318,0.006351996484429618,104,0.002077382498052454,443,0.008848850448434972,383,0.0076503605457124025,0.005313305235403392,0.015460519745121148,-0.010147214509717756,0.02077382498052454,2671,50063,success
S2023-462,0000072971,WFC,Wells Fargo,0000072971-24-000064,2023,2024-02-20,1.0.3,0.3.0,44,85,-0.3178294573643411,94,0.010992866331423226,57,0.0066658870307566365,19,0.0022219623435855455,123,0.014384282540053795,114,0.013331774061513273,0.005145597006198105,0.009940357852882704,-0.004794760846684599,0.015085954859080809,466,8551,success
S2023-463,0000766704,WELL,Welltower,0000766704-24-000008,2023,2024-02-15,1.0.3,0.3.0,495,1248,-0.43201376936316693,1178,0.016048171761756852,688,0.009372786224183968,291,0.003964361615170836,823,0.011211923055964253,629,0.008569015312517029,0.006743501716527709,0.017001798267124408,-0.010258296550596699,0.023745299983652116,4472,73404,success
S2023-464,0000105770,WST,West Pharmaceutical Services,0000105770-24-000015,2023,2024-02-20,1.0.3,0.3.0,187,599,-0.5241730279898219,545,0.016525166767738023,247,0.007489387507580352,64,0.0019405700424499697,328,0.009945421467556094,319,0.009672528805336568,0.005670103092783505,0.018162522741055186,-0.01249241964827168,0.02383262583383869,1919,32980,success
S2023-465,0001732845,WRK,WestRock,0000950170-23-064855,2023,2023-11-17,1.0.3,0.3.0,476,1716,-0.5656934306569343,1790,0.017257503157448204,649,0.00625705002747703,240,0.0023138551719483623,800,0.007712850573161208,956,0.009216856434927643,0.004589146091030919,0.01654406447943079,-0.011954918388399873,0.021133210570461712,5607,103723,success
S2023-466,0000106040,WDC,Western Digital,0000106040-23-000024,2023,2023-08-22,1.0.3,0.3.0,265,993,-0.5786963434022258,889,0.019416839576280442,457,0.00998143496778421,93,0.0020312329365512723,452,0.009872228895926613,445,0.00971934039532598,0.00578792180845255,0.021688325870918422,-0.015900404062465873,0.02747624767937097,2944,45785,success
S2023-467,0000106535,WY,Weyerhaeuser,0000950170-24-016434,2023,2024-02-16,1.0.3,0.3.0,278,672,-0.4147368421052632,868,0.015896271335433303,360,0.006592923595341001,134,0.00245403267159915,431,0.007893194637755476,440,0.008058017727639,0.005091202109735551,0.012306790711303202,-0.007215588601567651,0.017397992821038752,2719,54604,success
S2023-468,0000106640,WHR,Whirlpool Corporation,0000106640-24-000020,2023,2024-02-14,1.0.3,0.3.0,331,1061,-0.5244252873563219,1056,0.020954043971743788,393,0.007798237955393285,98,0.0019445987776807684,450,0.008929280101595365,422,0.00837368045082943,0.006567981585840146,0.02105325819509485,-0.014485276609254702,0.027621239780934996,3193,50396,success
S2023-469,0000107263,WMB,Williams Companies,0000107263-24-000019,2023,2024-02-21,1.0.3,0.3.0,296,1045,-0.5585384041759881,989,0.01735727197739518,392,0.006879727618947331,93,0.0016321802769441373,821,0.01440881728356061,432,0.007581740641288896,0.005194896365327576,0.01834009020867337,-0.013145193843345794,0.023534986574000948,3488,56979,success
S2023-470,0001140536,WTW,Willis Towers Watson,0000950170-24-018575,2023,2024-02-22,1.0.3,0.3.0,558,1774,-0.5214408233276158,1958,0.019533899996009418,800,0.007981164451893532,228,0.0022746318687896566,1132,0.011293347699429346,838,0.008360269763358474,0.005566862205195738,0.017698232172073905,-0.012131369966878167,0.023265094377269643,6134,100236,success
S2023-471,0001174922,WYNN,Wynn Resorts,0001174922-24-000046,2023,2024-02-23,1.0.3,0.3.0,221,1067,-0.656832298136646,831,0.015071822402785838,410,0.007436157864190366,148,0.0026842716192687173,660,0.011970400464306443,543,0.009848374927452119,0.004008270458502612,0.019352147417295414,-0.015343876958792803,0.023360417875798026,3276,55136,success
S2023-472,0000072903,XEL,Xcel Energy,0000072903-24-000034,2023,2024-02-21,1.0.3,0.3.0,170,707,-0.6123147092360319,906,0.019702076764162225,361,0.007850385995433293,84,0.0018266826138958357,743,0.016157442644340547,390,0.008481026421659236,0.0036968576709796672,0.015374578666956617,-0.01167772099597695,0.019071436337936284,2894,45985,success
S2023-473,0001524472,XYL,Xylem Inc.,0001524472-24-000006,2023,2024-02-28,1.0.3,0.3.0,404,1047,-0.44314266023432114,971,0.018281432390706783,354,0.006664909440072297,123,0.0023157736190081712,509,0.00958316074857853,486,0.009150129909251799,0.007606280829913018,0.019712316903264675,-0.012106036073351659,0.027318597733177692,3364,53114,success
S2023-474,0001041061,YUM,Yum! Brands,0001041061-24-000011,2023,2024-02-20,1.0.3,0.3.0,240,1013,-0.6169193934557063,885,0.018432507862453918,393,0.008185283152479537,88,0.0018328369399954179,442,0.009205840084976985,369,0.007685418532480786,0.004998646199987504,0.021098452502447254,-0.01609980630245975,0.02609709870243476,2858,48013,success
S2023-475,0000877212,ZBRA,Zebra Technologies,0000877212-24-000029,2023,2024-02-15,1.0.3,0.3.0,281,692,-0.4224049331963001,728,0.020503576860248972,363,0.010223624176195573,67,0.0018870050132371993,345,0.00971666760547513,288,0.008111305131527066,0.007914155354024672,0.01948966371880809,-0.011575508364783417,0.02740381907283276,2278,35506,success
S2023-476,0001136869,ZBH,Zimmer Biomet,0000950170-24-019353,2023,2024-02-23,1.0.3,0.3.0,370,1360,-0.5722543352601156,1132,0.017795944033956925,460,0.007231567363622072,148,0.0023266781952523186,821,0.012906775664203741,452,0.007105800974689515,0.005816695488130797,0.021380286118534823,-0.015563590630404025,0.02719698160666562,4020,63610,success
S2023-477,0000109380,ZION,Zions Bancorporation,0000109380-24-000061,2023,2024-02-23,1.0.3,0.3.0,235,1045,-0.6328125,982,0.01905722990937142,322,0.006248908381687982,68,0.0013196452483067787,438,0.008500067922917192,436,0.008461254827378757,0.004560538725766073,0.020279842418832114,-0.01571930369306604,0.024840381144598186,3068,51529,success
S2023-478,0001555280,ZTS,Zoetis,0001555280-24-000143,2023,2024-02-13,1.0.3,0.3.0,370,1224,-0.5357590966122961,1260,0.02178799930831748,571,0.009873767940515303,107,0.001850250734912675,636,0.010997752031817395,475,0.008213729897976828,0.006398063288950372,0.021165485042365553,-0.014767421753415182,0.027563548331315926,3804,57830,success
S2023-479,0001065088,EBAY,eBay Inc.,0001065088-24-000036,2023,2024-02-28,1.0.3,0.3.0,301,1319,-0.6283950617283951,1034,0.020238002035543726,543,0.010627886949033117,85,0.0016636655445079465,682,0.013348469427699053,411,0.008044312221091365,0.005891333281139904,0.02581617474359978,-0.019924841462459875,0.031707508024739685,3615,51092,success
